mmsi,ep,name,start,end,n,sog_med,sog_min,frac_slow,destination,lat_med,lon_med,duration_min
247100900,1,SEBASTIANO,2026-04-03 10:42:38,2026-04-03 17:11:57,385,0.0,0.0,0.8597402597402597,AUGUSTA,37.224567,15.216647,389.31666666666666
215402000,1,MED EMRE,2026-04-03 10:42:38,2026-04-03 12:39:13,116,0.0,0.0,1.0,ITAUG,37.220712,15.202307,116.58333333333333
247343900,1,CAPO BOEO,2026-04-03 10:42:38,2026-04-03 16:46:38,360,0.0,0.0,1.0,AUGUSTA,37.224567,15.216552,364.0
256338000,1,MINERVA OCEANIA,2026-04-03 10:42:38,2026-04-03 11:45:28,63,0.2,0.0,0.6349206349206349,GIBRALTAR FOR ORDERS,37.190933,15.21105,62.833333333333336
314652000,1,,2026-04-03 10:42:38,2026-04-03 11:16:05,29,0.0,0.0,1.0,,37.225653,15.203783,33.45
636021700,1,DELTA BLUE,2026-04-03 10:42:38,2026-04-03 17:34:14,399,0.0,0.0,1.0,AUGUSTA,37.203552,15.204408,411.6
247278300,1,CAPO PASSERO,2026-04-03 10:42:38,2026-04-03 13:36:01,172,0.0,0.0,1.0,IN PORT,37.225,15.216667,173.38333333333333
352001071,1,AYA,2026-04-03 10:42:38,2026-04-04 04:40:47,1029,0.1,0.0,0.9941690962099126,IT AUG,37.229095,15.212123,1078.15
249603000,1,ST.GEORGE,2026-04-03 10:42:38,2026-04-04 10:43:38,1420,0.0,0.0,1.0,AUGUSTA,37.243267,15.209917,1441.0
247045300,1,SIBLLA,2026-04-03 10:42:38,2026-04-06 17:54:36,4684,0.0,0.0,1.0,IT AUGUSTA,37.242583,15.214632,4751.966666666666
247426100,1,CITTA' DI SIRACUSA,2026-04-03 10:42:38,2026-04-03 16:48:39,362,0.0,0.0,1.0,AUGUSTA,37.22425,15.216575,366.01666666666665
247190400,1,DANTE A,2026-04-03 10:42:38,2026-04-03 12:52:24,118,0.1,0.0,1.0,ITAUG,37.2125,15.205667,129.76666666666668
247055200,1,F.LLI FAZIO,2026-04-03 10:42:38,2026-04-04 05:56:47,1137,0.0,0.0,1.0,AUGUSTA,37.172907,15.20123,1154.15
577339000,1,GENESIS CEMENT,2026-04-03 10:43:39,2026-04-03 14:40:55,235,0.0,0.0,1.0,ITAUG,37.233588,15.209395,237.26666666666668
247298300,1,KORAL,2026-04-03 10:47:42,2026-04-03 14:23:40,202,0.0,0.0,1.0,IT AUG,37.22046,15.19231,215.96666666666667
271051219,1,MED URLA,2026-04-03 10:55:48,2026-04-03 13:48:11,164,0.0,0.0,1.0,ITAUG,37.238529,15.201865,172.38333333333333
256004706,2,SELLA MARE,2026-04-03 11:33:19,2026-04-03 14:44:58,166,0.0,0.0,1.0,,37.231185,15.224192,191.65
352001748,2,SKY TIME,2026-04-03 11:35:20,2026-04-03 12:44:18,52,0.0,0.0,1.0,ITAUG,37.2373,15.2002325,68.96666666666667
215402000,2,MED EMRE,2026-04-03 12:53:25,2026-04-03 13:57:18,57,0.1,0.0,1.0,ITAUG,37.22091,15.202332,63.88333333333333
352001748,3,SKY TIME,2026-04-03 13:22:50,2026-04-03 14:14:32,42,0.0,0.0,1.0,ITAUG,37.23733,15.200247,51.7
247190400,3,DANTE A,2026-04-03 13:51:13,2026-04-03 16:34:28,147,0.1,0.0,1.0,ITAUG,37.212332,15.205667,163.25
247278300,2,CAPO PASSERO,2026-04-03 13:56:17,2026-04-03 15:29:36,93,0.0,0.0,0.8602150537634409,IN PORT,37.225,15.21665,93.31666666666666
215402000,3,MED EMRE,2026-04-03 14:29:45,2026-04-04 13:50:05,1364,0.1,0.0,1.0,ITAUG,37.220065,15.204583,1400.3333333333333
247298300,2,KORAL,2026-04-03 14:34:49,2026-04-03 15:14:24,38,0.0,0.0,1.0,IT AUG,37.22046,15.19231,39.583333333333336
577339000,2,GENESIS CEMENT,2026-04-03 14:52:05,2026-04-03 17:28:10,153,0.0,0.0,1.0,ITAUG,37.23291,15.209598,156.08333333333334
256004706,3,SELLA MARE,2026-04-03 15:06:17,2026-04-03 17:33:14,138,0.0,0.0,1.0,,37.231194,15.224192500000001,146.95
215826000,1,,2026-04-03 15:23:31,2026-04-03 15:57:59,28,0.5,0.0,0.7857142857142857,,37.20211,15.192552,34.46666666666667
247298300,3,KORAL,2026-04-03 15:26:34,2026-04-03 15:56:58,31,0.0,0.0,1.0,IT AUG,37.220453,15.192312,30.4
256210000,1,MARVEA,2026-04-03 15:39:44,2026-04-04 17:48:12,1532,0.0,0.0,0.97911227154047,ITAUG,37.1869,15.216925,1568.4666666666667
229456000,1,AMBER BEE,2026-04-03 15:49:52,2026-04-03 16:48:39,59,1.7,0.0,0.3559322033898305,ITAUG,37.204508,15.194885,58.78333333333333
247381300,1,MACISTONE,2026-04-03 15:59:00,2026-04-03 22:12:47,360,0.0,0.0,0.7444444444444445,OPLAUGUSTA,37.236438,15.194083,373.78333333333336
314652000,6,,2026-04-03 16:01:01,2026-04-03 16:40:33,36,0.0,0.0,1.0,,37.225537,15.203873,39.53333333333333
247190400,4,DANTE A,2026-04-03 16:48:39,2026-04-04 13:40:58,1219,0.1,0.0,1.0,ITAUG,37.211998,15.207667,1252.3166666666666
247278300,4,CAPO PASSERO,2026-04-03 17:06:53,2026-04-03 20:57:50,195,0.0,0.0,0.9384615384615385,IN PORT,37.225017,15.216667,230.95
577339000,3,GENESIS CEMENT,2026-04-03 17:46:24,2026-04-04 09:55:58,945,0.0,0.0,1.0,ITAUG,37.232923,15.211182,969.5666666666667
636021700,2,DELTA BLUE,2026-04-03 17:52:29,2026-04-04 15:01:03,1218,0.0,0.0,1.0,AUGUSTA,37.201338,15.208388,1268.5666666666666
256004706,4,,2026-04-03 17:57:33,2026-04-03 18:30:57,29,0.0,0.0,1.0,,37.231158,15.224178,33.4
247298300,5,KORAL,2026-04-03 18:05:39,2026-04-03 23:38:52,296,0.0,0.0,1.0,IT AUG,37.22046,15.192308,333.21666666666664
314652000,9,ANTARI,2026-04-03 18:06:39,2026-04-03 19:16:32,66,0.4,0.0,0.5909090909090909,IT AUG,37.235483,15.200222,69.88333333333334
256004706,5,SELLA MARE,2026-04-03 18:42:06,2026-04-03 22:09:45,190,0.0,0.0,1.0,,37.231185,15.224193,207.65
247187200,1,CAPO MOLINI,2026-04-03 18:43:06,2026-04-04 04:45:51,593,0.0,0.0,0.9983136593591906,AUGUSTA,37.224927,15.216555,602.75
247219700,1,RINELLA M,2026-04-03 20:01:06,2026-04-05 09:52:01,2230,0.0,0.0,0.9860986547085202,IT AUG,37.208898,15.2027175,2270.9166666666665
247278300,5,,2026-04-03 21:57:35,2026-04-03 22:42:10,38,0.0,0.0,1.0,,37.225017,15.216674999999999,44.583333333333336
256004706,6,SELLA MARE,2026-04-03 22:33:03,2026-04-04 04:02:17,311,0.0,0.0,1.0,,37.23118,15.22419,329.23333333333335
247298300,6,,2026-04-03 23:53:03,2026-04-04 00:59:55,64,0.0,0.0,1.0,,37.220457,15.192309000000002,66.86666666666666
247278300,8,CAPO PASSERO,2026-04-04 00:45:43,2026-04-04 04:18:30,166,0.0,0.0,1.0,IN PORT,37.224983,15.21665,212.78333333333333
247298300,7,KORAL,2026-04-04 01:14:06,2026-04-04 02:53:24,94,0.0,0.0,1.0,IT AUG,37.220463,15.192317,99.3
636021733,1,COROSSOL,2026-04-04 01:27:17,2026-04-04 13:41:59,717,0.1,0.0,0.9595536959553695,IT AUG,37.191945,15.206975,734.7
247298300,9,,2026-04-04 03:50:08,2026-04-04 04:42:49,50,0.0,0.0,1.0,,37.22046,15.192308,52.68333333333333
247351700,4,,2026-04-04 04:22:33,2026-04-04 04:59:02,37,0.0,0.0,1.0,,37.232135,15.217425,36.483333333333334
247343900,2,CAPO BOEO,2026-04-04 04:54:58,2026-04-04 17:30:59,743,0.0,0.0,0.8721399730820996,AUGUSTA,37.224555,15.21654,756.0166666666667
247425900,1,CITTA' DI AUGUSTA,2026-04-04 04:55:59,2026-04-04 16:46:24,702,0.0,0.0,0.9971509971509972,AUGUSTA,37.225265,15.216625,710.4166666666666
247268300,1,BRAVO,2026-04-04 04:57:00,2026-04-04 16:52:29,707,0.0,0.0,0.9377652050919377,AUGUSTA,37.225333,15.21655,715.4833333333333
352001071,2,AYA,2026-04-04 04:58:01,2026-04-04 07:41:09,155,0.1,0.0,1.0,IT AUG,37.228828,15.212252,163.13333333333333
247426100,2,CITTA' DI SIRACUSA,2026-04-04 05:03:05,2026-04-04 12:28:01,434,0.0,0.0,1.0,AUGUSTA,37.224242,15.216572,444.93333333333334
247100900,2,SEBASTIANO,2026-04-04 05:06:07,2026-04-04 15:16:15,596,0.0,0.0,0.8808724832214765,AUGUSTA,37.224557,15.21665,610.1333333333333
247355500,1,DOMENICO IEVOLI,2026-04-04 05:22:20,2026-04-06 17:09:00,3524,0.0,0.0,0.9917707150964813,ITAUG,37.225683,15.208883,3586.6666666666665
247055200,2,F.LLI FAZIO,2026-04-04 06:07:56,2026-04-04 16:09:56,595,0.0,0.0,1.0,AUGUSTA,37.1729,15.201225,602.0
210627000,1,MOLVIK,2026-04-04 07:02:39,2026-04-04 07:56:21,54,1.75,0.0,0.3888888888888889,ITAUG,37.194705,15.1950745,53.7
256004706,10,SELLA MARE,2026-04-04 07:54:19,2026-04-04 08:39:56,46,0.0,0.0,1.0,,37.231172,15.2242,45.61666666666667
247298300,12,,2026-04-04 07:59:23,2026-04-04 08:39:56,34,0.0,0.0,1.0,,37.220473,15.1923075,40.55
352001071,3,AYA,2026-04-04 08:04:27,2026-04-04 11:01:53,158,0.1,0.0,0.9620253164556962,IT AUG,37.2286,15.211178,177.43333333333334
563205300,1,MAC TOKYO,2026-04-04 08:34:52,2026-04-04 14:11:23,333,0.0,0.0,0.8498498498498499,AUGUSTA-ITALY,37.191872,15.220077,336.51666666666665
256004706,11,SELLA MARE,2026-04-04 08:57:10,2026-04-04 11:18:06,130,0.0,0.0,1.0,,37.231185,15.224187,140.93333333333334
247298300,13,KORAL,2026-04-04 09:05:17,2026-04-04 10:18:17,64,0.0,0.0,1.0,IT AUG,37.220457,15.192313,73.0
247362500,8,,2026-04-04 10:17:16,2026-04-04 10:51:44,34,6.6,0.0,0.4411764705882353,,37.225583,15.207477,34.46666666666667
577339000,4,GENESIS CEMENT,2026-04-04 10:28:25,2026-04-04 11:16:05,48,0.0,0.0,1.0,ITAUG,37.232553,15.210262,47.666666666666664
249603000,2,ST.GEORGE,2026-04-04 10:55:48,2026-04-06 17:53:35,3233,0.0,0.0,1.0,AUGUSTA,37.243267,15.2099,3297.7833333333333
215909000,1,SB AVANTEA,2026-04-04 10:58:50,2026-04-04 11:45:28,47,4.2,0.2,0.2765957446808511,IT AUG,37.218433,15.2076,46.63333333333333
352001071,4,AYA,2026-04-04 11:31:17,2026-04-04 12:22:57,48,0.1,0.0,1.0,IT AUG,37.228602,15.210928,51.666666666666664
636020363,1,AQUASMERALDA,2026-04-04 12:00:40,2026-04-04 13:01:27,61,2.1,0.0,0.3114754098360656,ESLPA>ITAUG,37.204435,15.199078,60.78333333333333
577339000,6,GENESIS CEMENT,2026-04-04 12:07:45,2026-04-04 17:46:11,304,0.0,0.0,1.0,ITAUG,37.23337,15.209598,338.43333333333334
352001071,5,AYA,2026-04-04 12:34:06,2026-04-04 14:53:57,137,0.1,0.0,1.0,IT AUG,37.229077,15.210343,139.85
247426100,3,CITTA' DI SIRACUSA,2026-04-04 12:38:09,2026-04-04 16:40:19,240,0.0,0.0,1.0,AUGUSTA,37.22425,15.216567,242.16666666666666
215909000,3,SB AVANTEA,2026-04-04 13:08:32,2026-04-04 14:06:19,56,0.2,0.1,1.0,IT AUG,37.2246,15.200433,57.78333333333333
247298300,16,,2026-04-04 14:05:18,2026-04-04 15:09:10,52,0.0,0.0,1.0,,37.220463,15.192317,63.86666666666667
538002883,1,TEQUILA,2026-04-04 14:07:20,2026-04-04 14:58:00,51,5.8,0.5,0.27450980392156865,MESINA PS,37.22037,15.208572,50.666666666666664
215909000,4,SB AVANTEA,2026-04-04 14:20:30,2026-04-04 15:21:19,60,0.0,0.0,1.0,IT AUG,37.225383,15.20025,60.81666666666667
247100900,3,SEBASTIANO,2026-04-04 15:27:23,2026-04-04 17:53:16,145,0.4,0.0,0.5517241379310345,AUGUSTA,37.222807,15.202005,145.88333333333333
247298300,17,KORAL,2026-04-04 15:29:25,2026-04-04 16:09:56,40,0.0,0.0,1.0,IT AUG,37.220457,15.192308,40.516666666666666
215402000,5,MED EMRE,2026-04-04 15:32:27,2026-04-04 17:01:36,89,0.1,0.0,0.6853932584269663,ITAUG,37.220552,15.202383,89.15
247187200,2,CAPO MOLINI,2026-04-04 15:51:42,2026-04-05 04:43:18,763,0.0,0.0,0.9960681520314548,AUGUSTA,37.224923,15.216548,771.6
215909000,5,SB AVANTEA,2026-04-04 16:02:50,2026-04-04 17:51:14,106,0.1,0.0,1.0,IT AUG,37.225783,15.200833,108.4
352001071,7,AYA,2026-04-04 16:12:58,2026-04-05 03:01:06,632,0.1,0.0,0.990506329113924,IT AUG,37.229713,15.212250999999998,648.1333333333333
247055200,3,F.LLI FAZIO,2026-04-04 16:20:04,2026-04-04 17:34:01,73,0.0,0.0,1.0,AUGUSTA,37.172905,15.201227,73.95
247190400,7,DANTE A,2026-04-04 16:22:05,2026-04-04 18:16:33,105,0.1,0.0,1.0,ITAUG,37.213333,15.207,114.46666666666667
247298300,18,KORAL,2026-04-04 16:23:06,2026-04-04 17:12:45,36,0.0,0.0,1.0,IT AUG,37.220453,15.1923,49.65
636021700,3,DELTA BLUE,2026-04-04 16:40:19,2026-04-04 17:10:43,27,0.0,0.0,1.0,AUGUSTA,37.204463,15.207537,30.4
247278300,9,CAPO PASSERO,2026-04-04 17:00:35,2026-04-04 18:13:31,67,0.0,0.0,1.0,IN PORT,37.22505,15.216667,72.93333333333334
636021733,6,COROSSOL,2026-04-04 17:44:09,2026-04-04 18:33:47,50,2.4,0.0,0.46,IT AUG,37.194775,15.206559,49.63333333333333
577339000,7,GENESIS CEMENT,2026-04-04 18:01:22,2026-04-04 18:49:59,47,0.0,0.0,1.0,ITAUG,37.234123,15.210152,48.61666666666667
215909000,6,SB AVANTEA,2026-04-04 18:02:23,2026-04-04 19:15:18,73,0.0,0.0,1.0,IT AUG,37.225733,15.2015,72.91666666666667
247055200,4,F.LLI FAZIO,2026-04-04 18:02:23,2026-04-04 21:26:57,197,0.0,0.0,1.0,AUGUSTA,37.172907,15.201225,204.56666666666666
538002883,6,TEQUILA,2026-04-04 18:08:27,2026-04-04 19:23:24,68,0.0,0.0,1.0,IT AUG,37.232254999999995,15.204724500000001,74.95
247408700,3,MERSEY SPIRIT,2026-04-04 18:08:27,2026-04-04 19:21:23,69,0.6,0.1,0.4927536231884058,AUGUSTA,37.237587,15.21094,72.93333333333334
256210000,2,MARVEA,2026-04-04 18:17:34,2026-04-04 19:36:34,78,0.0,0.0,1.0,ITAUG,37.188767,15.2158,79.0
636021700,5,DELTA BLUE,2026-04-04 18:19:36,2026-04-04 18:52:00,25,0.0,0.0,1.0,AUGUSTA,37.204033,15.208397,32.4
247278300,10,CAPO PASSERO,2026-04-04 18:27:42,2026-04-04 20:14:03,100,0.0,0.0,1.0,IN PORT,37.225,15.21665,106.35
247190400,8,DANTE A,2026-04-04 18:33:47,2026-04-05 05:07:36,625,0.1,0.0,1.0,ITAUG,37.211998,15.207833,633.8166666666667
247362500,14,,2026-04-04 18:55:03,2026-04-04 19:33:32,32,5.4,0.1,0.34375,,37.226373,15.205643,38.483333333333334
577339000,8,GENESIS CEMENT,2026-04-04 19:10:15,2026-04-05 00:52:31,327,0.0,0.0,1.0,ITAUG,37.233023,15.211113,342.26666666666665
215909000,7,SB AVANTEA,2026-04-04 19:29:29,2026-04-04 21:12:47,102,0.1,0.0,1.0,IT AUG,37.224433,15.20185,103.3
538002883,7,TEQUILA,2026-04-04 19:34:33,2026-04-05 06:08:18,602,0.0,0.0,1.0,IT AUG,37.230652,15.205465,633.75
247408700,4,MERSEY SPIRIT,2026-04-04 19:43:40,2026-04-06 11:29:15,2329,0.0,0.0,1.0,AUGUSTA,37.236727,15.211612,2385.5833333333335
247298300,23,,2026-04-04 20:20:07,2026-04-04 20:51:31,25,0.0,0.0,1.0,,37.220453,15.19229,31.4
256210000,4,MARVEA,2026-04-04 20:21:08,2026-04-06 10:52:44,2270,0.0,0.0,1.0,ITAUG,37.186683,15.216583,2311.6
247278300,11,CAPO PASSERO,2026-04-04 20:28:13,2026-04-04 21:25:56,56,0.0,0.0,1.0,IN PORT,37.225,15.216674999999999,57.71666666666667
636021700,8,DELTA BLUE,2026-04-04 20:37:20,2026-04-04 22:16:33,77,0.0,0.0,1.0,AUGUSTA,37.202535,15.20908,99.21666666666667
215909000,8,SB AVANTEA,2026-04-04 21:23:55,2026-04-05 03:09:12,336,0.1,0.0,1.0,IT AUG,37.2244,15.201933,345.28333333333336
247055200,5,F.LLI FAZIO,2026-04-04 21:39:06,2026-04-05 03:26:24,333,0.0,0.0,1.0,AUGUSTA,37.172905,15.201227,347.3
636021700,10,DELTA BLUE,2026-04-04 23:01:06,2026-04-04 23:31:29,29,0.0,0.0,1.0,AUGUSTA,37.20282,15.209078,30.383333333333333
247298300,25,,2026-04-04 23:23:23,2026-04-05 00:09:59,45,0.0,0.0,1.0,,37.220457,15.192313,46.6
636021700,13,DELTA BLUE,2026-04-05 00:40:22,2026-04-05 15:37:29,879,0.0,0.0,1.0,AUGUSTA,37.2008,15.205735,897.1166666666667
577339000,9,GENESIS CEMENT,2026-04-05 01:07:42,2026-04-05 01:58:20,51,0.0,0.0,1.0,ITAUG,37.23406,15.210638,50.63333333333333
247278300,15,,2026-04-05 02:10:29,2026-04-05 02:55:02,44,0.0,0.0,1.0,,37.22495,15.21665,44.55
352001071,8,AYA,2026-04-05 03:16:17,2026-04-05 07:49:30,251,0.1,0.0,1.0,IT AUG,37.229383,15.212475,273.21666666666664
215909000,9,SB AVANTEA,2026-04-05 03:21:20,2026-04-05 05:33:54,131,0.0,0.0,1.0,IT AUG,37.2244,15.201983,132.56666666666666
577339000,12,GENESIS CEMENT,2026-04-05 03:37:32,2026-04-05 04:40:16,61,0.0,0.0,1.0,ITAUG,37.23369,15.211353,62.733333333333334
247343900,3,CAPO BOEO,2026-04-05 03:48:40,2026-04-06 04:41:07,1474,0.0,0.0,0.9436906377204884,AUGUSTA,37.224555,15.216543,1492.45
247055200,6,F.LLI FAZIO,2026-04-05 03:52:42,2026-04-05 05:39:58,97,0.0,0.0,1.0,AUGUSTA,37.172903,15.201237,107.26666666666667
247268300,2,BRAVO,2026-04-05 04:23:04,2026-04-05 05:52:07,89,0.0,0.0,0.8539325842696629,AUGUSTA,37.225283,15.216683,89.05
247100900,4,SEBASTIANO,2026-04-05 04:46:20,2026-04-05 20:18:20,913,0.0,0.0,0.8587075575027382,AUGUSTA,37.224567,15.216645,932.0
247190400,9,DANTE A,2026-04-05 05:18:43,2026-04-05 06:28:32,61,0.0,0.0,1.0,ITAUG,37.2125,15.208167,69.81666666666666
577339000,13,GENESIS CEMENT,2026-04-05 05:19:44,2026-04-05 06:21:27,50,0.0,0.0,1.0,ITAUG,37.233523,15.211452,61.71666666666667
247425900,3,,2026-04-05 05:37:57,2026-04-05 06:27:31,47,2.4,0.0,0.48936170212765956,,37.225235,15.216513,49.56666666666667
247426100,5,,2026-04-05 05:48:04,2026-04-05 06:18:25,31,0.0,0.0,0.8709677419354839,,37.224452,15.216777,30.35
215937000,1,YM EARTH,2026-04-05 05:49:05,2026-04-05 06:52:49,64,3.7,0.0,0.328125,ESVLC>ITAUG,37.204097,15.195095,63.733333333333334
215909000,10,SB AVANTEA,2026-04-05 06:00:12,2026-04-05 08:57:19,152,0.05,0.0,1.0,IT AUG,37.224233,15.201717,177.11666666666667
247055200,8,F.LLI FAZIO,2026-04-05 06:30:33,2026-04-05 21:11:02,855,0.0,0.0,1.0,AUGUSTA,37.172908,15.201222,880.4833333333333
538002883,8,TEQUILA,2026-04-05 06:37:38,2026-04-05 07:41:25,62,0.0,0.0,1.0,IT AUG,37.230738,15.20566,63.78333333333333
577339000,14,GENESIS CEMENT,2026-04-05 06:40:40,2026-04-05 08:03:40,77,0.0,0.0,1.0,ITAUG,37.233097,15.211358,83.0
247190400,10,DANTE A,2026-04-05 06:42:42,2026-04-05 09:22:38,150,0.1,0.0,1.0,ITAUG,37.211833,15.207333,159.93333333333334
247425900,4,CITTA' DI AUGUSTA,2026-04-05 06:47:45,2026-04-05 09:08:28,140,0.0,0.0,0.8071428571428572,AUGUSTA,37.225238,15.216517,140.71666666666667
229456000,4,AMBER BEE,2026-04-05 06:48:46,2026-04-05 08:32:01,98,0.1,0.1,0.8673469387755102,ITAUG,37.197532,15.19905,103.25
247426100,6,CITTA' DI SIRACUSA,2026-04-05 06:50:48,2026-04-05 16:49:30,591,0.0,0.0,0.9966159052453468,AUGUSTA,37.224265,15.216582,598.7
247268300,5,BRAVO,2026-04-05 07:00:55,2026-04-05 09:05:26,124,0.0,0.0,0.8064516129032258,AUGUSTA,37.225283,15.216667,124.51666666666667
577339000,15,GENESIS CEMENT,2026-04-05 08:13:48,2026-04-05 11:34:18,190,0.0,0.0,1.0,ITAUG,37.232658,15.209865,200.5
352001071,9,AYA,2026-04-05 08:34:02,2026-04-05 09:47:57,66,0.1,0.0,1.0,IT AUG,37.228663,15.210898,73.91666666666667
229456000,5,AMBER BEE,2026-04-05 08:47:12,2026-04-05 09:38:51,52,1.4500000000000002,0.0,0.46153846153846156,ITAUG,37.196987,15.199006,51.65
215909000,11,SB AVANTEA,2026-04-05 09:08:28,2026-04-05 19:51:59,596,0.05,0.0,1.0,IT AUG,37.224683,15.200517,643.5166666666667
247425900,6,CITTA' DI AUGUSTA,2026-04-05 09:55:03,2026-04-05 16:47:29,408,0.0,0.0,0.9362745098039216,AUGUSTA,37.225258,15.216518,412.43333333333334
247219700,2,RINELLA M,2026-04-05 10:03:09,2026-04-06 17:53:35,1885,0.0,0.0,1.0,IT AUG,37.209393,15.200497,1910.4333333333334
247268300,7,BRAVO,2026-04-05 10:24:25,2026-04-05 16:46:28,378,0.0,0.0,0.9867724867724867,AUGUSTA,37.22535,15.216683,382.05
352001071,10,AYA,2026-04-05 10:40:37,2026-04-05 11:25:11,41,0.1,0.0,1.0,IT AUG,37.22896,15.210447,44.56666666666667
229370000,1,YM MIRANDA,2026-04-05 11:03:55,2026-04-06 17:49:32,1818,0.0,0.0,0.9834983498349835,IT AUG,37.216513,15.2102605,1845.6166666666666
247351700,15,,2026-04-05 11:14:03,2026-04-05 15:35:28,242,0.0,0.0,1.0,,37.232122,15.217409,261.4166666666667
577339000,16,GENESIS CEMENT,2026-04-05 11:49:30,2026-04-05 13:49:02,105,0.0,0.0,1.0,ITAUG,37.233127,15.209375,119.53333333333333
352001071,12,AYA,2026-04-05 12:10:46,2026-04-05 13:40:56,84,0.1,0.0,1.0,IT AUG,37.229393,15.210178,90.16666666666667
538002883,13,TEQUILA,2026-04-05 12:32:02,2026-04-05 13:47:00,58,0.0,0.0,1.0,IT AUG,37.230947,15.20323,74.96666666666667
247190400,14,DANTE A,2026-04-05 12:34:04,2026-04-05 15:04:02,133,0.0,0.0,1.0,ITAUG,37.2125,15.205667,149.96666666666667
256004706,24,,2026-04-05 12:51:17,2026-04-05 13:27:45,32,0.0,0.0,1.0,,37.231237,15.224166499999999,36.46666666666667
247298300,35,KORAL,2026-04-05 13:03:27,2026-04-05 14:36:40,83,0.0,0.0,1.0,IT AUG,37.220453,15.192313,93.21666666666667
352001071,13,AYA,2026-04-05 14:01:11,2026-04-05 15:43:34,92,0.1,0.0,1.0,IT AUG,37.229063,15.210273,102.38333333333334
577339000,17,GENESIS CEMENT,2026-04-05 14:07:16,2026-04-05 14:43:45,29,0.0,0.0,1.0,ITAUG,37.233135,15.209368,36.483333333333334
413527660,1,RONG HUA WAN,2026-04-05 14:35:39,2026-04-05 15:26:20,51,2.2,0.0,0.3137254901960784,AUGUSTA,37.211353,15.196405,50.68333333333333
577339000,18,GENESIS CEMENT,2026-04-05 14:57:57,2026-04-05 20:40:38,337,0.0,0.0,1.0,ITAUG,37.233147,15.211257,342.68333333333334
210627000,7,MOLVIK,2026-04-05 15:00:59,2026-04-05 16:38:21,93,0.0,0.0,0.7419354838709677,ITPMA,37.1947,15.192035,97.36666666666666
247298300,36,KORAL,2026-04-05 15:09:06,2026-04-05 16:18:04,67,0.0,0.0,1.0,IT AUG,37.220453,15.192317,68.96666666666667
256004706,26,SELLA MARE,2026-04-05 15:09:06,2026-04-05 17:54:24,154,0.0,0.0,1.0,,37.231195,15.224205,165.3
247190400,15,DANTE A,2026-04-05 15:22:17,2026-04-05 16:31:15,64,0.1,0.0,1.0,ITAUG,37.213167,15.206333,68.96666666666667
247351700,16,,2026-04-05 15:45:36,2026-04-05 16:59:39,66,0.0,0.0,1.0,,37.232132,15.217425,74.05
636021700,14,DELTA BLUE,2026-04-05 15:52:42,2026-04-05 17:02:41,68,0.0,0.0,1.0,AUGUSTA,37.204498,15.20737,69.98333333333333
215937000,2,YM EARTH,2026-04-05 15:56:45,2026-04-05 19:17:31,194,0.0,0.0,0.8144329896907216,ESVLC>ITAUG,37.202167,15.194167,200.76666666666668
538002883,18,TEQUILA,2026-04-05 16:29:13,2026-04-06 06:05:23,800,0.0,0.0,1.0,IT AUG,37.231088,15.205742,816.1666666666666
247298300,37,KORAL,2026-04-05 16:33:16,2026-04-05 17:23:59,51,0.0,0.0,1.0,IT AUG,37.22046,15.192298,50.71666666666667
352001071,15,AYA,2026-04-05 16:46:28,2026-04-06 04:50:16,711,0.1,0.0,0.9831223628691983,IT AUG,37.229308,15.212413,723.8
247190400,16,DANTE A,2026-04-05 16:48:29,2026-04-06 09:20:23,978,0.1,0.0,0.9775051124744376,ITAUG,37.212332,15.207833,991.9
636021700,15,DELTA BLUE,2026-04-05 17:28:02,2026-04-05 18:07:34,40,0.0,0.0,1.0,AUGUSTA,37.203953,15.208525,39.53333333333333
247298300,38,KORAL,2026-04-05 17:43:15,2026-04-05 20:56:51,170,0.0,0.0,1.0,IT AUG,37.220463,15.19231,193.6
256004706,27,SELLA MARE,2026-04-05 18:06:33,2026-04-05 20:56:51,169,0.0,0.0,1.0,,37.231177,15.224205,170.3
636021700,16,DELTA BLUE,2026-04-05 18:19:44,2026-04-05 18:53:11,34,0.0,0.0,1.0,AUGUSTA,37.2039775,15.208387,33.45
246651000,1,POLAR ROCK,2026-04-05 18:36:58,2026-04-05 20:57:51,133,0.0,0.0,0.706766917293233,AUGUSTO,37.21486,15.20373,140.88333333333333
636021700,17,DELTA BLUE,2026-04-05 19:13:28,2026-04-05 21:26:14,132,0.0,0.0,1.0,AUGUSTA,37.203167,15.208985,132.76666666666668
255801270,1,CORAL ESSBERGER,2026-04-05 19:22:35,2026-04-05 20:23:24,61,1.7,0.0,0.4098360655737705,ITAUG,37.228412,15.199178,60.81666666666667
215909000,12,SB AVANTEA,2026-04-05 20:03:08,2026-04-06 08:28:37,724,0.1,0.0,1.0,IT AUG,37.2243,15.201767,745.4833333333333
247100900,5,SEBASTIANO,2026-04-05 20:29:29,2026-04-05 23:30:50,180,0.0,0.0,0.8277777777777777,AUGUSTA,37.22457,15.216653,181.35
256004706,28,SELLA MARE,2026-04-05 21:15:05,2026-04-06 00:08:20,166,0.0,0.0,1.0,,37.231187,15.224187,173.25
577339000,19,GENESIS CEMENT,2026-04-05 21:16:06,2026-04-05 23:25:46,112,0.0,0.0,1.0,ITAUG,37.233857,15.211163,129.66666666666666
247298300,39,KORAL,2026-04-05 21:17:06,2026-04-05 22:50:19,85,0.0,0.0,1.0,IT AUG,37.220457,15.192307,93.21666666666667
246651000,2,POLAR ROCK,2026-04-05 21:21:10,2026-04-06 04:14:44,369,0.0,0.0,1.0,AUGUSTO,37.214847,15.203737,413.56666666666666
636021700,18,DELTA BLUE,2026-04-05 21:37:22,2026-04-06 10:26:21,754,0.0,0.0,1.0,AUGUSTA,37.200723,15.206565,768.9833333333333
247055200,10,F.LLI FAZIO,2026-04-05 21:58:39,2026-04-05 22:51:20,53,0.0,0.0,1.0,AUGUSTA,37.172903,15.201228,52.68333333333333
247415600,1,PRYSMIAN MONNA LISA,2026-04-05 22:28:02,2026-04-06 17:59:39,1156,0.0,0.0,0.9714532871972318,AUGUSTA,37.191137,15.222843,1171.6166666666666
247298300,40,KORAL,2026-04-05 23:04:30,2026-04-06 06:35:52,422,0.0,0.0,1.0,IT AUG,37.22046,15.192317,451.3666666666667
577339000,20,GENESIS CEMENT,2026-04-05 23:36:55,2026-04-06 01:58:49,134,0.0,0.0,1.0,ITAUG,37.233977,15.21079,141.9
247100900,6,SEBASTIANO,2026-04-05 23:45:02,2026-04-06 04:44:10,296,0.0,0.0,0.8344594594594594,AUGUSTA,37.22456,15.216645,299.1333333333333
247095300,2,SYN ACRAB,2026-04-05 23:48:04,2026-04-06 06:26:44,394,0.0,0.0,0.9390862944162437,IT AUG,37.185938,15.212327,398.6666666666667
247055200,12,F.LLI FAZIO,2026-04-06 00:00:14,2026-04-06 02:41:25,159,0.0,0.0,1.0,AUGUSTA,37.1729,15.201222,161.18333333333334
256004706,29,SELLA MARE,2026-04-06 00:21:30,2026-04-06 03:14:54,168,0.0,0.0,1.0,,37.23117,15.224188,173.4
215402000,6,MED EMRE,2026-04-06 02:01:52,2026-04-06 09:39:40,449,0.1,0.0,0.9710467706013363,ESVIL,37.200533,15.194105,457.8
577339000,21,GENESIS CEMENT,2026-04-06 02:22:09,2026-04-06 03:40:15,73,0.0,0.0,1.0,ITAUG,37.233832,15.211092,78.1
247055200,13,F.LLI FAZIO,2026-04-06 02:51:34,2026-04-06 09:51:50,414,0.0,0.0,1.0,AUGUSTA,37.17291,15.201227,420.26666666666665
256004706,30,SELLA MARE,2026-04-06 03:27:04,2026-04-06 07:14:29,211,0.0,0.0,1.0,,37.231178,15.224187,227.41666666666666
577339000,22,GENESIS CEMENT,2026-04-06 04:19:48,2026-04-06 07:43:57,202,0.0,0.0,1.0,ITAUG,37.233025,15.211167,204.15
246651000,3,POLAR ROCK,2026-04-06 04:29:57,2026-04-06 17:57:38,786,0.0,0.0,1.0,AUGUSTO,37.2149275,15.203215,807.6833333333333
247187200,3,CAPO MOLINI,2026-04-06 04:31:59,2026-04-06 16:53:48,725,0.0,0.0,0.88,AUGUSTA,37.22494,15.216663,741.8166666666667
247268300,8,BRAVO,2026-04-06 04:52:17,2026-04-06 16:53:48,712,0.0,0.0,0.9606741573033708,AUGUSTA,37.225333,15.216683,721.5166666666667
247425900,7,CITTA' DI AUGUSTA,2026-04-06 04:54:19,2026-04-06 16:53:48,705,0.0,0.0,1.0,AUGUSTA,37.225253,15.216518,719.4833333333333
247426100,7,CITTA' DI SIRACUSA,2026-04-06 04:59:24,2026-04-06 11:16:04,372,0.0,0.0,1.0,AUGUSTA,37.22424,15.21657,376.6666666666667
247278300,19,CAPO PASSERO,2026-04-06 05:16:38,2026-04-06 16:45:41,653,0.0,0.0,0.891271056661562,IN PORT,37.225,15.21655,689.05
256823000,7,SUPERBA,2026-04-06 05:48:07,2026-04-06 06:45:01,55,0.1,0.1,0.6909090909090909,KOPER,37.200012,15.19996,56.9
352001071,17,AYA,2026-04-06 06:01:19,2026-04-06 10:26:21,240,0.1,0.0,0.9625,IT AUG,37.228623,15.210975,265.03333333333336
247351700,19,GABBIANO,2026-04-06 06:07:25,2026-04-06 07:26:40,79,0.4,0.0,0.6075949367088608,AUGUSTA,37.232103,15.212657,79.25
249891000,1,CGAS NEPTUNE,2026-04-06 06:11:29,2026-04-06 08:00:11,108,0.0,0.0,0.6851851851851852,IT AUG,37.213271000000006,15.188312,108.7
538002883,19,TEQUILA,2026-04-06 06:17:35,2026-04-06 07:43:57,85,0.0,0.0,1.0,IT AUG,37.230353,15.205088,86.36666666666666
247095300,3,SYN ACRAB,2026-04-06 06:36:53,2026-04-06 08:55:00,133,0.0,0.0,0.8195488721804511,IT RAN,37.185878,15.212325,138.11666666666667
247298300,41,KORAL,2026-04-06 06:49:05,2026-04-06 08:02:13,73,0.0,0.0,1.0,IT AUG,37.220457,15.192318,73.13333333333334
256823000,8,SUPERBA,2026-04-06 07:03:18,2026-04-06 08:06:17,54,0.2,0.1,1.0,KOPER,37.197773,15.200838,62.983333333333334
247351700,20,,2026-04-06 07:50:02,2026-04-06 09:05:10,73,0.0,0.0,0.8904109589041096,,37.232102,15.217415,75.13333333333334
577339000,23,GENESIS CEMENT,2026-04-06 07:55:07,2026-04-06 08:58:03,55,0.0,0.0,1.0,ITAUG,37.2326,15.21024,62.93333333333333
215909000,13,,2026-04-06 09:00:05,2026-04-06 09:33:34,27,0.1,0.1,1.0,,37.2243,15.200733,33.483333333333334
577339000,24,GENESIS CEMENT,2026-04-06 09:19:22,2026-04-06 10:16:12,57,0.0,0.0,1.0,ITAUG,37.232718,15.20981,56.833333333333336
256823000,9,SUPERBA,2026-04-06 09:21:24,2026-04-06 10:10:07,45,1.8,0.1,0.4444444444444444,KOPER,37.198052,15.200465,48.71666666666667
247351700,21,,2026-04-06 09:49:48,2026-04-06 11:01:52,70,0.0,0.0,1.0,,37.232105,15.217418,72.06666666666666
215909000,14,,2026-04-06 09:53:52,2026-04-06 10:39:33,31,0.1,0.0,1.0,,37.2248,15.200183,45.68333333333333
215402000,7,MED EMRE,2026-04-06 09:59:57,2026-04-06 11:17:05,74,0.1,0.0,0.6621621621621622,ESVIL,37.201602,15.19263,77.13333333333334
247055200,14,F.LLI FAZIO,2026-04-06 10:01:59,2026-04-06 17:57:38,470,0.0,0.0,1.0,AUGUSTA,37.172915,15.201218,475.65
352001071,18,AYA,2026-04-06 10:40:33,2026-04-06 17:56:37,421,0.1,0.0,0.9643705463182898,IT AUG,37.229777,15.210193,436.06666666666666
636021700,19,DELTA BLUE,2026-04-06 10:46:39,2026-04-06 12:35:08,106,0.0,0.0,1.0,AUGUSTA,37.203192,15.203857,108.48333333333333
256210000,5,MARVEA,2026-04-06 11:02:53,2026-04-06 11:48:30,46,0.0,0.0,1.0,ITAUG,37.188133,15.2145665,45.61666666666667
577339000,26,GENESIS CEMENT,2026-04-06 11:06:56,2026-04-06 13:25:50,120,0.0,0.0,1.0,ITAUG,37.233465,15.209302,138.9
538002883,25,TEQUILA,2026-04-06 12:13:50,2026-04-06 12:49:20,34,0.0,0.0,1.0,IT AUG,37.231683,15.20321,35.5
256210000,6,MARVEA,2026-04-06 12:20:56,2026-04-06 13:28:52,66,0.0,0.0,1.0,ITAUG,37.188367,15.2144,67.93333333333334
256210000,7,MARVEA,2026-04-06 13:39:00,2026-04-06 14:24:37,42,0.0,0.0,1.0,ITAUG,37.1888,15.21445,45.61666666666667
636021700,20,DELTA BLUE,2026-04-06 13:44:04,2026-04-06 17:53:35,247,0.0,0.0,1.0,AUGUSTA,37.204158,15.204658,249.51666666666668
577339000,27,GENESIS CEMENT,2026-04-06 13:46:06,2026-04-06 16:34:31,164,0.0,0.0,1.0,ITAUG,37.233355,15.20929,168.41666666666666
247298300,44,KORAL,2026-04-06 14:16:31,2026-04-06 14:56:04,39,0.0,0.0,1.0,IT AUG,37.220473,15.19232,39.55
247408700,8,MERSEY SPIRIT,2026-04-06 14:25:38,2026-04-06 17:57:38,188,0.0,0.0,1.0,AUGUSTA,37.2373,15.210165,212.0
256210000,8,MARVEA,2026-04-06 14:35:46,2026-04-06 17:57:38,199,0.0,0.0,1.0,ITAUG,37.18885,15.214583,201.86666666666667
247351700,22,,2026-04-06 14:44:54,2026-04-06 15:51:54,67,0.0,0.0,1.0,,37.232102,15.217433,67.0
538002883,28,TEQUILA,2026-04-06 14:56:04,2026-04-06 16:23:22,74,0.0,0.0,1.0,IT AUG,37.231298,15.203113,87.3
215909000,18,SB AVANTEA,2026-04-06 14:57:05,2026-04-06 15:34:39,31,0.1,0.0,1.0,IT AUG,37.225083,15.20005,37.56666666666667
247426100,8,CITTA' DI SIRACUSA,2026-04-06 14:58:06,2026-04-06 16:35:32,97,0.0,0.0,1.0,AUGUSTA,37.224262,15.216575,97.43333333333334
247298300,45,KORAL,2026-04-06 15:28:33,2026-04-06 17:09:00,93,0.0,0.0,1.0,IT AUG,37.22046,15.192313,100.45
413527660,2,RONG HUA WAN,2026-04-06 15:37:42,2026-04-06 17:52:34,132,0.05,0.0,1.0,AUGUSTA,37.213188,15.1963405,134.86666666666667
247343900,4,CAPO BOEO,2026-04-06 15:47:51,2026-04-06 17:58:38,130,0.0,0.0,1.0,AUGUSTA,37.224569,15.216535,130.78333333333333
215909000,20,SB AVANTEA,2026-04-06 16:32:30,2026-04-06 17:54:36,74,0.1,0.0,1.0,IT AUG,37.225667,15.200667,82.1
247100900,7,SEBASTIANO,2026-04-06 16:48:43,2026-04-06 17:58:38,70,0.0,0.0,1.0,AUGUSTA,37.224577,15.216653,69.91666666666667
577339000,28,GENESIS CEMENT,2026-04-06 17:16:06,2026-04-06 17:46:30,31,0.0,0.0,1.0,ITAUG,37.234173,15.210087,30.4
538002883,30,,2026-04-06 17:23:11,2026-04-06 17:53:35,29,0.0,0.0,1.0,,37.232343,15.204243,30.4
247415600,2,PRYSMIAN MONNA LISA,2026-04-06 18:13:47,2026-04-09 02:46:45,3339,0.0,0.0,0.9922132374962563,AUGUSTA,37.191138,15.222842,3392.9666666666667
247408700,9,MERSEY SPIRIT,2026-04-06 18:13:47,2026-04-07 10:44:33,962,0.0,0.0,0.9937629937629938,AUGUSTA,37.236627,15.211303,990.7666666666667
256210000,9,MARVEA,2026-04-06 18:14:47,2026-04-08 05:15:36,2062,0.0,0.0,0.9806013579049466,ITAUG,37.187817,15.2163,2100.8166666666666
229370000,2,YM MIRANDA,2026-04-06 18:14:47,2026-04-06 19:15:33,61,1.7,0.0,0.3442622950819672,IT AUG,37.208637,15.191585,60.766666666666666
247045300,2,SIBLLA,2026-04-06 18:14:47,2026-04-07 21:33:33,1612,0.0,0.0,1.0,IT AUGUSTA,37.242573,15.214632,1638.7666666666667
246651000,4,POLAR ROCK,2026-04-06 18:15:48,2026-04-06 19:21:37,62,0.0,0.0,1.0,AUGUSTO,37.214823,15.20342,65.81666666666666
247343900,5,CAPO BOEO,2026-04-06 18:15:48,2026-04-07 04:47:16,624,0.0,0.0,0.907051282051282,AUGUSTA,37.224555,15.216542,631.4666666666667
247355500,3,DOMENICO IEVOLI,2026-04-06 18:16:49,2026-04-07 21:32:33,1604,0.0,0.0,1.0,ITAUG,37.225567,15.20875,1635.7333333333333
247219700,3,RINELLA M,2026-04-06 18:16:49,2026-04-08 17:35:18,2787,0.0,0.0,0.9939002511661285,IT AUG,37.208765,15.201793,2838.483333333333
577339000,29,GENESIS CEMENT,2026-04-06 18:16:49,2026-04-06 19:49:59,74,0.0,0.0,1.0,ITAUG,37.233825,15.21104,93.16666666666667
247100900,8,SEBASTIANO,2026-04-06 18:16:49,2026-04-07 04:44:13,620,0.0,0.0,0.8338709677419355,AUGUSTA,37.224567,15.216645,627.4
215909000,21,SB AVANTEA,2026-04-06 18:17:49,2026-04-06 19:06:26,49,0.0,0.0,1.0,IT AUG,37.225617,15.201617,48.61666666666667
247055200,15,,2026-04-06 18:18:50,2026-04-06 19:32:46,70,0.0,0.0,1.0,,37.172912499999995,15.20122,73.93333333333334
249603000,3,ST.GEORGE,2026-04-06 18:19:51,2026-04-07 06:48:59,740,0.0,0.0,0.9324324324324325,AUGUSTA,37.243267,15.2099,749.1333333333333
352001071,19,AYA,2026-04-06 18:19:51,2026-04-06 20:56:52,155,0.1,0.0,0.9806451612903225,IT AUG,37.229753,15.21223,157.01666666666668
538002883,31,TEQUILA,2026-04-06 18:22:53,2026-04-07 02:23:17,473,0.0,0.0,1.0,IT AUG,37.2309,15.20551,480.4
247298300,46,KORAL,2026-04-06 18:35:02,2026-04-06 22:18:57,185,0.0,0.0,1.0,IT AUG,37.220463,15.192308,223.91666666666666
247190400,17,DANTE A,2026-04-06 18:36:03,2026-04-06 21:21:11,164,0.1,0.0,0.7439024390243902,ITPAL,37.211833,15.198667,165.13333333333333
636021700,22,DELTA BLUE,2026-04-06 19:07:27,2026-04-07 21:32:33,1537,0.0,0.0,1.0,AUGUSTA,37.201015,15.204998,1585.1
215909000,22,SB AVANTEA,2026-04-06 19:26:41,2026-04-07 06:36:49,642,0.1,0.0,1.0,IT AUG,37.224383,15.201767,670.1333333333333
636020363,2,AQUASMERALDA,2026-04-06 19:27:42,2026-04-06 20:35:35,64,0.25,0.0,0.703125,ITAUG>MTMAR,37.200985,15.200072,67.88333333333334
246651000,5,,2026-04-06 19:38:50,2026-04-06 20:30:31,50,0.0,0.0,1.0,,37.214838,15.203707,51.68333333333333
255801270,2,CORAL ESSBERGER,2026-04-06 19:54:02,2026-04-07 00:22:39,266,0.3,0.1,0.8270676691729323,ESCEU,37.222252,15.209899,268.6166666666667
247055200,16,,2026-04-06 20:05:11,2026-04-06 21:07:00,60,0.0,0.0,1.0,,37.17291,15.201227,61.81666666666667
246651000,6,POLAR ROCK,2026-04-06 20:51:48,2026-04-07 00:49:00,223,0.0,0.0,1.0,AUGUSTO,37.214787,15.20376,237.2
352001071,20,AYA,2026-04-06 21:14:05,2026-04-07 01:02:10,224,0.0,0.0,0.9598214285714286,IT AUG,37.22891,15.212148,228.08333333333334
636020363,4,AQUASMERALDA,2026-04-06 21:18:09,2026-04-06 23:42:06,139,0.0,0.0,0.7410071942446043,ITAUG>MTMAR,37.199427,15.199465,143.95
577339000,31,GENESIS CEMENT,2026-04-06 21:25:14,2026-04-07 04:19:53,393,0.0,0.0,1.0,ITAUG,37.232748,15.210295,414.65
247298300,47,,2026-04-06 22:32:08,2026-04-06 23:06:36,28,0.0,0.0,1.0,,37.220453,15.192308,34.46666666666667
247055200,19,F.LLI FAZIO,2026-04-06 22:37:12,2026-04-07 05:31:55,396,0.0,0.0,0.9242424242424242,AUGUSTA,37.1729025,15.201227,414.71666666666664
247298300,48,KORAL,2026-04-06 23:20:48,2026-04-07 02:50:39,195,0.0,0.0,1.0,IT AUG,37.220457,15.19231,209.85
256004706,46,,2026-04-07 00:44:56,2026-04-07 01:44:45,58,0.0,0.0,1.0,,37.231163,15.224193,59.81666666666667
246651000,7,POLAR ROCK,2026-04-07 01:03:11,2026-04-07 05:31:55,254,0.0,0.0,0.9488188976377953,AUGUSTO,37.214762,15.203688,268.73333333333335
352001071,21,AYA,2026-04-07 01:13:19,2026-04-07 03:23:06,107,0.1,0.0,1.0,IT AUG,37.22863,15.211443,129.78333333333333
538002883,33,TEQUILA,2026-04-07 03:04:51,2026-04-07 11:02:48,437,0.0,0.0,1.0,IT AUG,37.23031,15.204703,477.95
256004706,49,SELLA MARE,2026-04-07 03:06:52,2026-04-07 04:09:44,60,0.0,0.0,1.0,,37.23119,15.22418,62.86666666666667
247298300,49,KORAL,2026-04-07 03:11:57,2026-04-07 06:38:51,175,0.0,0.0,1.0,IT AUG,37.22046,15.192313,206.9
352001071,22,AYA,2026-04-07 03:43:22,2026-04-07 04:26:59,43,0.1,0.0,1.0,IT AUG,37.228595,15.211525,43.61666666666667
247278300,20,CAPO PASSERO,2026-04-07 04:23:56,2026-04-07 05:34:57,71,0.0,0.0,0.7746478873239436,IN PORT,37.224932,15.216542,71.01666666666667
577339000,32,GENESIS CEMENT,2026-04-07 04:34:05,2026-04-07 05:07:34,34,0.0,0.0,1.0,ITAUG,37.232592,15.210512,33.483333333333334
247268300,9,BRAVO,2026-04-07 04:37:08,2026-04-07 17:14:54,741,0.0,0.0,0.9325236167341431,AUGUSTA,37.225317,15.216667,757.7666666666667
352001071,23,AYA,2026-04-07 04:40:10,2026-04-07 05:38:00,57,0.2,0.0,0.6491228070175439,IT AUG,37.229188,15.211268,57.833333333333336
247187200,4,CAPO MOLINI,2026-04-07 04:50:19,2026-04-07 05:35:58,46,0.0,0.0,0.5652173913043478,AUGUSTA,37.22492,15.21665,45.65
247426100,9,CITTA' DI SIRACUSA,2026-04-07 04:58:26,2026-04-07 21:32:33,972,0.0,0.0,0.977366255144033,AUGUSTA,37.224247,15.216572,994.1166666666667
247425900,8,CITTA' DI AUGUSTA,2026-04-07 05:03:30,2026-04-07 21:33:33,969,0.0,0.0,0.9597523219814241,AUGUSTA,37.225255,15.216528,990.05
247187200,5,,2026-04-07 05:49:09,2026-04-07 07:18:24,86,4.1,0.0,0.32558139534883723,,37.2268785,15.197142,89.25
247278300,22,CAPO PASSERO,2026-04-07 06:37:50,2026-04-07 16:55:35,585,0.0,0.0,0.9965811965811966,IN PORT,37.224967,15.21655,617.75
577339000,35,GENESIS CEMENT,2026-04-07 06:37:50,2026-04-07 07:58:59,79,0.0,0.0,1.0,ITAUG,37.232582,15.210203,81.15
215909000,23,SB AVANTEA,2026-04-07 06:51:01,2026-04-07 13:51:23,412,0.1,0.0,0.9320388349514563,IT AUG,37.224183,15.20075,420.3666666666667
247298300,50,,2026-04-07 06:52:02,2026-04-07 07:31:35,31,0.0,0.0,1.0,,37.220463,15.192317,39.55
247351700,28,GABBIANO,2026-04-07 07:40:43,2026-04-07 15:39:22,463,0.0,0.0,0.8725701943844493,AUGUSTA,37.23212,15.217422,478.65
247187200,6,CAPO MOLINI,2026-04-07 07:45:47,2026-04-07 16:47:28,534,0.0,0.0,0.9887640449438202,AUGUSTA,37.224933,15.216673,541.6833333333333
247298300,51,KORAL,2026-04-07 07:57:58,2026-04-07 11:49:26,205,0.0,0.0,1.0,IT AUG,37.220463,15.192325,231.46666666666667
577339000,36,GENESIS CEMENT,2026-04-07 08:22:21,2026-04-07 11:40:19,192,0.0,0.0,1.0,ITAUG,37.2326,15.210058,197.96666666666667
249891000,2,CGAS NEPTUNE,2026-04-07 08:23:22,2026-04-07 09:11:08,40,0.0,0.0,1.0,IT AUG,37.213263,15.1883015,47.766666666666666
246651000,8,POLAR ROCK,2026-04-07 08:23:22,2026-04-07 09:09:06,46,0.0,0.0,1.0,AUGUSTO,37.237593,15.200728,45.733333333333334
247362500,38,AUGUSTA III,2026-04-07 08:23:22,2026-04-07 10:48:37,138,0.0,0.0,0.8985507246376812,AUG,37.232313,15.217495,145.25
256004706,54,SELLA MARE,2026-04-07 08:24:23,2026-04-07 18:27:00,570,0.0,0.0,1.0,,37.23118,15.224192,602.6166666666667
229370000,3,YM MIRANDA,2026-04-07 08:24:23,2026-04-07 10:37:27,110,0.0,0.0,1.0,IT AUG,37.208833,15.18848,133.06666666666666
314652000,15,,2026-04-07 08:26:24,2026-04-07 09:11:08,41,0.0,0.0,1.0,,37.237197,15.20014,44.733333333333334
247077700,1,PUNTA AZZURRA,2026-04-07 08:33:31,2026-04-07 10:42:32,123,0.0,0.0,0.8455284552845529,AUGUSTA,37.218355,15.200353,129.01666666666668
275488000,10,MOONRAY,2026-04-07 08:40:38,2026-04-07 10:14:07,85,0.0,0.0,1.0,IT AUG,37.218288,15.20024,93.48333333333333
249969000,3,CGAS VENUS,2026-04-07 09:21:17,2026-04-07 10:12:05,49,0.1,0.0,1.0,IT AUG,37.212167,15.1985,50.8
247381300,14,MACISTONE,2026-04-07 09:23:19,2026-04-07 10:03:57,39,0.0,0.0,1.0,AUGUSTA,37.226538,15.217302,40.63333333333333
314652000,16,ANTARI,2026-04-07 09:32:28,2026-04-07 10:41:31,54,0.0,0.0,1.0,IT AUG,37.237217,15.200108,69.05
249891000,3,CGAS NEPTUNE,2026-04-07 09:32:28,2026-04-07 10:41:31,57,0.0,0.0,1.0,IT AUG,37.213275,15.188297,69.05
246651000,10,POLAR ROCK,2026-04-07 10:09:02,2026-04-07 10:51:39,42,0.0,0.0,1.0,AUGUSTO,37.237608,15.20073,42.61666666666667
247381300,15,MACISTONE,2026-04-07 10:18:10,2026-04-07 10:51:39,33,0.0,0.0,1.0,AUGUSTA,37.226552,15.217318,33.483333333333334
247362500,39,,2026-04-07 11:01:47,2026-04-07 11:49:26,46,0.5,0.0,0.5217391304347826,,37.232322,15.215858,47.65
275488000,11,,2026-04-07 11:01:47,2026-04-07 12:00:35,49,0.0,0.0,0.5714285714285714,,37.219257,15.199828,58.8
538002883,34,TEQUILA,2026-04-07 11:17:00,2026-04-07 12:14:47,50,0.0,0.0,1.0,IT AUG,37.231612,15.203272,57.78333333333333
577339000,37,GENESIS CEMENT,2026-04-07 11:55:31,2026-04-07 21:03:10,529,0.0,0.0,1.0,ITAUG,37.233205,15.209497,547.65
247362500,40,AUGUSTA III,2026-04-07 12:31:01,2026-04-07 17:59:37,324,0.0,0.0,0.7376543209876543,AUG,37.232163,15.217445,328.6
229370000,5,YM MIRANDA,2026-04-07 12:45:13,2026-04-07 17:37:17,288,0.0,0.0,1.0,IT AUG,37.208833,15.188482,292.06666666666666
538002883,35,TEQUILA,2026-04-07 12:47:15,2026-04-07 21:32:33,505,0.0,0.0,1.0,IT AUG,37.230888,15.203825,525.3
249891000,6,CGAS NEPTUNE,2026-04-07 12:47:15,2026-04-07 17:35:15,277,0.0,0.0,1.0,IT AUG,37.213272,15.188302,288.0
314652000,19,,2026-04-07 12:50:18,2026-04-07 13:35:06,36,0.0,0.0,1.0,,37.237227,15.200133,44.8
247298300,54,KORAL,2026-04-07 12:53:21,2026-04-07 21:02:09,473,0.0,0.0,1.0,IT AUG,37.220463,15.192313,488.8
246651000,12,POLAR ROCK,2026-04-07 12:56:24,2026-04-07 16:49:30,230,0.0,0.0,0.7869565217391304,AUGUSTO,37.237594,15.200743,233.1
249969000,6,CGAS VENUS,2026-04-07 14:00:34,2026-04-07 14:36:14,36,0.1,0.1,1.0,IT AUG,37.2125,15.197833,35.666666666666664
249969000,7,CGAS VENUS,2026-04-07 14:48:28,2026-04-07 15:27:09,39,0.1,0.1,1.0,IT AUG,37.212333,15.198,38.68333333333333
261004176,5,ZEFIRO,2026-04-07 14:52:32,2026-04-07 15:26:08,26,0.0,0.0,1.0,,37.230693,15.224315,33.6
261004176,6,ZEFIRO,2026-04-07 15:37:20,2026-04-07 16:34:15,57,0.0,0.0,1.0,,37.230697,15.224312,56.916666666666664
247055200,20,F.LLI FAZIO,2026-04-07 15:37:20,2026-04-07 17:09:49,92,0.1,0.0,0.5978260869565217,AUGUSTA,37.173,15.201244500000001,92.48333333333333
210688000,7,,2026-04-07 16:09:52,2026-04-07 16:43:24,31,0.0,0.0,1.0,,37.228667,15.196217,33.53333333333333
249969000,10,CGAS VENUS,2026-04-07 16:30:11,2026-04-07 17:00:40,31,0.1,0.0,1.0,IT AUG,37.213,15.198167,30.483333333333334
247100900,9,SEBASTIANO,2026-04-07 17:09:49,2026-04-07 21:32:33,256,0.0,0.0,0.89453125,AUGUSTA,37.224573,15.216645,262.73333333333335
247408700,13,MERSEY SPIRIT,2026-04-07 18:18:54,2026-04-07 21:33:33,185,0.0,0.0,0.8108108108108109,AUGUSTA,37.237053,15.212848,194.65
256004706,55,SELLA MARE,2026-04-07 18:39:09,2026-04-07 21:03:10,143,0.0,0.0,1.0,,37.231178,15.2242,144.01666666666668
229370000,6,YM MIRANDA,2026-04-07 19:24:45,2026-04-07 20:25:37,51,0.0,0.0,1.0,IT AUG,37.208833,15.1885,60.86666666666667
249891000,8,CGAS NEPTUNE,2026-04-07 20:14:28,2026-04-07 20:59:07,35,0.0,0.0,1.0,IT AUG,37.213277,15.1883,44.65
247355500,4,DOMENICO IEVOLI,2026-04-07 21:43:39,2026-04-08 00:47:24,182,0.0,0.0,0.8516483516483516,ITAUG,37.215599999999995,15.198550000000001,183.75
247045300,3,SIBLLA,2026-04-07 21:44:40,2026-04-11 10:17:05,4977,0.0,0.0,0.9919630299377135,IT AUGUSTA,37.242567,15.214635,5072.416666666667
247100900,10,SEBASTIANO,2026-04-07 21:50:44,2026-04-08 16:36:23,1101,0.0,0.0,0.8846503178928247,AUGUSTA,37.224557,15.216537,1125.65
247425900,9,CITTA' DI AUGUSTA,2026-04-07 21:50:44,2026-04-08 05:07:29,431,0.0,0.0,0.8190255220417634,AUGUSTA,37.225493,15.216603,436.75
247426100,10,CITTA' DI SIRACUSA,2026-04-07 21:50:44,2026-04-07 22:52:38,62,0.2,0.0,0.5483870967741935,AUGUSTA,37.2093,15.1967425,61.9
538002883,36,TEQUILA,2026-04-07 21:52:45,2026-04-08 05:17:37,439,0.0,0.0,1.0,IT AUG,37.230757,15.205565,444.8666666666667
636021700,23,DELTA BLUE,2026-04-07 21:52:45,2026-04-11 10:32:16,4959,0.0,0.0,1.0,AUGUSTA,37.20159,15.205448,5079.516666666666
247408700,14,MERSEY SPIRIT,2026-04-07 21:52:45,2026-04-08 06:10:23,487,0.0,0.0,0.9568788501026694,AUGUSTA,37.236983,15.212728,497.6333333333333
247298300,56,KORAL,2026-04-07 21:53:46,2026-04-08 05:14:35,431,0.0,0.0,1.0,IT AUG,37.220457,15.192313,440.81666666666666
256004706,57,SELLA MARE,2026-04-07 21:54:47,2026-04-08 05:15:36,431,0.0,0.0,1.0,,37.231172,15.224185,440.81666666666666
229370000,9,YM MIRANDA,2026-04-07 21:54:47,2026-04-08 01:52:26,234,0.0,0.0,1.0,IT AUG,37.208833,15.188488,237.65
261004176,9,ZEFIRO,2026-04-07 21:57:49,2026-04-08 01:32:06,205,0.0,0.0,1.0,,37.230695,15.224315,214.28333333333333
249969000,14,CGAS VENUS,2026-04-07 22:02:53,2026-04-07 23:36:19,93,0.1,0.0,1.0,IT AUG,37.212167,15.199167,93.43333333333334
577339000,39,GENESIS CEMENT,2026-04-07 22:03:54,2026-04-08 10:49:39,747,0.0,0.0,1.0,ITAUG,37.232928,15.210877,765.75
249891000,10,CGAS NEPTUNE,2026-04-07 22:07:57,2026-04-08 01:41:15,201,0.0,0.0,1.0,IT AUG,37.213267,15.188303,213.3
215909000,27,SB AVANTEA,2026-04-07 22:08:58,2026-04-08 01:37:11,205,0.1,0.0,0.8,IT AUG,37.215117,15.201283,208.21666666666667
247381300,19,MACISTONE,2026-04-07 22:09:59,2026-04-07 23:40:22,72,0.0,0.0,1.0,AUGUSTA,37.226518,15.217315,90.38333333333334
247055200,22,,2026-04-07 22:16:04,2026-04-07 23:02:47,43,0.0,0.0,1.0,,37.172953,15.201222,46.71666666666667
352001071,28,AYA,2026-04-07 22:30:17,2026-04-07 23:41:23,70,0.15000000000000002,0.0,1.0,IT AUG,37.235503,15.197198,71.1
352006306,1,RESQ PEOPLE,2026-04-07 22:33:20,2026-04-07 23:40:22,58,0.0,0.0,1.0,AUG,37.232742,15.22565,67.03333333333333
247055200,23,F.LLI FAZIO,2026-04-07 23:18:02,2026-04-08 04:08:36,255,0.0,0.0,1.0,AUGUSTA,37.172937,15.201212,290.56666666666666
247144130,4,VALERIA,2026-04-07 23:28:11,2026-04-08 00:23:02,54,0.2,0.1,0.6111111111111112,,37.227935,15.240797,54.85
247381300,20,MACISTONE,2026-04-07 23:51:32,2026-04-08 01:43:17,110,0.0,0.0,1.0,AUGUSTA,37.226537,15.217297,111.75
249969000,15,CGAS VENUS,2026-04-07 23:51:32,2026-04-08 01:39:13,101,0.1,0.0,1.0,IT AUG,37.212333,15.199333,107.68333333333334
352001071,29,AYA,2026-04-07 23:54:35,2026-04-08 00:34:12,39,0.0,0.0,0.8461538461538461,IT AUG,37.235513,15.197227,39.61666666666667
229370000,10,YM MIRANDA,2026-04-08 02:06:40,2026-04-08 05:16:36,188,0.0,0.0,1.0,IT AUG,37.208833,15.1884825,189.93333333333334
249891000,12,CGAS NEPTUNE,2026-04-08 02:25:59,2026-04-08 04:17:43,109,0.0,0.0,1.0,IT AUG,37.21327,15.188303,111.73333333333333
249969000,17,CGAS VENUS,2026-04-08 02:30:03,2026-04-08 04:54:17,139,0.1,0.0,1.0,IT AUG,37.212333,15.1995,144.23333333333332
261004176,11,ZEFIRO,2026-04-08 02:43:15,2026-04-08 04:52:15,120,0.0,0.0,1.0,,37.23069,15.22432,129.0
247381300,22,MACISTONE,2026-04-08 02:57:29,2026-04-08 05:01:24,114,0.0,0.0,1.0,AUGUSTA,37.22653,15.217287,123.91666666666667
247144130,7,VALERIA,2026-04-08 03:04:36,2026-04-08 05:11:32,118,2.2,0.0,0.3305084745762712,,37.203692,15.2418955,126.93333333333334
352006306,6,RESQ PEOPLE,2026-04-08 03:18:49,2026-04-08 04:04:32,33,0.0,0.0,1.0,AUG,37.232743,15.225608,45.71666666666667
247351700,29,GABBIANO,2026-04-08 03:33:02,2026-04-08 05:09:31,96,0.0,0.0,1.0,AUGUSTA,37.232127500000004,15.21742,96.48333333333333
247362500,42,AUGUSTA III,2026-04-08 03:43:12,2026-04-08 05:15:36,92,0.0,0.0,1.0,AUG,37.232338,15.21751,92.4
247278300,23,CAPO PASSERO,2026-04-08 03:47:16,2026-04-08 05:16:36,89,0.0,0.0,1.0,IN PORT,37.224933,15.216533,89.33333333333333
249891000,13,CGAS NEPTUNE,2026-04-08 04:34:59,2026-04-08 05:14:35,40,0.0,0.0,1.0,IT AUG,37.213275,15.188295,39.6
210688000,8,AMAZONITH,2026-04-08 04:48:11,2026-04-08 06:00:14,72,0.0,0.0,0.5277777777777778,IT AUG,37.228603,15.1962425,72.05
247187200,7,CAPO MOLINI,2026-04-08 04:49:12,2026-04-08 16:53:40,714,0.0,0.0,0.7212885154061625,AUGUSTA,37.22491,15.216657,724.4666666666667
247343900,6,CAPO BOEO,2026-04-08 04:58:21,2026-04-08 16:44:31,693,0.0,0.0,0.7734487734487735,AUGUSTA,37.224553,15.216648,706.1666666666666
247426100,12,CITTA' DI SIRACUSA,2026-04-08 05:27:44,2026-04-08 16:43:30,663,0.0,0.0,0.8536953242835595,AUGUSTA,37.224247,15.216568,675.7666666666667
247351700,30,GABBIANO,2026-04-08 05:28:44,2026-04-08 10:48:38,315,0.0,0.0,0.6444444444444445,AUGUSTA,37.23219,15.217433,319.9
538002883,37,TEQUILA,2026-04-08 05:28:44,2026-04-08 10:49:39,317,0.0,0.0,0.9495268138801262,IT AUG,37.230742,15.204803,320.9166666666667
247362500,43,AUGUSTA III,2026-04-08 05:28:44,2026-04-08 10:11:08,272,0.0,0.0,0.7389705882352942,AUG,37.23233,15.217497,282.4
247298300,57,KORAL,2026-04-08 05:28:44,2026-04-08 10:44:35,296,0.0,0.0,1.0,IT AUG,37.220463,15.192313,315.85
249891000,14,CGAS NEPTUNE,2026-04-08 05:29:45,2026-04-08 09:23:23,204,0.0,0.0,1.0,IT AUG,37.213273,15.1883,233.63333333333333
247278300,24,CAPO PASSERO,2026-04-08 05:29:45,2026-04-08 10:36:29,288,0.0,0.0,0.8125,IN PORT,37.224967,15.21655,306.73333333333335
256004706,58,SELLA MARE,2026-04-08 05:30:46,2026-04-08 09:03:03,210,0.0,0.0,0.9142857142857143,,37.231175,15.224202,212.28333333333333
249969000,19,CGAS VENUS,2026-04-08 05:30:46,2026-04-08 10:15:12,250,0.1,0.0,1.0,IT AUG,37.213167,15.1985,284.43333333333334
229370000,11,YM MIRANDA,2026-04-08 05:30:46,2026-04-08 12:24:03,391,0.0,0.0,0.907928388746803,EG ALY,37.208828,15.1885,413.28333333333336
256210000,10,MARVEA,2026-04-08 05:30:46,2026-04-08 10:42:34,301,0.0,0.0,1.0,ITAUG,37.20805,15.192783,311.8
271051219,15,MED URLA,2026-04-08 05:33:49,2026-04-08 10:16:13,275,0.0,0.0,0.8145454545454546,ITAUG,37.238263,15.201522,282.4
247381300,23,MACISTONE,2026-04-08 05:36:52,2026-04-08 10:13:10,272,0.0,0.0,0.9889705882352942,AUGUSTA,37.226661500000006,15.217322,276.3
247055200,25,F.LLI FAZIO,2026-04-08 05:50:04,2026-04-08 10:43:35,289,0.0,0.0,1.0,AUGUSTA,37.17294,15.201212,293.51666666666665
215054000,1,VALTELLINA,2026-04-08 05:59:13,2026-04-09 02:45:45,1227,0.0,0.0,0.9714751426242869,IT AUG,37.18505,15.200533,1246.5333333333333
247268300,11,BRAVO,2026-04-08 06:33:43,2026-04-08 15:23:07,514,0.0,0.0,0.8891050583657587,AUGUSTA,37.221541,15.192232,529.4
247131100,1,LIONE,2026-04-08 06:50:59,2026-04-08 10:45:36,231,0.2,0.0,0.6277056277056277,ITAUG,37.2225,15.217333,234.61666666666667
247408700,17,,2026-04-08 07:27:33,2026-04-08 08:01:04,27,0.0,0.0,1.0,,37.238787,15.21513,33.516666666666666
247062310,1,MARIA VERONICA,2026-04-08 07:47:51,2026-04-08 08:39:40,52,6.050000000000001,0.1,0.40384615384615385,,37.223043000000004,15.217037,51.81666666666667
247114600,1,,2026-04-08 08:41:42,2026-04-08 09:27:27,46,0.9,0.1,0.391304347826087,,37.237913500000005,15.211572,45.75
247408700,19,MERSEY SPIRIT,2026-04-08 08:49:50,2026-04-08 09:38:38,49,4.6,0.0,0.3469387755102041,OPL AUGUSTA,37.23603,15.21512,48.8
247055200,26,F.LLI FAZIO,2026-04-08 10:56:44,2026-04-09 02:45:45,935,0.0,0.0,1.0,AUGUSTA,37.172942,15.201223,949.0166666666667
247131100,2,LIONE,2026-04-08 10:56:44,2026-04-09 02:45:45,931,0.1,0.0,1.0,ITAUG,37.2265,15.217333,949.0166666666667
247351700,31,GABBIANO,2026-04-08 10:59:46,2026-04-08 15:43:29,280,0.0,0.0,0.775,AUGUSTA,37.232275,15.2174675,283.71666666666664
538002883,38,TEQUILA,2026-04-08 11:00:47,2026-04-08 17:34:17,380,0.0,0.0,1.0,IT AUG,37.23847,15.215046000000001,393.5
577339000,40,GENESIS CEMENT,2026-04-08 11:01:48,2026-04-09 02:43:43,899,0.0,0.0,1.0,ITAUG,37.234017,15.210537,941.9166666666666
247362500,45,AUGUSTA III,2026-04-08 11:02:49,2026-04-08 14:17:58,186,0.0,0.0,0.7419354838709677,AUG,37.232311499999994,15.217482,195.15
247278300,25,CAPO PASSERO,2026-04-08 11:02:49,2026-04-08 12:47:26,95,0.3,0.0,0.631578947368421,IN PORT,37.22065,15.20775,104.61666666666666
247381300,25,MACISTONE,2026-04-08 11:02:49,2026-04-08 21:32:23,600,0.0,0.0,0.935,AUGUSTA,37.226692,15.217335,629.5666666666667
247298300,58,KORAL,2026-04-08 11:04:51,2026-04-09 02:38:40,902,0.0,0.0,1.0,IT AUG,37.220463,15.192317,933.8166666666667
249969000,20,,2026-04-08 11:11:56,2026-04-08 11:45:26,30,0.1,0.0,1.0,,37.213333,15.198167,33.5
247355500,8,DOMENICO IEVOLI,2026-04-08 11:20:03,2026-04-08 12:53:32,93,0.1,0.0,0.6129032258064516,ITAUG,37.208033,15.2044,93.48333333333333
256210000,12,MARVEA,2026-04-08 11:27:09,2026-04-08 17:34:17,362,0.0,0.0,1.0,ITAUG,37.208067,15.1927915,367.1333333333333
271051219,18,MED URLA,2026-04-08 11:51:31,2026-04-08 17:32:16,336,0.0,0.0,1.0,ITAUG,37.238278,15.201522,340.75
512216100,1,BAIL3,2026-04-08 12:04:44,2026-04-08 17:33:17,323,0.0,0.0,0.9504643962848297,,37.237208,15.233632,328.55
249969000,21,CGAS VENUS,2026-04-08 12:14:54,2026-04-08 15:54:40,200,0.1,0.0,1.0,IT AUG,37.213333,15.198333,219.76666666666668
247114600,2,PUNTA ROSSA,2026-04-08 12:26:05,2026-04-08 17:17:02,276,0.0,0.0,0.7355072463768116,AUGUSTA,37.214697,15.202760999999999,290.95
249891000,20,CGAS NEPTUNE,2026-04-08 12:50:29,2026-04-08 22:28:09,542,0.0,0.0,0.922509225092251,FR FOS,37.209517500000004,15.200238,577.6666666666666
261004176,16,,2026-04-08 13:34:13,2026-04-08 14:07:47,26,0.0,0.0,1.0,,37.230705,15.224308,33.56666666666667
256891000,1,AMISOS,2026-04-08 13:42:21,2026-04-08 17:03:49,199,0.1,0.0,0.7085427135678392,ITAUG,37.196693,15.202533,201.46666666666667
247278300,27,CAPO PASSERO,2026-04-08 14:01:41,2026-04-08 16:46:33,163,0.0,0.0,0.7361963190184049,IN PORT,37.225,15.216533,164.86666666666667
247362500,46,,2026-04-08 14:28:09,2026-04-08 16:43:30,133,0.0,0.0,0.8571428571428571,,37.232312,15.217492,135.35
261004176,17,,2026-04-08 14:34:15,2026-04-08 15:13:57,32,0.0,0.0,1.0,,37.23067,15.224283,39.7
210688000,9,AMAZONITH,2026-04-08 14:36:17,2026-04-08 15:39:25,63,1.2,0.0,0.3492063492063492,IT AUG,37.22842,15.198918,63.13333333333333
249969000,22,,2026-04-08 16:08:54,2026-04-08 16:57:44,39,0.0,0.0,1.0,,37.213333,15.198667,48.833333333333336
247268300,12,BRAVO,2026-04-08 16:29:16,2026-04-09 04:46:14,724,0.0,0.0,1.0,AUGUSTA,37.225317,15.216533,736.9666666666667
256004706,59,SELLA MARE,2026-04-08 16:41:28,2026-04-08 18:38:07,109,0.0,0.0,0.7706422018348624,,37.231175,15.224195,116.65
247425900,10,CITTA' DI AUGUSTA,2026-04-08 16:52:39,2026-04-09 02:47:46,588,0.0,0.0,1.0,AUGUSTA,37.225495,15.216612,595.1166666666667
256004706,60,SELLA MARE,2026-04-08 18:57:22,2026-04-09 02:44:44,454,0.0,0.0,1.0,,37.2311725,15.224193,467.3666666666667
247219700,4,RINELLA M,2026-04-08 19:43:57,2026-04-08 21:26:18,94,0.0,0.0,1.0,IT AUG,37.211637,15.191895,102.35
256210000,14,MARVEA,2026-04-08 19:49:01,2026-04-09 02:34:37,397,0.0,0.0,1.0,ITVCE,37.20805,15.192783,405.6
538002883,42,TEQUILA,2026-04-08 20:10:18,2026-04-09 02:34:37,375,0.0,0.0,1.0,IT AUG,37.23846,15.21503,384.31666666666666
309518000,1,GRIMSTAD,2026-04-08 21:01:58,2026-04-09 18:24:09,1241,0.0,0.0,0.9548751007252216,IT AUG,37.187613,15.203923,1282.1833333333334
271051219,21,MED URLA,2026-04-08 21:25:17,2026-04-09 02:27:31,299,0.0,0.0,1.0,ITAUG,37.238275,15.20151,302.23333333333335
249969000,26,CGAS VENUS,2026-04-08 21:36:26,2026-04-09 00:09:35,134,0.1,0.0,1.0,IT AUG,37.2125,15.199333,153.15
261004176,22,ZEFIRO,2026-04-08 21:37:27,2026-04-08 23:31:03,98,0.0,0.0,1.0,,37.23068,15.224317,113.6
247219700,6,RINELLA M,2026-04-08 22:13:57,2026-04-09 02:32:35,252,0.0,0.0,1.0,IT AUG,37.211637,15.191892,258.6333333333333
538002630,1,STAR HELENA,2026-04-08 22:36:16,2026-04-09 02:45:45,247,0.0,0.0,0.8663967611336032,IT AUG,37.203475,15.215938,249.48333333333332
352006306,13,,2026-04-08 23:45:14,2026-04-09 00:16:41,32,0.0,0.0,1.0,,37.232742,15.225638,31.45
261004176,23,ZEFIRO,2026-04-08 23:46:15,2026-04-09 01:48:59,100,0.0,0.0,1.0,,37.230692,15.224315,122.73333333333333
249969000,27,,2026-04-09 00:35:57,2026-04-09 01:09:26,29,0.0,0.0,1.0,,37.212667,15.199833,33.483333333333334
247114600,11,,2026-04-09 01:50:00,2026-04-09 02:37:39,46,0.0,0.0,1.0,,37.23582,15.19439,47.65
249969000,29,,2026-04-09 01:51:00,2026-04-09 02:24:29,29,0.1,0.1,1.0,,37.2125,15.199667,33.483333333333334
210688000,10,,2026-04-09 02:02:10,2026-04-09 02:35:38,32,0.0,0.0,1.0,,37.228617,15.196217,33.46666666666667
538002630,2,STAR HELENA,2026-04-09 02:57:52,2026-04-09 11:00:45,472,0.0,0.0,1.0,IT AUG,37.202932,15.215413,482.8833333333333
247425900,11,CITTA' DI AUGUSTA,2026-04-09 03:00:54,2026-04-09 03:39:24,39,0.0,0.0,1.0,AUGUSTA,37.225507,15.216612,38.5
247055200,27,F.LLI FAZIO,2026-04-09 03:01:54,2026-04-09 03:39:24,38,0.0,0.0,1.0,AUGUSTA,37.172947,15.201226,37.5
577339000,41,GENESIS CEMENT,2026-04-09 03:03:56,2026-04-09 03:37:23,34,0.0,0.0,1.0,ITAUG,37.232845,15.210902,33.45
247298300,59,KORAL,2026-04-09 03:03:56,2026-04-09 03:38:23,35,0.0,0.0,1.0,IT AUG,37.220463,15.192312,34.45
538002883,43,TEQUILA,2026-04-09 03:03:56,2026-04-09 03:37:23,34,0.0,0.0,1.0,IT AUG,37.238455,15.215008,33.45
247415600,3,PRYSMIAN MONNA LISA,2026-04-09 03:03:56,2026-04-09 03:37:23,34,0.0,0.0,1.0,AUGUSTA,37.236122,15.198893,33.45
256004706,61,SELLA MARE,2026-04-09 03:03:56,2026-04-09 03:38:23,35,0.0,0.0,1.0,,37.231167,15.22419,34.45
215054000,2,VALTELLINA,2026-04-09 03:03:56,2026-04-10 01:14:52,1303,0.0,0.0,0.967766692248657,IT NAP,37.185117,15.200567,1330.9333333333334
247131100,3,LIONE,2026-04-09 03:05:57,2026-04-09 03:38:23,33,0.1,0.0,1.0,ITAUG,37.2265,15.217333,32.43333333333333
271051219,22,MED URLA,2026-04-09 03:06:58,2026-04-09 03:37:23,31,0.0,0.0,1.0,ITAUG,37.23824,15.201507,30.416666666666668
247425900,12,CITTA' DI AUGUSTA,2026-04-09 03:53:33,2026-04-09 04:43:12,50,0.0,0.0,1.0,AUGUSTA,37.22526,15.2166265,49.65
247343900,7,CAPO BOEO,2026-04-09 03:54:33,2026-04-09 16:47:52,763,0.0,0.0,0.7745740498034076,AUGUSTA,37.224523,15.21665,773.3166666666667
247415600,4,PRYSMIAN MONNA LISA,2026-04-09 04:03:39,2026-04-10 12:20:01,1901,0.0,0.0,0.9989479221462388,AUGUSTA,37.236122,15.198885,1936.3666666666666
247362500,50,,2026-04-09 04:03:39,2026-04-09 05:40:01,93,0.1,0.0,0.6451612903225806,,37.232157,15.21747,96.36666666666666
247055200,28,F.LLI FAZIO,2026-04-09 04:04:40,2026-04-09 14:17:39,599,0.0,0.0,0.8697829716193656,AUGUSTA,37.236993,15.19476,612.9833333333333
247219700,8,RINELLA M,2026-04-09 04:04:40,2026-04-09 07:57:03,228,0.0,0.0,1.0,IT AUG,37.211625,15.191902,232.38333333333333
577339000,42,GENESIS CEMENT,2026-04-09 04:04:40,2026-04-09 13:19:46,535,0.0,0.0,1.0,ITAUG,37.233002,15.209733,555.1
247298300,60,KORAL,2026-04-09 04:05:40,2026-04-11 10:02:52,3170,0.0,0.0,1.0,IT AUG,37.22046,15.192317,3237.2
247131100,4,LIONE,2026-04-09 04:05:40,2026-04-11 10:13:01,3195,0.1,0.0,1.0,ITAUG,37.2265,15.217333,3247.35
247351700,32,GABBIANO,2026-04-09 04:06:41,2026-04-09 09:05:03,295,0.6,0.0,0.49491525423728816,AUGUSTA,37.226368,15.215655,298.3666666666667
249969000,31,CGAS VENUS,2026-04-09 04:06:41,2026-04-09 05:06:32,51,0.1,0.1,1.0,IT AUG,37.212167,15.199167,59.85
538002883,44,TEQUILA,2026-04-09 04:06:41,2026-04-09 17:42:38,778,0.0,0.0,0.9511568123393316,IT AUG,37.223348,15.201855,815.95
256004706,62,SELLA MARE,2026-04-09 04:09:43,2026-04-09 09:10:08,297,0.0,0.0,1.0,,37.231172,15.224195,300.4166666666667
256210000,16,MARVEA,2026-04-09 04:09:43,2026-04-09 08:51:51,265,0.0,0.0,1.0,ITVCE,37.208033,15.192783,282.1333333333333
271051219,23,MED URLA,2026-04-09 04:12:46,2026-04-09 09:14:11,298,0.0,0.0,0.8859060402684564,ITAUG,37.238243,15.201527,301.4166666666667
247381300,26,MACISTONE,2026-04-09 04:12:46,2026-04-09 08:53:53,273,0.0,0.0,0.8095238095238095,AUGUSTA,37.226693,15.217305,281.1166666666667
352006306,17,RESQ PEOPLE,2026-04-09 04:18:51,2026-04-09 07:56:02,185,0.0,0.0,1.0,AUG,37.232735,15.225595,217.18333333333334
261004176,26,ZEFIRO,2026-04-09 04:22:54,2026-04-09 05:48:08,72,0.0,0.0,1.0,,37.230675,15.2243845,85.23333333333333
247278300,28,CAPO PASSERO,2026-04-09 04:27:59,2026-04-09 10:49:35,369,0.0,0.0,0.8265582655826558,IN PORT,37.224933,15.216545,381.6
247114600,13,PUNTA ROSSA,2026-04-09 04:40:09,2026-04-09 08:38:40,229,0.0,0.0,0.9039301310043668,AUGUSTA,37.203102,15.215407,238.51666666666668
247426100,13,CITTA' DI SIRACUSA,2026-04-09 04:50:18,2026-04-09 19:49:12,887,0.0,0.0,0.8647125140924464,AUGUSTA,37.224242,15.216565,898.9
247100900,11,SEBASTIANO,2026-04-09 04:59:26,2026-04-09 16:47:52,699,0.0,0.0,0.7625178826895566,AUGUSTA,37.224553,15.216528,708.4333333333333
247077700,6,PUNTA AZZURRA,2026-04-09 05:42:02,2026-04-09 07:57:03,134,0.0,0.0,0.917910447761194,AUGUSTA,37.238777,15.215225,135.01666666666668
261004176,27,ZEFIRO,2026-04-09 06:04:21,2026-04-09 07:40:48,83,0.0,0.0,1.0,,37.230678,15.224343,96.45
247268300,13,BRAVO,2026-04-09 06:31:45,2026-04-09 07:17:26,46,0.0,0.0,1.0,AUGUSTA,37.225285,15.216533,45.68333333333333
249969000,34,CGAS VENUS,2026-04-09 06:41:54,2026-04-09 07:55:01,65,0.1,0.0,1.0,IT AUG,37.212167,15.199,73.11666666666666
210688000,14,,2026-04-09 07:38:46,2026-04-09 08:24:27,41,0.0,0.0,1.0,,37.228603,15.196235,45.68333333333333
249969000,35,CGAS VENUS,2026-04-09 08:15:19,2026-04-09 08:51:51,37,0.1,0.0,1.0,IT AUG,37.212667,15.198167,36.53333333333333
247219700,9,RINELLA M,2026-04-09 08:22:25,2026-04-09 08:56:56,32,0.0,0.0,1.0,IT AUG,37.211623,15.191903,34.516666666666666
211687760,1,SASQUATCH,2026-04-09 08:27:30,2026-04-09 09:36:30,69,3.7,0.0,0.2608695652173913,,37.210878,15.218882,69.0
247408700,20,MERSEY SPIRIT,2026-04-09 09:12:09,2026-04-09 12:01:37,161,0.0,0.0,0.8074534161490683,AUGUSTA,37.237537,15.210645,169.46666666666667
247351700,33,GABBIANO,2026-04-09 09:17:13,2026-04-09 18:00:52,509,0.0,0.0,0.6365422396856582,AUGUSTA,37.232238,15.217455,523.65
247381300,27,MACISTONE,2026-04-09 09:20:16,2026-04-09 17:41:37,479,0.0,0.0,1.0,AUGUSTA,37.226693,15.217322,501.35
605076190,1,RAS TOMB,2026-04-09 09:21:17,2026-04-09 17:36:33,487,0.0,0.0,0.9383983572895277,ITAUG,37.233233,15.204398,495.26666666666665
256004706,63,SELLA MARE,2026-04-09 09:25:20,2026-04-09 17:56:49,499,0.0,0.0,1.0,,37.231177,15.224188,511.48333333333335
256210000,18,MARVEA,2026-04-09 10:18:07,2026-04-09 11:28:09,65,0.0,0.0,1.0,ITVCE,37.20805,15.1928,70.03333333333333
247243700,1,IEVOLI FAST,2026-04-09 11:01:46,2026-04-11 10:58:32,2832,0.0,0.0,0.9887005649717514,ITAUG,37.22585,15.207433,2876.766666666667
247278300,29,CAPO PASSERO,2026-04-09 11:06:51,2026-04-09 11:40:20,34,0.0,0.0,1.0,IN PORT,37.224933,15.216583,33.483333333333334
247362500,51,AUGUSTA III,2026-04-09 11:21:03,2026-04-09 18:55:32,436,3.8499999999999996,0.0,0.44954128440366975,AUG,37.232235,15.214785,454.48333333333335
219031822,1,C-INSTALLER,2026-04-09 11:35:16,2026-04-10 17:01:55,1740,0.0,0.0,0.9712643678160919,AUGUSTA,37.20208,15.221998,1766.65
247268300,14,BRAVO,2026-04-09 11:39:19,2026-04-09 12:51:21,72,0.0,0.0,1.0,AUGUSTA,37.2253175,15.216537,72.03333333333333
249969000,38,CGAS VENUS,2026-04-09 11:57:34,2026-04-09 12:31:03,34,0.1,0.0,1.0,IT AUG,37.213333,15.198333,33.483333333333334
247278300,30,CAPO PASSERO,2026-04-09 12:00:36,2026-04-09 17:32:30,322,0.3,0.0,0.5248447204968945,IN PORT,37.212375,15.210225000000001,331.9
247408700,21,MERSEY SPIRIT,2026-04-09 12:15:50,2026-04-10 06:53:37,1086,0.0,0.0,0.9880294659300184,AUGUSTA,37.237303,15.211542,1117.7833333333333
247219700,13,RINELLA M,2026-04-09 12:16:50,2026-04-09 14:45:03,127,0.0,0.0,1.0,IT AUG,37.21164,15.191907,148.21666666666667
256210000,20,MARVEA,2026-04-09 12:45:15,2026-04-09 14:27:47,94,0.0,0.0,1.0,ITVCE,37.20805,15.1928,102.53333333333333
247114600,16,PUNTA ROSSA,2026-04-09 12:51:21,2026-04-09 13:27:53,37,0.0,0.0,0.5675675675675675,AUGUSTA,37.205888,15.212385,36.53333333333333
249969000,39,CGAS VENUS,2026-04-09 12:51:21,2026-04-09 15:03:20,114,0.1,0.0,1.0,IT AUG,37.213333,15.198333,131.98333333333332
247077700,9,PUNTA AZZURRA,2026-04-09 13:02:31,2026-04-09 13:41:06,39,0.0,0.0,0.9487179487179487,AUGUSTA,37.205922,15.212955,38.583333333333336
314001155,1,TALUREX,2026-04-09 13:14:42,2026-04-09 15:55:05,145,0.0,0.0,0.6689655172413793,IT AUG,37.207572,15.192333,160.38333333333333
261004176,32,ZEFIRO,2026-04-09 13:22:49,2026-04-09 15:19:34,109,0.0,0.0,1.0,,37.23068,15.224313,116.75
538002630,3,STAR HELENA,2026-04-09 13:28:54,2026-04-09 19:37:03,364,0.0,0.0,0.9203296703296703,SUEZ CANAL,37.205525,15.212008,368.15
577339000,43,GENESIS CEMENT,2026-04-09 13:30:56,2026-04-10 12:34:14,1340,0.0,0.0,1.0,ITAUG,37.233562,15.210713,1383.3
247077700,10,PUNTA AZZURRA,2026-04-09 14:02:25,2026-04-09 15:28:42,86,0.0,0.0,1.0,AUGUSTA,37.2058975,15.2128065,86.28333333333333
256210000,21,MARVEA,2026-04-09 14:39:58,2026-04-09 17:42:38,181,0.0,0.0,1.0,ITVCE,37.20805,15.1928,182.66666666666666
247219700,14,RINELLA M,2026-04-09 15:02:19,2026-04-09 16:02:11,58,0.0,0.0,1.0,IT AUG,37.211632,15.191902,59.86666666666667
249969000,40,CGAS VENUS,2026-04-09 15:18:33,2026-04-09 17:30:28,93,0.1,0.0,1.0,IT AUG,37.213167,15.198167,131.91666666666666
314001155,2,TALUREX,2026-04-09 16:07:16,2026-04-09 17:10:10,58,0.0,0.0,1.0,IT AUG,37.20758,15.192317,62.9
247219700,15,,2026-04-09 16:19:27,2026-04-09 17:35:33,67,0.0,0.0,1.0,,37.211635,15.19191,76.1
261004176,34,ZEFIRO,2026-04-09 16:34:40,2026-04-09 17:28:27,44,0.0,0.0,1.0,,37.230695,15.224342,53.78333333333333
210515000,1,SOLVIK,2026-04-09 17:01:03,2026-04-09 17:44:40,44,3.15,0.0,0.36363636363636365,AUGUSTA IT,37.1946,15.193623500000001,43.61666666666667
247278300,31,CAPO PASSERO,2026-04-09 17:54:47,2026-04-10 04:46:28,627,0.0,0.0,0.8133971291866029,IN PORT,37.22495,15.216533,651.6833333333333
309518000,2,GRIMSTAD,2026-04-09 18:39:20,2026-04-11 10:19:06,2338,0.0,0.0,0.9940119760479041,IT AUG,37.187597,15.203907,2379.766666666667
256004706,65,SELLA MARE,2026-04-09 18:51:29,2026-04-11 10:08:58,2313,0.0,0.0,1.0,,37.231172,15.22419,2357.483333333333
247381300,29,,2026-04-09 19:13:45,2026-04-09 19:59:20,46,0.0,0.0,1.0,,37.226688,15.217332,45.583333333333336
210688000,15,AMAZONITH,2026-04-09 19:22:52,2026-04-09 20:24:38,62,0.2,0.0,0.5161290322580645,IT LIU,37.228603,15.19641,61.766666666666666
210515000,3,SOLVIK,2026-04-09 19:31:59,2026-04-10 10:59:49,905,0.0,0.0,1.0,AUGUSTA IT,37.194587,15.191968,927.8333333333334
215867000,4,IVYAN,2026-04-09 19:51:13,2026-04-09 23:05:53,189,0.0,0.0,0.8412698412698413,ITAUG>ESVLC,37.200902,15.193953,194.66666666666666
605076190,2,RAS TOMB,2026-04-09 20:15:32,2026-04-10 04:45:27,485,0.0,0.0,1.0,ITAUG,37.232197,15.206085,509.9166666666667
256210000,23,MARVEA,2026-04-09 20:15:32,2026-04-10 00:49:28,271,0.0,0.0,0.8191881918819188,ITVCE,37.207467,15.209417,273.93333333333334
247219700,18,RINELLA M,2026-04-09 20:16:32,2026-04-10 10:50:41,852,0.0,0.0,1.0,IT AUG,37.22901,15.1957,874.15
247077700,12,PUNTA AZZURRA,2026-04-09 20:20:35,2026-04-09 22:33:25,129,0.0,0.0,1.0,AUGUSTA,37.196295,15.205708,132.83333333333334
247381300,30,MACISTONE,2026-04-09 20:23:38,2026-04-11 07:00:04,2009,0.0,0.0,1.0,AUGUSTA,37.22669,15.217318,2076.4333333333334
538002883,45,TEQUILA,2026-04-09 20:26:40,2026-04-10 05:56:39,557,0.0,0.0,0.9605026929982047,IT AUG,37.20933,15.188792,569.9833333333333
249969000,42,,2026-04-09 21:09:14,2026-04-09 21:42:41,26,0.0,0.0,1.0,,37.2125,15.199667,33.45
314001155,5,,2026-04-09 21:45:44,2026-04-09 22:19:13,33,0.0,0.0,1.0,,37.207572,15.192303,33.483333333333334
314001155,6,TALUREX,2026-04-09 22:31:23,2026-04-10 00:43:23,118,0.0,0.0,1.0,IT AUG,37.20758,15.192298,132.0
249969000,43,CGAS VENUS,2026-04-09 22:39:30,2026-04-09 23:27:12,42,0.1,0.0,1.0,IT AUG,37.2123335,15.1994165,47.7
247077700,13,PUNTA AZZURRA,2026-04-09 23:07:55,2026-04-10 00:35:15,87,0.0,0.0,0.6206896551724138,AUGUSTA,37.195707,15.20509,87.33333333333333
261004176,39,ZEFIRO,2026-04-10 00:10:52,2026-04-10 06:06:49,335,0.0,0.0,1.0,,37.230683,15.224337,355.95
249969000,45,CGAS VENUS,2026-04-10 00:30:10,2026-04-10 01:39:15,62,0.1,0.0,1.0,IT AUG,37.2125,15.199667,69.08333333333333
314001155,7,TALUREX,2026-04-10 00:57:36,2026-04-10 03:04:44,125,0.0,0.0,1.0,IT AUG,37.207582,15.192292,127.13333333333334
249969000,46,CGAS VENUS,2026-04-10 02:27:04,2026-04-10 03:09:50,41,0.1,0.0,1.0,IT AUG,37.2125,15.199667,42.766666666666666
314001155,8,TALUREX,2026-04-10 03:15:56,2026-04-10 06:07:50,167,0.0,0.0,1.0,IT AUG,37.20757,15.192293,171.9
249969000,47,CGAS VENUS,2026-04-10 03:21:02,2026-04-10 03:54:36,34,0.0,0.0,1.0,IT AUG,37.2125,15.199667,33.56666666666667
247362500,53,AUGUSTA III,2026-04-10 03:35:17,2026-04-10 18:06:04,835,0.1,0.0,0.5904191616766467,AUG,37.23223,15.21742,870.7833333333333
247351700,34,GABBIANO,2026-04-10 03:49:31,2026-04-10 11:30:16,452,0.0,0.0,0.9048672566371682,AUGUSTA,37.232375,15.217463,460.75
249969000,48,CGAS VENUS,2026-04-10 04:06:48,2026-04-10 05:33:16,76,0.1,0.0,1.0,IT AUG,37.212333,15.1995,86.46666666666667
538010449,3,GREAT WHITE,2026-04-10 04:32:14,2026-04-10 05:05:48,34,0.0,0.0,1.0,GIGIB>ITAUG,37.207718,15.203812,33.56666666666667
247100900,12,SEBASTIANO,2026-04-10 04:35:17,2026-04-10 05:39:22,64,0.0,0.0,0.65625,AUGUSTA,37.224557,15.2165425,64.08333333333333
247343900,8,CAPO BOEO,2026-04-10 04:44:26,2026-04-10 16:48:40,713,0.0,0.0,0.7769985974754559,AUGUSTA,37.224552,15.216542,724.2333333333333
247425900,13,CITTA' DI AUGUSTA,2026-04-10 04:50:32,2026-04-10 16:50:43,709,0.0,0.0,0.8265162200282088,AUGUSTA,37.225265,15.216637,720.1833333333333
247268300,15,BRAVO,2026-04-10 04:52:34,2026-04-10 16:57:51,714,0.0,0.0,1.0,AUGUSTA,37.225317,15.216533,725.2833333333333
247114600,17,,2026-04-10 04:56:38,2026-04-10 06:21:03,82,0.0,0.0,0.9146341463414634,,37.238627,15.215488,84.41666666666667
605076190,3,RAS TOMB,2026-04-10 04:56:38,2026-04-10 09:30:21,262,0.0,0.0,1.0,ITAUG,37.23233,15.20616,273.71666666666664
247426100,14,CITTA' DI SIRACUSA,2026-04-10 05:04:47,2026-04-11 01:14:49,1191,0.0,0.0,0.8824517212426533,AUGUSTA,37.224242,15.21657,1210.0333333333333
247407900,12,SPAZZAMARE II,2026-04-10 05:49:32,2026-04-10 06:28:11,39,1.8,0.0,0.28205128205128205,,37.22636,15.215062,38.65
538010449,5,GREAT WHITE,2026-04-10 05:50:33,2026-04-10 07:23:08,89,0.0,0.0,1.0,GIGIB>ITAUG,37.207398,15.20363,92.58333333333333
538003678,1,STRENGTH,2026-04-10 06:10:53,2026-04-10 20:22:14,837,0.0,0.0,0.9307048984468339,ITSPA>ITAUG,37.206817,15.214533,851.35
314001155,9,TALUREX,2026-04-10 06:22:04,2026-04-10 07:13:58,50,0.0,0.0,1.0,IT AUG,37.207563,15.192318,51.9
249969000,49,,2026-04-10 06:24:07,2026-04-10 06:55:39,30,0.6,0.1,0.43333333333333335,,37.212833,15.198833,31.533333333333335
314001155,10,TALUREX,2026-04-10 07:34:19,2026-04-10 11:01:51,166,0.0,0.0,1.0,IT AUG,37.207593,15.192297,207.53333333333333
249689000,1,BC MIKLAGARD,2026-04-10 07:35:21,2026-04-10 12:00:43,254,0.0,0.0,0.8031496062992126,MTMAR,37.22855,15.196217,265.3666666666667
247408700,23,MERSEY SPIRIT,2026-04-10 07:49:35,2026-04-10 09:22:13,83,0.0,0.0,1.0,CATANIA,37.23876,15.215117,92.63333333333334
215909000,28,SB AVANTEA,2026-04-10 07:51:38,2026-04-11 10:15:03,1558,0.1,0.0,0.9813863928112966,IT AUG,37.220017,15.201533,1583.4166666666667
247407900,13,SPAZZAMARE II,2026-04-10 07:56:43,2026-04-10 09:32:23,95,1.5,0.0,0.4105263157894737,,37.223123,15.216743,95.66666666666667
261004176,41,ZEFIRO,2026-04-10 08:07:55,2026-04-10 09:04:54,51,0.0,0.0,1.0,,37.23068,15.224315,56.983333333333334
247114600,19,PUNTA ROSSA,2026-04-10 09:40:31,2026-04-10 10:48:39,66,0.1,0.0,0.6060606060606061,AUGUSTA,37.214443,15.215482,68.13333333333334
605076190,6,RAS TOMB,2026-04-10 10:39:30,2026-04-10 11:51:35,56,0.1,0.0,1.0,ITAUG,37.233145,15.20428,72.08333333333333
247278300,32,CAPO PASSERO,2026-04-10 11:19:06,2026-04-10 12:37:16,77,0.0,0.0,1.0,IN PORT,37.224938,15.216572,78.16666666666667
247408700,27,MERSEY SPIRIT,2026-04-10 11:20:07,2026-04-10 12:06:48,47,6.9,0.0,0.2553191489361702,CATANIA,37.229883,15.215103,46.68333333333333
314001155,12,,2026-04-10 11:40:25,2026-04-10 12:13:55,27,0.0,0.0,1.0,,37.207565,15.192325,33.5
247176900,3,SUPERGABBIANO SETTE,2026-04-10 11:41:26,2026-04-10 12:17:59,37,0.0,0.0,0.7027027027027027,AUGUSTA.,37.224057,15.21801,36.55
247351700,35,GABBIANO,2026-04-10 11:41:26,2026-04-10 16:27:16,282,0.0,0.0,1.0,AUGUSTA,37.232398,15.217508,285.8333333333333
247415600,5,PRYSMIAN MONNA LISA,2026-04-10 12:31:11,2026-04-11 10:07:57,1269,0.0,0.0,1.0,AUGUSTA,37.235912,15.198563,1296.7666666666667
247114600,22,PUNTA ROSSA,2026-04-10 12:32:12,2026-04-10 17:18:13,280,0.0,0.0,0.8892857142857142,AUGUSTA,37.202788,15.220905,286.01666666666665
352001071,43,AYA,2026-04-10 12:46:25,2026-04-10 13:45:23,59,6.6,0.0,0.2542372881355932,MA SFI,37.220232,15.204347,58.96666666666667
210515000,5,SOLVIK,2026-04-10 12:52:31,2026-04-11 09:59:50,1246,0.0,0.0,0.9815409309791332,AUGUSTA IT,37.194588,15.19197,1267.3166666666666
314001155,14,,2026-04-10 13:03:42,2026-04-10 13:37:15,27,0.0,0.0,1.0,,37.207613,15.192323,33.55
249689000,3,BC MIKLAGARD,2026-04-10 13:09:48,2026-04-11 09:48:40,1193,0.0,0.0,0.9932942162615256,MTMAR,37.228533,15.196183,1238.8666666666666
577339000,44,GENESIS CEMENT,2026-04-10 13:25:03,2026-04-11 10:07:57,1207,0.0,0.0,1.0,ITAUG,37.232797,15.210467,1242.9
215232000,1,SEA BUFFALO,2026-04-10 13:47:25,2026-04-10 16:55:48,186,0.9,0.0,0.3817204301075269,"AUGUSTA,SICILY",37.179538,15.21133,188.38333333333333
247077700,15,PUNTA AZZURRA,2026-04-10 13:58:36,2026-04-10 15:22:04,83,0.0,0.0,0.7349397590361446,AUGUSTA,37.207958,15.214517,83.46666666666667
314001155,15,TALUREX,2026-04-10 14:09:48,2026-04-11 01:09:45,648,0.0,0.0,0.9444444444444444,MALTA OPL,37.207578,15.192312,659.95
261004176,45,ZEFIRO,2026-04-10 14:28:07,2026-04-10 16:01:47,72,0.0,0.0,1.0,,37.230697,15.224327,93.66666666666667
605076190,10,RAS TOMB,2026-04-10 14:33:12,2026-04-11 07:18:22,979,0.0,0.0,1.0,ITAUG,37.23221,15.205882,1005.1666666666666
261004176,46,ZEFIRO,2026-04-10 16:25:13,2026-04-10 18:06:04,80,0.0,0.0,1.0,,37.23069,15.224328,100.85
247278300,33,CAPO PASSERO,2026-04-10 17:00:54,2026-04-11 05:18:23,723,0.0,0.0,0.8340248962655602,IN PORT,37.224933,15.216533,737.4833333333333
538010449,9,,2026-04-10 18:05:03,2026-04-10 18:44:41,40,0.1,0.0,1.0,,37.209095,15.200895,39.63333333333333
247187200,8,CAPO MOLINI,2026-04-10 18:10:08,2026-04-11 04:38:46,620,0.0,0.0,0.7612903225806451,AUGUSTA,37.224907,15.216657,628.6333333333333
247362500,54,AUGUSTA III,2026-04-10 18:17:15,2026-04-10 23:54:38,333,0.0,0.0,0.8468468468468469,AUG,37.23221,15.217462,337.3833333333333
311000232,1,ALDEBARAN,2026-04-10 19:22:16,2026-04-11 10:27:12,892,0.0,0.0,0.9439461883408071,ITAUG,37.185658,15.200073,904.9333333333333
261004176,47,ZEFIRO,2026-04-10 20:40:32,2026-04-10 21:24:14,44,0.0,0.0,1.0,,37.230693,15.224327,43.7
247100900,13,SEBASTIANO,2026-04-10 21:17:08,2026-04-10 22:03:53,47,0.1,0.0,0.5319148936170213,AUGUSTA,37.22457,15.216663,46.75
261004176,48,ZEFIRO,2026-04-10 21:34:24,2026-04-10 22:25:13,49,0.0,0.0,1.0,,37.230697,15.224332,50.81666666666667
352006306,26,RESQ PEOPLE,2026-04-10 22:13:02,2026-04-10 22:43:31,27,0.0,0.0,1.0,AUG,37.232747,15.225608,30.483333333333334
261004176,49,ZEFIRO,2026-04-10 22:37:25,2026-04-11 04:55:02,356,0.0,0.0,1.0,,37.23069,15.224315,377.6166666666667
352006306,27,RESQ PEOPLE,2026-04-10 23:16:02,2026-04-11 00:05:48,50,0.0,0.0,1.0,AUG,37.232738,15.225638,49.766666666666666
256251000,1,CHEMICAL MARINER,2026-04-11 01:13:48,2026-04-11 10:17:05,534,0.1,0.0,0.9344569288389513,ITAUG,37.228183,15.203733,543.2833333333333
352006306,30,,2026-04-11 01:57:26,2026-04-11 02:58:18,48,0.0,0.0,1.0,,37.232742,15.225593,60.86666666666667
352006306,31,,2026-04-11 03:24:40,2026-04-11 04:22:31,44,0.0,0.0,1.0,,37.232743,15.225605,57.85
247362500,55,AUGUSTA III,2026-04-11 03:40:54,2026-04-11 10:08:58,382,0.1,0.0,0.5497382198952879,AUG,37.232203,15.217425,388.06666666666666
247343900,9,CAPO BOEO,2026-04-11 03:53:05,2026-04-11 11:00:34,420,0.0,0.0,0.8428571428571429,AUGUSTA,37.224552,15.21655,427.48333333333335
247268300,16,BRAVO,2026-04-11 04:18:28,2026-04-11 10:47:26,384,0.0,0.0,0.828125,AUGUSTA,37.225317,15.216528,388.96666666666664
247100900,14,SEBASTIANO,2026-04-11 04:48:56,2026-04-11 11:07:38,367,0.0,0.0,0.8201634877384196,AUGUSTA,37.224553,15.216528,378.7
247426100,15,CITTA' DI SIRACUSA,2026-04-11 04:53:00,2026-04-11 10:28:13,331,0.0,0.0,1.0,AUGUSTA,37.224243,15.216563,335.21666666666664
247351700,36,GABBIANO,2026-04-11 04:57:04,2026-04-11 10:32:16,326,0.0,0.0,1.0,AUGUSTA,37.232393,15.217507,335.2
247425900,14,CITTA' DI AUGUSTA,2026-04-11 05:02:08,2026-04-11 10:47:26,341,0.0,0.0,0.6656891495601173,AUGUSTA,37.215617,15.215625,345.3
255970000,1,SIDER UNICORN,2026-04-11 05:05:11,2026-04-11 10:14:02,300,0.0,0.0,0.7466666666666667,ITAUG,37.19462,15.190801,308.85
311000279,1,PEAK SPIRIT,2026-04-11 06:20:24,2026-04-11 08:36:35,135,0.1,0.0,0.6296296296296297,LYESI>ITAUG,37.207558,15.192297,136.18333333333334
247077700,18,,2026-04-11 06:21:26,2026-04-11 06:56:00,35,0.0,0.0,1.0,,37.238807,15.215245,34.56666666666667
247355500,9,DOMENICO IEVOLI,2026-04-11 07:14:18,2026-04-11 10:30:14,183,0.0,0.0,0.7704918032786885,ITAUG,37.237917,15.209133,195.93333333333334
247077700,19,,2026-04-11 07:24:27,2026-04-11 09:22:16,98,0.0,0.0,1.0,,37.238822,15.215228,117.81666666666666
247381300,31,MACISTONE,2026-04-11 07:29:32,2026-04-11 08:26:25,50,0.0,0.0,1.0,AUGUSTA,37.226676999999995,15.217299,56.88333333333333
232054490,2,SIRA,2026-04-11 07:47:49,2026-04-11 08:26:25,39,6.3,0.0,0.28205128205128205,,37.222647,15.236092,38.6
605076190,11,,2026-04-11 07:56:58,2026-04-11 08:33:32,32,0.05,0.0,1.0,,37.2332875,15.2045245,36.56666666666667
215232000,6,,2026-04-11 09:07:02,2026-04-11 09:46:38,38,0.0,0.0,1.0,,37.1728975,15.20123,39.6
247114600,24,,2026-04-11 09:07:02,2026-04-11 10:15:03,68,0.0,0.0,0.8382352941176471,,37.1949,15.191028,68.01666666666667
247243700,2,IEVOLI FAST,2026-04-11 11:31:52,2026-04-13 00:32:03,2173,0.0,0.0,1.0,ITAUG,37.225402,15.206033,2220.1833333333334
247100900,15,SEBASTIANO,2026-04-11 11:31:52,2026-04-12 04:41:05,1012,0.0,0.0,0.9071146245059288,AUGUSTA,37.224557,15.216533,1029.2166666666667
247425900,16,CITTA' DI AUGUSTA,2026-04-11 11:34:54,2026-04-11 16:50:04,311,0.0,0.0,1.0,AUGUSTA,37.22528,15.21664,315.1666666666667
311000232,2,ALDEBARAN,2026-04-11 11:34:54,2026-04-11 12:05:19,30,0.0,0.0,1.0,ITAUG,37.18565,15.200055,30.416666666666668
247268300,18,BRAVO,2026-04-11 11:34:54,2026-04-11 16:47:01,308,0.0,0.0,1.0,AUGUSTA,37.22535,15.216518,312.1166666666667
636021700,24,DELTA BLUE,2026-04-11 11:34:54,2026-04-13 00:33:04,2171,0.0,0.0,1.0,AUGUSTA,37.201487,15.205015,2218.1666666666665
247343900,10,CAPO BOEO,2026-04-11 11:35:55,2026-04-12 04:41:05,1008,0.0,0.0,0.8531746031746031,AUGUSTA,37.224555,15.216655,1025.1666666666667
247131100,5,LIONE,2026-04-11 11:35:55,2026-04-13 00:31:02,2163,0.1,0.0,1.0,ITAUG,37.2265,15.217333,2215.116666666667
215909000,29,SB AVANTEA,2026-04-11 11:37:56,2026-04-13 00:30:02,2165,0.1,0.0,1.0,IT AUG,37.21975,15.200533,2212.1
247426100,16,CITTA' DI SIRACUSA,2026-04-11 11:37:56,2026-04-11 16:54:09,312,0.0,0.0,1.0,AUGUSTA,37.224255,15.216575,316.21666666666664
247045300,5,SIBLLA,2026-04-11 11:38:57,2026-04-13 00:31:02,2162,0.0,0.0,1.0,IT AUGUSTA,37.242307,15.214692,2212.0833333333335
247355500,10,DOMENICO IEVOLI,2026-04-11 11:38:57,2026-04-12 16:52:04,1698,0.0,0.0,0.9882214369846879,ITAUG,37.237183,15.209417,1753.1166666666666
247362500,56,AUGUSTA III,2026-04-11 11:39:58,2026-04-11 13:01:05,77,4.9,0.0,0.4025974025974026,AUG,37.228313,15.210412,81.11666666666666
256251000,3,CHEMICAL MARINER,2026-04-11 11:39:58,2026-04-11 12:25:35,42,0.0,0.0,1.0,ITAUG,37.2298,15.201783,45.61666666666667
255970000,2,SIDER UNICORN,2026-04-11 11:39:58,2026-04-13 00:32:03,2158,0.0,0.0,1.0,ITAUG,37.194613,15.190785,2212.0833333333335
577339000,46,GENESIS CEMENT,2026-04-11 11:39:58,2026-04-11 12:28:38,49,0.0,0.0,1.0,ITAUG,37.23394,15.209452,48.666666666666664
309518000,4,GRIMSTAD,2026-04-11 11:43:00,2026-04-11 18:43:01,414,0.0,0.0,0.9299516908212561,IT AUG,37.1933745,15.213924500000001,420.01666666666665
311000232,3,ALDEBARAN,2026-04-11 12:28:38,2026-04-13 00:33:04,2117,0.0,0.0,1.0,ITAUG,37.185655,15.200068,2164.4333333333334
256004706,67,SELLA MARE,2026-04-11 12:36:44,2026-04-12 09:40:06,1240,0.0,0.0,1.0,,37.231173,15.22419,1263.3666666666666
256251000,4,CHEMICAL MARINER,2026-04-11 12:36:44,2026-04-11 23:24:24,637,0.0,0.0,0.967032967032967,ITAUG,37.229683,15.20215,647.6666666666666
271051219,24,MED URLA,2026-04-11 12:36:44,2026-04-12 15:50:10,1574,0.0,0.0,0.9663278271918678,ITAUG,37.238257,15.20151,1633.4333333333334
247351700,38,GABBIANO,2026-04-11 12:37:45,2026-04-11 15:57:06,189,0.0,0.0,0.9417989417989417,AUGUSTA,37.232388,15.217488,199.35
247415600,8,PRYSMIAN MONNA LISA,2026-04-11 12:42:49,2026-04-11 22:25:18,566,0.0,0.0,1.0,AUGUSTA,37.23591,15.198567,582.4833333333333
577339000,47,GENESIS CEMENT,2026-04-11 12:43:50,2026-04-11 20:52:25,479,0.0,0.0,1.0,ITAUG,37.233948,15.209865,488.5833333333333
247298300,62,KORAL,2026-04-11 12:46:52,2026-04-11 13:44:46,50,0.0,0.0,1.0,IT AUG,37.220457,15.19231,57.9
249689000,5,BC MIKLAGARD,2026-04-11 12:50:56,2026-04-11 13:30:33,39,0.0,0.0,1.0,MTMAR,37.22855,15.196233,39.61666666666667
261004176,55,,2026-04-11 13:07:11,2026-04-11 13:39:41,33,0.0,0.0,1.0,,37.230685,15.224318,32.5
247362500,57,AUGUSTA III,2026-04-11 13:14:17,2026-04-11 20:58:32,457,0.0,0.0,0.7964989059080962,AUG,37.23224,15.217465,464.25
249689000,6,BC MIKLAGARD,2026-04-11 13:45:47,2026-04-11 17:46:04,220,0.0,0.0,1.0,MTMAR,37.228583,15.1962,240.28333333333333
605076190,15,RAS TOMB,2026-04-11 13:47:49,2026-04-11 22:45:41,512,0.0,0.0,1.0,ITAUG,37.232232,15.204715,537.8666666666667
247408700,28,MERSEY SPIRIT,2026-04-11 13:47:49,2026-04-11 15:22:28,87,0.9,0.0,0.45977011494252873,AUGUSTA,37.22401,15.202288,94.65
247298300,63,KORAL,2026-04-11 13:57:59,2026-04-11 20:50:22,388,0.0,0.0,1.0,IT AUG,37.220463,15.192317,412.3833333333333
247381300,34,MACISTONE,2026-04-11 14:35:38,2026-04-11 16:53:08,125,0.0,0.0,1.0,AUGUSTA,37.226718,15.217337,137.5
261004176,58,ZEFIRO,2026-04-11 14:46:50,2026-04-11 17:33:51,165,0.0,0.0,1.0,,37.230673,15.224313,167.01666666666668
247408700,29,MERSEY SPIRIT,2026-04-11 15:33:41,2026-04-11 18:48:06,166,0.0,0.0,1.0,AUGUSTA,37.22509,15.201947,194.41666666666666
247351700,39,GABBIANO,2026-04-11 16:10:21,2026-04-11 18:19:38,123,0.0,0.0,1.0,AUGUSTA,37.232198,15.217445,129.28333333333333
247077700,22,,2026-04-11 16:17:29,2026-04-11 17:05:21,48,2.0999999999999996,0.0,0.4375,,37.233912000000004,15.1950665,47.86666666666667
247381300,36,MACISTONE,2026-04-11 17:40:59,2026-04-11 20:53:26,185,0.0,0.0,1.0,AUGUSTA,37.226685,15.217323,192.45
248507000,1,YM MERCURY,2026-04-11 18:11:30,2026-04-11 20:56:29,163,0.1,0.0,0.6748466257668712,TRDRC>ITAUG,37.212445,15.2,164.98333333333332
247408700,30,MERSEY SPIRIT,2026-04-11 19:01:20,2026-04-11 22:49:45,223,0.0,0.0,1.0,AUGUSTA,37.223827,15.202915,228.41666666666666
249689000,9,BC MIKLAGARD,2026-04-11 19:21:40,2026-04-11 22:24:17,172,0.0,0.0,1.0,MTMAR,37.228533,15.1962,182.61666666666667
261004176,60,ZEFIRO,2026-04-11 19:21:40,2026-04-11 21:11:48,109,0.0,0.0,1.0,,37.23069,15.22434,110.13333333333334
352006306,38,RESQ PEOPLE,2026-04-11 19:43:03,2026-04-11 20:44:15,61,0.0,0.0,1.0,AUG,37.232735,15.225638,61.2
352006306,39,RESQ PEOPLE,2026-04-11 20:54:27,2026-04-11 22:32:26,89,0.0,0.0,1.0,AUG,37.232738,15.22562,97.98333333333333
247298300,64,KORAL,2026-04-11 21:09:45,2026-04-12 09:38:03,728,0.0,0.0,1.0,IT AUG,37.22046,15.192313,748.3
577339000,48,GENESIS CEMENT,2026-04-11 21:13:50,2026-04-12 09:40:06,725,0.0,0.0,1.0,ITAUG,37.232767,15.211017,746.2666666666667
247381300,37,MACISTONE,2026-04-11 21:14:51,2026-04-11 22:29:23,74,0.0,0.0,1.0,AUGUSTA,37.226677,15.217325,74.53333333333333
261004176,61,ZEFIRO,2026-04-11 21:28:08,2026-04-11 22:29:23,61,0.0,0.0,1.0,,37.23066,15.224358,61.25
247190400,18,DANTE A,2026-04-11 21:29:09,2026-04-13 00:31:02,1590,0.1,0.0,0.9811320754716981,ITAUG,37.213167,15.1985,1621.8833333333334
247415600,9,PRYSMIAN MONNA LISA,2026-04-11 22:37:32,2026-04-12 09:34:59,644,0.0,0.0,1.0,AUGUSTA,37.23591,15.19856,657.45
605076190,16,RAS TOMB,2026-04-11 22:59:57,2026-04-12 02:48:55,221,0.0,0.0,1.0,ITAUG,37.232228,15.206172,228.96666666666667
247408700,31,MERSEY SPIRIT,2026-04-11 23:00:58,2026-04-13 00:31:02,1468,0.0,0.0,1.0,AUGUSTA,37.223967,15.201435,1530.0666666666666
249689000,10,BC MIKLAGARD,2026-04-11 23:09:07,2026-04-12 00:30:37,67,0.0,0.0,1.0,MTMAR,37.228533,15.1962,81.5
261004176,63,ZEFIRO,2026-04-11 23:54:58,2026-04-12 00:28:35,33,0.0,0.0,1.0,,37.230675,15.224305,33.61666666666667
249689000,11,BC MIKLAGARD,2026-04-12 00:50:58,2026-04-12 03:36:48,149,0.0,0.0,0.7785234899328859,MTMAR,37.228517,15.196167,165.83333333333334
256251000,6,CHEMICAL MARINER,2026-04-12 01:06:13,2026-04-12 03:41:54,127,0.0,0.0,1.0,ITAUG,37.22895,15.195683,155.68333333333334
247381300,41,MACISTONE,2026-04-12 02:32:38,2026-04-12 03:26:36,47,0.0,0.0,1.0,AUGUSTA,37.226685,15.21729,53.96666666666667
261004176,66,ZEFIRO,2026-04-12 02:33:39,2026-04-12 03:07:15,31,0.0,0.0,1.0,,37.23072,15.224305,33.6
605076190,18,RAS TOMB,2026-04-12 03:44:57,2026-04-12 08:30:22,266,0.0,0.0,1.0,ITAUG,37.232173,15.206058,285.4166666666667
247381300,42,MACISTONE,2026-04-12 03:56:10,2026-04-12 07:36:01,206,0.0,0.0,1.0,AUGUSTA,37.226675,15.2173225,219.85
247351700,40,,2026-04-12 04:12:30,2026-04-12 04:47:13,35,0.0,0.0,1.0,,37.23219,15.21743,34.71666666666667
261004176,68,,2026-04-12 04:24:45,2026-04-12 05:04:35,35,0.0,0.0,1.0,,37.23067,15.224318,39.833333333333336
247278300,34,CAPO PASSERO,2026-04-12 04:30:52,2026-04-12 06:23:20,111,0.0,0.0,1.0,IN PORT,37.224967,15.21655,112.46666666666667
247187200,9,CAPO MOLINI,2026-04-12 04:33:56,2026-04-12 16:51:03,723,0.0,0.0,0.9972337482710927,AUGUSTA,37.224923,15.216552,737.1166666666667
247268300,19,BRAVO,2026-04-12 04:53:21,2026-04-12 16:53:05,706,0.0,0.0,1.0,AUGUSTA,37.225317,15.216533,719.7333333333333
247425900,17,CITTA' DI AUGUSTA,2026-04-12 04:56:25,2026-04-12 17:37:43,747,0.0,0.0,0.8848728246318608,AUGUSTA,37.225252,15.216632,761.3
247426100,17,CITTA' DI SIRACUSA,2026-04-12 04:59:29,2026-04-12 17:15:24,719,0.0,0.0,0.9471488178025035,AUGUSTA,37.22424,15.216565,735.9166666666666
247351700,41,,2026-04-12 05:03:34,2026-04-12 05:34:14,31,0.0,0.0,1.0,,37.23219,15.217437,30.666666666666668
256251000,10,CHEMICAL MARINER,2026-04-12 05:42:24,2026-04-12 06:30:30,46,0.0,0.0,1.0,ITAUG,37.228967,15.1957,48.1
247351700,42,,2026-04-12 05:51:37,2026-04-12 06:28:27,37,0.3,0.0,0.5405405405405406,,37.232193,15.21744,36.833333333333336
247362500,60,AUGUSTA III,2026-04-12 05:53:40,2026-04-12 07:05:18,71,1.0,0.0,0.49295774647887325,AUG,37.207377,15.207285,71.63333333333334
247278300,35,CAPO PASSERO,2026-04-12 06:58:08,2026-04-12 12:29:50,318,0.0,0.0,0.7704402515723271,IN PORT,37.224983,15.21665,331.7
247351700,44,GABBIANO,2026-04-12 07:23:44,2026-04-12 18:00:01,617,0.0,0.0,0.9157212317666127,AUGUSTA,37.232305,15.21748,636.2833333333333
247362500,61,AUGUSTA III,2026-04-12 07:27:50,2026-04-12 14:59:24,425,0.0,0.0,0.7482352941176471,AUG,37.23221,15.217445,451.56666666666666
247381300,44,MACISTONE,2026-04-12 08:17:02,2026-04-12 09:23:42,56,0.0,0.0,1.0,AUGUSTA,37.226694,15.2173075,66.66666666666667
255916020,1,JAGUAR,2026-04-12 08:24:12,2026-04-13 00:33:04,947,0.0,0.0,0.928194297782471,ITAUG,37.217892,15.206885,968.8666666666667
247415600,10,PRYSMIAN MONNA LISA,2026-04-12 09:49:17,2026-04-12 19:11:58,546,0.0,0.0,0.9157509157509157,AUGUSTA,37.235912,15.198567,562.6833333333333
577339000,49,GENESIS CEMENT,2026-04-12 09:52:21,2026-04-13 00:29:01,852,0.0,0.0,1.0,ITAUG,37.232938,15.209248,876.6666666666666
247298300,65,KORAL,2026-04-12 09:52:21,2026-04-13 00:33:04,855,0.0,0.0,1.0,IT AUG,37.22046,15.192313,880.7166666666667
256004706,68,SELLA MARE,2026-04-12 09:52:21,2026-04-13 00:33:04,854,0.0,0.0,1.0,,37.231175,15.22418,880.7166666666667
247381300,46,MACISTONE,2026-04-12 10:56:49,2026-04-12 12:42:03,91,0.0,0.0,1.0,AUGUSTA,37.226693,15.217313,105.23333333333333
605076190,22,RAS TOMB,2026-04-12 12:00:15,2026-04-13 00:32:03,735,0.1,0.0,1.0,ITAUG,37.231892,15.203903,751.8
247278300,36,CAPO PASSERO,2026-04-12 12:43:04,2026-04-12 16:50:02,235,0.0,0.0,1.0,IN PORT,37.225,15.216667,246.96666666666667
247381300,47,MACISTONE,2026-04-12 12:59:22,2026-04-12 15:20:44,119,0.0,0.0,1.0,AUGUSTA,37.226717,15.217333,141.36666666666667
248507000,4,YM MERCURY,2026-04-12 14:10:37,2026-04-12 15:56:15,101,0.1,0.0,0.8712871287128713,ITAUG>EGEDK,37.201485,15.191255,105.63333333333334
247381300,48,MACISTONE,2026-04-12 15:32:55,2026-04-12 17:20:28,97,0.0,0.0,1.0,AUGUSTA,37.226683,15.217317,107.55
247362500,62,AUGUSTA III,2026-04-12 15:34:56,2026-04-12 16:14:30,39,2.6,0.0,0.28205128205128205,AUG,37.224682,15.207077,39.56666666666667
247343900,11,CAPO BOEO,2026-04-12 15:47:08,2026-04-13 00:33:04,520,0.0,0.0,0.8826923076923077,AUGUSTA,37.224528,15.21666,525.9333333333333
271051219,25,MED URLA,2026-04-12 16:02:20,2026-04-13 00:30:02,498,0.0,0.0,1.0,ITAUG,37.238255,15.201515,507.7
248507000,5,YM MERCURY,2026-04-12 16:16:31,2026-04-12 18:46:39,149,0.0,0.0,0.825503355704698,ITAUG>EGEDK,37.2014,15.191333,150.13333333333333
247100900,16,SEBASTIANO,2026-04-12 16:46:59,2026-04-13 00:33:04,461,0.0,0.0,0.8568329718004338,AUGUSTA,37.224553,15.216527,466.0833333333333
247381300,49,MACISTONE,2026-04-12 17:44:48,2026-04-12 21:57:04,241,0.0,0.0,1.0,AUGUSTA,37.22668,15.217317,252.26666666666668
248333000,1,SILENDI,2026-04-12 18:37:32,2026-04-12 19:43:23,66,2.05,0.1,0.4090909090909091,ITAUG,37.2132365,15.205116,65.85
248333000,2,SILENDI,2026-04-12 19:58:34,2026-04-12 21:10:29,64,0.0,0.0,1.0,ITAUG,37.214083,15.202855,71.91666666666667
248333000,3,SILENDI,2026-04-12 21:28:43,2026-04-12 22:10:15,35,0.1,0.0,1.0,ITAUG,37.214162,15.202983,41.53333333333333
247381300,50,MACISTONE,2026-04-12 22:20:22,2026-04-12 22:56:50,32,0.0,0.0,1.0,AUGUSTA,37.22669,15.217315,36.46666666666667
248333000,4,SILENDI,2026-04-12 22:28:28,2026-04-12 23:54:35,80,0.2,0.0,0.6125,ITAUG,37.208027,15.192922,86.11666666666666
247355500,13,DOMENICO IEVOLI,2026-04-12 22:47:43,2026-04-12 23:57:37,70,0.0,0.0,1.0,ITAUG,37.211633,15.192133,69.9
247381300,52,MACISTONE,2026-04-12 23:47:29,2026-04-13 00:30:02,41,0.0,0.0,1.0,AUGUSTA,37.226697,15.217303,42.55
247298300,66,KORAL,2026-04-13 03:10:06,2026-04-13 17:32:57,841,0.1,0.0,0.9881093935790726,IT AUG,37.22046,15.192313,862.85
247100900,17,SEBASTIANO,2026-04-13 03:10:06,2026-04-13 04:39:11,89,0.0,0.0,1.0,AUGUSTA,37.224557,15.216535,89.08333333333333
247343900,12,CAPO BOEO,2026-04-13 03:10:06,2026-04-13 04:44:15,94,0.0,0.0,1.0,AUGUSTA,37.224543,15.216658,94.15
255970000,3,SIDER UNICORN,2026-04-13 03:10:06,2026-04-13 18:04:21,877,0.0,0.0,1.0,ITAUG,37.194613,15.19078,894.25
247243700,3,IEVOLI FAST,2026-04-13 03:10:06,2026-04-13 18:01:19,874,0.1,0.0,1.0,ITAUG,37.225333,15.205233,891.2166666666667
577339000,50,GENESIS CEMENT,2026-04-13 03:10:06,2026-04-13 08:14:25,296,0.0,0.0,0.9324324324324325,ITAUG,37.2336395,15.209063,304.31666666666666
636021700,25,DELTA BLUE,2026-04-13 03:11:07,2026-04-13 06:16:49,179,0.0,0.0,0.8379888268156425,AUGUSTA,37.202855,15.203487,185.7
271051219,26,MED URLA,2026-04-13 03:11:07,2026-04-13 18:02:19,868,0.0,0.0,1.0,ITAUG,37.238252,15.201503,891.2
247381300,53,MACISTONE,2026-04-13 03:11:07,2026-04-13 04:03:44,51,0.0,0.0,1.0,AUGUSTA,37.2267,15.217297,52.61666666666667
311000232,4,ALDEBARAN,2026-04-13 03:11:07,2026-04-13 10:24:15,423,0.0,0.0,0.9148936170212766,ITAUG,37.185655,15.20007,433.1333333333333
215909000,30,SB AVANTEA,2026-04-13 03:11:07,2026-04-13 14:24:59,660,0.1,0.0,0.9636363636363636,IT AUG,37.219925,15.200233,673.8666666666667
255916020,2,JAGUAR,2026-04-13 03:11:07,2026-04-13 17:59:17,871,0.2,0.0,0.9678530424799081,ITAUG,37.218107,15.206895,888.1666666666666
247190400,19,DANTE A,2026-04-13 03:12:08,2026-04-13 18:03:20,874,0.1,0.0,1.0,ITAUG,37.2135,15.198167,891.2
247408700,32,MERSEY SPIRIT,2026-04-13 03:12:08,2026-04-13 18:03:20,868,0.1,0.0,0.9930875576036866,AUGUSTA,37.224187,15.201337,891.2
247131100,6,LIONE,2026-04-13 03:12:08,2026-04-13 18:04:21,875,0.1,0.0,1.0,ITAUG,37.2265,15.217333,892.2166666666667
256004706,69,SELLA MARE,2026-04-13 03:13:08,2026-04-13 18:04:21,874,0.2,0.0,0.9931350114416476,,37.231173,15.224193,891.2166666666667
247045300,6,SIBLLA,2026-04-13 03:15:10,2026-04-13 18:02:19,870,0.0,0.0,1.0,IT AUGUSTA,37.242307,15.214692,887.15
605076190,23,RAS TOMB,2026-04-13 03:18:12,2026-04-13 04:18:56,58,0.0,0.0,1.0,ITAUG,37.232452,15.203678,60.733333333333334
247362500,68,AUGUSTA III,2026-04-13 04:03:44,2026-04-13 17:34:58,781,0.0,0.0,0.7323943661971831,AUG,37.23217,15.21744,811.2333333333333
247351700,45,GABBIANO,2026-04-13 04:06:47,2026-04-13 05:25:09,71,0.0,0.0,1.0,AUGUSTA,37.232325,15.217485,78.36666666666666
247381300,54,,2026-04-13 04:14:53,2026-04-13 04:56:47,32,0.0,0.0,1.0,,37.22668,15.217311500000001,41.9
247278300,37,CAPO PASSERO,2026-04-13 04:25:00,2026-04-13 05:54:31,84,0.3,0.0,0.5119047619047619,IN PORT,37.224938,15.216321,89.51666666666667
605076190,24,RAS TOMB,2026-04-13 04:30:04,2026-04-13 13:03:37,498,0.0,0.0,1.0,ITAUG,37.2320085,15.203809,513.55
247268300,20,BRAVO,2026-04-13 04:31:05,2026-04-13 18:04:21,797,0.0,0.0,0.946047678795483,AUGUSTA,37.225317,15.216517,813.2666666666667
247187200,10,CAPO MOLINI,2026-04-13 04:50:30,2026-04-13 16:46:14,706,0.1,0.0,0.8668555240793201,AUGUSTA,37.224917,15.216548,715.7333333333333
247426100,18,CITTA' DI SIRACUSA,2026-04-13 04:55:46,2026-04-13 18:04:21,778,0.0,0.0,0.9408740359897172,AUGUSTA,37.224245,15.216568,788.5833333333334
247425900,18,CITTA' DI AUGUSTA,2026-04-13 05:01:51,2026-04-13 16:21:51,671,0.0,0.0,0.8152011922503726,AUGUSTA,37.22423,15.216708,680.0
210515000,6,SOLVIK,2026-04-13 05:13:00,2026-04-13 07:02:25,107,0.2,0.0,0.6542056074766355,AUGUSTA IT,37.228448,15.20341,109.41666666666667
247351700,46,,2026-04-13 06:06:41,2026-04-13 07:53:07,106,0.0,0.0,0.8867924528301887,,37.232337,15.217485,106.43333333333334
247278300,38,CAPO PASSERO,2026-04-13 06:10:44,2026-04-13 16:53:21,626,0.0,0.0,0.9121405750798722,IN PORT,37.224983,15.216658,642.6166666666667
247381300,56,MACISTONE,2026-04-13 06:11:45,2026-04-13 17:59:17,678,0.0,0.0,1.0,AUGUSTA,37.226692,15.217318,707.5333333333333
636021231,1,MSC LILA F,2026-04-13 06:47:13,2026-04-13 18:03:20,667,0.1,0.0,0.9565217391304348,ITAUG,37.215692,15.201517,676.1166666666667
219432000,1,TASING SWAN,2026-04-13 06:50:15,2026-04-13 18:04:21,665,0.1,0.0,0.9473684210526315,ITAUG,37.184947,15.212683,674.1
249087000,2,CMA CGM SALAMANQUE,2026-04-13 06:58:22,2026-04-13 18:04:21,657,0.1,0.0,0.969558599695586,ITAUG,37.206348,15.217068,665.9833333333333
210515000,7,SOLVIK,2026-04-13 07:13:34,2026-04-13 18:04:21,636,0.0,0.0,0.9544025157232704,AUGUSTA IT,37.228443999999996,15.20315,650.7833333333333
247333600,1,TAORMINA,2026-04-13 07:21:41,2026-04-13 10:17:09,174,0.0,0.0,0.9367816091954023,AUGUSTA,37.232127500000004,15.217475,175.46666666666667
247351700,47,GABBIANO,2026-04-13 08:03:16,2026-04-13 17:37:00,559,0.0,0.0,0.8461538461538461,AUGUSTA,37.232253,15.21746,573.7333333333333
256227000,1,NQ ROSA,2026-04-13 08:08:20,2026-04-13 15:52:24,446,0.1,0.0,0.9282511210762332,IT AUG,37.209008,15.199137,464.06666666666666
247176900,4,SUPERGABBIANO SETTE,2026-04-13 09:11:12,2026-04-13 14:08:44,294,0.0,0.0,1.0,AUGUSTA.,37.224052,15.217968,297.53333333333336
247114600,25,,2026-04-13 11:51:31,2026-04-13 15:12:45,197,0.0,0.0,0.8934010152284264,,37.238632,15.215473,201.23333333333332
577339000,54,GENESIS CEMENT,2026-04-13 12:43:18,2026-04-13 13:16:51,33,0.0,0.0,1.0,ITAUG,37.236053,15.198598,33.55
261004176,86,ZEFIRO,2026-04-13 13:15:49,2026-04-13 14:11:47,42,0.15000000000000002,0.1,1.0,,37.230683,15.224290499999999,55.96666666666667
605076190,25,RAS TOMB,2026-04-13 13:30:04,2026-04-13 16:19:49,166,0.0,0.0,1.0,ITAUG,37.2321305,15.203808,169.75
247355500,16,DOMENICO IEVOLI,2026-04-13 13:36:11,2026-04-13 16:12:43,155,0.0,0.0,0.7677419354838709,ITAUG,37.201433,15.196017,156.53333333333333
215910000,1,CLOTILDE,2026-04-13 15:38:10,2026-04-13 17:33:57,115,0.1,0.0,0.7043478260869566,DZ ALG - IT AUG,37.221165,15.202483,115.78333333333333
247114600,26,,2026-04-13 15:41:14,2026-04-13 16:15:46,29,0.0,0.0,1.0,,37.236007,15.194128,34.53333333333333
261004176,88,,2026-04-13 15:43:16,2026-04-13 16:28:57,39,0.1,0.1,1.0,,37.230697,15.224328,45.68333333333333
256227000,2,NQ ROSA,2026-04-13 16:04:36,2026-04-13 18:02:19,109,0.1,0.0,1.0,IT AUG,37.20944,15.199175,117.71666666666667
215909000,31,SB AVANTEA,2026-04-13 16:21:51,2026-04-13 18:04:21,102,0.1,0.0,0.7843137254901961,IT AUG,37.233167,15.208533,102.5
605076190,26,RAS TOMB,2026-04-13 16:29:58,2026-04-13 17:27:52,53,0.0,0.0,1.0,ITAUG,37.232433,15.203812,57.9
577339000,60,GENESIS CEMENT,2026-04-13 16:54:22,2026-04-13 17:35:59,42,0.0,0.0,1.0,ITAUG,37.236056000000005,15.198609000000001,41.61666666666667
247425900,19,CITTA' DI AUGUSTA,2026-04-13 17:15:41,2026-04-13 18:04:21,49,0.0,0.0,1.0,AUGUSTA,37.224242,15.21672,48.666666666666664
247268300,21,BRAVO,2026-04-13 18:40:36,2026-04-13 23:27:14,261,0.0,0.0,0.9042145593869731,AUGUSTA,37.2253,15.216517,286.6333333333333
247298300,68,KORAL,2026-04-13 18:40:36,2026-04-13 22:20:21,192,0.1,0.0,0.9270833333333334,IT AUG,37.22046,15.192318,219.75
247426100,19,CITTA' DI SIRACUSA,2026-04-13 18:41:36,2026-04-13 23:27:14,260,0.0,0.0,0.8730769230769231,AUGUSTA,37.224233,15.216574000000001,285.6333333333333
247190400,20,DANTE A,2026-04-13 18:41:36,2026-04-13 23:27:14,260,0.1,0.0,1.0,ITAUG,37.212833,15.199833,285.6333333333333
215909000,32,SB AVANTEA,2026-04-13 18:41:36,2026-04-13 23:27:14,260,0.1,0.0,1.0,IT AUG,37.233183,15.209667,285.6333333333333
247131100,7,LIONE,2026-04-13 18:42:37,2026-04-13 23:24:04,258,0.1,0.0,1.0,ITAUG,37.2265,15.217333,281.45
636021231,2,MSC LILA F,2026-04-13 18:42:37,2026-04-13 23:24:04,258,0.1,0.0,1.0,ITAUG,37.215177499999996,15.203931,281.45
255970000,4,SIDER UNICORN,2026-04-13 18:42:37,2026-04-13 23:24:04,258,0.0,0.0,1.0,ITAUG,37.194612,15.190787,281.45
247045300,7,SIBLLA,2026-04-13 18:42:37,2026-04-13 23:27:14,259,0.0,0.0,1.0,IT AUGUSTA,37.242307,15.214685,284.6166666666667
249087000,3,CMA CGM SALAMANQUE,2026-04-13 18:43:37,2026-04-13 23:27:14,258,0.1,0.0,1.0,ITAUG,37.2063215,15.217455,283.6166666666667
247243700,4,IEVOLI FAST,2026-04-13 18:43:37,2026-04-13 23:24:04,257,0.0,0.0,1.0,ITAUG,37.225017,15.207067,280.45
255916020,3,JAGUAR,2026-04-13 18:44:38,2026-04-13 23:27:14,257,0.1,0.0,1.0,ITAUG,37.217903,15.20736,282.6
256004706,70,SELLA MARE,2026-04-13 18:45:39,2026-04-13 19:43:20,52,0.2,0.1,1.0,,37.231165,15.224215,57.68333333333333
215910000,2,CLOTILDE,2026-04-13 18:45:39,2026-04-13 23:27:14,251,0.0,0.0,1.0,DZ ALG - IT AUG,37.219565,15.204902,281.5833333333333
256227000,3,NQ ROSA,2026-04-13 18:46:39,2026-04-13 23:24:04,253,0.4,0.0,0.782608695652174,IT AUG,37.208495,15.199568,277.4166666666667
219432000,2,TASING SWAN,2026-04-13 18:46:39,2026-04-13 23:24:04,254,0.1,0.0,1.0,ITAUG,37.184705,15.214122499999998,277.4166666666667
247425900,20,CITTA' DI AUGUSTA,2026-04-13 18:48:41,2026-04-13 23:27:14,253,0.0,0.0,0.8458498023715415,AUGUSTA,37.224223,15.216717,278.55
605076190,27,,2026-04-13 18:50:42,2026-04-13 19:27:09,37,0.0,0.0,1.0,,37.231632,15.205208,36.45
210515000,8,SOLVIK,2026-04-13 18:51:43,2026-04-13 23:24:04,249,0.0,0.0,1.0,AUGUSTA IT,37.194592,15.192027,272.35
247408700,33,MERSEY SPIRIT,2026-04-13 18:56:46,2026-04-13 23:27:14,238,0.0,0.0,1.0,AUGUSTA,37.223723,15.202572,270.46666666666664
247362500,70,AUGUSTA III,2026-04-13 19:34:14,2026-04-13 20:17:47,42,15.4,0.1,0.2619047619047619,AUG,37.2165765,15.212617,43.55
577339000,62,GENESIS CEMENT,2026-04-13 19:37:16,2026-04-13 23:24:04,172,0.0,0.0,1.0,ITAUG,37.236057,15.19861,226.8
605076190,28,RAS TOMB,2026-04-13 19:39:18,2026-04-13 23:27:14,201,0.0,0.0,1.0,ITAUG,37.23168,15.205427,227.93333333333334
247381300,59,MACISTONE,2026-04-13 19:53:28,2026-04-13 23:27:14,181,0.0,0.0,1.0,AUGUSTA,37.226675,15.217313,213.76666666666668
256004706,71,SELLA MARE,2026-04-13 19:54:28,2026-04-13 23:24:04,187,0.2,0.0,1.0,,37.231177,15.224192,209.6
235051011,14,MISS ELLE,2026-04-13 21:43:56,2026-04-13 23:24:04,65,0.2,0.1,1.0,AUGUSTA SICILY,37.230807,15.223993,100.13333333333334
261004176,92,,2026-04-13 21:57:32,2026-04-13 23:07:42,51,0.1,0.0,1.0,,37.230703,15.224295,70.16666666666667
636021700,26,DELTA BLUE,2026-04-13 22:14:16,2026-04-13 23:24:04,59,0.1,0.0,0.7288135593220338,AUGUSTA,37.189907,15.205948,69.8
247298300,69,KORAL,2026-04-13 22:34:32,2026-04-13 23:27:14,40,0.2,0.0,0.9,IT AUG,37.220463,15.192317,52.7
215958000,1,HISTRIA PERLA,2026-04-14 23:27:33,2026-04-15 17:37:18,1071,0.0,0.0,1.0,ITAUG,37.185645,15.200028,1089.75
247045300,8,SIBLLA,2026-04-14 23:27:33,2026-04-15 05:55:49,384,0.0,0.0,0.90625,IT AUGUSTA,37.242307,15.214685,388.26666666666665
256227000,4,NQ ROSA,2026-04-14 23:27:33,2026-04-15 00:05:04,38,0.0,0.0,1.0,IT AUG,37.20921,15.18889,37.516666666666666
247408700,34,MERSEY SPIRIT,2026-04-14 23:27:33,2026-04-15 17:25:09,1045,0.0,0.0,1.0,AUGUSTA,37.22478,15.201493,1077.6
247425900,21,CITTA' DI AUGUSTA,2026-04-14 23:27:33,2026-04-15 04:43:49,313,0.0,0.0,0.9680511182108626,AUGUSTA,37.224235,15.21671,316.26666666666665
247426100,20,CITTA' DI SIRACUSA,2026-04-14 23:27:33,2026-04-15 04:51:56,321,0.0,0.0,0.9626168224299065,AUGUSTA,37.22424,15.216567,324.3833333333333
247298300,70,KORAL,2026-04-14 23:27:33,2026-04-15 14:18:09,864,0.1,0.0,0.9965277777777778,IT AUG,37.220457,15.192325,890.6
636021700,27,DELTA BLUE,2026-04-14 23:27:33,2026-04-16 12:43:53,2203,0.0,0.0,1.0,AUGUSTA,37.195472,15.213583,2236.3333333333335
219432000,3,TASING SWAN,2026-04-14 23:27:33,2026-04-16 12:43:53,2205,0.0,0.0,0.9936507936507937,ITAUG,37.185057,15.212178,2236.3333333333335
210515000,9,SOLVIK,2026-04-14 23:27:33,2026-04-15 19:07:25,1158,0.0,0.0,1.0,AUGUSTA IT,37.194602,15.192018,1179.8666666666666
247381300,60,MACISTONE,2026-04-14 23:27:33,2026-04-15 05:53:47,381,0.0,0.0,1.0,AUGUSTA,37.226693,15.21731,386.23333333333335
577339000,63,GENESIS CEMENT,2026-04-14 23:27:33,2026-04-15 17:26:10,1060,0.0,0.0,1.0,ITAUG,37.23605,15.198603,1078.6166666666666
247131100,8,LIONE,2026-04-14 23:27:33,2026-04-16 12:43:53,2205,0.1,0.0,1.0,ITAUG,37.2265,15.217333,2236.3333333333335
255916020,4,JAGUAR,2026-04-14 23:27:33,2026-04-16 12:43:53,2205,0.0,0.0,1.0,ITAUG,37.23539,15.193597,2236.3333333333335
255915800,1,ADIYAMAN,2026-04-14 23:27:33,2026-04-16 12:43:53,2202,0.0,0.0,1.0,ITAUG,37.22772,15.201477,2236.3333333333335
247190400,21,DANTE A,2026-04-14 23:27:33,2026-04-14 23:57:58,31,0.0,0.0,1.0,ITAUG,37.211667,15.192167,30.416666666666668
215909000,33,SB AVANTEA,2026-04-14 23:27:33,2026-04-15 01:58:36,150,0.1,0.0,0.8133333333333334,IT AUG,37.203075,15.190883,151.05
605076190,29,RAS TOMB,2026-04-14 23:27:33,2026-04-15 00:18:15,45,0.0,0.0,1.0,ITAUG,37.23243,15.203737,50.7
247243700,5,IEVOLI FAST,2026-04-14 23:27:33,2026-04-15 08:12:46,505,0.0,0.0,1.0,ITAUG,37.208717,15.188483,525.2166666666667
256004706,72,SELLA MARE,2026-04-14 23:27:33,2026-04-15 17:26:10,1064,0.1,0.0,0.9943609022556391,,37.231172,15.224193,1078.6166666666666
215910000,3,,2026-04-14 23:34:39,2026-04-15 00:20:16,38,0.0,0.0,1.0,,37.208107,15.192847,45.61666666666667
235051011,15,,2026-04-14 23:37:42,2026-04-15 00:23:19,39,0.2,0.1,1.0,,37.230797,15.224015,45.61666666666667
373026000,1,ORIENTAL COSMOS,2026-04-14 23:54:56,2026-04-16 12:43:53,2172,0.1,0.0,0.962707182320442,ITAUG,37.220138,15.20302,2208.95
256227000,5,NQ ROSA,2026-04-15 00:16:13,2026-04-15 18:43:08,1056,0.0,0.0,1.0,IT AUG,37.209205,15.188887,1106.9166666666667
215910000,4,,2026-04-15 00:37:30,2026-04-15 02:08:44,86,0.0,0.0,1.0,,37.208105,15.192843,91.23333333333333
261004176,97,ZEFIRO,2026-04-15 01:16:02,2026-04-15 02:23:56,60,0.1,0.0,1.0,,37.230692,15.224303,67.9
605076190,30,,2026-04-15 01:21:06,2026-04-15 02:03:40,41,0.0,0.0,1.0,,37.232703,15.203845,42.56666666666667
235051011,19,,2026-04-15 02:13:48,2026-04-15 02:50:17,37,0.1,0.0,1.0,,37.230828,15.223973,36.483333333333334
605076190,32,RAS TOMB,2026-04-15 02:48:15,2026-04-15 04:27:36,80,0.1,0.0,1.0,ITAUG,37.232785,15.203885,99.35
235051011,21,,2026-04-15 03:28:47,2026-04-15 03:59:12,27,0.0,0.0,1.0,,37.230812,15.223982,30.416666666666668
215910000,5,,2026-04-15 03:28:47,2026-04-15 04:08:20,39,0.1,0.0,1.0,,37.20811,15.192848,39.55
261004176,99,ZEFIRO,2026-04-15 03:39:56,2026-04-15 04:13:24,34,0.1,0.0,1.0,,37.230693,15.224303,33.46666666666667
247268300,22,BRAVO,2026-04-15 03:43:59,2026-04-15 16:35:26,761,0.0,0.0,1.0,AUGUSTA,37.225317,15.216532,771.45
247343900,13,CAPO BOEO,2026-04-15 03:49:04,2026-04-15 16:41:31,762,0.0,0.0,0.8569553805774278,AUGUSTA,37.224552,15.216542,772.45
247351700,48,GABBIANO,2026-04-15 03:50:05,2026-04-15 09:48:09,354,0.0,0.0,0.6101694915254238,AUGUSTA,37.232205,15.217438,358.06666666666666
247362500,71,,2026-04-15 04:01:14,2026-04-15 04:50:55,41,0.0,0.0,1.0,,37.232178,15.217458,49.68333333333333
247278300,39,CAPO PASSERO,2026-04-15 04:24:33,2026-04-15 05:46:41,72,0.0,0.0,1.0,IN PORT,37.224952,15.216667,82.13333333333334
247187200,11,CAPO MOLINI,2026-04-15 04:25:34,2026-04-16 05:24:48,1479,0.1,0.0,0.8465179175118324,AUGUSTA,37.22492,15.216545,1499.2333333333333
215910000,6,,2026-04-15 04:25:34,2026-04-15 05:22:21,57,0.0,0.0,1.0,,37.208108,15.192847,56.78333333333333
247100900,18,SEBASTIANO,2026-04-15 05:02:05,2026-04-15 16:49:39,698,0.0,0.0,0.8868194842406877,AUGUSTA,37.22457,15.216647,707.5666666666667
247362500,72,AUGUSTA III,2026-04-15 05:07:09,2026-04-15 07:47:25,153,0.1,0.0,0.6078431372549019,AUG,37.232168,15.217437,160.26666666666668
605076190,34,RAS TOMB,2026-04-15 05:21:21,2026-04-15 07:06:49,105,0.1,0.0,1.0,ITAUG,37.231727,15.20491,105.46666666666667
215910000,7,CLOTILDE,2026-04-15 05:36:33,2026-04-15 06:34:21,44,0.0,0.0,1.0,DZ ALG - IT AUG,37.208107,15.192845,57.8
247381300,61,MACISTONE,2026-04-15 06:05:57,2026-04-15 07:51:28,105,0.0,0.0,1.0,AUGUSTA,37.226685,15.217322,105.51666666666667
538012456,1,ANGERONA,2026-04-15 06:13:03,2026-04-15 17:22:07,657,0.0,0.0,0.9178082191780822,ITAUG,37.207575,15.192275,669.0666666666667
235051011,25,MISS ELLE,2026-04-15 06:17:07,2026-04-15 07:05:48,44,0.1,0.0,1.0,AUGUSTA SICILY,37.230778,15.224003,48.68333333333333
215910000,8,CLOTILDE,2026-04-15 07:00:44,2026-04-15 08:22:55,67,0.0,0.0,1.0,DZ ALG - IT AUG,37.208108,15.192847,82.18333333333334
247333600,2,TAORMINA,2026-04-15 07:05:48,2026-04-15 17:41:21,621,0.0,0.0,1.0,AUGUSTA,37.232365,15.217483,635.55
636021231,5,MSC LILA F,2026-04-15 07:10:53,2026-04-15 08:36:06,78,0.1,0.0,1.0,ITAUG,37.238185,15.20161,85.21666666666667
235051011,26,,2026-04-15 07:16:58,2026-04-15 07:47:25,24,0.2,0.1,1.0,,37.230802,15.224033,30.45
247278300,41,CAPO PASSERO,2026-04-15 07:55:32,2026-04-15 11:46:55,212,0.0,0.0,0.9481132075471698,IN PORT,37.224983,15.216667,231.38333333333333
247381300,62,MACISTONE,2026-04-15 08:08:43,2026-04-15 14:57:47,391,0.0,0.0,1.0,AUGUSTA,37.226692,15.217323,409.06666666666666
247243700,6,IEVOLI FAST,2026-04-15 08:27:59,2026-04-15 20:16:16,671,0.0,0.0,0.9463487332339792,ITAUG,37.2087,15.188483,708.2833333333333
247362500,74,AUGUSTA III,2026-04-15 08:27:59,2026-04-15 18:10:44,562,3.1,0.0,0.43238434163701067,AUG,37.229573,15.2134645,582.75
215910000,9,CLOTILDE,2026-04-15 08:36:06,2026-04-15 09:28:51,45,0.0,0.0,1.0,DZ ALG - IT AUG,37.208108,15.192852,52.75
636021231,6,MSC LILA F,2026-04-15 09:08:34,2026-04-15 09:39:00,29,0.0,0.0,1.0,ITAUG,37.238192,15.201593,30.433333333333334
247190400,25,DANTE A,2026-04-15 09:37:59,2026-04-15 10:26:44,49,0.4,0.1,0.5714285714285714,ITPMO,37.226333,15.209833,48.75
215910000,10,CLOTILDE,2026-04-15 09:43:04,2026-04-15 10:34:51,49,0.0,0.0,1.0,DZ ALG - IT AUG,37.20811,15.192848,51.78333333333333
605076190,36,,2026-04-15 10:00:20,2026-04-15 10:30:47,29,0.0,0.0,1.0,,37.232705,15.203773,30.45
247351700,49,GABBIANO,2026-04-15 10:03:23,2026-04-15 16:15:09,367,0.0,0.0,0.8201634877384196,AUGUSTA,37.232175,15.217445,371.76666666666665
247190400,26,DANTE A,2026-04-15 10:40:56,2026-04-15 19:02:22,489,0.1,0.0,1.0,ITPMO,37.226667,15.209667,501.43333333333334
215910000,11,CLOTILDE,2026-04-15 10:46:01,2026-04-15 13:49:44,165,0.0,0.0,1.0,DZ ALG - IT AUG,37.208105,15.192848,183.71666666666667
605076190,37,,2026-04-15 10:51:06,2026-04-15 11:33:43,42,0.0,0.0,1.0,,37.232803,15.20383,42.61666666666667
271051063,1,ULUC KA,2026-04-15 11:23:35,2026-04-15 16:44:34,317,0.1,0.0,0.7728706624605678,MTMAR,37.216212,15.204535,320.98333333333335
636021231,9,MSC LILA F,2026-04-15 11:26:37,2026-04-15 11:58:04,32,0.0,0.0,1.0,ITAUG,37.238185,15.201592,31.45
247278300,42,CAPO PASSERO,2026-04-15 12:03:09,2026-04-15 14:43:33,157,0.0,0.0,0.6178343949044586,IN PORT,37.221117,15.210583,160.4
249475000,1,EMEK-S,2026-04-15 12:19:23,2026-04-15 13:14:12,55,1.9,0.0,0.38181818181818183,ITAUG,37.211953,15.195823,54.81666666666667
605076190,40,RAS TOMB,2026-04-15 13:15:13,2026-04-15 14:55:45,98,0.1,0.0,1.0,ITAUG,37.232365,15.203713,100.53333333333333
636021231,12,MSC LILA F,2026-04-15 13:26:23,2026-04-15 14:51:41,85,0.1,0.0,1.0,ITAUG,37.238195,15.201617,85.3
249475000,2,EMEK-S,2026-04-15 13:34:30,2026-04-15 14:42:32,65,0.0,0.0,1.0,ITAUG,37.212308,15.192382,68.03333333333333
215910000,12,CLOTILDE,2026-04-15 14:00:53,2026-04-15 18:39:05,263,0.0,0.0,1.0,DZ ALG - IT AUG,37.20811,15.192845,278.2
247298300,71,KORAL,2026-04-15 14:30:21,2026-04-15 17:25:09,166,0.1,0.0,1.0,IT AUG,37.220457,15.192318,174.8
249475000,3,,2026-04-15 14:52:42,2026-04-15 15:25:21,31,0.0,0.0,1.0,,37.21228,15.192405,32.65
210688000,16,AMAZONITH,2026-04-15 14:52:42,2026-04-15 15:53:48,61,1.5,0.0,0.39344262295081966,IT AUG,37.228617,15.198918,61.1
247278300,43,CAPO PASSERO,2026-04-15 15:07:56,2026-04-15 17:21:06,125,0.4,0.0,0.552,IN PORT,37.225,15.20005,133.16666666666666
247381300,63,MACISTONE,2026-04-15 15:26:22,2026-04-15 16:36:27,69,0.0,0.0,1.0,AUGUSTA,37.226697,15.217308,70.08333333333333
636021231,13,MSC LILA F,2026-04-15 15:32:28,2026-04-15 16:48:38,74,0.0,0.0,1.0,ITAUG,37.2381875,15.2016075,76.16666666666667
247351700,50,GABBIANO,2026-04-15 16:27:19,2026-04-15 17:26:10,59,0.0,0.0,0.9152542372881356,AUGUSTA,37.232292,15.217473,58.85
249475000,5,EMEK-S,2026-04-15 16:34:25,2026-04-15 17:07:54,34,0.0,0.0,1.0,ITAUG,37.212243,15.192362,33.483333333333334
247381300,64,MACISTONE,2026-04-15 16:47:37,2026-04-15 17:25:09,38,0.0,0.0,1.0,AUGUSTA,37.226695,15.21736,37.53333333333333
247408700,35,MERSEY SPIRIT,2026-04-15 17:47:26,2026-04-16 12:43:53,1101,0.1,0.0,0.9945504087193461,AUGUSTA,37.223893,15.201688,1136.45
256004706,73,,2026-04-15 17:48:26,2026-04-15 18:28:58,41,0.1,0.0,1.0,,37.231163,15.224197,40.53333333333333
215958000,2,HISTRIA PERLA,2026-04-15 17:49:27,2026-04-16 10:32:54,985,0.0,0.0,0.9472081218274112,ITAUG,37.210335,15.205998,1003.45
247278300,44,CAPO PASSERO,2026-04-15 17:50:28,2026-04-15 18:28:58,39,0.0,0.0,0.7692307692307693,IN PORT,37.2273,15.214,38.5
636021231,14,MSC LILA F,2026-04-15 17:59:35,2026-04-15 19:21:35,78,4.5,0.0,0.358974358974359,ITGIT,37.2247805,15.201613,82.0
256004706,74,SELLA MARE,2026-04-15 18:43:08,2026-04-16 12:43:53,1058,0.1,0.0,1.0,,37.231175,15.224195,1080.75
256227000,6,NQ ROSA,2026-04-15 18:57:18,2026-04-15 21:54:32,165,0.0,0.0,1.0,IT AUG,37.20921,15.188888,177.23333333333332
605076190,43,RAS TOMB,2026-04-15 19:06:24,2026-04-15 20:07:09,56,0.1,0.0,1.0,ITAUG,37.231975,15.203883,60.75
210627000,8,MOLVIK,2026-04-15 19:15:31,2026-04-16 12:43:53,1029,0.0,0.0,0.9300291545189504,ITAUG,37.213997,15.20308,1048.3666666666666
247190400,27,DANTE A,2026-04-15 19:17:32,2026-04-15 21:18:04,120,0.1,0.0,1.0,ITPMO,37.226333,15.209667,120.53333333333333
247278300,46,CAPO PASSERO,2026-04-15 19:24:37,2026-04-15 20:25:22,60,0.45,0.1,0.65,IN PORT,37.185225,15.202958500000001,60.75
247333600,5,TAORMINA,2026-04-15 19:28:40,2026-04-16 12:43:53,1013,0.0,0.0,1.0,AUGUSTA,37.232362,15.217498,1035.2166666666667
210515000,10,SOLVIK,2026-04-15 19:30:41,2026-04-16 11:46:00,960,0.0,0.0,0.9770833333333333,AUGUSTA IT,37.194597,15.19202,975.3166666666667
538012456,3,ANGERONA,2026-04-15 20:05:07,2026-04-16 12:43:53,970,0.0,0.0,1.0,ITAUG,37.20758,15.192277,998.7666666666667
577339000,65,GENESIS CEMENT,2026-04-15 20:16:16,2026-04-15 21:01:50,41,0.0,0.0,1.0,ITAUG,37.23605,15.198602,45.56666666666667
215910000,15,CLOTILDE,2026-04-15 20:26:23,2026-04-16 00:56:03,260,0.0,0.0,0.8115384615384615,IT AUG - DZ ALG,37.208273,15.2026665,269.6666666666667
247298300,75,KORAL,2026-04-15 20:27:24,2026-04-16 07:58:01,656,0.1,0.0,1.0,IT AUG,37.220457,15.192322,690.6166666666667
247362500,76,AUGUSTA III,2026-04-15 20:33:28,2026-04-16 00:36:47,236,0.0,0.0,1.0,AUG,37.232268,15.217483999999999,243.31666666666666
261004176,106,ZEFIRO,2026-04-15 20:38:32,2026-04-15 21:52:31,74,0.1,0.1,1.0,,37.230712,15.224333,73.98333333333333
247381300,66,MACISTONE,2026-04-15 20:38:32,2026-04-16 12:43:53,868,0.0,0.0,1.0,AUGUSTA,37.226685,15.217315,965.35
247114600,34,,2026-04-15 20:39:33,2026-04-15 21:31:14,37,0.0,0.0,1.0,,37.235973,15.194135,51.68333333333333
247278300,47,CAPO PASSERO,2026-04-15 20:43:36,2026-04-16 04:47:15,464,0.0,0.0,0.7262931034482759,IN PORT,37.22495,15.216633,483.65
210688000,17,,2026-04-15 20:52:43,2026-04-15 21:37:19,42,0.0,0.0,1.0,,37.228617,15.196217,44.6
577339000,66,GENESIS CEMENT,2026-04-15 21:16:02,2026-04-15 23:07:32,95,0.0,0.0,1.0,ITAUG,37.236052,15.1986,111.5
249475000,7,EMEK-S,2026-04-15 21:19:04,2026-04-15 23:07:32,81,0.0,0.0,1.0,ITAUG,37.212258,15.192383,108.46666666666667
247190400,28,DANTE A,2026-04-15 21:35:17,2026-04-16 12:43:53,896,0.1,0.0,1.0,ITPMO,37.225333,15.21,908.6
249891000,21,CGAS NEPTUNE,2026-04-15 21:54:32,2026-04-15 23:01:27,67,0.9,0.0,0.44776119402985076,IT AUG,37.213278,15.190802,66.91666666666667
605076190,44,RAS TOMB,2026-04-15 21:59:36,2026-04-15 23:25:48,81,0.0,0.0,1.0,ITAUG,37.232633,15.205635,86.2
256227000,7,NQ ROSA,2026-04-15 22:09:45,2026-04-16 12:43:53,860,0.0,0.0,1.0,IT AUG,37.209207,15.188883,874.1333333333333
235051011,34,MISS ELLE,2026-04-15 22:16:51,2026-04-15 23:42:01,77,0.2,0.1,1.0,AUGUSTA SICILY,37.230753,15.224003,85.16666666666667
261004176,107,ZEFIRO,2026-04-15 22:17:51,2026-04-15 23:08:33,41,0.1,0.1,1.0,,37.230685,15.224328,50.7
210688000,19,,2026-04-15 22:27:59,2026-04-15 23:25:48,51,0.0,0.0,1.0,,37.228617,15.196217,57.81666666666667
261004176,109,ZEFIRO,2026-04-15 23:56:13,2026-04-16 00:41:51,44,0.1,0.0,1.0,,37.2306885,15.224283,45.63333333333333
577339000,67,GENESIS CEMENT,2026-04-15 23:58:14,2026-04-16 01:43:43,83,0.0,0.0,1.0,ITAUG,37.23605,15.1986,105.48333333333333
210688000,20,,2026-04-16 00:04:20,2026-04-16 00:49:58,41,0.0,0.0,1.0,,37.228617,15.196217,45.63333333333333
235051011,35,,2026-04-16 00:05:20,2026-04-16 01:14:18,60,0.1,0.0,1.0,,37.2308,15.224018,68.96666666666667
249891000,24,CGAS NEPTUNE,2026-04-16 00:06:21,2026-04-16 02:07:03,89,0.0,0.0,1.0,IT AUG,37.213277,15.188297,120.7
261004176,110,ZEFIRO,2026-04-16 00:59:05,2026-04-16 01:52:51,52,0.1,0.0,1.0,,37.23073,15.224258,53.766666666666666
247362500,78,AUGUSTA III,2026-04-16 01:09:14,2026-04-16 10:08:32,532,0.0,0.0,0.9135338345864662,AUG,37.232258,15.21747,539.3
605076190,49,RAS TOMB,2026-04-16 01:41:41,2026-04-16 12:43:53,647,0.1,0.0,1.0,ITAUG,37.231762,15.203992,662.2
261004176,111,ZEFIRO,2026-04-16 02:17:11,2026-04-16 02:52:41,36,0.1,0.0,1.0,,37.23071349999999,15.2242965,35.5
249891000,25,CGAS NEPTUNE,2026-04-16 02:21:14,2026-04-16 03:31:12,62,0.0,0.0,1.0,IT AUG,37.213278,15.188287,69.96666666666667
235051011,37,MISS ELLE,2026-04-16 02:23:16,2026-04-16 03:02:49,36,0.1,0.0,1.0,AUGUSTA SICILY,37.230793,15.224027,39.55
577339000,69,GENESIS CEMENT,2026-04-16 02:33:25,2026-04-16 12:43:53,560,0.0,0.0,0.9928571428571429,TRGEM,37.236052,15.1986025,610.4666666666667
261004176,112,,2026-04-16 03:41:20,2026-04-16 04:20:53,32,0.1,0.1,1.0,,37.230685,15.22432,39.55
235051011,39,,2026-04-16 03:41:20,2026-04-16 04:23:56,42,0.1,0.1,1.0,,37.230762,15.224013,42.6
211737600,1,SY ALOHA KALA 2,2026-04-16 04:19:52,2026-04-16 05:12:37,53,6.9,0.1,0.39622641509433965,,37.215093,15.216877,52.75
247268300,23,BRAVO,2026-04-16 04:29:00,2026-04-16 12:43:53,488,0.0,0.0,0.9159836065573771,AUGUSTA,37.225317,15.216533,494.8833333333333
261004176,113,ZEFIRO,2026-04-16 04:35:05,2026-04-16 05:58:17,80,0.1,0.1,1.0,,37.230677,15.22431,83.2
247425900,22,CITTA' DI AUGUSTA,2026-04-16 04:52:20,2026-04-16 12:43:53,465,0.0,0.0,0.9397849462365592,AUGUSTA,37.224237,15.216707,471.55
247343900,14,CAPO BOEO,2026-04-16 04:53:21,2026-04-16 12:43:53,464,0.0,0.0,0.8706896551724138,AUGUSTA,37.222998,15.217233,470.53333333333336
247426100,21,CITTA' DI SIRACUSA,2026-04-16 04:58:25,2026-04-16 12:43:53,459,0.0,0.0,0.9324618736383442,AUGUSTA,37.224242,15.216575,465.46666666666664
247100900,19,SEBASTIANO,2026-04-16 05:02:28,2026-04-16 12:43:53,455,0.0,0.0,0.8615384615384616,AUGUSTA,37.224917,15.21675,461.4166666666667
247351700,53,GABBIANO,2026-04-16 05:05:31,2026-04-16 12:43:53,441,0.0,0.0,0.6848072562358276,AUGUSTA,37.232148,15.217395,458.3666666666667
235051011,40,,2026-04-16 05:19:43,2026-04-16 05:57:16,31,0.1,0.0,1.0,,37.230783,15.224035,37.55
210688000,25,,2026-04-16 05:52:12,2026-04-16 06:50:02,51,0.0,0.0,1.0,,37.228617,15.196235,57.833333333333336
235051011,41,MISS ELLE,2026-04-16 07:14:23,2026-04-16 08:00:03,42,0.1,0.0,1.0,AUGUSTA SICILY,37.230802,15.224035,45.666666666666664
247298300,76,KORAL,2026-04-16 08:21:22,2026-04-16 08:51:25,29,0.1,0.0,1.0,IT AUG,37.220447,15.192317,30.05
247187200,12,CAPO MOLINI,2026-04-16 08:32:09,2026-04-16 10:19:42,107,0.0,0.0,1.0,AUGUSTA,37.224927,15.216553,107.55
235051011,45,MISS ELLE,2026-04-16 10:13:37,2026-04-16 11:05:24,44,0.1,0.1,1.0,AUGUSTA SICILY,37.230775,15.22401,51.78333333333333
247362500,79,AUGUSTA III,2026-04-16 10:23:46,2026-04-16 12:43:53,138,0.1,0.0,0.5362318840579711,AUG,37.232152,15.217413,140.11666666666667
247282600,1,ODOARDO AMORETTI,2026-04-16 10:48:07,2026-04-16 12:43:53,115,0.2,0.0,0.6173913043478261,IT AUG,37.23164,15.207337,115.76666666666667
247298300,80,KORAL,2026-04-16 11:29:46,2026-04-16 12:43:53,74,0.1,0.0,1.0,IT AUG,37.220457,15.192322,74.11666666666666
247278300,48,CAPO PASSERO,2026-04-16 11:35:51,2026-04-16 12:43:53,68,0.0,0.0,1.0,IN PORT,37.224955,15.216667,68.03333333333333
