recorded_at,ship_rows,changes,change_fraction
2026-04-03 10:42:38,47,47,1.0
2026-04-03 10:43:39,48,24,0.5
2026-04-03 10:44:40,47,26,0.5531914893617021
2026-04-03 10:45:40,46,27,0.5869565217391305
2026-04-03 10:46:41,46,27,0.5869565217391305
2026-04-03 10:47:42,49,30,0.6122448979591837
2026-04-03 10:48:43,48,30,0.625
2026-04-03 10:49:43,49,25,0.5102040816326531
2026-04-03 10:50:44,49,26,0.5306122448979592
2026-04-03 10:51:45,51,28,0.5490196078431373
2026-04-03 10:52:46,52,32,0.6153846153846154
2026-04-03 10:53:47,52,29,0.5576923076923077
2026-04-03 10:54:47,52,26,0.5
2026-04-03 10:55:48,53,29,0.5471698113207547
2026-04-03 10:56:49,53,28,0.5283018867924528
2026-04-03 10:57:50,53,24,0.4528301886792453
2026-04-03 10:58:51,52,31,0.5961538461538461
2026-04-03 10:59:52,51,29,0.5686274509803921
2026-04-03 11:00:52,51,26,0.5098039215686274
2026-04-03 11:01:53,49,28,0.5714285714285714
2026-04-03 11:02:54,49,30,0.6122448979591837
2026-04-03 11:03:55,49,27,0.5510204081632653
2026-04-03 11:04:56,48,31,0.6458333333333334
2026-04-03 11:05:57,48,30,0.625
2026-04-03 11:06:57,47,25,0.5319148936170213
2026-04-03 11:07:58,48,30,0.625
2026-04-03 11:08:59,49,31,0.6326530612244898
2026-04-03 11:10:00,48,26,0.5416666666666666
2026-04-03 11:11:01,49,31,0.6326530612244898
2026-04-03 11:12:02,49,29,0.5918367346938775
2026-04-03 11:13:02,49,26,0.5306122448979592
2026-04-03 11:14:03,50,31,0.62
2026-04-03 11:15:04,50,28,0.56
2026-04-03 11:16:05,49,27,0.5510204081632653
2026-04-03 11:17:06,48,30,0.625
2026-04-03 11:18:07,49,27,0.5510204081632653
2026-04-03 11:19:07,49,25,0.5102040816326531
2026-04-03 11:20:08,49,30,0.6122448979591837
2026-04-03 11:21:09,48,27,0.5625
2026-04-03 11:22:10,48,25,0.5208333333333334
2026-04-03 11:23:11,48,31,0.6458333333333334
2026-04-03 11:24:12,48,28,0.5833333333333334
2026-04-03 11:25:12,48,24,0.5
2026-04-03 11:26:13,48,28,0.5833333333333334
2026-04-03 11:27:14,48,26,0.5416666666666666
2026-04-03 11:28:15,48,23,0.4791666666666667
2026-04-03 11:29:15,48,26,0.5416666666666666
2026-04-03 11:30:16,50,29,0.58
2026-04-03 11:31:17,51,27,0.5294117647058824
2026-04-03 11:32:18,51,33,0.6470588235294118
2026-04-03 11:33:19,52,29,0.5576923076923077
2026-04-03 11:34:19,51,28,0.5490196078431373
2026-04-03 11:35:20,52,31,0.5961538461538461
2026-04-03 11:36:21,53,33,0.6226415094339622
2026-04-03 11:37:22,52,27,0.5192307692307693
2026-04-03 11:38:23,52,32,0.6153846153846154
2026-04-03 11:39:23,52,30,0.5769230769230769
2026-04-03 11:40:24,52,27,0.5192307692307693
2026-04-03 11:41:25,52,33,0.6346153846153846
2026-04-03 11:42:26,51,31,0.6078431372549019
2026-04-03 11:43:27,50,27,0.54
2026-04-03 11:44:28,50,33,0.66
2026-04-03 11:45:28,49,31,0.6326530612244898
2026-04-03 11:46:29,50,31,0.62
2026-04-03 11:47:30,51,34,0.6666666666666666
2026-04-03 11:48:31,51,30,0.5882352941176471
2026-04-03 11:49:32,52,30,0.5769230769230769
2026-04-03 11:50:32,52,32,0.6153846153846154
2026-04-03 11:51:33,54,34,0.6296296296296297
2026-04-03 11:52:34,54,33,0.6111111111111112
2026-04-03 11:53:35,54,34,0.6296296296296297
2026-04-03 11:54:36,54,34,0.6296296296296297
2026-04-03 11:55:37,54,33,0.6111111111111112
2026-04-03 11:56:37,54,32,0.5925925925925926
2026-04-03 11:57:38,54,33,0.6111111111111112
2026-04-03 11:58:39,54,31,0.5740740740740741
2026-04-03 11:59:40,54,31,0.5740740740740741
2026-04-03 12:00:41,55,32,0.5818181818181818
2026-04-03 12:01:42,56,34,0.6071428571428571
2026-04-03 12:02:43,57,30,0.5263157894736842
2026-04-03 12:03:43,57,36,0.631578947368421
2026-04-03 12:04:44,58,36,0.6206896551724138
2026-04-03 12:05:45,58,31,0.5344827586206896
2026-04-03 12:06:46,57,32,0.5614035087719298
2026-04-03 12:07:47,57,32,0.5614035087719298
2026-04-03 12:08:48,57,32,0.5614035087719298
2026-04-03 12:09:49,56,29,0.5178571428571429
2026-04-03 12:10:50,55,32,0.5818181818181818
2026-04-03 12:11:51,54,32,0.5925925925925926
2026-04-03 12:12:51,54,31,0.5740740740740741
2026-04-03 12:13:52,52,30,0.5769230769230769
2026-04-03 12:14:53,54,33,0.6111111111111112
2026-04-03 12:15:54,54,29,0.5370370370370371
2026-04-03 12:16:55,55,31,0.5636363636363636
2026-04-03 12:17:56,53,33,0.6226415094339622
2026-04-03 12:18:57,53,31,0.5849056603773585
2026-04-03 12:19:57,53,31,0.5849056603773585
2026-04-03 12:20:58,54,32,0.5925925925925926
2026-04-03 12:21:59,55,32,0.5818181818181818
2026-04-03 12:23:00,55,30,0.5454545454545454
2026-04-03 12:24:01,54,32,0.5925925925925926
2026-04-03 12:25:02,52,28,0.5384615384615384
2026-04-03 12:26:02,53,30,0.5660377358490566
2026-04-03 12:27:03,52,29,0.5576923076923077
2026-04-03 12:28:04,52,30,0.5769230769230769
2026-04-03 12:29:05,53,30,0.5660377358490566
2026-04-03 12:30:06,52,30,0.5769230769230769
2026-04-03 12:31:07,52,27,0.5192307692307693
2026-04-03 12:32:08,53,33,0.6226415094339622
2026-04-03 12:33:08,52,27,0.5192307692307693
2026-04-03 12:34:09,53,29,0.5471698113207547
2026-04-03 12:35:10,54,32,0.5925925925925926
2026-04-03 12:36:11,54,29,0.5370370370370371
2026-04-03 12:37:12,53,27,0.5094339622641509
2026-04-03 12:38:13,53,32,0.6037735849056604
2026-04-03 12:39:13,52,29,0.5576923076923077
2026-04-03 12:40:14,51,30,0.5882352941176471
2026-04-03 12:41:15,51,30,0.5882352941176471
2026-04-03 12:42:16,51,29,0.5686274509803921
2026-04-03 12:43:17,51,28,0.5490196078431373
2026-04-03 12:44:18,51,30,0.5882352941176471
2026-04-03 12:45:19,50,28,0.56
2026-04-03 12:46:19,50,31,0.62
2026-04-03 12:47:20,51,30,0.5882352941176471
2026-04-03 12:48:21,50,28,0.56
2026-04-03 12:49:22,49,31,0.6326530612244898
2026-04-03 12:50:23,50,31,0.62
2026-04-03 12:51:24,50,27,0.54
2026-04-03 12:52:24,50,31,0.62
2026-04-03 12:53:25,50,32,0.64
2026-04-03 12:54:26,50,28,0.56
2026-04-03 12:55:27,53,32,0.6037735849056604
2026-04-03 12:56:28,53,35,0.660377358490566
2026-04-03 12:57:29,53,29,0.5471698113207547
2026-04-03 12:58:29,52,33,0.6346153846153846
2026-04-03 12:59:30,52,29,0.5576923076923077
2026-04-03 13:00:31,51,31,0.6078431372549019
2026-04-03 13:01:32,51,29,0.5686274509803921
2026-04-03 13:02:33,52,28,0.5384615384615384
2026-04-03 13:03:34,53,30,0.5660377358490566
2026-04-03 13:04:34,54,33,0.6111111111111112
2026-04-03 13:05:35,55,30,0.5454545454545454
2026-04-03 13:06:36,54,29,0.5370370370370371
2026-04-03 13:07:37,52,29,0.5576923076923077
2026-04-03 13:08:38,53,30,0.5660377358490566
2026-04-03 13:09:39,52,29,0.5576923076923077
2026-04-03 13:10:39,51,32,0.6274509803921569
2026-04-03 13:11:40,51,31,0.6078431372549019
2026-04-03 13:12:41,51,28,0.5490196078431373
2026-04-03 13:13:42,53,31,0.5849056603773585
2026-04-03 13:14:43,52,29,0.5576923076923077
2026-04-03 13:15:44,52,25,0.4807692307692308
2026-04-03 13:16:45,52,32,0.6153846153846154
2026-04-03 13:17:46,52,26,0.5
2026-04-03 13:18:46,52,29,0.5576923076923077
2026-04-03 13:19:47,52,29,0.5576923076923077
2026-04-03 13:20:48,51,29,0.5686274509803921
2026-04-03 13:21:49,51,30,0.5882352941176471
2026-04-03 13:22:50,53,34,0.6415094339622641
2026-04-03 13:23:51,52,28,0.5384615384615384
2026-04-03 13:24:51,51,28,0.5490196078431373
2026-04-03 13:25:52,51,31,0.6078431372549019
2026-04-03 13:26:53,51,28,0.5490196078431373
2026-04-03 13:27:54,51,29,0.5686274509803921
2026-04-03 13:28:55,51,29,0.5686274509803921
2026-04-03 13:29:56,50,28,0.56
2026-04-03 13:30:56,50,26,0.52
2026-04-03 13:31:57,49,25,0.5102040816326531
2026-04-03 13:32:58,49,28,0.5714285714285714
2026-04-03 13:33:59,47,27,0.574468085106383
2026-04-03 13:35:00,48,28,0.5833333333333334
2026-04-03 13:36:01,48,28,0.5833333333333334
2026-04-03 13:37:01,47,26,0.5531914893617021
2026-04-03 13:38:02,47,27,0.574468085106383
2026-04-03 13:39:03,45,26,0.5777777777777777
2026-04-03 13:40:04,45,28,0.6222222222222222
2026-04-03 13:41:05,46,26,0.5652173913043478
2026-04-03 13:42:06,46,28,0.6086956521739131
2026-04-03 13:43:07,46,24,0.5217391304347826
2026-04-03 13:44:07,46,25,0.5434782608695652
2026-04-03 13:45:08,46,27,0.5869565217391305
2026-04-03 13:46:09,45,24,0.5333333333333333
2026-04-03 13:47:10,48,32,0.6666666666666666
2026-04-03 13:48:11,48,27,0.5625
2026-04-03 13:49:12,46,24,0.5217391304347826
2026-04-03 13:50:12,46,27,0.5869565217391305
2026-04-03 13:51:13,48,27,0.5625
2026-04-03 13:52:14,47,24,0.5106382978723404
2026-04-03 13:53:15,47,27,0.574468085106383
2026-04-03 13:54:16,47,25,0.5319148936170213
2026-04-03 13:55:17,46,24,0.5217391304347826
2026-04-03 13:56:17,47,26,0.5531914893617021
2026-04-03 13:57:18,45,22,0.4888888888888889
2026-04-03 13:58:19,44,23,0.5227272727272727
2026-04-03 13:59:20,44,25,0.5681818181818182
2026-04-03 14:00:21,44,25,0.5681818181818182
2026-04-03 14:01:21,44,26,0.5909090909090909
2026-04-03 14:02:22,44,25,0.5681818181818182
2026-04-03 14:03:23,43,26,0.6046511627906976
2026-04-03 14:04:24,44,28,0.6363636363636364
2026-04-03 14:05:25,45,30,0.6666666666666666
2026-04-03 14:06:25,46,26,0.5652173913043478
2026-04-03 14:07:26,47,25,0.5319148936170213
2026-04-03 14:08:27,48,30,0.625
2026-04-03 14:09:28,50,25,0.5
2026-04-03 14:10:29,50,29,0.58
2026-04-03 14:11:30,51,27,0.5294117647058824
2026-04-03 14:12:31,51,29,0.5686274509803921
2026-04-03 14:13:31,51,26,0.5098039215686274
2026-04-03 14:14:32,50,30,0.6
2026-04-03 14:15:33,48,26,0.5416666666666666
2026-04-03 14:16:34,48,31,0.6458333333333334
2026-04-03 14:17:35,48,29,0.6041666666666666
2026-04-03 14:18:36,47,28,0.5957446808510638
2026-04-03 14:19:37,47,27,0.574468085106383
2026-04-03 14:20:37,45,26,0.5777777777777777
2026-04-03 14:21:38,45,27,0.6
2026-04-03 14:22:39,45,29,0.6444444444444445
2026-04-03 14:23:40,47,30,0.6382978723404256
2026-04-03 14:24:41,46,27,0.5869565217391305
2026-04-03 14:25:42,46,28,0.6086956521739131
2026-04-03 14:26:42,46,28,0.6086956521739131
2026-04-03 14:27:43,47,27,0.574468085106383
2026-04-03 14:28:44,49,30,0.6122448979591837
2026-04-03 14:29:45,49,26,0.5306122448979592
2026-04-03 14:30:46,49,28,0.5714285714285714
2026-04-03 14:31:47,50,29,0.58
2026-04-03 14:32:48,50,25,0.5
2026-04-03 14:33:48,50,28,0.56
2026-04-03 14:34:49,50,30,0.6
2026-04-03 14:35:50,49,24,0.4897959183673469
2026-04-03 14:36:51,49,27,0.5510204081632653
2026-04-03 14:37:52,50,28,0.56
2026-04-03 14:38:53,49,24,0.4897959183673469
2026-04-03 14:39:54,49,28,0.5714285714285714
2026-04-03 14:40:55,48,26,0.5416666666666666
2026-04-03 14:41:56,47,27,0.574468085106383
2026-04-03 14:42:56,47,25,0.5319148936170213
2026-04-03 14:43:57,48,27,0.5625
2026-04-03 14:44:58,48,27,0.5625
2026-04-03 14:45:59,44,25,0.5681818181818182
2026-04-03 14:47:00,44,28,0.6363636363636364
2026-04-03 14:48:01,45,27,0.6
2026-04-03 14:49:02,45,28,0.6222222222222222
2026-04-03 14:50:03,47,30,0.6382978723404256
2026-04-03 14:51:04,48,26,0.5416666666666666
2026-04-03 14:52:05,49,25,0.5102040816326531
2026-04-03 14:53:06,49,28,0.5714285714285714
2026-04-03 14:54:07,48,25,0.5208333333333334
2026-04-03 14:55:08,48,22,0.4583333333333333
2026-04-03 14:56:09,49,30,0.6122448979591837
2026-04-03 14:57:09,48,28,0.5833333333333334
2026-04-03 14:58:10,47,22,0.46808510638297873
2026-04-03 14:59:11,47,28,0.5957446808510638
2026-04-03 15:00:12,45,25,0.5555555555555556
2026-04-03 15:01:13,45,20,0.4444444444444444
2026-04-03 15:02:14,44,29,0.6590909090909091
2026-04-03 15:03:15,43,28,0.6511627906976745
2026-04-03 15:04:16,44,25,0.5681818181818182
2026-04-03 15:05:17,45,27,0.6
2026-04-03 15:06:17,45,27,0.6
2026-04-03 15:07:18,45,23,0.5111111111111111
2026-04-03 15:08:19,45,24,0.5333333333333333
2026-04-03 15:09:20,44,26,0.5909090909090909
2026-04-03 15:10:21,44,23,0.5227272727272727
2026-04-03 15:11:22,45,25,0.5555555555555556
2026-04-03 15:12:22,45,21,0.4666666666666667
2026-04-03 15:13:23,45,22,0.4888888888888889
2026-04-03 15:14:24,45,27,0.6
2026-04-03 15:15:25,43,25,0.5813953488372093
2026-04-03 15:16:26,43,23,0.5348837209302325
2026-04-03 15:17:27,44,26,0.5909090909090909
2026-04-03 15:18:27,44,27,0.6136363636363636
2026-04-03 15:19:28,44,24,0.5454545454545454
2026-04-03 15:20:29,44,26,0.5909090909090909
2026-04-03 15:21:30,43,24,0.5581395348837209
2026-04-03 15:22:31,43,25,0.5813953488372093
2026-04-03 15:23:31,45,26,0.5777777777777777
2026-04-03 15:24:32,44,24,0.5454545454545454
2026-04-03 15:25:33,45,26,0.5777777777777777
2026-04-03 15:26:34,46,29,0.6304347826086957
2026-04-03 15:27:35,46,23,0.5
2026-04-03 15:28:36,46,23,0.5
2026-04-03 15:29:36,46,24,0.5217391304347826
2026-04-03 15:30:37,45,22,0.4888888888888889
2026-04-03 15:31:38,44,21,0.4772727272727273
2026-04-03 15:32:39,45,26,0.5777777777777777
2026-04-03 15:33:39,44,23,0.5227272727272727
2026-04-03 15:34:40,44,27,0.6136363636363636
2026-04-03 15:35:41,43,22,0.5116279069767442
2026-04-03 15:36:42,43,25,0.5813953488372093
2026-04-03 15:37:43,43,24,0.5581395348837209
2026-04-03 15:38:43,43,22,0.5116279069767442
2026-04-03 15:39:44,43,21,0.4883720930232558
2026-04-03 15:40:45,42,26,0.6190476190476191
2026-04-03 15:41:46,43,25,0.5813953488372093
2026-04-03 15:42:47,44,27,0.6136363636363636
2026-04-03 15:43:47,46,27,0.5869565217391305
2026-04-03 15:44:48,46,25,0.5434782608695652
2026-04-03 15:45:49,45,26,0.5777777777777777
2026-04-03 15:46:50,45,32,0.7111111111111111
2026-04-03 15:47:51,46,24,0.5217391304347826
2026-04-03 15:48:51,46,26,0.5652173913043478
2026-04-03 15:49:52,46,24,0.5217391304347826
2026-04-03 15:50:53,47,27,0.574468085106383
2026-04-03 15:51:54,47,23,0.48936170212765956
2026-04-03 15:52:55,47,24,0.5106382978723404
2026-04-03 15:53:56,47,23,0.48936170212765956
2026-04-03 15:54:56,47,20,0.425531914893617
2026-04-03 15:55:57,46,24,0.5217391304347826
2026-04-03 15:56:58,47,25,0.5319148936170213
2026-04-03 15:57:59,45,26,0.5777777777777777
2026-04-03 15:59:00,44,22,0.5
2026-04-03 16:00:01,44,20,0.45454545454545453
2026-04-03 16:01:01,45,23,0.5111111111111111
2026-04-03 16:02:02,45,26,0.5777777777777777
2026-04-03 16:03:03,45,23,0.5111111111111111
2026-04-03 16:04:04,44,23,0.5227272727272727
2026-04-03 16:05:05,44,24,0.5454545454545454
2026-04-03 16:06:06,44,24,0.5454545454545454
2026-04-03 16:07:06,44,23,0.5227272727272727
2026-04-03 16:08:07,43,23,0.5348837209302325
2026-04-03 16:09:08,43,25,0.5813953488372093
2026-04-03 16:10:09,43,19,0.4418604651162791
2026-04-03 16:11:10,42,26,0.6190476190476191
2026-04-03 16:12:10,41,19,0.4634146341463415
2026-04-03 16:13:11,42,22,0.5238095238095238
2026-04-03 16:14:12,42,23,0.5476190476190477
2026-04-03 16:15:13,42,21,0.5
2026-04-03 16:16:14,41,22,0.5365853658536586
2026-04-03 16:17:14,41,23,0.5609756097560976
2026-04-03 16:18:15,43,22,0.5116279069767442
2026-04-03 16:19:16,43,22,0.5116279069767442
2026-04-03 16:20:17,42,23,0.5476190476190477
2026-04-03 16:21:18,42,20,0.47619047619047616
2026-04-03 16:22:19,42,20,0.47619047619047616
2026-04-03 16:23:19,41,22,0.5365853658536586
2026-04-03 16:24:20,43,26,0.6046511627906976
2026-04-03 16:25:21,44,23,0.5227272727272727
2026-04-03 16:26:22,44,25,0.5681818181818182
2026-04-03 16:27:22,44,24,0.5454545454545454
2026-04-03 16:28:23,44,23,0.5227272727272727
2026-04-03 16:29:24,43,24,0.5581395348837209
2026-04-03 16:30:25,43,25,0.5813953488372093
2026-04-03 16:31:26,43,21,0.4883720930232558
2026-04-03 16:32:27,43,23,0.5348837209302325
2026-04-03 16:33:27,43,23,0.5348837209302325
2026-04-03 16:34:28,42,18,0.42857142857142855
2026-04-03 16:35:29,43,27,0.627906976744186
2026-04-03 16:36:30,43,22,0.5116279069767442
2026-04-03 16:37:31,44,20,0.45454545454545453
2026-04-03 16:38:31,44,22,0.5
2026-04-03 16:39:32,43,22,0.5116279069767442
2026-04-03 16:40:33,43,18,0.4186046511627907
2026-04-03 16:41:34,41,21,0.5121951219512195
2026-04-03 16:42:35,41,17,0.4146341463414634
2026-04-03 16:43:35,42,20,0.47619047619047616
2026-04-03 16:44:36,43,26,0.6046511627906976
2026-04-03 16:45:37,43,18,0.4186046511627907
2026-04-03 16:46:38,43,20,0.46511627906976744
2026-04-03 16:47:38,42,25,0.5952380952380952
2026-04-03 16:48:39,43,19,0.4418604651162791
2026-04-03 16:49:40,41,20,0.4878048780487805
2026-04-03 16:50:41,40,21,0.525
2026-04-03 16:51:42,39,17,0.4358974358974359
2026-04-03 16:52:42,39,19,0.48717948717948717
2026-04-03 16:53:43,40,23,0.575
2026-04-03 16:54:44,40,17,0.425
2026-04-03 16:55:45,41,23,0.5609756097560976
2026-04-03 16:56:45,41,23,0.5609756097560976
2026-04-03 16:57:46,40,18,0.45
2026-04-03 16:58:47,40,20,0.5
2026-04-03 16:59:48,40,23,0.575
2026-04-03 17:00:49,40,20,0.5
2026-04-03 17:01:49,40,22,0.55
2026-04-03 17:02:50,40,23,0.575
2026-04-03 17:03:51,40,20,0.5
2026-04-03 17:04:52,42,22,0.5238095238095238
2026-04-03 17:05:53,41,21,0.5121951219512195
2026-04-03 17:06:53,43,20,0.46511627906976744
2026-04-03 17:07:54,42,22,0.5238095238095238
2026-04-03 17:08:55,42,23,0.5476190476190477
2026-04-03 17:09:56,42,20,0.47619047619047616
2026-04-03 17:10:57,42,21,0.5
2026-04-03 17:11:57,42,20,0.47619047619047616
2026-04-03 17:12:58,41,21,0.5121951219512195
2026-04-03 17:13:59,41,22,0.5365853658536586
2026-04-03 17:15:00,41,19,0.4634146341463415
2026-04-03 17:16:00,40,20,0.5
2026-04-03 17:17:01,39,23,0.5897435897435898
2026-04-03 17:18:02,42,26,0.6190476190476191
2026-04-03 17:19:03,42,24,0.5714285714285714
2026-04-03 17:20:04,43,25,0.5813953488372093
2026-04-03 17:21:05,43,24,0.5581395348837209
2026-04-03 17:22:05,43,10,0.23255813953488372
2026-04-03 17:23:06,42,13,0.30952380952380953
2026-04-03 17:24:07,42,14,0.3333333333333333
2026-04-03 17:25:08,42,19,0.4523809523809524
2026-04-03 17:26:08,42,20,0.47619047619047616
2026-04-03 17:27:09,42,18,0.42857142857142855
2026-04-03 17:28:10,41,14,0.34146341463414637
2026-04-03 17:29:11,40,19,0.475
2026-04-03 17:30:11,37,17,0.4594594594594595
2026-04-03 17:31:12,35,12,0.34285714285714286
2026-04-03 17:32:13,35,18,0.5142857142857142
2026-04-03 17:33:14,36,20,0.5555555555555556
2026-04-03 17:34:14,35,17,0.4857142857142857
2026-04-03 17:35:15,34,20,0.5882352941176471
2026-04-03 17:36:16,34,19,0.5588235294117647
2026-04-03 17:37:17,34,20,0.5882352941176471
2026-04-03 17:38:17,35,22,0.6285714285714286
2026-04-03 17:39:18,37,22,0.5945945945945946
2026-04-03 17:40:19,37,19,0.5135135135135135
2026-04-03 17:41:20,37,25,0.6756756756756757
2026-04-03 17:42:21,37,20,0.5405405405405406
2026-04-03 17:43:22,37,19,0.5135135135135135
2026-04-03 17:44:22,37,19,0.5135135135135135
2026-04-03 17:45:23,37,16,0.43243243243243246
2026-04-03 17:46:24,38,18,0.47368421052631576
2026-04-03 17:47:25,38,19,0.5
2026-04-03 17:48:26,38,18,0.47368421052631576
2026-04-03 17:49:26,38,14,0.3684210526315789
2026-04-03 17:50:27,37,19,0.5135135135135135
2026-04-03 17:51:28,36,16,0.4444444444444444
2026-04-03 17:52:29,36,17,0.4722222222222222
2026-04-03 17:53:29,36,18,0.5
2026-04-03 17:54:30,36,15,0.4166666666666667
2026-04-03 17:55:31,36,14,0.3888888888888889
2026-04-03 17:56:32,36,21,0.5833333333333334
2026-04-03 17:57:33,37,15,0.40540540540540543
2026-04-03 17:58:33,35,16,0.45714285714285713
2026-04-03 17:59:34,36,15,0.4166666666666667
2026-04-03 18:00:35,35,15,0.42857142857142855
2026-04-03 18:01:36,36,16,0.4444444444444444
2026-04-03 18:02:36,36,21,0.5833333333333334
2026-04-03 18:03:37,36,15,0.4166666666666667
2026-04-03 18:04:38,36,16,0.4444444444444444
2026-04-03 18:05:39,37,21,0.5675675675675675
2026-04-03 18:06:39,38,17,0.4473684210526316
2026-04-03 18:07:40,38,15,0.39473684210526316
2026-04-03 18:08:41,37,18,0.4864864864864865
2026-04-03 18:09:42,37,15,0.40540540540540543
2026-04-03 18:10:42,37,15,0.40540540540540543
2026-04-03 18:11:43,36,14,0.3888888888888889
2026-04-03 18:12:44,37,16,0.43243243243243246
2026-04-03 18:13:45,37,20,0.5405405405405406
2026-04-03 18:14:45,38,16,0.42105263157894735
2026-04-03 18:15:46,37,13,0.35135135135135137
2026-04-03 18:16:47,36,18,0.5
2026-04-03 18:17:48,35,17,0.4857142857142857
2026-04-03 18:18:48,35,13,0.37142857142857144
2026-04-03 18:19:49,35,16,0.45714285714285713
2026-04-03 18:20:50,35,17,0.4857142857142857
2026-04-03 18:21:51,36,15,0.4166666666666667
2026-04-03 18:22:51,36,18,0.5
2026-04-03 18:23:52,35,13,0.37142857142857144
2026-04-03 18:24:53,37,16,0.43243243243243246
2026-04-03 18:25:54,36,17,0.4722222222222222
2026-04-03 18:26:54,37,19,0.5135135135135135
2026-04-03 18:27:55,38,17,0.4473684210526316
2026-04-03 18:28:56,37,17,0.4594594594594595
2026-04-03 18:29:57,37,18,0.4864864864864865
2026-04-03 18:30:57,37,14,0.3783783783783784
2026-04-03 18:31:58,36,15,0.4166666666666667
2026-04-03 18:32:59,36,17,0.4722222222222222
2026-04-03 18:34:00,36,15,0.4166666666666667
2026-04-03 18:35:00,35,17,0.4857142857142857
2026-04-03 18:36:01,34,15,0.4411764705882353
2026-04-03 18:37:02,33,17,0.5151515151515151
2026-04-03 18:38:03,34,16,0.47058823529411764
2026-04-03 18:39:03,34,17,0.5
2026-04-03 18:40:04,34,17,0.5
2026-04-03 18:41:05,35,19,0.5428571428571428
2026-04-03 18:42:06,36,17,0.4722222222222222
2026-04-03 18:43:06,37,17,0.4594594594594595
2026-04-03 18:44:07,37,20,0.5405405405405406
2026-04-03 18:45:08,36,20,0.5555555555555556
2026-04-03 18:46:09,37,16,0.43243243243243246
2026-04-03 18:47:10,38,22,0.5789473684210527
2026-04-03 18:48:10,38,17,0.4473684210526316
2026-04-03 18:49:11,38,15,0.39473684210526316
2026-04-03 18:50:12,38,22,0.5789473684210527
2026-04-03 18:51:13,38,20,0.5263157894736842
2026-04-03 18:52:13,38,18,0.47368421052631576
2026-04-03 18:53:14,38,21,0.5526315789473685
2026-04-03 18:54:15,38,17,0.4473684210526316
2026-04-03 18:55:16,36,14,0.3888888888888889
2026-04-03 18:56:16,36,22,0.6111111111111112
2026-04-03 18:57:17,36,16,0.4444444444444444
2026-04-03 18:58:18,36,15,0.4166666666666667
2026-04-03 18:59:19,39,24,0.6153846153846154
2026-04-03 19:00:19,40,21,0.525
2026-04-03 19:01:20,39,16,0.41025641025641024
2026-04-03 19:02:21,39,22,0.5641025641025641
2026-04-03 19:03:22,40,18,0.45
2026-04-03 19:04:22,40,19,0.475
2026-04-03 19:05:23,40,22,0.55
2026-04-03 19:06:24,39,19,0.48717948717948717
2026-04-03 19:07:25,38,17,0.4473684210526316
2026-04-03 19:08:26,38,24,0.631578947368421
2026-04-03 19:09:26,38,16,0.42105263157894735
2026-04-03 19:10:27,38,19,0.5
2026-04-03 19:11:28,38,21,0.5526315789473685
2026-04-03 19:12:29,38,18,0.47368421052631576
2026-04-03 19:13:29,39,19,0.48717948717948717
2026-04-03 19:14:30,39,22,0.5641025641025641
2026-04-03 19:15:31,38,16,0.42105263157894735
2026-04-03 19:16:32,38,17,0.4473684210526316
2026-04-03 19:17:32,39,22,0.5641025641025641
2026-04-03 19:18:33,40,16,0.4
2026-04-03 19:19:34,39,18,0.46153846153846156
2026-04-03 19:20:35,39,23,0.5897435897435898
2026-04-03 19:21:36,38,13,0.34210526315789475
2026-04-03 19:22:36,38,15,0.39473684210526316
2026-04-03 19:23:37,38,17,0.4473684210526316
2026-04-03 19:24:38,36,15,0.4166666666666667
2026-04-03 19:25:39,38,18,0.47368421052631576
2026-04-03 19:26:39,38,21,0.5526315789473685
2026-04-03 19:27:40,38,16,0.42105263157894735
2026-04-03 19:28:41,37,19,0.5135135135135135
2026-04-03 19:29:42,36,17,0.4722222222222222
2026-04-03 19:30:42,36,15,0.4166666666666667
2026-04-03 19:31:43,36,18,0.5
2026-04-03 19:32:44,37,18,0.4864864864864865
2026-04-03 19:33:45,37,17,0.4594594594594595
2026-04-03 19:34:45,39,22,0.5641025641025641
2026-04-03 19:35:46,37,17,0.4594594594594595
2026-04-03 19:36:47,37,17,0.4594594594594595
2026-04-03 19:37:48,37,19,0.5135135135135135
2026-04-03 19:38:48,38,20,0.5263157894736842
2026-04-03 19:39:49,40,20,0.5
2026-04-03 19:40:50,40,22,0.55
2026-04-03 19:41:51,41,19,0.4634146341463415
2026-04-03 19:42:51,41,18,0.43902439024390244
2026-04-03 19:43:52,41,21,0.5121951219512195
2026-04-03 19:44:53,41,20,0.4878048780487805
2026-04-03 19:45:54,40,19,0.475
2026-04-03 19:46:55,42,19,0.4523809523809524
2026-04-03 19:47:55,42,21,0.5
2026-04-03 19:48:56,42,18,0.42857142857142855
2026-04-03 19:49:57,43,22,0.5116279069767442
2026-04-03 19:50:58,42,23,0.5476190476190477
2026-04-03 19:51:58,41,20,0.4878048780487805
2026-04-03 19:52:59,42,21,0.5
2026-04-03 19:54:00,43,18,0.4186046511627907
2026-04-03 19:55:01,43,16,0.37209302325581395
2026-04-03 19:56:02,43,23,0.5348837209302325
2026-04-03 19:57:02,43,19,0.4418604651162791
2026-04-03 19:58:03,44,20,0.45454545454545453
2026-04-03 19:59:04,44,24,0.5454545454545454
2026-04-03 20:00:05,42,21,0.5
2026-04-03 20:01:06,42,22,0.5238095238095238
2026-04-03 20:02:06,41,22,0.5365853658536586
2026-04-03 20:03:07,41,23,0.5609756097560976
2026-04-03 20:04:08,40,21,0.525
2026-04-03 20:05:09,40,23,0.575
2026-04-03 20:06:10,41,22,0.5365853658536586
2026-04-03 20:07:10,41,18,0.43902439024390244
2026-04-03 20:08:11,41,23,0.5609756097560976
2026-04-03 20:09:12,41,19,0.4634146341463415
2026-04-03 20:10:13,40,18,0.45
2026-04-03 20:11:14,40,23,0.575
2026-04-03 20:12:14,40,18,0.45
2026-04-03 20:13:15,40,19,0.475
2026-04-03 20:14:16,41,25,0.6097560975609756
2026-04-03 20:15:17,39,20,0.5128205128205128
2026-04-03 20:16:17,37,20,0.5405405405405406
2026-04-03 20:17:18,37,24,0.6486486486486487
2026-04-03 20:18:19,37,19,0.5135135135135135
2026-04-03 20:19:20,37,20,0.5405405405405406
2026-04-03 20:20:20,38,25,0.6578947368421053
2026-04-03 20:21:21,40,25,0.625
2026-04-03 20:22:22,40,20,0.5
2026-04-03 20:23:23,40,27,0.675
2026-04-03 20:24:24,40,21,0.525
2026-04-03 20:25:24,40,22,0.55
2026-04-03 20:26:25,40,26,0.65
2026-04-03 20:27:26,40,21,0.525
2026-04-03 20:28:27,40,21,0.525
2026-04-03 20:29:27,40,24,0.6
2026-04-03 20:30:28,40,21,0.525
2026-04-03 20:31:29,39,22,0.5641025641025641
2026-04-03 20:32:30,39,23,0.5897435897435898
2026-04-03 20:33:31,39,20,0.5128205128205128
2026-04-03 20:34:31,39,22,0.5641025641025641
2026-04-03 20:35:32,40,26,0.65
2026-04-03 20:36:33,40,22,0.55
2026-04-03 20:37:34,40,23,0.575
2026-04-03 20:38:35,41,26,0.6341463414634146
2026-04-03 20:39:35,41,20,0.4878048780487805
2026-04-03 20:40:36,40,20,0.5
2026-04-03 20:41:37,40,22,0.55
2026-04-03 20:42:38,40,18,0.45
2026-04-03 20:43:38,40,22,0.55
2026-04-03 20:44:39,40,22,0.55
2026-04-03 20:45:40,40,19,0.475
2026-04-03 20:46:41,40,24,0.6
2026-04-03 20:47:42,40,21,0.525
2026-04-03 20:48:42,40,21,0.525
2026-04-03 20:49:43,39,26,0.6666666666666666
2026-04-03 20:50:44,39,22,0.5641025641025641
2026-04-03 20:51:45,40,20,0.5
2026-04-03 20:52:46,40,26,0.65
2026-04-03 20:53:46,40,19,0.475
2026-04-03 20:54:47,41,20,0.4878048780487805
2026-04-03 20:55:48,41,27,0.6585365853658537
2026-04-03 20:56:49,41,21,0.5121951219512195
2026-04-03 20:57:50,42,22,0.5238095238095238
2026-04-03 20:58:50,41,23,0.5609756097560976
2026-04-03 20:59:51,41,20,0.4878048780487805
2026-04-03 21:00:52,41,21,0.5121951219512195
2026-04-03 21:01:53,41,28,0.6829268292682927
2026-04-03 21:02:54,41,21,0.5121951219512195
2026-04-03 21:03:54,40,22,0.55
2026-04-03 21:04:55,40,22,0.55
2026-04-03 21:05:56,40,20,0.5
2026-04-03 21:06:57,40,21,0.525
2026-04-03 21:07:57,40,24,0.6
2026-04-03 21:08:58,39,21,0.5384615384615384
2026-04-03 21:09:59,39,20,0.5128205128205128
2026-04-03 21:11:00,39,24,0.6153846153846154
2026-04-03 21:12:01,39,19,0.48717948717948717
2026-04-03 21:13:01,39,21,0.5384615384615384
2026-04-03 21:14:02,39,22,0.5641025641025641
2026-04-03 21:15:03,39,21,0.5384615384615384
2026-04-03 21:16:04,39,22,0.5641025641025641
2026-04-03 21:17:05,39,22,0.5641025641025641
2026-04-03 21:18:05,38,18,0.47368421052631576
2026-04-03 21:19:06,39,18,0.46153846153846156
2026-04-03 21:20:07,39,24,0.6153846153846154
2026-04-03 21:21:08,38,20,0.5263157894736842
2026-04-03 21:22:08,38,22,0.5789473684210527
2026-04-03 21:23:09,40,24,0.6
2026-04-03 21:24:10,40,24,0.6
2026-04-03 21:25:11,41,21,0.5121951219512195
2026-04-03 21:26:12,41,23,0.5609756097560976
2026-04-03 21:27:12,41,21,0.5121951219512195
2026-04-03 21:28:13,41,19,0.4634146341463415
2026-04-03 21:29:14,41,22,0.5365853658536586
2026-04-03 21:30:15,42,18,0.42857142857142855
2026-04-03 21:31:15,42,20,0.47619047619047616
2026-04-03 21:32:16,42,23,0.5476190476190477
2026-04-03 21:33:17,41,17,0.4146341463414634
2026-04-03 21:34:18,40,18,0.45
2026-04-03 21:35:18,40,25,0.625
2026-04-03 21:36:19,39,18,0.46153846153846156
2026-04-03 21:37:20,38,19,0.5
2026-04-03 21:38:21,37,22,0.5945945945945946
2026-04-03 21:39:21,36,19,0.5277777777777778
2026-04-03 21:40:22,37,21,0.5675675675675675
2026-04-03 21:41:23,38,25,0.6578947368421053
2026-04-03 21:42:24,39,19,0.48717948717948717
2026-04-03 21:43:24,40,20,0.5
2026-04-03 21:44:25,40,22,0.55
2026-04-03 21:45:26,40,17,0.425
2026-04-03 21:46:27,40,17,0.425
2026-04-03 21:47:28,40,24,0.6
2026-04-03 21:48:28,40,17,0.425
2026-04-03 21:49:29,40,19,0.475
2026-04-03 21:50:30,39,23,0.5897435897435898
2026-04-03 21:51:31,39,16,0.41025641025641024
2026-04-03 21:52:31,37,19,0.5135135135135135
2026-04-03 21:53:32,37,26,0.7027027027027027
2026-04-03 21:54:33,37,18,0.4864864864864865
2026-04-03 21:55:34,37,18,0.4864864864864865
2026-04-03 21:56:34,37,25,0.6756756756756757
2026-04-03 21:57:35,39,20,0.5128205128205128
2026-04-03 21:58:36,39,20,0.5128205128205128
2026-04-03 21:59:37,39,21,0.5384615384615384
2026-04-03 22:00:38,39,17,0.4358974358974359
2026-04-03 22:01:38,40,23,0.575
2026-04-03 22:02:39,40,23,0.575
2026-04-03 22:03:40,41,18,0.43902439024390244
2026-04-03 22:04:41,42,23,0.5476190476190477
2026-04-03 22:05:41,42,18,0.42857142857142855
2026-04-03 22:06:42,43,18,0.4186046511627907
2026-04-03 22:07:43,42,19,0.4523809523809524
2026-04-03 22:08:44,41,22,0.5365853658536586
2026-04-03 22:09:45,41,14,0.34146341463414637
2026-04-03 22:10:45,40,23,0.575
2026-04-03 22:11:46,40,20,0.5
2026-04-03 22:12:47,40,18,0.45
2026-04-03 22:13:48,40,26,0.65
2026-04-03 22:14:48,39,21,0.5384615384615384
2026-04-03 22:15:49,37,21,0.5675675675675675
2026-04-03 22:16:50,38,25,0.6578947368421053
2026-04-03 22:17:51,38,22,0.5789473684210527
2026-04-03 22:18:52,38,19,0.5
2026-04-03 22:19:52,38,25,0.6578947368421053
2026-04-03 22:20:53,38,21,0.5526315789473685
2026-04-03 22:21:54,39,18,0.46153846153846156
2026-04-03 22:22:55,39,23,0.5897435897435898
2026-04-03 22:23:56,39,17,0.4358974358974359
2026-04-03 22:24:56,39,20,0.5128205128205128
2026-04-03 22:25:57,39,22,0.5641025641025641
2026-04-03 22:26:58,40,20,0.5
2026-04-03 22:27:59,40,19,0.475
2026-04-03 22:28:59,38,23,0.6052631578947368
2026-04-03 22:30:00,38,16,0.42105263157894735
2026-04-03 22:31:01,37,21,0.5675675675675675
2026-04-03 22:32:02,38,23,0.6052631578947368
2026-04-03 22:33:03,39,18,0.46153846153846156
2026-04-03 22:34:03,39,19,0.48717948717948717
2026-04-03 22:35:04,40,24,0.6
2026-04-03 22:36:05,40,15,0.375
2026-04-03 22:37:06,40,20,0.5
2026-04-03 22:38:06,40,24,0.6
2026-04-03 22:39:07,40,19,0.475
2026-04-03 22:40:08,40,20,0.5
2026-04-03 22:41:09,40,25,0.625
2026-04-03 22:42:10,39,16,0.41025641025641024
2026-04-03 22:43:10,37,15,0.40540540540540543
2026-04-03 22:44:11,37,26,0.7027027027027027
2026-04-03 22:45:12,37,19,0.5135135135135135
2026-04-03 22:46:13,37,15,0.40540540540540543
2026-04-03 22:47:14,37,24,0.6486486486486487
2026-04-03 22:48:14,36,17,0.4722222222222222
2026-04-03 22:49:15,37,18,0.4864864864864865
2026-04-03 22:50:16,37,23,0.6216216216216216
2026-04-03 22:51:17,38,17,0.4473684210526316
2026-04-03 22:52:17,38,18,0.47368421052631576
2026-04-03 22:53:18,36,23,0.6388888888888888
2026-04-03 22:54:19,35,16,0.45714285714285713
2026-04-03 22:55:20,35,18,0.5142857142857142
2026-04-03 22:56:20,35,25,0.7142857142857143
2026-04-03 22:57:21,36,15,0.4166666666666667
2026-04-03 22:58:22,36,17,0.4722222222222222
2026-04-03 22:59:23,35,22,0.6285714285714286
2026-04-03 23:00:23,35,14,0.4
2026-04-03 23:01:24,35,17,0.4857142857142857
2026-04-03 23:02:25,35,21,0.6
2026-04-03 23:03:26,35,13,0.37142857142857144
2026-04-03 23:04:26,35,17,0.4857142857142857
2026-04-03 23:05:27,35,20,0.5714285714285714
2026-04-03 23:06:28,36,14,0.3888888888888889
2026-04-03 23:07:29,34,18,0.5294117647058824
2026-04-03 23:08:29,34,21,0.6176470588235294
2026-04-03 23:09:30,34,14,0.4117647058823529
2026-04-03 23:10:31,34,19,0.5588235294117647
2026-04-03 23:11:32,34,19,0.5588235294117647
2026-04-03 23:12:33,34,14,0.4117647058823529
2026-04-03 23:13:33,34,17,0.5
2026-04-03 23:14:34,34,18,0.5294117647058824
2026-04-03 23:15:35,34,12,0.35294117647058826
2026-04-03 23:16:35,34,18,0.5294117647058824
2026-04-03 23:17:36,34,19,0.5588235294117647
2026-04-03 23:18:37,36,16,0.4444444444444444
2026-04-03 23:19:38,35,21,0.6
2026-04-03 23:20:39,34,17,0.5
2026-04-03 23:21:39,35,15,0.42857142857142855
2026-04-03 23:22:40,35,20,0.5714285714285714
2026-04-03 23:23:41,35,17,0.4857142857142857
2026-04-03 23:24:42,35,13,0.37142857142857144
2026-04-03 23:25:42,35,19,0.5428571428571428
2026-04-03 23:26:43,35,18,0.5142857142857142
2026-04-03 23:27:44,35,14,0.4
2026-04-03 23:28:45,35,22,0.6285714285714286
2026-04-03 23:29:45,35,16,0.45714285714285713
2026-04-03 23:30:46,34,13,0.38235294117647056
2026-04-03 23:31:47,33,21,0.6363636363636364
2026-04-03 23:32:48,33,17,0.5151515151515151
2026-04-03 23:33:48,33,14,0.42424242424242425
2026-04-03 23:34:49,32,23,0.71875
2026-04-03 23:35:50,33,17,0.5151515151515151
2026-04-03 23:36:51,33,16,0.48484848484848486
2026-04-03 23:37:51,33,21,0.6363636363636364
2026-04-03 23:38:52,33,18,0.5454545454545454
2026-04-03 23:39:53,32,16,0.5
2026-04-03 23:40:54,32,18,0.5625
2026-04-03 23:41:54,32,18,0.5625
2026-04-03 23:42:55,32,18,0.5625
2026-04-03 23:43:56,32,19,0.59375
2026-04-03 23:44:57,31,18,0.5806451612903226
2026-04-03 23:45:57,31,16,0.5161290322580645
2026-04-03 23:46:58,31,19,0.6129032258064516
2026-04-03 23:47:59,32,18,0.5625
2026-04-03 23:49:00,34,20,0.5882352941176471
2026-04-03 23:50:00,34,21,0.6176470588235294
2026-04-03 23:51:01,36,20,0.5555555555555556
2026-04-03 23:52:02,36,18,0.5
2026-04-03 23:53:03,37,22,0.5945945945945946
2026-04-03 23:54:03,37,16,0.43243243243243246
2026-04-03 23:55:04,38,19,0.5
2026-04-03 23:56:05,38,20,0.5263157894736842
2026-04-03 23:57:06,38,17,0.4473684210526316
2026-04-03 23:58:07,38,19,0.5
2026-04-03 23:59:07,37,19,0.5135135135135135
2026-04-04 00:00:08,37,19,0.5135135135135135
2026-04-04 00:01:09,37,16,0.43243243243243246
2026-04-04 00:02:10,37,21,0.5675675675675675
2026-04-04 00:03:10,37,20,0.5405405405405406
2026-04-04 00:04:11,38,17,0.4473684210526316
2026-04-04 00:05:12,38,20,0.5263157894736842
2026-04-04 00:06:13,38,17,0.4473684210526316
2026-04-04 00:07:13,38,18,0.47368421052631576
2026-04-04 00:08:14,39,21,0.5384615384615384
2026-04-04 00:09:15,39,20,0.5128205128205128
2026-04-04 00:10:16,39,19,0.48717948717948717
2026-04-04 00:11:17,39,23,0.5897435897435898
2026-04-04 00:12:17,39,16,0.41025641025641024
2026-04-04 00:13:18,38,18,0.47368421052631576
2026-04-04 00:14:19,38,23,0.6052631578947368
2026-04-04 00:15:20,38,17,0.4473684210526316
2026-04-04 00:16:21,39,18,0.46153846153846156
2026-04-04 00:17:21,39,21,0.5384615384615384
2026-04-04 00:18:22,40,16,0.4
2026-04-04 00:19:23,39,21,0.5384615384615384
2026-04-04 00:20:24,39,24,0.6153846153846154
2026-04-04 00:21:25,39,18,0.46153846153846156
2026-04-04 00:22:25,39,18,0.46153846153846156
2026-04-04 00:23:26,40,23,0.575
2026-04-04 00:24:27,41,18,0.43902439024390244
2026-04-04 00:25:28,41,18,0.43902439024390244
2026-04-04 00:26:29,41,23,0.5609756097560976
2026-04-04 00:27:29,40,16,0.4
2026-04-04 00:28:30,39,21,0.5384615384615384
2026-04-04 00:29:31,38,21,0.5526315789473685
2026-04-04 00:30:32,38,16,0.42105263157894735
2026-04-04 00:31:33,38,19,0.5
2026-04-04 00:32:33,37,21,0.5675675675675675
2026-04-04 00:33:34,36,15,0.4166666666666667
2026-04-04 00:34:35,37,22,0.5945945945945946
2026-04-04 00:35:36,36,19,0.5277777777777778
2026-04-04 00:36:36,37,15,0.40540540540540543
2026-04-04 00:37:37,37,21,0.5675675675675675
2026-04-04 00:38:38,36,24,0.6666666666666666
2026-04-04 00:39:39,37,18,0.4864864864864865
2026-04-04 00:40:40,38,21,0.5526315789473685
2026-04-04 00:41:40,38,18,0.47368421052631576
2026-04-04 00:42:41,38,17,0.4473684210526316
2026-04-04 00:43:42,39,22,0.5641025641025641
2026-04-04 00:44:43,39,19,0.48717948717948717
2026-04-04 00:45:43,40,20,0.5
2026-04-04 00:46:44,41,26,0.6341463414634146
2026-04-04 00:47:45,41,20,0.4878048780487805
2026-04-04 00:48:46,40,18,0.45
2026-04-04 00:49:47,42,26,0.6190476190476191
2026-04-04 00:50:48,40,23,0.575
2026-04-04 00:51:48,40,18,0.45
2026-04-04 00:52:49,42,24,0.5714285714285714
2026-04-04 00:53:50,42,20,0.47619047619047616
2026-04-04 00:54:51,41,20,0.4878048780487805
2026-04-04 00:55:52,41,27,0.6585365853658537
2026-04-04 00:56:52,41,20,0.4878048780487805
2026-04-04 00:57:53,41,23,0.5609756097560976
2026-04-04 00:58:54,41,24,0.5853658536585366
2026-04-04 00:59:55,41,20,0.4878048780487805
2026-04-04 01:00:55,40,23,0.575
2026-04-04 01:01:56,39,25,0.6410256410256411
2026-04-04 01:02:57,40,20,0.5
2026-04-04 01:03:58,40,21,0.525
2026-04-04 01:04:59,40,22,0.55
2026-04-04 01:05:59,40,20,0.5
2026-04-04 01:07:00,40,19,0.475
2026-04-04 01:08:01,40,24,0.6
2026-04-04 01:09:02,40,22,0.55
2026-04-04 01:10:03,40,24,0.6
2026-04-04 01:11:04,40,21,0.525
2026-04-04 01:12:04,40,20,0.5
2026-04-04 01:13:05,40,18,0.45
2026-04-04 01:14:06,41,24,0.5853658536585366
2026-04-04 01:15:07,41,22,0.5365853658536586
2026-04-04 01:16:08,41,19,0.4634146341463415
2026-04-04 01:17:09,41,25,0.6097560975609756
2026-04-04 01:18:09,41,19,0.4634146341463415
2026-04-04 01:19:10,40,19,0.475
2026-04-04 01:20:11,41,27,0.6585365853658537
2026-04-04 01:21:12,41,20,0.4878048780487805
2026-04-04 01:22:13,42,20,0.47619047619047616
2026-04-04 01:23:13,43,25,0.5813953488372093
2026-04-04 01:24:14,43,19,0.4418604651162791
2026-04-04 01:25:15,43,19,0.4418604651162791
2026-04-04 01:26:16,43,24,0.5581395348837209
2026-04-04 01:27:17,43,20,0.46511627906976744
2026-04-04 01:28:17,42,19,0.4523809523809524
2026-04-04 01:29:18,42,24,0.5714285714285714
2026-04-04 01:30:19,42,18,0.42857142857142855
2026-04-04 01:31:20,42,19,0.4523809523809524
2026-04-04 01:32:21,42,25,0.5952380952380952
2026-04-04 01:33:21,41,20,0.4878048780487805
2026-04-04 01:34:22,40,20,0.5
2026-04-04 01:35:23,40,27,0.675
2026-04-04 01:36:24,39,18,0.46153846153846156
2026-04-04 01:37:24,38,20,0.5263157894736842
2026-04-04 01:38:25,39,26,0.6666666666666666
2026-04-04 01:39:26,38,20,0.5263157894736842
2026-04-04 01:40:27,38,21,0.5526315789473685
2026-04-04 01:41:28,38,23,0.6052631578947368
2026-04-04 01:42:28,39,19,0.48717948717948717
2026-04-04 01:43:29,41,23,0.5609756097560976
2026-04-04 01:44:30,41,27,0.6585365853658537
2026-04-04 01:45:31,41,20,0.4878048780487805
2026-04-04 01:46:32,42,25,0.5952380952380952
2026-04-04 01:47:32,42,25,0.5952380952380952
2026-04-04 01:48:33,42,20,0.47619047619047616
2026-04-04 01:49:34,42,22,0.5238095238095238
2026-04-04 01:50:35,42,27,0.6428571428571429
2026-04-04 01:51:36,42,21,0.5
2026-04-04 01:52:36,41,23,0.5609756097560976
2026-04-04 01:53:37,40,25,0.625
2026-04-04 01:54:38,39,19,0.48717948717948717
2026-04-04 01:55:39,41,26,0.6341463414634146
2026-04-04 01:56:40,41,23,0.5609756097560976
2026-04-04 01:57:40,40,19,0.475
2026-04-04 01:58:41,40,23,0.575
2026-04-04 01:59:42,41,21,0.5121951219512195
2026-04-04 02:00:43,40,17,0.425
2026-04-04 02:01:44,39,26,0.6666666666666666
2026-04-04 02:02:44,40,22,0.55
2026-04-04 02:03:45,40,16,0.4
2026-04-04 02:04:46,40,24,0.6
2026-04-04 02:05:47,40,18,0.45
2026-04-04 02:06:48,40,18,0.45
2026-04-04 02:07:48,41,29,0.7073170731707317
2026-04-04 02:08:49,40,20,0.5
2026-04-04 02:09:50,41,20,0.4878048780487805
2026-04-04 02:10:51,41,25,0.6097560975609756
2026-04-04 02:11:52,41,20,0.4878048780487805
2026-04-04 02:12:52,41,18,0.43902439024390244
2026-04-04 02:13:53,41,26,0.6341463414634146
2026-04-04 02:14:54,41,21,0.5121951219512195
2026-04-04 02:15:55,41,22,0.5365853658536586
2026-04-04 02:16:56,41,19,0.4634146341463415
2026-04-04 02:17:56,40,19,0.475
2026-04-04 02:18:57,39,20,0.5128205128205128
2026-04-04 02:19:58,39,23,0.5897435897435898
2026-04-04 02:20:59,39,21,0.5384615384615384
2026-04-04 02:22:00,40,19,0.475
2026-04-04 02:23:00,40,22,0.55
2026-04-04 02:24:01,41,19,0.4634146341463415
2026-04-04 02:25:02,41,22,0.5365853658536586
2026-04-04 02:26:03,42,25,0.5952380952380952
2026-04-04 02:27:04,42,19,0.4523809523809524
2026-04-04 02:28:05,41,20,0.4878048780487805
2026-04-04 02:29:05,40,21,0.525
2026-04-04 02:30:06,41,18,0.43902439024390244
2026-04-04 02:31:07,41,20,0.4878048780487805
2026-04-04 02:32:08,40,24,0.6
2026-04-04 02:33:09,41,19,0.4634146341463415
2026-04-04 02:34:09,41,21,0.5121951219512195
2026-04-04 02:35:10,41,22,0.5365853658536586
2026-04-04 02:36:11,40,19,0.475
2026-04-04 02:37:12,40,18,0.45
2026-04-04 02:38:13,41,26,0.6341463414634146
2026-04-04 02:39:14,41,22,0.5365853658536586
2026-04-04 02:40:14,41,19,0.4634146341463415
2026-04-04 02:41:15,41,24,0.5853658536585366
2026-04-04 02:42:16,40,17,0.425
2026-04-04 02:43:17,40,20,0.5
2026-04-04 02:44:18,39,26,0.6666666666666666
2026-04-04 02:45:18,39,21,0.5384615384615384
2026-04-04 02:46:19,38,20,0.5263157894736842
2026-04-04 02:47:20,38,26,0.6842105263157895
2026-04-04 02:48:21,38,18,0.47368421052631576
2026-04-04 02:49:21,38,20,0.5263157894736842
2026-04-04 02:50:22,39,22,0.5641025641025641
2026-04-04 02:51:23,39,17,0.4358974358974359
2026-04-04 02:52:24,40,17,0.425
2026-04-04 02:53:24,40,21,0.525
2026-04-04 02:54:25,39,15,0.38461538461538464
2026-04-04 02:58:28,41,36,0.8780487804878049
2026-04-04 02:59:28,40,22,0.55
2026-04-04 03:00:29,39,16,0.41025641025641024
2026-04-04 03:01:30,39,21,0.5384615384615384
2026-04-04 03:02:31,38,24,0.631578947368421
2026-04-04 03:03:32,39,16,0.41025641025641024
2026-04-04 03:04:32,39,22,0.5641025641025641
2026-04-04 03:05:33,39,21,0.5384615384615384
2026-04-04 03:06:34,38,17,0.4473684210526316
2026-04-04 03:07:35,37,20,0.5405405405405406
2026-04-04 03:08:35,37,22,0.5945945945945946
2026-04-04 03:09:36,37,17,0.4594594594594595
2026-04-04 03:10:37,38,23,0.6052631578947368
2026-04-04 03:11:38,37,23,0.6216216216216216
2026-04-04 03:12:39,37,18,0.4864864864864865
2026-04-04 03:13:39,37,22,0.5945945945945946
2026-04-04 03:14:40,37,20,0.5405405405405406
2026-04-04 03:15:41,38,15,0.39473684210526316
2026-04-04 03:16:42,38,22,0.5789473684210527
2026-04-04 03:17:43,38,20,0.5263157894736842
2026-04-04 03:18:43,38,17,0.4473684210526316
2026-04-04 03:19:44,38,21,0.5526315789473685
2026-04-04 03:20:45,38,21,0.5526315789473685
2026-04-04 03:21:46,37,16,0.43243243243243246
2026-04-04 03:22:46,38,24,0.631578947368421
2026-04-04 03:23:47,38,17,0.4473684210526316
2026-04-04 03:24:48,38,12,0.3157894736842105
2026-04-04 03:25:49,38,25,0.6578947368421053
2026-04-04 03:26:50,38,17,0.4473684210526316
2026-04-04 03:27:50,38,11,0.2894736842105263
2026-04-04 03:28:51,37,21,0.5675675675675675
2026-04-04 03:29:52,38,16,0.42105263157894735
2026-04-04 03:30:53,37,15,0.40540540540540543
2026-04-04 03:31:53,37,22,0.5945945945945946
2026-04-04 03:32:54,37,20,0.5405405405405406
2026-04-04 03:33:55,38,20,0.5263157894736842
2026-04-04 03:34:56,39,19,0.48717948717948717
2026-04-04 03:35:57,39,17,0.4358974358974359
2026-04-04 03:36:57,40,18,0.45
2026-04-04 03:37:58,40,19,0.475
2026-04-04 03:38:59,41,17,0.4146341463414634
2026-04-04 03:40:00,40,18,0.45
2026-04-04 03:41:00,40,23,0.575
2026-04-04 03:42:01,40,15,0.375
2026-04-04 03:43:02,40,20,0.5
2026-04-04 03:44:03,40,18,0.45
2026-04-04 03:45:04,40,19,0.475
2026-04-04 03:46:05,40,18,0.45
2026-04-04 03:47:05,39,21,0.5384615384615384
2026-04-04 03:48:06,38,17,0.4473684210526316
2026-04-04 03:49:07,38,18,0.47368421052631576
2026-04-04 03:50:08,39,21,0.5384615384615384
2026-04-04 03:51:09,38,18,0.47368421052631576
2026-04-04 03:52:09,39,19,0.48717948717948717
2026-04-04 03:53:10,39,20,0.5128205128205128
2026-04-04 03:54:11,39,18,0.46153846153846156
2026-04-04 03:55:12,38,17,0.4473684210526316
2026-04-04 03:56:13,38,24,0.631578947368421
2026-04-04 03:57:13,38,18,0.47368421052631576
2026-04-04 03:58:14,38,18,0.47368421052631576
2026-04-04 03:59:15,38,22,0.5789473684210527
2026-04-04 04:00:16,38,16,0.42105263157894735
2026-04-04 04:01:17,39,17,0.4358974358974359
2026-04-04 04:02:17,38,24,0.631578947368421
2026-04-04 04:03:18,38,14,0.3684210526315789
2026-04-04 04:04:19,38,18,0.47368421052631576
2026-04-04 04:05:20,39,22,0.5641025641025641
2026-04-04 04:06:20,38,16,0.42105263157894735
2026-04-04 04:07:21,38,19,0.5
2026-04-04 04:08:22,38,23,0.6052631578947368
2026-04-04 04:09:23,38,17,0.4473684210526316
2026-04-04 04:10:24,38,19,0.5
2026-04-04 04:11:24,38,18,0.47368421052631576
2026-04-04 04:12:25,36,15,0.4166666666666667
2026-04-04 04:13:26,36,18,0.5
2026-04-04 04:14:27,36,20,0.5555555555555556
2026-04-04 04:15:28,36,15,0.4166666666666667
2026-04-04 04:16:28,38,19,0.5
2026-04-04 04:17:29,38,22,0.5789473684210527
2026-04-04 04:18:30,37,15,0.40540540540540543
2026-04-04 04:19:31,36,22,0.6111111111111112
2026-04-04 04:20:31,36,21,0.5833333333333334
2026-04-04 04:21:32,38,18,0.47368421052631576
2026-04-04 04:22:33,39,23,0.5897435897435898
2026-04-04 04:23:34,39,21,0.5384615384615384
2026-04-04 04:24:35,38,16,0.42105263157894735
2026-04-04 04:25:36,38,20,0.5263157894736842
2026-04-04 04:26:36,38,21,0.5526315789473685
2026-04-04 04:27:37,39,14,0.358974358974359
2026-04-04 04:28:38,39,17,0.4358974358974359
2026-04-04 04:29:39,38,20,0.5263157894736842
2026-04-04 04:30:39,38,15,0.39473684210526316
2026-04-04 04:31:40,38,23,0.6052631578947368
2026-04-04 04:32:41,38,21,0.5526315789473685
2026-04-04 04:33:42,37,18,0.4864864864864865
2026-04-04 04:34:43,38,21,0.5526315789473685
2026-04-04 04:35:43,38,18,0.47368421052631576
2026-04-04 04:36:44,38,14,0.3684210526315789
2026-04-04 04:37:45,37,21,0.5675675675675675
2026-04-04 04:38:46,37,19,0.5135135135135135
2026-04-04 04:39:46,37,16,0.43243243243243246
2026-04-04 04:40:47,37,20,0.5405405405405406
2026-04-04 04:41:48,36,17,0.4722222222222222
2026-04-04 04:42:49,37,15,0.40540540540540543
2026-04-04 04:43:50,36,20,0.5555555555555556
2026-04-04 04:44:50,36,16,0.4444444444444444
2026-04-04 04:45:51,35,15,0.42857142857142855
2026-04-04 04:46:52,34,22,0.6470588235294118
2026-04-04 04:47:53,35,18,0.5142857142857142
2026-04-04 04:48:54,35,15,0.42857142857142855
2026-04-04 04:49:54,36,23,0.6388888888888888
2026-04-04 04:50:55,36,19,0.5277777777777778
2026-04-04 04:51:56,36,14,0.3888888888888889
2026-04-04 04:52:57,36,21,0.5833333333333334
2026-04-04 04:53:58,36,16,0.4444444444444444
2026-04-04 04:54:58,37,19,0.5135135135135135
2026-04-04 04:55:59,38,23,0.6052631578947368
2026-04-04 04:57:00,39,19,0.48717948717948717
2026-04-04 04:58:01,39,19,0.48717948717948717
2026-04-04 04:59:02,39,22,0.5641025641025641
2026-04-04 05:00:02,36,19,0.5277777777777778
2026-04-04 05:01:03,36,20,0.5555555555555556
2026-04-04 05:02:04,36,20,0.5555555555555556
2026-04-04 05:03:05,37,19,0.5135135135135135
2026-04-04 05:04:06,37,20,0.5405405405405406
2026-04-04 05:05:06,35,20,0.5714285714285714
2026-04-04 05:06:07,36,18,0.5
2026-04-04 05:07:08,38,21,0.5526315789473685
2026-04-04 05:08:09,38,23,0.6052631578947368
2026-04-04 05:09:09,38,22,0.5789473684210527
2026-04-04 05:10:10,38,18,0.47368421052631576
2026-04-04 05:11:11,38,22,0.5789473684210527
2026-04-04 05:12:12,39,22,0.5641025641025641
2026-04-04 05:13:13,39,17,0.4358974358974359
2026-04-04 05:14:13,38,24,0.631578947368421
2026-04-04 05:15:14,38,20,0.5263157894736842
2026-04-04 05:16:15,38,19,0.5
2026-04-04 05:17:16,38,25,0.6578947368421053
2026-04-04 05:18:17,38,18,0.47368421052631576
2026-04-04 05:19:17,38,20,0.5263157894736842
2026-04-04 05:20:18,38,25,0.6578947368421053
2026-04-04 05:21:19,38,18,0.47368421052631576
2026-04-04 05:22:20,37,22,0.5945945945945946
2026-04-04 05:23:20,36,23,0.6388888888888888
2026-04-04 05:24:21,37,18,0.4864864864864865
2026-04-04 05:25:22,38,22,0.5789473684210527
2026-04-04 05:26:23,38,25,0.6578947368421053
2026-04-04 05:27:24,39,21,0.5384615384615384
2026-04-04 05:28:24,40,19,0.475
2026-04-04 05:29:25,41,27,0.6585365853658537
2026-04-04 05:30:26,42,22,0.5238095238095238
2026-04-04 05:31:27,42,21,0.5
2026-04-04 05:32:28,41,27,0.6585365853658537
2026-04-04 05:33:28,41,20,0.4878048780487805
2026-04-04 05:34:29,42,19,0.4523809523809524
2026-04-04 05:35:30,41,24,0.5853658536585366
2026-04-04 05:36:31,41,17,0.4146341463414634
2026-04-04 05:37:32,41,21,0.5121951219512195
2026-04-04 05:38:32,40,25,0.625
2026-04-04 05:39:33,40,18,0.45
2026-04-04 05:40:34,37,20,0.5405405405405406
2026-04-04 05:41:35,37,20,0.5405405405405406
2026-04-04 05:42:36,37,19,0.5135135135135135
2026-04-04 05:43:36,37,22,0.5945945945945946
2026-04-04 05:44:37,36,25,0.6944444444444444
2026-04-04 05:45:38,38,19,0.5
2026-04-04 05:46:39,39,22,0.5641025641025641
2026-04-04 05:47:40,40,24,0.6
2026-04-04 05:48:41,41,18,0.43902439024390244
2026-04-04 05:49:41,41,23,0.5609756097560976
2026-04-04 05:50:42,41,20,0.4878048780487805
2026-04-04 05:51:43,41,19,0.4634146341463415
2026-04-04 05:52:44,41,18,0.43902439024390244
2026-04-04 05:53:45,41,19,0.4634146341463415
2026-04-04 05:54:46,41,17,0.4146341463414634
2026-04-04 05:55:46,41,24,0.5853658536585366
2026-04-04 05:56:47,41,22,0.5365853658536586
2026-04-04 05:57:48,39,16,0.41025641025641024
2026-04-04 05:58:49,38,19,0.5
2026-04-04 05:59:50,38,17,0.4473684210526316
2026-04-04 06:00:50,38,15,0.39473684210526316
2026-04-04 06:01:51,38,22,0.5789473684210527
2026-04-04 06:02:52,38,18,0.47368421052631576
2026-04-04 06:03:53,40,22,0.55
2026-04-04 06:04:54,39,18,0.46153846153846156
2026-04-04 06:05:54,39,18,0.46153846153846156
2026-04-04 06:06:55,39,19,0.48717948717948717
2026-04-04 06:07:56,38,21,0.5526315789473685
2026-04-04 06:08:57,38,18,0.47368421052631576
2026-04-04 06:09:58,39,21,0.5384615384615384
2026-04-04 06:10:58,39,22,0.5641025641025641
2026-04-04 06:11:59,40,18,0.45
2026-04-04 06:13:00,41,19,0.4634146341463415
2026-04-04 06:14:01,41,20,0.4878048780487805
2026-04-04 06:15:02,41,18,0.43902439024390244
2026-04-04 06:16:02,41,17,0.4146341463414634
2026-04-04 06:17:03,41,21,0.5121951219512195
2026-04-04 06:18:04,41,19,0.4634146341463415
2026-04-04 06:19:05,41,22,0.5365853658536586
2026-04-04 06:20:06,41,22,0.5365853658536586
2026-04-04 06:21:06,41,19,0.4634146341463415
2026-04-04 06:22:07,39,19,0.48717948717948717
2026-04-04 06:23:08,38,22,0.5789473684210527
2026-04-04 06:24:09,38,18,0.47368421052631576
2026-04-04 06:25:10,38,19,0.5
2026-04-04 06:26:11,38,21,0.5526315789473685
2026-04-04 06:27:11,38,21,0.5526315789473685
2026-04-04 06:28:12,38,15,0.39473684210526316
2026-04-04 06:29:13,38,20,0.5263157894736842
2026-04-04 06:30:14,37,15,0.40540540540540543
2026-04-04 06:31:14,37,18,0.4864864864864865
2026-04-04 06:32:15,37,22,0.5945945945945946
2026-04-04 06:33:16,35,18,0.5142857142857142
2026-04-04 06:34:17,36,18,0.5
2026-04-04 06:35:17,36,25,0.6944444444444444
2026-04-04 06:36:18,36,15,0.4166666666666667
2026-04-04 06:37:19,36,20,0.5555555555555556
2026-04-04 06:38:20,36,20,0.5555555555555556
2026-04-04 06:39:20,36,15,0.4166666666666667
2026-04-04 06:40:21,37,18,0.4864864864864865
2026-04-04 06:41:22,38,24,0.631578947368421
2026-04-04 06:42:23,38,15,0.39473684210526316
2026-04-04 06:43:24,38,17,0.4473684210526316
2026-04-04 06:44:24,37,25,0.6756756756756757
2026-04-04 06:45:25,38,18,0.47368421052631576
2026-04-04 06:46:26,38,20,0.5263157894736842
2026-04-04 06:47:27,38,23,0.6052631578947368
2026-04-04 06:48:27,38,17,0.4473684210526316
2026-04-04 06:49:28,39,20,0.5128205128205128
2026-04-04 06:50:29,40,26,0.65
2026-04-04 06:51:30,39,19,0.48717948717948717
2026-04-04 06:52:31,38,17,0.4473684210526316
2026-04-04 06:53:31,38,26,0.6842105263157895
2026-04-04 06:54:32,38,17,0.4473684210526316
2026-04-04 06:55:33,38,21,0.5526315789473685
2026-04-04 06:56:34,37,24,0.6486486486486487
2026-04-04 06:57:35,37,18,0.4864864864864865
2026-04-04 06:58:35,37,17,0.4594594594594595
2026-04-04 06:59:36,37,25,0.6756756756756757
2026-04-04 07:00:37,38,17,0.4473684210526316
2026-04-04 07:01:38,40,25,0.625
2026-04-04 07:02:39,39,25,0.6410256410256411
2026-04-04 07:03:39,39,20,0.5128205128205128
2026-04-04 07:04:40,39,23,0.5897435897435898
2026-04-04 07:05:41,40,25,0.625
2026-04-04 07:06:42,40,19,0.475
2026-04-04 07:07:42,40,23,0.575
2026-04-04 07:08:43,40,24,0.6
2026-04-04 07:09:44,40,20,0.5
2026-04-04 07:10:45,40,24,0.6
2026-04-04 07:11:46,40,21,0.525
2026-04-04 07:12:46,40,19,0.475
2026-04-04 07:13:47,40,24,0.6
2026-04-04 07:14:48,40,19,0.475
2026-04-04 07:15:49,40,19,0.475
2026-04-04 07:16:50,40,24,0.6
2026-04-04 07:17:50,40,18,0.45
2026-04-04 07:18:51,39,20,0.5128205128205128
2026-04-04 07:19:52,39,23,0.5897435897435898
2026-04-04 07:20:53,38,21,0.5526315789473685
2026-04-04 07:21:54,37,20,0.5405405405405406
2026-04-04 07:22:54,37,24,0.6486486486486487
2026-04-04 07:23:55,37,19,0.5135135135135135
2026-04-04 07:24:56,37,23,0.6216216216216216
2026-04-04 07:25:57,37,23,0.6216216216216216
2026-04-04 07:26:58,37,20,0.5405405405405406
2026-04-04 07:27:59,37,19,0.5135135135135135
2026-04-04 07:28:59,37,24,0.6486486486486487
2026-04-04 07:30:00,38,22,0.5789473684210527
2026-04-04 07:31:01,38,22,0.5789473684210527
2026-04-04 07:32:02,38,26,0.6842105263157895
2026-04-04 07:33:03,38,21,0.5526315789473685
2026-04-04 07:34:03,39,20,0.5128205128205128
2026-04-04 07:35:04,39,24,0.6153846153846154
2026-04-04 07:36:05,39,20,0.5128205128205128
2026-04-04 07:37:06,39,18,0.46153846153846156
2026-04-04 07:38:07,39,21,0.5384615384615384
2026-04-04 07:39:07,39,20,0.5128205128205128
2026-04-04 07:40:08,38,22,0.5789473684210527
2026-04-04 07:41:09,38,23,0.6052631578947368
2026-04-04 07:42:10,38,19,0.5
2026-04-04 07:43:10,38,20,0.5263157894736842
2026-04-04 07:44:11,38,24,0.631578947368421
2026-04-04 07:45:12,38,22,0.5789473684210527
2026-04-04 07:46:13,38,19,0.5
2026-04-04 07:47:14,38,25,0.6578947368421053
2026-04-04 07:48:14,38,21,0.5526315789473685
2026-04-04 07:49:15,38,21,0.5526315789473685
2026-04-04 07:50:16,38,24,0.631578947368421
2026-04-04 07:51:17,38,20,0.5263157894736842
2026-04-04 07:52:18,37,21,0.5675675675675675
2026-04-04 07:53:18,37,24,0.6486486486486487
2026-04-04 07:54:19,38,19,0.5
2026-04-04 07:55:20,38,20,0.5263157894736842
2026-04-04 07:56:21,39,25,0.6410256410256411
2026-04-04 07:57:22,38,18,0.47368421052631576
2026-04-04 07:58:23,38,19,0.5
2026-04-04 07:59:23,39,27,0.6923076923076923
2026-04-04 08:00:24,39,20,0.5128205128205128
2026-04-04 08:01:25,40,22,0.55
2026-04-04 08:02:26,40,26,0.65
2026-04-04 08:03:26,40,21,0.525
2026-04-04 08:04:27,41,20,0.4878048780487805
2026-04-04 08:05:28,41,22,0.5365853658536586
2026-04-04 08:06:29,40,20,0.5
2026-04-04 08:07:30,40,22,0.55
2026-04-04 08:08:30,40,26,0.65
2026-04-04 08:09:31,40,20,0.5
2026-04-04 08:10:32,39,22,0.5641025641025641
2026-04-04 08:11:33,39,24,0.6153846153846154
2026-04-04 08:12:34,39,19,0.48717948717948717
2026-04-04 08:13:34,38,22,0.5789473684210527
2026-04-04 08:14:35,39,24,0.6153846153846154
2026-04-04 08:15:36,41,21,0.5121951219512195
2026-04-04 08:16:37,41,22,0.5365853658536586
2026-04-04 08:17:38,43,24,0.5581395348837209
2026-04-04 08:18:38,43,21,0.4883720930232558
2026-04-04 08:19:39,43,23,0.5348837209302325
2026-04-04 08:20:40,43,22,0.5116279069767442
2026-04-04 08:21:41,43,20,0.46511627906976744
2026-04-04 08:22:42,43,22,0.5116279069767442
2026-04-04 08:23:43,43,22,0.5116279069767442
2026-04-04 08:24:43,43,21,0.4883720930232558
2026-04-04 08:25:44,43,27,0.627906976744186
2026-04-04 08:26:45,42,20,0.47619047619047616
2026-04-04 08:27:46,42,19,0.4523809523809524
2026-04-04 08:28:47,42,26,0.6190476190476191
2026-04-04 08:29:47,41,22,0.5365853658536586
2026-04-04 08:30:48,41,22,0.5365853658536586
2026-04-04 08:31:49,41,27,0.6585365853658537
2026-04-04 08:32:50,41,21,0.5121951219512195
2026-04-04 08:33:51,42,21,0.5
2026-04-04 08:34:52,43,28,0.6511627906976745
2026-04-04 08:35:52,43,22,0.5116279069767442
2026-04-04 08:36:53,42,24,0.5714285714285714
2026-04-04 08:37:54,42,28,0.6666666666666666
2026-04-04 08:38:55,42,22,0.5238095238095238
2026-04-04 08:39:56,44,27,0.6136363636363636
2026-04-04 08:40:56,41,26,0.6341463414634146
2026-04-04 08:41:57,42,21,0.5
2026-04-04 08:42:58,43,26,0.6046511627906976
2026-04-04 08:43:59,43,24,0.5581395348837209
2026-04-04 08:45:00,43,22,0.5116279069767442
2026-04-04 08:46:01,43,25,0.5813953488372093
2026-04-04 08:47:01,43,28,0.6511627906976745
2026-04-04 08:48:02,43,22,0.5116279069767442
2026-04-04 08:49:03,43,26,0.6046511627906976
2026-04-04 08:50:04,43,28,0.6511627906976745
2026-04-04 08:51:05,44,24,0.5454545454545454
2026-04-04 08:52:06,43,25,0.5813953488372093
2026-04-04 08:53:06,43,27,0.627906976744186
2026-04-04 08:54:07,43,23,0.5348837209302325
2026-04-04 08:55:08,43,23,0.5348837209302325
2026-04-04 08:56:09,43,26,0.6046511627906976
2026-04-04 08:57:10,44,25,0.5681818181818182
2026-04-04 08:58:11,44,24,0.5454545454545454
2026-04-04 08:59:12,44,24,0.5454545454545454
2026-04-04 09:00:12,43,22,0.5116279069767442
2026-04-04 09:01:13,43,24,0.5581395348837209
2026-04-04 09:02:14,42,26,0.6190476190476191
2026-04-04 09:03:15,42,25,0.5952380952380952
2026-04-04 09:04:16,42,24,0.5714285714285714
2026-04-04 09:05:17,43,25,0.5813953488372093
2026-04-04 09:06:17,42,22,0.5238095238095238
2026-04-04 09:07:18,44,25,0.5681818181818182
2026-04-04 09:08:19,44,30,0.6818181818181818
2026-04-04 09:09:20,45,22,0.4888888888888889
2026-04-04 09:10:21,46,24,0.5217391304347826
2026-04-04 09:11:21,46,29,0.6304347826086957
2026-04-04 09:12:22,46,24,0.5217391304347826
2026-04-04 09:13:23,46,24,0.5217391304347826
2026-04-04 09:14:24,46,25,0.5434782608695652
2026-04-04 09:15:25,46,25,0.5434782608695652
2026-04-04 09:16:26,45,21,0.4666666666666667
2026-04-04 09:17:26,47,27,0.574468085106383
2026-04-04 09:18:27,47,22,0.46808510638297873
2026-04-04 09:19:28,46,23,0.5
2026-04-04 09:20:29,46,26,0.5652173913043478
2026-04-04 09:21:30,45,23,0.5111111111111111
2026-04-04 09:22:31,46,24,0.5217391304347826
2026-04-04 09:23:31,46,24,0.5217391304347826
2026-04-04 09:24:32,46,22,0.4782608695652174
2026-04-04 09:25:33,46,25,0.5434782608695652
2026-04-04 09:26:34,46,24,0.5217391304347826
2026-04-04 09:27:35,46,19,0.41304347826086957
2026-04-04 09:28:36,45,22,0.4888888888888889
2026-04-04 09:29:37,45,21,0.4666666666666667
2026-04-04 09:30:37,45,22,0.4888888888888889
2026-04-04 09:31:38,44,25,0.5681818181818182
2026-04-04 09:32:39,44,23,0.5227272727272727
2026-04-04 09:33:40,42,22,0.5238095238095238
2026-04-04 09:34:41,41,24,0.5853658536585366
2026-04-04 09:35:41,43,23,0.5348837209302325
2026-04-04 09:36:42,43,19,0.4418604651162791
2026-04-04 09:37:43,43,26,0.6046511627906976
2026-04-04 09:38:44,43,24,0.5581395348837209
2026-04-04 09:39:45,43,25,0.5813953488372093
2026-04-04 09:40:46,43,27,0.627906976744186
2026-04-04 09:41:46,43,22,0.5116279069767442
2026-04-04 09:42:47,43,20,0.46511627906976744
2026-04-04 09:43:48,43,25,0.5813953488372093
2026-04-04 09:44:49,42,23,0.5476190476190477
2026-04-04 09:45:50,42,24,0.5714285714285714
2026-04-04 09:46:50,43,26,0.6046511627906976
2026-04-04 09:47:51,43,25,0.5813953488372093
2026-04-04 09:48:52,43,25,0.5813953488372093
2026-04-04 09:49:53,43,26,0.6046511627906976
2026-04-04 09:50:54,43,27,0.627906976744186
2026-04-04 09:51:55,44,21,0.4772727272727273
2026-04-04 09:52:55,44,24,0.5454545454545454
2026-04-04 09:53:56,44,21,0.4772727272727273
2026-04-04 09:54:57,44,21,0.4772727272727273
2026-04-04 09:55:58,44,24,0.5454545454545454
2026-04-04 09:56:59,43,23,0.5348837209302325
2026-04-04 09:58:00,42,22,0.5238095238095238
2026-04-04 09:59:01,41,23,0.5609756097560976
2026-04-04 10:00:02,41,24,0.5853658536585366
2026-04-04 10:01:03,41,23,0.5609756097560976
2026-04-04 10:02:04,42,27,0.6428571428571429
2026-04-04 10:03:04,42,23,0.5476190476190477
2026-04-04 10:04:05,42,22,0.5238095238095238
2026-04-04 10:05:06,43,28,0.6511627906976745
2026-04-04 10:06:07,42,23,0.5476190476190477
2026-04-04 10:07:08,41,23,0.5609756097560976
2026-04-04 10:08:09,41,27,0.6585365853658537
2026-04-04 10:09:10,41,23,0.5609756097560976
2026-04-04 10:10:10,40,19,0.475
2026-04-04 10:11:11,40,25,0.625
2026-04-04 10:12:12,42,25,0.5952380952380952
2026-04-04 10:13:13,42,21,0.5
2026-04-04 10:14:14,43,24,0.5581395348837209
2026-04-04 10:15:15,43,25,0.5813953488372093
2026-04-04 10:16:16,43,21,0.4883720930232558
2026-04-04 10:17:16,44,27,0.6136363636363636
2026-04-04 10:18:17,43,25,0.5813953488372093
2026-04-04 10:19:18,42,21,0.5
2026-04-04 10:20:19,42,28,0.6666666666666666
2026-04-04 10:21:20,42,20,0.47619047619047616
2026-04-04 10:22:21,44,19,0.4318181818181818
2026-04-04 10:23:21,44,23,0.5227272727272727
2026-04-04 10:24:22,43,18,0.4186046511627907
2026-04-04 10:25:23,43,24,0.5581395348837209
2026-04-04 10:26:24,43,24,0.5581395348837209
2026-04-04 10:27:25,42,22,0.5238095238095238
2026-04-04 10:28:25,43,23,0.5348837209302325
2026-04-04 10:29:26,44,27,0.6136363636363636
2026-04-04 10:30:27,43,25,0.5813953488372093
2026-04-04 10:31:28,43,21,0.4883720930232558
2026-04-04 10:32:29,43,22,0.5116279069767442
2026-04-04 10:33:30,43,20,0.46511627906976744
2026-04-04 10:34:30,45,25,0.5555555555555556
2026-04-04 10:35:31,45,22,0.4888888888888889
2026-04-04 10:36:32,45,21,0.4666666666666667
2026-04-04 10:37:33,45,22,0.4888888888888889
2026-04-04 10:38:34,45,20,0.4444444444444444
2026-04-04 10:39:35,45,22,0.4888888888888889
2026-04-04 10:40:35,43,22,0.5116279069767442
2026-04-04 10:41:36,44,22,0.5
2026-04-04 10:42:37,45,23,0.5111111111111111
2026-04-04 10:43:38,45,21,0.4666666666666667
2026-04-04 10:44:39,43,19,0.4418604651162791
2026-04-04 10:45:39,43,22,0.5116279069767442
2026-04-04 10:46:40,43,21,0.4883720930232558
2026-04-04 10:47:41,42,19,0.4523809523809524
2026-04-04 10:48:42,43,21,0.4883720930232558
2026-04-04 10:49:43,44,18,0.4090909090909091
2026-04-04 10:50:43,44,22,0.5
2026-04-04 10:51:44,42,19,0.4523809523809524
2026-04-04 10:52:45,42,21,0.5
2026-04-04 10:53:46,43,24,0.5581395348837209
2026-04-04 10:54:47,43,22,0.5116279069767442
2026-04-04 10:55:48,44,25,0.5681818181818182
2026-04-04 10:56:49,44,19,0.4318181818181818
2026-04-04 10:57:49,44,21,0.4772727272727273
2026-04-04 10:58:50,44,23,0.5227272727272727
2026-04-04 10:59:51,44,23,0.5227272727272727
2026-04-04 11:00:52,44,20,0.45454545454545453
2026-04-04 11:01:53,43,24,0.5581395348837209
2026-04-04 11:02:54,43,29,0.6744186046511628
2026-04-04 11:03:54,43,25,0.5813953488372093
2026-04-04 11:04:55,43,26,0.6046511627906976
2026-04-04 11:05:56,44,26,0.5909090909090909
2026-04-04 11:06:57,45,25,0.5555555555555556
2026-04-04 11:07:58,46,30,0.6521739130434783
2026-04-04 11:08:59,47,26,0.5531914893617021
2026-04-04 11:10:00,47,24,0.5106382978723404
2026-04-04 11:11:00,47,28,0.5957446808510638
2026-04-04 11:12:01,47,25,0.5319148936170213
2026-04-04 11:13:02,47,20,0.425531914893617
2026-04-04 11:14:03,47,25,0.5319148936170213
2026-04-04 11:15:04,47,25,0.5319148936170213
2026-04-04 11:16:05,46,23,0.5
2026-04-04 11:17:05,45,29,0.6444444444444445
2026-04-04 11:18:06,42,26,0.6190476190476191
2026-04-04 11:19:07,41,25,0.6097560975609756
2026-04-04 11:20:08,42,25,0.5952380952380952
2026-04-04 11:21:09,43,31,0.7209302325581395
2026-04-04 11:22:10,43,26,0.6046511627906976
2026-04-04 11:23:10,43,26,0.6046511627906976
2026-04-04 11:24:11,43,26,0.6046511627906976
2026-04-04 11:25:12,43,28,0.6511627906976745
2026-04-04 11:26:13,43,28,0.6511627906976745
2026-04-04 11:27:14,43,26,0.6046511627906976
2026-04-04 11:28:15,43,24,0.5581395348837209
2026-04-04 11:29:15,42,27,0.6428571428571429
2026-04-04 11:30:16,44,27,0.6136363636363636
2026-04-04 11:31:17,46,26,0.5652173913043478
2026-04-04 11:32:18,46,24,0.5217391304347826
2026-04-04 11:33:19,46,22,0.4782608695652174
2026-04-04 11:34:19,46,22,0.4782608695652174
2026-04-04 11:35:20,45,16,0.35555555555555557
2026-04-04 11:36:21,45,26,0.5777777777777777
2026-04-04 11:37:22,45,25,0.5555555555555556
2026-04-04 11:38:23,45,22,0.4888888888888889
2026-04-04 11:39:24,44,17,0.38636363636363635
2026-04-04 11:40:24,43,16,0.37209302325581395
2026-04-04 11:41:25,43,21,0.4883720930232558
2026-04-04 11:42:26,43,23,0.5348837209302325
2026-04-04 11:43:27,43,24,0.5581395348837209
2026-04-04 11:44:28,44,27,0.6136363636363636
2026-04-04 11:45:28,44,22,0.5
2026-04-04 11:46:29,42,23,0.5476190476190477
2026-04-04 11:47:30,41,23,0.5609756097560976
2026-04-04 11:48:31,40,19,0.475
2026-04-04 11:49:32,40,18,0.45
2026-04-04 11:50:32,40,17,0.425
2026-04-04 11:51:33,40,19,0.475
2026-04-04 11:52:34,40,18,0.45
2026-04-04 11:53:35,40,17,0.425
2026-04-04 11:54:36,40,21,0.525
2026-04-04 11:55:36,39,15,0.38461538461538464
2026-04-04 11:56:37,38,18,0.47368421052631576
2026-04-04 11:57:38,36,17,0.4722222222222222
2026-04-04 11:58:39,36,16,0.4444444444444444
2026-04-04 11:59:39,36,17,0.4722222222222222
2026-04-04 12:00:40,36,20,0.5555555555555556
2026-04-04 12:01:41,35,18,0.5142857142857142
2026-04-04 12:02:42,35,15,0.42857142857142855
2026-04-04 12:03:42,36,19,0.5277777777777778
2026-04-04 12:04:43,37,20,0.5405405405405406
2026-04-04 12:05:44,37,17,0.4594594594594595
2026-04-04 12:06:45,35,20,0.5714285714285714
2026-04-04 12:07:45,38,19,0.5
2026-04-04 12:08:46,38,14,0.3684210526315789
2026-04-04 12:09:47,39,19,0.48717948717948717
2026-04-04 12:10:48,38,18,0.47368421052631576
2026-04-04 12:11:48,38,19,0.5
2026-04-04 12:12:49,38,21,0.5526315789473685
2026-04-04 12:13:50,38,24,0.631578947368421
2026-04-04 12:14:51,39,23,0.5897435897435898
2026-04-04 12:15:52,39,20,0.5128205128205128
2026-04-04 12:16:52,39,18,0.46153846153846156
2026-04-04 12:17:53,39,20,0.5128205128205128
2026-04-04 12:18:54,38,18,0.47368421052631576
2026-04-04 12:19:54,39,17,0.4358974358974359
2026-04-04 12:20:55,38,14,0.3684210526315789
2026-04-04 12:21:56,38,15,0.39473684210526316
2026-04-04 12:22:57,38,17,0.4473684210526316
2026-04-04 12:23:58,37,15,0.40540540540540543
2026-04-04 12:24:58,37,21,0.5675675675675675
2026-04-04 12:25:59,38,19,0.5
2026-04-04 12:27:00,37,20,0.5405405405405406
2026-04-04 12:28:01,36,17,0.4722222222222222
2026-04-04 12:29:02,36,19,0.5277777777777778
2026-04-04 12:30:03,36,20,0.5555555555555556
2026-04-04 12:31:03,36,16,0.4444444444444444
2026-04-04 12:32:04,36,16,0.4444444444444444
2026-04-04 12:33:05,36,18,0.5
2026-04-04 12:34:06,37,16,0.43243243243243246
2026-04-04 12:35:06,37,16,0.43243243243243246
2026-04-04 12:36:07,36,19,0.5277777777777778
2026-04-04 12:37:08,37,20,0.5405405405405406
2026-04-04 12:38:09,39,15,0.38461538461538464
2026-04-04 12:39:09,39,17,0.4358974358974359
2026-04-04 12:40:10,39,13,0.3333333333333333
2026-04-04 12:41:11,38,15,0.39473684210526316
2026-04-04 12:42:12,37,18,0.4864864864864865
2026-04-04 12:43:13,39,22,0.5641025641025641
2026-04-04 12:44:13,38,20,0.5263157894736842
2026-04-04 12:45:14,38,22,0.5789473684210527
2026-04-04 12:46:15,37,16,0.43243243243243246
2026-04-04 12:47:16,38,23,0.6052631578947368
2026-04-04 12:48:16,38,25,0.6578947368421053
2026-04-04 12:49:17,39,24,0.6153846153846154
2026-04-04 12:50:18,40,25,0.625
2026-04-04 12:51:19,40,22,0.55
2026-04-04 12:52:20,40,19,0.475
2026-04-04 12:53:20,40,23,0.575
2026-04-04 12:54:21,39,19,0.48717948717948717
2026-04-04 12:55:22,39,19,0.48717948717948717
2026-04-04 12:56:23,39,20,0.5128205128205128
2026-04-04 12:57:24,39,17,0.4358974358974359
2026-04-04 12:58:24,39,15,0.38461538461538464
2026-04-04 12:59:25,39,16,0.41025641025641024
2026-04-04 13:00:26,40,17,0.425
2026-04-04 13:01:27,40,19,0.475
2026-04-04 13:02:28,39,21,0.5384615384615384
2026-04-04 13:03:28,40,19,0.475
2026-04-04 13:04:29,39,20,0.5128205128205128
2026-04-04 13:05:30,39,24,0.6153846153846154
2026-04-04 13:06:31,39,24,0.6153846153846154
2026-04-04 13:07:32,38,21,0.5526315789473685
2026-04-04 13:08:32,39,24,0.6153846153846154
2026-04-04 13:09:33,40,22,0.55
2026-04-04 13:10:34,40,25,0.625
2026-04-04 13:11:35,41,21,0.5121951219512195
2026-04-04 13:12:36,41,21,0.5121951219512195
2026-04-04 13:13:36,41,22,0.5365853658536586
2026-04-04 13:14:37,41,22,0.5365853658536586
2026-04-04 13:15:38,42,21,0.5
2026-04-04 13:16:39,42,24,0.5714285714285714
2026-04-04 13:17:39,41,22,0.5365853658536586
2026-04-04 13:18:40,41,20,0.4878048780487805
2026-04-04 13:19:41,42,23,0.5476190476190477
2026-04-04 13:20:42,42,23,0.5476190476190477
2026-04-04 13:21:43,42,22,0.5238095238095238
2026-04-04 13:22:43,41,22,0.5365853658536586
2026-04-04 13:23:44,42,20,0.47619047619047616
2026-04-04 13:24:45,42,19,0.4523809523809524
2026-04-04 13:25:46,44,26,0.5909090909090909
2026-04-04 13:26:47,43,21,0.4883720930232558
2026-04-04 13:27:48,43,21,0.4883720930232558
2026-04-04 13:28:48,43,23,0.5348837209302325
2026-04-04 13:29:49,43,21,0.4883720930232558
2026-04-04 13:30:50,42,23,0.5476190476190477
2026-04-04 13:31:51,42,22,0.5238095238095238
2026-04-04 13:32:52,42,23,0.5476190476190477
2026-04-04 13:33:52,42,24,0.5714285714285714
2026-04-04 13:34:53,42,24,0.5714285714285714
2026-04-04 13:35:54,42,22,0.5238095238095238
2026-04-04 13:36:55,43,24,0.5581395348837209
2026-04-04 13:37:56,43,20,0.46511627906976744
2026-04-04 13:38:56,44,23,0.5227272727272727
2026-04-04 13:39:57,44,23,0.5227272727272727
2026-04-04 13:40:58,44,20,0.45454545454545453
2026-04-04 13:41:59,43,23,0.5348837209302325
2026-04-04 13:43:00,42,25,0.5952380952380952
2026-04-04 13:44:00,41,23,0.5609756097560976
2026-04-04 13:45:01,41,24,0.5853658536585366
2026-04-04 13:46:02,41,22,0.5365853658536586
2026-04-04 13:47:03,41,24,0.5853658536585366
2026-04-04 13:48:04,41,23,0.5609756097560976
2026-04-04 13:49:04,41,22,0.5365853658536586
2026-04-04 13:50:05,42,24,0.5714285714285714
2026-04-04 13:51:06,41,23,0.5609756097560976
2026-04-04 13:52:07,41,23,0.5609756097560976
2026-04-04 13:53:08,40,23,0.575
2026-04-04 13:54:09,38,23,0.6052631578947368
2026-04-04 13:55:09,38,22,0.5789473684210527
2026-04-04 13:56:10,38,22,0.5789473684210527
2026-04-04 13:57:11,38,25,0.6578947368421053
2026-04-04 13:58:12,38,20,0.5263157894736842
2026-04-04 13:59:13,38,24,0.631578947368421
2026-04-04 14:00:13,38,24,0.631578947368421
2026-04-04 14:01:14,39,21,0.5384615384615384
2026-04-04 14:02:15,38,20,0.5263157894736842
2026-04-04 14:03:16,38,20,0.5263157894736842
2026-04-04 14:04:17,38,19,0.5
2026-04-04 14:05:18,37,22,0.5945945945945946
2026-04-04 14:06:19,38,22,0.5789473684210527
2026-04-04 14:07:20,38,22,0.5789473684210527
2026-04-04 14:08:20,38,23,0.6052631578947368
2026-04-04 14:09:21,38,21,0.5526315789473685
2026-04-04 14:10:22,38,25,0.6578947368421053
2026-04-04 14:11:23,39,24,0.6153846153846154
2026-04-04 14:12:24,38,19,0.5
2026-04-04 14:13:25,39,23,0.5897435897435898
2026-04-04 14:14:25,40,22,0.55
2026-04-04 14:15:26,40,21,0.525
2026-04-04 14:16:27,39,21,0.5384615384615384
2026-04-04 14:17:28,39,22,0.5641025641025641
2026-04-04 14:18:29,39,20,0.5128205128205128
2026-04-04 14:19:29,40,21,0.525
2026-04-04 14:20:30,41,21,0.5121951219512195
2026-04-04 14:21:31,41,20,0.4878048780487805
2026-04-04 14:22:32,41,20,0.4878048780487805
2026-04-04 14:23:33,40,24,0.6
2026-04-04 14:24:34,41,26,0.6341463414634146
2026-04-04 14:25:34,40,21,0.525
2026-04-04 14:26:35,40,25,0.625
2026-04-04 14:27:36,40,24,0.6
2026-04-04 14:28:37,39,23,0.5897435897435898
2026-04-04 14:29:38,40,25,0.625
2026-04-04 14:30:38,40,23,0.575
2026-04-04 14:31:39,40,24,0.6
2026-04-04 14:32:40,40,22,0.55
2026-04-04 14:33:41,39,22,0.5641025641025641
2026-04-04 14:34:42,37,27,0.7297297297297297
2026-04-04 14:35:42,39,24,0.6153846153846154
2026-04-04 14:36:43,38,24,0.631578947368421
2026-04-04 14:37:44,39,25,0.6410256410256411
2026-04-04 14:38:45,39,23,0.5897435897435898
2026-04-04 14:39:46,39,24,0.6153846153846154
2026-04-04 14:40:47,40,25,0.625
2026-04-04 14:41:47,40,21,0.525
2026-04-04 14:42:48,40,22,0.55
2026-04-04 14:43:49,40,23,0.575
2026-04-04 14:44:50,39,24,0.6153846153846154
2026-04-04 14:45:51,39,21,0.5384615384615384
2026-04-04 14:46:51,39,23,0.5897435897435898
2026-04-04 14:47:52,39,18,0.46153846153846156
2026-04-04 14:48:53,39,21,0.5384615384615384
2026-04-04 14:49:54,40,20,0.5
2026-04-04 14:50:55,40,21,0.525
2026-04-04 14:51:55,38,20,0.5263157894736842
2026-04-04 14:52:56,39,23,0.5897435897435898
2026-04-04 14:53:57,39,21,0.5384615384615384
2026-04-04 14:54:58,38,19,0.5
2026-04-04 14:55:59,38,19,0.5
2026-04-04 14:57:00,38,18,0.47368421052631576
2026-04-04 14:58:00,39,20,0.5128205128205128
2026-04-04 14:59:01,37,20,0.5405405405405406
2026-04-04 15:00:02,36,19,0.5277777777777778
2026-04-04 15:01:03,36,20,0.5555555555555556
2026-04-04 15:02:04,35,20,0.5714285714285714
2026-04-04 15:03:05,36,22,0.6111111111111112
2026-04-04 15:04:05,36,19,0.5277777777777778
2026-04-04 15:05:06,35,19,0.5428571428571428
2026-04-04 15:06:07,36,19,0.5277777777777778
2026-04-04 15:07:08,35,20,0.5714285714285714
2026-04-04 15:08:08,35,18,0.5142857142857142
2026-04-04 15:09:10,35,20,0.5714285714285714
2026-04-04 15:10:10,34,13,0.38235294117647056
2026-04-04 15:11:11,35,20,0.5714285714285714
2026-04-04 15:12:12,35,20,0.5714285714285714
2026-04-04 15:13:13,36,18,0.5
2026-04-04 15:14:13,35,18,0.5142857142857142
2026-04-04 15:15:14,36,22,0.6111111111111112
2026-04-04 15:16:15,37,18,0.4864864864864865
2026-04-04 15:17:16,37,21,0.5675675675675675
2026-04-04 15:18:16,36,21,0.5833333333333334
2026-04-04 15:19:17,36,19,0.5277777777777778
2026-04-04 15:20:18,37,19,0.5135135135135135
2026-04-04 15:21:19,36,19,0.5277777777777778
2026-04-04 15:22:19,35,19,0.5428571428571428
2026-04-04 15:23:20,35,20,0.5714285714285714
2026-04-04 15:24:21,35,17,0.4857142857142857
2026-04-04 15:25:22,35,16,0.45714285714285713
2026-04-04 15:26:22,35,17,0.4857142857142857
2026-04-04 15:27:23,36,19,0.5277777777777778
2026-04-04 15:28:24,36,16,0.4444444444444444
2026-04-04 15:29:25,36,19,0.5277777777777778
2026-04-04 15:30:25,36,20,0.5555555555555556
2026-04-04 15:31:26,37,19,0.5135135135135135
2026-04-04 15:32:27,38,20,0.5263157894736842
2026-04-04 15:33:28,37,19,0.5135135135135135
2026-04-04 15:34:28,37,18,0.4864864864864865
2026-04-04 15:35:29,39,21,0.5384615384615384
2026-04-04 15:36:30,39,22,0.5641025641025641
2026-04-04 15:37:31,40,20,0.5
2026-04-04 15:38:32,39,20,0.5128205128205128
2026-04-04 15:39:32,39,23,0.5897435897435898
2026-04-04 15:40:33,38,21,0.5526315789473685
2026-04-04 15:41:34,36,22,0.6111111111111112
2026-04-04 15:42:35,36,23,0.6388888888888888
2026-04-04 15:43:35,36,20,0.5555555555555556
2026-04-04 15:44:36,35,21,0.6
2026-04-04 15:45:37,35,23,0.6571428571428571
2026-04-04 15:46:38,34,21,0.6176470588235294
2026-04-04 15:47:39,33,22,0.6666666666666666
2026-04-04 15:48:39,33,23,0.696969696969697
2026-04-04 15:49:40,34,23,0.6764705882352942
2026-04-04 15:50:41,34,22,0.6470588235294118
2026-04-04 15:51:42,35,24,0.6857142857142857
2026-04-04 15:52:43,35,22,0.6285714285714286
2026-04-04 15:53:43,36,23,0.6388888888888888
2026-04-04 15:54:44,36,25,0.6944444444444444
2026-04-04 15:55:45,36,25,0.6944444444444444
2026-04-04 15:56:46,36,23,0.6388888888888888
2026-04-04 15:57:47,36,23,0.6388888888888888
2026-04-04 15:58:47,35,25,0.7142857142857143
2026-04-04 15:59:48,36,24,0.6666666666666666
2026-04-04 16:00:49,36,23,0.6388888888888888
2026-04-04 16:01:50,36,23,0.6388888888888888
2026-04-04 16:02:50,38,23,0.6052631578947368
2026-04-04 16:03:51,37,22,0.5945945945945946
2026-04-04 16:04:52,37,23,0.6216216216216216
2026-04-04 16:05:53,35,20,0.5714285714285714
2026-04-04 16:06:54,36,23,0.6388888888888888
2026-04-04 16:07:54,37,22,0.5945945945945946
2026-04-04 16:08:55,38,23,0.6052631578947368
2026-04-04 16:09:56,38,23,0.6052631578947368
2026-04-04 16:10:57,36,22,0.6111111111111112
2026-04-04 16:11:57,37,19,0.5135135135135135
2026-04-04 16:12:58,39,22,0.5641025641025641
2026-04-04 16:13:59,39,19,0.48717948717948717
2026-04-04 16:15:00,39,22,0.5641025641025641
2026-04-04 16:16:01,39,21,0.5384615384615384
2026-04-04 16:17:01,39,24,0.6153846153846154
2026-04-04 16:18:02,38,19,0.5
2026-04-04 16:19:03,38,25,0.6578947368421053
2026-04-04 16:20:04,38,25,0.6578947368421053
2026-04-04 16:21:04,39,22,0.5641025641025641
2026-04-04 16:22:05,41,26,0.6341463414634146
2026-04-04 16:23:06,42,23,0.5476190476190477
2026-04-04 16:24:07,42,20,0.47619047619047616
2026-04-04 16:25:08,42,25,0.5952380952380952
2026-04-04 16:26:08,42,23,0.5476190476190477
2026-04-04 16:27:09,42,26,0.6190476190476191
2026-04-04 16:28:10,42,22,0.5238095238095238
2026-04-04 16:29:11,41,23,0.5609756097560976
2026-04-04 16:30:12,41,22,0.5365853658536586
2026-04-04 16:31:12,42,24,0.5714285714285714
2026-04-04 16:32:13,42,23,0.5476190476190477
2026-04-04 16:33:14,42,24,0.5714285714285714
2026-04-04 16:34:15,42,25,0.5952380952380952
2026-04-04 16:35:15,42,23,0.5476190476190477
2026-04-04 16:36:16,41,22,0.5365853658536586
2026-04-04 16:37:17,40,25,0.625
2026-04-04 16:38:18,42,22,0.5238095238095238
2026-04-04 16:39:19,43,27,0.627906976744186
2026-04-04 16:40:19,44,22,0.5
2026-04-04 16:41:20,44,26,0.5909090909090909
2026-04-04 16:42:21,44,25,0.5681818181818182
2026-04-04 16:43:22,44,23,0.5227272727272727
2026-04-04 16:44:23,44,25,0.5681818181818182
2026-04-04 16:45:23,44,25,0.5681818181818182
2026-04-04 16:46:24,44,21,0.4772727272727273
2026-04-04 16:47:25,43,25,0.5813953488372093
2026-04-04 16:48:26,43,24,0.5581395348837209
2026-04-04 16:49:27,44,22,0.5
2026-04-04 16:50:27,44,27,0.6136363636363636
2026-04-04 16:51:28,43,23,0.5348837209302325
2026-04-04 16:52:29,42,21,0.5
2026-04-04 16:53:30,41,22,0.5365853658536586
2026-04-04 16:54:30,40,22,0.55
2026-04-04 16:55:31,42,24,0.5714285714285714
2026-04-04 16:56:32,42,24,0.5714285714285714
2026-04-04 16:57:33,42,23,0.5476190476190477
2026-04-04 16:58:34,41,24,0.5853658536585366
2026-04-04 16:59:34,42,23,0.5476190476190477
2026-04-04 17:00:35,43,25,0.5813953488372093
2026-04-04 17:01:36,43,20,0.46511627906976744
2026-04-04 17:02:37,42,25,0.5952380952380952
2026-04-04 17:03:38,42,25,0.5952380952380952
2026-04-04 17:04:38,41,23,0.5609756097560976
2026-04-04 17:05:39,41,23,0.5609756097560976
2026-04-04 17:06:40,41,25,0.6097560975609756
2026-04-04 17:07:41,41,21,0.5121951219512195
2026-04-04 17:08:42,40,24,0.6
2026-04-04 17:09:42,40,25,0.625
2026-04-04 17:10:43,42,25,0.5952380952380952
2026-04-04 17:11:44,40,22,0.55
2026-04-04 17:12:45,40,22,0.55
2026-04-04 17:13:46,39,25,0.6410256410256411
2026-04-04 17:14:46,39,22,0.5641025641025641
2026-04-04 17:15:47,39,23,0.5897435897435898
2026-04-04 17:16:48,39,25,0.6410256410256411
2026-04-04 17:17:49,39,20,0.5128205128205128
2026-04-04 17:18:50,39,22,0.5641025641025641
2026-04-04 17:19:50,39,20,0.5128205128205128
2026-04-04 17:20:51,39,20,0.5128205128205128
2026-04-04 17:21:52,38,19,0.5
2026-04-04 17:22:53,37,21,0.5675675675675675
2026-04-04 17:23:54,38,20,0.5263157894736842
2026-04-04 17:24:54,39,22,0.5641025641025641
2026-04-04 17:25:55,39,18,0.46153846153846156
2026-04-04 17:26:56,40,20,0.5
2026-04-04 17:27:57,39,18,0.46153846153846156
2026-04-04 17:28:57,40,17,0.425
2026-04-04 17:29:58,39,15,0.38461538461538464
2026-04-04 17:30:59,40,18,0.45
2026-04-04 17:32:00,39,17,0.4358974358974359
2026-04-04 17:33:00,38,18,0.47368421052631576
2026-04-04 17:34:01,36,20,0.5555555555555556
2026-04-04 17:35:02,34,18,0.5294117647058824
2026-04-04 17:36:03,34,18,0.5294117647058824
2026-04-04 17:37:04,33,20,0.6060606060606061
2026-04-04 17:38:04,32,17,0.53125
2026-04-04 17:39:05,34,21,0.6176470588235294
2026-04-04 17:40:06,34,19,0.5588235294117647
2026-04-04 17:41:07,34,19,0.5588235294117647
2026-04-04 17:42:08,34,18,0.5294117647058824
2026-04-04 17:43:08,34,16,0.47058823529411764
2026-04-04 17:44:09,34,18,0.5294117647058824
2026-04-04 17:45:10,34,20,0.5882352941176471
2026-04-04 17:46:11,35,18,0.5142857142857142
2026-04-04 17:47:11,34,17,0.5
2026-04-04 17:48:12,33,18,0.5454545454545454
2026-04-04 17:49:13,32,22,0.6875
2026-04-04 17:50:14,34,20,0.5882352941176471
2026-04-04 17:51:14,34,20,0.5882352941176471
2026-04-04 17:52:15,33,21,0.6363636363636364
2026-04-04 17:53:16,34,21,0.6176470588235294
2026-04-04 17:54:17,33,19,0.5757575757575758
2026-04-04 17:55:17,33,11,0.3333333333333333
2026-04-04 17:56:18,33,7,0.21212121212121213
2026-04-04 17:57:19,33,14,0.42424242424242425
2026-04-04 17:58:20,34,20,0.5882352941176471
2026-04-04 17:59:20,34,18,0.5294117647058824
2026-04-04 18:00:21,34,19,0.5588235294117647
2026-04-04 18:01:22,35,19,0.5428571428571428
2026-04-04 18:02:23,37,23,0.6216216216216216
2026-04-04 18:03:23,35,18,0.5142857142857142
2026-04-04 18:04:24,37,22,0.5945945945945946
2026-04-04 18:05:25,38,23,0.6052631578947368
2026-04-04 18:06:26,39,22,0.5641025641025641
2026-04-04 18:07:26,39,19,0.48717948717948717
2026-04-04 18:08:27,40,22,0.55
2026-04-04 18:09:28,40,21,0.525
2026-04-04 18:10:29,40,20,0.5
2026-04-04 18:11:29,39,21,0.5384615384615384
2026-04-04 18:12:30,39,23,0.5897435897435898
2026-04-04 18:13:31,40,21,0.525
2026-04-04 18:14:32,39,24,0.6153846153846154
2026-04-04 18:15:33,38,23,0.6052631578947368
2026-04-04 18:16:33,37,24,0.6486486486486487
2026-04-04 18:17:34,36,21,0.5833333333333334
2026-04-04 18:18:35,35,22,0.6285714285714286
2026-04-04 18:19:36,36,21,0.5833333333333334
2026-04-04 18:20:36,36,23,0.6388888888888888
2026-04-04 18:21:37,36,23,0.6388888888888888
2026-04-04 18:22:38,36,21,0.5833333333333334
2026-04-04 18:23:39,36,18,0.5
2026-04-04 18:24:40,36,20,0.5555555555555556
2026-04-04 18:25:40,37,22,0.5945945945945946
2026-04-04 18:26:41,37,18,0.4864864864864865
2026-04-04 18:27:42,37,20,0.5405405405405406
2026-04-04 18:28:43,37,20,0.5405405405405406
2026-04-04 18:29:43,37,17,0.4594594594594595
2026-04-04 18:30:44,37,16,0.43243243243243246
2026-04-04 18:31:45,37,21,0.5675675675675675
2026-04-04 18:32:46,35,18,0.5142857142857142
2026-04-04 18:33:47,35,21,0.6
2026-04-04 18:34:47,34,23,0.6764705882352942
2026-04-04 18:35:48,34,19,0.5588235294117647
2026-04-04 18:36:49,34,18,0.5294117647058824
2026-04-04 18:37:50,34,19,0.5588235294117647
2026-04-04 18:38:50,35,21,0.6
2026-04-04 18:39:51,36,21,0.5833333333333334
2026-04-04 18:40:52,37,21,0.5675675675675675
2026-04-04 18:41:53,37,21,0.5675675675675675
2026-04-04 18:42:54,37,21,0.5675675675675675
2026-04-04 18:43:54,37,21,0.5675675675675675
2026-04-04 18:44:55,36,19,0.5277777777777778
2026-04-04 18:45:56,36,21,0.5833333333333334
2026-04-04 18:46:57,36,19,0.5277777777777778
2026-04-04 18:47:57,36,16,0.4444444444444444
2026-04-04 18:48:58,37,24,0.6486486486486487
2026-04-04 18:49:59,37,18,0.4864864864864865
2026-04-04 18:51:00,37,19,0.5135135135135135
2026-04-04 18:52:00,37,20,0.5405405405405406
2026-04-04 18:53:01,35,18,0.5142857142857142
2026-04-04 18:54:02,36,20,0.5555555555555556
2026-04-04 18:55:03,37,24,0.6486486486486487
2026-04-04 18:56:04,38,17,0.4473684210526316
2026-04-04 18:57:05,38,19,0.5
2026-04-04 18:58:05,38,19,0.5
2026-04-04 18:59:06,39,19,0.48717948717948717
2026-04-04 19:00:07,39,19,0.48717948717948717
2026-04-04 19:01:08,38,18,0.47368421052631576
2026-04-04 19:02:08,38,18,0.47368421052631576
2026-04-04 19:03:09,38,23,0.6052631578947368
2026-04-04 19:04:10,36,18,0.5
2026-04-04 19:05:11,36,20,0.5555555555555556
2026-04-04 19:06:11,36,21,0.5833333333333334
2026-04-04 19:07:12,36,19,0.5277777777777778
2026-04-04 19:08:13,37,19,0.5135135135135135
2026-04-04 19:09:14,37,21,0.5675675675675675
2026-04-04 19:10:15,38,20,0.5263157894736842
2026-04-04 19:11:15,38,21,0.5526315789473685
2026-04-04 19:12:16,38,20,0.5263157894736842
2026-04-04 19:13:17,38,19,0.5
2026-04-04 19:14:17,36,19,0.5277777777777778
2026-04-04 19:15:18,36,19,0.5277777777777778
2026-04-04 19:16:19,35,17,0.4857142857142857
2026-04-04 19:17:20,35,21,0.6
2026-04-04 19:18:21,34,17,0.5
2026-04-04 19:19:21,35,20,0.5714285714285714
2026-04-04 19:20:22,35,18,0.5142857142857142
2026-04-04 19:21:23,36,19,0.5277777777777778
2026-04-04 19:22:24,36,22,0.6111111111111112
2026-04-04 19:23:24,36,18,0.5
2026-04-04 19:24:25,35,19,0.5428571428571428
2026-04-04 19:25:26,35,18,0.5142857142857142
2026-04-04 19:26:27,35,19,0.5428571428571428
2026-04-04 19:27:27,34,18,0.5294117647058824
2026-04-04 19:28:28,34,18,0.5294117647058824
2026-04-04 19:29:29,36,20,0.5555555555555556
2026-04-04 19:30:30,36,17,0.4722222222222222
2026-04-04 19:31:30,37,18,0.4864864864864865
2026-04-04 19:32:31,37,15,0.40540540540540543
2026-04-04 19:33:32,37,14,0.3783783783783784
2026-04-04 19:34:33,37,18,0.4864864864864865
2026-04-04 19:35:34,37,15,0.40540540540540543
2026-04-04 19:36:34,37,17,0.4594594594594595
2026-04-04 19:37:35,36,16,0.4444444444444444
2026-04-04 19:38:36,36,17,0.4722222222222222
2026-04-04 19:39:37,34,16,0.47058823529411764
2026-04-04 19:40:38,32,16,0.5
2026-04-04 19:41:38,30,15,0.5
2026-04-04 19:42:39,31,17,0.5483870967741935
2026-04-04 19:43:40,33,17,0.5151515151515151
2026-04-04 19:44:40,32,14,0.4375
2026-04-04 19:45:41,31,16,0.5161290322580645
2026-04-04 19:46:42,33,17,0.5151515151515151
2026-04-04 19:47:43,33,16,0.48484848484848486
2026-04-04 19:48:43,33,16,0.48484848484848486
2026-04-04 19:49:44,34,19,0.5588235294117647
2026-04-04 19:50:45,34,15,0.4411764705882353
2026-04-04 19:51:46,35,20,0.5714285714285714
2026-04-04 19:52:46,35,17,0.4857142857142857
2026-04-04 19:53:47,37,16,0.43243243243243246
2026-04-04 19:54:48,37,15,0.40540540540540543
2026-04-04 19:55:49,37,19,0.5135135135135135
2026-04-04 19:56:50,38,17,0.4473684210526316
2026-04-04 19:57:51,38,16,0.42105263157894735
2026-04-04 19:58:51,38,19,0.5
2026-04-04 19:59:52,39,13,0.3333333333333333
2026-04-04 20:00:53,39,18,0.46153846153846156
2026-04-04 20:01:54,40,13,0.325
2026-04-04 20:02:54,40,16,0.4
2026-04-04 20:03:55,39,20,0.5128205128205128
2026-04-04 20:04:56,38,16,0.42105263157894735
2026-04-04 20:05:57,38,14,0.3684210526315789
2026-04-04 20:06:57,37,18,0.4864864864864865
2026-04-04 20:07:58,35,17,0.4857142857142857
2026-04-04 20:08:59,36,18,0.5
2026-04-04 20:10:00,36,18,0.5
2026-04-04 20:11:01,34,15,0.4411764705882353
2026-04-04 20:12:01,34,15,0.4411764705882353
2026-04-04 20:13:02,35,19,0.5428571428571428
2026-04-04 20:14:03,36,19,0.5277777777777778
2026-04-04 20:15:03,35,16,0.45714285714285713
2026-04-04 20:16:04,35,19,0.5428571428571428
2026-04-04 20:17:05,35,17,0.4857142857142857
2026-04-04 20:18:06,35,15,0.42857142857142855
2026-04-04 20:19:06,35,20,0.5714285714285714
2026-04-04 20:20:07,37,19,0.5135135135135135
2026-04-04 20:21:08,38,18,0.47368421052631576
2026-04-04 20:22:09,38,16,0.42105263157894735
2026-04-04 20:23:10,38,19,0.5
2026-04-04 20:24:10,38,17,0.4473684210526316
2026-04-04 20:25:11,38,18,0.47368421052631576
2026-04-04 20:26:12,37,16,0.43243243243243246
2026-04-04 20:27:13,37,17,0.4594594594594595
2026-04-04 20:28:13,38,17,0.4473684210526316
2026-04-04 20:29:14,38,16,0.42105263157894735
2026-04-04 20:30:15,38,17,0.4473684210526316
2026-04-04 20:31:16,37,17,0.4594594594594595
2026-04-04 20:32:16,37,18,0.4864864864864865
2026-04-04 20:33:17,38,16,0.42105263157894735
2026-04-04 20:34:18,35,15,0.42857142857142855
2026-04-04 20:35:18,36,18,0.5
2026-04-04 20:36:19,35,14,0.4
2026-04-04 20:37:20,36,17,0.4722222222222222
2026-04-04 20:38:21,37,20,0.5405405405405406
2026-04-04 20:39:21,38,17,0.4473684210526316
2026-04-04 20:40:22,38,18,0.47368421052631576
2026-04-04 20:41:23,38,19,0.5
2026-04-04 20:42:24,38,17,0.4473684210526316
2026-04-04 20:43:24,39,20,0.5128205128205128
2026-04-04 20:44:25,39,23,0.5897435897435898
2026-04-04 20:45:26,39,19,0.48717948717948717
2026-04-04 20:46:27,39,18,0.46153846153846156
2026-04-04 20:47:27,39,20,0.5128205128205128
2026-04-04 20:48:28,39,17,0.4358974358974359
2026-04-04 20:49:29,39,17,0.4358974358974359
2026-04-04 20:50:30,39,22,0.5641025641025641
2026-04-04 20:51:31,39,19,0.48717948717948717
2026-04-04 20:52:31,38,19,0.5
2026-04-04 20:53:32,37,16,0.43243243243243246
2026-04-04 20:54:33,37,16,0.43243243243243246
2026-04-04 20:55:34,37,19,0.5135135135135135
2026-04-04 20:56:34,37,18,0.4864864864864865
2026-04-04 20:57:35,38,18,0.47368421052631576
2026-04-04 20:58:36,39,18,0.46153846153846156
2026-04-04 20:59:37,39,17,0.4358974358974359
2026-04-04 21:00:37,39,18,0.46153846153846156
2026-04-04 21:01:38,37,18,0.4864864864864865
2026-04-04 21:02:39,37,19,0.5135135135135135
2026-04-04 21:03:40,37,16,0.43243243243243246
2026-04-04 21:04:41,37,17,0.4594594594594595
2026-04-04 21:05:41,37,13,0.35135135135135137
2026-04-04 21:06:42,37,17,0.4594594594594595
2026-04-04 21:07:43,36,19,0.5277777777777778
2026-04-04 21:08:44,37,17,0.4594594594594595
2026-04-04 21:09:44,37,16,0.43243243243243246
2026-04-04 21:10:45,37,19,0.5135135135135135
2026-04-04 21:11:46,37,14,0.3783783783783784
2026-04-04 21:12:47,37,14,0.3783783783783784
2026-04-04 21:13:47,36,16,0.4444444444444444
2026-04-04 21:14:48,36,14,0.3888888888888889
2026-04-04 21:15:49,36,13,0.3611111111111111
2026-04-04 21:16:50,36,15,0.4166666666666667
2026-04-04 21:17:50,36,14,0.3888888888888889
2026-04-04 21:18:51,36,15,0.4166666666666667
2026-04-04 21:19:52,35,16,0.45714285714285713
2026-04-04 21:20:53,33,16,0.48484848484848486
2026-04-04 21:21:53,33,13,0.3939393939393939
2026-04-04 21:22:54,33,16,0.48484848484848486
2026-04-04 21:23:55,34,17,0.5
2026-04-04 21:24:56,35,20,0.5714285714285714
2026-04-04 21:25:56,35,14,0.4
2026-04-04 21:26:57,35,16,0.45714285714285713
2026-04-04 21:27:58,34,18,0.5294117647058824
2026-04-04 21:28:58,34,15,0.4411764705882353
2026-04-04 21:29:59,34,17,0.5
2026-04-04 21:31:00,35,17,0.4857142857142857
2026-04-04 21:32:01,35,18,0.5142857142857142
2026-04-04 21:33:02,35,17,0.4857142857142857
2026-04-04 21:34:03,34,16,0.47058823529411764
2026-04-04 21:35:03,34,14,0.4117647058823529
2026-04-04 21:36:04,34,12,0.35294117647058826
2026-04-04 21:37:05,34,18,0.5294117647058824
2026-04-04 21:38:05,33,17,0.5151515151515151
2026-04-04 21:39:06,34,17,0.5
2026-04-04 21:40:07,34,17,0.5
2026-04-04 21:41:08,34,15,0.4411764705882353
2026-04-04 21:42:08,34,14,0.4117647058823529
2026-04-04 21:43:09,33,15,0.45454545454545453
2026-04-04 21:44:10,33,16,0.48484848484848486
2026-04-04 21:45:10,33,16,0.48484848484848486
2026-04-04 21:46:11,33,14,0.42424242424242425
2026-04-04 21:47:12,33,14,0.42424242424242425
2026-04-04 21:48:13,33,17,0.5151515151515151
2026-04-04 21:49:13,33,14,0.42424242424242425
2026-04-04 21:50:14,33,13,0.3939393939393939
2026-04-04 21:51:15,33,16,0.48484848484848486
2026-04-04 21:52:16,33,13,0.3939393939393939
2026-04-04 21:53:16,32,15,0.46875
2026-04-04 21:54:17,32,14,0.4375
2026-04-04 21:55:18,32,13,0.40625
2026-04-04 21:56:19,31,17,0.5483870967741935
2026-04-04 21:57:19,31,13,0.41935483870967744
2026-04-04 21:58:20,31,14,0.45161290322580644
2026-04-04 21:59:21,32,18,0.5625
2026-04-04 22:00:21,32,10,0.3125
2026-04-04 22:01:22,33,16,0.48484848484848486
2026-04-04 22:02:23,33,15,0.45454545454545453
2026-04-04 22:03:24,34,16,0.47058823529411764
2026-04-04 22:04:24,34,16,0.47058823529411764
2026-04-04 22:05:25,34,16,0.47058823529411764
2026-04-04 22:06:26,34,15,0.4411764705882353
2026-04-04 22:07:26,34,12,0.35294117647058826
2026-04-04 22:08:27,34,19,0.5588235294117647
2026-04-04 22:09:28,34,16,0.47058823529411764
2026-04-04 22:10:29,33,16,0.48484848484848486
2026-04-04 22:11:29,33,12,0.36363636363636365
2026-04-04 22:12:30,33,15,0.45454545454545453
2026-04-04 22:13:31,33,14,0.42424242424242425
2026-04-04 22:14:31,33,17,0.5151515151515151
2026-04-04 22:15:32,33,13,0.3939393939393939
2026-04-04 22:16:33,34,15,0.4411764705882353
2026-04-04 22:17:34,34,14,0.4117647058823529
2026-04-04 22:18:34,35,13,0.37142857142857144
2026-04-04 22:19:35,35,16,0.45714285714285713
2026-04-04 22:20:36,34,16,0.47058823529411764
2026-04-04 22:21:37,34,12,0.35294117647058826
2026-04-04 22:22:37,35,15,0.42857142857142855
2026-04-04 22:23:38,35,14,0.4
2026-04-04 22:24:39,35,16,0.45714285714285713
2026-04-04 22:25:40,36,17,0.4722222222222222
2026-04-04 22:26:40,36,15,0.4166666666666667
2026-04-04 22:27:41,34,12,0.35294117647058826
2026-04-04 22:28:42,35,15,0.42857142857142855
2026-04-04 22:29:42,35,14,0.4
2026-04-04 22:30:43,35,15,0.42857142857142855
2026-04-04 22:31:44,35,18,0.5142857142857142
2026-04-04 22:32:45,35,16,0.45714285714285713
2026-04-04 22:33:45,35,13,0.37142857142857144
2026-04-04 22:34:46,34,17,0.5
2026-04-04 22:35:47,33,12,0.36363636363636365
2026-04-04 22:36:48,34,15,0.4411764705882353
2026-04-04 22:37:49,34,18,0.5294117647058824
2026-04-04 22:38:49,35,20,0.5714285714285714
2026-04-04 22:39:50,37,16,0.43243243243243246
2026-04-04 22:40:51,37,19,0.5135135135135135
2026-04-04 22:41:52,37,14,0.3783783783783784
2026-04-04 22:42:53,37,15,0.40540540540540543
2026-04-04 22:43:53,37,19,0.5135135135135135
2026-04-04 22:44:54,37,16,0.43243243243243246
2026-04-04 22:45:55,38,13,0.34210526315789475
2026-04-04 22:46:55,39,15,0.38461538461538464
2026-04-04 22:47:56,39,14,0.358974358974359
2026-04-04 22:48:57,38,16,0.42105263157894735
2026-04-04 22:49:58,37,18,0.4864864864864865
2026-04-04 22:50:59,36,19,0.5277777777777778
2026-04-04 22:51:59,36,17,0.4722222222222222
2026-04-04 22:53:00,36,19,0.5277777777777778
2026-04-04 22:54:01,36,16,0.4444444444444444
2026-04-04 22:55:02,36,19,0.5277777777777778
2026-04-04 22:56:02,36,18,0.5
2026-04-04 22:57:03,37,20,0.5405405405405406
2026-04-04 22:58:04,37,20,0.5405405405405406
2026-04-04 22:59:05,37,19,0.5135135135135135
2026-04-04 23:00:05,37,16,0.43243243243243246
2026-04-04 23:01:06,38,21,0.5526315789473685
2026-04-04 23:02:07,38,16,0.42105263157894735
2026-04-04 23:03:08,38,15,0.39473684210526316
2026-04-04 23:04:09,37,17,0.4594594594594595
2026-04-04 23:05:09,37,17,0.4594594594594595
2026-04-04 23:06:10,37,14,0.3783783783783784
2026-04-04 23:07:11,37,15,0.40540540540540543
2026-04-04 23:08:12,38,18,0.47368421052631576
2026-04-04 23:09:13,37,19,0.5135135135135135
2026-04-04 23:10:13,37,16,0.43243243243243246
2026-04-04 23:11:14,36,17,0.4722222222222222
2026-04-04 23:12:15,36,17,0.4722222222222222
2026-04-04 23:13:15,37,17,0.4594594594594595
2026-04-04 23:14:16,36,19,0.5277777777777778
2026-04-04 23:15:17,36,12,0.3333333333333333
2026-04-04 23:16:18,37,20,0.5405405405405406
2026-04-04 23:17:18,37,19,0.5135135135135135
2026-04-04 23:18:19,37,14,0.3783783783783784
2026-04-04 23:19:20,36,17,0.4722222222222222
2026-04-04 23:20:21,36,19,0.5277777777777778
2026-04-04 23:21:22,36,15,0.4166666666666667
2026-04-04 23:22:22,36,14,0.3888888888888889
2026-04-04 23:23:23,37,17,0.4594594594594595
2026-04-04 23:24:24,36,15,0.4166666666666667
2026-04-04 23:25:25,36,18,0.5
2026-04-04 23:26:26,36,17,0.4722222222222222
2026-04-04 23:27:26,37,17,0.4594594594594595
2026-04-04 23:28:27,37,17,0.4594594594594595
2026-04-04 23:29:28,37,17,0.4594594594594595
2026-04-04 23:30:29,37,16,0.43243243243243246
2026-04-04 23:31:29,37,15,0.40540540540540543
2026-04-04 23:32:30,36,19,0.5277777777777778
2026-04-04 23:33:31,36,16,0.4444444444444444
2026-04-04 23:34:32,36,18,0.5
2026-04-04 23:35:33,36,18,0.5
2026-04-04 23:36:33,36,14,0.3888888888888889
2026-04-04 23:37:34,36,16,0.4444444444444444
2026-04-04 23:38:35,36,16,0.4444444444444444
2026-04-04 23:39:36,36,14,0.3888888888888889
2026-04-04 23:40:36,36,18,0.5
2026-04-04 23:41:37,36,15,0.4166666666666667
2026-04-04 23:42:38,36,14,0.3888888888888889
2026-04-04 23:43:39,37,17,0.4594594594594595
2026-04-04 23:44:39,36,16,0.4444444444444444
2026-04-04 23:45:40,37,15,0.40540540540540543
2026-04-04 23:46:41,36,20,0.5555555555555556
2026-04-04 23:47:42,37,16,0.43243243243243246
2026-04-04 23:48:43,38,16,0.42105263157894735
2026-04-04 23:49:43,38,19,0.5
2026-04-04 23:50:44,40,19,0.475
2026-04-04 23:51:45,40,15,0.375
2026-04-04 23:52:46,40,16,0.4
2026-04-04 23:53:47,39,15,0.38461538461538464
2026-04-04 23:54:47,39,17,0.4358974358974359
2026-04-04 23:55:48,40,20,0.5
2026-04-04 23:56:49,38,16,0.42105263157894735
2026-04-04 23:57:50,36,13,0.3611111111111111
2026-04-04 23:58:51,36,17,0.4722222222222222
2026-04-04 23:59:51,36,16,0.4444444444444444
2026-04-05 00:00:52,37,14,0.3783783783783784
2026-04-05 00:01:53,37,19,0.5135135135135135
2026-04-05 00:02:54,37,16,0.43243243243243246
2026-04-05 00:03:54,37,13,0.35135135135135137
2026-04-05 00:04:55,38,16,0.42105263157894735
2026-04-05 00:05:56,38,15,0.39473684210526316
2026-04-05 00:06:57,38,16,0.42105263157894735
2026-04-05 00:07:57,38,20,0.5263157894736842
2026-04-05 00:08:58,38,16,0.42105263157894735
2026-04-05 00:09:59,38,15,0.39473684210526316
2026-04-05 00:11:00,37,16,0.43243243243243246
2026-04-05 00:12:01,38,15,0.39473684210526316
2026-04-05 00:13:01,37,19,0.5135135135135135
2026-04-05 00:14:02,37,15,0.40540540540540543
2026-04-05 00:15:03,37,14,0.3783783783783784
2026-04-05 00:16:04,38,15,0.39473684210526316
2026-04-05 00:17:04,38,17,0.4473684210526316
2026-04-05 00:18:05,35,15,0.42857142857142855
2026-04-05 00:19:06,35,19,0.5428571428571428
2026-04-05 00:20:07,35,17,0.4857142857142857
2026-04-05 00:21:08,36,16,0.4444444444444444
2026-04-05 00:22:08,36,16,0.4444444444444444
2026-04-05 00:23:09,35,17,0.4857142857142857
2026-04-05 00:24:10,35,13,0.37142857142857144
2026-04-05 00:25:11,35,17,0.4857142857142857
2026-04-05 00:26:11,35,19,0.5428571428571428
2026-04-05 00:27:12,35,19,0.5428571428571428
2026-04-05 00:28:13,35,14,0.4
2026-04-05 00:29:14,35,19,0.5428571428571428
2026-04-05 00:30:14,35,15,0.42857142857142855
2026-04-05 00:31:15,33,15,0.45454545454545453
2026-04-05 00:32:16,34,16,0.47058823529411764
2026-04-05 00:33:17,34,19,0.5588235294117647
2026-04-05 00:34:17,34,16,0.47058823529411764
2026-04-05 00:35:18,33,20,0.6060606060606061
2026-04-05 00:36:19,34,14,0.4117647058823529
2026-04-05 00:37:20,34,15,0.4411764705882353
2026-04-05 00:38:21,35,19,0.5428571428571428
2026-04-05 00:39:21,35,13,0.37142857142857144
2026-04-05 00:40:22,37,17,0.4594594594594595
2026-04-05 00:41:23,37,19,0.5135135135135135
2026-04-05 00:42:23,38,15,0.39473684210526316
2026-04-05 00:43:24,39,17,0.4358974358974359
2026-04-05 00:44:25,39,15,0.38461538461538464
2026-04-05 00:45:26,39,16,0.41025641025641024
2026-04-05 00:46:26,39,19,0.48717948717948717
2026-04-05 00:47:27,39,16,0.41025641025641024
2026-04-05 00:48:28,39,15,0.38461538461538464
2026-04-05 00:49:29,38,16,0.42105263157894735
2026-04-05 00:50:29,39,17,0.4358974358974359
2026-04-05 00:51:30,38,14,0.3684210526315789
2026-04-05 00:52:31,37,15,0.40540540540540543
2026-04-05 00:53:32,36,17,0.4722222222222222
2026-04-05 00:54:32,37,19,0.5135135135135135
2026-04-05 00:55:33,37,18,0.4864864864864865
2026-04-05 00:56:34,37,20,0.5405405405405406
2026-04-05 00:57:34,37,19,0.5135135135135135
2026-04-05 00:58:35,38,18,0.47368421052631576
2026-04-05 00:59:36,38,17,0.4473684210526316
2026-04-05 01:00:37,38,16,0.42105263157894735
2026-04-05 01:01:37,37,18,0.4864864864864865
2026-04-05 01:02:38,37,17,0.4594594594594595
2026-04-05 01:03:39,38,20,0.5263157894736842
2026-04-05 01:04:40,38,23,0.6052631578947368
2026-04-05 01:05:40,38,17,0.4473684210526316
2026-04-05 01:06:41,38,19,0.5
2026-04-05 01:07:42,39,23,0.5897435897435898
2026-04-05 01:08:43,39,18,0.46153846153846156
2026-04-05 01:09:43,39,19,0.48717948717948717
2026-04-05 01:10:44,39,20,0.5128205128205128
2026-04-05 01:11:45,39,18,0.46153846153846156
2026-04-05 01:12:46,39,18,0.46153846153846156
2026-04-05 01:13:46,39,25,0.6410256410256411
2026-04-05 01:14:47,41,19,0.4634146341463415
2026-04-05 01:15:48,43,18,0.4186046511627907
2026-04-05 01:16:49,43,20,0.46511627906976744
2026-04-05 01:17:49,44,20,0.45454545454545453
2026-04-05 01:18:50,44,20,0.45454545454545453
2026-04-05 01:19:51,45,23,0.5111111111111111
2026-04-05 01:20:52,45,21,0.4666666666666667
2026-04-05 01:21:52,45,18,0.4
2026-04-05 01:22:53,45,24,0.5333333333333333
2026-04-05 01:23:54,45,19,0.4222222222222222
2026-04-05 01:24:55,45,21,0.4666666666666667
2026-04-05 01:25:56,44,22,0.5
2026-04-05 01:26:56,44,19,0.4318181818181818
2026-04-05 01:27:57,44,18,0.4090909090909091
2026-04-05 01:28:58,42,18,0.42857142857142855
2026-04-05 01:29:59,42,18,0.42857142857142855
2026-04-05 01:30:59,42,20,0.47619047619047616
2026-04-05 01:32:00,41,21,0.5121951219512195
2026-04-05 01:33:01,42,20,0.47619047619047616
2026-04-05 01:34:02,42,18,0.42857142857142855
2026-04-05 01:35:03,43,23,0.5348837209302325
2026-04-05 01:36:03,44,16,0.36363636363636365
2026-04-05 01:37:04,44,23,0.5227272727272727
2026-04-05 01:38:05,43,19,0.4418604651162791
2026-04-05 01:39:06,44,20,0.45454545454545453
2026-04-05 01:40:06,44,18,0.4090909090909091
2026-04-05 01:41:07,44,21,0.4772727272727273
2026-04-05 01:42:08,43,16,0.37209302325581395
2026-04-05 01:43:08,43,22,0.5116279069767442
2026-04-05 01:44:09,42,23,0.5476190476190477
2026-04-05 01:45:10,41,22,0.5365853658536586
2026-04-05 01:46:11,42,18,0.42857142857142855
2026-04-05 01:47:12,42,23,0.5476190476190477
2026-04-05 01:48:12,42,17,0.40476190476190477
2026-04-05 01:49:13,41,19,0.4634146341463415
2026-04-05 01:50:14,41,19,0.4634146341463415
2026-04-05 01:51:15,41,20,0.4878048780487805
2026-04-05 01:52:15,40,17,0.425
2026-04-05 01:53:16,39,19,0.48717948717948717
2026-04-05 01:54:17,40,17,0.425
2026-04-05 01:55:18,40,20,0.5
2026-04-05 01:56:18,41,20,0.4878048780487805
2026-04-05 01:57:19,41,15,0.36585365853658536
2026-04-05 01:58:20,41,17,0.4146341463414634
2026-04-05 01:59:21,40,21,0.525
2026-04-05 02:00:21,40,17,0.425
2026-04-05 02:01:22,40,22,0.55
2026-04-05 02:02:23,40,21,0.525
2026-04-05 02:03:24,40,20,0.5
2026-04-05 02:04:24,39,16,0.41025641025641024
2026-04-05 02:05:25,39,20,0.5128205128205128
2026-04-05 02:06:26,39,19,0.48717948717948717
2026-04-05 02:07:27,37,16,0.43243243243243246
2026-04-05 02:08:27,37,20,0.5405405405405406
2026-04-05 02:09:28,38,20,0.5263157894736842
2026-04-05 02:10:29,39,21,0.5384615384615384
2026-04-05 02:11:30,39,20,0.5128205128205128
2026-04-05 02:12:30,39,19,0.48717948717948717
2026-04-05 02:13:31,39,19,0.48717948717948717
2026-04-05 02:14:32,40,20,0.5
2026-04-05 02:15:33,40,18,0.45
2026-04-05 02:16:33,40,18,0.45
2026-04-05 02:17:34,40,17,0.425
2026-04-05 02:18:35,40,18,0.45
2026-04-05 02:19:36,40,19,0.475
2026-04-05 02:20:37,40,17,0.425
2026-04-05 02:21:37,40,16,0.4
2026-04-05 02:22:38,40,18,0.45
2026-04-05 02:23:39,38,18,0.47368421052631576
2026-04-05 02:24:40,37,18,0.4864864864864865
2026-04-05 02:25:40,38,23,0.6052631578947368
2026-04-05 02:26:41,37,17,0.4594594594594595
2026-04-05 02:27:42,37,16,0.43243243243243246
2026-04-05 02:28:42,37,19,0.5135135135135135
2026-04-05 02:29:43,37,15,0.40540540540540543
2026-04-05 02:30:44,37,18,0.4864864864864865
2026-04-05 02:31:45,39,24,0.6153846153846154
2026-04-05 02:32:45,39,17,0.4358974358974359
2026-04-05 02:33:46,39,15,0.38461538461538464
2026-04-05 02:34:47,39,18,0.46153846153846156
2026-04-05 02:35:48,40,12,0.3
2026-04-05 02:36:48,42,18,0.42857142857142855
2026-04-05 02:37:49,43,17,0.3953488372093023
2026-04-05 02:38:50,42,15,0.35714285714285715
2026-04-05 02:39:51,42,16,0.38095238095238093
2026-04-05 02:40:51,42,21,0.5
2026-04-05 02:41:52,40,14,0.35
2026-04-05 02:42:53,40,15,0.375
2026-04-05 02:43:54,40,20,0.5
2026-04-05 02:44:54,39,15,0.38461538461538464
2026-04-05 02:45:55,39,16,0.41025641025641024
2026-04-05 02:46:56,37,14,0.3783783783783784
2026-04-05 02:47:57,37,16,0.43243243243243246
2026-04-05 02:48:57,39,19,0.48717948717948717
2026-04-05 02:49:58,38,19,0.5
2026-04-05 02:50:59,38,16,0.42105263157894735
2026-04-05 02:52:00,38,17,0.4473684210526316
2026-04-05 02:53:01,39,18,0.46153846153846156
2026-04-05 02:54:01,39,15,0.38461538461538464
2026-04-05 02:55:02,39,19,0.48717948717948717
2026-04-05 02:56:03,39,15,0.38461538461538464
2026-04-05 02:57:03,39,15,0.38461538461538464
2026-04-05 02:58:04,39,14,0.358974358974359
2026-04-05 02:59:05,37,14,0.3783783783783784
2026-04-05 03:00:06,35,11,0.3142857142857143
2026-04-05 03:01:06,37,15,0.40540540540540543
2026-04-05 03:02:07,36,12,0.3333333333333333
2026-04-05 03:03:08,36,13,0.3611111111111111
2026-04-05 03:04:09,36,10,0.2777777777777778
2026-04-05 03:05:09,35,13,0.37142857142857144
2026-04-05 03:06:10,35,10,0.2857142857142857
2026-04-05 03:07:11,35,14,0.4
2026-04-05 03:08:11,34,13,0.38235294117647056
2026-04-05 03:09:12,33,12,0.36363636363636365
2026-04-05 03:10:13,33,12,0.36363636363636365
2026-04-05 03:11:13,33,11,0.3333333333333333
2026-04-05 03:12:14,34,14,0.4117647058823529
2026-04-05 03:13:15,33,16,0.48484848484848486
2026-04-05 03:14:15,33,14,0.42424242424242425
2026-04-05 03:15:16,33,12,0.36363636363636365
2026-04-05 03:16:17,33,12,0.36363636363636365
2026-04-05 03:17:18,34,13,0.38235294117647056
2026-04-05 03:18:18,34,10,0.29411764705882354
2026-04-05 03:19:19,34,12,0.35294117647058826
2026-04-05 03:20:20,34,12,0.35294117647058826
2026-04-05 03:21:20,35,14,0.4
2026-04-05 03:22:21,34,9,0.2647058823529412
2026-04-05 03:23:22,35,14,0.4
2026-04-05 03:24:23,36,10,0.2777777777777778
2026-04-05 03:25:23,36,14,0.3888888888888889
2026-04-05 03:26:24,32,13,0.40625
2026-04-05 03:27:25,33,14,0.42424242424242425
2026-04-05 03:28:25,35,13,0.37142857142857144
2026-04-05 03:29:26,35,15,0.42857142857142855
2026-04-05 03:30:27,35,13,0.37142857142857144
2026-04-05 03:31:27,34,14,0.4117647058823529
2026-04-05 03:32:28,33,13,0.3939393939393939
2026-04-05 03:33:29,33,12,0.36363636363636365
2026-04-05 03:34:30,33,13,0.3939393939393939
2026-04-05 03:35:30,33,12,0.36363636363636365
2026-04-05 03:36:31,33,11,0.3333333333333333
2026-04-05 03:37:32,34,12,0.35294117647058826
2026-04-05 03:38:32,32,11,0.34375
2026-04-05 03:39:33,32,12,0.375
2026-04-05 03:40:34,32,12,0.375
2026-04-05 03:41:34,31,10,0.3225806451612903
2026-04-05 03:42:35,31,13,0.41935483870967744
2026-04-05 03:43:36,31,13,0.41935483870967744
2026-04-05 03:44:37,31,13,0.41935483870967744
2026-04-05 03:45:37,32,12,0.375
2026-04-05 03:46:38,32,13,0.40625
2026-04-05 03:47:39,31,8,0.25806451612903225
2026-04-05 03:48:40,32,12,0.375
2026-04-05 03:49:40,34,16,0.47058823529411764
2026-04-05 03:50:41,34,11,0.3235294117647059
2026-04-05 03:51:42,34,10,0.29411764705882354
2026-04-05 03:52:42,35,14,0.4
2026-04-05 03:53:43,34,11,0.3235294117647059
2026-04-05 03:54:44,35,14,0.4
2026-04-05 03:55:44,33,14,0.42424242424242425
2026-04-05 03:56:45,33,11,0.3333333333333333
2026-04-05 03:57:46,33,10,0.30303030303030304
2026-04-05 03:58:47,33,13,0.3939393939393939
2026-04-05 03:59:47,33,10,0.30303030303030304
2026-04-05 04:00:48,32,10,0.3125
2026-04-05 04:01:49,32,15,0.46875
2026-04-05 04:02:49,32,11,0.34375
2026-04-05 04:03:50,33,8,0.24242424242424243
2026-04-05 04:04:51,32,14,0.4375
2026-04-05 04:05:52,32,12,0.375
2026-04-05 04:06:52,32,10,0.3125
2026-04-05 04:07:53,32,12,0.375
2026-04-05 04:08:54,31,12,0.3870967741935484
2026-04-05 04:09:54,31,12,0.3870967741935484
2026-04-05 04:10:55,31,11,0.3548387096774194
2026-04-05 04:11:56,33,11,0.3333333333333333
2026-04-05 04:12:56,32,11,0.34375
2026-04-05 04:13:57,32,8,0.25
2026-04-05 04:14:58,34,14,0.4117647058823529
2026-04-05 04:15:58,33,11,0.3333333333333333
2026-04-05 04:16:59,31,11,0.3548387096774194
2026-04-05 04:18:00,33,14,0.42424242424242425
2026-04-05 04:19:01,33,16,0.48484848484848486
2026-04-05 04:20:01,34,14,0.4117647058823529
2026-04-05 04:21:02,34,11,0.3235294117647059
2026-04-05 04:22:03,35,16,0.45714285714285713
2026-04-05 04:23:04,37,14,0.3783783783783784
2026-04-05 04:24:04,37,16,0.43243243243243246
2026-04-05 04:25:05,37,15,0.40540540540540543
2026-04-05 04:26:06,37,15,0.40540540540540543
2026-04-05 04:27:06,37,16,0.43243243243243246
2026-04-05 04:28:07,37,19,0.5135135135135135
2026-04-05 04:29:08,37,14,0.3783783783783784
2026-04-05 04:30:09,37,15,0.40540540540540543
2026-04-05 04:31:09,37,21,0.5675675675675675
2026-04-05 04:32:10,37,15,0.40540540540540543
2026-04-05 04:33:11,37,20,0.5405405405405406
2026-04-05 04:34:11,37,16,0.43243243243243246
2026-04-05 04:35:12,38,15,0.39473684210526316
2026-04-05 04:36:13,39,20,0.5128205128205128
2026-04-05 04:37:14,38,18,0.47368421052631576
2026-04-05 04:38:14,37,15,0.40540540540540543
2026-04-05 04:39:15,37,17,0.4594594594594595
2026-04-05 04:40:16,38,17,0.4473684210526316
2026-04-05 04:41:16,37,16,0.43243243243243246
2026-04-05 04:42:17,38,16,0.42105263157894735
2026-04-05 04:43:18,39,17,0.4358974358974359
2026-04-05 04:44:19,38,19,0.5
2026-04-05 04:45:20,38,17,0.4473684210526316
2026-04-05 04:46:20,39,14,0.358974358974359
2026-04-05 04:47:21,39,22,0.5641025641025641
2026-04-05 04:48:22,39,15,0.38461538461538464
2026-04-05 04:49:23,39,20,0.5128205128205128
2026-04-05 04:50:23,40,18,0.45
2026-04-05 04:51:24,39,18,0.46153846153846156
2026-04-05 04:52:25,38,16,0.42105263157894735
2026-04-05 04:53:26,38,19,0.5
2026-04-05 04:54:26,37,14,0.3783783783783784
2026-04-05 04:55:27,37,19,0.5135135135135135
2026-04-05 04:56:28,38,18,0.47368421052631576
2026-04-05 04:57:28,38,23,0.6052631578947368
2026-04-05 04:58:29,38,20,0.5263157894736842
2026-04-05 04:59:30,38,21,0.5526315789473685
2026-04-05 05:00:31,38,16,0.42105263157894735
2026-04-05 05:01:31,38,13,0.34210526315789475
2026-04-05 05:02:32,38,16,0.42105263157894735
2026-04-05 05:03:33,38,18,0.47368421052631576
2026-04-05 05:04:33,39,23,0.5897435897435898
2026-04-05 05:05:34,40,17,0.425
2026-04-05 05:06:35,39,18,0.46153846153846156
2026-04-05 05:07:36,39,16,0.41025641025641024
2026-04-05 05:08:36,38,19,0.5
2026-04-05 05:09:37,38,19,0.5
2026-04-05 05:10:38,38,21,0.5526315789473685
2026-04-05 05:11:38,38,15,0.39473684210526316
2026-04-05 05:12:39,38,17,0.4473684210526316
2026-04-05 05:13:40,38,13,0.34210526315789475
2026-04-05 05:14:41,37,13,0.35135135135135137
2026-04-05 05:15:41,38,16,0.42105263157894735
2026-04-05 05:16:42,37,16,0.43243243243243246
2026-04-05 05:17:43,39,16,0.41025641025641024
2026-04-05 05:18:43,40,17,0.425
2026-04-05 05:19:44,41,17,0.4146341463414634
2026-04-05 05:20:45,41,16,0.3902439024390244
2026-04-05 05:21:46,39,13,0.3333333333333333
2026-04-05 05:22:46,40,16,0.4
2026-04-05 05:23:47,40,17,0.425
2026-04-05 05:24:48,39,16,0.41025641025641024
2026-04-05 05:25:48,39,12,0.3076923076923077
2026-04-05 05:26:49,38,15,0.39473684210526316
2026-04-05 05:27:50,38,14,0.3684210526315789
2026-04-05 05:28:51,37,16,0.43243243243243246
2026-04-05 05:29:51,36,15,0.4166666666666667
2026-04-05 05:30:52,35,16,0.45714285714285713
2026-04-05 05:31:53,38,16,0.42105263157894735
2026-04-05 05:32:53,37,15,0.40540540540540543
2026-04-05 05:33:54,35,12,0.34285714285714286
2026-04-05 05:34:55,34,18,0.5294117647058824
2026-04-05 05:35:56,34,12,0.35294117647058826
2026-04-05 05:36:56,34,18,0.5294117647058824
2026-04-05 05:37:57,35,18,0.5142857142857142
2026-04-05 05:38:58,36,14,0.3888888888888889
2026-04-05 05:39:58,36,13,0.3611111111111111
2026-04-05 05:40:59,35,15,0.42857142857142855
2026-04-05 05:42:00,37,16,0.43243243243243246
2026-04-05 05:43:00,37,14,0.3783783783783784
2026-04-05 05:44:01,37,15,0.40540540540540543
2026-04-05 05:45:02,37,12,0.32432432432432434
2026-04-05 05:46:03,37,16,0.43243243243243246
2026-04-05 05:47:03,35,11,0.3142857142857143
2026-04-05 05:48:04,33,13,0.3939393939393939
2026-04-05 05:49:05,34,17,0.5
2026-04-05 05:50:05,35,11,0.3142857142857143
2026-04-05 05:51:06,36,15,0.4166666666666667
2026-04-05 05:52:07,36,17,0.4722222222222222
2026-04-05 05:53:07,36,17,0.4722222222222222
2026-04-05 05:54:08,34,13,0.38235294117647056
2026-04-05 05:55:09,35,20,0.5714285714285714
2026-04-05 05:56:09,35,15,0.42857142857142855
2026-04-05 05:57:10,35,16,0.45714285714285713
2026-04-05 05:58:11,35,15,0.42857142857142855
2026-04-05 05:59:12,35,17,0.4857142857142857
2026-04-05 06:00:12,37,18,0.4864864864864865
2026-04-05 06:01:13,37,18,0.4864864864864865
2026-04-05 06:02:14,39,18,0.46153846153846156
2026-04-05 06:03:14,41,22,0.5365853658536586
2026-04-05 06:04:15,40,19,0.475
2026-04-05 06:05:16,40,18,0.45
2026-04-05 06:06:17,40,18,0.45
2026-04-05 06:07:17,41,19,0.4634146341463415
2026-04-05 06:08:18,41,15,0.36585365853658536
2026-04-05 06:09:19,40,17,0.425
2026-04-05 06:10:19,40,16,0.4
2026-04-05 06:11:20,41,16,0.3902439024390244
2026-04-05 06:12:21,40,11,0.275
2026-04-05 06:13:21,40,15,0.375
2026-04-05 06:14:22,39,13,0.3333333333333333
2026-04-05 06:15:23,37,13,0.35135135135135137
2026-04-05 06:16:24,38,17,0.4473684210526316
2026-04-05 06:17:24,36,13,0.3611111111111111
2026-04-05 06:18:25,37,15,0.40540540540540543
2026-04-05 06:19:26,35,14,0.4
2026-04-05 06:20:26,34,15,0.4411764705882353
2026-04-05 06:21:27,33,15,0.45454545454545453
2026-04-05 06:22:28,32,14,0.4375
2026-04-05 06:23:29,32,12,0.375
2026-04-05 06:24:29,32,15,0.46875
2026-04-05 06:25:30,32,12,0.375
2026-04-05 06:26:31,33,15,0.45454545454545453
2026-04-05 06:27:31,32,17,0.53125
2026-04-05 06:28:32,33,16,0.48484848484848486
2026-04-05 06:29:33,32,14,0.4375
2026-04-05 06:30:33,33,19,0.5757575757575758
2026-04-05 06:31:34,34,20,0.5882352941176471
2026-04-05 06:32:35,34,15,0.4411764705882353
2026-04-05 06:33:35,34,15,0.4411764705882353
2026-04-05 06:34:36,34,15,0.4411764705882353
2026-04-05 06:35:37,34,12,0.35294117647058826
2026-04-05 06:36:38,35,17,0.4857142857142857
2026-04-05 06:37:38,34,17,0.5
2026-04-05 06:38:39,34,15,0.4411764705882353
2026-04-05 06:39:40,34,18,0.5294117647058824
2026-04-05 06:40:40,35,20,0.5714285714285714
2026-04-05 06:41:41,36,16,0.4444444444444444
2026-04-05 06:42:42,36,22,0.6111111111111112
2026-04-05 06:43:43,38,20,0.5263157894736842
2026-04-05 06:44:43,38,13,0.34210526315789475
2026-04-05 06:45:44,38,15,0.39473684210526316
2026-04-05 06:46:45,38,21,0.5526315789473685
2026-04-05 06:47:45,41,17,0.4146341463414634
2026-04-05 06:48:46,42,17,0.40476190476190477
2026-04-05 06:49:47,43,22,0.5116279069767442
2026-04-05 06:50:48,44,21,0.4772727272727273
2026-04-05 06:51:48,45,18,0.4
2026-04-05 06:52:49,45,24,0.5333333333333333
2026-04-05 06:53:50,43,18,0.4186046511627907
2026-04-05 06:54:51,43,19,0.4418604651162791
2026-04-05 06:55:51,44,22,0.5
2026-04-05 06:56:52,45,17,0.37777777777777777
2026-04-05 06:57:53,45,14,0.3111111111111111
2026-04-05 06:58:53,44,18,0.4090909090909091
2026-04-05 06:59:54,44,17,0.38636363636363635
2026-04-05 07:00:55,45,20,0.4444444444444444
2026-04-05 07:01:56,44,20,0.45454545454545453
2026-04-05 07:02:57,44,19,0.4318181818181818
2026-04-05 07:03:57,45,20,0.4444444444444444
2026-04-05 07:04:58,45,21,0.4666666666666667
2026-04-05 07:05:59,45,19,0.4222222222222222
2026-04-05 07:07:00,45,24,0.5333333333333333
2026-04-05 07:08:00,43,19,0.4418604651162791
2026-04-05 07:09:01,43,18,0.4186046511627907
2026-04-05 07:10:02,43,23,0.5348837209302325
2026-04-05 07:11:03,43,19,0.4418604651162791
2026-04-05 07:12:03,44,20,0.45454545454545453
2026-04-05 07:13:04,43,20,0.46511627906976744
2026-04-05 07:14:05,42,20,0.47619047619047616
2026-04-05 07:15:06,40,18,0.45
2026-04-05 07:16:06,40,18,0.45
2026-04-05 07:17:07,41,21,0.5121951219512195
2026-04-05 07:18:08,42,19,0.4523809523809524
2026-04-05 07:19:09,41,22,0.5365853658536586
2026-04-05 07:20:09,41,17,0.4146341463414634
2026-04-05 07:21:10,41,21,0.5121951219512195
2026-04-05 07:22:11,41,19,0.4634146341463415
2026-04-05 07:23:12,41,22,0.5365853658536586
2026-04-05 07:24:12,41,17,0.4146341463414634
2026-04-05 07:25:13,42,23,0.5476190476190477
2026-04-05 07:26:14,41,19,0.4634146341463415
2026-04-05 07:27:15,41,20,0.4878048780487805
2026-04-05 07:28:15,40,22,0.55
2026-04-05 07:29:16,40,18,0.45
2026-04-05 07:30:17,40,20,0.5
2026-04-05 07:31:18,40,17,0.425
2026-04-05 07:32:18,40,19,0.475
2026-04-05 07:33:19,40,20,0.5
2026-04-05 07:34:20,40,16,0.4
2026-04-05 07:35:20,41,17,0.4146341463414634
2026-04-05 07:36:21,39,18,0.46153846153846156
2026-04-05 07:37:22,39,17,0.4358974358974359
2026-04-05 07:38:23,38,18,0.47368421052631576
2026-04-05 07:39:23,37,20,0.5405405405405406
2026-04-05 07:40:24,37,18,0.4864864864864865
2026-04-05 07:41:25,37,18,0.4864864864864865
2026-04-05 07:42:25,35,19,0.5428571428571428
2026-04-05 07:43:26,36,13,0.3611111111111111
2026-04-05 07:44:27,36,16,0.4444444444444444
2026-04-05 07:45:27,36,13,0.3611111111111111
2026-04-05 07:46:28,37,19,0.5135135135135135
2026-04-05 07:47:29,38,23,0.6052631578947368
2026-04-05 07:48:30,38,19,0.5
2026-04-05 07:49:30,38,20,0.5263157894736842
2026-04-05 07:50:31,38,20,0.5263157894736842
2026-04-05 07:51:32,38,19,0.5
2026-04-05 07:52:33,38,17,0.4473684210526316
2026-04-05 07:53:33,38,16,0.42105263157894735
2026-04-05 07:54:34,38,19,0.5
2026-04-05 07:55:35,38,19,0.5
2026-04-05 07:56:35,38,16,0.42105263157894735
2026-04-05 07:57:36,38,17,0.4473684210526316
2026-04-05 07:58:37,38,19,0.5
2026-04-05 07:59:38,39,16,0.41025641025641024
2026-04-05 08:00:38,39,21,0.5384615384615384
2026-04-05 08:01:39,39,21,0.5384615384615384
2026-04-05 08:02:40,39,17,0.4358974358974359
2026-04-05 08:03:40,38,19,0.5
2026-04-05 08:04:41,37,19,0.5135135135135135
2026-04-05 08:05:42,40,21,0.525
2026-04-05 08:06:43,41,20,0.4878048780487805
2026-04-05 08:07:43,41,20,0.4878048780487805
2026-04-05 08:08:44,41,16,0.3902439024390244
2026-04-05 08:09:45,41,17,0.4146341463414634
2026-04-05 08:10:45,40,18,0.45
2026-04-05 08:11:46,39,18,0.46153846153846156
2026-04-05 08:12:47,38,19,0.5
2026-04-05 08:13:48,40,19,0.475
2026-04-05 08:14:48,40,18,0.45
2026-04-05 08:15:49,40,16,0.4
2026-04-05 08:16:50,37,15,0.40540540540540543
2026-04-05 08:17:51,38,18,0.47368421052631576
2026-04-05 08:18:51,40,21,0.525
2026-04-05 08:19:52,41,19,0.4634146341463415
2026-04-05 08:20:53,43,20,0.46511627906976744
2026-04-05 08:21:53,43,19,0.4418604651162791
2026-04-05 08:22:54,43,20,0.46511627906976744
2026-04-05 08:23:55,42,20,0.47619047619047616
2026-04-05 08:24:56,42,21,0.5
2026-04-05 08:25:56,43,16,0.37209302325581395
2026-04-05 08:26:57,44,20,0.45454545454545453
2026-04-05 08:27:58,45,17,0.37777777777777777
2026-04-05 08:28:59,45,18,0.4
2026-04-05 08:29:59,45,19,0.4222222222222222
2026-04-05 08:31:00,44,19,0.4318181818181818
2026-04-05 08:32:01,44,14,0.3181818181818182
2026-04-05 08:33:02,44,18,0.4090909090909091
2026-04-05 08:34:02,45,19,0.4222222222222222
2026-04-05 08:35:03,44,18,0.4090909090909091
2026-04-05 08:36:04,43,17,0.3953488372093023
2026-04-05 08:37:05,43,22,0.5116279069767442
2026-04-05 08:38:05,43,16,0.37209302325581395
2026-04-05 08:39:06,43,21,0.4883720930232558
2026-04-05 08:40:07,41,17,0.4146341463414634
2026-04-05 08:41:08,41,17,0.4146341463414634
2026-04-05 08:42:08,41,14,0.34146341463414637
2026-04-05 08:43:09,39,20,0.5128205128205128
2026-04-05 08:44:10,38,14,0.3684210526315789
2026-04-05 08:45:10,37,17,0.4594594594594595
2026-04-05 08:46:11,38,16,0.42105263157894735
2026-04-05 08:47:12,39,18,0.46153846153846156
2026-04-05 08:48:13,41,18,0.43902439024390244
2026-04-05 08:49:13,40,20,0.5
2026-04-05 08:50:14,41,18,0.43902439024390244
2026-04-05 08:51:15,42,23,0.5476190476190477
2026-04-05 08:52:16,43,22,0.5116279069767442
2026-04-05 08:53:16,44,22,0.5
2026-04-05 08:54:17,44,19,0.4318181818181818
2026-04-05 08:55:18,44,21,0.4772727272727273
2026-04-05 08:56:19,45,20,0.4444444444444444
2026-04-05 08:57:19,44,21,0.4772727272727273
2026-04-05 08:58:20,43,22,0.5116279069767442
2026-04-05 08:59:21,43,18,0.4186046511627907
2026-04-05 09:00:22,43,17,0.3953488372093023
2026-04-05 09:01:22,43,19,0.4418604651162791
2026-04-05 09:02:23,44,22,0.5
2026-04-05 09:03:24,43,19,0.4418604651162791
2026-04-05 09:04:25,43,20,0.46511627906976744
2026-04-05 09:05:26,43,19,0.4418604651162791
2026-04-05 09:06:26,42,22,0.5238095238095238
2026-04-05 09:07:27,42,22,0.5238095238095238
2026-04-05 09:08:28,43,23,0.5348837209302325
2026-04-05 09:09:28,43,24,0.5581395348837209
2026-04-05 09:10:29,45,22,0.4888888888888889
2026-04-05 09:11:30,46,23,0.5
2026-04-05 09:12:31,46,21,0.45652173913043476
2026-04-05 09:13:31,46,22,0.4782608695652174
2026-04-05 09:14:32,45,18,0.4
2026-04-05 09:15:33,45,19,0.4222222222222222
2026-04-05 09:16:34,45,21,0.4666666666666667
2026-04-05 09:17:35,45,20,0.4444444444444444
2026-04-05 09:18:35,45,22,0.4888888888888889
2026-04-05 09:19:36,43,19,0.4418604651162791
2026-04-05 09:20:37,42,17,0.40476190476190477
2026-04-05 09:21:38,43,20,0.46511627906976744
2026-04-05 09:22:38,44,20,0.45454545454545453
2026-04-05 09:23:39,42,18,0.42857142857142855
2026-04-05 09:24:40,43,24,0.5581395348837209
2026-04-05 09:25:41,44,23,0.5227272727272727
2026-04-05 09:26:41,45,22,0.4888888888888889
2026-04-05 09:27:42,46,24,0.5217391304347826
2026-04-05 09:28:43,46,24,0.5217391304347826
2026-04-05 09:29:44,46,22,0.4782608695652174
2026-04-05 09:30:44,46,24,0.5217391304347826
2026-04-05 09:31:45,46,21,0.45652173913043476
2026-04-05 09:32:46,47,22,0.46808510638297873
2026-04-05 09:33:47,48,25,0.5208333333333334
2026-04-05 09:34:48,47,30,0.6382978723404256
2026-04-05 09:35:48,47,25,0.5319148936170213
2026-04-05 09:36:49,47,26,0.5531914893617021
2026-04-05 09:37:50,47,23,0.48936170212765956
2026-04-05 09:38:51,47,23,0.48936170212765956
2026-04-05 09:39:51,47,20,0.425531914893617
2026-04-05 09:40:52,47,23,0.48936170212765956
2026-04-05 09:41:53,48,22,0.4583333333333333
2026-04-05 09:42:54,47,23,0.48936170212765956
2026-04-05 09:43:54,47,20,0.425531914893617
2026-04-05 09:44:55,45,20,0.4444444444444444
2026-04-05 09:45:56,45,21,0.4666666666666667
2026-04-05 09:46:57,45,23,0.5111111111111111
2026-04-05 09:47:57,44,22,0.5
2026-04-05 09:48:58,41,24,0.5853658536585366
2026-04-05 09:49:59,40,20,0.5
2026-04-05 09:51:00,40,20,0.5
2026-04-05 09:52:01,40,22,0.55
2026-04-05 09:53:01,40,22,0.55
2026-04-05 09:54:02,38,21,0.5526315789473685
2026-04-05 09:55:03,38,23,0.6052631578947368
2026-04-05 09:56:04,39,19,0.48717948717948717
2026-04-05 09:57:04,39,21,0.5384615384615384
2026-04-05 09:58:05,39,21,0.5384615384615384
2026-04-05 09:59:06,40,19,0.475
2026-04-05 10:00:07,40,18,0.45
2026-04-05 10:01:07,42,25,0.5952380952380952
2026-04-05 10:02:08,43,18,0.4186046511627907
2026-04-05 10:03:09,44,22,0.5
2026-04-05 10:04:10,43,24,0.5581395348837209
2026-04-05 10:05:11,43,20,0.46511627906976744
2026-04-05 10:06:11,42,20,0.47619047619047616
2026-04-05 10:07:12,41,23,0.5609756097560976
2026-04-05 10:08:13,40,20,0.5
2026-04-05 10:09:13,41,24,0.5853658536585366
2026-04-05 10:10:14,40,21,0.525
2026-04-05 10:11:15,40,21,0.525
2026-04-05 10:12:16,41,26,0.6341463414634146
2026-04-05 10:13:16,41,20,0.4878048780487805
2026-04-05 10:14:17,40,20,0.5
2026-04-05 10:15:18,40,24,0.6
2026-04-05 10:16:19,41,20,0.4878048780487805
2026-04-05 10:17:19,41,25,0.6097560975609756
2026-04-05 10:18:20,41,23,0.5609756097560976
2026-04-05 10:19:21,42,27,0.6428571428571429
2026-04-05 10:20:22,44,21,0.4772727272727273
2026-04-05 10:21:22,45,25,0.5555555555555556
2026-04-05 10:22:23,45,21,0.4666666666666667
2026-04-05 10:23:24,45,25,0.5555555555555556
2026-04-05 10:24:25,46,23,0.5
2026-04-05 10:25:25,46,28,0.6086956521739131
2026-04-05 10:26:26,47,20,0.425531914893617
2026-04-05 10:27:27,46,27,0.5869565217391305
2026-04-05 10:28:28,47,22,0.46808510638297873
2026-04-05 10:29:28,46,26,0.5652173913043478
2026-04-05 10:30:29,45,22,0.4888888888888889
2026-04-05 10:31:30,45,20,0.4444444444444444
2026-04-05 10:32:31,46,24,0.5217391304347826
2026-04-05 10:33:31,44,27,0.6136363636363636
2026-04-05 10:34:32,45,27,0.6
2026-04-05 10:35:33,45,25,0.5555555555555556
2026-04-05 10:36:34,45,26,0.5777777777777777
2026-04-05 10:37:35,45,25,0.5555555555555556
2026-04-05 10:38:35,47,23,0.48936170212765956
2026-04-05 10:39:36,47,30,0.6382978723404256
2026-04-05 10:40:37,48,26,0.5416666666666666
2026-04-05 10:41:38,48,23,0.4791666666666667
2026-04-05 10:42:38,49,28,0.5714285714285714
2026-04-05 10:43:39,50,28,0.56
2026-04-05 10:44:40,51,23,0.45098039215686275
2026-04-05 10:45:41,51,27,0.5294117647058824
2026-04-05 10:46:41,51,25,0.49019607843137253
2026-04-05 10:47:42,52,24,0.46153846153846156
2026-04-05 10:48:43,50,27,0.54
2026-04-05 10:49:44,49,22,0.4489795918367347
2026-04-05 10:50:45,49,23,0.46938775510204084
2026-04-05 10:51:45,49,26,0.5306122448979592
2026-04-05 10:52:46,49,29,0.5918367346938775
2026-04-05 10:53:47,49,27,0.5510204081632653
2026-04-05 10:54:48,49,27,0.5510204081632653
2026-04-05 10:55:48,50,24,0.48
2026-04-05 10:56:49,50,27,0.54
2026-04-05 10:57:50,50,25,0.5
2026-04-05 10:58:51,50,24,0.48
2026-04-05 10:59:52,50,25,0.5
2026-04-05 11:00:52,50,27,0.54
2026-04-05 11:01:53,51,26,0.5098039215686274
2026-04-05 11:02:54,50,26,0.52
2026-04-05 11:03:55,49,24,0.4897959183673469
2026-04-05 11:04:56,48,26,0.5416666666666666
2026-04-05 11:05:57,48,27,0.5625
2026-04-05 11:06:57,48,27,0.5625
2026-04-05 11:07:58,48,23,0.4791666666666667
2026-04-05 11:08:59,48,26,0.5416666666666666
2026-04-05 11:10:00,48,26,0.5416666666666666
2026-04-05 11:11:00,46,24,0.5217391304347826
2026-04-05 11:12:01,47,25,0.5319148936170213
2026-04-05 11:13:02,47,30,0.6382978723404256
2026-04-05 11:14:03,48,23,0.4791666666666667
2026-04-05 11:15:03,48,23,0.4791666666666667
2026-04-05 11:16:04,46,29,0.6304347826086957
2026-04-05 11:17:05,45,25,0.5555555555555556
2026-04-05 11:18:06,47,28,0.5957446808510638
2026-04-05 11:19:07,47,29,0.6170212765957447
2026-04-05 11:20:07,48,27,0.5625
2026-04-05 11:21:08,49,29,0.5918367346938775
2026-04-05 11:22:09,49,31,0.6326530612244898
2026-04-05 11:23:10,49,28,0.5714285714285714
2026-04-05 11:24:10,52,32,0.6153846153846154
2026-04-05 11:25:11,53,31,0.5849056603773585
2026-04-05 11:26:12,52,25,0.4807692307692308
2026-04-05 11:27:13,52,29,0.5576923076923077
2026-04-05 11:28:13,52,27,0.5192307692307693
2026-04-05 11:29:14,52,26,0.5
2026-04-05 11:30:15,51,32,0.6274509803921569
2026-04-05 11:31:16,52,31,0.5961538461538461
2026-04-05 11:32:17,52,26,0.5
2026-04-05 11:33:17,52,31,0.5961538461538461
2026-04-05 11:34:18,53,28,0.5283018867924528
2026-04-05 11:35:19,51,31,0.6078431372549019
2026-04-05 11:36:20,50,29,0.58
2026-04-05 11:37:20,51,29,0.5686274509803921
2026-04-05 11:38:21,51,25,0.49019607843137253
2026-04-05 11:39:22,51,27,0.5294117647058824
2026-04-05 11:40:23,51,26,0.5098039215686274
2026-04-05 11:41:24,51,26,0.5098039215686274
2026-04-05 11:42:24,49,28,0.5714285714285714
2026-04-05 11:43:25,50,27,0.54
2026-04-05 11:44:26,50,22,0.44
2026-04-05 11:45:27,49,26,0.5306122448979592
2026-04-05 11:46:28,48,23,0.4791666666666667
2026-04-05 11:47:28,49,27,0.5510204081632653
2026-04-05 11:48:29,51,30,0.5882352941176471
2026-04-05 11:49:30,52,28,0.5384615384615384
2026-04-05 11:50:31,53,30,0.5660377358490566
2026-04-05 11:51:31,53,32,0.6037735849056604
2026-04-05 11:52:32,54,30,0.5555555555555556
2026-04-05 11:53:33,53,27,0.5094339622641509
2026-04-05 11:54:34,53,27,0.5094339622641509
2026-04-05 11:55:35,53,25,0.4716981132075472
2026-04-05 11:56:35,52,22,0.4230769230769231
2026-04-05 11:57:36,52,24,0.46153846153846156
2026-04-05 11:58:37,51,24,0.47058823529411764
2026-04-05 11:59:38,51,23,0.45098039215686275
2026-04-05 12:00:39,50,23,0.46
2026-04-05 12:01:39,50,21,0.42
2026-04-05 12:02:40,47,18,0.3829787234042553
2026-04-05 12:03:41,45,24,0.5333333333333333
2026-04-05 12:04:42,43,25,0.5813953488372093
2026-04-05 12:05:42,44,23,0.5227272727272727
2026-04-05 12:06:43,45,29,0.6444444444444445
2026-04-05 12:07:44,47,31,0.6595744680851063
2026-04-05 12:08:45,48,25,0.5208333333333334
2026-04-05 12:09:45,49,27,0.5510204081632653
2026-04-05 12:10:46,52,30,0.5769230769230769
2026-04-05 12:11:47,53,24,0.4528301886792453
2026-04-05 12:12:48,53,28,0.5283018867924528
2026-04-05 12:13:49,53,25,0.4716981132075472
2026-04-05 12:14:49,53,21,0.39622641509433965
2026-04-05 12:15:50,53,21,0.39622641509433965
2026-04-05 12:16:51,53,22,0.41509433962264153
2026-04-05 12:17:52,52,18,0.34615384615384615
2026-04-05 12:18:52,50,23,0.46
2026-04-05 12:19:53,50,22,0.44
2026-04-05 12:20:54,49,18,0.3673469387755102
2026-04-05 12:21:55,47,20,0.425531914893617
2026-04-05 12:22:55,45,22,0.4888888888888889
2026-04-05 12:23:56,42,21,0.5
2026-04-05 12:24:57,42,22,0.5238095238095238
2026-04-05 12:25:58,42,19,0.4523809523809524
2026-04-05 12:26:58,41,21,0.5121951219512195
2026-04-05 12:27:59,41,22,0.5365853658536586
2026-04-05 12:29:00,42,19,0.4523809523809524
2026-04-05 12:30:01,41,22,0.5365853658536586
2026-04-05 12:31:02,44,26,0.5909090909090909
2026-04-05 12:32:02,45,25,0.5555555555555556
2026-04-05 12:33:03,46,27,0.5869565217391305
2026-04-05 12:34:04,47,24,0.5106382978723404
2026-04-05 12:35:05,44,22,0.5
2026-04-05 12:36:05,44,20,0.45454545454545453
2026-04-05 12:37:06,46,28,0.6086956521739131
2026-04-05 12:38:07,46,20,0.43478260869565216
2026-04-05 12:39:08,47,23,0.48936170212765956
2026-04-05 12:40:08,48,27,0.5625
2026-04-05 12:41:09,48,23,0.4791666666666667
2026-04-05 12:42:10,46,22,0.4782608695652174
2026-04-05 12:43:11,47,26,0.5531914893617021
2026-04-05 12:44:12,48,27,0.5625
2026-04-05 12:45:12,48,27,0.5625
2026-04-05 12:46:13,47,25,0.5319148936170213
2026-04-05 12:47:14,48,23,0.4791666666666667
2026-04-05 12:48:15,48,23,0.4791666666666667
2026-04-05 12:49:16,48,26,0.5416666666666666
2026-04-05 12:50:16,48,25,0.5208333333333334
2026-04-05 12:51:17,49,25,0.5102040816326531
2026-04-05 12:52:18,50,26,0.52
2026-04-05 12:53:19,48,23,0.4791666666666667
2026-04-05 12:54:19,48,24,0.5
2026-04-05 12:55:20,48,26,0.5416666666666666
2026-04-05 12:56:21,48,24,0.5
2026-04-05 12:57:22,47,21,0.44680851063829785
2026-04-05 12:58:22,50,29,0.58
2026-04-05 12:59:23,49,24,0.4897959183673469
2026-04-05 13:00:24,51,23,0.45098039215686275
2026-04-05 13:01:25,49,26,0.5306122448979592
2026-04-05 13:02:26,49,22,0.4489795918367347
2026-04-05 13:03:27,51,28,0.5490196078431373
2026-04-05 13:04:27,51,25,0.49019607843137253
2026-04-05 13:05:28,51,25,0.49019607843137253
2026-04-05 13:06:29,52,26,0.5
2026-04-05 13:07:30,52,26,0.5
2026-04-05 13:08:30,51,25,0.49019607843137253
2026-04-05 13:09:31,50,26,0.52
2026-04-05 13:10:32,50,26,0.52
2026-04-05 13:11:33,50,25,0.5
2026-04-05 13:12:34,48,27,0.5625
2026-04-05 13:13:34,48,27,0.5625
2026-04-05 13:14:35,49,23,0.46938775510204084
2026-04-05 13:15:36,50,28,0.56
2026-04-05 13:16:37,50,28,0.56
2026-04-05 13:17:38,50,19,0.38
2026-04-05 13:18:38,50,24,0.48
2026-04-05 13:19:39,51,25,0.49019607843137253
2026-04-05 13:20:40,51,22,0.43137254901960786
2026-04-05 13:21:41,51,25,0.49019607843137253
2026-04-05 13:22:42,51,25,0.49019607843137253
2026-04-05 13:23:42,48,17,0.3541666666666667
2026-04-05 13:24:43,48,19,0.3958333333333333
2026-04-05 13:25:44,47,24,0.5106382978723404
2026-04-05 13:26:45,46,19,0.41304347826086957
2026-04-05 13:27:45,46,22,0.4782608695652174
2026-04-05 13:28:46,45,24,0.5333333333333333
2026-04-05 13:29:47,44,17,0.38636363636363635
2026-04-05 13:30:48,45,22,0.4888888888888889
2026-04-05 13:31:49,44,27,0.6136363636363636
2026-04-05 13:32:49,46,21,0.45652173913043476
2026-04-05 13:33:50,45,21,0.4666666666666667
2026-04-05 13:34:51,45,22,0.4888888888888889
2026-04-05 13:35:52,46,21,0.45652173913043476
2026-04-05 13:36:52,46,23,0.5
2026-04-05 13:37:53,46,23,0.5
2026-04-05 13:38:54,48,22,0.4583333333333333
2026-04-05 13:39:55,47,25,0.5319148936170213
2026-04-05 13:40:56,47,23,0.48936170212765956
2026-04-05 13:41:56,45,18,0.4
2026-04-05 13:42:57,46,24,0.5217391304347826
2026-04-05 13:43:58,46,22,0.4782608695652174
2026-04-05 13:44:59,46,20,0.43478260869565216
2026-04-05 13:45:59,45,24,0.5333333333333333
2026-04-05 13:47:00,45,23,0.5111111111111111
2026-04-05 13:48:01,44,18,0.4090909090909091
2026-04-05 13:49:02,43,22,0.5116279069767442
2026-04-05 13:50:03,42,22,0.5238095238095238
2026-04-05 13:51:04,43,19,0.4418604651162791
2026-04-05 13:52:04,43,24,0.5581395348837209
2026-04-05 13:53:05,43,19,0.4418604651162791
2026-04-05 13:54:06,43,19,0.4418604651162791
2026-04-05 13:55:07,44,27,0.6136363636363636
2026-04-05 13:56:07,44,24,0.5454545454545454
2026-04-05 13:57:08,44,21,0.4772727272727273
2026-04-05 13:58:09,44,27,0.6136363636363636
2026-04-05 13:59:10,45,23,0.5111111111111111
2026-04-05 14:00:11,46,20,0.43478260869565216
2026-04-05 14:01:11,47,24,0.5106382978723404
2026-04-05 14:02:12,47,24,0.5106382978723404
2026-04-05 14:03:13,47,24,0.5106382978723404
2026-04-05 14:04:14,48,24,0.5
2026-04-05 14:05:15,46,19,0.41304347826086957
2026-04-05 14:06:15,47,22,0.46808510638297873
2026-04-05 14:07:16,47,27,0.574468085106383
2026-04-05 14:08:17,46,25,0.5434782608695652
2026-04-05 14:09:18,47,25,0.5319148936170213
2026-04-05 14:10:19,47,24,0.5106382978723404
2026-04-05 14:11:19,48,26,0.5416666666666666
2026-04-05 14:12:20,48,23,0.4791666666666667
2026-04-05 14:13:21,51,26,0.5098039215686274
2026-04-05 14:14:22,51,23,0.45098039215686275
2026-04-05 14:15:23,51,20,0.39215686274509803
2026-04-05 14:16:23,51,25,0.49019607843137253
2026-04-05 14:17:24,52,24,0.46153846153846156
2026-04-05 14:18:25,53,27,0.5094339622641509
2026-04-05 14:19:26,53,30,0.5660377358490566
2026-04-05 14:20:27,52,26,0.5
2026-04-05 14:21:28,53,26,0.49056603773584906
2026-04-05 14:22:28,52,27,0.5192307692307693
2026-04-05 14:23:29,52,21,0.40384615384615385
2026-04-05 14:24:30,53,28,0.5283018867924528
2026-04-05 14:25:31,53,26,0.49056603773584906
2026-04-05 14:26:32,54,28,0.5185185185185185
2026-04-05 14:27:32,54,32,0.5925925925925926
2026-04-05 14:28:33,54,32,0.5925925925925926
2026-04-05 14:29:34,53,26,0.49056603773584906
2026-04-05 14:30:35,52,29,0.5576923076923077
2026-04-05 14:31:36,52,26,0.5
2026-04-05 14:32:37,53,24,0.4528301886792453
2026-04-05 14:33:37,54,25,0.46296296296296297
2026-04-05 14:34:38,53,28,0.5283018867924528
2026-04-05 14:35:39,54,22,0.4074074074074074
2026-04-05 14:36:40,54,26,0.48148148148148145
2026-04-05 14:37:41,52,26,0.5
2026-04-05 14:38:41,51,24,0.47058823529411764
2026-04-05 14:39:42,50,27,0.54
2026-04-05 14:40:43,52,29,0.5576923076923077
2026-04-05 14:41:44,51,23,0.45098039215686275
2026-04-05 14:42:44,53,30,0.5660377358490566
2026-04-05 14:43:45,53,27,0.5094339622641509
2026-04-05 14:44:46,50,22,0.44
2026-04-05 14:45:47,50,28,0.56
2026-04-05 14:46:48,52,32,0.6153846153846154
2026-04-05 14:47:49,51,27,0.5294117647058824
2026-04-05 14:48:50,51,30,0.5882352941176471
2026-04-05 14:49:50,51,27,0.5294117647058824
2026-04-05 14:50:51,50,26,0.52
2026-04-05 14:51:52,50,25,0.5
2026-04-05 14:52:53,50,22,0.44
2026-04-05 14:53:54,48,23,0.4791666666666667
2026-04-05 14:54:54,49,29,0.5918367346938775
2026-04-05 14:55:55,50,29,0.58
2026-04-05 14:56:56,52,25,0.4807692307692308
2026-04-05 14:57:57,49,25,0.5102040816326531
2026-04-05 14:58:58,50,28,0.56
2026-04-05 14:59:59,50,25,0.5
2026-04-05 15:00:59,49,29,0.5918367346938775
2026-04-05 15:02:00,48,28,0.5833333333333334
2026-04-05 15:03:01,49,23,0.46938775510204084
2026-04-05 15:04:02,49,31,0.6326530612244898
2026-04-05 15:05:03,47,27,0.574468085106383
2026-04-05 15:06:04,48,22,0.4583333333333333
2026-04-05 15:07:04,50,31,0.62
2026-04-05 15:08:05,50,30,0.6
2026-04-05 15:09:06,52,26,0.5
2026-04-05 15:10:07,51,30,0.5882352941176471
2026-04-05 15:11:08,51,28,0.5490196078431373
2026-04-05 15:12:08,52,25,0.4807692307692308
2026-04-05 15:13:09,53,29,0.5471698113207547
2026-04-05 15:14:10,52,29,0.5576923076923077
2026-04-05 15:15:11,52,27,0.5192307692307693
2026-04-05 15:16:12,55,34,0.6181818181818182
2026-04-05 15:17:13,56,30,0.5357142857142857
2026-04-05 15:18:14,55,26,0.4727272727272727
2026-04-05 15:19:14,56,34,0.6071428571428571
2026-04-05 15:20:15,56,30,0.5357142857142857
2026-04-05 15:21:16,55,29,0.5272727272727272
2026-04-05 15:22:17,56,32,0.5714285714285714
2026-04-05 15:23:18,57,28,0.49122807017543857
2026-04-05 15:24:18,58,29,0.5
2026-04-05 15:25:19,58,28,0.4827586206896552
2026-04-05 15:26:20,57,28,0.49122807017543857
2026-04-05 15:27:21,55,28,0.509090909090909
2026-04-05 15:28:22,57,33,0.5789473684210527
2026-04-05 15:29:23,57,31,0.543859649122807
2026-04-05 15:30:24,57,28,0.49122807017543857
2026-04-05 15:31:24,56,33,0.5892857142857143
2026-04-05 15:32:25,56,30,0.5357142857142857
2026-04-05 15:33:26,56,29,0.5178571428571429
2026-04-05 15:34:27,55,32,0.5818181818181818
2026-04-05 15:35:28,55,26,0.4727272727272727
2026-04-05 15:36:28,57,31,0.543859649122807
2026-04-05 15:37:29,57,33,0.5789473684210527
2026-04-05 15:38:30,57,32,0.5614035087719298
2026-04-05 15:39:31,57,29,0.5087719298245614
2026-04-05 15:40:32,58,32,0.5517241379310345
2026-04-05 15:41:33,57,27,0.47368421052631576
2026-04-05 15:42:34,57,29,0.5087719298245614
2026-04-05 15:43:34,57,27,0.47368421052631576
2026-04-05 15:44:35,55,31,0.5636363636363636
2026-04-05 15:45:36,56,33,0.5892857142857143
2026-04-05 15:46:37,55,31,0.5636363636363636
2026-04-05 15:47:38,56,33,0.5892857142857143
2026-04-05 15:48:39,55,36,0.6545454545454545
2026-04-05 15:49:39,55,39,0.7090909090909091
2026-04-05 15:50:40,55,32,0.5818181818181818
2026-04-05 15:51:41,57,34,0.5964912280701754
2026-04-05 15:52:42,61,34,0.5573770491803278
2026-04-05 15:53:43,61,31,0.5081967213114754
2026-04-05 15:54:44,61,35,0.5737704918032787
2026-04-05 15:55:45,61,33,0.5409836065573771
2026-04-05 15:56:45,62,33,0.532258064516129
2026-04-05 15:57:46,63,32,0.5079365079365079
2026-04-05 15:58:47,63,31,0.49206349206349204
2026-04-05 15:59:48,63,30,0.47619047619047616
2026-04-05 16:00:49,61,37,0.6065573770491803
2026-04-05 16:01:50,62,36,0.5806451612903226
2026-04-05 16:02:51,62,32,0.5161290322580645
2026-04-05 16:03:52,61,34,0.5573770491803278
2026-04-05 16:04:53,60,28,0.4666666666666667
2026-04-05 16:05:53,61,30,0.4918032786885246
2026-04-05 16:06:54,61,35,0.5737704918032787
2026-04-05 16:07:55,60,28,0.4666666666666667
2026-04-05 16:08:56,59,28,0.4745762711864407
2026-04-05 16:09:57,60,34,0.5666666666666667
2026-04-05 16:10:58,60,27,0.45
2026-04-05 16:11:59,59,27,0.4576271186440678
2026-04-05 16:12:59,59,33,0.559322033898305
2026-04-05 16:14:00,59,34,0.576271186440678
2026-04-05 16:15:01,57,31,0.543859649122807
2026-04-05 16:16:02,57,32,0.5614035087719298
2026-04-05 16:17:03,55,32,0.5818181818181818
2026-04-05 16:18:04,54,25,0.46296296296296297
2026-04-05 16:19:05,54,33,0.6111111111111112
2026-04-05 16:20:06,54,29,0.5370370370370371
2026-04-05 16:21:06,54,29,0.5370370370370371
2026-04-05 16:22:07,55,27,0.4909090909090909
2026-04-05 16:23:08,55,30,0.5454545454545454
2026-04-05 16:24:09,54,24,0.4444444444444444
2026-04-05 16:25:10,55,34,0.6181818181818182
2026-04-05 16:26:11,54,28,0.5185185185185185
2026-04-05 16:27:11,55,32,0.5818181818181818
2026-04-05 16:28:12,54,34,0.6296296296296297
2026-04-05 16:29:13,55,32,0.5818181818181818
2026-04-05 16:30:14,56,30,0.5357142857142857
2026-04-05 16:31:15,56,31,0.5535714285714286
2026-04-05 16:32:16,55,34,0.6181818181818182
2026-04-05 16:33:16,55,34,0.6181818181818182
2026-04-05 16:34:17,56,33,0.5892857142857143
2026-04-05 16:35:18,54,35,0.6481481481481481
2026-04-05 16:36:19,55,31,0.5636363636363636
2026-04-05 16:37:20,55,32,0.5818181818181818
2026-04-05 16:38:21,56,35,0.625
2026-04-05 16:39:21,58,28,0.4827586206896552
2026-04-05 16:40:22,57,29,0.5087719298245614
2026-04-05 16:41:23,57,32,0.5614035087719298
2026-04-05 16:42:24,56,27,0.48214285714285715
2026-04-05 16:43:25,55,26,0.4727272727272727
2026-04-05 16:44:26,55,31,0.5636363636363636
2026-04-05 16:45:27,56,27,0.48214285714285715
2026-04-05 16:46:28,57,31,0.543859649122807
2026-04-05 16:47:29,56,28,0.5
2026-04-05 16:48:29,58,30,0.5172413793103449
2026-04-05 16:49:30,57,33,0.5789473684210527
2026-04-05 16:50:31,57,34,0.5964912280701754
2026-04-05 16:51:32,58,26,0.4482758620689655
2026-04-05 16:52:33,57,30,0.5263157894736842
2026-04-05 16:53:34,57,27,0.47368421052631576
2026-04-05 16:54:35,58,33,0.5689655172413793
2026-04-05 16:55:35,57,27,0.47368421052631576
2026-04-05 16:56:36,57,30,0.5263157894736842
2026-04-05 16:57:37,57,30,0.5263157894736842
2026-04-05 16:58:38,57,27,0.47368421052631576
2026-04-05 16:59:39,57,24,0.42105263157894735
2026-04-05 17:00:40,55,29,0.5272727272727272
2026-04-05 17:01:40,56,32,0.5714285714285714
2026-04-05 17:02:41,57,27,0.47368421052631576
2026-04-05 17:03:42,57,31,0.543859649122807
2026-04-05 17:04:43,57,30,0.5263157894736842
2026-04-05 17:05:44,56,24,0.42857142857142855
2026-04-05 17:06:44,58,31,0.5344827586206896
2026-04-05 17:07:45,59,30,0.5084745762711864
2026-04-05 17:08:46,59,28,0.4745762711864407
2026-04-05 17:09:47,58,27,0.46551724137931033
2026-04-05 17:10:48,58,25,0.43103448275862066
2026-04-05 17:11:49,58,27,0.46551724137931033
2026-04-05 17:12:49,58,30,0.5172413793103449
2026-04-05 17:13:50,60,34,0.5666666666666667
2026-04-05 17:14:51,61,27,0.4426229508196721
2026-04-05 17:15:52,60,28,0.4666666666666667
2026-04-05 17:16:53,60,27,0.45
2026-04-05 17:17:54,61,28,0.45901639344262296
2026-04-05 17:18:54,60,36,0.6
2026-04-05 17:19:55,60,36,0.6
2026-04-05 17:20:56,61,33,0.5409836065573771
2026-04-05 17:21:57,62,36,0.5806451612903226
2026-04-05 17:22:58,62,34,0.5483870967741935
2026-04-05 17:23:59,63,33,0.5238095238095238
2026-04-05 17:24:59,61,35,0.5737704918032787
2026-04-05 17:26:00,60,34,0.5666666666666667
2026-04-05 17:27:01,60,30,0.5
2026-04-05 17:28:02,62,35,0.5645161290322581
2026-04-05 17:29:03,61,32,0.5245901639344263
2026-04-05 17:30:04,59,26,0.4406779661016949
2026-04-05 17:31:05,58,31,0.5344827586206896
2026-04-05 17:32:06,58,31,0.5344827586206896
2026-04-05 17:33:07,58,26,0.4482758620689655
2026-04-05 17:34:08,58,27,0.46551724137931033
2026-04-05 17:35:08,60,36,0.6
2026-04-05 17:36:09,60,26,0.43333333333333335
2026-04-05 17:37:10,60,36,0.6
2026-04-05 17:38:11,61,38,0.6229508196721312
2026-04-05 17:39:12,61,33,0.5409836065573771
2026-04-05 17:40:13,60,35,0.5833333333333334
2026-04-05 17:41:13,60,32,0.5333333333333333
2026-04-05 17:42:14,59,26,0.4406779661016949
2026-04-05 17:43:15,60,31,0.5166666666666667
2026-04-05 17:44:16,59,29,0.4915254237288136
2026-04-05 17:45:17,59,30,0.5084745762711864
2026-04-05 17:46:18,58,28,0.4827586206896552
2026-04-05 17:47:18,56,30,0.5357142857142857
2026-04-05 17:48:19,55,28,0.509090909090909
2026-04-05 17:49:20,56,32,0.5714285714285714
2026-04-05 17:50:21,57,32,0.5614035087719298
2026-04-05 17:51:22,58,29,0.5
2026-04-05 17:52:22,59,25,0.423728813559322
2026-04-05 17:53:23,58,3,0.05172413793103448
2026-04-05 17:54:24,57,1,0.017543859649122806
2026-04-05 17:55:25,56,1,0.017857142857142856
2026-04-05 17:56:25,55,4,0.07272727272727272
2026-04-05 17:57:26,54,25,0.46296296296296297
2026-04-05 17:58:27,51,30,0.5882352941176471
2026-04-05 17:59:28,54,29,0.5370370370370371
2026-04-05 18:00:29,54,31,0.5740740740740741
2026-04-05 18:01:29,54,30,0.5555555555555556
2026-04-05 18:02:30,52,27,0.5192307692307693
2026-04-05 18:03:31,52,23,0.4423076923076923
2026-04-05 18:04:32,52,27,0.5192307692307693
2026-04-05 18:05:33,53,26,0.49056603773584906
2026-04-05 18:06:33,55,28,0.509090909090909
2026-04-05 18:07:34,54,25,0.46296296296296297
2026-04-05 18:08:35,54,26,0.48148148148148145
2026-04-05 18:09:36,53,25,0.4716981132075472
2026-04-05 18:10:37,52,29,0.5576923076923077
2026-04-05 18:11:37,50,24,0.48
2026-04-05 18:12:38,50,29,0.58
2026-04-05 18:13:39,50,30,0.6
2026-04-05 18:14:40,51,23,0.45098039215686275
2026-04-05 18:15:41,50,26,0.52
2026-04-05 18:16:42,50,29,0.58
2026-04-05 18:17:42,50,23,0.46
2026-04-05 18:18:43,51,29,0.5686274509803921
2026-04-05 18:19:44,51,30,0.5882352941176471
2026-04-05 18:20:45,51,26,0.5098039215686274
2026-04-05 18:21:45,51,26,0.5098039215686274
2026-04-05 18:22:46,50,31,0.62
2026-04-05 18:23:47,50,23,0.46
2026-04-05 18:24:48,50,28,0.56
2026-04-05 18:25:49,50,27,0.54
2026-04-05 18:26:50,52,25,0.4807692307692308
2026-04-05 18:27:50,52,23,0.4423076923076923
2026-04-05 18:28:51,53,32,0.6037735849056604
2026-04-05 18:29:52,54,24,0.4444444444444444
2026-04-05 18:30:53,55,31,0.5636363636363636
2026-04-05 18:31:54,54,31,0.5740740740740741
2026-04-05 18:32:55,55,28,0.509090909090909
2026-04-05 18:33:55,55,28,0.509090909090909
2026-04-05 18:34:56,54,31,0.5740740740740741
2026-04-05 18:35:57,54,28,0.5185185185185185
2026-04-05 18:36:58,54,27,0.5
2026-04-05 18:37:59,54,28,0.5185185185185185
2026-04-05 18:38:59,55,25,0.45454545454545453
2026-04-05 18:40:00,55,30,0.5454545454545454
2026-04-05 18:41:01,55,28,0.509090909090909
2026-04-05 18:42:02,55,24,0.43636363636363634
2026-04-05 18:43:03,53,30,0.5660377358490566
2026-04-05 18:44:04,54,29,0.5370370370370371
2026-04-05 18:45:05,54,26,0.48148148148148145
2026-04-05 18:46:05,55,27,0.4909090909090909
2026-04-05 18:47:06,54,28,0.5185185185185185
2026-04-05 18:48:07,55,27,0.4909090909090909
2026-04-05 18:49:08,55,28,0.509090909090909
2026-04-05 18:50:09,56,28,0.5
2026-04-05 18:51:10,55,28,0.509090909090909
2026-04-05 18:52:10,55,33,0.6
2026-04-05 18:53:11,56,29,0.5178571428571429
2026-04-05 18:54:12,55,26,0.4727272727272727
2026-04-05 18:55:13,55,34,0.6181818181818182
2026-04-05 18:56:14,55,31,0.5636363636363636
2026-04-05 18:57:14,55,27,0.4909090909090909
2026-04-05 18:58:15,55,30,0.5454545454545454
2026-04-05 18:59:16,55,29,0.5272727272727272
2026-04-05 19:00:17,54,26,0.48148148148148145
2026-04-05 19:01:18,55,33,0.6
2026-04-05 19:02:19,55,31,0.5636363636363636
2026-04-05 19:03:20,56,32,0.5714285714285714
2026-04-05 19:04:20,57,30,0.5263157894736842
2026-04-05 19:05:21,56,33,0.5892857142857143
2026-04-05 19:06:22,56,28,0.5
2026-04-05 19:07:23,56,34,0.6071428571428571
2026-04-05 19:08:24,55,29,0.5272727272727272
2026-04-05 19:09:25,55,33,0.6
2026-04-05 19:10:25,55,31,0.5636363636363636
2026-04-05 19:11:26,55,30,0.5454545454545454
2026-04-05 19:12:27,57,34,0.5964912280701754
2026-04-05 19:13:28,55,32,0.5818181818181818
2026-04-05 19:14:29,56,35,0.625
2026-04-05 19:15:29,56,33,0.5892857142857143
2026-04-05 19:16:30,56,30,0.5357142857142857
2026-04-05 19:17:31,56,25,0.44642857142857145
2026-04-05 19:18:32,56,29,0.5178571428571429
2026-04-05 19:19:33,56,29,0.5178571428571429
2026-04-05 19:20:34,56,29,0.5178571428571429
2026-04-05 19:21:34,57,33,0.5789473684210527
2026-04-05 19:22:35,58,31,0.5344827586206896
2026-04-05 19:23:36,57,26,0.45614035087719296
2026-04-05 19:24:37,56,31,0.5535714285714286
2026-04-05 19:25:38,52,29,0.5576923076923077
2026-04-05 19:26:39,52,25,0.4807692307692308
2026-04-05 19:27:40,52,32,0.6153846153846154
2026-04-05 19:28:40,52,28,0.5384615384615384
2026-04-05 19:29:41,52,23,0.4423076923076923
2026-04-05 19:30:42,52,33,0.6346153846153846
2026-04-05 19:31:43,52,30,0.5769230769230769
2026-04-05 19:32:44,53,26,0.49056603773584906
2026-04-05 19:33:44,53,27,0.5094339622641509
2026-04-05 19:34:45,53,31,0.5849056603773585
2026-04-05 19:35:46,52,25,0.4807692307692308
2026-04-05 19:36:47,53,25,0.4716981132075472
2026-04-05 19:37:48,53,27,0.5094339622641509
2026-04-05 19:38:48,52,26,0.5
2026-04-05 19:39:49,53,27,0.5094339622641509
2026-04-05 19:40:50,53,25,0.4716981132075472
2026-04-05 19:41:51,52,22,0.4230769230769231
2026-04-05 19:42:52,51,27,0.5294117647058824
2026-04-05 19:43:53,52,30,0.5769230769230769
2026-04-05 19:44:53,52,25,0.4807692307692308
2026-04-05 19:45:54,50,28,0.56
2026-04-05 19:46:55,52,28,0.5384615384615384
2026-04-05 19:47:56,52,20,0.38461538461538464
2026-04-05 19:48:57,50,25,0.5
2026-04-05 19:49:57,50,24,0.48
2026-04-05 19:50:58,52,22,0.4230769230769231
2026-04-05 19:51:59,52,24,0.46153846153846156
2026-04-05 19:53:00,51,26,0.5098039215686274
2026-04-05 19:54:01,51,17,0.3333333333333333
2026-04-05 19:55:02,50,28,0.56
2026-04-05 19:56:02,50,25,0.5
2026-04-05 19:57:03,48,26,0.5416666666666666
2026-04-05 19:58:04,50,29,0.58
2026-04-05 19:59:05,50,27,0.54
2026-04-05 20:00:06,50,20,0.4
2026-04-05 20:01:07,50,31,0.62
2026-04-05 20:02:07,50,27,0.54
2026-04-05 20:03:08,51,25,0.49019607843137253
2026-04-05 20:04:09,51,28,0.5490196078431373
2026-04-05 20:05:10,51,27,0.5294117647058824
2026-04-05 20:06:11,52,22,0.4230769230769231
2026-04-05 20:07:11,51,29,0.5686274509803921
2026-04-05 20:08:12,52,30,0.5769230769230769
2026-04-05 20:09:13,52,27,0.5192307692307693
2026-04-05 20:10:14,53,29,0.5471698113207547
2026-04-05 20:11:15,51,26,0.5098039215686274
2026-04-05 20:12:15,53,24,0.4528301886792453
2026-04-05 20:13:16,53,30,0.5660377358490566
2026-04-05 20:14:17,53,25,0.4716981132075472
2026-04-05 20:15:18,53,23,0.4339622641509434
2026-04-05 20:16:19,53,24,0.4528301886792453
2026-04-05 20:17:20,54,25,0.46296296296296297
2026-04-05 20:18:20,54,23,0.42592592592592593
2026-04-05 20:19:21,52,25,0.4807692307692308
2026-04-05 20:20:22,52,26,0.5
2026-04-05 20:21:23,53,26,0.49056603773584906
2026-04-05 20:22:23,53,25,0.4716981132075472
2026-04-05 20:23:24,51,24,0.47058823529411764
2026-04-05 20:24:25,48,25,0.5208333333333334
2026-04-05 20:25:26,48,24,0.5
2026-04-05 20:26:27,49,25,0.5102040816326531
2026-04-05 20:27:27,49,24,0.4897959183673469
2026-04-05 20:28:28,49,25,0.5102040816326531
2026-04-05 20:29:29,50,23,0.46
2026-04-05 20:30:30,51,29,0.5686274509803921
2026-04-05 20:31:31,51,29,0.5686274509803921
2026-04-05 20:32:31,50,22,0.44
2026-04-05 20:33:32,51,30,0.5882352941176471
2026-04-05 20:34:33,51,22,0.43137254901960786
2026-04-05 20:35:34,53,24,0.4528301886792453
2026-04-05 20:36:35,56,28,0.5
2026-04-05 20:37:35,56,25,0.44642857142857145
2026-04-05 20:38:36,56,23,0.4107142857142857
2026-04-05 20:39:37,56,26,0.4642857142857143
2026-04-05 20:40:38,55,29,0.5272727272727272
2026-04-05 20:41:39,53,26,0.49056603773584906
2026-04-05 20:42:39,53,30,0.5660377358490566
2026-04-05 20:43:40,52,27,0.5192307692307693
2026-04-05 20:44:41,52,24,0.46153846153846156
2026-04-05 20:45:42,52,27,0.5192307692307693
2026-04-05 20:46:43,51,27,0.5294117647058824
2026-04-05 20:47:43,51,23,0.45098039215686275
2026-04-05 20:48:44,51,25,0.49019607843137253
2026-04-05 20:49:45,51,27,0.5294117647058824
2026-04-05 20:50:46,52,26,0.5
2026-04-05 20:51:47,51,24,0.47058823529411764
2026-04-05 20:52:47,50,28,0.56
2026-04-05 20:53:48,51,25,0.49019607843137253
2026-04-05 20:54:49,50,26,0.52
2026-04-05 20:55:50,50,25,0.5
2026-04-05 20:56:51,50,24,0.48
2026-04-05 20:57:51,47,28,0.5957446808510638
2026-04-05 20:58:52,47,24,0.5106382978723404
2026-04-05 20:59:53,48,22,0.4583333333333333
2026-04-05 21:00:54,49,27,0.5510204081632653
2026-04-05 21:01:55,49,25,0.5102040816326531
2026-04-05 21:02:55,49,20,0.40816326530612246
2026-04-05 21:03:56,49,24,0.4897959183673469
2026-04-05 21:04:57,48,22,0.4583333333333333
2026-04-05 21:05:58,47,18,0.3829787234042553
2026-04-05 21:06:58,47,27,0.574468085106383
2026-04-05 21:07:59,47,25,0.5319148936170213
2026-04-05 21:09:00,47,22,0.46808510638297873
2026-04-05 21:10:01,46,24,0.5217391304347826
2026-04-05 21:11:02,46,25,0.5434782608695652
2026-04-05 21:12:03,44,20,0.45454545454545453
2026-04-05 21:13:03,45,23,0.5111111111111111
2026-04-05 21:14:04,45,27,0.6
2026-04-05 21:15:05,47,23,0.48936170212765956
2026-04-05 21:16:06,48,28,0.5833333333333334
2026-04-05 21:17:06,48,26,0.5416666666666666
2026-04-05 21:18:07,48,23,0.4791666666666667
2026-04-05 21:19:08,49,28,0.5714285714285714
2026-04-05 21:20:09,49,24,0.4897959183673469
2026-04-05 21:21:10,50,24,0.48
2026-04-05 21:22:10,50,25,0.5
2026-04-05 21:23:11,50,22,0.44
2026-04-05 21:24:12,49,20,0.40816326530612246
2026-04-05 21:25:13,49,26,0.5306122448979592
2026-04-05 21:26:14,49,21,0.42857142857142855
2026-04-05 21:27:14,47,21,0.44680851063829785
2026-04-05 21:28:15,48,25,0.5208333333333334
2026-04-05 21:29:16,47,23,0.48936170212765956
2026-04-05 21:30:17,47,18,0.3829787234042553
2026-04-05 21:31:17,46,22,0.4782608695652174
2026-04-05 21:32:18,45,22,0.4888888888888889
2026-04-05 21:33:19,46,23,0.5
2026-04-05 21:34:20,48,28,0.5833333333333334
2026-04-05 21:35:20,48,23,0.4791666666666667
2026-04-05 21:36:21,49,26,0.5306122448979592
2026-04-05 21:37:22,48,24,0.5
2026-04-05 21:38:23,48,26,0.5416666666666666
2026-04-05 21:39:24,49,26,0.5306122448979592
2026-04-05 21:40:24,49,27,0.5510204081632653
2026-04-05 21:41:25,48,24,0.5
2026-04-05 21:42:26,48,27,0.5625
2026-04-05 21:43:27,48,25,0.5208333333333334
2026-04-05 21:44:28,48,26,0.5416666666666666
2026-04-05 21:45:29,48,25,0.5208333333333334
2026-04-05 21:46:29,48,25,0.5208333333333334
2026-04-05 21:47:30,48,22,0.4583333333333333
2026-04-05 21:48:31,48,27,0.5625
2026-04-05 21:49:32,48,25,0.5208333333333334
2026-04-05 21:50:32,48,24,0.5
2026-04-05 21:51:33,47,26,0.5531914893617021
2026-04-05 21:52:34,46,24,0.5217391304347826
2026-04-05 21:53:35,46,23,0.5
2026-04-05 21:54:35,46,23,0.5
2026-04-05 21:55:36,46,25,0.5434782608695652
2026-04-05 21:56:37,45,21,0.4666666666666667
2026-04-05 21:57:38,45,27,0.6
2026-04-05 21:58:39,46,27,0.5869565217391305
2026-04-05 21:59:40,46,20,0.43478260869565216
2026-04-05 22:00:40,47,27,0.574468085106383
2026-04-05 22:01:41,48,28,0.5833333333333334
2026-04-05 22:02:42,48,20,0.4166666666666667
2026-04-05 22:03:43,48,23,0.4791666666666667
2026-04-05 22:04:44,49,23,0.46938775510204084
2026-04-05 22:05:44,49,19,0.3877551020408163
2026-04-05 22:06:45,49,24,0.4897959183673469
2026-04-05 22:07:46,47,22,0.46808510638297873
2026-04-05 22:08:47,47,20,0.425531914893617
2026-04-05 22:09:48,47,20,0.425531914893617
2026-04-05 22:10:48,46,22,0.4782608695652174
2026-04-05 22:11:49,46,19,0.41304347826086957
2026-04-05 22:12:50,44,25,0.5681818181818182
2026-04-05 22:13:51,46,26,0.5652173913043478
2026-04-05 22:14:52,48,22,0.4583333333333333
2026-04-05 22:15:52,47,23,0.48936170212765956
2026-04-05 22:16:53,47,20,0.425531914893617
2026-04-05 22:17:54,47,18,0.3829787234042553
2026-04-05 22:18:55,47,22,0.46808510638297873
2026-04-05 22:19:55,47,23,0.48936170212765956
2026-04-05 22:20:56,47,22,0.46808510638297873
2026-04-05 22:21:57,47,23,0.48936170212765956
2026-04-05 22:22:58,46,21,0.45652173913043476
2026-04-05 22:23:58,46,19,0.41304347826086957
2026-04-05 22:24:59,46,23,0.5
2026-04-05 22:26:00,46,22,0.4782608695652174
2026-04-05 22:27:01,46,23,0.5
2026-04-05 22:28:02,47,26,0.5531914893617021
2026-04-05 22:29:03,46,25,0.5434782608695652
2026-04-05 22:30:03,47,22,0.46808510638297873
2026-04-05 22:31:04,48,28,0.5833333333333334
2026-04-05 22:32:05,48,25,0.5208333333333334
2026-04-05 22:33:06,49,24,0.4897959183673469
2026-04-05 22:34:06,49,29,0.5918367346938775
2026-04-05 22:35:07,49,23,0.46938775510204084
2026-04-05 22:36:08,49,16,0.32653061224489793
2026-04-05 22:37:09,49,28,0.5714285714285714
2026-04-05 22:38:10,49,20,0.40816326530612246
2026-04-05 22:39:10,49,21,0.42857142857142855
2026-04-05 22:40:11,48,26,0.5416666666666666
2026-04-05 22:41:12,48,21,0.4375
2026-04-05 22:42:13,48,19,0.3958333333333333
2026-04-05 22:43:14,46,25,0.5434782608695652
2026-04-05 22:44:14,46,20,0.43478260869565216
2026-04-05 22:45:15,46,21,0.45652173913043476
2026-04-05 22:46:16,46,24,0.5217391304347826
2026-04-05 22:47:17,44,23,0.5227272727272727
2026-04-05 22:48:17,45,20,0.4444444444444444
2026-04-05 22:49:18,45,24,0.5333333333333333
2026-04-05 22:50:19,44,20,0.45454545454545453
2026-04-05 22:51:20,42,18,0.42857142857142855
2026-04-05 22:52:20,42,22,0.5238095238095238
2026-04-05 22:53:21,42,21,0.5
2026-04-05 22:54:22,42,16,0.38095238095238093
2026-04-05 22:55:23,43,20,0.46511627906976744
2026-04-05 22:56:23,43,23,0.5348837209302325
2026-04-05 22:57:24,44,19,0.4318181818181818
2026-04-05 22:58:25,46,21,0.45652173913043476
2026-04-05 22:59:26,46,22,0.4782608695652174
2026-04-05 23:00:27,47,26,0.5531914893617021
2026-04-05 23:01:27,46,23,0.5
2026-04-05 23:02:28,47,23,0.48936170212765956
2026-04-05 23:03:29,47,21,0.44680851063829785
2026-04-05 23:04:30,47,22,0.46808510638297873
2026-04-05 23:05:31,46,20,0.43478260869565216
2026-04-05 23:06:31,45,19,0.4222222222222222
2026-04-05 23:07:32,45,22,0.4888888888888889
2026-04-05 23:08:33,45,21,0.4666666666666667
2026-04-05 23:09:34,45,21,0.4666666666666667
2026-04-05 23:10:35,46,25,0.5434782608695652
2026-04-05 23:11:35,43,17,0.3953488372093023
2026-04-05 23:12:36,45,27,0.6
2026-04-05 23:13:37,45,23,0.5111111111111111
2026-04-05 23:14:38,46,22,0.4782608695652174
2026-04-05 23:15:38,47,26,0.5531914893617021
2026-04-05 23:16:39,47,24,0.5106382978723404
2026-04-05 23:17:40,48,18,0.375
2026-04-05 23:18:41,48,26,0.5416666666666666
2026-04-05 23:19:42,49,21,0.42857142857142855
2026-04-05 23:20:42,50,23,0.46
2026-04-05 23:21:43,49,23,0.46938775510204084
2026-04-05 23:22:44,47,25,0.5319148936170213
2026-04-05 23:23:45,46,21,0.45652173913043476
2026-04-05 23:24:45,45,27,0.6
2026-04-05 23:25:46,45,23,0.5111111111111111
2026-04-05 23:26:47,45,25,0.5555555555555556
2026-04-05 23:27:48,44,23,0.5227272727272727
2026-04-05 23:28:49,46,25,0.5434782608695652
2026-04-05 23:29:50,46,22,0.4782608695652174
2026-04-05 23:30:50,45,25,0.5555555555555556
2026-04-05 23:31:51,45,23,0.5111111111111111
2026-04-05 23:32:52,46,20,0.43478260869565216
2026-04-05 23:33:53,45,25,0.5555555555555556
2026-04-05 23:34:53,46,24,0.5217391304347826
2026-04-05 23:35:54,46,17,0.3695652173913043
2026-04-05 23:36:55,47,26,0.5531914893617021
2026-04-05 23:37:56,47,21,0.44680851063829785
2026-04-05 23:38:57,47,21,0.44680851063829785
2026-04-05 23:39:57,47,22,0.46808510638297873
2026-04-05 23:40:58,48,22,0.4583333333333333
2026-04-05 23:41:59,48,16,0.3333333333333333
2026-04-05 23:43:00,48,24,0.5
2026-04-05 23:44:01,50,27,0.54
2026-04-05 23:45:02,50,18,0.36
2026-04-05 23:46:02,50,25,0.5
2026-04-05 23:47:03,49,23,0.46938775510204084
2026-04-05 23:48:04,49,20,0.40816326530612246
2026-04-05 23:49:05,48,22,0.4583333333333333
2026-04-05 23:50:06,48,21,0.4375
2026-04-05 23:51:07,45,18,0.4
2026-04-05 23:52:07,46,22,0.4782608695652174
2026-04-05 23:53:08,46,20,0.43478260869565216
2026-04-05 23:54:09,44,17,0.38636363636363635
2026-04-05 23:55:10,44,24,0.5454545454545454
2026-04-05 23:56:11,44,19,0.4318181818181818
2026-04-05 23:57:11,45,22,0.4888888888888889
2026-04-05 23:58:12,45,22,0.4888888888888889
2026-04-05 23:59:13,43,22,0.5116279069767442
2026-04-06 00:00:14,43,18,0.4186046511627907
2026-04-06 00:01:15,44,27,0.6136363636363636
2026-04-06 00:02:15,44,17,0.38636363636363635
2026-04-06 00:03:16,45,18,0.4
2026-04-06 00:04:17,46,23,0.5
2026-04-06 00:05:18,46,21,0.45652173913043476
2026-04-06 00:06:18,46,18,0.391304347826087
2026-04-06 00:07:19,44,22,0.5
2026-04-06 00:08:20,45,18,0.4
2026-04-06 00:09:21,45,19,0.4222222222222222
2026-04-06 00:10:22,45,21,0.4666666666666667
2026-04-06 00:11:22,44,22,0.5
2026-04-06 00:12:23,44,22,0.5
2026-04-06 00:13:24,44,19,0.4318181818181818
2026-04-06 00:14:25,44,21,0.4772727272727273
2026-04-06 00:15:25,45,20,0.4444444444444444
2026-04-06 00:16:26,44,21,0.4772727272727273
2026-04-06 00:17:27,45,20,0.4444444444444444
2026-04-06 00:18:28,45,19,0.4222222222222222
2026-04-06 00:19:29,45,23,0.5111111111111111
2026-04-06 00:20:29,46,19,0.41304347826086957
2026-04-06 00:21:30,46,22,0.4782608695652174
2026-04-06 00:22:31,46,20,0.43478260869565216
2026-04-06 00:23:32,46,17,0.3695652173913043
2026-04-06 00:24:32,49,25,0.5102040816326531
2026-04-06 00:25:33,49,23,0.46938775510204084
2026-04-06 00:26:34,48,19,0.3958333333333333
2026-04-06 00:27:35,48,21,0.4375
2026-04-06 00:28:36,48,19,0.3958333333333333
2026-04-06 00:29:37,48,20,0.4166666666666667
2026-04-06 00:30:38,48,22,0.4583333333333333
2026-04-06 00:31:38,48,21,0.4375
2026-04-06 00:32:39,48,17,0.3541666666666667
2026-04-06 00:33:40,47,22,0.46808510638297873
2026-04-06 00:34:41,46,22,0.4782608695652174
2026-04-06 00:35:42,45,20,0.4444444444444444
2026-04-06 00:36:42,46,25,0.5434782608695652
2026-04-06 00:37:43,45,22,0.4888888888888889
2026-04-06 00:38:44,46,20,0.43478260869565216
2026-04-06 00:39:45,46,25,0.5434782608695652
2026-04-06 00:40:46,47,25,0.5319148936170213
2026-04-06 00:41:47,48,17,0.3541666666666667
2026-04-06 00:42:47,48,24,0.5
2026-04-06 00:43:48,49,25,0.5102040816326531
2026-04-06 00:44:49,48,22,0.4583333333333333
2026-04-06 00:45:50,48,24,0.5
2026-04-06 00:46:51,48,26,0.5416666666666666
2026-04-06 00:47:51,48,20,0.4166666666666667
2026-04-06 00:48:52,50,28,0.56
2026-04-06 00:49:53,50,25,0.5
2026-04-06 00:50:54,50,23,0.46
2026-04-06 00:51:55,50,25,0.5
2026-04-06 00:52:55,49,25,0.5102040816326531
2026-04-06 00:53:56,50,22,0.44
2026-04-06 00:54:57,50,27,0.54
2026-04-06 00:55:58,50,26,0.52
2026-04-06 00:56:59,50,25,0.5
2026-04-06 00:57:59,50,25,0.5
2026-04-06 00:59:00,51,28,0.5490196078431373
2026-04-06 01:00:01,50,19,0.38
2026-04-06 01:01:02,51,28,0.5490196078431373
2026-04-06 01:02:03,51,25,0.49019607843137253
2026-04-06 01:03:04,52,22,0.4230769230769231
2026-04-06 01:04:04,50,25,0.5
2026-04-06 01:05:05,49,27,0.5510204081632653
2026-04-06 01:06:06,51,21,0.4117647058823529
2026-04-06 01:07:07,50,27,0.54
2026-04-06 01:08:08,50,25,0.5
2026-04-06 01:09:08,50,22,0.44
2026-04-06 01:10:09,50,23,0.46
2026-04-06 01:11:10,50,21,0.42
2026-04-06 01:12:11,49,19,0.3877551020408163
2026-04-06 01:13:12,48,26,0.5416666666666666
2026-04-06 01:14:13,48,23,0.4791666666666667
2026-04-06 01:15:13,47,22,0.46808510638297873
2026-04-06 01:16:14,49,29,0.5918367346938775
2026-04-06 01:17:15,50,22,0.44
2026-04-06 01:18:16,50,21,0.42
2026-04-06 01:19:16,49,28,0.5714285714285714
2026-04-06 01:20:17,49,26,0.5306122448979592
2026-04-06 01:21:18,50,26,0.52
2026-04-06 01:22:19,53,31,0.5849056603773585
2026-04-06 01:23:20,53,28,0.5283018867924528
2026-04-06 01:24:21,55,27,0.4909090909090909
2026-04-06 01:25:21,55,30,0.5454545454545454
2026-04-06 01:26:22,53,31,0.5849056603773585
2026-04-06 01:27:23,53,28,0.5283018867924528
2026-04-06 01:28:24,53,30,0.5660377358490566
2026-04-06 01:29:25,53,28,0.5283018867924528
2026-04-06 01:30:25,55,31,0.5636363636363636
2026-04-06 01:31:26,57,31,0.543859649122807
2026-04-06 01:32:27,57,31,0.543859649122807
2026-04-06 01:33:28,56,27,0.48214285714285715
2026-04-06 01:34:29,56,30,0.5357142857142857
2026-04-06 01:35:30,55,28,0.509090909090909
2026-04-06 01:36:30,55,31,0.5636363636363636
2026-04-06 01:37:31,55,30,0.5454545454545454
2026-04-06 01:38:32,55,30,0.5454545454545454
2026-04-06 01:39:33,56,34,0.6071428571428571
2026-04-06 01:40:34,56,32,0.5714285714285714
2026-04-06 01:41:35,56,28,0.5
2026-04-06 01:42:35,55,33,0.6
2026-04-06 01:43:36,56,31,0.5535714285714286
2026-04-06 01:44:37,59,31,0.5254237288135594
2026-04-06 01:45:38,60,37,0.6166666666666667
2026-04-06 01:46:39,61,33,0.5409836065573771
2026-04-06 01:47:40,61,27,0.4426229508196721
2026-04-06 01:48:40,60,37,0.6166666666666667
2026-04-06 01:49:41,60,31,0.5166666666666667
2026-04-06 01:50:42,59,28,0.4745762711864407
2026-04-06 01:51:43,59,29,0.4915254237288136
2026-04-06 01:52:44,59,32,0.5423728813559322
2026-04-06 01:53:45,59,27,0.4576271186440678
2026-04-06 01:54:46,58,31,0.5344827586206896
2026-04-06 01:55:47,57,30,0.5263157894736842
2026-04-06 01:56:47,57,25,0.43859649122807015
2026-04-06 01:57:48,58,27,0.46551724137931033
2026-04-06 01:58:49,58,28,0.4827586206896552
2026-04-06 01:59:50,56,23,0.4107142857142857
2026-04-06 02:00:51,56,29,0.5178571428571429
2026-04-06 02:01:52,58,31,0.5344827586206896
2026-04-06 02:02:52,58,28,0.4827586206896552
2026-04-06 02:03:53,59,30,0.5084745762711864
2026-04-06 02:04:54,59,29,0.4915254237288136
2026-04-06 02:05:55,57,22,0.38596491228070173
2026-04-06 02:06:56,55,31,0.5636363636363636
2026-04-06 02:07:57,56,29,0.5178571428571429
2026-04-06 02:08:58,58,26,0.4482758620689655
2026-04-06 02:09:59,59,31,0.5254237288135594
2026-04-06 02:10:59,58,30,0.5172413793103449
2026-04-06 02:12:00,59,29,0.4915254237288136
2026-04-06 02:13:01,58,33,0.5689655172413793
2026-04-06 02:14:02,58,31,0.5344827586206896
2026-04-06 02:15:03,58,25,0.43103448275862066
2026-04-06 02:16:04,58,30,0.5172413793103449
2026-04-06 02:17:04,58,29,0.5
2026-04-06 02:18:05,60,29,0.48333333333333334
2026-04-06 02:19:06,59,34,0.576271186440678
2026-04-06 02:20:07,61,31,0.5081967213114754
2026-04-06 02:21:08,61,25,0.4098360655737705
2026-04-06 02:22:09,60,35,0.5833333333333334
2026-04-06 02:23:10,59,29,0.4915254237288136
2026-04-06 02:24:11,61,28,0.45901639344262296
2026-04-06 02:25:11,63,41,0.6507936507936508
2026-04-06 02:26:12,63,33,0.5238095238095238
2026-04-06 02:27:13,63,32,0.5079365079365079
2026-04-06 02:28:14,63,36,0.5714285714285714
2026-04-06 02:29:15,64,32,0.5
2026-04-06 02:30:16,63,27,0.42857142857142855
2026-04-06 02:31:17,64,39,0.609375
2026-04-06 02:32:17,64,30,0.46875
2026-04-06 02:33:18,62,29,0.46774193548387094
2026-04-06 02:34:19,61,37,0.6065573770491803
2026-04-06 02:35:20,61,34,0.5573770491803278
2026-04-06 02:36:21,62,28,0.45161290322580644
2026-04-06 02:37:22,62,29,0.46774193548387094
2026-04-06 02:38:23,62,28,0.45161290322580644
2026-04-06 02:39:24,62,28,0.45161290322580644
2026-04-06 02:40:24,62,34,0.5483870967741935
2026-04-06 02:41:25,61,33,0.5409836065573771
2026-04-06 02:42:26,59,32,0.5423728813559322
2026-04-06 02:43:27,60,33,0.55
2026-04-06 02:44:28,62,33,0.532258064516129
2026-04-06 02:45:29,61,31,0.5081967213114754
2026-04-06 02:46:30,61,30,0.4918032786885246
2026-04-06 02:47:31,60,27,0.45
2026-04-06 02:48:31,60,27,0.45
2026-04-06 02:49:32,60,26,0.43333333333333335
2026-04-06 02:50:33,60,25,0.4166666666666667
2026-04-06 02:51:34,61,28,0.45901639344262296
2026-04-06 02:52:35,61,29,0.47540983606557374
2026-04-06 02:53:36,61,26,0.4262295081967213
2026-04-06 02:54:37,58,29,0.5
2026-04-06 02:55:37,57,28,0.49122807017543857
2026-04-06 02:56:38,57,24,0.42105263157894735
2026-04-06 02:57:39,57,28,0.49122807017543857
2026-04-06 02:58:40,57,26,0.45614035087719296
2026-04-06 02:59:41,55,23,0.41818181818181815
2026-04-06 03:00:42,55,28,0.509090909090909
2026-04-06 03:01:43,57,29,0.5087719298245614
2026-04-06 03:02:44,57,22,0.38596491228070173
2026-04-06 03:03:45,57,26,0.45614035087719296
2026-04-06 03:04:45,57,28,0.49122807017543857
2026-04-06 03:05:46,56,26,0.4642857142857143
2026-04-06 03:06:47,57,33,0.5789473684210527
2026-04-06 03:07:48,57,30,0.5263157894736842
2026-04-06 03:08:49,57,26,0.45614035087719296
2026-04-06 03:09:50,56,30,0.5357142857142857
2026-04-06 03:10:51,55,28,0.509090909090909
2026-04-06 03:11:51,56,28,0.5
2026-04-06 03:12:52,55,30,0.5454545454545454
2026-04-06 03:13:53,54,30,0.5555555555555556
2026-04-06 03:14:54,54,29,0.5370370370370371
2026-04-06 03:15:55,53,28,0.5283018867924528
2026-04-06 03:16:55,54,28,0.5185185185185185
2026-04-06 03:17:56,54,26,0.48148148148148145
2026-04-06 03:18:57,55,28,0.509090909090909
2026-04-06 03:19:58,55,28,0.509090909090909
2026-04-06 03:20:59,54,28,0.5185185185185185
2026-04-06 03:22:00,54,29,0.5370370370370371
2026-04-06 03:23:01,54,32,0.5925925925925926
2026-04-06 03:24:01,54,23,0.42592592592592593
2026-04-06 03:25:02,55,27,0.4909090909090909
2026-04-06 03:26:03,57,29,0.5087719298245614
2026-04-06 03:27:04,58,30,0.5172413793103449
2026-04-06 03:28:05,57,28,0.49122807017543857
2026-04-06 03:29:06,57,31,0.543859649122807
2026-04-06 03:30:07,56,22,0.39285714285714285
2026-04-06 03:31:07,55,31,0.5636363636363636
2026-04-06 03:32:08,55,26,0.4727272727272727
2026-04-06 03:33:09,55,27,0.4909090909090909
2026-04-06 03:34:10,55,29,0.5272727272727272
2026-04-06 03:35:11,54,29,0.5370370370370371
2026-04-06 03:36:12,54,24,0.4444444444444444
2026-04-06 03:37:12,54,31,0.5740740740740741
2026-04-06 03:38:13,54,30,0.5555555555555556
2026-04-06 03:39:14,56,28,0.5
2026-04-06 03:40:15,57,34,0.5964912280701754
2026-04-06 03:41:16,57,31,0.543859649122807
2026-04-06 03:42:17,58,29,0.5
2026-04-06 03:43:18,59,34,0.576271186440678
2026-04-06 03:44:18,59,33,0.559322033898305
2026-04-06 03:45:19,59,27,0.4576271186440678
2026-04-06 03:46:20,60,33,0.55
2026-04-06 03:47:21,59,35,0.5932203389830508
2026-04-06 03:48:22,60,33,0.55
2026-04-06 03:49:23,59,32,0.5423728813559322
2026-04-06 03:50:23,59,32,0.5423728813559322
2026-04-06 03:51:24,59,33,0.559322033898305
2026-04-06 03:52:25,58,32,0.5517241379310345
2026-04-06 03:53:26,58,31,0.5344827586206896
2026-04-06 03:54:27,58,27,0.46551724137931033
2026-04-06 03:55:28,58,28,0.4827586206896552
2026-04-06 03:56:29,58,31,0.5344827586206896
2026-04-06 03:57:30,58,27,0.46551724137931033
2026-04-06 03:58:31,58,26,0.4482758620689655
2026-04-06 03:59:31,57,26,0.45614035087719296
2026-04-06 04:00:32,55,28,0.509090909090909
2026-04-06 04:01:33,55,31,0.5636363636363636
2026-04-06 04:02:34,57,26,0.45614035087719296
2026-04-06 04:03:35,57,29,0.5087719298245614
2026-04-06 04:04:36,55,30,0.5454545454545454
2026-04-06 04:05:36,56,27,0.48214285714285715
2026-04-06 04:06:37,57,30,0.5263157894736842
2026-04-06 04:07:38,58,33,0.5689655172413793
2026-04-06 04:08:39,58,27,0.46551724137931033
2026-04-06 04:09:40,57,31,0.543859649122807
2026-04-06 04:10:41,56,33,0.5892857142857143
2026-04-06 04:11:42,56,24,0.42857142857142855
2026-04-06 04:12:42,57,33,0.5789473684210527
2026-04-06 04:13:43,56,31,0.5535714285714286
2026-04-06 04:14:44,55,26,0.4727272727272727
2026-04-06 04:15:45,54,28,0.5185185185185185
2026-04-06 04:16:46,54,32,0.5925925925925926
2026-04-06 04:17:47,54,23,0.42592592592592593
2026-04-06 04:18:47,54,28,0.5185185185185185
2026-04-06 04:19:48,55,31,0.5636363636363636
2026-04-06 04:20:49,58,29,0.5
2026-04-06 04:21:50,57,26,0.45614035087719296
2026-04-06 04:22:51,58,32,0.5517241379310345
2026-04-06 04:23:52,58,26,0.4482758620689655
2026-04-06 04:24:53,58,30,0.5172413793103449
2026-04-06 04:25:53,58,29,0.5
2026-04-06 04:26:54,58,26,0.4482758620689655
2026-04-06 04:27:55,57,29,0.5087719298245614
2026-04-06 04:28:56,57,32,0.5614035087719298
2026-04-06 04:29:57,58,26,0.4482758620689655
2026-04-06 04:30:58,60,31,0.5166666666666667
2026-04-06 04:31:59,59,33,0.559322033898305
2026-04-06 04:33:00,60,26,0.43333333333333335
2026-04-06 04:34:01,60,31,0.5166666666666667
2026-04-06 04:35:02,60,34,0.5666666666666667
2026-04-06 04:36:03,60,24,0.4
2026-04-06 04:37:03,60,34,0.5666666666666667
2026-04-06 04:38:04,59,33,0.559322033898305
2026-04-06 04:39:05,60,28,0.4666666666666667
2026-04-06 04:40:06,59,32,0.5423728813559322
2026-04-06 04:41:07,59,33,0.559322033898305
2026-04-06 04:42:08,57,26,0.45614035087719296
2026-04-06 04:43:09,57,30,0.5263157894736842
2026-04-06 04:44:10,57,31,0.543859649122807
2026-04-06 04:45:11,56,28,0.5
2026-04-06 04:46:12,57,32,0.5614035087719298
2026-04-06 04:47:13,58,30,0.5172413793103449
2026-04-06 04:48:14,60,25,0.4166666666666667
2026-04-06 04:49:15,58,32,0.5517241379310345
2026-04-06 04:50:16,58,31,0.5344827586206896
2026-04-06 04:51:17,58,30,0.5172413793103449
2026-04-06 04:52:17,59,31,0.5254237288135594
2026-04-06 04:53:18,60,31,0.5166666666666667
2026-04-06 04:54:19,61,28,0.45901639344262296
2026-04-06 04:55:20,60,31,0.5166666666666667
2026-04-06 04:56:21,60,34,0.5666666666666667
2026-04-06 04:57:22,59,33,0.559322033898305
2026-04-06 04:58:23,58,34,0.5862068965517241
2026-04-06 04:59:24,60,32,0.5333333333333333
2026-04-06 05:00:24,60,34,0.5666666666666667
2026-04-06 05:01:25,60,33,0.55
2026-04-06 05:02:26,60,31,0.5166666666666667
2026-04-06 05:03:27,60,31,0.5166666666666667
2026-04-06 05:04:28,59,34,0.576271186440678
2026-04-06 05:05:29,60,33,0.55
2026-04-06 05:06:30,60,33,0.55
2026-04-06 05:07:31,61,36,0.5901639344262295
2026-04-06 05:08:32,61,34,0.5573770491803278
2026-04-06 05:09:32,61,27,0.4426229508196721
2026-04-06 05:10:33,61,34,0.5573770491803278
2026-04-06 05:11:34,61,32,0.5245901639344263
2026-04-06 05:12:35,62,31,0.5
2026-04-06 05:13:36,62,37,0.5967741935483871
2026-04-06 05:14:37,61,31,0.5081967213114754
2026-04-06 05:15:38,62,33,0.532258064516129
2026-04-06 05:16:38,61,37,0.6065573770491803
2026-04-06 05:17:39,60,31,0.5166666666666667
2026-04-06 05:18:40,60,31,0.5166666666666667
2026-04-06 05:19:41,61,36,0.5901639344262295
2026-04-06 05:20:42,63,34,0.5396825396825397
2026-04-06 05:21:43,63,32,0.5079365079365079
2026-04-06 05:22:44,64,38,0.59375
2026-04-06 05:23:45,62,34,0.5483870967741935
2026-04-06 05:24:46,62,35,0.5645161290322581
2026-04-06 05:25:47,64,37,0.578125
2026-04-06 05:26:48,64,34,0.53125
2026-04-06 05:27:49,63,31,0.49206349206349204
2026-04-06 05:28:49,63,35,0.5555555555555556
2026-04-06 05:29:50,63,27,0.42857142857142855
2026-04-06 05:30:51,62,31,0.5
2026-04-06 05:31:52,62,30,0.4838709677419355
2026-04-06 05:32:53,62,29,0.46774193548387094
2026-04-06 05:33:54,63,33,0.5238095238095238
2026-04-06 05:34:55,62,30,0.4838709677419355
2026-04-06 05:35:56,64,32,0.5
2026-04-06 05:36:57,63,33,0.5238095238095238
2026-04-06 05:37:58,63,29,0.4603174603174603
2026-04-06 05:38:59,64,35,0.546875
2026-04-06 05:40:00,65,38,0.5846153846153846
2026-04-06 05:41:01,65,35,0.5384615384615384
2026-04-06 05:42:02,63,31,0.49206349206349204
2026-04-06 05:43:03,63,30,0.47619047619047616
2026-04-06 05:44:04,66,39,0.5909090909090909
2026-04-06 05:45:04,65,35,0.5384615384615384
2026-04-06 05:46:05,64,34,0.53125
2026-04-06 05:47:06,63,34,0.5396825396825397
2026-04-06 05:48:07,64,28,0.4375
2026-04-06 05:49:08,65,39,0.6
2026-04-06 05:50:09,67,36,0.5373134328358209
2026-04-06 05:51:10,67,36,0.5373134328358209
2026-04-06 05:52:11,66,39,0.5909090909090909
2026-04-06 05:53:12,67,40,0.5970149253731343
2026-04-06 05:54:13,69,38,0.5507246376811594
2026-04-06 05:55:14,69,43,0.6231884057971014
2026-04-06 05:56:15,69,40,0.5797101449275363
2026-04-06 05:57:16,68,38,0.5588235294117647
2026-04-06 05:58:16,69,43,0.6231884057971014
2026-04-06 05:59:17,69,37,0.5362318840579711
2026-04-06 06:00:18,70,34,0.4857142857142857
2026-04-06 06:01:19,70,44,0.6285714285714286
2026-04-06 06:02:20,69,40,0.5797101449275363
2026-04-06 06:03:21,69,37,0.5362318840579711
2026-04-06 06:04:22,70,45,0.6428571428571429
2026-04-06 06:05:23,70,42,0.6
2026-04-06 06:06:24,71,36,0.5070422535211268
2026-04-06 06:07:25,72,47,0.6527777777777778
2026-04-06 06:08:26,72,38,0.5277777777777778
2026-04-06 06:09:27,73,44,0.6027397260273972
2026-04-06 06:10:28,76,50,0.6578947368421053
2026-04-06 06:11:29,77,44,0.5714285714285714
2026-04-06 06:12:30,77,42,0.5454545454545454
2026-04-06 06:13:31,76,45,0.5921052631578947
2026-04-06 06:14:32,76,41,0.5394736842105263
2026-04-06 06:15:33,76,43,0.5657894736842105
2026-04-06 06:16:34,77,47,0.6103896103896104
2026-04-06 06:17:35,79,37,0.46835443037974683
2026-04-06 06:18:36,80,41,0.5125
2026-04-06 06:19:37,80,48,0.6
2026-04-06 06:20:38,79,39,0.4936708860759494
2026-04-06 06:21:39,80,49,0.6125
2026-04-06 06:22:40,79,47,0.5949367088607594
2026-04-06 06:23:41,80,38,0.475
2026-04-06 06:24:42,81,45,0.5555555555555556
2026-04-06 06:25:43,82,47,0.573170731707317
2026-04-06 06:26:44,80,42,0.525
2026-04-06 06:27:45,78,46,0.5897435897435898
2026-04-06 06:28:46,78,50,0.6410256410256411
2026-04-06 06:29:47,79,40,0.5063291139240507
2026-04-06 06:30:47,78,44,0.5641025641025641
2026-04-06 06:31:48,78,41,0.5256410256410257
2026-04-06 06:32:49,76,41,0.5394736842105263
2026-04-06 06:33:50,77,41,0.5324675324675324
2026-04-06 06:34:51,76,45,0.5921052631578947
2026-04-06 06:35:52,78,38,0.48717948717948717
2026-04-06 06:36:53,80,44,0.55
2026-04-06 06:37:54,80,45,0.5625
2026-04-06 06:38:55,79,39,0.4936708860759494
2026-04-06 06:39:56,78,41,0.5256410256410257
2026-04-06 06:40:57,78,43,0.5512820512820513
2026-04-06 06:41:58,78,41,0.5256410256410257
2026-04-06 06:42:59,78,39,0.5
2026-04-06 06:44:00,78,42,0.5384615384615384
2026-04-06 06:45:01,74,37,0.5
2026-04-06 06:46:02,75,41,0.5466666666666666
2026-04-06 06:47:03,75,43,0.5733333333333334
2026-04-06 06:48:04,74,33,0.44594594594594594
2026-04-06 06:49:05,76,42,0.5526315789473685
2026-04-06 06:50:06,76,43,0.5657894736842105
2026-04-06 06:51:07,74,36,0.4864864864864865
2026-04-06 06:52:08,74,39,0.527027027027027
2026-04-06 06:53:09,74,36,0.4864864864864865
2026-04-06 06:54:10,75,30,0.4
2026-04-06 06:55:11,74,41,0.5540540540540541
2026-04-06 06:56:12,75,42,0.56
2026-04-06 06:57:13,74,35,0.47297297297297297
2026-04-06 06:58:14,73,40,0.547945205479452
2026-04-06 06:59:15,72,38,0.5277777777777778
2026-04-06 07:00:16,72,30,0.4166666666666667
2026-04-06 07:01:16,71,30,0.4225352112676056
2026-04-06 07:02:17,70,35,0.5
2026-04-06 07:03:18,72,36,0.5
2026-04-06 07:04:19,73,43,0.589041095890411
2026-04-06 07:05:20,74,39,0.527027027027027
2026-04-06 07:06:21,74,36,0.4864864864864865
2026-04-06 07:07:22,74,38,0.5135135135135135
2026-04-06 07:08:23,73,42,0.5753424657534246
2026-04-06 07:09:24,74,29,0.3918918918918919
2026-04-06 07:10:25,74,32,0.43243243243243246
2026-04-06 07:11:26,74,35,0.47297297297297297
2026-04-06 07:12:27,73,36,0.4931506849315068
2026-04-06 07:13:28,72,40,0.5555555555555556
2026-04-06 07:14:29,73,36,0.4931506849315068
2026-04-06 07:15:30,73,35,0.4794520547945205
2026-04-06 07:16:31,73,37,0.5068493150684932
2026-04-06 07:17:32,73,37,0.5068493150684932
2026-04-06 07:18:33,74,32,0.43243243243243246
2026-04-06 07:19:34,74,34,0.4594594594594595
2026-04-06 07:20:35,73,32,0.4383561643835616
2026-04-06 07:21:35,72,33,0.4583333333333333
2026-04-06 07:22:36,75,41,0.5466666666666666
2026-04-06 07:23:37,76,34,0.4473684210526316
2026-04-06 07:24:38,76,45,0.5921052631578947
2026-04-06 07:25:39,77,39,0.5064935064935064
2026-04-06 07:26:40,75,37,0.49333333333333335
2026-04-06 07:27:41,74,42,0.5675675675675675
2026-04-06 07:28:42,75,43,0.5733333333333334
2026-04-06 07:29:43,74,40,0.5405405405405406
2026-04-06 07:30:44,74,42,0.5675675675675675
2026-04-06 07:31:45,75,39,0.52
2026-04-06 07:32:46,76,34,0.4473684210526316
2026-04-06 07:33:47,77,37,0.4805194805194805
2026-04-06 07:34:48,76,31,0.40789473684210525
2026-04-06 07:35:49,75,32,0.4266666666666667
2026-04-06 07:36:50,76,36,0.47368421052631576
2026-04-06 07:37:51,77,33,0.42857142857142855
2026-04-06 07:38:52,77,31,0.4025974025974026
2026-04-06 07:39:53,75,30,0.4
2026-04-06 07:40:54,74,32,0.43243243243243246
2026-04-06 07:41:55,72,33,0.4583333333333333
2026-04-06 07:42:56,70,30,0.42857142857142855
2026-04-06 07:43:57,68,30,0.4411764705882353
2026-04-06 07:44:57,67,32,0.47761194029850745
2026-04-06 07:45:58,66,29,0.4393939393939394
2026-04-06 07:46:59,66,30,0.45454545454545453
2026-04-06 07:48:00,66,30,0.45454545454545453
2026-04-06 07:49:01,62,33,0.532258064516129
2026-04-06 07:50:02,66,37,0.5606060606060606
2026-04-06 07:51:03,66,32,0.48484848484848486
2026-04-06 07:52:04,67,35,0.5223880597014925
2026-04-06 07:53:05,64,30,0.46875
2026-04-06 07:54:06,65,25,0.38461538461538464
2026-04-06 07:55:07,66,34,0.5151515151515151
2026-04-06 07:56:08,65,30,0.46153846153846156
2026-04-06 07:57:09,65,31,0.47692307692307695
2026-04-06 07:58:09,67,40,0.5970149253731343
2026-04-06 07:59:10,67,32,0.47761194029850745
2026-04-06 08:00:11,68,28,0.4117647058823529
2026-04-06 08:01:12,67,37,0.5522388059701493
2026-04-06 08:02:13,70,40,0.5714285714285714
2026-04-06 08:03:14,69,25,0.36231884057971014
2026-04-06 08:04:15,69,34,0.4927536231884058
2026-04-06 08:05:16,67,29,0.43283582089552236
2026-04-06 08:06:17,67,25,0.373134328358209
2026-04-06 08:07:18,67,30,0.44776119402985076
2026-04-06 08:08:19,66,29,0.4393939393939394
2026-04-06 08:09:20,64,30,0.46875
2026-04-06 08:10:20,65,33,0.5076923076923077
2026-04-06 08:11:21,65,28,0.4307692307692308
2026-04-06 08:12:22,64,28,0.4375
2026-04-06 08:13:23,65,34,0.5230769230769231
2026-04-06 08:14:24,66,36,0.5454545454545454
2026-04-06 08:15:25,68,29,0.4264705882352941
2026-04-06 08:16:26,68,40,0.5882352941176471
2026-04-06 08:17:27,67,37,0.5522388059701493
2026-04-06 08:18:28,67,33,0.4925373134328358
2026-04-06 08:19:28,68,38,0.5588235294117647
2026-04-06 08:20:29,68,37,0.5441176470588235
2026-04-06 08:21:30,68,35,0.5147058823529411
2026-04-06 08:22:31,71,42,0.5915492957746479
2026-04-06 08:23:32,70,37,0.5285714285714286
2026-04-06 08:24:33,70,43,0.6142857142857143
2026-04-06 08:25:34,72,39,0.5416666666666666
2026-04-06 08:26:35,71,38,0.5352112676056338
2026-04-06 08:27:36,71,36,0.5070422535211268
2026-04-06 08:28:37,75,43,0.5733333333333334
2026-04-06 08:29:38,75,35,0.4666666666666667
2026-04-06 08:30:39,74,37,0.5
2026-04-06 08:31:39,74,37,0.5
2026-04-06 08:32:40,72,34,0.4722222222222222
2026-04-06 08:33:41,72,41,0.5694444444444444
2026-04-06 08:34:42,74,40,0.5405405405405406
2026-04-06 08:35:43,73,35,0.4794520547945205
2026-04-06 08:36:44,71,38,0.5352112676056338
2026-04-06 08:37:45,70,32,0.45714285714285713
2026-04-06 08:38:46,69,35,0.5072463768115942
2026-04-06 08:39:47,70,37,0.5285714285714286
2026-04-06 08:40:48,68,36,0.5294117647058824
2026-04-06 08:41:49,69,34,0.4927536231884058
2026-04-06 08:42:50,70,31,0.44285714285714284
2026-04-06 08:43:50,71,30,0.4225352112676056
2026-04-06 08:44:51,72,28,0.3888888888888889
2026-04-06 08:45:52,71,33,0.4647887323943662
2026-04-06 08:46:53,73,34,0.4657534246575342
2026-04-06 08:47:54,73,34,0.4657534246575342
2026-04-06 08:48:55,73,41,0.5616438356164384
2026-04-06 08:49:56,69,34,0.4927536231884058
2026-04-06 08:50:57,69,32,0.463768115942029
2026-04-06 08:51:58,69,35,0.5072463768115942
2026-04-06 08:52:59,66,30,0.45454545454545453
2026-04-06 08:53:59,65,28,0.4307692307692308
2026-04-06 08:55:00,64,38,0.59375
2026-04-06 08:56:01,64,30,0.46875
2026-04-06 08:57:02,63,28,0.4444444444444444
2026-04-06 08:58:03,65,33,0.5076923076923077
2026-04-06 08:59:04,64,37,0.578125
2026-04-06 09:00:05,65,32,0.49230769230769234
2026-04-06 09:01:06,67,36,0.5373134328358209
2026-04-06 09:02:07,67,33,0.4925373134328358
2026-04-06 09:03:08,67,33,0.4925373134328358
2026-04-06 09:04:09,66,33,0.5
2026-04-06 09:05:10,66,31,0.4696969696969697
2026-04-06 09:06:11,65,30,0.46153846153846156
2026-04-06 09:07:12,65,33,0.5076923076923077
2026-04-06 09:08:12,63,33,0.5238095238095238
2026-04-06 09:09:13,62,28,0.45161290322580644
2026-04-06 09:10:14,64,31,0.484375
2026-04-06 09:11:15,62,31,0.5
2026-04-06 09:12:16,62,27,0.43548387096774194
2026-04-06 09:13:17,61,33,0.5409836065573771
2026-04-06 09:14:18,59,32,0.5423728813559322
2026-04-06 09:15:19,58,25,0.43103448275862066
2026-04-06 09:16:19,58,32,0.5517241379310345
2026-04-06 09:17:20,60,33,0.55
2026-04-06 09:18:21,60,27,0.45
2026-04-06 09:19:22,60,34,0.5666666666666667
2026-04-06 09:20:23,61,31,0.5081967213114754
2026-04-06 09:21:24,64,30,0.46875
2026-04-06 09:22:25,65,30,0.46153846153846156
2026-04-06 09:23:25,67,37,0.5522388059701493
2026-04-06 09:24:26,65,29,0.4461538461538462
2026-04-06 09:25:27,66,36,0.5454545454545454
2026-04-06 09:26:28,64,32,0.5
2026-04-06 09:27:29,65,35,0.5384615384615384
2026-04-06 09:28:30,66,36,0.5454545454545454
2026-04-06 09:29:31,68,35,0.5147058823529411
2026-04-06 09:30:32,68,37,0.5441176470588235
2026-04-06 09:31:32,68,33,0.4852941176470588
2026-04-06 09:32:33,70,34,0.4857142857142857
2026-04-06 09:33:34,70,35,0.5
2026-04-06 09:34:35,69,37,0.5362318840579711
2026-04-06 09:35:36,68,28,0.4117647058823529
2026-04-06 09:36:37,67,36,0.5373134328358209
2026-04-06 09:37:38,67,34,0.5074626865671642
2026-04-06 09:38:39,66,30,0.45454545454545453
2026-04-06 09:39:40,68,38,0.5588235294117647
2026-04-06 09:40:41,68,37,0.5441176470588235
2026-04-06 09:41:41,65,31,0.47692307692307695
2026-04-06 09:42:42,65,36,0.5538461538461539
2026-04-06 09:43:43,65,35,0.5384615384615384
2026-04-06 09:44:44,66,33,0.5
2026-04-06 09:45:45,67,36,0.5373134328358209
2026-04-06 09:46:46,69,36,0.5217391304347826
2026-04-06 09:47:47,68,31,0.45588235294117646
2026-04-06 09:48:47,68,36,0.5294117647058824
2026-04-06 09:49:48,69,35,0.5072463768115942
2026-04-06 09:50:49,68,33,0.4852941176470588
2026-04-06 09:51:50,67,36,0.5373134328358209
2026-04-06 09:52:51,68,34,0.5
2026-04-06 09:53:52,67,30,0.44776119402985076
2026-04-06 09:54:53,65,37,0.5692307692307692
2026-04-06 09:55:54,64,35,0.546875
2026-04-06 09:56:55,64,34,0.53125
2026-04-06 09:57:56,63,36,0.5714285714285714
2026-04-06 09:58:57,63,36,0.5714285714285714
2026-04-06 09:59:57,63,31,0.49206349206349204
2026-04-06 10:00:58,63,38,0.6031746031746031
2026-04-06 10:01:59,63,38,0.6031746031746031
2026-04-06 10:03:00,63,37,0.5873015873015873
2026-04-06 10:04:01,62,39,0.6290322580645161
2026-04-06 10:05:02,62,37,0.5967741935483871
2026-04-06 10:06:03,62,32,0.5161290322580645
2026-04-06 10:07:04,64,37,0.578125
2026-04-06 10:08:05,65,33,0.5076923076923077
2026-04-06 10:09:06,64,29,0.453125
2026-04-06 10:10:07,66,38,0.5757575757575758
2026-04-06 10:11:08,67,32,0.47761194029850745
2026-04-06 10:12:09,68,33,0.4852941176470588
2026-04-06 10:13:10,67,37,0.5522388059701493
2026-04-06 10:14:10,68,36,0.5294117647058824
2026-04-06 10:15:11,67,35,0.5223880597014925
2026-04-06 10:16:12,67,38,0.5671641791044776
2026-04-06 10:17:13,64,37,0.578125
2026-04-06 10:18:14,65,33,0.5076923076923077
2026-04-06 10:19:15,65,37,0.5692307692307692
2026-04-06 10:20:16,64,33,0.515625
2026-04-06 10:21:17,64,29,0.453125
2026-04-06 10:22:18,65,35,0.5384615384615384
2026-04-06 10:23:19,65,35,0.5384615384615384
2026-04-06 10:24:20,65,27,0.4153846153846154
2026-04-06 10:25:20,64,34,0.53125
2026-04-06 10:26:21,62,32,0.5161290322580645
2026-04-06 10:27:22,61,33,0.5409836065573771
2026-04-06 10:28:23,59,29,0.4915254237288136
2026-04-06 10:29:24,60,35,0.5833333333333334
2026-04-06 10:30:25,60,36,0.6
2026-04-06 10:31:26,62,36,0.5806451612903226
2026-04-06 10:32:26,62,34,0.5483870967741935
2026-04-06 10:33:27,62,33,0.532258064516129
2026-04-06 10:34:28,64,33,0.515625
2026-04-06 10:35:29,63,34,0.5396825396825397
2026-04-06 10:36:30,62,37,0.5967741935483871
2026-04-06 10:37:31,61,35,0.5737704918032787
2026-04-06 10:38:32,61,34,0.5573770491803278
2026-04-06 10:39:33,61,33,0.5409836065573771
2026-04-06 10:40:33,61,34,0.5573770491803278
2026-04-06 10:41:34,62,31,0.5
2026-04-06 10:42:35,62,34,0.5483870967741935
2026-04-06 10:43:36,62,29,0.46774193548387094
2026-04-06 10:44:37,62,30,0.4838709677419355
2026-04-06 10:45:38,61,31,0.5081967213114754
2026-04-06 10:46:39,61,32,0.5245901639344263
2026-04-06 10:47:39,61,30,0.4918032786885246
2026-04-06 10:48:40,58,33,0.5689655172413793
2026-04-06 10:49:41,59,35,0.5932203389830508
2026-04-06 10:50:42,58,29,0.5
2026-04-06 10:51:43,58,36,0.6206896551724138
2026-04-06 10:52:44,58,33,0.5689655172413793
2026-04-06 10:53:45,56,32,0.5714285714285714
2026-04-06 10:54:46,56,32,0.5714285714285714
2026-04-06 10:55:47,56,35,0.625
2026-04-06 10:56:47,53,28,0.5283018867924528
2026-04-06 10:57:48,55,33,0.6
2026-04-06 10:58:49,57,33,0.5789473684210527
2026-04-06 10:59:50,57,28,0.49122807017543857
2026-04-06 11:00:51,57,29,0.5087719298245614
2026-04-06 11:01:52,57,34,0.5964912280701754
2026-04-06 11:02:53,56,30,0.5357142857142857
2026-04-06 11:03:53,56,31,0.5535714285714286
2026-04-06 11:04:54,56,32,0.5714285714285714
2026-04-06 11:05:55,56,27,0.48214285714285715
2026-04-06 11:06:56,57,32,0.5614035087719298
2026-04-06 11:07:57,57,31,0.543859649122807
2026-04-06 11:08:58,55,28,0.509090909090909
2026-04-06 11:09:59,54,30,0.5555555555555556
2026-04-06 11:10:59,54,29,0.5370370370370371
2026-04-06 11:12:00,54,25,0.46296296296296297
2026-04-06 11:13:01,53,31,0.5849056603773585
2026-04-06 11:14:02,53,30,0.5660377358490566
2026-04-06 11:15:03,53,25,0.4716981132075472
2026-04-06 11:16:04,53,29,0.5471698113207547
2026-04-06 11:17:05,53,29,0.5471698113207547
2026-04-06 11:18:06,53,26,0.49056603773584906
2026-04-06 11:19:06,54,33,0.6111111111111112
2026-04-06 11:20:07,53,32,0.6037735849056604
2026-04-06 11:21:08,52,25,0.4807692307692308
2026-04-06 11:22:09,54,35,0.6481481481481481
2026-04-06 11:23:10,54,25,0.46296296296296297
2026-04-06 11:24:11,54,24,0.4444444444444444
2026-04-06 11:25:12,54,33,0.6111111111111112
2026-04-06 11:26:12,53,31,0.5849056603773585
2026-04-06 11:27:13,51,29,0.5686274509803921
2026-04-06 11:28:14,53,31,0.5849056603773585
2026-04-06 11:29:15,53,30,0.5660377358490566
2026-04-06 11:30:16,52,23,0.4423076923076923
2026-04-06 11:31:16,52,30,0.5769230769230769
2026-04-06 11:32:17,50,28,0.56
2026-04-06 11:33:18,50,24,0.48
2026-04-06 11:34:19,50,31,0.62
2026-04-06 11:35:20,50,27,0.54
2026-04-06 11:36:21,49,26,0.5306122448979592
2026-04-06 11:37:21,51,29,0.5686274509803921
2026-04-06 11:38:22,51,27,0.5294117647058824
2026-04-06 11:39:23,51,25,0.49019607843137253
2026-04-06 11:40:24,51,29,0.5686274509803921
2026-04-06 11:41:25,51,26,0.5098039215686274
2026-04-06 11:42:26,52,26,0.5
2026-04-06 11:43:26,51,23,0.45098039215686275
2026-04-06 11:44:27,51,2,0.0392156862745098
2026-04-06 11:45:28,50,16,0.32
2026-04-06 11:46:29,49,17,0.3469387755102041
2026-04-06 11:47:30,48,23,0.4791666666666667
2026-04-06 11:48:30,47,24,0.5106382978723404
2026-04-06 11:49:31,49,27,0.5510204081632653
2026-04-06 11:50:32,49,22,0.4489795918367347
2026-04-06 11:51:33,48,24,0.5
2026-04-06 11:52:34,47,23,0.48936170212765956
2026-04-06 11:53:34,43,21,0.4883720930232558
2026-04-06 11:54:35,42,22,0.5238095238095238
2026-04-06 11:55:36,42,20,0.47619047619047616
2026-04-06 11:56:37,42,25,0.5952380952380952
2026-04-06 11:57:37,42,20,0.47619047619047616
2026-04-06 11:58:38,42,23,0.5476190476190477
2026-04-06 11:59:39,42,20,0.47619047619047616
2026-04-06 12:00:40,42,23,0.5476190476190477
2026-04-06 12:01:41,44,19,0.4318181818181818
2026-04-06 12:02:41,44,20,0.45454545454545453
2026-04-06 12:03:42,43,22,0.5116279069767442
2026-04-06 12:04:43,43,22,0.5116279069767442
2026-04-06 12:05:44,42,21,0.5
2026-04-06 12:06:45,43,24,0.5581395348837209
2026-04-06 12:07:45,44,28,0.6363636363636364
2026-04-06 12:08:46,44,22,0.5
2026-04-06 12:09:47,46,27,0.5869565217391305
2026-04-06 12:10:48,48,29,0.6041666666666666
2026-04-06 12:11:49,47,21,0.44680851063829785
2026-04-06 12:12:49,49,25,0.5102040816326531
2026-04-06 12:13:50,52,31,0.5961538461538461
2026-04-06 12:14:51,52,25,0.4807692307692308
2026-04-06 12:15:52,52,27,0.5192307692307693
2026-04-06 12:16:53,52,25,0.4807692307692308
2026-04-06 12:17:53,50,19,0.38
2026-04-06 12:18:54,51,25,0.49019607843137253
2026-04-06 12:19:55,51,21,0.4117647058823529
2026-04-06 12:20:56,53,25,0.4716981132075472
2026-04-06 12:21:57,54,27,0.5
2026-04-06 12:22:58,54,26,0.48148148148148145
2026-04-06 12:23:59,53,23,0.4339622641509434
2026-04-06 12:24:59,53,26,0.49056603773584906
2026-04-06 12:26:00,53,28,0.5283018867924528
2026-04-06 12:27:01,52,24,0.46153846153846156
2026-04-06 12:28:02,52,28,0.5384615384615384
2026-04-06 12:29:03,51,26,0.5098039215686274
2026-04-06 12:30:04,51,21,0.4117647058823529
2026-04-06 12:31:05,51,29,0.5686274509803921
2026-04-06 12:32:06,51,27,0.5294117647058824
2026-04-06 12:33:07,50,25,0.5
2026-04-06 12:34:07,49,28,0.5714285714285714
2026-04-06 12:35:08,48,25,0.5208333333333334
2026-04-06 12:36:09,49,24,0.4897959183673469
2026-04-06 12:37:10,49,31,0.6326530612244898
2026-04-06 12:38:11,48,25,0.5208333333333334
2026-04-06 12:39:12,48,27,0.5625
2026-04-06 12:40:13,47,27,0.574468085106383
2026-04-06 12:41:13,48,28,0.5833333333333334
2026-04-06 12:42:14,48,20,0.4166666666666667
2026-04-06 12:43:15,47,26,0.5531914893617021
2026-04-06 12:44:16,47,23,0.48936170212765956
2026-04-06 12:45:17,50,25,0.5
2026-04-06 12:46:17,50,30,0.6
2026-04-06 12:47:18,49,29,0.5918367346938775
2026-04-06 12:48:19,49,21,0.42857142857142855
2026-04-06 12:49:20,51,26,0.5098039215686274
2026-04-06 12:50:21,50,28,0.56
2026-04-06 12:51:22,49,21,0.42857142857142855
2026-04-06 12:52:22,49,29,0.5918367346938775
2026-04-06 12:53:23,49,26,0.5306122448979592
2026-04-06 12:54:24,50,26,0.52
2026-04-06 12:55:25,52,29,0.5576923076923077
2026-04-06 12:56:26,52,30,0.5769230769230769
2026-04-06 12:57:27,53,27,0.5094339622641509
2026-04-06 12:58:27,53,30,0.5660377358490566
2026-04-06 12:59:28,52,28,0.5384615384615384
2026-04-06 13:00:29,51,28,0.5490196078431373
2026-04-06 13:01:30,51,24,0.47058823529411764
2026-04-06 13:02:31,51,23,0.45098039215686275
2026-04-06 13:03:32,51,24,0.47058823529411764
2026-04-06 13:04:32,51,24,0.47058823529411764
2026-04-06 13:05:33,51,21,0.4117647058823529
2026-04-06 13:06:34,49,24,0.4897959183673469
2026-04-06 13:07:35,50,25,0.5
2026-04-06 13:08:36,51,23,0.45098039215686275
2026-04-06 13:09:37,50,22,0.44
2026-04-06 13:10:38,49,21,0.42857142857142855
2026-04-06 13:11:38,49,20,0.40816326530612246
2026-04-06 13:12:39,48,23,0.4791666666666667
2026-04-06 13:13:40,48,23,0.4791666666666667
2026-04-06 13:14:41,47,20,0.425531914893617
2026-04-06 13:15:42,47,19,0.40425531914893614
2026-04-06 13:16:42,47,24,0.5106382978723404
2026-04-06 13:17:43,43,18,0.4186046511627907
2026-04-06 13:18:44,43,24,0.5581395348837209
2026-04-06 13:19:45,44,23,0.5227272727272727
2026-04-06 13:20:46,46,21,0.45652173913043476
2026-04-06 13:21:46,46,20,0.43478260869565216
2026-04-06 13:22:47,46,24,0.5217391304347826
2026-04-06 13:23:48,45,20,0.4444444444444444
2026-04-06 13:24:49,47,22,0.46808510638297873
2026-04-06 13:25:50,47,19,0.40425531914893614
2026-04-06 13:26:50,47,19,0.40425531914893614
2026-04-06 13:27:51,47,19,0.40425531914893614
2026-04-06 13:28:52,48,21,0.4375
2026-04-06 13:29:53,47,18,0.3829787234042553
2026-04-06 13:30:53,43,25,0.5813953488372093
2026-04-06 13:31:54,43,24,0.5581395348837209
2026-04-06 13:32:55,42,21,0.5
2026-04-06 13:33:56,44,22,0.5
2026-04-06 13:34:57,45,23,0.5111111111111111
2026-04-06 13:35:58,45,21,0.4666666666666667
2026-04-06 13:36:58,45,25,0.5555555555555556
2026-04-06 13:37:59,46,26,0.5652173913043478
2026-04-06 13:39:00,47,22,0.46808510638297873
2026-04-06 13:40:01,48,24,0.5
2026-04-06 13:41:02,48,29,0.6041666666666666
2026-04-06 13:42:03,49,24,0.4897959183673469
2026-04-06 13:43:04,49,27,0.5510204081632653
2026-04-06 13:44:04,50,28,0.56
2026-04-06 13:45:05,49,21,0.42857142857142855
2026-04-06 13:46:06,52,26,0.5
2026-04-06 13:47:07,53,25,0.4716981132075472
2026-04-06 13:48:08,53,22,0.41509433962264153
2026-04-06 13:49:09,54,31,0.5740740740740741
2026-04-06 13:50:09,53,23,0.4339622641509434
2026-04-06 13:51:10,53,24,0.4528301886792453
2026-04-06 13:52:11,52,22,0.4230769230769231
2026-04-06 13:53:12,51,22,0.43137254901960786
2026-04-06 13:54:13,50,19,0.38
2026-04-06 13:55:13,50,27,0.54
2026-04-06 13:56:14,50,21,0.42
2026-04-06 13:57:15,48,20,0.4166666666666667
2026-04-06 13:58:16,49,23,0.46938775510204084
2026-04-06 13:59:17,48,25,0.5208333333333334
2026-04-06 14:00:17,49,21,0.42857142857142855
2026-04-06 14:01:18,49,26,0.5306122448979592
2026-04-06 14:02:19,49,22,0.4489795918367347
2026-04-06 14:03:20,48,19,0.3958333333333333
2026-04-06 14:04:21,49,25,0.5102040816326531
2026-04-06 14:05:22,49,27,0.5510204081632653
2026-04-06 14:06:22,50,22,0.44
2026-04-06 14:07:23,49,28,0.5714285714285714
2026-04-06 14:08:24,49,24,0.4897959183673469
2026-04-06 14:09:25,50,21,0.42
2026-04-06 14:10:26,48,27,0.5625
2026-04-06 14:11:27,47,23,0.48936170212765956
2026-04-06 14:12:27,47,24,0.5106382978723404
2026-04-06 14:13:28,48,30,0.625
2026-04-06 14:14:29,49,23,0.46938775510204084
2026-04-06 14:15:30,47,25,0.5319148936170213
2026-04-06 14:16:31,48,25,0.5208333333333334
2026-04-06 14:17:32,49,24,0.4897959183673469
2026-04-06 14:18:32,48,26,0.5416666666666666
2026-04-06 14:19:33,48,25,0.5208333333333334
2026-04-06 14:20:34,48,22,0.4583333333333333
2026-04-06 14:21:35,48,22,0.4583333333333333
2026-04-06 14:22:36,50,31,0.62
2026-04-06 14:23:36,49,23,0.46938775510204084
2026-04-06 14:24:37,53,30,0.5660377358490566
2026-04-06 14:25:38,53,29,0.5471698113207547
2026-04-06 14:26:39,54,24,0.4444444444444444
2026-04-06 14:27:40,54,24,0.4444444444444444
2026-04-06 14:28:41,56,26,0.4642857142857143
2026-04-06 14:29:41,55,23,0.41818181818181815
2026-04-06 14:30:42,54,27,0.5
2026-04-06 14:31:43,55,30,0.5454545454545454
2026-04-06 14:32:44,55,27,0.4909090909090909
2026-04-06 14:33:45,54,28,0.5185185185185185
2026-04-06 14:34:46,54,29,0.5370370370370371
2026-04-06 14:35:46,54,23,0.42592592592592593
2026-04-06 14:36:47,55,30,0.5454545454545454
2026-04-06 14:37:48,56,27,0.48214285714285715
2026-04-06 14:38:49,54,25,0.46296296296296297
2026-04-06 14:39:50,54,30,0.5555555555555556
2026-04-06 14:40:51,54,29,0.5370370370370371
2026-04-06 14:41:51,54,27,0.5
2026-04-06 14:42:52,53,31,0.5849056603773585
2026-04-06 14:43:53,54,33,0.6111111111111112
2026-04-06 14:44:54,58,31,0.5344827586206896
2026-04-06 14:45:55,62,38,0.6129032258064516
2026-04-06 14:46:56,62,36,0.5806451612903226
2026-04-06 14:47:57,62,33,0.532258064516129
2026-04-06 14:48:58,62,39,0.6290322580645161
2026-04-06 14:49:59,63,37,0.5873015873015873
2026-04-06 14:50:59,63,32,0.5079365079365079
2026-04-06 14:52:00,63,37,0.5873015873015873
2026-04-06 14:53:01,63,35,0.5555555555555556
2026-04-06 14:54:02,64,27,0.421875
2026-04-06 14:55:03,64,36,0.5625
2026-04-06 14:56:04,65,42,0.6461538461538462
2026-04-06 14:57:05,64,31,0.484375
2026-04-06 14:58:06,64,42,0.65625
2026-04-06 14:59:07,66,37,0.5606060606060606
2026-04-06 15:00:08,67,33,0.4925373134328358
2026-04-06 15:01:09,67,39,0.582089552238806
2026-04-06 15:02:10,68,39,0.5735294117647058
2026-04-06 15:03:11,69,35,0.5072463768115942
2026-04-06 15:04:12,69,40,0.5797101449275363
2026-04-06 15:05:13,68,33,0.4852941176470588
2026-04-06 15:06:13,68,32,0.47058823529411764
2026-04-06 15:07:14,67,34,0.5074626865671642
2026-04-06 15:08:15,66,36,0.5454545454545454
2026-04-06 15:09:16,65,31,0.47692307692307695
2026-04-06 15:10:17,66,40,0.6060606060606061
2026-04-06 15:11:18,66,34,0.5151515151515151
2026-04-06 15:12:19,66,30,0.45454545454545453
2026-04-06 15:13:20,68,41,0.6029411764705882
2026-04-06 15:14:21,69,38,0.5507246376811594
2026-04-06 15:15:21,68,34,0.5
2026-04-06 15:16:22,68,40,0.5882352941176471
2026-04-06 15:17:23,69,33,0.4782608695652174
2026-04-06 15:18:24,70,39,0.5571428571428572
2026-04-06 15:19:25,70,42,0.6
2026-04-06 15:20:26,71,35,0.49295774647887325
2026-04-06 15:21:27,71,36,0.5070422535211268
2026-04-06 15:22:28,71,39,0.5492957746478874
2026-04-06 15:23:29,70,28,0.4
2026-04-06 15:24:30,69,30,0.43478260869565216
2026-04-06 15:25:31,70,34,0.4857142857142857
2026-04-06 15:26:31,71,31,0.43661971830985913
2026-04-06 15:27:32,71,37,0.5211267605633803
2026-04-06 15:28:33,71,36,0.5070422535211268
2026-04-06 15:29:34,71,29,0.4084507042253521
2026-04-06 15:30:35,72,34,0.4722222222222222
2026-04-06 15:31:36,70,39,0.5571428571428572
2026-04-06 15:32:37,71,35,0.49295774647887325
2026-04-06 15:33:38,70,34,0.4857142857142857
2026-04-06 15:34:39,70,38,0.5428571428571428
2026-04-06 15:35:40,69,30,0.43478260869565216
2026-04-06 15:36:41,68,37,0.5441176470588235
2026-04-06 15:37:42,68,40,0.5882352941176471
2026-04-06 15:38:43,67,35,0.5223880597014925
2026-04-06 15:39:44,69,40,0.5797101449275363
2026-04-06 15:40:44,70,38,0.5428571428571428
2026-04-06 15:41:45,70,32,0.45714285714285713
2026-04-06 15:42:46,69,36,0.5217391304347826
2026-04-06 15:43:47,67,34,0.5074626865671642
2026-04-06 15:44:48,68,31,0.45588235294117646
2026-04-06 15:45:49,67,32,0.47761194029850745
2026-04-06 15:46:50,69,34,0.4927536231884058
2026-04-06 15:47:51,71,29,0.4084507042253521
2026-04-06 15:48:52,71,36,0.5070422535211268
2026-04-06 15:49:53,71,33,0.4647887323943662
2026-04-06 15:50:54,71,29,0.4084507042253521
2026-04-06 15:51:54,71,35,0.49295774647887325
2026-04-06 15:52:55,70,34,0.4857142857142857
2026-04-06 15:53:56,69,26,0.37681159420289856
2026-04-06 15:54:57,66,34,0.5151515151515151
2026-04-06 15:55:58,63,32,0.5079365079365079
2026-04-06 15:56:59,62,27,0.43548387096774194
2026-04-06 15:58:00,59,32,0.5423728813559322
2026-04-06 15:59:01,58,32,0.5517241379310345
2026-04-06 16:00:02,56,24,0.42857142857142855
2026-04-06 16:01:03,56,28,0.5
2026-04-06 16:02:04,56,32,0.5714285714285714
2026-04-06 16:03:05,56,24,0.42857142857142855
2026-04-06 16:04:06,56,27,0.48214285714285715
2026-04-06 16:05:06,56,30,0.5357142857142857
2026-04-06 16:06:07,57,24,0.42105263157894735
2026-04-06 16:07:08,58,37,0.6379310344827587
2026-04-06 16:08:09,58,28,0.4827586206896552
2026-04-06 16:09:10,57,23,0.40350877192982454
2026-04-06 16:10:11,56,30,0.5357142857142857
2026-04-06 16:11:12,56,26,0.4642857142857143
2026-04-06 16:12:13,56,21,0.375
2026-04-06 16:13:13,56,31,0.5535714285714286
2026-04-06 16:14:14,56,25,0.44642857142857145
2026-04-06 16:15:15,57,23,0.40350877192982454
2026-04-06 16:16:16,55,31,0.5636363636363636
2026-04-06 16:17:17,55,24,0.43636363636363634
2026-04-06 16:18:18,52,23,0.4423076923076923
2026-04-06 16:19:19,54,31,0.5740740740740741
2026-04-06 16:20:20,54,22,0.4074074074074074
2026-04-06 16:21:21,53,21,0.39622641509433965
2026-04-06 16:22:21,55,31,0.5636363636363636
2026-04-06 16:23:22,55,24,0.43636363636363634
2026-04-06 16:24:23,52,21,0.40384615384615385
2026-04-06 16:25:24,51,29,0.5686274509803921
2026-04-06 16:26:25,53,23,0.4339622641509434
2026-04-06 16:27:26,52,19,0.36538461538461536
2026-04-06 16:28:26,51,25,0.49019607843137253
2026-04-06 16:29:27,50,18,0.36
2026-04-06 16:30:28,50,22,0.44
2026-04-06 16:31:29,48,26,0.5416666666666666
2026-04-06 16:32:30,48,21,0.4375
2026-04-06 16:33:31,48,24,0.5
2026-04-06 16:34:31,48,27,0.5625
2026-04-06 16:35:32,48,23,0.4791666666666667
2026-04-06 16:36:33,47,25,0.5319148936170213
2026-04-06 16:37:34,47,28,0.5957446808510638
2026-04-06 16:38:35,48,24,0.5
2026-04-06 16:39:36,49,27,0.5510204081632653
2026-04-06 16:40:36,49,27,0.5510204081632653
2026-04-06 16:41:37,50,23,0.46
2026-04-06 16:42:38,50,28,0.56
2026-04-06 16:43:39,51,28,0.5490196078431373
2026-04-06 16:44:40,51,24,0.47058823529411764
2026-04-06 16:45:41,50,23,0.46
2026-04-06 16:46:42,49,25,0.5102040816326531
2026-04-06 16:47:42,49,19,0.3877551020408163
2026-04-06 16:48:43,51,27,0.5294117647058824
2026-04-06 16:49:44,51,24,0.47058823529411764
2026-04-06 16:50:45,52,22,0.4230769230769231
2026-04-06 16:51:46,52,24,0.46153846153846156
2026-04-06 16:52:47,52,27,0.5192307692307693
2026-04-06 16:53:48,53,22,0.41509433962264153
2026-04-06 16:54:48,50,26,0.52
2026-04-06 16:55:49,51,29,0.5686274509803921
2026-04-06 16:56:50,51,23,0.45098039215686275
2026-04-06 16:57:51,51,25,0.49019607843137253
2026-04-06 16:58:52,52,21,0.40384615384615385
2026-04-06 16:59:53,52,19,0.36538461538461536
2026-04-06 17:00:53,52,20,0.38461538461538464
2026-04-06 17:01:54,52,22,0.4230769230769231
2026-04-06 17:02:55,51,19,0.37254901960784315
2026-04-06 17:03:56,51,27,0.5294117647058824
2026-04-06 17:04:57,51,19,0.37254901960784315
2026-04-06 17:05:58,51,16,0.3137254901960784
2026-04-06 17:06:58,51,22,0.43137254901960786
2026-04-06 17:07:59,49,22,0.4489795918367347
2026-04-06 17:09:00,49,22,0.4489795918367347
2026-04-06 17:10:01,47,19,0.40425531914893614
2026-04-06 17:11:02,45,18,0.4
2026-04-06 17:12:03,47,17,0.3617021276595745
2026-04-06 17:13:03,47,21,0.44680851063829785
2026-04-06 17:14:04,46,21,0.45652173913043476
2026-04-06 17:15:05,46,18,0.391304347826087
2026-04-06 17:16:06,49,20,0.40816326530612246
2026-04-06 17:17:07,47,20,0.425531914893617
2026-04-06 17:18:07,47,16,0.3404255319148936
2026-04-06 17:19:08,46,20,0.43478260869565216
2026-04-06 17:20:09,45,20,0.4444444444444444
2026-04-06 17:21:10,44,17,0.38636363636363635
2026-04-06 17:22:11,45,26,0.5777777777777777
2026-04-06 17:23:11,45,20,0.4444444444444444
2026-04-06 17:24:12,44,15,0.3409090909090909
2026-04-06 17:25:13,44,17,0.38636363636363635
2026-04-06 17:26:14,43,20,0.46511627906976744
2026-04-06 17:27:15,44,19,0.4318181818181818
2026-04-06 17:28:15,44,23,0.5227272727272727
2026-04-06 17:29:16,45,16,0.35555555555555557
2026-04-06 17:30:17,45,15,0.3333333333333333
2026-04-06 17:31:18,44,20,0.45454545454545453
2026-04-06 17:32:19,43,17,0.3953488372093023
2026-04-06 17:33:19,44,18,0.4090909090909091
2026-04-06 17:34:20,45,22,0.4888888888888889
2026-04-06 17:35:21,47,20,0.425531914893617
2026-04-06 17:36:22,47,15,0.3191489361702128
2026-04-06 17:37:23,46,24,0.5217391304347826
2026-04-06 17:38:23,44,19,0.4318181818181818
2026-04-06 17:39:24,44,19,0.4318181818181818
2026-04-06 17:40:25,45,20,0.4444444444444444
2026-04-06 17:41:26,46,18,0.391304347826087
2026-04-06 17:42:26,47,19,0.40425531914893614
2026-04-06 17:43:27,47,23,0.48936170212765956
2026-04-06 17:44:28,47,21,0.44680851063829785
2026-04-06 17:45:29,47,16,0.3404255319148936
2026-04-06 17:46:30,47,9,0.19148936170212766
2026-04-06 17:47:30,46,9,0.1956521739130435
2026-04-06 17:48:31,46,11,0.2391304347826087
2026-04-06 17:49:32,44,7,0.1590909090909091
2026-04-06 17:50:33,42,2,0.047619047619047616
2026-04-06 17:51:33,41,3,0.07317073170731707
2026-04-06 17:52:34,40,0,0.0
2026-04-06 17:53:35,36,1,0.027777777777777776
2026-04-06 17:54:36,28,3,0.10714285714285714
2026-04-06 17:55:36,21,0,0.0
2026-04-06 17:56:37,18,2,0.1111111111111111
2026-04-06 17:57:38,18,4,0.2222222222222222
2026-04-06 17:58:38,14,0,0.0
2026-04-06 17:59:39,11,2,0.18181818181818182
2026-04-06 18:00:39,7,3,0.42857142857142855
2026-04-06 18:01:40,7,0,0.0
2026-04-06 18:02:40,7,2,0.2857142857142857
2026-04-06 18:03:41,7,3,0.42857142857142855
2026-04-06 18:04:42,7,0,0.0
2026-04-06 18:05:42,7,2,0.2857142857142857
2026-04-06 18:06:43,7,3,0.42857142857142855
2026-04-06 18:07:43,7,1,0.14285714285714285
2026-04-06 18:08:44,6,1,0.16666666666666666
2026-04-06 18:09:44,6,3,0.5
2026-04-06 18:10:45,6,0,0.0
2026-04-06 18:11:46,7,3,0.42857142857142855
2026-04-06 18:12:46,9,6,0.6666666666666666
2026-04-06 18:13:47,12,5,0.4166666666666667
2026-04-06 18:14:47,18,11,0.6111111111111112
2026-04-06 18:15:48,23,16,0.6956521739130435
2026-04-06 18:16:49,29,20,0.6896551724137931
2026-04-06 18:17:49,30,15,0.5
2026-04-06 18:18:50,34,20,0.5882352941176471
2026-04-06 18:19:51,36,20,0.5555555555555556
2026-04-06 18:20:51,39,22,0.5641025641025641
2026-04-06 18:21:52,39,19,0.48717948717948717
2026-04-06 18:22:53,41,20,0.4878048780487805
2026-04-06 18:23:54,41,17,0.4146341463414634
2026-04-06 18:24:54,42,20,0.47619047619047616
2026-04-06 18:25:55,41,18,0.43902439024390244
2026-04-06 18:26:56,41,20,0.4878048780487805
2026-04-06 18:27:56,41,21,0.5121951219512195
2026-04-06 18:28:57,42,22,0.5238095238095238
2026-04-06 18:29:58,43,20,0.46511627906976744
2026-04-06 18:30:59,43,24,0.5581395348837209
2026-04-06 18:31:59,44,24,0.5454545454545454
2026-04-06 18:33:00,43,21,0.4883720930232558
2026-04-06 18:34:01,44,24,0.5454545454545454
2026-04-06 18:35:02,45,25,0.5555555555555556
2026-04-06 18:36:03,47,23,0.48936170212765956
2026-04-06 18:37:03,47,25,0.5319148936170213
2026-04-06 18:38:04,47,27,0.574468085106383
2026-04-06 18:39:05,48,20,0.4166666666666667
2026-04-06 18:40:06,48,25,0.5208333333333334
2026-04-06 18:41:07,47,26,0.5531914893617021
2026-04-06 18:42:07,46,17,0.3695652173913043
2026-04-06 18:43:08,47,19,0.40425531914893614
2026-04-06 18:44:09,47,22,0.46808510638297873
2026-04-06 18:45:10,47,17,0.3617021276595745
2026-04-06 18:46:10,48,26,0.5416666666666666
2026-04-06 18:47:11,47,22,0.46808510638297873
2026-04-06 18:48:12,47,21,0.44680851063829785
2026-04-06 18:49:13,48,24,0.5
2026-04-06 18:50:14,48,22,0.4583333333333333
2026-04-06 18:51:14,47,19,0.40425531914893614
2026-04-06 18:52:15,47,22,0.46808510638297873
2026-04-06 18:53:16,46,24,0.5217391304347826
2026-04-06 18:54:17,46,17,0.3695652173913043
2026-04-06 18:55:17,46,21,0.45652173913043476
2026-04-06 18:56:18,46,23,0.5
2026-04-06 18:57:19,45,21,0.4666666666666667
2026-04-06 18:58:20,45,22,0.4888888888888889
2026-04-06 18:59:20,45,23,0.5111111111111111
2026-04-06 19:00:21,45,19,0.4222222222222222
2026-04-06 19:01:22,45,22,0.4888888888888889
2026-04-06 19:02:23,43,20,0.46511627906976744
2026-04-06 19:03:24,43,21,0.4883720930232558
2026-04-06 19:04:24,44,20,0.45454545454545453
2026-04-06 19:05:25,44,21,0.4772727272727273
2026-04-06 19:06:26,44,17,0.38636363636363635
2026-04-06 19:07:27,45,18,0.4
2026-04-06 19:08:27,44,19,0.4318181818181818
2026-04-06 19:09:28,43,21,0.4883720930232558
2026-04-06 19:10:29,44,21,0.4772727272727273
2026-04-06 19:11:30,45,21,0.4666666666666667
2026-04-06 19:12:30,45,20,0.4444444444444444
2026-04-06 19:13:31,45,20,0.4444444444444444
2026-04-06 19:14:32,44,20,0.45454545454545453
2026-04-06 19:15:33,42,19,0.4523809523809524
2026-04-06 19:16:34,41,20,0.4878048780487805
2026-04-06 19:17:34,42,14,0.3333333333333333
2026-04-06 19:18:35,42,21,0.5
2026-04-06 19:19:36,43,20,0.46511627906976744
2026-04-06 19:20:37,44,23,0.5227272727272727
2026-04-06 19:21:37,44,20,0.45454545454545453
2026-04-06 19:22:38,43,23,0.5348837209302325
2026-04-06 19:23:39,42,21,0.5
2026-04-06 19:24:40,43,19,0.4418604651162791
2026-04-06 19:25:40,43,23,0.5348837209302325
2026-04-06 19:26:41,44,19,0.4318181818181818
2026-04-06 19:27:42,45,22,0.4888888888888889
2026-04-06 19:28:43,45,24,0.5333333333333333
2026-04-06 19:29:43,43,17,0.3953488372093023
2026-04-06 19:30:44,44,19,0.4318181818181818
2026-04-06 19:31:45,44,22,0.5
2026-04-06 19:32:46,44,17,0.38636363636363635
2026-04-06 19:33:46,43,16,0.37209302325581395
2026-04-06 19:34:47,43,19,0.4418604651162791
2026-04-06 19:35:48,43,19,0.4418604651162791
2026-04-06 19:36:49,43,19,0.4418604651162791
2026-04-06 19:37:50,44,25,0.5681818181818182
2026-04-06 19:38:50,44,21,0.4772727272727273
2026-04-06 19:39:51,45,20,0.4444444444444444
2026-04-06 19:40:52,46,23,0.5
2026-04-06 19:41:53,45,18,0.4
2026-04-06 19:42:53,44,19,0.4318181818181818
2026-04-06 19:43:54,45,23,0.5111111111111111
2026-04-06 19:44:55,44,20,0.45454545454545453
2026-04-06 19:45:56,45,18,0.4
2026-04-06 19:46:57,44,22,0.5
2026-04-06 19:47:57,43,18,0.4186046511627907
2026-04-06 19:48:58,44,21,0.4772727272727273
2026-04-06 19:49:59,44,23,0.5227272727272727
2026-04-06 19:51:00,42,20,0.47619047619047616
2026-04-06 19:52:00,42,17,0.40476190476190477
2026-04-06 19:53:01,42,19,0.4523809523809524
2026-04-06 19:54:02,44,18,0.4090909090909091
2026-04-06 19:55:03,44,20,0.45454545454545453
2026-04-06 19:56:04,43,25,0.5813953488372093
2026-04-06 19:57:04,43,18,0.4186046511627907
2026-04-06 19:58:05,43,20,0.46511627906976744
2026-04-06 19:59:06,43,18,0.4186046511627907
2026-04-06 20:00:07,45,17,0.37777777777777777
2026-04-06 20:01:07,44,22,0.5
2026-04-06 20:02:08,44,22,0.5
2026-04-06 20:03:09,46,23,0.5
2026-04-06 20:04:10,45,22,0.4888888888888889
2026-04-06 20:05:11,46,22,0.4782608695652174
2026-04-06 20:06:12,45,17,0.37777777777777777
2026-04-06 20:07:12,45,20,0.4444444444444444
2026-04-06 20:08:13,45,20,0.4444444444444444
2026-04-06 20:09:14,45,19,0.4222222222222222
2026-04-06 20:10:15,45,20,0.4444444444444444
2026-04-06 20:11:15,43,21,0.4883720930232558
2026-04-06 20:12:16,43,16,0.37209302325581395
2026-04-06 20:13:17,42,23,0.5476190476190477
2026-04-06 20:14:18,42,25,0.5952380952380952
2026-04-06 20:15:19,42,19,0.4523809523809524
2026-04-06 20:16:20,42,22,0.5238095238095238
2026-04-06 20:17:21,43,20,0.46511627906976744
2026-04-06 20:18:21,44,14,0.3181818181818182
2026-04-06 20:19:22,43,22,0.5116279069767442
2026-04-06 20:20:23,44,22,0.5
2026-04-06 20:21:24,47,21,0.44680851063829785
2026-04-06 20:22:25,47,20,0.425531914893617
2026-04-06 20:23:26,47,21,0.44680851063829785
2026-04-06 20:24:26,45,20,0.4444444444444444
2026-04-06 20:25:27,45,22,0.4888888888888889
2026-04-06 20:26:28,44,21,0.4772727272727273
2026-04-06 20:27:29,44,19,0.4318181818181818
2026-04-06 20:28:30,44,21,0.4772727272727273
2026-04-06 20:29:30,43,19,0.4418604651162791
2026-04-06 20:30:31,43,18,0.4186046511627907
2026-04-06 20:31:32,41,22,0.5365853658536586
2026-04-06 20:32:33,41,18,0.43902439024390244
2026-04-06 20:33:34,42,21,0.5
2026-04-06 20:34:34,42,22,0.5238095238095238
2026-04-06 20:35:35,42,21,0.5
2026-04-06 20:36:36,41,20,0.4878048780487805
2026-04-06 20:37:37,41,20,0.4878048780487805
2026-04-06 20:38:38,42,21,0.5
2026-04-06 20:39:38,42,20,0.47619047619047616
2026-04-06 20:40:39,42,20,0.47619047619047616
2026-04-06 20:41:40,41,19,0.4634146341463415
2026-04-06 20:42:41,42,18,0.42857142857142855
2026-04-06 20:43:41,43,23,0.5348837209302325
2026-04-06 20:44:42,42,19,0.4523809523809524
2026-04-06 20:45:43,42,22,0.5238095238095238
2026-04-06 20:46:44,42,18,0.42857142857142855
2026-04-06 20:47:45,41,20,0.4878048780487805
2026-04-06 20:48:45,41,18,0.43902439024390244
2026-04-06 20:49:46,41,19,0.4634146341463415
2026-04-06 20:50:47,41,20,0.4878048780487805
2026-04-06 20:51:48,42,21,0.5
2026-04-06 20:52:49,42,18,0.42857142857142855
2026-04-06 20:53:49,42,19,0.4523809523809524
2026-04-06 20:54:50,43,22,0.5116279069767442
2026-04-06 20:55:51,42,22,0.5238095238095238
2026-04-06 20:56:52,42,21,0.5
2026-04-06 20:57:53,42,20,0.47619047619047616
2026-04-06 20:58:53,42,22,0.5238095238095238
2026-04-06 20:59:54,42,18,0.42857142857142855
2026-04-06 21:00:55,42,20,0.47619047619047616
2026-04-06 21:01:56,42,20,0.47619047619047616
2026-04-06 21:02:56,41,18,0.43902439024390244
2026-04-06 21:03:57,42,18,0.42857142857142855
2026-04-06 21:04:58,42,22,0.5238095238095238
2026-04-06 21:05:59,42,17,0.40476190476190477
2026-04-06 21:07:00,42,20,0.47619047619047616
2026-04-06 21:08:00,39,23,0.5897435897435898
2026-04-06 21:09:01,40,16,0.4
2026-04-06 21:10:02,41,17,0.4146341463414634
2026-04-06 21:11:03,40,22,0.55
2026-04-06 21:12:04,40,16,0.4
2026-04-06 21:13:04,41,19,0.4634146341463415
2026-04-06 21:14:05,41,23,0.5609756097560976
2026-04-06 21:15:06,40,17,0.425
2026-04-06 21:16:07,40,20,0.5
2026-04-06 21:17:08,40,22,0.55
2026-04-06 21:18:09,41,19,0.4634146341463415
2026-04-06 21:19:09,42,19,0.4523809523809524
2026-04-06 21:20:10,42,24,0.5714285714285714
2026-04-06 21:21:11,44,20,0.45454545454545453
2026-04-06 21:22:12,44,19,0.4318181818181818
2026-04-06 21:23:12,43,20,0.46511627906976744
2026-04-06 21:24:13,43,17,0.3953488372093023
2026-04-06 21:25:14,44,25,0.5681818181818182
2026-04-06 21:26:15,44,22,0.5
2026-04-06 21:27:15,44,21,0.4772727272727273
2026-04-06 21:28:16,44,22,0.5
2026-04-06 21:29:17,45,22,0.4888888888888889
2026-04-06 21:30:18,46,20,0.43478260869565216
2026-04-06 21:31:19,46,22,0.4782608695652174
2026-04-06 21:32:19,47,24,0.5106382978723404
2026-04-06 21:33:20,47,18,0.3829787234042553
2026-04-06 21:34:21,47,23,0.48936170212765956
2026-04-06 21:35:22,47,23,0.48936170212765956
2026-04-06 21:36:23,46,22,0.4782608695652174
2026-04-06 21:37:23,47,22,0.46808510638297873
2026-04-06 21:38:24,47,27,0.574468085106383
2026-04-06 21:39:25,46,22,0.4782608695652174
2026-04-06 21:40:26,46,27,0.5869565217391305
2026-04-06 21:41:27,47,24,0.5106382978723404
2026-04-06 21:42:27,46,25,0.5434782608695652
2026-04-06 21:43:28,47,24,0.5106382978723404
2026-04-06 21:44:29,46,25,0.5434782608695652
2026-04-06 21:45:30,46,22,0.4782608695652174
2026-04-06 21:46:31,46,21,0.45652173913043476
2026-04-06 21:47:32,47,22,0.46808510638297873
2026-04-06 21:48:32,47,22,0.46808510638297873
2026-04-06 21:49:33,47,21,0.44680851063829785
2026-04-06 21:50:34,47,22,0.46808510638297873
2026-04-06 21:51:35,46,28,0.6086956521739131
2026-04-06 21:52:36,47,26,0.5531914893617021
2026-04-06 21:53:36,47,23,0.48936170212765956
2026-04-06 21:54:37,47,26,0.5531914893617021
2026-04-06 21:55:38,47,26,0.5531914893617021
2026-04-06 21:56:39,47,25,0.5319148936170213
2026-04-06 21:57:40,48,24,0.5
2026-04-06 21:58:40,50,26,0.52
2026-04-06 21:59:41,52,28,0.5384615384615384
2026-04-06 22:00:42,52,24,0.46153846153846156
2026-04-06 22:01:43,53,30,0.5660377358490566
2026-04-06 22:02:44,53,24,0.4528301886792453
2026-04-06 22:03:45,52,24,0.46153846153846156
2026-04-06 22:04:46,52,28,0.5384615384615384
2026-04-06 22:05:46,51,25,0.49019607843137253
2026-04-06 22:06:47,52,26,0.5
2026-04-06 22:07:48,52,29,0.5576923076923077
2026-04-06 22:08:49,51,27,0.5294117647058824
2026-04-06 22:09:50,52,26,0.5
2026-04-06 22:10:51,51,28,0.5490196078431373
2026-04-06 22:11:51,49,23,0.46938775510204084
2026-04-06 22:12:52,49,26,0.5306122448979592
2026-04-06 22:13:53,49,29,0.5918367346938775
2026-04-06 22:14:54,50,24,0.48
2026-04-06 22:15:54,49,24,0.4897959183673469
2026-04-06 22:16:55,49,29,0.5918367346938775
2026-04-06 22:17:56,49,26,0.5306122448979592
2026-04-06 22:18:57,50,26,0.52
2026-04-06 22:19:58,49,27,0.5510204081632653
2026-04-06 22:20:59,49,25,0.5102040816326531
2026-04-06 22:21:59,49,23,0.46938775510204084
2026-04-06 22:23:00,49,27,0.5510204081632653
2026-04-06 22:24:01,50,20,0.4
2026-04-06 22:25:02,49,27,0.5510204081632653
2026-04-06 22:26:03,49,26,0.5306122448979592
2026-04-06 22:27:04,50,25,0.5
2026-04-06 22:28:05,47,25,0.5319148936170213
2026-04-06 22:29:05,47,24,0.5106382978723404
2026-04-06 22:30:06,48,24,0.5
2026-04-06 22:31:07,48,30,0.625
2026-04-06 22:32:08,49,27,0.5510204081632653
2026-04-06 22:33:09,50,26,0.52
2026-04-06 22:34:10,51,25,0.49019607843137253
2026-04-06 22:35:10,51,25,0.49019607843137253
2026-04-06 22:36:11,52,25,0.4807692307692308
2026-04-06 22:37:12,52,32,0.6153846153846154
2026-04-06 22:38:13,53,30,0.5660377358490566
2026-04-06 22:39:14,53,26,0.49056603773584906
2026-04-06 22:40:14,52,32,0.6153846153846154
2026-04-06 22:41:15,52,27,0.5192307692307693
2026-04-06 22:42:16,52,23,0.4423076923076923
2026-04-06 22:43:17,51,29,0.5686274509803921
2026-04-06 22:44:18,51,30,0.5882352941176471
2026-04-06 22:45:19,52,28,0.5384615384615384
2026-04-06 22:46:19,52,29,0.5576923076923077
2026-04-06 22:47:20,52,31,0.5961538461538461
2026-04-06 22:48:21,52,26,0.5
2026-04-06 22:49:22,52,26,0.5
2026-04-06 22:50:23,51,33,0.6470588235294118
2026-04-06 22:51:24,53,29,0.5471698113207547
2026-04-06 22:52:24,53,25,0.4716981132075472
2026-04-06 22:53:25,53,29,0.5471698113207547
2026-04-06 22:54:26,54,30,0.5555555555555556
2026-04-06 22:55:27,54,28,0.5185185185185185
2026-04-06 22:56:28,54,31,0.5740740740740741
2026-04-06 22:57:29,55,29,0.5272727272727272
2026-04-06 22:58:29,55,29,0.5272727272727272
2026-04-06 22:59:30,55,29,0.5272727272727272
2026-04-06 23:00:31,54,28,0.5185185185185185
2026-04-06 23:01:32,54,29,0.5370370370370371
2026-04-06 23:02:33,55,30,0.5454545454545454
2026-04-06 23:03:34,55,29,0.5272727272727272
2026-04-06 23:04:35,55,27,0.4909090909090909
2026-04-06 23:05:36,53,31,0.5849056603773585
2026-04-06 23:06:36,53,32,0.6037735849056604
2026-04-06 23:07:37,53,29,0.5471698113207547
2026-04-06 23:08:38,53,28,0.5283018867924528
2026-04-06 23:09:39,53,28,0.5283018867924528
2026-04-06 23:10:40,53,26,0.49056603773584906
2026-04-06 23:11:41,53,28,0.5283018867924528
2026-04-06 23:12:41,52,28,0.5384615384615384
2026-04-06 23:13:42,54,30,0.5555555555555556
2026-04-06 23:14:43,55,34,0.6181818181818182
2026-04-06 23:15:44,54,29,0.5370370370370371
2026-04-06 23:16:45,55,29,0.5272727272727272
2026-04-06 23:17:46,54,29,0.5370370370370371
2026-04-06 23:18:47,54,30,0.5555555555555556
2026-04-06 23:19:47,54,34,0.6296296296296297
2026-04-06 23:20:48,55,31,0.5636363636363636
2026-04-06 23:21:49,56,27,0.48214285714285715
2026-04-06 23:22:50,55,27,0.4909090909090909
2026-04-06 23:23:51,55,27,0.4909090909090909
2026-04-06 23:24:52,56,30,0.5357142857142857
2026-04-06 23:25:53,56,30,0.5357142857142857
2026-04-06 23:26:53,56,30,0.5357142857142857
2026-04-06 23:27:54,56,29,0.5178571428571429
2026-04-06 23:28:55,56,29,0.5178571428571429
2026-04-06 23:29:56,56,25,0.44642857142857145
2026-04-06 23:30:57,55,28,0.509090909090909
2026-04-06 23:31:58,55,29,0.5272727272727272
2026-04-06 23:32:59,54,25,0.46296296296296297
2026-04-06 23:33:59,53,25,0.4716981132075472
2026-04-06 23:35:00,52,25,0.4807692307692308
2026-04-06 23:36:01,52,24,0.46153846153846156
2026-04-06 23:37:02,50,23,0.46
2026-04-06 23:38:03,50,27,0.54
2026-04-06 23:39:04,50,22,0.44
2026-04-06 23:40:05,49,23,0.46938775510204084
2026-04-06 23:41:06,50,23,0.46
2026-04-06 23:42:06,49,25,0.5102040816326531
2026-04-06 23:43:07,48,27,0.5625
2026-04-06 23:44:08,46,27,0.5869565217391305
2026-04-06 23:45:09,48,25,0.5208333333333334
2026-04-06 23:46:10,48,27,0.5625
2026-04-06 23:47:11,48,26,0.5416666666666666
2026-04-06 23:48:11,48,22,0.4583333333333333
2026-04-06 23:49:12,48,28,0.5833333333333334
2026-04-06 23:50:13,48,25,0.5208333333333334
2026-04-06 23:51:14,48,25,0.5208333333333334
2026-04-06 23:52:15,48,27,0.5625
2026-04-06 23:53:15,48,25,0.5208333333333334
2026-04-06 23:54:16,48,22,0.4583333333333333
2026-04-06 23:55:17,48,29,0.6041666666666666
2026-04-06 23:56:18,47,21,0.44680851063829785
2026-04-06 23:57:19,47,22,0.46808510638297873
2026-04-06 23:58:20,47,25,0.5319148936170213
2026-04-06 23:59:20,46,21,0.45652173913043476
2026-04-07 00:00:21,47,22,0.46808510638297873
2026-04-07 00:01:22,47,25,0.5319148936170213
2026-04-07 00:02:23,46,23,0.5
2026-04-07 00:03:24,47,22,0.46808510638297873
2026-04-07 00:04:25,47,23,0.48936170212765956
2026-04-07 00:05:25,47,19,0.40425531914893614
2026-04-07 00:06:26,47,20,0.425531914893617
2026-04-07 00:07:27,47,25,0.5319148936170213
2026-04-07 00:08:28,47,25,0.5319148936170213
2026-04-07 00:09:29,47,20,0.425531914893617
2026-04-07 00:10:29,47,20,0.425531914893617
2026-04-07 00:11:30,44,20,0.45454545454545453
2026-04-07 00:12:31,46,22,0.4782608695652174
2026-04-07 00:13:32,45,20,0.4444444444444444
2026-04-07 00:14:33,45,23,0.5111111111111111
2026-04-07 00:15:33,47,22,0.46808510638297873
2026-04-07 00:16:34,47,21,0.44680851063829785
2026-04-07 00:17:35,47,19,0.40425531914893614
2026-04-07 00:18:36,45,22,0.4888888888888889
2026-04-07 00:19:37,44,19,0.4318181818181818
2026-04-07 00:20:38,44,22,0.5
2026-04-07 00:21:38,44,22,0.5
2026-04-07 00:22:39,43,19,0.4418604651162791
2026-04-07 00:23:40,43,18,0.4186046511627907
2026-04-07 00:24:41,43,23,0.5348837209302325
2026-04-07 00:25:41,44,21,0.4772727272727273
2026-04-07 00:26:42,45,20,0.4444444444444444
2026-04-07 00:27:43,46,18,0.391304347826087
2026-04-07 00:28:44,46,18,0.391304347826087
2026-04-07 00:29:45,46,18,0.391304347826087
2026-04-07 00:30:45,44,22,0.5
2026-04-07 00:31:46,46,21,0.45652173913043476
2026-04-07 00:32:47,45,23,0.5111111111111111
2026-04-07 00:33:48,45,17,0.37777777777777777
2026-04-07 00:34:49,44,22,0.5
2026-04-07 00:35:49,44,19,0.4318181818181818
2026-04-07 00:36:50,41,20,0.4878048780487805
2026-04-07 00:37:51,41,23,0.5609756097560976
2026-04-07 00:38:52,41,21,0.5121951219512195
2026-04-07 00:39:53,41,20,0.4878048780487805
2026-04-07 00:40:53,41,23,0.5609756097560976
2026-04-07 00:41:54,42,17,0.40476190476190477
2026-04-07 00:42:55,42,22,0.5238095238095238
2026-04-07 00:43:56,43,23,0.5348837209302325
2026-04-07 00:44:56,44,23,0.5227272727272727
2026-04-07 00:45:57,44,20,0.45454545454545453
2026-04-07 00:46:58,44,21,0.4772727272727273
2026-04-07 00:47:59,44,18,0.4090909090909091
2026-04-07 00:49:00,44,23,0.5227272727272727
2026-04-07 00:50:01,44,25,0.5681818181818182
2026-04-07 00:51:01,45,20,0.4444444444444444
2026-04-07 00:52:02,45,19,0.4222222222222222
2026-04-07 00:53:03,46,23,0.5
2026-04-07 00:54:04,45,21,0.4666666666666667
2026-04-07 00:55:05,46,21,0.45652173913043476
2026-04-07 00:56:05,46,26,0.5652173913043478
2026-04-07 00:57:06,47,25,0.5319148936170213
2026-04-07 00:58:07,47,21,0.44680851063829785
2026-04-07 00:59:08,48,21,0.4375
2026-04-07 01:00:09,49,25,0.5102040816326531
2026-04-07 01:01:09,50,27,0.54
2026-04-07 01:02:10,50,26,0.52
2026-04-07 01:03:11,49,25,0.5102040816326531
2026-04-07 01:04:12,50,23,0.46
2026-04-07 01:05:13,51,25,0.49019607843137253
2026-04-07 01:06:14,51,24,0.47058823529411764
2026-04-07 01:07:14,50,23,0.46
2026-04-07 01:08:15,51,24,0.47058823529411764
2026-04-07 01:09:16,52,23,0.4423076923076923
2026-04-07 01:10:17,51,26,0.5098039215686274
2026-04-07 01:11:18,51,28,0.5490196078431373
2026-04-07 01:12:18,51,29,0.5686274509803921
2026-04-07 01:13:19,54,31,0.5740740740740741
2026-04-07 01:14:20,54,32,0.5925925925925926
2026-04-07 01:15:21,54,26,0.48148148148148145
2026-04-07 01:16:22,54,24,0.4444444444444444
2026-04-07 01:17:23,53,30,0.5660377358490566
2026-04-07 01:18:24,53,28,0.5283018867924528
2026-04-07 01:19:24,51,26,0.5098039215686274
2026-04-07 01:20:25,51,29,0.5686274509803921
2026-04-07 01:21:26,52,26,0.5
2026-04-07 01:22:27,52,24,0.46153846153846156
2026-04-07 01:23:28,52,26,0.5
2026-04-07 01:24:28,52,22,0.4230769230769231
2026-04-07 01:25:29,52,26,0.5
2026-04-07 01:26:30,52,29,0.5576923076923077
2026-04-07 01:27:31,53,25,0.4716981132075472
2026-04-07 01:28:32,52,22,0.4230769230769231
2026-04-07 01:29:32,52,21,0.40384615384615385
2026-04-07 01:30:33,53,26,0.49056603773584906
2026-04-07 01:31:34,54,24,0.4444444444444444
2026-04-07 01:32:35,55,23,0.41818181818181815
2026-04-07 01:33:36,54,24,0.4444444444444444
2026-04-07 01:34:37,53,23,0.4339622641509434
2026-04-07 01:35:37,53,26,0.49056603773584906
2026-04-07 01:36:38,54,29,0.5370370370370371
2026-04-07 01:37:39,54,23,0.42592592592592593
2026-04-07 01:38:40,53,23,0.4339622641509434
2026-04-07 01:39:41,51,22,0.43137254901960786
2026-04-07 01:40:41,51,23,0.45098039215686275
2026-04-07 01:41:42,51,25,0.49019607843137253
2026-04-07 01:42:43,51,26,0.5098039215686274
2026-04-07 01:43:44,51,22,0.43137254901960786
2026-04-07 01:44:45,51,26,0.5098039215686274
2026-04-07 01:45:46,51,27,0.5294117647058824
2026-04-07 01:46:46,51,24,0.47058823529411764
2026-04-07 01:47:47,50,24,0.48
2026-04-07 01:48:48,50,23,0.46
2026-04-07 01:49:49,51,23,0.45098039215686275
2026-04-07 01:50:50,51,24,0.47058823529411764
2026-04-07 01:51:51,49,23,0.46938775510204084
2026-04-07 01:52:51,50,24,0.48
2026-04-07 01:53:52,51,24,0.47058823529411764
2026-04-07 01:54:53,51,24,0.47058823529411764
2026-04-07 01:55:54,50,25,0.5
2026-04-07 01:56:55,50,21,0.42
2026-04-07 01:57:56,50,22,0.44
2026-04-07 01:58:56,51,21,0.4117647058823529
2026-04-07 01:59:57,52,25,0.4807692307692308
2026-04-07 02:00:58,54,23,0.42592592592592593
2026-04-07 02:01:59,54,24,0.4444444444444444
2026-04-07 02:03:00,54,24,0.4444444444444444
2026-04-07 02:04:01,54,23,0.42592592592592593
2026-04-07 02:05:02,53,20,0.37735849056603776
2026-04-07 02:06:03,54,25,0.46296296296296297
2026-04-07 02:07:03,54,27,0.5
2026-04-07 02:08:04,53,27,0.5094339622641509
2026-04-07 02:09:05,54,28,0.5185185185185185
2026-04-07 02:10:06,54,23,0.42592592592592593
2026-04-07 02:11:07,55,26,0.4727272727272727
2026-04-07 02:12:07,55,22,0.4
2026-04-07 02:13:08,55,25,0.45454545454545453
2026-04-07 02:14:09,54,26,0.48148148148148145
2026-04-07 02:15:10,54,22,0.4074074074074074
2026-04-07 02:16:11,54,24,0.4444444444444444
2026-04-07 02:17:12,52,25,0.4807692307692308
2026-04-07 02:18:12,54,24,0.4444444444444444
2026-04-07 02:19:13,53,28,0.5283018867924528
2026-04-07 02:20:14,53,21,0.39622641509433965
2026-04-07 02:21:15,52,25,0.4807692307692308
2026-04-07 02:22:16,50,27,0.54
2026-04-07 02:23:17,51,26,0.5098039215686274
2026-04-07 02:24:17,50,24,0.48
2026-04-07 02:25:18,50,26,0.52
2026-04-07 02:26:19,50,23,0.46
2026-04-07 02:27:20,49,22,0.4489795918367347
2026-04-07 02:28:21,49,26,0.5306122448979592
2026-04-07 02:29:22,49,24,0.4897959183673469
2026-04-07 02:30:23,48,23,0.4791666666666667
2026-04-07 02:31:23,48,25,0.5208333333333334
2026-04-07 02:32:24,48,24,0.5
2026-04-07 02:33:25,48,22,0.4583333333333333
2026-04-07 02:34:26,49,26,0.5306122448979592
2026-04-07 02:35:27,48,23,0.4791666666666667
2026-04-07 02:36:28,47,23,0.48936170212765956
2026-04-07 02:37:29,49,27,0.5510204081632653
2026-04-07 02:38:29,50,25,0.5
2026-04-07 02:39:30,50,26,0.52
2026-04-07 02:40:31,51,27,0.5294117647058824
2026-04-07 02:41:32,52,24,0.46153846153846156
2026-04-07 02:42:33,52,22,0.4230769230769231
2026-04-07 02:43:34,52,26,0.5
2026-04-07 02:44:34,52,23,0.4423076923076923
2026-04-07 02:45:35,52,24,0.46153846153846156
2026-04-07 02:46:36,52,23,0.4423076923076923
2026-04-07 02:47:37,52,22,0.4230769230769231
2026-04-07 02:48:38,49,25,0.5102040816326531
2026-04-07 02:49:39,49,25,0.5102040816326531
2026-04-07 02:50:39,49,25,0.5102040816326531
2026-04-07 02:51:40,46,25,0.5434782608695652
2026-04-07 02:52:41,46,23,0.5
2026-04-07 02:53:42,45,26,0.5777777777777777
2026-04-07 02:54:43,46,28,0.6086956521739131
2026-04-07 02:55:43,46,26,0.5652173913043478
2026-04-07 02:56:44,46,28,0.6086956521739131
2026-04-07 02:57:45,46,23,0.5
2026-04-07 02:58:46,47,21,0.44680851063829785
2026-04-07 02:59:47,46,25,0.5434782608695652
2026-04-07 03:00:47,46,26,0.5652173913043478
2026-04-07 03:01:48,46,21,0.45652173913043476
2026-04-07 03:02:49,46,24,0.5217391304347826
2026-04-07 03:03:50,45,23,0.5111111111111111
2026-04-07 03:04:51,45,25,0.5555555555555556
2026-04-07 03:05:52,45,21,0.4666666666666667
2026-04-07 03:06:52,46,24,0.5217391304347826
2026-04-07 03:07:53,45,20,0.4444444444444444
2026-04-07 03:08:54,47,23,0.48936170212765956
2026-04-07 03:09:55,48,27,0.5625
2026-04-07 03:10:56,49,25,0.5102040816326531
2026-04-07 03:11:57,50,28,0.56
2026-04-07 03:12:57,50,24,0.48
2026-04-07 03:13:58,50,22,0.44
2026-04-07 03:14:59,49,24,0.4897959183673469
2026-04-07 03:16:00,49,23,0.46938775510204084
2026-04-07 03:17:01,49,22,0.4489795918367347
2026-04-07 03:18:02,51,24,0.47058823529411764
2026-04-07 03:19:03,52,25,0.4807692307692308
2026-04-07 03:20:03,51,24,0.47058823529411764
2026-04-07 03:21:04,51,24,0.47058823529411764
2026-04-07 03:22:05,52,24,0.46153846153846156
2026-04-07 03:23:06,52,23,0.4423076923076923
2026-04-07 03:24:07,51,26,0.5098039215686274
2026-04-07 03:25:08,51,26,0.5098039215686274
2026-04-07 03:26:08,51,23,0.45098039215686275
2026-04-07 03:27:09,51,27,0.5294117647058824
2026-04-07 03:28:10,51,23,0.45098039215686275
2026-04-07 03:29:11,50,25,0.5
2026-04-07 03:30:12,51,27,0.5294117647058824
2026-04-07 03:31:13,51,27,0.5294117647058824
2026-04-07 03:32:13,50,25,0.5
2026-04-07 03:33:14,50,24,0.48
2026-04-07 03:34:15,50,25,0.5
2026-04-07 03:35:16,50,24,0.48
2026-04-07 03:36:17,50,22,0.44
2026-04-07 03:37:17,51,27,0.5294117647058824
2026-04-07 03:38:18,50,25,0.5
2026-04-07 03:39:19,52,26,0.5
2026-04-07 03:40:20,51,25,0.49019607843137253
2026-04-07 03:41:21,52,27,0.5192307692307693
2026-04-07 03:42:22,52,21,0.40384615384615385
2026-04-07 03:43:22,52,28,0.5384615384615384
2026-04-07 03:44:23,51,25,0.49019607843137253
2026-04-07 03:45:24,51,23,0.45098039215686275
2026-04-07 03:46:25,51,21,0.4117647058823529
2026-04-07 03:47:26,50,25,0.5
2026-04-07 03:48:27,49,23,0.46938775510204084
2026-04-07 03:49:27,48,25,0.5208333333333334
2026-04-07 03:50:28,48,26,0.5416666666666666
2026-04-07 03:51:29,46,24,0.5217391304347826
2026-04-07 03:52:30,46,22,0.4782608695652174
2026-04-07 03:53:31,48,26,0.5416666666666666
2026-04-07 03:54:31,49,26,0.5306122448979592
2026-04-07 03:55:32,48,23,0.4791666666666667
2026-04-07 03:56:33,50,29,0.58
2026-04-07 03:57:34,50,24,0.48
2026-04-07 03:58:35,50,25,0.5
2026-04-07 03:59:36,48,25,0.5208333333333334
2026-04-07 04:00:36,48,24,0.5
2026-04-07 04:01:37,48,24,0.5
2026-04-07 04:02:38,48,27,0.5625
2026-04-07 04:03:39,48,27,0.5625
2026-04-07 04:04:40,50,24,0.48
2026-04-07 04:05:41,50,25,0.5
2026-04-07 04:06:41,50,24,0.48
2026-04-07 04:07:42,50,24,0.48
2026-04-07 04:08:43,50,26,0.52
2026-04-07 04:09:44,50,26,0.52
2026-04-07 04:10:45,49,24,0.4897959183673469
2026-04-07 04:11:46,49,25,0.5102040816326531
2026-04-07 04:12:46,49,27,0.5510204081632653
2026-04-07 04:13:47,49,24,0.4897959183673469
2026-04-07 04:14:48,51,26,0.5098039215686274
2026-04-07 04:15:49,51,25,0.49019607843137253
2026-04-07 04:16:50,52,27,0.5192307692307693
2026-04-07 04:17:51,52,28,0.5384615384615384
2026-04-07 04:18:52,52,26,0.5
2026-04-07 04:19:53,52,24,0.46153846153846156
2026-04-07 04:20:53,51,24,0.47058823529411764
2026-04-07 04:21:54,50,24,0.48
2026-04-07 04:22:55,49,23,0.46938775510204084
2026-04-07 04:23:56,52,30,0.5769230769230769
2026-04-07 04:24:57,52,26,0.5
2026-04-07 04:25:58,52,26,0.5
2026-04-07 04:26:59,51,25,0.49019607843137253
2026-04-07 04:28:00,49,25,0.5102040816326531
2026-04-07 04:29:01,47,29,0.6170212765957447
2026-04-07 04:30:01,46,24,0.5217391304347826
2026-04-07 04:31:02,48,28,0.5833333333333334
2026-04-07 04:32:03,49,29,0.5918367346938775
2026-04-07 04:33:04,49,25,0.5102040816326531
2026-04-07 04:34:05,51,30,0.5882352941176471
2026-04-07 04:35:06,51,28,0.5490196078431373
2026-04-07 04:36:07,52,30,0.5769230769230769
2026-04-07 04:37:08,54,29,0.5370370370370371
2026-04-07 04:38:08,54,30,0.5555555555555556
2026-04-07 04:39:09,55,29,0.5272727272727272
2026-04-07 04:40:10,55,32,0.5818181818181818
2026-04-07 04:41:11,54,28,0.5185185185185185
2026-04-07 04:42:12,54,32,0.5925925925925926
2026-04-07 04:43:13,54,31,0.5740740740740741
2026-04-07 04:44:13,55,30,0.5454545454545454
2026-04-07 04:45:14,53,29,0.5471698113207547
2026-04-07 04:46:15,55,32,0.5818181818181818
2026-04-07 04:47:16,55,28,0.509090909090909
2026-04-07 04:48:17,53,31,0.5849056603773585
2026-04-07 04:49:18,53,34,0.6415094339622641
2026-04-07 04:50:19,55,31,0.5636363636363636
2026-04-07 04:51:20,54,32,0.5925925925925926
2026-04-07 04:52:20,55,36,0.6545454545454545
2026-04-07 04:53:21,56,33,0.5892857142857143
2026-04-07 04:54:22,56,31,0.5535714285714286
2026-04-07 04:55:23,56,33,0.5892857142857143
2026-04-07 04:56:24,55,35,0.6363636363636364
2026-04-07 04:57:25,55,35,0.6363636363636364
2026-04-07 04:58:26,56,35,0.625
2026-04-07 04:59:27,56,31,0.5535714285714286
2026-04-07 05:00:28,56,31,0.5535714285714286
2026-04-07 05:01:28,56,30,0.5357142857142857
2026-04-07 05:02:29,56,30,0.5357142857142857
2026-04-07 05:03:30,58,29,0.5
2026-04-07 05:04:31,58,30,0.5172413793103449
2026-04-07 05:05:32,58,32,0.5517241379310345
2026-04-07 05:06:33,58,35,0.603448275862069
2026-04-07 05:07:34,57,31,0.543859649122807
2026-04-07 05:08:35,56,34,0.6071428571428571
2026-04-07 05:09:35,55,35,0.6363636363636364
2026-04-07 05:10:36,55,34,0.6181818181818182
2026-04-07 05:11:37,54,34,0.6296296296296297
2026-04-07 05:12:38,54,37,0.6851851851851852
2026-04-07 05:13:39,53,31,0.5849056603773585
2026-04-07 05:14:40,53,31,0.5849056603773585
2026-04-07 05:15:41,52,36,0.6923076923076923
2026-04-07 05:16:42,52,31,0.5961538461538461
2026-04-07 05:17:42,52,31,0.5961538461538461
2026-04-07 05:18:43,52,31,0.5961538461538461
2026-04-07 05:19:44,53,33,0.6226415094339622
2026-04-07 05:20:45,52,35,0.6730769230769231
2026-04-07 05:21:46,52,29,0.5576923076923077
2026-04-07 05:22:47,52,31,0.5961538461538461
2026-04-07 05:23:48,53,29,0.5471698113207547
2026-04-07 05:24:48,53,29,0.5471698113207547
2026-04-07 05:25:49,53,24,0.4528301886792453
2026-04-07 05:26:50,53,30,0.5660377358490566
2026-04-07 05:27:51,55,30,0.5454545454545454
2026-04-07 05:28:52,55,29,0.5272727272727272
2026-04-07 05:29:53,54,27,0.5
2026-04-07 05:30:54,55,26,0.4727272727272727
2026-04-07 05:31:55,55,23,0.41818181818181815
2026-04-07 05:32:55,55,26,0.4727272727272727
2026-04-07 05:33:56,56,24,0.42857142857142855
2026-04-07 05:34:57,55,25,0.45454545454545453
2026-04-07 05:35:58,54,25,0.46296296296296297
2026-04-07 05:36:59,52,26,0.5
2026-04-07 05:38:00,53,27,0.5094339622641509
2026-04-07 05:39:01,50,27,0.54
2026-04-07 05:40:02,50,24,0.48
2026-04-07 05:41:03,48,27,0.5625
2026-04-07 05:42:03,48,24,0.5
2026-04-07 05:43:04,47,21,0.44680851063829785
2026-04-07 05:44:05,45,26,0.5777777777777777
2026-04-07 05:45:06,45,28,0.6222222222222222
2026-04-07 05:46:07,46,25,0.5434782608695652
2026-04-07 05:47:08,46,26,0.5652173913043478
2026-04-07 05:48:09,45,23,0.5111111111111111
2026-04-07 05:49:09,46,26,0.5652173913043478
2026-04-07 05:50:10,45,23,0.5111111111111111
2026-04-07 05:51:11,45,27,0.6
2026-04-07 05:52:12,46,27,0.5869565217391305
2026-04-07 05:53:13,46,25,0.5434782608695652
2026-04-07 05:54:14,47,29,0.6170212765957447
2026-04-07 05:55:14,47,28,0.5957446808510638
2026-04-07 05:56:15,49,26,0.5306122448979592
2026-04-07 05:57:16,49,27,0.5510204081632653
2026-04-07 05:58:17,49,28,0.5714285714285714
2026-04-07 05:59:18,50,24,0.48
2026-04-07 06:00:19,49,27,0.5510204081632653
2026-04-07 06:01:20,48,30,0.625
2026-04-07 06:02:20,49,28,0.5714285714285714
2026-04-07 06:03:21,47,29,0.6170212765957447
2026-04-07 06:04:22,47,28,0.5957446808510638
2026-04-07 06:05:23,48,28,0.5833333333333334
2026-04-07 06:06:24,48,28,0.5833333333333334
2026-04-07 06:07:25,48,28,0.5833333333333334
2026-04-07 06:08:26,48,29,0.6041666666666666
2026-04-07 06:09:26,49,31,0.6326530612244898
2026-04-07 06:10:27,48,25,0.5208333333333334
2026-04-07 06:11:28,49,28,0.5714285714285714
2026-04-07 06:12:29,49,27,0.5510204081632653
2026-04-07 06:13:30,49,24,0.4897959183673469
2026-04-07 06:14:31,46,26,0.5652173913043478
2026-04-07 06:15:32,47,26,0.5531914893617021
2026-04-07 06:16:32,47,23,0.48936170212765956
2026-04-07 06:17:33,47,24,0.5106382978723404
2026-04-07 06:18:34,47,28,0.5957446808510638
2026-04-07 06:19:35,47,25,0.5319148936170213
2026-04-07 06:20:36,48,26,0.5416666666666666
2026-04-07 06:21:37,47,25,0.5319148936170213
2026-04-07 06:22:37,46,22,0.4782608695652174
2026-04-07 06:23:38,46,28,0.6086956521739131
2026-04-07 06:24:39,47,25,0.5319148936170213
2026-04-07 06:25:40,46,26,0.5652173913043478
2026-04-07 06:26:41,45,25,0.5555555555555556
2026-04-07 06:27:42,45,23,0.5111111111111111
2026-04-07 06:28:42,47,27,0.574468085106383
2026-04-07 06:29:43,47,25,0.5319148936170213
2026-04-07 06:30:44,47,25,0.5319148936170213
2026-04-07 06:31:45,47,24,0.5106382978723404
2026-04-07 06:32:46,47,21,0.44680851063829785
2026-04-07 06:33:47,46,20,0.43478260869565216
2026-04-07 06:34:47,47,26,0.5531914893617021
2026-04-07 06:35:48,46,25,0.5434782608695652
2026-04-07 06:36:49,45,21,0.4666666666666667
2026-04-07 06:37:50,46,23,0.5
2026-04-07 06:38:51,47,23,0.48936170212765956
2026-04-07 06:39:52,46,23,0.5
2026-04-07 06:40:52,47,21,0.44680851063829785
2026-04-07 06:41:53,47,20,0.425531914893617
2026-04-07 06:42:54,48,24,0.5
2026-04-07 06:43:55,48,15,0.3125
2026-04-07 06:44:56,48,20,0.4166666666666667
2026-04-07 06:45:57,47,16,0.3404255319148936
2026-04-07 06:46:57,47,15,0.3191489361702128
2026-04-07 06:47:58,44,13,0.29545454545454547
2026-04-07 06:48:59,44,22,0.5
2026-04-07 06:50:00,43,25,0.5813953488372093
2026-04-07 06:51:01,46,26,0.5652173913043478
2026-04-07 06:52:02,49,30,0.6122448979591837
2026-04-07 06:53:03,48,26,0.5416666666666666
2026-04-07 06:54:03,48,29,0.6041666666666666
2026-04-07 06:55:04,50,30,0.6
2026-04-07 06:56:05,50,26,0.52
2026-04-07 06:57:06,50,22,0.44
2026-04-07 06:58:07,51,26,0.5098039215686274
2026-04-07 06:59:08,51,27,0.5294117647058824
2026-04-07 07:00:09,51,27,0.5294117647058824
2026-04-07 07:01:09,51,29,0.5686274509803921
2026-04-07 07:02:10,51,27,0.5294117647058824
2026-04-07 07:03:11,50,30,0.6
2026-04-07 07:04:12,49,28,0.5714285714285714
2026-04-07 07:05:13,49,31,0.6326530612244898
2026-04-07 07:06:14,50,32,0.64
2026-04-07 07:07:15,51,32,0.6274509803921569
2026-04-07 07:08:15,51,29,0.5686274509803921
2026-04-07 07:09:16,51,29,0.5686274509803921
2026-04-07 07:10:17,51,22,0.43137254901960786
2026-04-07 07:11:18,52,28,0.5384615384615384
2026-04-07 07:12:19,52,25,0.4807692307692308
2026-04-07 07:13:20,53,27,0.5094339622641509
2026-04-07 07:14:21,54,27,0.5
2026-04-07 07:15:22,53,24,0.4528301886792453
2026-04-07 07:16:22,52,28,0.5384615384615384
2026-04-07 07:17:23,51,31,0.6078431372549019
2026-04-07 07:18:24,51,25,0.49019607843137253
2026-04-07 07:19:25,49,23,0.46938775510204084
2026-04-07 07:20:26,51,27,0.5294117647058824
2026-04-07 07:21:27,49,25,0.5102040816326531
2026-04-07 07:22:27,51,27,0.5294117647058824
2026-04-07 07:23:28,52,30,0.5769230769230769
2026-04-07 07:24:29,52,28,0.5384615384615384
2026-04-07 07:25:30,52,32,0.6153846153846154
2026-04-07 07:26:31,52,30,0.5769230769230769
2026-04-07 07:27:32,52,28,0.5384615384615384
2026-04-07 07:28:33,51,28,0.5490196078431373
2026-04-07 07:29:34,52,27,0.5192307692307693
2026-04-07 07:30:35,51,24,0.47058823529411764
2026-04-07 07:31:35,51,27,0.5294117647058824
2026-04-07 07:32:36,51,29,0.5686274509803921
2026-04-07 07:33:37,50,28,0.56
2026-04-07 07:34:38,51,27,0.5294117647058824
2026-04-07 07:35:39,50,26,0.52
2026-04-07 07:36:40,49,22,0.4489795918367347
2026-04-07 07:37:41,48,21,0.4375
2026-04-07 07:38:41,46,26,0.5652173913043478
2026-04-07 07:39:42,46,22,0.4782608695652174
2026-04-07 07:40:43,48,22,0.4583333333333333
2026-04-07 07:41:44,48,28,0.5833333333333334
2026-04-07 07:42:45,47,26,0.5531914893617021
2026-04-07 07:43:46,48,27,0.5625
2026-04-07 07:44:46,48,30,0.625
2026-04-07 07:45:47,50,29,0.58
2026-04-07 07:46:48,50,29,0.58
2026-04-07 07:47:49,51,34,0.6666666666666666
2026-04-07 07:48:50,53,31,0.5849056603773585
2026-04-07 07:49:51,56,34,0.6071428571428571
2026-04-07 07:50:52,58,35,0.603448275862069
2026-04-07 07:51:53,58,31,0.5344827586206896
2026-04-07 07:52:54,59,29,0.4915254237288136
2026-04-07 07:53:54,61,37,0.6065573770491803
2026-04-07 07:54:55,61,34,0.5573770491803278
2026-04-07 07:55:56,59,28,0.4745762711864407
2026-04-07 07:56:57,59,32,0.5423728813559322
2026-04-07 07:57:58,60,31,0.5166666666666667
2026-04-07 07:58:59,59,32,0.5423728813559322
2026-04-07 08:00:00,59,36,0.6101694915254238
2026-04-07 08:01:01,61,36,0.5901639344262295
2026-04-07 08:02:02,61,33,0.5409836065573771
2026-04-07 08:03:03,61,30,0.4918032786885246
2026-04-07 08:04:04,59,34,0.576271186440678
2026-04-07 08:05:05,60,34,0.5666666666666667
2026-04-07 08:06:06,62,37,0.5967741935483871
2026-04-07 08:07:07,62,35,0.5645161290322581
2026-04-07 08:08:08,61,34,0.5573770491803278
2026-04-07 08:09:09,60,30,0.5
2026-04-07 08:10:10,58,28,0.4827586206896552
2026-04-07 08:11:11,55,27,0.4909090909090909
2026-04-07 08:12:12,55,28,0.509090909090909
2026-04-07 08:13:13,55,28,0.509090909090909
2026-04-07 08:14:14,55,26,0.4727272727272727
2026-04-07 08:15:14,54,30,0.5555555555555556
2026-04-07 08:16:15,53,29,0.5471698113207547
2026-04-07 08:17:16,53,32,0.6037735849056604
2026-04-07 08:18:17,53,32,0.6037735849056604
2026-04-07 08:19:18,51,30,0.5882352941176471
2026-04-07 08:20:19,50,33,0.66
2026-04-07 08:21:20,52,30,0.5769230769230769
2026-04-07 08:22:21,56,33,0.5892857142857143
2026-04-07 08:23:22,61,45,0.7377049180327869
2026-04-07 08:24:23,63,37,0.5873015873015873
2026-04-07 08:25:24,63,34,0.5396825396825397
2026-04-07 08:26:24,65,40,0.6153846153846154
2026-04-07 08:27:25,65,39,0.6
2026-04-07 08:28:26,66,35,0.5303030303030303
2026-04-07 08:29:27,66,5,0.07575757575757576
2026-04-07 08:30:28,67,23,0.34328358208955223
2026-04-07 08:31:29,67,23,0.34328358208955223
2026-04-07 08:32:30,67,24,0.3582089552238806
2026-04-07 08:33:31,66,26,0.3939393939393939
2026-04-07 08:34:32,71,44,0.6197183098591549
2026-04-07 08:35:33,71,39,0.5492957746478874
2026-04-07 08:36:34,72,39,0.5416666666666666
2026-04-07 08:37:35,72,41,0.5694444444444444
2026-04-07 08:38:36,77,47,0.6103896103896104
2026-04-07 08:39:37,78,40,0.5128205128205128
2026-04-07 08:40:38,80,42,0.525
2026-04-07 08:41:39,82,51,0.6219512195121951
2026-04-07 08:42:40,83,41,0.4939759036144578
2026-04-07 08:43:41,83,42,0.5060240963855421
2026-04-07 08:44:42,83,48,0.5783132530120482
2026-04-07 08:45:43,83,39,0.46987951807228917
2026-04-07 08:46:44,83,35,0.42168674698795183
2026-04-07 08:47:45,83,39,0.46987951807228917
2026-04-07 08:48:46,82,36,0.43902439024390244
2026-04-07 08:49:47,83,42,0.5060240963855421
2026-04-07 08:50:48,83,43,0.5180722891566265
2026-04-07 08:51:49,82,36,0.43902439024390244
2026-04-07 08:52:50,80,38,0.475
2026-04-07 08:53:51,80,40,0.5
2026-04-07 08:54:52,80,34,0.425
2026-04-07 08:55:53,79,31,0.3924050632911392
2026-04-07 08:56:54,79,38,0.4810126582278481
2026-04-07 08:57:55,80,38,0.475
2026-04-07 08:58:56,81,36,0.4444444444444444
2026-04-07 08:59:57,79,34,0.43037974683544306
2026-04-07 09:00:58,75,37,0.49333333333333335
2026-04-07 09:01:59,76,37,0.4868421052631579
2026-04-07 09:03:00,77,40,0.5194805194805194
2026-04-07 09:04:01,77,38,0.4935064935064935
2026-04-07 09:05:02,76,35,0.4605263157894737
2026-04-07 09:06:03,76,25,0.32894736842105265
2026-04-07 09:07:04,77,29,0.37662337662337664
2026-04-07 09:08:05,76,24,0.3157894736842105
2026-04-07 09:09:06,75,29,0.38666666666666666
2026-04-07 09:10:07,74,24,0.32432432432432434
2026-04-07 09:11:08,73,26,0.3561643835616438
2026-04-07 09:12:08,71,25,0.352112676056338
2026-04-07 09:13:10,69,25,0.36231884057971014
2026-04-07 09:14:10,65,19,0.2923076923076923
2026-04-07 09:15:11,56,19,0.3392857142857143
2026-04-07 09:16:12,56,25,0.44642857142857145
2026-04-07 09:17:13,56,24,0.42857142857142855
2026-04-07 09:18:14,57,22,0.38596491228070173
2026-04-07 09:19:15,56,22,0.39285714285714285
2026-04-07 09:20:16,55,26,0.4727272727272727
2026-04-07 09:21:17,66,39,0.5909090909090909
2026-04-07 09:22:18,67,40,0.5970149253731343
2026-04-07 09:23:19,69,42,0.6086956521739131
2026-04-07 09:24:20,70,37,0.5285714285714286
2026-04-07 09:25:21,72,34,0.4722222222222222
2026-04-07 09:26:22,73,36,0.4931506849315068
2026-04-07 09:27:23,74,39,0.527027027027027
2026-04-07 09:28:24,73,39,0.5342465753424658
2026-04-07 09:29:25,75,45,0.6
2026-04-07 09:30:26,75,37,0.49333333333333335
2026-04-07 09:31:27,76,41,0.5394736842105263
2026-04-07 09:32:28,78,36,0.46153846153846156
2026-04-07 09:33:29,77,35,0.45454545454545453
2026-04-07 09:34:30,77,39,0.5064935064935064
2026-04-07 09:35:31,77,40,0.5194805194805194
2026-04-07 09:36:32,77,37,0.4805194805194805
2026-04-07 09:37:33,77,38,0.4935064935064935
2026-04-07 09:38:34,76,37,0.4868421052631579
2026-04-07 09:39:35,76,39,0.5131578947368421
2026-04-07 09:40:36,74,33,0.44594594594594594
2026-04-07 09:41:37,76,41,0.5394736842105263
2026-04-07 09:42:37,75,33,0.44
2026-04-07 09:43:38,75,33,0.44
2026-04-07 09:44:39,75,30,0.4
2026-04-07 09:45:40,75,32,0.4266666666666667
2026-04-07 09:46:41,76,33,0.4342105263157895
2026-04-07 09:47:42,77,32,0.4155844155844156
2026-04-07 09:48:43,76,33,0.4342105263157895
2026-04-07 09:49:44,78,33,0.4230769230769231
2026-04-07 09:50:45,78,32,0.41025641025641024
2026-04-07 09:51:46,72,27,0.375
2026-04-07 09:52:47,71,33,0.4647887323943662
2026-04-07 09:53:48,70,33,0.4714285714285714
2026-04-07 09:54:49,68,27,0.39705882352941174
2026-04-07 09:55:50,69,30,0.43478260869565216
2026-04-07 09:56:51,69,27,0.391304347826087
2026-04-07 09:57:51,69,33,0.4782608695652174
2026-04-07 09:58:52,70,32,0.45714285714285713
2026-04-07 09:59:53,70,35,0.5
2026-04-07 10:00:54,69,28,0.4057971014492754
2026-04-07 10:01:55,68,32,0.47058823529411764
2026-04-07 10:02:56,70,31,0.44285714285714284
2026-04-07 10:03:57,69,26,0.37681159420289856
2026-04-07 10:04:58,68,34,0.5
2026-04-07 10:05:59,67,33,0.4925373134328358
2026-04-07 10:07:00,67,32,0.47761194029850745
2026-04-07 10:08:01,67,31,0.4626865671641791
2026-04-07 10:09:02,68,37,0.5441176470588235
2026-04-07 10:10:03,65,32,0.49230769230769234
2026-04-07 10:11:04,66,32,0.48484848484848486
2026-04-07 10:12:05,62,35,0.5645161290322581
2026-04-07 10:13:06,61,29,0.47540983606557374
2026-04-07 10:14:07,62,25,0.4032258064516129
2026-04-07 10:15:07,62,30,0.4838709677419355
2026-04-07 10:16:08,63,31,0.49206349206349204
2026-04-07 10:17:09,65,32,0.49230769230769234
2026-04-07 10:18:10,64,27,0.421875
2026-04-07 10:19:11,62,27,0.43548387096774194
2026-04-07 10:20:12,65,28,0.4307692307692308
2026-04-07 10:21:13,66,23,0.3484848484848485
2026-04-07 10:22:14,64,28,0.4375
2026-04-07 10:23:15,63,30,0.47619047619047616
2026-04-07 10:24:16,63,27,0.42857142857142855
2026-04-07 10:25:16,63,26,0.4126984126984127
2026-04-07 10:26:17,63,29,0.4603174603174603
2026-04-07 10:27:18,64,27,0.421875
2026-04-07 10:28:19,63,9,0.14285714285714285
2026-04-07 10:29:20,61,26,0.4262295081967213
2026-04-07 10:30:21,62,22,0.3548387096774194
2026-04-07 10:31:22,63,28,0.4444444444444444
2026-04-07 10:32:23,61,29,0.47540983606557374
2026-04-07 10:33:24,59,20,0.3389830508474576
2026-04-07 10:34:25,58,23,0.39655172413793105
2026-04-07 10:35:25,60,29,0.48333333333333334
2026-04-07 10:36:26,60,20,0.3333333333333333
2026-04-07 10:37:27,56,22,0.39285714285714285
2026-04-07 10:38:28,56,26,0.4642857142857143
2026-04-07 10:39:29,58,26,0.4482758620689655
2026-04-07 10:40:30,57,25,0.43859649122807015
2026-04-07 10:41:31,58,26,0.4482758620689655
2026-04-07 10:42:32,55,13,0.23636363636363636
2026-04-07 10:43:33,54,15,0.2777777777777778
2026-04-07 10:44:33,54,13,0.24074074074074073
2026-04-07 10:45:34,51,14,0.27450980392156865
2026-04-07 10:46:35,51,12,0.23529411764705882
2026-04-07 10:47:36,49,11,0.22448979591836735
2026-04-07 10:48:37,48,10,0.20833333333333334
2026-04-07 10:49:38,45,15,0.3333333333333333
2026-04-07 10:50:38,42,4,0.09523809523809523
2026-04-07 10:51:39,38,15,0.39473684210526316
2026-04-07 10:52:40,36,19,0.5277777777777778
2026-04-07 10:53:41,40,24,0.6
2026-04-07 10:54:42,42,19,0.4523809523809524
2026-04-07 10:55:42,42,20,0.47619047619047616
2026-04-07 10:56:43,43,22,0.5116279069767442
2026-04-07 10:57:44,45,18,0.4
2026-04-07 10:58:45,45,4,0.08888888888888889
2026-04-07 10:59:45,46,26,0.5652173913043478
2026-04-07 11:00:46,47,20,0.425531914893617
2026-04-07 11:01:47,49,28,0.5714285714285714
2026-04-07 11:02:48,51,27,0.5294117647058824
2026-04-07 11:03:49,50,22,0.44
2026-04-07 11:04:50,52,26,0.5
2026-04-07 11:05:50,53,27,0.5094339622641509
2026-04-07 11:06:51,53,23,0.4339622641509434
2026-04-07 11:07:52,52,22,0.4230769230769231
2026-04-07 11:08:53,52,24,0.46153846153846156
2026-04-07 11:09:54,53,25,0.4716981132075472
2026-04-07 11:10:55,52,22,0.4230769230769231
2026-04-07 11:11:55,52,29,0.5576923076923077
2026-04-07 11:12:56,53,27,0.5094339622641509
2026-04-07 11:13:57,55,23,0.41818181818181815
2026-04-07 11:14:58,55,24,0.43636363636363634
2026-04-07 11:15:59,55,27,0.4909090909090909
2026-04-07 11:17:00,58,26,0.4482758620689655
2026-04-07 11:18:01,58,26,0.4482758620689655
2026-04-07 11:19:02,60,27,0.45
2026-04-07 11:20:03,59,24,0.4067796610169492
2026-04-07 11:21:03,60,24,0.4
2026-04-07 11:22:04,57,22,0.38596491228070173
2026-04-07 11:23:05,56,25,0.44642857142857145
2026-04-07 11:24:06,58,32,0.5517241379310345
2026-04-07 11:25:07,58,14,0.2413793103448276
2026-04-07 11:26:08,57,25,0.43859649122807015
2026-04-07 11:27:09,54,20,0.37037037037037035
2026-04-07 11:28:09,54,21,0.3888888888888889
2026-04-07 11:29:10,52,21,0.40384615384615385
2026-04-07 11:30:11,50,20,0.4
2026-04-07 11:31:12,51,20,0.39215686274509803
2026-04-07 11:32:13,51,18,0.35294117647058826
2026-04-07 11:33:13,50,16,0.32
2026-04-07 11:34:14,46,16,0.34782608695652173
2026-04-07 11:35:15,45,22,0.4888888888888889
2026-04-07 11:36:16,43,20,0.46511627906976744
2026-04-07 11:37:17,43,16,0.37209302325581395
2026-04-07 11:38:17,43,20,0.46511627906976744
2026-04-07 11:39:18,45,25,0.5555555555555556
2026-04-07 11:40:19,48,30,0.625
2026-04-07 11:41:20,46,18,0.391304347826087
2026-04-07 11:42:21,45,5,0.1111111111111111
2026-04-07 11:43:21,45,4,0.08888888888888889
2026-04-07 11:44:22,44,5,0.11363636363636363
2026-04-07 11:45:23,43,7,0.16279069767441862
2026-04-07 11:46:24,42,24,0.5714285714285714
2026-04-07 11:47:24,46,31,0.6739130434782609
2026-04-07 11:48:25,48,29,0.6041666666666666
2026-04-07 11:49:26,49,28,0.5714285714285714
2026-04-07 11:50:27,49,29,0.5918367346938775
2026-04-07 11:51:28,52,30,0.5769230769230769
2026-04-07 11:52:29,52,26,0.5
2026-04-07 11:53:29,53,29,0.5471698113207547
2026-04-07 11:54:30,53,32,0.6037735849056604
2026-04-07 11:55:31,54,28,0.5185185185185185
2026-04-07 11:56:32,54,29,0.5370370370370371
2026-04-07 11:57:33,53,25,0.4716981132075472
2026-04-07 11:58:34,53,29,0.5471698113207547
2026-04-07 11:59:34,55,31,0.5636363636363636
2026-04-07 12:00:35,55,28,0.509090909090909
2026-04-07 12:01:36,55,31,0.5636363636363636
2026-04-07 12:02:37,56,33,0.5892857142857143
2026-04-07 12:03:38,56,30,0.5357142857142857
2026-04-07 12:04:39,56,30,0.5357142857142857
2026-04-07 12:05:40,56,32,0.5714285714285714
2026-04-07 12:06:41,56,24,0.42857142857142855
2026-04-07 12:07:41,56,26,0.4642857142857143
2026-04-07 12:08:42,57,30,0.5263157894736842
2026-04-07 12:09:43,57,25,0.43859649122807015
2026-04-07 12:10:44,58,28,0.4827586206896552
2026-04-07 12:11:45,58,29,0.5
2026-04-07 12:12:46,58,27,0.46551724137931033
2026-04-07 12:13:47,57,25,0.43859649122807015
2026-04-07 12:14:47,55,33,0.6
2026-04-07 12:15:48,53,28,0.5283018867924528
2026-04-07 12:16:49,52,26,0.5
2026-04-07 12:17:50,54,33,0.6111111111111112
2026-04-07 12:18:51,52,29,0.5576923076923077
2026-04-07 12:19:52,54,27,0.5
2026-04-07 12:20:53,54,31,0.5740740740740741
2026-04-07 12:21:54,54,27,0.5
2026-04-07 12:22:54,54,26,0.48148148148148145
2026-04-07 12:23:55,54,30,0.5555555555555556
2026-04-07 12:24:56,54,30,0.5555555555555556
2026-04-07 12:25:57,55,30,0.5454545454545454
2026-04-07 12:26:58,55,31,0.5636363636363636
2026-04-07 12:27:59,54,29,0.5370370370370371
2026-04-07 12:29:00,54,30,0.5555555555555556
2026-04-07 12:30:01,56,30,0.5357142857142857
2026-04-07 12:31:01,57,32,0.5614035087719298
2026-04-07 12:32:02,58,28,0.4827586206896552
2026-04-07 12:33:03,56,29,0.5178571428571429
2026-04-07 12:34:04,57,28,0.49122807017543857
2026-04-07 12:35:05,57,32,0.5614035087719298
2026-04-07 12:36:06,57,29,0.5087719298245614
2026-04-07 12:37:07,57,27,0.47368421052631576
2026-04-07 12:38:08,57,25,0.43859649122807015
2026-04-07 12:39:08,58,26,0.4482758620689655
2026-04-07 12:40:09,58,29,0.5
2026-04-07 12:41:10,56,31,0.5535714285714286
2026-04-07 12:42:11,54,29,0.5370370370370371
2026-04-07 12:43:12,52,2,0.038461538461538464
2026-04-07 12:44:13,51,11,0.21568627450980393
2026-04-07 12:45:13,60,43,0.7166666666666667
2026-04-07 12:46:14,62,43,0.6935483870967742
2026-04-07 12:47:15,64,40,0.625
2026-04-07 12:48:16,64,40,0.625
2026-04-07 12:49:17,65,41,0.6307692307692307
2026-04-07 12:50:18,69,44,0.6376811594202898
2026-04-07 12:51:19,70,37,0.5285714285714286
2026-04-07 12:52:20,69,40,0.5797101449275363
2026-04-07 12:53:21,72,43,0.5972222222222222
2026-04-07 12:54:22,73,45,0.6164383561643836
2026-04-07 12:55:23,73,44,0.6027397260273972
2026-04-07 12:56:24,73,48,0.6575342465753424
2026-04-07 12:57:25,73,45,0.6164383561643836
2026-04-07 12:58:26,73,49,0.6712328767123288
2026-04-07 12:59:27,74,50,0.6756756756756757
2026-04-07 13:00:28,73,52,0.7123287671232876
2026-04-07 13:01:29,73,48,0.6575342465753424
2026-04-07 13:02:30,77,54,0.7012987012987013
2026-04-07 13:03:32,77,47,0.6103896103896104
2026-04-07 13:04:33,77,48,0.6233766233766234
2026-04-07 13:05:34,79,50,0.6329113924050633
2026-04-07 13:06:35,81,49,0.6049382716049383
2026-04-07 13:07:36,82,52,0.6341463414634146
2026-04-07 13:08:37,83,52,0.6265060240963856
2026-04-07 13:09:38,84,48,0.5714285714285714
2026-04-07 13:10:39,84,51,0.6071428571428571
2026-04-07 13:11:40,85,54,0.6352941176470588
2026-04-07 13:12:41,84,46,0.5476190476190477
2026-04-07 13:13:42,85,51,0.6
2026-04-07 13:14:44,85,54,0.6352941176470588
2026-04-07 13:15:45,84,48,0.5714285714285714
2026-04-07 13:16:46,83,51,0.6144578313253012
2026-04-07 13:17:47,84,56,0.6666666666666666
2026-04-07 13:18:48,83,49,0.5903614457831325
2026-04-07 13:19:49,82,52,0.6341463414634146
2026-04-07 13:20:50,81,55,0.6790123456790124
2026-04-07 13:21:51,82,50,0.6097560975609756
2026-04-07 13:22:52,83,56,0.6746987951807228
2026-04-07 13:23:53,84,58,0.6904761904761905
2026-04-07 13:24:54,84,52,0.6190476190476191
2026-04-07 13:25:56,85,55,0.6470588235294118
2026-04-07 13:26:57,85,56,0.6588235294117647
2026-04-07 13:27:58,85,56,0.6588235294117647
2026-04-07 13:28:59,87,54,0.6206896551724138
2026-04-07 13:30:00,85,48,0.5647058823529412
2026-04-07 13:31:01,85,50,0.5882352941176471
2026-04-07 13:32:02,84,49,0.5833333333333334
2026-04-07 13:33:03,84,51,0.6071428571428571
2026-04-07 13:34:05,83,51,0.6144578313253012
2026-04-07 13:35:06,83,48,0.5783132530120482
2026-04-07 13:36:07,83,51,0.6144578313253012
2026-04-07 13:37:08,84,53,0.6309523809523809
2026-04-07 13:38:09,82,50,0.6097560975609756
2026-04-07 13:39:10,81,53,0.654320987654321
2026-04-07 13:40:11,87,60,0.6896551724137931
2026-04-07 13:41:12,86,53,0.6162790697674418
2026-04-07 13:42:13,84,57,0.6785714285714286
2026-04-07 13:43:15,85,55,0.6470588235294118
2026-04-07 13:44:16,86,51,0.5930232558139535
2026-04-07 13:45:17,85,51,0.6
2026-04-07 13:46:18,84,57,0.6785714285714286
2026-04-07 13:47:19,85,56,0.6588235294117647
2026-04-07 13:48:20,87,57,0.6551724137931034
2026-04-07 13:49:21,88,57,0.6477272727272727
2026-04-07 13:50:22,88,56,0.6363636363636364
2026-04-07 13:51:23,88,53,0.6022727272727273
2026-04-07 13:52:25,87,55,0.632183908045977
2026-04-07 13:53:26,89,60,0.6741573033707865
2026-04-07 13:54:27,88,56,0.6363636363636364
2026-04-07 13:55:28,88,54,0.6136363636363636
2026-04-07 13:56:30,87,54,0.6206896551724138
2026-04-07 13:57:31,89,56,0.6292134831460674
2026-04-07 13:58:32,87,55,0.632183908045977
2026-04-07 13:59:33,87,55,0.632183908045977
2026-04-07 14:00:34,88,52,0.5909090909090909
2026-04-07 14:01:35,88,50,0.5681818181818182
2026-04-07 14:02:37,89,55,0.6179775280898876
2026-04-07 14:03:38,87,49,0.5632183908045977
2026-04-07 14:04:39,90,55,0.6111111111111112
2026-04-07 14:05:40,88,55,0.625
2026-04-07 14:06:41,87,51,0.5862068965517241
2026-04-07 14:07:42,89,49,0.550561797752809
2026-04-07 14:08:43,88,60,0.6818181818181818
2026-04-07 14:09:44,90,60,0.6666666666666666
2026-04-07 14:10:46,88,58,0.6590909090909091
2026-04-07 14:11:47,88,57,0.6477272727272727
2026-04-07 14:12:48,88,55,0.625
2026-04-07 14:13:49,89,58,0.651685393258427
2026-04-07 14:14:50,89,60,0.6741573033707865
2026-04-07 14:15:51,89,55,0.6179775280898876
2026-04-07 14:16:53,89,56,0.6292134831460674
2026-04-07 14:17:54,90,60,0.6666666666666666
2026-04-07 14:18:55,90,56,0.6222222222222222
2026-04-07 14:19:56,91,59,0.6483516483516484
2026-04-07 14:20:57,89,60,0.6741573033707865
2026-04-07 14:21:58,90,60,0.6666666666666666
2026-04-07 14:22:59,90,57,0.6333333333333333
2026-04-07 14:24:01,89,57,0.6404494382022472
2026-04-07 14:25:02,90,58,0.6444444444444445
2026-04-07 14:26:03,90,59,0.6555555555555556
2026-04-07 14:27:04,89,56,0.6292134831460674
2026-04-07 14:28:05,90,60,0.6666666666666666
2026-04-07 14:29:06,92,60,0.6521739130434783
2026-04-07 14:30:07,94,58,0.6170212765957447
2026-04-07 14:31:09,95,56,0.5894736842105263
2026-04-07 14:32:10,93,54,0.5806451612903226
2026-04-07 14:33:11,93,53,0.5698924731182796
2026-04-07 14:34:12,93,58,0.6236559139784946
2026-04-07 14:35:13,92,58,0.6304347826086957
2026-04-07 14:36:14,91,54,0.5934065934065934
2026-04-07 14:37:15,91,57,0.6263736263736264
2026-04-07 14:38:16,90,59,0.6555555555555556
2026-04-07 14:39:17,89,50,0.5617977528089888
2026-04-07 14:40:19,89,64,0.7191011235955056
2026-04-07 14:41:20,88,55,0.625
2026-04-07 14:42:21,88,52,0.5909090909090909
2026-04-07 14:43:22,88,57,0.6477272727272727
2026-04-07 14:44:23,89,59,0.6629213483146067
2026-04-07 14:45:24,88,56,0.6363636363636364
2026-04-07 14:46:26,89,56,0.6292134831460674
2026-04-07 14:47:27,91,63,0.6923076923076923
2026-04-07 14:48:28,90,58,0.6444444444444445
2026-04-07 14:49:29,90,48,0.5333333333333333
2026-04-07 14:50:30,90,52,0.5777777777777777
2026-04-07 14:51:31,90,50,0.5555555555555556
2026-04-07 14:52:32,89,55,0.6179775280898876
2026-04-07 14:53:34,89,48,0.5393258426966292
2026-04-07 14:54:35,89,47,0.5280898876404494
2026-04-07 14:55:36,90,55,0.6111111111111112
2026-04-07 14:56:37,90,48,0.5333333333333333
2026-04-07 14:57:38,87,51,0.5862068965517241
2026-04-07 14:58:39,86,50,0.5813953488372093
2026-04-07 14:59:40,84,51,0.6071428571428571
2026-04-07 15:00:41,83,48,0.5783132530120482
2026-04-07 15:01:42,82,49,0.5975609756097561
2026-04-07 15:02:44,81,48,0.5925925925925926
2026-04-07 15:03:45,82,47,0.573170731707317
2026-04-07 15:04:46,80,45,0.5625
2026-04-07 15:05:47,80,51,0.6375
2026-04-07 15:06:48,80,49,0.6125
2026-04-07 15:07:49,80,48,0.6
2026-04-07 15:08:50,80,48,0.6
2026-04-07 15:09:51,81,48,0.5925925925925926
2026-04-07 15:10:52,81,45,0.5555555555555556
2026-04-07 15:11:53,80,49,0.6125
2026-04-07 15:12:54,81,48,0.5925925925925926
2026-04-07 15:13:55,82,48,0.5853658536585366
2026-04-07 15:14:56,82,47,0.573170731707317
2026-04-07 15:15:57,81,42,0.5185185185185185
2026-04-07 15:16:58,80,41,0.5125
2026-04-07 15:17:59,78,45,0.5769230769230769
2026-04-07 15:19:00,78,43,0.5512820512820513
2026-04-07 15:20:02,78,42,0.5384615384615384
2026-04-07 15:21:03,77,41,0.5324675324675324
2026-04-07 15:22:04,77,45,0.5844155844155844
2026-04-07 15:23:05,76,40,0.5263157894736842
2026-04-07 15:24:06,75,38,0.5066666666666667
2026-04-07 15:25:07,73,39,0.5342465753424658
2026-04-07 15:26:08,73,38,0.5205479452054794
2026-04-07 15:27:09,72,38,0.5277777777777778
2026-04-07 15:28:10,71,39,0.5492957746478874
2026-04-07 15:29:11,71,41,0.5774647887323944
2026-04-07 15:30:12,71,35,0.49295774647887325
2026-04-07 15:31:13,71,40,0.5633802816901409
2026-04-07 15:32:14,70,39,0.5571428571428572
2026-04-07 15:33:15,70,33,0.4714285714285714
2026-04-07 15:34:16,71,42,0.5915492957746479
2026-04-07 15:35:17,70,41,0.5857142857142857
2026-04-07 15:36:19,70,39,0.5571428571428572
2026-04-07 15:37:20,70,40,0.5714285714285714
2026-04-07 15:38:21,72,41,0.5694444444444444
2026-04-07 15:39:22,75,38,0.5066666666666667
2026-04-07 15:40:23,75,39,0.52
2026-04-07 15:41:24,74,44,0.5945945945945946
2026-04-07 15:42:25,75,40,0.5333333333333333
2026-04-07 15:43:26,76,39,0.5131578947368421
2026-04-07 15:44:27,77,42,0.5454545454545454
2026-04-07 15:45:28,78,41,0.5256410256410257
2026-04-07 15:46:29,77,36,0.4675324675324675
2026-04-07 15:47:30,75,42,0.56
2026-04-07 15:48:31,74,39,0.527027027027027
2026-04-07 15:49:32,74,37,0.5
2026-04-07 15:50:33,73,40,0.547945205479452
2026-04-07 15:51:34,72,38,0.5277777777777778
2026-04-07 15:52:35,71,40,0.5633802816901409
2026-04-07 15:53:36,70,40,0.5714285714285714
2026-04-07 15:54:37,69,38,0.5507246376811594
2026-04-07 15:55:38,69,42,0.6086956521739131
2026-04-07 15:56:39,68,42,0.6176470588235294
2026-04-07 15:57:40,67,35,0.5223880597014925
2026-04-07 15:58:41,67,41,0.6119402985074627
2026-04-07 15:59:42,67,39,0.582089552238806
2026-04-07 16:00:43,67,35,0.5223880597014925
2026-04-07 16:01:44,67,37,0.5522388059701493
2026-04-07 16:02:45,67,35,0.5223880597014925
2026-04-07 16:03:46,67,38,0.5671641791044776
2026-04-07 16:04:47,67,37,0.5522388059701493
2026-04-07 16:05:48,66,37,0.5606060606060606
2026-04-07 16:06:49,69,36,0.5217391304347826
2026-04-07 16:07:50,67,40,0.5970149253731343
2026-04-07 16:08:51,67,39,0.582089552238806
2026-04-07 16:09:52,68,35,0.5147058823529411
2026-04-07 16:10:53,69,42,0.6086956521739131
2026-04-07 16:11:54,68,39,0.5735294117647058
2026-04-07 16:12:54,68,38,0.5588235294117647
2026-04-07 16:13:55,67,40,0.5970149253731343
2026-04-07 16:14:56,66,38,0.5757575757575758
2026-04-07 16:15:57,69,42,0.6086956521739131
2026-04-07 16:16:58,70,42,0.6
2026-04-07 16:17:59,70,39,0.5571428571428572
2026-04-07 16:19:00,70,37,0.5285714285714286
2026-04-07 16:20:01,70,42,0.6
2026-04-07 16:21:02,69,38,0.5507246376811594
2026-04-07 16:22:03,69,42,0.6086956521739131
2026-04-07 16:23:04,69,43,0.6231884057971014
2026-04-07 16:24:05,68,35,0.5147058823529411
2026-04-07 16:25:06,69,39,0.5652173913043478
2026-04-07 16:26:07,70,41,0.5857142857142857
2026-04-07 16:27:08,71,40,0.5633802816901409
2026-04-07 16:28:09,70,41,0.5857142857142857
2026-04-07 16:29:10,70,47,0.6714285714285714
2026-04-07 16:30:11,71,37,0.5211267605633803
2026-04-07 16:31:12,70,41,0.5857142857142857
2026-04-07 16:32:13,69,39,0.5652173913043478
2026-04-07 16:33:14,68,35,0.5147058823529411
2026-04-07 16:34:15,69,40,0.5797101449275363
2026-04-07 16:35:16,68,42,0.6176470588235294
2026-04-07 16:36:17,69,38,0.5507246376811594
2026-04-07 16:37:18,69,40,0.5797101449275363
2026-04-07 16:38:19,70,41,0.5857142857142857
2026-04-07 16:39:20,71,33,0.4647887323943662
2026-04-07 16:40:21,71,43,0.6056338028169014
2026-04-07 16:41:22,70,41,0.5857142857142857
2026-04-07 16:42:23,70,35,0.5
2026-04-07 16:43:24,71,40,0.5633802816901409
2026-04-07 16:44:25,69,44,0.6376811594202898
2026-04-07 16:45:26,69,38,0.5507246376811594
2026-04-07 16:46:27,67,37,0.5522388059701493
2026-04-07 16:47:28,68,38,0.5588235294117647
2026-04-07 16:48:29,67,38,0.5671641791044776
2026-04-07 16:49:30,68,36,0.5294117647058824
2026-04-07 16:50:31,70,41,0.5857142857142857
2026-04-07 16:51:32,70,37,0.5285714285714286
2026-04-07 16:52:33,70,38,0.5428571428571428
2026-04-07 16:53:34,69,37,0.5362318840579711
2026-04-07 16:54:35,69,39,0.5652173913043478
2026-04-07 16:55:35,69,39,0.5652173913043478
2026-04-07 16:56:36,69,44,0.6376811594202898
2026-04-07 16:57:37,71,43,0.6056338028169014
2026-04-07 16:58:38,72,43,0.5972222222222222
2026-04-07 16:59:39,73,40,0.547945205479452
2026-04-07 17:00:40,73,35,0.4794520547945205
2026-04-07 17:01:41,72,40,0.5555555555555556
2026-04-07 17:02:42,74,43,0.581081081081081
2026-04-07 17:03:43,75,41,0.5466666666666666
2026-04-07 17:04:44,76,45,0.5921052631578947
2026-04-07 17:05:45,77,42,0.5454545454545454
2026-04-07 17:06:46,76,36,0.47368421052631576
2026-04-07 17:07:47,76,43,0.5657894736842105
2026-04-07 17:08:48,74,44,0.5945945945945946
2026-04-07 17:09:49,77,44,0.5714285714285714
2026-04-07 17:10:50,75,46,0.6133333333333333
2026-04-07 17:11:51,73,45,0.6164383561643836
2026-04-07 17:12:52,74,44,0.5945945945945946
2026-04-07 17:13:53,75,46,0.6133333333333333
2026-04-07 17:14:54,74,42,0.5675675675675675
2026-04-07 17:15:55,73,45,0.6164383561643836
2026-04-07 17:16:56,74,43,0.581081081081081
2026-04-07 17:17:57,72,41,0.5694444444444444
2026-04-07 17:18:58,74,42,0.5675675675675675
2026-04-07 17:19:59,74,40,0.5405405405405406
2026-04-07 17:21:00,74,44,0.5945945945945946
2026-04-07 17:22:01,73,42,0.5753424657534246
2026-04-07 17:23:02,73,48,0.6575342465753424
2026-04-07 17:24:03,72,41,0.5694444444444444
2026-04-07 17:25:04,69,39,0.5652173913043478
2026-04-07 17:26:06,69,46,0.6666666666666666
2026-04-07 17:27:07,69,42,0.6086956521739131
2026-04-07 17:28:08,68,41,0.6029411764705882
2026-04-07 17:29:09,65,45,0.6923076923076923
2026-04-07 17:30:10,65,29,0.4461538461538462
2026-04-07 17:31:11,65,21,0.3230769230769231
2026-04-07 17:32:12,65,24,0.36923076923076925
2026-04-07 17:33:13,65,27,0.4153846153846154
2026-04-07 17:34:14,65,28,0.4307692307692308
2026-04-07 17:35:15,65,26,0.4
2026-04-07 17:36:16,62,23,0.3709677419354839
2026-04-07 17:37:17,62,25,0.4032258064516129
2026-04-07 17:38:17,59,29,0.4915254237288136
2026-04-07 17:39:19,53,25,0.4716981132075472
2026-04-07 17:40:19,47,32,0.6808510638297872
2026-04-07 17:41:20,48,32,0.6666666666666666
2026-04-07 17:42:21,48,23,0.4791666666666667
2026-04-07 17:43:22,49,27,0.5510204081632653
2026-04-07 17:44:23,49,32,0.6530612244897959
2026-04-07 17:45:24,49,26,0.5306122448979592
2026-04-07 17:46:25,49,29,0.5918367346938775
2026-04-07 17:47:26,50,29,0.58
2026-04-07 17:48:27,51,22,0.43137254901960786
2026-04-07 17:49:28,52,26,0.5
2026-04-07 17:50:29,51,28,0.5490196078431373
2026-04-07 17:51:30,51,28,0.5490196078431373
2026-04-07 17:52:31,51,28,0.5490196078431373
2026-04-07 17:53:32,51,29,0.5686274509803921
2026-04-07 17:54:32,53,23,0.4339622641509434
2026-04-07 17:55:33,54,29,0.5370370370370371
2026-04-07 17:56:34,54,28,0.5185185185185185
2026-04-07 17:57:35,54,26,0.48148148148148145
2026-04-07 17:58:36,54,29,0.5370370370370371
2026-04-07 17:59:37,54,27,0.5
2026-04-07 18:00:38,52,22,0.4230769230769231
2026-04-07 18:01:39,51,26,0.5098039215686274
2026-04-07 18:02:40,48,25,0.5208333333333334
2026-04-07 18:03:41,50,22,0.44
2026-04-07 18:04:42,48,23,0.4791666666666667
2026-04-07 18:05:43,49,29,0.5918367346938775
2026-04-07 18:06:43,47,22,0.46808510638297873
2026-04-07 18:07:44,45,22,0.4888888888888889
2026-04-07 18:08:45,43,21,0.4883720930232558
2026-04-07 18:09:46,43,22,0.5116279069767442
2026-04-07 18:10:47,43,27,0.627906976744186
2026-04-07 18:11:48,43,24,0.5581395348837209
2026-04-07 18:12:49,43,21,0.4883720930232558
2026-04-07 18:13:50,43,25,0.5813953488372093
2026-04-07 18:14:50,43,24,0.5581395348837209
2026-04-07 18:15:51,44,22,0.5
2026-04-07 18:16:52,44,26,0.5909090909090909
2026-04-07 18:17:53,44,22,0.5
2026-04-07 18:18:54,45,23,0.5111111111111111
2026-04-07 18:19:55,45,23,0.5111111111111111
2026-04-07 18:20:55,46,21,0.45652173913043476
2026-04-07 18:21:56,45,7,0.15555555555555556
2026-04-07 18:22:57,45,9,0.2
2026-04-07 18:23:58,45,6,0.13333333333333333
2026-04-07 18:24:59,44,6,0.13636363636363635
2026-04-07 18:25:59,44,6,0.13636363636363635
2026-04-07 18:27:00,43,5,0.11627906976744186
2026-04-07 18:28:01,39,7,0.1794871794871795
2026-04-07 18:29:02,37,5,0.13513513513513514
2026-04-07 18:30:03,27,1,0.037037037037037035
2026-04-07 18:31:03,16,3,0.1875
2026-04-07 18:32:04,16,3,0.1875
2026-04-07 18:33:04,21,13,0.6190476190476191
2026-04-07 18:34:05,25,19,0.76
2026-04-07 18:35:06,35,26,0.7428571428571429
2026-04-07 18:36:07,37,23,0.6216216216216216
2026-04-07 18:37:07,38,24,0.631578947368421
2026-04-07 18:38:08,41,27,0.6585365853658537
2026-04-07 18:39:09,44,26,0.5909090909090909
2026-04-07 18:40:10,44,28,0.6363636363636364
2026-04-07 18:41:11,46,29,0.6304347826086957
2026-04-07 18:42:11,46,22,0.4782608695652174
2026-04-07 18:43:12,46,24,0.5217391304347826
2026-04-07 18:44:13,46,27,0.5869565217391305
2026-04-07 18:45:14,47,24,0.5106382978723404
2026-04-07 18:46:14,49,28,0.5714285714285714
2026-04-07 18:47:15,48,32,0.6666666666666666
2026-04-07 18:48:16,50,31,0.62
2026-04-07 18:49:17,51,31,0.6078431372549019
2026-04-07 18:50:18,51,34,0.6666666666666666
2026-04-07 18:51:18,51,24,0.47058823529411764
2026-04-07 18:52:19,51,25,0.49019607843137253
2026-04-07 18:53:20,52,29,0.5576923076923077
2026-04-07 18:54:21,52,30,0.5769230769230769
2026-04-07 18:55:22,52,29,0.5576923076923077
2026-04-07 18:56:22,52,28,0.5384615384615384
2026-04-07 18:57:23,51,23,0.45098039215686275
2026-04-07 18:58:24,51,30,0.5882352941176471
2026-04-07 18:59:25,50,27,0.54
2026-04-07 19:00:26,49,26,0.5306122448979592
2026-04-07 19:01:26,49,22,0.4489795918367347
2026-04-07 19:02:27,48,26,0.5416666666666666
2026-04-07 19:03:28,49,25,0.5102040816326531
2026-04-07 19:04:29,49,25,0.5102040816326531
2026-04-07 19:05:30,48,28,0.5833333333333334
2026-04-07 19:06:30,48,28,0.5833333333333334
2026-04-07 19:07:31,50,28,0.56
2026-04-07 19:08:32,49,28,0.5714285714285714
2026-04-07 19:09:33,50,27,0.54
2026-04-07 19:10:34,51,27,0.5294117647058824
2026-04-07 19:11:35,51,29,0.5686274509803921
2026-04-07 19:12:35,52,24,0.46153846153846156
2026-04-07 19:13:36,51,28,0.5490196078431373
2026-04-07 19:14:37,52,28,0.5384615384615384
2026-04-07 19:15:38,52,27,0.5192307692307693
2026-04-07 19:16:39,53,31,0.5849056603773585
2026-04-07 19:17:39,54,34,0.6296296296296297
2026-04-07 19:18:40,54,26,0.48148148148148145
2026-04-07 19:19:41,55,28,0.509090909090909
2026-04-07 19:20:42,54,29,0.5370370370370371
2026-04-07 19:21:43,53,26,0.49056603773584906
2026-04-07 19:22:44,57,37,0.6491228070175439
2026-04-07 19:23:44,58,39,0.6724137931034483
2026-04-07 19:24:45,60,31,0.5166666666666667
2026-04-07 19:25:46,61,28,0.45901639344262296
2026-04-07 19:26:47,61,34,0.5573770491803278
2026-04-07 19:27:48,61,31,0.5081967213114754
2026-04-07 19:28:49,61,32,0.5245901639344263
2026-04-07 19:29:50,62,33,0.532258064516129
2026-04-07 19:30:51,64,34,0.53125
2026-04-07 19:31:51,64,32,0.5
2026-04-07 19:32:52,67,34,0.5074626865671642
2026-04-07 19:33:53,64,24,0.375
2026-04-07 19:34:54,61,30,0.4918032786885246
2026-04-07 19:35:55,61,12,0.19672131147540983
2026-04-07 19:36:56,59,4,0.06779661016949153
2026-04-07 19:37:56,57,23,0.40350877192982454
2026-04-07 19:38:57,57,35,0.6140350877192983
2026-04-07 19:39:58,58,37,0.6379310344827587
2026-04-07 19:40:59,55,34,0.6181818181818182
2026-04-07 19:42:00,54,31,0.5740740740740741
2026-04-07 19:43:01,53,33,0.6226415094339622
2026-04-07 19:44:02,53,33,0.6226415094339622
2026-04-07 19:45:02,55,35,0.6363636363636364
2026-04-07 19:46:03,56,33,0.5892857142857143
2026-04-07 19:47:04,59,37,0.6271186440677966
2026-04-07 19:48:05,59,33,0.559322033898305
2026-04-07 19:49:06,61,34,0.5573770491803278
2026-04-07 19:50:07,61,39,0.639344262295082
2026-04-07 19:51:08,62,37,0.5967741935483871
2026-04-07 19:52:09,63,33,0.5238095238095238
2026-04-07 19:53:10,63,40,0.6349206349206349
2026-04-07 19:54:11,63,33,0.5238095238095238
2026-04-07 19:55:11,63,36,0.5714285714285714
2026-04-07 19:56:12,64,40,0.625
2026-04-07 19:57:13,62,31,0.5
2026-04-07 19:58:14,63,36,0.5714285714285714
2026-04-07 19:59:15,62,38,0.6129032258064516
2026-04-07 20:00:16,62,33,0.532258064516129
2026-04-07 20:01:17,61,36,0.5901639344262295
2026-04-07 20:02:18,62,42,0.6774193548387096
2026-04-07 20:03:18,61,34,0.5573770491803278
2026-04-07 20:04:19,61,36,0.5901639344262295
2026-04-07 20:05:20,60,39,0.65
2026-04-07 20:06:21,62,34,0.5483870967741935
2026-04-07 20:07:22,62,37,0.5967741935483871
2026-04-07 20:08:23,62,36,0.5806451612903226
2026-04-07 20:09:24,62,31,0.5
2026-04-07 20:10:25,60,36,0.6
2026-04-07 20:11:25,60,40,0.6666666666666666
2026-04-07 20:12:26,59,31,0.5254237288135594
2026-04-07 20:13:27,59,36,0.6101694915254238
2026-04-07 20:14:28,61,41,0.6721311475409836
2026-04-07 20:15:29,62,36,0.5806451612903226
2026-04-07 20:16:30,61,35,0.5737704918032787
2026-04-07 20:17:31,61,37,0.6065573770491803
2026-04-07 20:18:31,62,38,0.6129032258064516
2026-04-07 20:19:32,63,39,0.6190476190476191
2026-04-07 20:20:33,62,37,0.5967741935483871
2026-04-07 20:21:34,62,30,0.4838709677419355
2026-04-07 20:22:35,60,34,0.5666666666666667
2026-04-07 20:23:36,60,32,0.5333333333333333
2026-04-07 20:24:37,59,30,0.5084745762711864
2026-04-07 20:25:37,59,30,0.5084745762711864
2026-04-07 20:26:38,58,33,0.5689655172413793
2026-04-07 20:27:39,59,32,0.5423728813559322
2026-04-07 20:28:40,58,35,0.603448275862069
2026-04-07 20:29:41,56,32,0.5714285714285714
2026-04-07 20:30:42,55,30,0.5454545454545454
2026-04-07 20:31:42,56,33,0.5892857142857143
2026-04-07 20:32:43,58,43,0.7413793103448276
2026-04-07 20:33:44,59,41,0.6949152542372882
2026-04-07 20:34:45,60,43,0.7166666666666667
2026-04-07 20:35:46,61,42,0.6885245901639344
2026-04-07 20:36:47,62,35,0.5645161290322581
2026-04-07 20:37:48,64,41,0.640625
2026-04-07 20:38:48,65,40,0.6153846153846154
2026-04-07 20:39:49,67,43,0.6417910447761194
2026-04-07 20:40:50,68,42,0.6176470588235294
2026-04-07 20:41:51,68,42,0.6176470588235294
2026-04-07 20:42:52,68,39,0.5735294117647058
2026-04-07 20:43:53,68,44,0.6470588235294118
2026-04-07 20:44:54,66,42,0.6363636363636364
2026-04-07 20:45:55,65,39,0.6
2026-04-07 20:46:56,66,42,0.6363636363636364
2026-04-07 20:47:57,67,42,0.6268656716417911
2026-04-07 20:48:58,66,41,0.6212121212121212
2026-04-07 20:49:59,68,39,0.5735294117647058
2026-04-07 20:51:00,68,41,0.6029411764705882
2026-04-07 20:52:01,68,39,0.5735294117647058
2026-04-07 20:53:02,68,44,0.6470588235294118
2026-04-07 20:54:03,66,41,0.6212121212121212
2026-04-07 20:55:03,66,29,0.4393939393939394
2026-04-07 20:56:04,66,21,0.3181818181818182
2026-04-07 20:57:05,66,9,0.13636363636363635
2026-04-07 20:58:06,66,6,0.09090909090909091
2026-04-07 20:59:07,66,5,0.07575757575757576
2026-04-07 21:00:08,61,3,0.04918032786885246
2026-04-07 21:01:09,61,5,0.08196721311475409
2026-04-07 21:02:09,59,5,0.0847457627118644
2026-04-07 21:03:10,52,4,0.07692307692307693
2026-04-07 21:04:11,37,7,0.1891891891891892
2026-04-07 21:05:12,26,7,0.2692307692307692
2026-04-07 21:06:12,18,7,0.3888888888888889
2026-04-07 21:07:13,15,7,0.4666666666666667
2026-04-07 21:08:13,16,9,0.5625
2026-04-07 21:09:14,18,7,0.3888888888888889
2026-04-07 21:10:15,20,13,0.65
2026-04-07 21:11:15,32,25,0.78125
2026-04-07 21:12:16,38,26,0.6842105263157895
2026-04-07 21:13:17,49,39,0.7959183673469388
2026-04-07 21:14:18,54,40,0.7407407407407407
2026-04-07 21:15:18,57,28,0.49122807017543857
2026-04-07 21:16:19,59,41,0.6949152542372882
2026-04-07 21:17:20,61,42,0.6885245901639344
2026-04-07 21:18:21,61,39,0.639344262295082
2026-04-07 21:19:22,61,40,0.6557377049180327
2026-04-07 21:20:23,63,44,0.6984126984126984
2026-04-07 21:21:24,66,40,0.6060606060606061
2026-04-07 21:22:25,68,42,0.6176470588235294
2026-04-07 21:23:26,67,35,0.5223880597014925
2026-04-07 21:24:26,67,14,0.208955223880597
2026-04-07 21:25:27,67,6,0.08955223880597014
2026-04-07 21:26:28,66,5,0.07575757575757576
2026-04-07 21:27:29,66,3,0.045454545454545456
2026-04-07 21:28:30,66,3,0.045454545454545456
2026-04-07 21:29:30,63,7,0.1111111111111111
2026-04-07 21:30:31,59,5,0.0847457627118644
2026-04-07 21:31:32,56,6,0.10714285714285714
2026-04-07 21:32:33,45,8,0.17777777777777778
2026-04-07 21:33:33,26,5,0.19230769230769232
2026-04-07 21:34:34,16,7,0.4375
2026-04-07 21:35:35,13,3,0.23076923076923078
2026-04-07 21:36:35,13,3,0.23076923076923078
2026-04-07 21:37:36,13,5,0.38461538461538464
2026-04-07 21:38:36,13,4,0.3076923076923077
2026-04-07 21:39:37,13,4,0.3076923076923077
2026-04-07 21:40:38,12,6,0.5
2026-04-07 21:41:38,12,6,0.5
2026-04-07 21:42:39,12,4,0.3333333333333333
2026-04-07 21:43:39,13,5,0.38461538461538464
2026-04-07 21:44:40,14,8,0.5714285714285714
2026-04-07 21:45:41,14,6,0.42857142857142855
2026-04-07 21:46:41,14,7,0.5
2026-04-07 21:47:42,14,6,0.42857142857142855
2026-04-07 21:48:42,14,5,0.35714285714285715
2026-04-07 21:49:43,15,8,0.5333333333333333
2026-04-07 21:50:44,20,15,0.75
2026-04-07 21:51:44,32,25,0.78125
2026-04-07 21:52:45,47,38,0.8085106382978723
2026-04-07 21:53:46,54,38,0.7037037037037037
2026-04-07 21:54:47,57,34,0.5964912280701754
2026-04-07 21:55:47,58,32,0.5517241379310345
2026-04-07 21:56:48,58,35,0.603448275862069
2026-04-07 21:57:49,59,30,0.5084745762711864
2026-04-07 21:58:50,59,32,0.5423728813559322
2026-04-07 21:59:51,59,29,0.4915254237288136
2026-04-07 22:00:52,60,32,0.5333333333333333
2026-04-07 22:01:52,60,31,0.5166666666666667
2026-04-07 22:02:53,63,33,0.5238095238095238
2026-04-07 22:03:54,62,34,0.5483870967741935
2026-04-07 22:04:55,61,36,0.5901639344262295
2026-04-07 22:05:56,60,32,0.5333333333333333
2026-04-07 22:06:57,61,31,0.5081967213114754
2026-04-07 22:07:57,62,32,0.5161290322580645
2026-04-07 22:08:58,62,32,0.5161290322580645
2026-04-07 22:09:59,64,36,0.5625
2026-04-07 22:11:00,65,33,0.5076923076923077
2026-04-07 22:12:01,64,32,0.5
2026-04-07 22:13:02,64,36,0.5625
2026-04-07 22:14:03,65,42,0.6461538461538462
2026-04-07 22:15:04,67,39,0.582089552238806
2026-04-07 22:16:04,69,42,0.6086956521739131
2026-04-07 22:17:05,71,45,0.6338028169014085
2026-04-07 22:18:06,70,37,0.5285714285714286
2026-04-07 22:19:07,70,37,0.5285714285714286
2026-04-07 22:20:08,69,41,0.5942028985507246
2026-04-07 22:21:09,69,43,0.6231884057971014
2026-04-07 22:22:10,72,37,0.5138888888888888
2026-04-07 22:23:11,72,48,0.6666666666666666
2026-04-07 22:24:11,71,36,0.5070422535211268
2026-04-07 22:25:12,73,36,0.4931506849315068
2026-04-07 22:26:13,72,46,0.6388888888888888
2026-04-07 22:27:14,73,37,0.5068493150684932
2026-04-07 22:28:15,73,39,0.5342465753424658
2026-04-07 22:29:16,74,43,0.581081081081081
2026-04-07 22:30:17,75,42,0.56
2026-04-07 22:31:18,72,35,0.4861111111111111
2026-04-07 22:32:19,71,41,0.5774647887323944
2026-04-07 22:33:20,73,39,0.5342465753424658
2026-04-07 22:34:21,72,36,0.5
2026-04-07 22:35:22,72,44,0.6111111111111112
2026-04-07 22:36:23,72,37,0.5138888888888888
2026-04-07 22:37:23,72,35,0.4861111111111111
2026-04-07 22:38:24,72,43,0.5972222222222222
2026-04-07 22:39:25,72,43,0.5972222222222222
2026-04-07 22:40:26,71,40,0.5633802816901409
2026-04-07 22:41:27,71,41,0.5774647887323944
2026-04-07 22:42:28,71,35,0.49295774647887325
2026-04-07 22:43:29,71,32,0.4507042253521127
2026-04-07 22:44:30,70,36,0.5142857142857142
2026-04-07 22:45:31,71,36,0.5070422535211268
2026-04-07 22:46:32,72,39,0.5416666666666666
2026-04-07 22:47:33,70,38,0.5428571428571428
2026-04-07 22:48:34,71,38,0.5352112676056338
2026-04-07 22:49:35,73,36,0.4931506849315068
2026-04-07 22:50:36,72,38,0.5277777777777778
2026-04-07 22:51:37,72,33,0.4583333333333333
2026-04-07 22:52:38,72,40,0.5555555555555556
2026-04-07 22:53:39,72,45,0.625
2026-04-07 22:54:40,70,35,0.5
2026-04-07 22:55:41,70,33,0.4714285714285714
2026-04-07 22:56:41,70,37,0.5285714285714286
2026-04-07 22:57:42,71,43,0.6056338028169014
2026-04-07 22:58:43,72,40,0.5555555555555556
2026-04-07 22:59:44,72,42,0.5833333333333334
2026-04-07 23:00:45,71,41,0.5774647887323944
2026-04-07 23:01:46,71,32,0.4507042253521127
2026-04-07 23:02:47,71,34,0.4788732394366197
2026-04-07 23:03:48,71,40,0.5633802816901409
2026-04-07 23:04:49,72,37,0.5138888888888888
2026-04-07 23:05:50,71,38,0.5352112676056338
2026-04-07 23:06:51,71,37,0.5211267605633803
2026-04-07 23:07:52,72,35,0.4861111111111111
2026-04-07 23:08:53,72,40,0.5555555555555556
2026-04-07 23:09:54,71,40,0.5633802816901409
2026-04-07 23:10:55,71,37,0.5211267605633803
2026-04-07 23:11:56,70,40,0.5714285714285714
2026-04-07 23:12:57,69,37,0.5362318840579711
2026-04-07 23:13:58,69,34,0.4927536231884058
2026-04-07 23:14:59,68,37,0.5441176470588235
2026-04-07 23:16:00,70,37,0.5285714285714286
2026-04-07 23:17:01,70,37,0.5285714285714286
2026-04-07 23:18:02,71,36,0.5070422535211268
2026-04-07 23:19:03,72,38,0.5277777777777778
2026-04-07 23:20:04,72,35,0.4861111111111111
2026-04-07 23:21:05,72,37,0.5138888888888888
2026-04-07 23:22:05,72,38,0.5277777777777778
2026-04-07 23:23:06,71,39,0.5492957746478874
2026-04-07 23:24:07,70,32,0.45714285714285713
2026-04-07 23:25:08,72,38,0.5277777777777778
2026-04-07 23:26:09,71,40,0.5633802816901409
2026-04-07 23:27:10,72,36,0.5
2026-04-07 23:28:11,72,40,0.5555555555555556
2026-04-07 23:29:12,72,43,0.5972222222222222
2026-04-07 23:30:13,74,35,0.47297297297297297
2026-04-07 23:31:14,75,37,0.49333333333333335
2026-04-07 23:32:15,74,44,0.5945945945945946
2026-04-07 23:33:16,73,37,0.5068493150684932
2026-04-07 23:34:17,74,38,0.5135135135135135
2026-04-07 23:35:18,74,42,0.5675675675675675
2026-04-07 23:36:19,73,33,0.4520547945205479
2026-04-07 23:37:20,71,39,0.5492957746478874
2026-04-07 23:38:20,69,37,0.5362318840579711
2026-04-07 23:39:21,70,36,0.5142857142857142
2026-04-07 23:40:22,70,38,0.5428571428571428
2026-04-07 23:41:23,69,43,0.6231884057971014
2026-04-07 23:42:24,68,37,0.5441176470588235
2026-04-07 23:43:25,67,37,0.5522388059701493
2026-04-07 23:44:26,67,37,0.5522388059701493
2026-04-07 23:45:27,67,35,0.5223880597014925
2026-04-07 23:46:28,66,38,0.5757575757575758
2026-04-07 23:47:29,66,37,0.5606060606060606
2026-04-07 23:48:30,68,32,0.47058823529411764
2026-04-07 23:49:31,69,37,0.5362318840579711
2026-04-07 23:50:32,70,39,0.5571428571428572
2026-04-07 23:51:32,72,34,0.4722222222222222
2026-04-07 23:52:33,72,36,0.5
2026-04-07 23:53:34,71,37,0.5211267605633803
2026-04-07 23:54:35,72,38,0.5277777777777778
2026-04-07 23:55:36,72,35,0.4861111111111111
2026-04-07 23:56:37,72,37,0.5138888888888888
2026-04-07 23:57:38,71,38,0.5352112676056338
2026-04-07 23:58:39,71,37,0.5211267605633803
2026-04-07 23:59:40,70,39,0.5571428571428572
2026-04-08 00:00:41,69,39,0.5652173913043478
2026-04-08 00:01:42,68,40,0.5882352941176471
2026-04-08 00:02:43,68,38,0.5588235294117647
2026-04-08 00:03:44,69,36,0.5217391304347826
2026-04-08 00:04:45,69,36,0.5217391304347826
2026-04-08 00:05:46,69,39,0.5652173913043478
2026-04-08 00:06:47,69,41,0.5942028985507246
2026-04-08 00:07:47,69,34,0.4927536231884058
2026-04-08 00:08:48,68,41,0.6029411764705882
2026-04-08 00:09:49,69,41,0.5942028985507246
2026-04-08 00:10:50,69,41,0.5942028985507246
2026-04-08 00:11:51,69,41,0.5942028985507246
2026-04-08 00:12:52,71,42,0.5915492957746479
2026-04-08 00:13:53,71,39,0.5492957746478874
2026-04-08 00:14:54,71,42,0.5915492957746479
2026-04-08 00:15:55,71,44,0.6197183098591549
2026-04-08 00:16:56,72,43,0.5972222222222222
2026-04-08 00:17:57,72,44,0.6111111111111112
2026-04-08 00:18:58,72,42,0.5833333333333334
2026-04-08 00:19:59,72,38,0.5277777777777778
2026-04-08 00:21:00,71,42,0.5915492957746479
2026-04-08 00:22:01,70,40,0.5714285714285714
2026-04-08 00:23:02,70,41,0.5857142857142857
2026-04-08 00:24:03,68,38,0.5588235294117647
2026-04-08 00:25:04,68,36,0.5294117647058824
2026-04-08 00:26:05,68,39,0.5735294117647058
2026-04-08 00:27:06,68,38,0.5588235294117647
2026-04-08 00:28:07,68,38,0.5588235294117647
2026-04-08 00:29:07,70,45,0.6428571428571429
2026-04-08 00:30:08,71,39,0.5492957746478874
2026-04-08 00:31:09,69,37,0.5362318840579711
2026-04-08 00:32:10,70,43,0.6142857142857143
2026-04-08 00:33:11,70,37,0.5285714285714286
2026-04-08 00:34:12,70,35,0.5
2026-04-08 00:35:13,69,43,0.6231884057971014
2026-04-08 00:36:14,69,36,0.5217391304347826
2026-04-08 00:37:15,69,39,0.5652173913043478
2026-04-08 00:38:16,69,39,0.5652173913043478
2026-04-08 00:39:17,69,37,0.5362318840579711
2026-04-08 00:40:18,70,38,0.5428571428571428
2026-04-08 00:41:19,72,44,0.6111111111111112
2026-04-08 00:42:20,71,33,0.4647887323943662
2026-04-08 00:43:21,69,41,0.5942028985507246
2026-04-08 00:44:22,69,41,0.5942028985507246
2026-04-08 00:45:22,71,41,0.5774647887323944
2026-04-08 00:46:23,71,41,0.5774647887323944
2026-04-08 00:47:24,71,43,0.6056338028169014
2026-04-08 00:48:25,70,34,0.4857142857142857
2026-04-08 00:49:26,71,40,0.5633802816901409
2026-04-08 00:50:27,73,45,0.6164383561643836
2026-04-08 00:51:28,74,40,0.5405405405405406
2026-04-08 00:52:29,74,42,0.5675675675675675
2026-04-08 00:53:30,75,46,0.6133333333333333
2026-04-08 00:54:31,74,42,0.5675675675675675
2026-04-08 00:55:32,73,38,0.5205479452054794
2026-04-08 00:56:33,73,43,0.589041095890411
2026-04-08 00:57:34,73,40,0.547945205479452
2026-04-08 00:58:35,74,38,0.5135135135135135
2026-04-08 00:59:36,73,42,0.5753424657534246
2026-04-08 01:00:37,73,33,0.4520547945205479
2026-04-08 01:01:38,73,35,0.4794520547945205
2026-04-08 01:02:39,73,41,0.5616438356164384
2026-04-08 01:03:40,73,40,0.547945205479452
2026-04-08 01:04:41,72,37,0.5138888888888888
2026-04-08 01:05:41,72,44,0.6111111111111112
2026-04-08 01:06:42,71,39,0.5492957746478874
2026-04-08 01:07:43,67,34,0.5074626865671642
2026-04-08 01:08:44,66,41,0.6212121212121212
2026-04-08 01:09:45,65,39,0.6
2026-04-08 01:10:46,66,38,0.5757575757575758
2026-04-08 01:11:47,67,42,0.6268656716417911
2026-04-08 01:12:48,68,39,0.5735294117647058
2026-04-08 01:13:49,69,35,0.5072463768115942
2026-04-08 01:14:50,69,41,0.5942028985507246
2026-04-08 01:15:51,67,37,0.5522388059701493
2026-04-08 01:16:52,67,41,0.6119402985074627
2026-04-08 01:17:53,69,42,0.6086956521739131
2026-04-08 01:18:54,70,40,0.5714285714285714
2026-04-08 01:19:55,71,40,0.5633802816901409
2026-04-08 01:20:56,71,40,0.5633802816901409
2026-04-08 01:21:56,70,44,0.6285714285714286
2026-04-08 01:22:58,70,40,0.5714285714285714
2026-04-08 01:23:58,71,39,0.5492957746478874
2026-04-08 01:24:59,74,42,0.5675675675675675
2026-04-08 01:26:00,76,41,0.5394736842105263
2026-04-08 01:27:01,76,37,0.4868421052631579
2026-04-08 01:28:02,75,40,0.5333333333333333
2026-04-08 01:29:03,73,42,0.5753424657534246
2026-04-08 01:30:04,73,39,0.5342465753424658
2026-04-08 01:31:05,74,35,0.47297297297297297
2026-04-08 01:32:06,74,36,0.4864864864864865
2026-04-08 01:33:07,73,31,0.4246575342465753
2026-04-08 01:34:08,71,39,0.5492957746478874
2026-04-08 01:35:09,69,42,0.6086956521739131
2026-04-08 01:36:10,67,37,0.5522388059701493
2026-04-08 01:37:11,67,32,0.47761194029850745
2026-04-08 01:38:12,67,36,0.5373134328358209
2026-04-08 01:39:13,66,34,0.5151515151515151
2026-04-08 01:40:14,64,35,0.546875
2026-04-08 01:41:15,64,43,0.671875
2026-04-08 01:42:16,64,31,0.484375
2026-04-08 01:43:17,65,34,0.5230769230769231
2026-04-08 01:44:18,65,33,0.5076923076923077
2026-04-08 01:45:19,65,32,0.49230769230769234
2026-04-08 01:46:20,68,38,0.5588235294117647
2026-04-08 01:47:21,67,37,0.5522388059701493
2026-04-08 01:48:22,65,31,0.47692307692307695
2026-04-08 01:49:23,65,32,0.49230769230769234
2026-04-08 01:50:24,66,37,0.5606060606060606
2026-04-08 01:51:25,67,32,0.47761194029850745
2026-04-08 01:52:26,68,32,0.47058823529411764
2026-04-08 01:53:27,68,38,0.5588235294117647
2026-04-08 01:54:28,69,35,0.5072463768115942
2026-04-08 01:55:29,68,37,0.5441176470588235
2026-04-08 01:56:30,66,43,0.6515151515151515
2026-04-08 01:57:31,66,39,0.5909090909090909
2026-04-08 01:58:32,67,40,0.5970149253731343
2026-04-08 01:59:33,68,44,0.6470588235294118
2026-04-08 02:00:34,70,39,0.5571428571428572
2026-04-08 02:01:35,71,37,0.5211267605633803
2026-04-08 02:02:36,71,34,0.4788732394366197
2026-04-08 02:03:37,71,40,0.5633802816901409
2026-04-08 02:04:38,71,35,0.49295774647887325
2026-04-08 02:05:39,71,41,0.5774647887323944
2026-04-08 02:06:40,72,37,0.5138888888888888
2026-04-08 02:07:41,70,35,0.5
2026-04-08 02:08:42,70,38,0.5428571428571428
2026-04-08 02:09:43,70,37,0.5285714285714286
2026-04-08 02:10:44,71,37,0.5211267605633803
2026-04-08 02:11:45,70,37,0.5285714285714286
2026-04-08 02:12:47,69,38,0.5507246376811594
2026-04-08 02:13:48,67,35,0.5223880597014925
2026-04-08 02:14:49,68,38,0.5588235294117647
2026-04-08 02:15:50,67,35,0.5223880597014925
2026-04-08 02:16:51,65,36,0.5538461538461539
2026-04-08 02:17:52,64,37,0.578125
2026-04-08 02:18:53,63,35,0.5555555555555556
2026-04-08 02:19:54,63,32,0.5079365079365079
2026-04-08 02:20:55,61,31,0.5081967213114754
2026-04-08 02:21:55,61,36,0.5901639344262295
2026-04-08 02:22:56,60,34,0.5666666666666667
2026-04-08 02:23:57,60,35,0.5833333333333334
2026-04-08 02:24:58,61,35,0.5737704918032787
2026-04-08 02:25:59,62,35,0.5645161290322581
2026-04-08 02:27:00,63,34,0.5396825396825397
2026-04-08 02:28:01,62,35,0.5645161290322581
2026-04-08 02:29:02,64,40,0.625
2026-04-08 02:30:03,65,40,0.6153846153846154
2026-04-08 02:31:04,65,34,0.5230769230769231
2026-04-08 02:32:05,66,41,0.6212121212121212
2026-04-08 02:33:06,66,36,0.5454545454545454
2026-04-08 02:34:07,65,34,0.5230769230769231
2026-04-08 02:35:08,64,38,0.59375
2026-04-08 02:36:09,66,34,0.5151515151515151
2026-04-08 02:37:10,66,37,0.5606060606060606
2026-04-08 02:38:11,66,41,0.6212121212121212
2026-04-08 02:39:12,65,33,0.5076923076923077
2026-04-08 02:40:12,63,34,0.5396825396825397
2026-04-08 02:41:13,63,41,0.6507936507936508
2026-04-08 02:42:14,64,30,0.46875
2026-04-08 02:43:15,65,33,0.5076923076923077
2026-04-08 02:44:16,65,35,0.5384615384615384
2026-04-08 02:45:17,66,32,0.48484848484848486
2026-04-08 02:46:18,66,37,0.5606060606060606
2026-04-08 02:47:19,67,40,0.5970149253731343
2026-04-08 02:48:20,67,33,0.4925373134328358
2026-04-08 02:49:21,67,34,0.5074626865671642
2026-04-08 02:50:22,67,37,0.5522388059701493
2026-04-08 02:51:23,67,31,0.4626865671641791
2026-04-08 02:52:24,66,38,0.5757575757575758
2026-04-08 02:53:25,67,33,0.4925373134328358
2026-04-08 02:54:26,68,28,0.4117647058823529
2026-04-08 02:55:27,68,30,0.4411764705882353
2026-04-08 02:56:28,66,32,0.48484848484848486
2026-04-08 02:57:29,67,30,0.44776119402985076
2026-04-08 02:58:30,67,34,0.5074626865671642
2026-04-08 02:59:31,67,31,0.4626865671641791
2026-04-08 03:00:32,65,26,0.4
2026-04-08 03:01:33,67,29,0.43283582089552236
2026-04-08 03:02:34,66,34,0.5151515151515151
2026-04-08 03:03:35,63,31,0.49206349206349204
2026-04-08 03:04:36,64,34,0.53125
2026-04-08 03:05:37,63,33,0.5238095238095238
2026-04-08 03:06:38,62,26,0.41935483870967744
2026-04-08 03:07:39,63,31,0.49206349206349204
2026-04-08 03:08:40,63,35,0.5555555555555556
2026-04-08 03:09:40,63,30,0.47619047619047616
2026-04-08 03:10:41,63,28,0.4444444444444444
2026-04-08 03:11:42,62,34,0.5483870967741935
2026-04-08 03:12:43,64,28,0.4375
2026-04-08 03:13:44,64,30,0.46875
2026-04-08 03:14:45,64,34,0.53125
2026-04-08 03:15:46,65,37,0.5692307692307692
2026-04-08 03:16:47,64,30,0.46875
2026-04-08 03:17:48,64,35,0.546875
2026-04-08 03:18:49,65,33,0.5076923076923077
2026-04-08 03:19:50,65,29,0.4461538461538462
2026-04-08 03:20:51,64,31,0.484375
2026-04-08 03:21:52,64,31,0.484375
2026-04-08 03:22:53,62,33,0.532258064516129
2026-04-08 03:23:54,61,36,0.5901639344262295
2026-04-08 03:24:55,61,31,0.5081967213114754
2026-04-08 03:25:56,61,28,0.45901639344262296
2026-04-08 03:26:57,61,31,0.5081967213114754
2026-04-08 03:27:58,60,36,0.6
2026-04-08 03:28:58,60,33,0.55
2026-04-08 03:29:59,58,35,0.603448275862069
2026-04-08 03:31:00,60,35,0.5833333333333334
2026-04-08 03:32:01,60,33,0.55
2026-04-08 03:33:02,61,33,0.5409836065573771
2026-04-08 03:34:03,60,37,0.6166666666666667
2026-04-08 03:35:04,61,35,0.5737704918032787
2026-04-08 03:36:05,62,31,0.5
2026-04-08 03:37:06,63,30,0.47619047619047616
2026-04-08 03:38:07,64,40,0.625
2026-04-08 03:39:08,64,28,0.4375
2026-04-08 03:40:09,64,32,0.5
2026-04-08 03:41:10,62,38,0.6129032258064516
2026-04-08 03:42:11,62,29,0.46774193548387094
2026-04-08 03:43:12,64,31,0.484375
2026-04-08 03:44:13,63,37,0.5873015873015873
2026-04-08 03:45:14,63,30,0.47619047619047616
2026-04-08 03:46:15,64,35,0.546875
2026-04-08 03:47:16,65,37,0.5692307692307692
2026-04-08 03:48:17,65,29,0.4461538461538462
2026-04-08 03:49:18,65,29,0.4461538461538462
2026-04-08 03:50:19,64,32,0.5
2026-04-08 03:51:20,64,27,0.421875
2026-04-08 03:52:20,64,32,0.5
2026-04-08 03:53:21,64,29,0.453125
2026-04-08 03:54:22,64,30,0.46875
2026-04-08 03:55:23,62,29,0.46774193548387094
2026-04-08 03:56:24,61,34,0.5573770491803278
2026-04-08 03:57:25,63,29,0.4603174603174603
2026-04-08 03:58:26,61,30,0.4918032786885246
2026-04-08 03:59:27,63,38,0.6031746031746031
2026-04-08 04:00:28,63,29,0.4603174603174603
2026-04-08 04:01:29,63,28,0.4444444444444444
2026-04-08 04:02:30,63,32,0.5079365079365079
2026-04-08 04:03:31,62,30,0.4838709677419355
2026-04-08 04:04:32,61,36,0.5901639344262295
2026-04-08 04:05:33,59,34,0.576271186440678
2026-04-08 04:06:34,59,29,0.4915254237288136
2026-04-08 04:07:35,60,30,0.5
2026-04-08 04:08:36,59,32,0.5423728813559322
2026-04-08 04:09:36,58,27,0.46551724137931033
2026-04-08 04:10:37,58,30,0.5172413793103449
2026-04-08 04:11:38,58,32,0.5517241379310345
2026-04-08 04:12:39,59,30,0.5084745762711864
2026-04-08 04:13:40,59,28,0.4745762711864407
2026-04-08 04:14:41,57,30,0.5263157894736842
2026-04-08 04:15:42,58,27,0.46551724137931033
2026-04-08 04:16:43,58,30,0.5172413793103449
2026-04-08 04:17:43,57,32,0.5614035087719298
2026-04-08 04:18:44,55,31,0.5636363636363636
2026-04-08 04:19:45,56,31,0.5535714285714286
2026-04-08 04:20:46,57,34,0.5964912280701754
2026-04-08 04:21:47,59,30,0.5084745762711864
2026-04-08 04:22:48,60,34,0.5666666666666667
2026-04-08 04:23:49,59,37,0.6271186440677966
2026-04-08 04:24:50,62,36,0.5806451612903226
2026-04-08 04:25:51,63,31,0.49206349206349204
2026-04-08 04:26:52,63,33,0.5238095238095238
2026-04-08 04:27:53,63,29,0.4603174603174603
2026-04-08 04:28:53,63,34,0.5396825396825397
2026-04-08 04:29:54,62,35,0.5645161290322581
2026-04-08 04:30:55,62,33,0.532258064516129
2026-04-08 04:31:56,62,31,0.5
2026-04-08 04:32:57,63,36,0.5714285714285714
2026-04-08 04:33:58,63,36,0.5714285714285714
2026-04-08 04:34:59,64,38,0.59375
2026-04-08 04:36:00,61,37,0.6065573770491803
2026-04-08 04:37:01,62,37,0.5967741935483871
2026-04-08 04:38:02,62,33,0.532258064516129
2026-04-08 04:39:03,62,35,0.5645161290322581
2026-04-08 04:40:04,63,38,0.6031746031746031
2026-04-08 04:41:05,64,41,0.640625
2026-04-08 04:42:06,67,36,0.5373134328358209
2026-04-08 04:43:07,68,37,0.5441176470588235
2026-04-08 04:44:08,67,41,0.6119402985074627
2026-04-08 04:45:09,67,39,0.582089552238806
2026-04-08 04:46:09,67,38,0.5671641791044776
2026-04-08 04:47:10,67,37,0.5522388059701493
2026-04-08 04:48:11,68,34,0.5
2026-04-08 04:49:12,68,38,0.5588235294117647
2026-04-08 04:50:13,67,36,0.5373134328358209
2026-04-08 04:51:14,66,33,0.5
2026-04-08 04:52:15,66,38,0.5757575757575758
2026-04-08 04:53:16,66,39,0.5909090909090909
2026-04-08 04:54:17,65,35,0.5384615384615384
2026-04-08 04:55:18,63,37,0.5873015873015873
2026-04-08 04:56:19,61,39,0.639344262295082
2026-04-08 04:57:20,61,36,0.5901639344262295
2026-04-08 04:58:21,62,39,0.6290322580645161
2026-04-08 04:59:22,63,41,0.6507936507936508
2026-04-08 05:00:23,62,34,0.5483870967741935
2026-04-08 05:01:24,62,30,0.4838709677419355
2026-04-08 05:02:24,63,42,0.6666666666666666
2026-04-08 05:03:25,64,26,0.40625
2026-04-08 05:04:26,64,20,0.3125
2026-04-08 05:05:27,66,40,0.6060606060606061
2026-04-08 05:06:28,67,38,0.5671641791044776
2026-04-08 05:07:29,67,19,0.2835820895522388
2026-04-08 05:08:30,66,18,0.2727272727272727
2026-04-08 05:09:31,66,7,0.10606060606060606
2026-04-08 05:10:32,65,6,0.09230769230769231
2026-04-08 05:11:32,65,6,0.09230769230769231
2026-04-08 05:12:33,61,4,0.06557377049180328
2026-04-08 05:13:34,60,6,0.1
2026-04-08 05:14:35,58,9,0.15517241379310345
2026-04-08 05:15:36,53,10,0.18867924528301888
2026-04-08 05:16:36,39,14,0.358974358974359
2026-04-08 05:17:37,28,7,0.25
2026-04-08 05:18:38,23,4,0.17391304347826086
2026-04-08 05:19:38,21,4,0.19047619047619047
2026-04-08 05:20:39,20,7,0.35
2026-04-08 05:21:40,21,6,0.2857142857142857
2026-04-08 05:22:40,21,6,0.2857142857142857
2026-04-08 05:23:41,21,7,0.3333333333333333
2026-04-08 05:24:42,21,3,0.14285714285714285
2026-04-08 05:25:42,21,5,0.23809523809523808
2026-04-08 05:26:43,23,17,0.7391304347826086
2026-04-08 05:27:44,30,22,0.7333333333333333
2026-04-08 05:28:44,53,45,0.8490566037735849
2026-04-08 05:29:45,57,47,0.8245614035087719
2026-04-08 05:30:46,67,49,0.7313432835820896
2026-04-08 05:31:47,70,43,0.6142857142857143
2026-04-08 05:32:48,70,44,0.6285714285714286
2026-04-08 05:33:49,71,44,0.6197183098591549
2026-04-08 05:34:50,71,45,0.6338028169014085
2026-04-08 05:35:51,71,45,0.6338028169014085
2026-04-08 05:36:52,73,42,0.5753424657534246
2026-04-08 05:37:52,75,46,0.6133333333333333
2026-04-08 05:38:53,76,45,0.5921052631578947
2026-04-08 05:39:54,76,42,0.5526315789473685
2026-04-08 05:40:55,75,42,0.56
2026-04-08 05:41:56,76,42,0.5526315789473685
2026-04-08 05:42:57,74,37,0.5
2026-04-08 05:43:58,74,44,0.5945945945945946
2026-04-08 05:44:59,76,42,0.5526315789473685
2026-04-08 05:46:00,76,42,0.5526315789473685
2026-04-08 05:47:01,76,42,0.5526315789473685
2026-04-08 05:48:02,74,37,0.5
2026-04-08 05:49:03,72,39,0.5416666666666666
2026-04-08 05:50:04,74,46,0.6216216216216216
2026-04-08 05:51:05,74,40,0.5405405405405406
2026-04-08 05:52:06,72,37,0.5138888888888888
2026-04-08 05:53:07,70,40,0.5714285714285714
2026-04-08 05:54:08,70,40,0.5714285714285714
2026-04-08 05:55:09,70,37,0.5285714285714286
2026-04-08 05:56:10,72,41,0.5694444444444444
2026-04-08 05:57:11,70,35,0.5
2026-04-08 05:58:12,69,39,0.5652173913043478
2026-04-08 05:59:13,69,45,0.6521739130434783
2026-04-08 06:00:14,67,35,0.5223880597014925
2026-04-08 06:01:15,69,40,0.5797101449275363
2026-04-08 06:02:16,69,36,0.5217391304347826
2026-04-08 06:03:17,69,36,0.5217391304347826
2026-04-08 06:04:18,68,40,0.5882352941176471
2026-04-08 06:05:19,67,39,0.582089552238806
2026-04-08 06:06:19,66,32,0.48484848484848486
2026-04-08 06:07:20,66,39,0.5909090909090909
2026-04-08 06:08:21,66,36,0.5454545454545454
2026-04-08 06:09:22,66,34,0.5151515151515151
2026-04-08 06:10:23,65,37,0.5692307692307692
2026-04-08 06:11:24,63,36,0.5714285714285714
2026-04-08 06:12:25,61,34,0.5573770491803278
2026-04-08 06:13:26,61,34,0.5573770491803278
2026-04-08 06:14:27,62,38,0.6129032258064516
2026-04-08 06:15:27,62,39,0.6290322580645161
2026-04-08 06:16:28,62,36,0.5806451612903226
2026-04-08 06:17:29,62,37,0.5967741935483871
2026-04-08 06:18:30,60,33,0.55
2026-04-08 06:19:31,60,33,0.55
2026-04-08 06:20:32,61,30,0.4918032786885246
2026-04-08 06:21:33,60,33,0.55
2026-04-08 06:22:34,59,34,0.576271186440678
2026-04-08 06:23:34,59,34,0.576271186440678
2026-04-08 06:24:35,59,33,0.559322033898305
2026-04-08 06:25:36,59,35,0.5932203389830508
2026-04-08 06:26:37,60,36,0.6
2026-04-08 06:27:38,62,37,0.5967741935483871
2026-04-08 06:28:39,63,40,0.6349206349206349
2026-04-08 06:29:40,64,39,0.609375
2026-04-08 06:30:41,65,33,0.5076923076923077
2026-04-08 06:31:42,65,36,0.5538461538461539
2026-04-08 06:32:42,65,41,0.6307692307692307
2026-04-08 06:33:43,67,44,0.6567164179104478
2026-04-08 06:34:44,67,41,0.6119402985074627
2026-04-08 06:35:45,68,35,0.5147058823529411
2026-04-08 06:36:46,68,38,0.5588235294117647
2026-04-08 06:37:47,67,39,0.582089552238806
2026-04-08 06:38:48,65,37,0.5692307692307692
2026-04-08 06:39:49,66,35,0.5303030303030303
2026-04-08 06:40:50,66,38,0.5757575757575758
2026-04-08 06:41:51,65,33,0.5076923076923077
2026-04-08 06:42:52,63,33,0.5238095238095238
2026-04-08 06:43:53,64,30,0.46875
2026-04-08 06:44:54,65,31,0.47692307692307695
2026-04-08 06:45:55,63,31,0.49206349206349204
2026-04-08 06:46:55,64,33,0.515625
2026-04-08 06:47:56,64,32,0.5
2026-04-08 06:48:57,62,32,0.5161290322580645
2026-04-08 06:49:58,60,37,0.6166666666666667
2026-04-08 06:50:59,62,40,0.6451612903225806
2026-04-08 06:52:00,62,36,0.5806451612903226
2026-04-08 06:53:01,62,39,0.6290322580645161
2026-04-08 06:54:02,63,39,0.6190476190476191
2026-04-08 06:55:03,62,33,0.532258064516129
2026-04-08 06:56:04,62,40,0.6451612903225806
2026-04-08 06:57:05,62,36,0.5806451612903226
2026-04-08 06:58:06,62,36,0.5806451612903226
2026-04-08 06:59:07,60,37,0.6166666666666667
2026-04-08 07:00:08,60,36,0.6
2026-04-08 07:01:08,60,35,0.5833333333333334
2026-04-08 07:02:09,62,39,0.6290322580645161
2026-04-08 07:03:10,65,41,0.6307692307692307
2026-04-08 07:04:11,65,37,0.5692307692307692
2026-04-08 07:05:12,65,35,0.5384615384615384
2026-04-08 07:06:13,64,33,0.515625
2026-04-08 07:07:14,64,36,0.5625
2026-04-08 07:08:15,64,37,0.578125
2026-04-08 07:09:16,65,39,0.6
2026-04-08 07:10:17,65,35,0.5384615384615384
2026-04-08 07:11:18,65,42,0.6461538461538462
2026-04-08 07:12:19,63,33,0.5238095238095238
2026-04-08 07:13:20,63,38,0.6031746031746031
2026-04-08 07:14:21,62,42,0.6774193548387096
2026-04-08 07:15:21,63,42,0.6666666666666666
2026-04-08 07:16:22,64,40,0.625
2026-04-08 07:17:23,64,44,0.6875
2026-04-08 07:18:24,67,48,0.7164179104477612
2026-04-08 07:19:25,66,40,0.6060606060606061
2026-04-08 07:20:26,66,40,0.6060606060606061
2026-04-08 07:21:27,66,36,0.5454545454545454
2026-04-08 07:22:28,67,42,0.6268656716417911
2026-04-08 07:23:29,67,41,0.6119402985074627
2026-04-08 07:24:30,67,43,0.6417910447761194
2026-04-08 07:25:31,66,40,0.6060606060606061
2026-04-08 07:26:32,66,39,0.5909090909090909
2026-04-08 07:27:33,67,38,0.5671641791044776
2026-04-08 07:28:33,68,39,0.5735294117647058
2026-04-08 07:29:34,70,41,0.5857142857142857
2026-04-08 07:30:35,69,42,0.6086956521739131
2026-04-08 07:31:36,69,39,0.5652173913043478
2026-04-08 07:32:37,68,40,0.5882352941176471
2026-04-08 07:33:38,68,41,0.6029411764705882
2026-04-08 07:34:39,68,41,0.6029411764705882
2026-04-08 07:35:40,68,44,0.6470588235294118
2026-04-08 07:36:41,68,38,0.5588235294117647
2026-04-08 07:37:42,68,35,0.5147058823529411
2026-04-08 07:38:43,69,41,0.5942028985507246
2026-04-08 07:39:44,69,33,0.4782608695652174
2026-04-08 07:40:45,68,35,0.5147058823529411
2026-04-08 07:41:46,68,40,0.5882352941176471
2026-04-08 07:42:47,68,35,0.5147058823529411
2026-04-08 07:43:48,68,34,0.5
2026-04-08 07:44:49,65,37,0.5692307692307692
2026-04-08 07:45:49,64,36,0.5625
2026-04-08 07:46:50,64,36,0.5625
2026-04-08 07:47:51,64,43,0.671875
2026-04-08 07:48:52,63,40,0.6349206349206349
2026-04-08 07:49:53,64,40,0.625
2026-04-08 07:50:54,66,41,0.6212121212121212
2026-04-08 07:51:55,68,42,0.6176470588235294
2026-04-08 07:52:56,69,43,0.6231884057971014
2026-04-08 07:53:57,69,42,0.6086956521739131
2026-04-08 07:54:58,70,41,0.5857142857142857
2026-04-08 07:55:59,69,35,0.5072463768115942
2026-04-08 07:57:00,69,40,0.5797101449275363
2026-04-08 07:58:01,70,37,0.5285714285714286
2026-04-08 07:59:02,69,44,0.6376811594202898
2026-04-08 08:00:03,68,36,0.5294117647058824
2026-04-08 08:01:04,68,41,0.6029411764705882
2026-04-08 08:02:05,67,38,0.5671641791044776
2026-04-08 08:03:06,68,41,0.6029411764705882
2026-04-08 08:04:06,68,31,0.45588235294117646
2026-04-08 08:05:07,66,38,0.5757575757575758
2026-04-08 08:06:08,66,43,0.6515151515151515
2026-04-08 08:07:09,67,37,0.5522388059701493
2026-04-08 08:08:10,67,41,0.6119402985074627
2026-04-08 08:09:11,67,38,0.5671641791044776
2026-04-08 08:10:12,67,34,0.5074626865671642
2026-04-08 08:11:13,65,43,0.6615384615384615
2026-04-08 08:12:14,65,38,0.5846153846153846
2026-04-08 08:13:15,65,34,0.5230769230769231
2026-04-08 08:14:16,65,41,0.6307692307692307
2026-04-08 08:15:17,65,37,0.5692307692307692
2026-04-08 08:16:18,66,37,0.5606060606060606
2026-04-08 08:17:19,65,38,0.5846153846153846
2026-04-08 08:18:20,65,41,0.6307692307692307
2026-04-08 08:19:21,67,38,0.5671641791044776
2026-04-08 08:20:22,67,40,0.5970149253731343
2026-04-08 08:21:23,67,40,0.5970149253731343
2026-04-08 08:22:24,67,35,0.5223880597014925
2026-04-08 08:23:24,68,40,0.5882352941176471
2026-04-08 08:24:25,67,38,0.5671641791044776
2026-04-08 08:25:26,68,36,0.5294117647058824
2026-04-08 08:26:28,68,40,0.5882352941176471
2026-04-08 08:27:28,68,39,0.5735294117647058
2026-04-08 08:28:29,69,39,0.5652173913043478
2026-04-08 08:29:30,70,40,0.5714285714285714
2026-04-08 08:30:31,73,45,0.6164383561643836
2026-04-08 08:31:32,73,42,0.5753424657534246
2026-04-08 08:32:33,73,39,0.5342465753424658
2026-04-08 08:33:34,73,40,0.547945205479452
2026-04-08 08:34:35,73,44,0.6027397260273972
2026-04-08 08:35:36,75,41,0.5466666666666666
2026-04-08 08:36:37,72,39,0.5416666666666666
2026-04-08 08:37:38,72,35,0.4861111111111111
2026-04-08 08:38:39,71,36,0.5070422535211268
2026-04-08 08:39:40,70,39,0.5571428571428572
2026-04-08 08:40:41,68,37,0.5441176470588235
2026-04-08 08:41:42,72,42,0.5833333333333334
2026-04-08 08:42:43,74,35,0.47297297297297297
2026-04-08 08:43:44,74,39,0.527027027027027
2026-04-08 08:44:45,71,38,0.5352112676056338
2026-04-08 08:45:46,72,33,0.4583333333333333
2026-04-08 08:46:47,70,39,0.5571428571428572
2026-04-08 08:47:48,70,37,0.5285714285714286
2026-04-08 08:48:49,70,35,0.5
2026-04-08 08:49:50,71,40,0.5633802816901409
2026-04-08 08:50:51,71,42,0.5915492957746479
2026-04-08 08:51:52,69,42,0.6086956521739131
2026-04-08 08:52:53,69,46,0.6666666666666666
2026-04-08 08:53:54,69,45,0.6521739130434783
2026-04-08 08:54:55,69,38,0.5507246376811594
2026-04-08 08:55:56,71,42,0.5915492957746479
2026-04-08 08:56:57,71,48,0.676056338028169
2026-04-08 08:57:58,73,43,0.589041095890411
2026-04-08 08:58:59,73,43,0.589041095890411
2026-04-08 09:00:00,73,44,0.6027397260273972
2026-04-08 09:01:01,72,38,0.5277777777777778
2026-04-08 09:02:02,72,40,0.5555555555555556
2026-04-08 09:03:03,70,41,0.5857142857142857
2026-04-08 09:04:04,71,41,0.5774647887323944
2026-04-08 09:05:05,73,48,0.6575342465753424
2026-04-08 09:06:06,74,43,0.581081081081081
2026-04-08 09:07:07,72,39,0.5416666666666666
2026-04-08 09:08:08,72,44,0.6111111111111112
2026-04-08 09:09:09,71,46,0.647887323943662
2026-04-08 09:10:10,71,42,0.5915492957746479
2026-04-08 09:11:11,71,49,0.6901408450704225
2026-04-08 09:12:12,74,41,0.5540540540540541
2026-04-08 09:13:13,72,44,0.6111111111111112
2026-04-08 09:14:14,73,47,0.6438356164383562
2026-04-08 09:15:15,73,41,0.5616438356164384
2026-04-08 09:16:16,74,42,0.5675675675675675
2026-04-08 09:17:17,74,49,0.6621621621621622
2026-04-08 09:18:18,74,45,0.6081081081081081
2026-04-08 09:19:19,73,42,0.5753424657534246
2026-04-08 09:20:20,73,41,0.5616438356164384
2026-04-08 09:21:21,72,43,0.5972222222222222
2026-04-08 09:22:22,72,43,0.5972222222222222
2026-04-08 09:23:23,72,46,0.6388888888888888
2026-04-08 09:24:24,71,46,0.647887323943662
2026-04-08 09:25:25,71,43,0.6056338028169014
2026-04-08 09:26:26,71,39,0.5492957746478874
2026-04-08 09:27:27,72,40,0.5555555555555556
2026-04-08 09:28:28,69,43,0.6231884057971014
2026-04-08 09:29:29,69,43,0.6231884057971014
2026-04-08 09:30:30,69,43,0.6231884057971014
2026-04-08 09:31:31,68,33,0.4852941176470588
2026-04-08 09:32:32,68,30,0.4411764705882353
2026-04-08 09:33:33,68,36,0.5294117647058824
2026-04-08 09:34:34,68,35,0.5147058823529411
2026-04-08 09:35:35,68,35,0.5147058823529411
2026-04-08 09:36:36,67,34,0.5074626865671642
2026-04-08 09:37:37,66,34,0.5151515151515151
2026-04-08 09:38:38,66,30,0.45454545454545453
2026-04-08 09:39:38,66,35,0.5303030303030303
2026-04-08 09:40:39,64,34,0.53125
2026-04-08 09:41:40,64,34,0.53125
2026-04-08 09:42:41,63,31,0.49206349206349204
2026-04-08 09:43:42,62,33,0.532258064516129
2026-04-08 09:44:43,62,34,0.5483870967741935
2026-04-08 09:45:44,63,34,0.5396825396825397
2026-04-08 09:46:45,62,35,0.5645161290322581
2026-04-08 09:47:46,62,33,0.532258064516129
2026-04-08 09:48:47,61,24,0.39344262295081966
2026-04-08 09:49:48,61,33,0.5409836065573771
2026-04-08 09:50:49,61,28,0.45901639344262296
2026-04-08 09:51:49,59,29,0.4915254237288136
2026-04-08 09:52:50,61,32,0.5245901639344263
2026-04-08 09:53:51,62,32,0.5161290322580645
2026-04-08 09:54:52,61,29,0.47540983606557374
2026-04-08 09:55:53,60,34,0.5666666666666667
2026-04-08 09:56:54,64,35,0.546875
2026-04-08 09:57:55,64,35,0.546875
2026-04-08 09:58:56,66,31,0.4696969696969697
2026-04-08 09:59:57,66,32,0.48484848484848486
2026-04-08 10:00:58,65,33,0.5076923076923077
2026-04-08 10:01:59,66,33,0.5
2026-04-08 10:03:00,66,33,0.5
2026-04-08 10:04:01,65,28,0.4307692307692308
2026-04-08 10:05:02,66,35,0.5303030303030303
2026-04-08 10:06:03,65,30,0.46153846153846156
2026-04-08 10:07:04,65,34,0.5230769230769231
2026-04-08 10:08:05,64,35,0.546875
2026-04-08 10:09:06,65,33,0.5076923076923077
2026-04-08 10:10:07,65,29,0.4461538461538462
2026-04-08 10:11:08,63,11,0.1746031746031746
2026-04-08 10:12:09,61,16,0.26229508196721313
2026-04-08 10:13:10,60,18,0.3
2026-04-08 10:14:11,58,18,0.3103448275862069
2026-04-08 10:15:12,57,9,0.15789473684210525
2026-04-08 10:16:13,56,5,0.08928571428571429
2026-04-08 10:17:14,52,4,0.07692307692307693
2026-04-08 10:18:15,49,3,0.061224489795918366
2026-04-08 10:19:15,43,3,0.06976744186046512
2026-04-08 10:20:16,34,5,0.14705882352941177
2026-04-08 10:21:17,34,10,0.29411764705882354
2026-04-08 10:22:18,33,9,0.2727272727272727
2026-04-08 10:23:18,33,15,0.45454545454545453
2026-04-08 10:24:19,29,17,0.5862068965517241
2026-04-08 10:25:20,39,27,0.6923076923076923
2026-04-08 10:26:20,45,29,0.6444444444444445
2026-04-08 10:27:21,47,26,0.5531914893617021
2026-04-08 10:28:22,52,27,0.5192307692307693
2026-04-08 10:29:23,54,28,0.5185185185185185
2026-04-08 10:30:24,55,25,0.45454545454545453
2026-04-08 10:31:25,57,28,0.49122807017543857
2026-04-08 10:32:25,57,27,0.47368421052631576
2026-04-08 10:33:26,59,32,0.5423728813559322
2026-04-08 10:34:27,60,29,0.48333333333333334
2026-04-08 10:35:28,60,22,0.36666666666666664
2026-04-08 10:36:29,57,21,0.3684210526315789
2026-04-08 10:37:30,56,20,0.35714285714285715
2026-04-08 10:38:31,56,21,0.375
2026-04-08 10:39:31,56,17,0.30357142857142855
2026-04-08 10:40:32,57,19,0.3333333333333333
2026-04-08 10:41:33,56,14,0.25
2026-04-08 10:42:34,54,8,0.14814814814814814
2026-04-08 10:43:35,49,9,0.1836734693877551
2026-04-08 10:44:35,48,8,0.16666666666666666
2026-04-08 10:45:36,46,5,0.10869565217391304
2026-04-08 10:46:37,43,4,0.09302325581395349
2026-04-08 10:47:38,40,7,0.175
2026-04-08 10:48:38,37,3,0.08108108108108109
2026-04-08 10:49:39,34,5,0.14705882352941177
2026-04-08 10:50:40,27,4,0.14814814814814814
2026-04-08 10:51:41,24,3,0.125
2026-04-08 10:52:41,21,6,0.2857142857142857
2026-04-08 10:53:42,22,9,0.4090909090909091
2026-04-08 10:54:43,26,17,0.6538461538461539
2026-04-08 10:55:43,31,19,0.6129032258064516
2026-04-08 10:56:44,35,17,0.4857142857142857
2026-04-08 10:57:45,36,13,0.3611111111111111
2026-04-08 10:58:45,39,25,0.6410256410256411
2026-04-08 10:59:46,43,25,0.5813953488372093
2026-04-08 11:00:47,49,29,0.5918367346938775
2026-04-08 11:01:48,51,35,0.6862745098039216
2026-04-08 11:02:49,55,34,0.6181818181818182
2026-04-08 11:03:50,57,29,0.5087719298245614
2026-04-08 11:04:51,58,35,0.603448275862069
2026-04-08 11:05:51,58,30,0.5172413793103449
2026-04-08 11:06:52,58,24,0.41379310344827586
2026-04-08 11:07:53,59,29,0.4915254237288136
2026-04-08 11:08:54,59,21,0.3559322033898305
2026-04-08 11:09:55,59,11,0.1864406779661017
2026-04-08 11:10:56,59,18,0.3050847457627119
2026-04-08 11:11:56,61,27,0.4426229508196721
2026-04-08 11:12:57,59,18,0.3050847457627119
2026-04-08 11:13:58,59,28,0.4745762711864407
2026-04-08 11:14:59,58,21,0.3620689655172414
2026-04-08 11:16:00,58,24,0.41379310344827586
2026-04-08 11:17:01,59,32,0.5423728813559322
2026-04-08 11:18:02,57,23,0.40350877192982454
2026-04-08 11:19:02,55,23,0.41818181818181815
2026-04-08 11:20:03,57,29,0.5087719298245614
2026-04-08 11:21:04,56,30,0.5357142857142857
2026-04-08 11:22:05,56,24,0.42857142857142855
2026-04-08 11:23:06,59,31,0.5254237288135594
2026-04-08 11:24:07,60,28,0.4666666666666667
2026-04-08 11:25:08,59,25,0.423728813559322
2026-04-08 11:26:09,61,38,0.6229508196721312
2026-04-08 11:27:09,62,33,0.532258064516129
2026-04-08 11:28:10,62,28,0.45161290322580644
2026-04-08 11:29:11,61,30,0.4918032786885246
2026-04-08 11:30:12,62,20,0.3225806451612903
2026-04-08 11:31:13,61,16,0.26229508196721313
2026-04-08 11:32:14,60,23,0.38333333333333336
2026-04-08 11:33:15,62,30,0.4838709677419355
2026-04-08 11:34:15,62,34,0.5483870967741935
2026-04-08 11:35:16,64,40,0.625
2026-04-08 11:36:17,63,26,0.4126984126984127
2026-04-08 11:37:18,63,36,0.5714285714285714
2026-04-08 11:38:19,63,36,0.5714285714285714
2026-04-08 11:39:20,63,36,0.5714285714285714
2026-04-08 11:40:21,65,37,0.5692307692307692
2026-04-08 11:41:22,68,43,0.6323529411764706
2026-04-08 11:42:23,69,41,0.5942028985507246
2026-04-08 11:43:24,69,44,0.6376811594202898
2026-04-08 11:44:24,69,41,0.5942028985507246
2026-04-08 11:45:26,68,42,0.6176470588235294
2026-04-08 11:46:27,68,40,0.5882352941176471
2026-04-08 11:47:28,68,27,0.39705882352941174
2026-04-08 11:48:29,68,5,0.07352941176470588
2026-04-08 11:49:29,68,6,0.08823529411764706
2026-04-08 11:50:30,68,41,0.6029411764705882
2026-04-08 11:51:31,69,45,0.6521739130434783
2026-04-08 11:52:32,66,30,0.45454545454545453
2026-04-08 11:53:33,65,42,0.6461538461538462
2026-04-08 11:54:34,67,42,0.6268656716417911
2026-04-08 11:55:35,70,45,0.6428571428571429
2026-04-08 11:56:36,72,42,0.5833333333333334
2026-04-08 11:57:37,71,40,0.5633802816901409
2026-04-08 11:58:38,74,48,0.6486486486486487
2026-04-08 11:59:39,74,45,0.6081081081081081
2026-04-08 12:00:40,74,39,0.527027027027027
2026-04-08 12:01:41,73,38,0.5205479452054794
2026-04-08 12:02:42,73,41,0.5616438356164384
2026-04-08 12:03:43,75,47,0.6266666666666667
2026-04-08 12:04:44,74,46,0.6216216216216216
2026-04-08 12:05:45,74,42,0.5675675675675675
2026-04-08 12:06:46,74,39,0.527027027027027
2026-04-08 12:07:47,76,45,0.5921052631578947
2026-04-08 12:08:48,77,43,0.5584415584415584
2026-04-08 12:09:49,78,41,0.5256410256410257
2026-04-08 12:10:50,77,49,0.6363636363636364
2026-04-08 12:11:51,77,43,0.5584415584415584
2026-04-08 12:12:52,77,40,0.5194805194805194
2026-04-08 12:13:53,77,50,0.6493506493506493
2026-04-08 12:14:54,77,52,0.6753246753246753
2026-04-08 12:15:55,77,53,0.6883116883116883
2026-04-08 12:16:56,77,54,0.7012987012987013
2026-04-08 12:17:57,75,50,0.6666666666666666
2026-04-08 12:18:58,75,45,0.6
2026-04-08 12:19:59,77,48,0.6233766233766234
2026-04-08 12:21:00,76,44,0.5789473684210527
2026-04-08 12:22:01,76,44,0.5789473684210527
2026-04-08 12:23:02,76,47,0.618421052631579
2026-04-08 12:24:03,75,42,0.56
2026-04-08 12:25:04,74,45,0.6081081081081081
2026-04-08 12:26:05,77,48,0.6233766233766234
2026-04-08 12:27:06,77,37,0.4805194805194805
2026-04-08 12:28:07,78,42,0.5384615384615384
2026-04-08 12:29:08,79,45,0.569620253164557
2026-04-08 12:30:09,76,41,0.5394736842105263
2026-04-08 12:31:10,75,39,0.52
2026-04-08 12:32:11,76,41,0.5394736842105263
2026-04-08 12:33:12,76,46,0.6052631578947368
2026-04-08 12:34:13,76,41,0.5394736842105263
2026-04-08 12:35:14,76,47,0.618421052631579
2026-04-08 12:36:15,74,40,0.5405405405405406
2026-04-08 12:37:16,75,42,0.56
2026-04-08 12:38:17,76,40,0.5263157894736842
2026-04-08 12:39:18,76,39,0.5131578947368421
2026-04-08 12:40:19,76,36,0.47368421052631576
2026-04-08 12:41:20,76,45,0.5921052631578947
2026-04-08 12:42:21,77,37,0.4805194805194805
2026-04-08 12:43:22,76,37,0.4868421052631579
2026-04-08 12:44:23,75,38,0.5066666666666667
2026-04-08 12:45:24,75,39,0.52
2026-04-08 12:46:25,73,43,0.589041095890411
2026-04-08 12:47:26,73,41,0.5616438356164384
2026-04-08 12:48:27,71,38,0.5352112676056338
2026-04-08 12:49:28,71,42,0.5915492957746479
2026-04-08 12:50:29,71,41,0.5774647887323944
2026-04-08 12:51:30,72,42,0.5833333333333334
2026-04-08 12:52:31,71,42,0.5915492957746479
2026-04-08 12:53:32,72,43,0.5972222222222222
2026-04-08 12:54:33,72,36,0.5
2026-04-08 12:55:34,74,38,0.5135135135135135
2026-04-08 12:56:35,74,36,0.4864864864864865
2026-04-08 12:57:36,74,40,0.5405405405405406
2026-04-08 12:58:37,73,47,0.6438356164383562
2026-04-08 12:59:38,73,46,0.6301369863013698
2026-04-08 13:00:39,74,45,0.6081081081081081
2026-04-08 13:01:40,73,49,0.6712328767123288
2026-04-08 13:02:41,74,49,0.6621621621621622
2026-04-08 13:03:42,76,43,0.5657894736842105
2026-04-08 13:04:43,77,49,0.6363636363636364
2026-04-08 13:05:44,76,46,0.6052631578947368
2026-04-08 13:06:45,76,45,0.5921052631578947
2026-04-08 13:07:46,76,47,0.618421052631579
2026-04-08 13:08:47,78,49,0.6282051282051282
2026-04-08 13:09:48,79,45,0.569620253164557
2026-04-08 13:10:49,79,47,0.5949367088607594
2026-04-08 13:11:50,78,45,0.5769230769230769
2026-04-08 13:12:51,78,46,0.5897435897435898
2026-04-08 13:13:52,78,44,0.5641025641025641
2026-04-08 13:14:53,80,49,0.6125
2026-04-08 13:15:55,80,46,0.575
2026-04-08 13:16:56,80,51,0.6375
2026-04-08 13:17:57,79,47,0.5949367088607594
2026-04-08 13:18:58,78,42,0.5384615384615384
2026-04-08 13:19:59,81,45,0.5555555555555556
2026-04-08 13:21:00,80,46,0.575
2026-04-08 13:22:01,80,47,0.5875
2026-04-08 13:23:02,78,48,0.6153846153846154
2026-04-08 13:24:03,76,46,0.6052631578947368
2026-04-08 13:25:04,76,48,0.631578947368421
2026-04-08 13:26:05,76,48,0.631578947368421
2026-04-08 13:27:06,79,50,0.6329113924050633
2026-04-08 13:28:07,79,42,0.5316455696202531
2026-04-08 13:29:08,80,49,0.6125
2026-04-08 13:30:09,80,45,0.5625
2026-04-08 13:31:10,80,51,0.6375
2026-04-08 13:32:11,80,47,0.5875
2026-04-08 13:33:12,79,51,0.6455696202531646
2026-04-08 13:34:13,81,47,0.5802469135802469
2026-04-08 13:35:14,83,50,0.6024096385542169
2026-04-08 13:36:15,84,45,0.5357142857142857
2026-04-08 13:37:16,81,49,0.6049382716049383
2026-04-08 13:38:17,81,44,0.5432098765432098
2026-04-08 13:39:18,80,42,0.525
2026-04-08 13:40:19,79,50,0.6329113924050633
2026-04-08 13:41:20,81,56,0.691358024691358
2026-04-08 13:42:21,79,44,0.5569620253164557
2026-04-08 13:43:22,79,33,0.4177215189873418
2026-04-08 13:44:23,80,48,0.6
2026-04-08 13:45:24,81,49,0.6049382716049383
2026-04-08 13:46:25,81,50,0.6172839506172839
2026-04-08 13:47:26,84,56,0.6666666666666666
2026-04-08 13:48:27,86,49,0.5697674418604651
2026-04-08 13:49:28,88,49,0.5568181818181818
2026-04-08 13:50:29,86,48,0.5581395348837209
2026-04-08 13:51:30,86,39,0.45348837209302323
2026-04-08 13:52:31,86,44,0.5116279069767442
2026-04-08 13:53:33,86,48,0.5581395348837209
2026-04-08 13:54:34,85,41,0.4823529411764706
2026-04-08 13:55:35,84,45,0.5357142857142857
2026-04-08 13:56:36,84,47,0.5595238095238095
2026-04-08 13:57:37,84,47,0.5595238095238095
2026-04-08 13:58:38,83,55,0.6626506024096386
2026-04-08 13:59:39,83,46,0.5542168674698795
2026-04-08 14:00:40,82,44,0.5365853658536586
2026-04-08 14:01:41,83,55,0.6626506024096386
2026-04-08 14:02:42,83,47,0.5662650602409639
2026-04-08 14:03:43,85,41,0.4823529411764706
2026-04-08 14:04:44,86,53,0.6162790697674418
2026-04-08 14:05:45,85,48,0.5647058823529412
2026-04-08 14:06:46,86,46,0.5348837209302325
2026-04-08 14:07:47,85,55,0.6470588235294118
2026-04-08 14:08:48,82,48,0.5853658536585366
2026-04-08 14:09:49,83,47,0.5662650602409639
2026-04-08 14:10:50,82,52,0.6341463414634146
2026-04-08 14:11:52,82,44,0.5365853658536586
2026-04-08 14:12:53,82,42,0.5121951219512195
2026-04-08 14:13:54,82,52,0.6341463414634146
2026-04-08 14:14:55,80,45,0.5625
2026-04-08 14:15:56,80,48,0.6
2026-04-08 14:16:57,81,51,0.6296296296296297
2026-04-08 14:17:58,81,49,0.6049382716049383
2026-04-08 14:18:59,80,44,0.55
2026-04-08 14:20:00,79,50,0.6329113924050633
2026-04-08 14:21:01,79,45,0.569620253164557
2026-04-08 14:22:02,78,45,0.5769230769230769
2026-04-08 14:23:03,78,45,0.5769230769230769
2026-04-08 14:24:04,78,40,0.5128205128205128
2026-04-08 14:25:05,78,45,0.5769230769230769
2026-04-08 14:26:07,78,44,0.5641025641025641
2026-04-08 14:27:08,77,46,0.5974025974025974
2026-04-08 14:28:09,77,45,0.5844155844155844
2026-04-08 14:29:10,77,44,0.5714285714285714
2026-04-08 14:30:11,77,39,0.5064935064935064
2026-04-08 14:31:12,79,41,0.5189873417721519
2026-04-08 14:32:13,78,45,0.5769230769230769
2026-04-08 14:33:14,78,43,0.5512820512820513
2026-04-08 14:34:15,80,47,0.5875
2026-04-08 14:35:16,83,55,0.6626506024096386
2026-04-08 14:36:17,82,41,0.5
2026-04-08 14:37:18,83,45,0.5421686746987951
2026-04-08 14:38:19,81,51,0.6296296296296297
2026-04-08 14:39:20,80,43,0.5375
2026-04-08 14:40:21,81,53,0.654320987654321
2026-04-08 14:41:22,82,53,0.6463414634146342
2026-04-08 14:42:24,83,46,0.5542168674698795
2026-04-08 14:43:25,83,45,0.5421686746987951
2026-04-08 14:44:26,85,49,0.5764705882352941
2026-04-08 14:45:27,85,43,0.5058823529411764
2026-04-08 14:46:28,85,46,0.5411764705882353
2026-04-08 14:47:29,85,52,0.611764705882353
2026-04-08 14:48:30,86,46,0.5348837209302325
2026-04-08 14:49:31,85,50,0.5882352941176471
2026-04-08 14:50:32,85,49,0.5764705882352941
2026-04-08 14:51:33,85,51,0.6
2026-04-08 14:52:34,86,55,0.6395348837209303
2026-04-08 14:53:35,86,50,0.5813953488372093
2026-04-08 14:54:37,86,43,0.5
2026-04-08 14:55:38,87,49,0.5632183908045977
2026-04-08 14:56:39,86,49,0.5697674418604651
2026-04-08 14:57:40,87,46,0.5287356321839081
2026-04-08 14:58:41,86,52,0.6046511627906976
2026-04-08 14:59:42,87,48,0.5517241379310345
2026-04-08 15:00:43,85,44,0.5176470588235295
2026-04-08 15:01:44,84,51,0.6071428571428571
2026-04-08 15:02:45,82,45,0.5487804878048781
2026-04-08 15:03:46,80,46,0.575
2026-04-08 15:04:47,82,55,0.6707317073170732
2026-04-08 15:05:49,81,49,0.6049382716049383
2026-04-08 15:06:50,81,43,0.5308641975308642
2026-04-08 15:07:51,80,50,0.625
2026-04-08 15:08:52,81,51,0.6296296296296297
2026-04-08 15:09:53,82,51,0.6219512195121951
2026-04-08 15:10:54,84,54,0.6428571428571429
2026-04-08 15:11:55,84,49,0.5833333333333334
2026-04-08 15:12:56,84,48,0.5714285714285714
2026-04-08 15:13:57,84,49,0.5833333333333334
2026-04-08 15:14:58,84,46,0.5476190476190477
2026-04-08 15:15:59,85,50,0.5882352941176471
2026-04-08 15:17:00,86,56,0.6511627906976745
2026-04-08 15:18:01,86,50,0.5813953488372093
2026-04-08 15:19:02,86,51,0.5930232558139535
2026-04-08 15:20:04,84,57,0.6785714285714286
2026-04-08 15:21:05,85,53,0.6235294117647059
2026-04-08 15:22:06,85,51,0.6
2026-04-08 15:23:07,86,54,0.627906976744186
2026-04-08 15:24:08,84,53,0.6309523809523809
2026-04-08 15:25:09,86,49,0.5697674418604651
2026-04-08 15:26:10,87,54,0.6206896551724138
2026-04-08 15:27:11,86,52,0.6046511627906976
2026-04-08 15:28:12,86,47,0.5465116279069767
2026-04-08 15:29:13,86,52,0.6046511627906976
2026-04-08 15:30:15,86,48,0.5581395348837209
2026-04-08 15:31:16,86,46,0.5348837209302325
2026-04-08 15:32:17,85,54,0.6352941176470588
2026-04-08 15:33:18,88,52,0.5909090909090909
2026-04-08 15:34:19,87,49,0.5632183908045977
2026-04-08 15:35:20,86,51,0.5930232558139535
2026-04-08 15:36:21,85,43,0.5058823529411764
2026-04-08 15:37:22,84,48,0.5714285714285714
2026-04-08 15:38:23,84,51,0.6071428571428571
2026-04-08 15:39:25,83,43,0.5180722891566265
2026-04-08 15:40:26,82,45,0.5487804878048781
2026-04-08 15:41:27,82,49,0.5975609756097561
2026-04-08 15:42:28,82,44,0.5365853658536586
2026-04-08 15:43:29,82,50,0.6097560975609756
2026-04-08 15:44:30,78,44,0.5641025641025641
2026-04-08 15:45:31,78,44,0.5641025641025641
2026-04-08 15:46:32,78,48,0.6153846153846154
2026-04-08 15:47:33,77,45,0.5844155844155844
2026-04-08 15:48:34,76,41,0.5394736842105263
2026-04-08 15:49:35,75,45,0.6
2026-04-08 15:50:36,75,42,0.56
2026-04-08 15:51:37,75,42,0.56
2026-04-08 15:52:38,75,44,0.5866666666666667
2026-04-08 15:53:39,74,41,0.5540540540540541
2026-04-08 15:54:40,74,36,0.4864864864864865
2026-04-08 15:55:41,73,46,0.6301369863013698
2026-04-08 15:56:42,71,44,0.6197183098591549
2026-04-08 15:57:43,71,39,0.5492957746478874
2026-04-08 15:58:44,71,43,0.6056338028169014
2026-04-08 15:59:45,72,44,0.6111111111111112
2026-04-08 16:00:46,74,44,0.5945945945945946
2026-04-08 16:01:47,75,45,0.6
2026-04-08 16:02:48,74,43,0.581081081081081
2026-04-08 16:03:49,74,40,0.5405405405405406
2026-04-08 16:04:50,76,47,0.618421052631579
2026-04-08 16:05:51,75,46,0.6133333333333333
2026-04-08 16:06:52,75,42,0.56
2026-04-08 16:07:53,78,53,0.6794871794871795
2026-04-08 16:08:54,79,50,0.6329113924050633
2026-04-08 16:09:55,79,48,0.6075949367088608
2026-04-08 16:10:56,78,51,0.6538461538461539
2026-04-08 16:11:58,79,46,0.5822784810126582
2026-04-08 16:12:59,79,47,0.5949367088607594
2026-04-08 16:14:00,80,49,0.6125
2026-04-08 16:15:01,80,44,0.55
2026-04-08 16:16:02,79,46,0.5822784810126582
2026-04-08 16:17:03,79,46,0.5822784810126582
2026-04-08 16:18:04,79,43,0.5443037974683544
2026-04-08 16:19:05,78,46,0.5897435897435898
2026-04-08 16:20:06,77,47,0.6103896103896104
2026-04-08 16:21:07,77,46,0.5974025974025974
2026-04-08 16:22:08,77,44,0.5714285714285714
2026-04-08 16:23:09,75,45,0.6
2026-04-08 16:24:10,75,42,0.56
2026-04-08 16:25:11,75,41,0.5466666666666666
2026-04-08 16:26:12,74,48,0.6486486486486487
2026-04-08 16:27:13,75,43,0.5733333333333334
2026-04-08 16:28:15,74,40,0.5405405405405406
2026-04-08 16:29:16,75,45,0.6
2026-04-08 16:30:17,75,40,0.5333333333333333
2026-04-08 16:31:18,75,40,0.5333333333333333
2026-04-08 16:32:19,76,50,0.6578947368421053
2026-04-08 16:33:20,75,41,0.5466666666666666
2026-04-08 16:34:21,76,42,0.5526315789473685
2026-04-08 16:35:22,76,41,0.5394736842105263
2026-04-08 16:36:23,76,36,0.47368421052631576
2026-04-08 16:37:24,73,41,0.5616438356164384
2026-04-08 16:38:25,74,44,0.5945945945945946
2026-04-08 16:39:26,73,39,0.5342465753424658
2026-04-08 16:40:27,74,36,0.4864864864864865
2026-04-08 16:41:28,75,39,0.52
2026-04-08 16:42:29,76,39,0.5131578947368421
2026-04-08 16:43:30,75,35,0.4666666666666667
2026-04-08 16:44:31,73,39,0.5342465753424658
2026-04-08 16:45:32,72,40,0.5555555555555556
2026-04-08 16:46:33,72,38,0.5277777777777778
2026-04-08 16:47:34,70,36,0.5142857142857142
2026-04-08 16:48:35,70,36,0.5142857142857142
2026-04-08 16:49:36,70,39,0.5571428571428572
2026-04-08 16:50:37,69,35,0.5072463768115942
2026-04-08 16:51:38,67,35,0.5223880597014925
2026-04-08 16:52:39,68,34,0.5
2026-04-08 16:53:40,67,38,0.5671641791044776
2026-04-08 16:54:41,66,31,0.4696969696969697
2026-04-08 16:55:42,65,38,0.5846153846153846
2026-04-08 16:56:43,65,37,0.5692307692307692
2026-04-08 16:57:44,65,33,0.5076923076923077
2026-04-08 16:58:45,63,35,0.5555555555555556
2026-04-08 16:59:46,64,36,0.5625
2026-04-08 17:00:46,65,35,0.5384615384615384
2026-04-08 17:01:47,65,39,0.6
2026-04-08 17:02:48,66,37,0.5606060606060606
2026-04-08 17:03:49,65,34,0.5230769230769231
2026-04-08 17:04:50,65,37,0.5692307692307692
2026-04-08 17:05:51,64,31,0.484375
2026-04-08 17:06:52,64,33,0.515625
2026-04-08 17:07:53,65,42,0.6461538461538462
2026-04-08 17:08:54,65,40,0.6153846153846154
2026-04-08 17:09:55,65,37,0.5692307692307692
2026-04-08 17:10:56,64,34,0.53125
2026-04-08 17:11:57,63,33,0.5238095238095238
2026-04-08 17:12:58,63,33,0.5238095238095238
2026-04-08 17:13:59,63,30,0.47619047619047616
2026-04-08 17:15:00,64,35,0.546875
2026-04-08 17:16:01,64,39,0.609375
2026-04-08 17:17:02,65,40,0.6153846153846154
2026-04-08 17:18:03,65,35,0.5384615384615384
2026-04-08 17:19:04,62,36,0.5806451612903226
2026-04-08 17:20:05,62,36,0.5806451612903226
2026-04-08 17:21:06,62,35,0.5645161290322581
2026-04-08 17:22:07,62,34,0.5483870967741935
2026-04-08 17:23:08,62,35,0.5645161290322581
2026-04-08 17:24:09,63,36,0.5714285714285714
2026-04-08 17:25:10,61,32,0.5245901639344263
2026-04-08 17:26:10,61,34,0.5573770491803278
2026-04-08 17:27:11,59,18,0.3050847457627119
2026-04-08 17:28:12,58,19,0.3275862068965517
2026-04-08 17:29:13,58,18,0.3103448275862069
2026-04-08 17:30:14,58,16,0.27586206896551724
2026-04-08 17:31:15,57,15,0.2631578947368421
2026-04-08 17:32:16,57,15,0.2631578947368421
2026-04-08 17:33:17,56,14,0.25
2026-04-08 17:34:17,52,13,0.25
2026-04-08 17:35:18,48,18,0.375
2026-04-08 17:36:19,36,14,0.3888888888888889
2026-04-08 17:37:20,34,16,0.47058823529411764
2026-04-08 17:38:21,35,18,0.5142857142857142
2026-04-08 17:39:21,34,13,0.38235294117647056
2026-04-08 17:40:22,33,13,0.3939393939393939
2026-04-08 17:41:23,34,19,0.5588235294117647
2026-04-08 17:42:24,35,17,0.4857142857142857
2026-04-08 17:43:24,36,17,0.4722222222222222
2026-04-08 17:44:25,36,18,0.5
2026-04-08 17:45:26,37,22,0.5945945945945946
2026-04-08 17:46:27,39,23,0.5897435897435898
2026-04-08 17:47:28,39,22,0.5641025641025641
2026-04-08 17:48:28,40,22,0.55
2026-04-08 17:49:29,40,20,0.5
2026-04-08 17:50:30,40,21,0.525
2026-04-08 17:51:31,41,22,0.5365853658536586
2026-04-08 17:52:32,42,23,0.5476190476190477
2026-04-08 17:53:33,42,21,0.5
2026-04-08 17:54:33,42,21,0.5
2026-04-08 17:55:34,42,24,0.5714285714285714
2026-04-08 17:56:35,41,20,0.4878048780487805
2026-04-08 17:57:36,42,22,0.5238095238095238
2026-04-08 17:58:37,42,23,0.5476190476190477
2026-04-08 17:59:37,41,20,0.4878048780487805
2026-04-08 18:00:38,41,22,0.5365853658536586
2026-04-08 18:01:39,41,19,0.4634146341463415
2026-04-08 18:02:40,41,15,0.36585365853658536
2026-04-08 18:03:41,41,16,0.3902439024390244
2026-04-08 18:04:41,41,19,0.4634146341463415
2026-04-08 18:05:42,41,18,0.43902439024390244
2026-04-08 18:06:43,39,15,0.38461538461538464
2026-04-08 18:07:44,39,18,0.46153846153846156
2026-04-08 18:08:44,39,18,0.46153846153846156
2026-04-08 18:09:45,38,16,0.42105263157894735
2026-04-08 18:10:46,38,18,0.47368421052631576
2026-04-08 18:11:47,37,16,0.43243243243243246
2026-04-08 18:12:48,37,17,0.4594594594594595
2026-04-08 18:13:49,36,19,0.5277777777777778
2026-04-08 18:14:49,37,16,0.43243243243243246
2026-04-08 18:15:50,37,14,0.3783783783783784
2026-04-08 18:16:51,38,22,0.5789473684210527
2026-04-08 18:17:52,39,18,0.46153846153846156
2026-04-08 18:18:52,39,18,0.46153846153846156
2026-04-08 18:19:53,39,18,0.46153846153846156
2026-04-08 18:20:54,38,17,0.4473684210526316
2026-04-08 18:21:55,37,19,0.5135135135135135
2026-04-08 18:22:56,37,20,0.5405405405405406
2026-04-08 18:23:56,37,18,0.4864864864864865
2026-04-08 18:24:57,38,15,0.39473684210526316
2026-04-08 18:25:58,37,21,0.5675675675675675
2026-04-08 18:26:59,37,18,0.4864864864864865
2026-04-08 18:27:59,36,14,0.3888888888888889
2026-04-08 18:29:00,36,20,0.5555555555555556
2026-04-08 18:30:01,36,20,0.5555555555555556
2026-04-08 18:31:02,36,15,0.4166666666666667
2026-04-08 18:32:03,37,21,0.5675675675675675
2026-04-08 18:33:03,37,17,0.4594594594594595
2026-04-08 18:34:04,36,16,0.4444444444444444
2026-04-08 18:35:05,37,16,0.43243243243243246
2026-04-08 18:36:06,37,17,0.4594594594594595
2026-04-08 18:37:06,37,16,0.43243243243243246
2026-04-08 18:38:07,37,17,0.4594594594594595
2026-04-08 18:39:08,36,18,0.5
2026-04-08 18:40:09,35,16,0.45714285714285713
2026-04-08 18:41:10,35,18,0.5142857142857142
2026-04-08 18:42:10,35,17,0.4857142857142857
2026-04-08 18:43:11,36,18,0.5
2026-04-08 18:44:12,36,17,0.4722222222222222
2026-04-08 18:45:13,36,16,0.4444444444444444
2026-04-08 18:46:13,36,15,0.4166666666666667
2026-04-08 18:47:14,36,19,0.5277777777777778
2026-04-08 18:48:15,34,15,0.4411764705882353
2026-04-08 18:49:16,35,20,0.5714285714285714
2026-04-08 18:50:17,36,19,0.5277777777777778
2026-04-08 18:51:17,36,16,0.4444444444444444
2026-04-08 18:52:18,36,18,0.5
2026-04-08 18:53:19,37,18,0.4864864864864865
2026-04-08 18:54:20,38,18,0.47368421052631576
2026-04-08 18:55:20,37,18,0.4864864864864865
2026-04-08 18:56:21,38,21,0.5526315789473685
2026-04-08 18:57:22,39,20,0.5128205128205128
2026-04-08 18:58:23,39,19,0.48717948717948717
2026-04-08 18:59:23,39,18,0.46153846153846156
2026-04-08 19:00:24,39,15,0.38461538461538464
2026-04-08 19:01:25,38,20,0.5263157894736842
2026-04-08 19:02:26,38,14,0.3684210526315789
2026-04-08 19:03:27,39,18,0.46153846153846156
2026-04-08 19:04:27,38,17,0.4473684210526316
2026-04-08 19:05:28,39,17,0.4358974358974359
2026-04-08 19:06:29,39,18,0.46153846153846156
2026-04-08 19:07:30,39,21,0.5384615384615384
2026-04-08 19:08:31,38,17,0.4473684210526316
2026-04-08 19:09:31,38,16,0.42105263157894735
2026-04-08 19:10:32,38,20,0.5263157894736842
2026-04-08 19:11:33,38,15,0.39473684210526316
2026-04-08 19:12:34,36,16,0.4444444444444444
2026-04-08 19:13:34,37,21,0.5675675675675675
2026-04-08 19:14:35,36,16,0.4444444444444444
2026-04-08 19:15:36,38,18,0.47368421052631576
2026-04-08 19:16:37,38,21,0.5526315789473685
2026-04-08 19:17:37,39,18,0.46153846153846156
2026-04-08 19:18:38,39,18,0.46153846153846156
2026-04-08 19:19:39,39,21,0.5384615384615384
2026-04-08 19:20:40,39,19,0.48717948717948717
2026-04-08 19:21:40,40,20,0.5
2026-04-08 19:22:41,41,19,0.4634146341463415
2026-04-08 19:23:42,40,18,0.45
2026-04-08 19:24:43,41,16,0.3902439024390244
2026-04-08 19:25:43,41,17,0.4146341463414634
2026-04-08 19:26:44,40,16,0.4
2026-04-08 19:27:45,39,14,0.358974358974359
2026-04-08 19:28:46,39,18,0.46153846153846156
2026-04-08 19:29:47,40,18,0.45
2026-04-08 19:30:47,40,14,0.35
2026-04-08 19:31:48,40,19,0.475
2026-04-08 19:32:49,38,16,0.42105263157894735
2026-04-08 19:33:50,38,15,0.39473684210526316
2026-04-08 19:34:50,38,16,0.42105263157894735
2026-04-08 19:35:51,37,18,0.4864864864864865
2026-04-08 19:36:52,36,13,0.3611111111111111
2026-04-08 19:37:53,37,20,0.5405405405405406
2026-04-08 19:38:53,37,14,0.3783783783783784
2026-04-08 19:39:54,36,15,0.4166666666666667
2026-04-08 19:40:55,36,18,0.5
2026-04-08 19:41:56,36,17,0.4722222222222222
2026-04-08 19:42:56,38,19,0.5
2026-04-08 19:43:57,41,25,0.6097560975609756
2026-04-08 19:44:58,41,20,0.4878048780487805
2026-04-08 19:45:59,42,18,0.42857142857142855
2026-04-08 19:46:59,44,23,0.5227272727272727
2026-04-08 19:48:00,45,21,0.4666666666666667
2026-04-08 19:49:01,46,20,0.43478260869565216
2026-04-08 19:50:02,46,17,0.3695652173913043
2026-04-08 19:51:03,46,19,0.41304347826086957
2026-04-08 19:52:04,45,18,0.4
2026-04-08 19:53:04,45,17,0.37777777777777777
2026-04-08 19:54:05,42,17,0.40476190476190477
2026-04-08 19:55:06,42,19,0.4523809523809524
2026-04-08 19:56:07,41,14,0.34146341463414637
2026-04-08 19:57:08,40,18,0.45
2026-04-08 19:58:09,40,14,0.35
2026-04-08 19:59:09,40,15,0.375
2026-04-08 20:00:10,40,15,0.375
2026-04-08 20:01:11,41,13,0.3170731707317073
2026-04-08 20:02:12,40,12,0.3
2026-04-08 20:03:13,38,15,0.39473684210526316
2026-04-08 20:04:13,39,14,0.358974358974359
2026-04-08 20:05:14,38,15,0.39473684210526316
2026-04-08 20:06:15,37,14,0.3783783783783784
2026-04-08 20:07:16,37,12,0.32432432432432434
2026-04-08 20:08:16,38,15,0.39473684210526316
2026-04-08 20:09:17,37,17,0.4594594594594595
2026-04-08 20:10:18,41,22,0.5365853658536586
2026-04-08 20:11:18,44,21,0.4772727272727273
2026-04-08 20:12:19,43,17,0.3953488372093023
2026-04-08 20:13:20,43,23,0.5348837209302325
2026-04-08 20:14:21,46,18,0.391304347826087
2026-04-08 20:15:21,46,22,0.4782608695652174
2026-04-08 20:16:22,46,20,0.43478260869565216
2026-04-08 20:17:23,47,23,0.48936170212765956
2026-04-08 20:18:24,48,22,0.4583333333333333
2026-04-08 20:19:25,48,23,0.4791666666666667
2026-04-08 20:20:25,48,17,0.3541666666666667
2026-04-08 20:21:26,48,22,0.4583333333333333
2026-04-08 20:22:27,49,19,0.3877551020408163
2026-04-08 20:23:28,48,20,0.4166666666666667
2026-04-08 20:24:29,48,18,0.375
2026-04-08 20:25:29,48,20,0.4166666666666667
2026-04-08 20:26:30,48,18,0.375
2026-04-08 20:27:31,47,20,0.425531914893617
2026-04-08 20:28:32,47,22,0.46808510638297873
2026-04-08 20:29:32,46,17,0.3695652173913043
2026-04-08 20:30:33,46,20,0.43478260869565216
2026-04-08 20:31:34,44,20,0.45454545454545453
2026-04-08 20:32:35,44,18,0.4090909090909091
2026-04-08 20:33:35,45,23,0.5111111111111111
2026-04-08 20:34:36,46,24,0.5217391304347826
2026-04-08 20:35:37,45,18,0.4
2026-04-08 20:36:38,45,18,0.4
2026-04-08 20:37:39,46,21,0.45652173913043476
2026-04-08 20:38:39,45,17,0.37777777777777777
2026-04-08 20:39:40,45,22,0.4888888888888889
2026-04-08 20:40:41,46,24,0.5217391304347826
2026-04-08 20:41:42,47,20,0.425531914893617
2026-04-08 20:42:42,46,19,0.41304347826086957
2026-04-08 20:43:43,45,20,0.4444444444444444
2026-04-08 20:44:44,44,19,0.4318181818181818
2026-04-08 20:45:45,47,21,0.44680851063829785
2026-04-08 20:46:45,47,22,0.46808510638297873
2026-04-08 20:47:46,49,24,0.4897959183673469
2026-04-08 20:48:47,50,20,0.4
2026-04-08 20:49:48,50,22,0.44
2026-04-08 20:50:49,51,26,0.5098039215686274
2026-04-08 20:51:50,51,26,0.5098039215686274
2026-04-08 20:52:50,52,29,0.5576923076923077
2026-04-08 20:53:51,53,26,0.49056603773584906
2026-04-08 20:54:52,51,20,0.39215686274509803
2026-04-08 20:55:53,51,26,0.5098039215686274
2026-04-08 20:56:54,51,27,0.5294117647058824
2026-04-08 20:57:54,50,28,0.56
2026-04-08 20:58:55,49,21,0.42857142857142855
2026-04-08 20:59:56,50,22,0.44
2026-04-08 21:00:57,51,23,0.45098039215686275
2026-04-08 21:01:58,53,28,0.5283018867924528
2026-04-08 21:02:58,53,24,0.4528301886792453
2026-04-08 21:03:59,51,28,0.5490196078431373
2026-04-08 21:05:00,52,25,0.4807692307692308
2026-04-08 21:06:01,51,24,0.47058823529411764
2026-04-08 21:07:02,51,30,0.5882352941176471
2026-04-08 21:08:03,50,26,0.52
2026-04-08 21:09:04,50,22,0.44
2026-04-08 21:10:04,50,26,0.52
2026-04-08 21:11:05,51,26,0.5098039215686274
2026-04-08 21:12:06,51,23,0.45098039215686275
2026-04-08 21:13:07,51,27,0.5294117647058824
2026-04-08 21:14:08,50,27,0.54
2026-04-08 21:15:09,51,23,0.45098039215686275
2026-04-08 21:16:10,50,20,0.4
2026-04-08 21:17:10,50,28,0.56
2026-04-08 21:18:11,48,20,0.4166666666666667
2026-04-08 21:19:12,48,23,0.4791666666666667
2026-04-08 21:20:13,52,22,0.4230769230769231
2026-04-08 21:21:14,53,26,0.49056603773584906
2026-04-08 21:22:15,53,26,0.49056603773584906
2026-04-08 21:23:15,53,26,0.49056603773584906
2026-04-08 21:24:16,52,24,0.46153846153846156
2026-04-08 21:25:17,53,31,0.5849056603773585
2026-04-08 21:26:18,53,28,0.5283018867924528
2026-04-08 21:27:19,51,24,0.47058823529411764
2026-04-08 21:28:20,51,3,0.058823529411764705
2026-04-08 21:29:20,51,4,0.0784313725490196
2026-04-08 21:30:21,50,3,0.06
2026-04-08 21:31:22,49,20,0.40816326530612246
2026-04-08 21:32:23,47,19,0.40425531914893614
2026-04-08 21:33:23,48,27,0.5625
2026-04-08 21:34:24,48,21,0.4375
2026-04-08 21:35:25,47,27,0.574468085106383
2026-04-08 21:36:26,49,29,0.5918367346938775
2026-04-08 21:37:27,50,26,0.52
2026-04-08 21:38:27,52,26,0.5
2026-04-08 21:39:28,52,26,0.5
2026-04-08 21:40:29,52,27,0.5192307692307693
2026-04-08 21:41:30,52,26,0.5
2026-04-08 21:42:31,52,30,0.5769230769230769
2026-04-08 21:43:32,53,30,0.5660377358490566
2026-04-08 21:44:32,52,23,0.4423076923076923
2026-04-08 21:45:33,53,25,0.4716981132075472
2026-04-08 21:46:34,53,27,0.5094339622641509
2026-04-08 21:47:35,52,24,0.46153846153846156
2026-04-08 21:48:36,52,27,0.5192307692307693
2026-04-08 21:49:37,52,27,0.5192307692307693
2026-04-08 21:50:38,52,25,0.4807692307692308
2026-04-08 21:51:38,52,23,0.4423076923076923
2026-04-08 21:52:39,51,27,0.5294117647058824
2026-04-08 21:53:40,50,23,0.46
2026-04-08 21:54:41,51,25,0.49019607843137253
2026-04-08 21:55:42,51,25,0.49019607843137253
2026-04-08 21:56:42,53,24,0.4528301886792453
2026-04-08 21:57:43,54,23,0.42592592592592593
2026-04-08 21:58:44,54,25,0.46296296296296297
2026-04-08 21:59:45,55,25,0.45454545454545453
2026-04-08 22:00:46,53,28,0.5283018867924528
2026-04-08 22:01:47,52,22,0.4230769230769231
2026-04-08 22:02:47,52,22,0.4230769230769231
2026-04-08 22:03:48,52,27,0.5192307692307693
2026-04-08 22:04:49,53,27,0.5094339622641509
2026-04-08 22:05:50,52,22,0.4230769230769231
2026-04-08 22:06:51,53,26,0.49056603773584906
2026-04-08 22:07:52,51,28,0.5490196078431373
2026-04-08 22:08:53,51,27,0.5294117647058824
2026-04-08 22:09:54,52,29,0.5576923076923077
2026-04-08 22:10:54,50,28,0.56
2026-04-08 22:11:55,51,27,0.5294117647058824
2026-04-08 22:12:56,52,30,0.5769230769230769
2026-04-08 22:13:57,54,29,0.5370370370370371
2026-04-08 22:14:58,54,27,0.5
2026-04-08 22:15:59,54,27,0.5
2026-04-08 22:16:59,54,28,0.5185185185185185
2026-04-08 22:18:00,54,24,0.4444444444444444
2026-04-08 22:19:01,53,29,0.5471698113207547
2026-04-08 22:20:02,53,26,0.49056603773584906
2026-04-08 22:21:03,51,24,0.47058823529411764
2026-04-08 22:22:04,50,28,0.56
2026-04-08 22:23:05,50,25,0.5
2026-04-08 22:24:06,49,25,0.5102040816326531
2026-04-08 22:25:07,49,28,0.5714285714285714
2026-04-08 22:26:07,50,25,0.5
2026-04-08 22:27:08,50,26,0.52
2026-04-08 22:28:09,50,25,0.5
2026-04-08 22:29:10,51,28,0.5490196078431373
2026-04-08 22:30:11,51,28,0.5490196078431373
2026-04-08 22:31:12,51,30,0.5882352941176471
2026-04-08 22:32:12,54,30,0.5555555555555556
2026-04-08 22:33:13,54,27,0.5
2026-04-08 22:34:14,53,29,0.5471698113207547
2026-04-08 22:35:15,54,28,0.5185185185185185
2026-04-08 22:36:16,55,28,0.509090909090909
2026-04-08 22:37:17,56,32,0.5714285714285714
2026-04-08 22:38:18,57,27,0.47368421052631576
2026-04-08 22:39:18,57,25,0.43859649122807015
2026-04-08 22:40:19,57,29,0.5087719298245614
2026-04-08 22:41:20,55,29,0.5272727272727272
2026-04-08 22:42:21,56,29,0.5178571428571429
2026-04-08 22:43:22,56,30,0.5357142857142857
2026-04-08 22:44:23,57,27,0.47368421052631576
2026-04-08 22:45:24,58,29,0.5
2026-04-08 22:46:24,59,31,0.5254237288135594
2026-04-08 22:47:25,60,26,0.43333333333333335
2026-04-08 22:48:26,60,24,0.4
2026-04-08 22:49:27,60,29,0.48333333333333334
2026-04-08 22:50:28,60,21,0.35
2026-04-08 22:51:29,60,29,0.48333333333333334
2026-04-08 22:52:30,59,26,0.4406779661016949
2026-04-08 22:53:31,59,25,0.423728813559322
2026-04-08 22:54:32,59,28,0.4745762711864407
2026-04-08 22:55:33,56,30,0.5357142857142857
2026-04-08 22:56:33,54,23,0.42592592592592593
2026-04-08 22:57:34,53,25,0.4716981132075472
2026-04-08 22:58:35,53,28,0.5283018867924528
2026-04-08 22:59:36,53,25,0.4716981132075472
2026-04-08 23:00:37,53,28,0.5283018867924528
2026-04-08 23:01:38,53,30,0.5660377358490566
2026-04-08 23:02:39,51,22,0.43137254901960786
2026-04-08 23:03:39,51,26,0.5098039215686274
2026-04-08 23:04:40,52,27,0.5192307692307693
2026-04-08 23:05:41,51,26,0.5098039215686274
2026-04-08 23:06:42,52,29,0.5576923076923077
2026-04-08 23:07:43,52,30,0.5769230769230769
2026-04-08 23:08:44,52,23,0.4423076923076923
2026-04-08 23:09:45,54,28,0.5185185185185185
2026-04-08 23:10:45,53,29,0.5471698113207547
2026-04-08 23:11:46,52,23,0.4423076923076923
2026-04-08 23:12:47,53,26,0.49056603773584906
2026-04-08 23:13:48,54,30,0.5555555555555556
2026-04-08 23:14:49,54,24,0.4444444444444444
2026-04-08 23:15:50,56,27,0.48214285714285715
2026-04-08 23:16:50,56,28,0.5
2026-04-08 23:17:51,56,26,0.4642857142857143
2026-04-08 23:18:52,55,30,0.5454545454545454
2026-04-08 23:19:53,55,31,0.5636363636363636
2026-04-08 23:20:54,54,26,0.48148148148148145
2026-04-08 23:21:55,53,29,0.5471698113207547
2026-04-08 23:22:56,54,30,0.5555555555555556
2026-04-08 23:23:57,57,27,0.47368421052631576
2026-04-08 23:24:57,57,35,0.6140350877192983
2026-04-08 23:25:58,57,33,0.5789473684210527
2026-04-08 23:26:59,57,24,0.42105263157894735
2026-04-08 23:28:00,56,24,0.42857142857142855
2026-04-08 23:29:01,56,0,0.0
2026-04-08 23:30:02,56,0,0.0
2026-04-08 23:31:03,56,0,0.0
2026-04-08 23:32:03,53,0,0.0
2026-04-08 23:33:04,51,21,0.4117647058823529
2026-04-08 23:34:05,51,29,0.5686274509803921
2026-04-08 23:35:06,51,26,0.5098039215686274
2026-04-08 23:36:06,47,26,0.5531914893617021
2026-04-08 23:37:07,47,29,0.6170212765957447
2026-04-08 23:38:08,47,25,0.5319148936170213
2026-04-08 23:39:09,48,26,0.5416666666666666
2026-04-08 23:40:10,50,29,0.58
2026-04-08 23:41:11,50,26,0.52
2026-04-08 23:42:11,51,27,0.5294117647058824
2026-04-08 23:43:12,50,31,0.62
2026-04-08 23:44:13,50,27,0.54
2026-04-08 23:45:14,52,30,0.5769230769230769
2026-04-08 23:46:15,53,31,0.5849056603773585
2026-04-08 23:47:16,54,27,0.5
2026-04-08 23:48:16,55,26,0.4727272727272727
2026-04-08 23:49:17,55,32,0.5818181818181818
2026-04-08 23:50:18,57,30,0.5263157894736842
2026-04-08 23:51:19,59,28,0.4745762711864407
2026-04-08 23:52:20,59,30,0.5084745762711864
2026-04-08 23:53:21,60,29,0.48333333333333334
2026-04-08 23:54:22,60,31,0.5166666666666667
2026-04-08 23:55:22,59,27,0.4576271186440678
2026-04-08 23:56:23,59,23,0.3898305084745763
2026-04-08 23:57:24,59,35,0.5932203389830508
2026-04-08 23:58:25,59,26,0.4406779661016949
2026-04-08 23:59:26,59,23,0.3898305084745763
2026-04-09 00:00:27,58,31,0.5344827586206896
2026-04-09 00:01:28,58,29,0.5
2026-04-09 00:02:29,58,23,0.39655172413793105
2026-04-09 00:03:29,56,32,0.5714285714285714
2026-04-09 00:04:30,56,27,0.48214285714285715
2026-04-09 00:05:31,55,23,0.41818181818181815
2026-04-09 00:06:32,54,30,0.5555555555555556
2026-04-09 00:07:33,55,29,0.5272727272727272
2026-04-09 00:08:34,55,27,0.4909090909090909
2026-04-09 00:09:35,55,30,0.5454545454545454
2026-04-09 00:10:36,55,26,0.4727272727272727
2026-04-09 00:11:37,55,24,0.43636363636363634
2026-04-09 00:12:37,55,33,0.6
2026-04-09 00:13:38,55,28,0.509090909090909
2026-04-09 00:14:39,54,24,0.4444444444444444
2026-04-09 00:15:40,54,22,0.4074074074074074
2026-04-09 00:16:41,54,23,0.42592592592592593
2026-04-09 00:17:42,53,14,0.2641509433962264
2026-04-09 00:18:43,53,25,0.4716981132075472
2026-04-09 00:19:44,53,24,0.4528301886792453
2026-04-09 00:20:44,55,24,0.43636363636363634
2026-04-09 00:21:45,54,22,0.4074074074074074
2026-04-09 00:22:46,54,26,0.48148148148148145
2026-04-09 00:23:47,53,22,0.41509433962264153
2026-04-09 00:24:48,52,25,0.4807692307692308
2026-04-09 00:25:49,50,27,0.54
2026-04-09 00:26:50,49,21,0.42857142857142855
2026-04-09 00:27:50,49,25,0.5102040816326531
2026-04-09 00:28:51,49,23,0.46938775510204084
2026-04-09 00:29:52,50,22,0.44
2026-04-09 00:30:53,51,30,0.5882352941176471
2026-04-09 00:31:54,51,27,0.5294117647058824
2026-04-09 00:32:55,50,25,0.5
2026-04-09 00:33:55,50,31,0.62
2026-04-09 00:34:56,50,27,0.54
2026-04-09 00:35:57,52,26,0.5
2026-04-09 00:36:58,52,28,0.5384615384615384
2026-04-09 00:37:59,53,27,0.5094339622641509
2026-04-09 00:39:00,52,23,0.4423076923076923
2026-04-09 00:40:01,53,25,0.4716981132075472
2026-04-09 00:41:02,52,25,0.4807692307692308
2026-04-09 00:42:02,53,23,0.4339622641509434
2026-04-09 00:43:03,53,25,0.4716981132075472
2026-04-09 00:44:04,54,23,0.42592592592592593
2026-04-09 00:45:05,54,27,0.5
2026-04-09 00:46:06,53,30,0.5660377358490566
2026-04-09 00:47:07,54,29,0.5370370370370371
2026-04-09 00:48:08,53,26,0.49056603773584906
2026-04-09 00:49:08,53,26,0.49056603773584906
2026-04-09 00:50:09,54,27,0.5
2026-04-09 00:51:10,55,25,0.45454545454545453
2026-04-09 00:52:11,56,27,0.48214285714285715
2026-04-09 00:53:12,56,23,0.4107142857142857
2026-04-09 00:54:13,55,18,0.32727272727272727
2026-04-09 00:55:14,55,26,0.4727272727272727
2026-04-09 00:56:14,54,21,0.3888888888888889
2026-04-09 00:57:15,55,26,0.4727272727272727
2026-04-09 00:58:16,55,29,0.5272727272727272
2026-04-09 00:59:17,56,27,0.48214285714285715
2026-04-09 01:00:18,55,26,0.4727272727272727
2026-04-09 01:01:19,54,28,0.5185185185185185
2026-04-09 01:02:20,54,24,0.4444444444444444
2026-04-09 01:03:20,53,24,0.4528301886792453
2026-04-09 01:04:21,53,27,0.5094339622641509
2026-04-09 01:05:22,53,24,0.4528301886792453
2026-04-09 01:06:23,53,25,0.4716981132075472
2026-04-09 01:07:24,52,21,0.40384615384615385
2026-04-09 01:08:25,51,24,0.47058823529411764
2026-04-09 01:09:26,52,19,0.36538461538461536
2026-04-09 01:10:27,51,22,0.43137254901960786
2026-04-09 01:11:27,51,19,0.37254901960784315
2026-04-09 01:12:28,51,24,0.47058823529411764
2026-04-09 01:13:29,50,21,0.42
2026-04-09 01:14:30,51,25,0.49019607843137253
2026-04-09 01:15:31,51,24,0.47058823529411764
2026-04-09 01:16:32,52,23,0.4423076923076923
2026-04-09 01:17:33,53,21,0.39622641509433965
2026-04-09 01:18:33,53,30,0.5660377358490566
2026-04-09 01:19:34,54,29,0.5370370370370371
2026-04-09 01:20:35,53,24,0.4528301886792453
2026-04-09 01:21:36,53,23,0.4339622641509434
2026-04-09 01:22:37,53,25,0.4716981132075472
2026-04-09 01:23:38,54,24,0.4444444444444444
2026-04-09 01:24:38,55,26,0.4727272727272727
2026-04-09 01:25:39,55,21,0.38181818181818183
2026-04-09 01:26:40,54,19,0.35185185185185186
2026-04-09 01:27:41,55,24,0.43636363636363634
2026-04-09 01:28:42,55,21,0.38181818181818183
2026-04-09 01:29:42,56,20,0.35714285714285715
2026-04-09 01:30:43,55,25,0.45454545454545453
2026-04-09 01:31:44,59,26,0.4406779661016949
2026-04-09 01:32:45,57,23,0.40350877192982454
2026-04-09 01:33:46,55,25,0.45454545454545453
2026-04-09 01:34:47,53,28,0.5283018867924528
2026-04-09 01:35:47,53,25,0.4716981132075472
2026-04-09 01:36:48,54,30,0.5555555555555556
2026-04-09 01:37:49,55,30,0.5454545454545454
2026-04-09 01:38:50,57,27,0.47368421052631576
2026-04-09 01:39:51,59,26,0.4406779661016949
2026-04-09 01:40:52,59,31,0.5254237288135594
2026-04-09 01:41:53,59,25,0.423728813559322
2026-04-09 01:42:53,56,31,0.5535714285714286
2026-04-09 01:43:54,55,25,0.45454545454545453
2026-04-09 01:44:55,55,22,0.4
2026-04-09 01:45:56,56,27,0.48214285714285715
2026-04-09 01:46:57,56,24,0.42857142857142855
2026-04-09 01:47:58,56,23,0.4107142857142857
2026-04-09 01:48:59,55,24,0.43636363636363634
2026-04-09 01:50:00,55,24,0.43636363636363634
2026-04-09 01:51:00,55,24,0.43636363636363634
2026-04-09 01:52:01,53,26,0.49056603773584906
2026-04-09 01:53:02,52,22,0.4230769230769231
2026-04-09 01:54:03,51,23,0.45098039215686275
2026-04-09 01:55:04,51,25,0.49019607843137253
2026-04-09 01:56:05,51,24,0.47058823529411764
2026-04-09 01:57:06,50,21,0.42
2026-04-09 01:58:07,50,25,0.5
2026-04-09 01:59:08,49,28,0.5714285714285714
2026-04-09 02:00:08,49,25,0.5102040816326531
2026-04-09 02:01:09,51,28,0.5490196078431373
2026-04-09 02:02:10,53,27,0.5094339622641509
2026-04-09 02:03:11,54,24,0.4444444444444444
2026-04-09 02:04:12,53,22,0.41509433962264153
2026-04-09 02:05:13,53,26,0.49056603773584906
2026-04-09 02:06:14,53,23,0.4339622641509434
2026-04-09 02:07:14,53,26,0.49056603773584906
2026-04-09 02:08:15,53,22,0.41509433962264153
2026-04-09 02:09:16,54,24,0.4444444444444444
2026-04-09 02:10:17,54,21,0.3888888888888889
2026-04-09 02:11:18,53,27,0.5094339622641509
2026-04-09 02:12:19,53,25,0.4716981132075472
2026-04-09 02:13:20,52,26,0.5
2026-04-09 02:14:20,52,26,0.5
2026-04-09 02:15:21,51,22,0.43137254901960786
2026-04-09 02:16:22,51,25,0.49019607843137253
2026-04-09 02:17:23,51,18,0.35294117647058826
2026-04-09 02:18:24,50,17,0.34
2026-04-09 02:19:25,50,23,0.46
2026-04-09 02:20:25,50,21,0.42
2026-04-09 02:21:26,50,21,0.42
2026-04-09 02:22:27,50,17,0.34
2026-04-09 02:23:28,49,19,0.3877551020408163
2026-04-09 02:24:29,49,24,0.4897959183673469
2026-04-09 02:25:30,47,16,0.3404255319148936
2026-04-09 02:26:30,48,19,0.3958333333333333
2026-04-09 02:27:31,47,20,0.425531914893617
2026-04-09 02:28:32,46,17,0.3695652173913043
2026-04-09 02:29:33,46,16,0.34782608695652173
2026-04-09 02:30:34,45,20,0.4444444444444444
2026-04-09 02:31:35,45,18,0.4
2026-04-09 02:32:35,46,19,0.41304347826086957
2026-04-09 02:33:36,45,15,0.3333333333333333
2026-04-09 02:34:37,45,18,0.4
2026-04-09 02:35:38,41,13,0.3170731707317073
2026-04-09 02:36:38,41,13,0.3170731707317073
2026-04-09 02:37:39,41,13,0.3170731707317073
2026-04-09 02:38:40,40,2,0.05
2026-04-09 02:39:41,38,1,0.02631578947368421
2026-04-09 02:40:41,38,2,0.05263157894736842
2026-04-09 02:41:42,37,2,0.05405405405405406
2026-04-09 02:42:43,35,1,0.02857142857142857
2026-04-09 02:43:43,33,4,0.12121212121212122
2026-04-09 02:44:44,30,2,0.06666666666666667
2026-04-09 02:45:45,27,2,0.07407407407407407
2026-04-09 02:46:45,19,7,0.3684210526315789
2026-04-09 02:47:46,16,3,0.1875
2026-04-09 02:48:47,12,1,0.08333333333333333
2026-04-09 02:49:47,12,3,0.25
2026-04-09 02:50:48,12,2,0.16666666666666666
2026-04-09 02:51:49,12,1,0.08333333333333333
2026-04-09 02:52:49,12,3,0.25
2026-04-09 02:53:50,12,3,0.25
2026-04-09 02:54:50,12,1,0.08333333333333333
2026-04-09 02:55:51,12,4,0.3333333333333333
2026-04-09 02:56:51,10,2,0.2
2026-04-09 02:57:52,9,2,0.2222222222222222
2026-04-09 02:58:52,11,6,0.5454545454545454
2026-04-09 02:59:53,11,3,0.2727272727272727
2026-04-09 03:00:54,18,10,0.5555555555555556
2026-04-09 03:01:54,23,18,0.782608695652174
2026-04-09 03:02:55,35,25,0.7142857142857143
2026-04-09 03:03:56,42,32,0.7619047619047619
2026-04-09 03:04:56,44,28,0.6363636363636364
2026-04-09 03:05:57,45,27,0.6
2026-04-09 03:06:58,46,25,0.5434782608695652
2026-04-09 03:07:59,47,24,0.5106382978723404
2026-04-09 03:09:00,50,26,0.52
2026-04-09 03:10:00,52,28,0.5384615384615384
2026-04-09 03:11:01,56,30,0.5357142857142857
2026-04-09 03:12:02,57,27,0.47368421052631576
2026-04-09 03:13:03,57,23,0.40350877192982454
2026-04-09 03:14:04,57,27,0.47368421052631576
2026-04-09 03:15:05,57,22,0.38596491228070173
2026-04-09 03:16:06,58,26,0.4482758620689655
2026-04-09 03:17:06,58,31,0.5344827586206896
2026-04-09 03:18:07,58,28,0.4827586206896552
2026-04-09 03:19:08,58,32,0.5517241379310345
2026-04-09 03:20:09,58,28,0.4827586206896552
2026-04-09 03:21:10,58,30,0.5172413793103449
2026-04-09 03:22:11,58,30,0.5172413793103449
2026-04-09 03:23:12,58,31,0.5344827586206896
2026-04-09 03:24:12,58,27,0.46551724137931033
2026-04-09 03:25:13,59,29,0.4915254237288136
2026-04-09 03:26:14,59,27,0.4576271186440678
2026-04-09 03:27:15,59,30,0.5084745762711864
2026-04-09 03:28:16,60,30,0.5
2026-04-09 03:29:16,59,33,0.559322033898305
2026-04-09 03:30:17,57,16,0.2807017543859649
2026-04-09 03:31:18,56,7,0.125
2026-04-09 03:32:19,56,2,0.03571428571428571
2026-04-09 03:33:20,56,3,0.05357142857142857
2026-04-09 03:34:20,56,3,0.05357142857142857
2026-04-09 03:35:21,55,6,0.10909090909090909
2026-04-09 03:36:22,55,7,0.12727272727272726
2026-04-09 03:37:23,52,4,0.07692307692307693
2026-04-09 03:38:23,45,5,0.1111111111111111
2026-04-09 03:39:24,26,2,0.07692307692307693
2026-04-09 03:40:25,14,4,0.2857142857142857
2026-04-09 03:41:25,14,4,0.2857142857142857
2026-04-09 03:42:26,15,3,0.2
2026-04-09 03:43:27,15,4,0.26666666666666666
2026-04-09 03:44:27,16,5,0.3125
2026-04-09 03:45:28,18,5,0.2777777777777778
2026-04-09 03:46:28,16,2,0.125
2026-04-09 03:47:29,16,3,0.1875
2026-04-09 03:48:30,16,3,0.1875
2026-04-09 03:49:30,16,8,0.5
2026-04-09 03:50:31,16,2,0.125
2026-04-09 03:51:31,16,2,0.125
2026-04-09 03:52:32,15,3,0.2
2026-04-09 03:53:33,17,6,0.35294117647058826
2026-04-09 03:54:33,19,9,0.47368421052631576
2026-04-09 03:55:34,19,9,0.47368421052631576
2026-04-09 03:56:34,20,7,0.35
2026-04-09 03:57:35,21,7,0.3333333333333333
2026-04-09 03:58:36,21,8,0.38095238095238093
2026-04-09 03:59:36,21,8,0.38095238095238093
2026-04-09 04:00:37,19,9,0.47368421052631576
2026-04-09 04:01:38,21,12,0.5714285714285714
2026-04-09 04:02:38,21,7,0.3333333333333333
2026-04-09 04:03:39,25,15,0.6
2026-04-09 04:04:40,37,28,0.7567567567567568
2026-04-09 04:05:40,42,27,0.6428571428571429
2026-04-09 04:06:41,47,28,0.5957446808510638
2026-04-09 04:07:42,51,33,0.6470588235294118
2026-04-09 04:08:43,52,30,0.5769230769230769
2026-04-09 04:09:43,55,34,0.6181818181818182
2026-04-09 04:10:44,57,38,0.6666666666666666
2026-04-09 04:11:45,58,29,0.5
2026-04-09 04:12:46,61,34,0.5573770491803278
2026-04-09 04:13:47,61,31,0.5081967213114754
2026-04-09 04:14:48,64,30,0.46875
2026-04-09 04:15:49,64,33,0.515625
2026-04-09 04:16:49,65,32,0.49230769230769234
2026-04-09 04:17:50,65,31,0.47692307692307695
2026-04-09 04:18:51,66,33,0.5
2026-04-09 04:19:52,66,33,0.5
2026-04-09 04:20:53,67,35,0.5223880597014925
2026-04-09 04:21:54,67,32,0.47761194029850745
2026-04-09 04:22:54,69,38,0.5507246376811594
2026-04-09 04:23:55,68,34,0.5
2026-04-09 04:24:56,68,33,0.4852941176470588
2026-04-09 04:25:57,66,35,0.5303030303030303
2026-04-09 04:26:58,64,33,0.515625
2026-04-09 04:27:59,66,34,0.5151515151515151
2026-04-09 04:29:00,66,36,0.5454545454545454
2026-04-09 04:30:01,66,34,0.5151515151515151
2026-04-09 04:31:02,66,31,0.4696969696969697
2026-04-09 04:32:02,66,33,0.5
2026-04-09 04:33:03,62,30,0.4838709677419355
2026-04-09 04:34:04,63,34,0.5396825396825397
2026-04-09 04:35:05,63,34,0.5396825396825397
2026-04-09 04:36:06,64,33,0.515625
2026-04-09 04:37:07,63,34,0.5396825396825397
2026-04-09 04:38:08,62,29,0.46774193548387094
2026-04-09 04:39:08,63,29,0.4603174603174603
2026-04-09 04:40:09,65,37,0.5692307692307692
2026-04-09 04:41:10,66,31,0.4696969696969697
2026-04-09 04:42:11,69,34,0.4927536231884058
2026-04-09 04:43:12,69,34,0.4927536231884058
2026-04-09 04:44:13,68,30,0.4411764705882353
2026-04-09 04:45:13,67,35,0.5223880597014925
2026-04-09 04:46:14,69,39,0.5652173913043478
2026-04-09 04:47:15,70,34,0.4857142857142857
2026-04-09 04:48:16,68,36,0.5294117647058824
2026-04-09 04:49:17,68,39,0.5735294117647058
2026-04-09 04:50:18,68,34,0.5
2026-04-09 04:51:19,67,36,0.5373134328358209
2026-04-09 04:52:20,68,32,0.47058823529411764
2026-04-09 04:53:21,68,33,0.4852941176470588
2026-04-09 04:54:22,68,30,0.4411764705882353
2026-04-09 04:55:23,66,34,0.5151515151515151
2026-04-09 04:56:24,65,34,0.5230769230769231
2026-04-09 04:57:25,66,37,0.5606060606060606
2026-04-09 04:58:25,67,33,0.4925373134328358
2026-04-09 04:59:26,67,30,0.44776119402985076
2026-04-09 05:00:27,66,26,0.3939393939393939
2026-04-09 05:01:28,65,26,0.4
2026-04-09 05:02:29,63,22,0.3492063492063492
2026-04-09 05:03:30,62,27,0.43548387096774194
2026-04-09 05:04:31,62,29,0.46774193548387094
2026-04-09 05:05:31,62,25,0.4032258064516129
2026-04-09 05:06:32,63,29,0.4603174603174603
2026-04-09 05:07:33,61,28,0.45901639344262296
2026-04-09 05:08:34,58,23,0.39655172413793105
2026-04-09 05:09:35,58,30,0.5172413793103449
2026-04-09 05:10:35,60,32,0.5333333333333333
2026-04-09 05:11:36,59,27,0.4576271186440678
2026-04-09 05:12:37,59,31,0.5254237288135594
2026-04-09 05:13:38,59,30,0.5084745762711864
2026-04-09 05:14:39,61,28,0.45901639344262296
2026-04-09 05:15:40,61,34,0.5573770491803278
2026-04-09 05:16:40,62,35,0.5645161290322581
2026-04-09 05:17:41,61,30,0.4918032786885246
2026-04-09 05:18:42,64,35,0.546875
2026-04-09 05:19:43,64,35,0.546875
2026-04-09 05:20:44,64,26,0.40625
2026-04-09 05:21:45,64,31,0.484375
2026-04-09 05:22:46,65,33,0.5076923076923077
2026-04-09 05:23:47,66,31,0.4696969696969697
2026-04-09 05:24:47,66,36,0.5454545454545454
2026-04-09 05:25:48,66,33,0.5
2026-04-09 05:26:49,64,23,0.359375
2026-04-09 05:27:50,65,33,0.5076923076923077
2026-04-09 05:28:51,67,31,0.4626865671641791
2026-04-09 05:29:52,66,27,0.4090909090909091
2026-04-09 05:30:53,68,27,0.39705882352941174
2026-04-09 05:31:53,67,30,0.44776119402985076
2026-04-09 05:32:54,68,26,0.38235294117647056
2026-04-09 05:33:55,67,31,0.4626865671641791
2026-04-09 05:34:56,67,27,0.40298507462686567
2026-04-09 05:35:57,65,29,0.4461538461538462
2026-04-09 05:36:58,66,29,0.4393939393939394
2026-04-09 05:37:59,65,31,0.47692307692307695
2026-04-09 05:39:00,64,30,0.46875
2026-04-09 05:40:01,64,34,0.53125
2026-04-09 05:41:02,62,29,0.46774193548387094
2026-04-09 05:42:02,63,24,0.38095238095238093
2026-04-09 05:43:03,63,26,0.4126984126984127
2026-04-09 05:44:04,63,27,0.42857142857142855
2026-04-09 05:45:05,63,25,0.3968253968253968
2026-04-09 05:46:06,63,27,0.42857142857142855
2026-04-09 05:47:07,62,26,0.41935483870967744
2026-04-09 05:48:08,63,29,0.4603174603174603
2026-04-09 05:49:09,61,31,0.5081967213114754
2026-04-09 05:50:09,59,32,0.5423728813559322
2026-04-09 05:51:10,59,30,0.5084745762711864
2026-04-09 05:52:11,60,35,0.5833333333333334
2026-04-09 05:53:12,60,30,0.5
2026-04-09 05:54:13,60,29,0.48333333333333334
2026-04-09 05:55:14,60,29,0.48333333333333334
2026-04-09 05:56:15,60,24,0.4
2026-04-09 05:57:15,61,27,0.4426229508196721
2026-04-09 05:58:16,61,29,0.47540983606557374
2026-04-09 05:59:17,61,30,0.4918032786885246
2026-04-09 06:00:18,60,27,0.45
2026-04-09 06:01:19,58,32,0.5517241379310345
2026-04-09 06:02:20,58,28,0.4827586206896552
2026-04-09 06:03:21,58,28,0.4827586206896552
2026-04-09 06:04:21,62,31,0.5
2026-04-09 06:05:22,61,32,0.5245901639344263
2026-04-09 06:06:23,62,30,0.4838709677419355
2026-04-09 06:07:24,61,33,0.5409836065573771
2026-04-09 06:08:25,61,28,0.45901639344262296
2026-04-09 06:09:26,60,32,0.5333333333333333
2026-04-09 06:10:26,60,34,0.5666666666666667
2026-04-09 06:11:27,63,32,0.5079365079365079
2026-04-09 06:12:28,61,38,0.6229508196721312
2026-04-09 06:13:29,60,31,0.5166666666666667
2026-04-09 06:14:30,59,30,0.5084745762711864
2026-04-09 06:15:31,58,35,0.603448275862069
2026-04-09 06:16:32,59,33,0.559322033898305
2026-04-09 06:17:32,58,31,0.5344827586206896
2026-04-09 06:18:33,59,38,0.6440677966101694
2026-04-09 06:19:34,62,38,0.6129032258064516
2026-04-09 06:20:35,62,34,0.5483870967741935
2026-04-09 06:21:36,63,37,0.5873015873015873
2026-04-09 06:22:37,62,37,0.5967741935483871
2026-04-09 06:23:38,62,32,0.5161290322580645
2026-04-09 06:24:39,62,37,0.5967741935483871
2026-04-09 06:25:40,63,34,0.5396825396825397
2026-04-09 06:26:41,63,32,0.5079365079365079
2026-04-09 06:27:42,63,35,0.5555555555555556
2026-04-09 06:28:42,61,35,0.5737704918032787
2026-04-09 06:29:43,61,31,0.5081967213114754
2026-04-09 06:30:44,63,39,0.6190476190476191
2026-04-09 06:31:45,63,39,0.6190476190476191
2026-04-09 06:32:46,62,32,0.5161290322580645
2026-04-09 06:33:47,62,36,0.5806451612903226
2026-04-09 06:34:48,61,37,0.6065573770491803
2026-04-09 06:35:49,62,31,0.5
2026-04-09 06:36:50,64,37,0.578125
2026-04-09 06:37:50,64,39,0.609375
2026-04-09 06:38:51,65,34,0.5230769230769231
2026-04-09 06:39:52,66,42,0.6363636363636364
2026-04-09 06:40:53,65,35,0.5384615384615384
2026-04-09 06:41:54,66,36,0.5454545454545454
2026-04-09 06:42:55,66,39,0.5909090909090909
2026-04-09 06:43:56,66,37,0.5606060606060606
2026-04-09 06:44:57,65,33,0.5076923076923077
2026-04-09 06:45:58,65,39,0.6
2026-04-09 06:46:59,65,38,0.5846153846153846
2026-04-09 06:47:59,65,33,0.5076923076923077
2026-04-09 06:49:00,64,37,0.578125
2026-04-09 06:50:01,64,41,0.640625
2026-04-09 06:51:02,63,33,0.5238095238095238
2026-04-09 06:52:03,63,39,0.6190476190476191
2026-04-09 06:53:04,63,37,0.5873015873015873
2026-04-09 06:54:05,63,34,0.5396825396825397
2026-04-09 06:55:06,63,38,0.6031746031746031
2026-04-09 06:56:07,64,34,0.53125
2026-04-09 06:57:08,64,35,0.546875
2026-04-09 06:58:09,64,40,0.625
2026-04-09 06:59:10,64,36,0.5625
2026-04-09 07:00:11,63,38,0.6031746031746031
2026-04-09 07:01:12,63,38,0.6031746031746031
2026-04-09 07:02:12,64,37,0.578125
2026-04-09 07:03:13,65,38,0.5846153846153846
2026-04-09 07:04:14,64,44,0.6875
2026-04-09 07:05:15,64,38,0.59375
2026-04-09 07:06:16,64,34,0.53125
2026-04-09 07:07:17,65,42,0.6461538461538462
2026-04-09 07:08:18,65,34,0.5230769230769231
2026-04-09 07:09:19,65,37,0.5692307692307692
2026-04-09 07:10:20,66,40,0.6060606060606061
2026-04-09 07:11:21,66,35,0.5303030303030303
2026-04-09 07:12:22,67,41,0.6119402985074627
2026-04-09 07:13:23,66,39,0.5909090909090909
2026-04-09 07:14:24,67,37,0.5522388059701493
2026-04-09 07:15:24,67,45,0.6716417910447762
2026-04-09 07:16:25,67,36,0.5373134328358209
2026-04-09 07:17:26,67,39,0.582089552238806
2026-04-09 07:18:27,66,41,0.6212121212121212
2026-04-09 07:19:28,66,38,0.5757575757575758
2026-04-09 07:20:29,65,37,0.5692307692307692
2026-04-09 07:21:30,65,41,0.6307692307692307
2026-04-09 07:22:31,65,35,0.5384615384615384
2026-04-09 07:23:32,66,36,0.5454545454545454
2026-04-09 07:24:33,66,42,0.6363636363636364
2026-04-09 07:25:34,67,42,0.6268656716417911
2026-04-09 07:26:35,66,39,0.5909090909090909
2026-04-09 07:27:36,66,44,0.6666666666666666
2026-04-09 07:28:37,65,35,0.5384615384615384
2026-04-09 07:29:38,65,37,0.5692307692307692
2026-04-09 07:30:39,65,38,0.5846153846153846
2026-04-09 07:31:39,66,39,0.5909090909090909
2026-04-09 07:32:40,66,33,0.5
2026-04-09 07:33:41,66,42,0.6363636363636364
2026-04-09 07:34:42,65,40,0.6153846153846154
2026-04-09 07:35:43,64,35,0.546875
2026-04-09 07:36:44,64,39,0.609375
2026-04-09 07:37:45,64,39,0.609375
2026-04-09 07:38:46,65,34,0.5230769230769231
2026-04-09 07:39:47,64,37,0.578125
2026-04-09 07:40:48,64,33,0.515625
2026-04-09 07:41:49,63,31,0.49206349206349204
2026-04-09 07:42:50,63,36,0.5714285714285714
2026-04-09 07:43:51,63,40,0.6349206349206349
2026-04-09 07:44:52,62,33,0.532258064516129
2026-04-09 07:45:53,62,38,0.6129032258064516
2026-04-09 07:46:54,62,34,0.5483870967741935
2026-04-09 07:47:54,62,33,0.532258064516129
2026-04-09 07:48:55,61,36,0.5901639344262295
2026-04-09 07:49:56,60,35,0.5833333333333334
2026-04-09 07:50:57,61,31,0.5081967213114754
2026-04-09 07:51:58,61,31,0.5081967213114754
2026-04-09 07:52:59,61,30,0.4918032786885246
2026-04-09 07:54:00,61,26,0.4262295081967213
2026-04-09 07:55:01,62,34,0.5483870967741935
2026-04-09 07:56:02,60,25,0.4166666666666667
2026-04-09 07:57:03,59,25,0.423728813559322
2026-04-09 07:58:04,56,35,0.625
2026-04-09 07:59:05,55,29,0.5272727272727272
2026-04-09 08:00:06,56,32,0.5714285714285714
2026-04-09 08:01:07,56,36,0.6428571428571429
2026-04-09 08:02:08,58,33,0.5689655172413793
2026-04-09 08:03:08,57,29,0.5087719298245614
2026-04-09 08:04:09,57,0,0.0
2026-04-09 08:05:10,57,29,0.5087719298245614
2026-04-09 08:06:11,56,31,0.5535714285714286
2026-04-09 08:07:12,56,34,0.6071428571428571
2026-04-09 08:08:13,56,24,0.42857142857142855
2026-04-09 08:09:14,56,24,0.42857142857142855
2026-04-09 08:10:15,56,33,0.5892857142857143
2026-04-09 08:11:16,55,29,0.5272727272727272
2026-04-09 08:12:16,54,31,0.5740740740740741
2026-04-09 08:13:17,53,33,0.6226415094339622
2026-04-09 08:14:18,55,32,0.5818181818181818
2026-04-09 08:15:19,59,31,0.5254237288135594
2026-04-09 08:16:20,59,34,0.576271186440678
2026-04-09 08:17:21,59,29,0.4915254237288136
2026-04-09 08:18:22,59,34,0.576271186440678
2026-04-09 08:19:23,59,31,0.5254237288135594
2026-04-09 08:20:23,59,27,0.4576271186440678
2026-04-09 08:21:24,59,34,0.576271186440678
2026-04-09 08:22:25,60,34,0.5666666666666667
2026-04-09 08:23:26,59,32,0.5423728813559322
2026-04-09 08:24:27,58,34,0.5862068965517241
2026-04-09 08:25:28,55,29,0.5272727272727272
2026-04-09 08:26:29,55,28,0.509090909090909
2026-04-09 08:27:30,55,34,0.6181818181818182
2026-04-09 08:28:31,55,35,0.6363636363636364
2026-04-09 08:29:32,55,27,0.4909090909090909
2026-04-09 08:30:33,55,32,0.5818181818181818
2026-04-09 08:31:34,56,32,0.5714285714285714
2026-04-09 08:32:34,56,28,0.5
2026-04-09 08:33:35,56,34,0.6071428571428571
2026-04-09 08:34:36,56,32,0.5714285714285714
2026-04-09 08:35:37,56,28,0.5
2026-04-09 08:36:38,55,32,0.5818181818181818
2026-04-09 08:37:39,54,28,0.5185185185185185
2026-04-09 08:38:40,52,25,0.4807692307692308
2026-04-09 08:39:41,51,34,0.6666666666666666
2026-04-09 08:40:42,54,34,0.6296296296296297
2026-04-09 08:41:42,55,31,0.5636363636363636
2026-04-09 08:42:43,55,37,0.6727272727272727
2026-04-09 08:43:44,55,30,0.5454545454545454
2026-04-09 08:44:45,55,26,0.4727272727272727
2026-04-09 08:45:46,55,34,0.6181818181818182
2026-04-09 08:46:47,55,31,0.5636363636363636
2026-04-09 08:47:48,55,30,0.5454545454545454
2026-04-09 08:48:49,55,28,0.509090909090909
2026-04-09 08:49:50,55,29,0.5272727272727272
2026-04-09 08:50:51,55,26,0.4727272727272727
2026-04-09 08:51:51,55,32,0.5818181818181818
2026-04-09 08:52:52,53,29,0.5471698113207547
2026-04-09 08:53:53,53,27,0.5094339622641509
2026-04-09 08:54:54,52,32,0.6153846153846154
2026-04-09 08:55:55,52,30,0.5769230769230769
2026-04-09 08:56:56,52,27,0.5192307692307693
2026-04-09 08:57:57,52,32,0.6153846153846154
2026-04-09 08:58:58,52,29,0.5576923076923077
2026-04-09 08:59:58,52,27,0.5192307692307693
2026-04-09 09:00:59,51,30,0.5882352941176471
2026-04-09 09:02:00,51,29,0.5686274509803921
2026-04-09 09:03:01,51,27,0.5294117647058824
2026-04-09 09:04:02,51,27,0.5294117647058824
2026-04-09 09:05:03,51,20,0.39215686274509803
2026-04-09 09:06:04,49,20,0.40816326530612246
2026-04-09 09:07:05,49,19,0.3877551020408163
2026-04-09 09:08:06,48,18,0.375
2026-04-09 09:09:07,46,19,0.41304347826086957
2026-04-09 09:10:08,46,22,0.4782608695652174
2026-04-09 09:11:08,42,20,0.47619047619047616
2026-04-09 09:12:09,42,25,0.5952380952380952
2026-04-09 09:13:10,39,21,0.5384615384615384
2026-04-09 09:14:11,36,20,0.5555555555555556
2026-04-09 09:15:12,37,26,0.7027027027027027
2026-04-09 09:16:12,43,30,0.6976744186046512
2026-04-09 09:17:13,45,27,0.6
2026-04-09 09:18:14,45,30,0.6666666666666666
2026-04-09 09:19:15,50,37,0.74
2026-04-09 09:20:16,51,26,0.5098039215686274
2026-04-09 09:21:17,51,34,0.6666666666666666
2026-04-09 09:22:18,51,34,0.6666666666666666
2026-04-09 09:23:19,51,30,0.5882352941176471
2026-04-09 09:24:19,53,31,0.5849056603773585
2026-04-09 09:25:20,55,34,0.6181818181818182
2026-04-09 09:26:21,55,28,0.509090909090909
2026-04-09 09:27:22,55,32,0.5818181818181818
2026-04-09 09:28:23,55,29,0.5272727272727272
2026-04-09 09:29:24,54,34,0.6296296296296297
2026-04-09 09:30:25,55,31,0.5636363636363636
2026-04-09 09:31:26,55,14,0.2545454545454545
2026-04-09 09:32:26,56,29,0.5178571428571429
2026-04-09 09:33:27,56,37,0.6607142857142857
2026-04-09 09:34:28,58,37,0.6379310344827587
2026-04-09 09:35:29,58,33,0.5689655172413793
2026-04-09 09:36:30,58,37,0.6379310344827587
2026-04-09 09:37:31,57,34,0.5964912280701754
2026-04-09 09:38:32,57,30,0.5263157894736842
2026-04-09 09:39:33,56,24,0.42857142857142855
2026-04-09 09:40:34,56,4,0.07142857142857142
2026-04-09 09:41:34,56,0,0.0
2026-04-09 09:42:35,56,30,0.5357142857142857
2026-04-09 09:43:36,55,30,0.5454545454545454
2026-04-09 09:44:37,54,25,0.46296296296296297
2026-04-09 09:45:38,53,21,0.39622641509433965
2026-04-09 09:46:39,52,28,0.5384615384615384
2026-04-09 09:47:40,52,30,0.5769230769230769
2026-04-09 09:48:40,52,35,0.6730769230769231
2026-04-09 09:49:41,55,31,0.5636363636363636
2026-04-09 09:50:42,55,28,0.509090909090909
2026-04-09 09:51:43,55,33,0.6
2026-04-09 09:52:44,55,27,0.4909090909090909
2026-04-09 09:53:45,56,31,0.5535714285714286
2026-04-09 09:54:46,55,36,0.6545454545454545
2026-04-09 09:55:47,56,34,0.6071428571428571
2026-04-09 09:56:48,56,30,0.5357142857142857
2026-04-09 09:57:48,56,35,0.625
2026-04-09 09:58:49,56,29,0.5178571428571429
2026-04-09 09:59:50,55,30,0.5454545454545454
2026-04-09 10:00:51,54,33,0.6111111111111112
2026-04-09 10:01:52,54,30,0.5555555555555556
2026-04-09 10:02:53,54,27,0.5
2026-04-09 10:03:54,54,35,0.6481481481481481
2026-04-09 10:04:55,57,28,0.49122807017543857
2026-04-09 10:05:56,56,26,0.4642857142857143
2026-04-09 10:06:57,57,34,0.5964912280701754
2026-04-09 10:07:58,57,22,0.38596491228070173
2026-04-09 10:08:59,57,25,0.43859649122807015
2026-04-09 10:09:59,57,29,0.5087719298245614
2026-04-09 10:11:00,55,23,0.41818181818181815
2026-04-09 10:12:01,56,25,0.44642857142857145
2026-04-09 10:13:02,55,29,0.5272727272727272
2026-04-09 10:14:03,54,23,0.42592592592592593
2026-04-09 10:15:04,51,28,0.5490196078431373
2026-04-09 10:16:05,51,27,0.5294117647058824
2026-04-09 10:17:06,50,24,0.48
2026-04-09 10:18:07,50,23,0.46
2026-04-09 10:19:08,51,28,0.5490196078431373
2026-04-09 10:20:09,52,24,0.46153846153846156
2026-04-09 10:21:10,52,26,0.5
2026-04-09 10:22:10,52,25,0.4807692307692308
2026-04-09 10:23:11,53,24,0.4528301886792453
2026-04-09 10:24:12,53,24,0.4528301886792453
2026-04-09 10:25:13,53,28,0.5283018867924528
2026-04-09 10:26:14,54,23,0.42592592592592593
2026-04-09 10:27:15,54,32,0.5925925925925926
2026-04-09 10:28:16,57,29,0.5087719298245614
2026-04-09 10:29:17,56,25,0.44642857142857145
2026-04-09 10:30:18,57,26,0.45614035087719296
2026-04-09 10:31:19,57,23,0.40350877192982454
2026-04-09 10:32:20,56,23,0.4107142857142857
2026-04-09 10:33:21,54,28,0.5185185185185185
2026-04-09 10:34:21,54,25,0.46296296296296297
2026-04-09 10:35:22,54,24,0.4444444444444444
2026-04-09 10:36:23,54,31,0.5740740740740741
2026-04-09 10:37:24,54,28,0.5185185185185185
2026-04-09 10:38:25,53,25,0.4716981132075472
2026-04-09 10:39:26,52,30,0.5769230769230769
2026-04-09 10:40:27,52,26,0.5
2026-04-09 10:41:28,53,24,0.4528301886792453
2026-04-09 10:42:29,56,28,0.5
2026-04-09 10:43:30,56,28,0.5
2026-04-09 10:44:30,55,22,0.4
2026-04-09 10:45:31,55,30,0.5454545454545454
2026-04-09 10:46:32,55,24,0.43636363636363634
2026-04-09 10:47:33,56,25,0.44642857142857145
2026-04-09 10:48:34,55,25,0.45454545454545453
2026-04-09 10:49:35,54,27,0.5
2026-04-09 10:50:36,53,24,0.4528301886792453
2026-04-09 10:51:37,53,31,0.5849056603773585
2026-04-09 10:52:38,53,29,0.5471698113207547
2026-04-09 10:53:39,53,29,0.5471698113207547
2026-04-09 10:54:40,53,30,0.5660377358490566
2026-04-09 10:55:40,53,28,0.5283018867924528
2026-04-09 10:56:41,53,28,0.5283018867924528
2026-04-09 10:57:42,55,34,0.6181818181818182
2026-04-09 10:58:43,56,27,0.48214285714285715
2026-04-09 10:59:44,55,27,0.4909090909090909
2026-04-09 11:00:45,55,34,0.6181818181818182
2026-04-09 11:01:46,53,27,0.5094339622641509
2026-04-09 11:02:47,53,29,0.5471698113207547
2026-04-09 11:03:48,54,30,0.5555555555555556
2026-04-09 11:04:49,54,28,0.5185185185185185
2026-04-09 11:05:50,55,28,0.509090909090909
2026-04-09 11:06:51,56,31,0.5535714285714286
2026-04-09 11:07:52,55,26,0.4727272727272727
2026-04-09 11:08:52,55,27,0.4909090909090909
2026-04-09 11:09:53,55,33,0.6
2026-04-09 11:10:54,56,29,0.5178571428571429
2026-04-09 11:11:55,55,28,0.509090909090909
2026-04-09 11:12:56,55,29,0.5272727272727272
2026-04-09 11:13:57,55,26,0.4727272727272727
2026-04-09 11:14:58,56,27,0.48214285714285715
2026-04-09 11:15:59,55,30,0.5454545454545454
2026-04-09 11:17:00,55,28,0.509090909090909
2026-04-09 11:18:00,58,32,0.5517241379310345
2026-04-09 11:19:01,59,34,0.576271186440678
2026-04-09 11:20:02,59,26,0.4406779661016949
2026-04-09 11:21:03,60,28,0.4666666666666667
2026-04-09 11:22:04,59,33,0.559322033898305
2026-04-09 11:23:05,59,30,0.5084745762711864
2026-04-09 11:24:06,59,25,0.423728813559322
2026-04-09 11:25:07,58,31,0.5344827586206896
2026-04-09 11:26:08,58,17,0.29310344827586204
2026-04-09 11:27:09,58,24,0.41379310344827586
2026-04-09 11:28:09,55,26,0.4727272727272727
2026-04-09 11:29:10,54,23,0.42592592592592593
2026-04-09 11:30:11,53,21,0.39622641509433965
2026-04-09 11:31:12,53,25,0.4716981132075472
2026-04-09 11:32:13,52,17,0.3269230769230769
2026-04-09 11:33:14,51,21,0.4117647058823529
2026-04-09 11:34:15,53,25,0.4716981132075472
2026-04-09 11:35:16,52,21,0.40384615384615385
2026-04-09 11:36:16,52,24,0.46153846153846156
2026-04-09 11:37:17,53,25,0.4716981132075472
2026-04-09 11:38:18,53,20,0.37735849056603776
2026-04-09 11:39:19,51,26,0.5098039215686274
2026-04-09 11:40:20,50,28,0.56
2026-04-09 11:41:20,49,25,0.5102040816326531
2026-04-09 11:42:21,50,26,0.52
2026-04-09 11:43:22,49,30,0.6122448979591837
2026-04-09 11:44:23,50,22,0.44
2026-04-09 11:45:24,52,29,0.5576923076923077
2026-04-09 11:46:25,52,25,0.4807692307692308
2026-04-09 11:47:25,53,28,0.5283018867924528
2026-04-09 11:48:26,53,26,0.49056603773584906
2026-04-09 11:49:27,54,27,0.5
2026-04-09 11:50:28,54,23,0.42592592592592593
2026-04-09 11:51:29,54,25,0.46296296296296297
2026-04-09 11:52:30,55,25,0.45454545454545453
2026-04-09 11:53:30,56,24,0.42857142857142855
2026-04-09 11:54:31,56,26,0.4642857142857143
2026-04-09 11:55:32,57,24,0.42105263157894735
2026-04-09 11:56:33,57,23,0.40350877192982454
2026-04-09 11:57:34,60,30,0.5
2026-04-09 11:58:35,59,26,0.4406779661016949
2026-04-09 11:59:36,60,25,0.4166666666666667
2026-04-09 12:00:36,60,28,0.4666666666666667
2026-04-09 12:01:37,59,28,0.4745762711864407
2026-04-09 12:02:38,58,21,0.3620689655172414
2026-04-09 12:03:39,56,34,0.6071428571428571
2026-04-09 12:04:40,58,33,0.5689655172413793
2026-04-09 12:05:41,59,25,0.423728813559322
2026-04-09 12:06:42,59,24,0.4067796610169492
2026-04-09 12:07:43,59,28,0.4745762711864407
2026-04-09 12:08:43,60,25,0.4166666666666667
2026-04-09 12:09:44,61,30,0.4918032786885246
2026-04-09 12:10:45,60,32,0.5333333333333333
2026-04-09 12:11:46,62,32,0.5161290322580645
2026-04-09 12:12:47,62,28,0.45161290322580644
2026-04-09 12:13:48,62,29,0.46774193548387094
2026-04-09 12:14:49,62,24,0.3870967741935484
2026-04-09 12:15:50,62,34,0.5483870967741935
2026-04-09 12:16:50,63,33,0.5238095238095238
2026-04-09 12:17:51,63,33,0.5238095238095238
2026-04-09 12:18:52,63,30,0.47619047619047616
2026-04-09 12:19:53,63,29,0.4603174603174603
2026-04-09 12:20:54,63,26,0.4126984126984127
2026-04-09 12:21:55,63,28,0.4444444444444444
2026-04-09 12:22:56,61,30,0.4918032786885246
2026-04-09 12:23:57,61,30,0.4918032786885246
2026-04-09 12:24:57,61,29,0.47540983606557374
2026-04-09 12:25:58,60,24,0.4
2026-04-09 12:26:59,60,23,0.38333333333333336
2026-04-09 12:28:00,61,30,0.4918032786885246
2026-04-09 12:29:01,61,28,0.45901639344262296
2026-04-09 12:30:02,61,24,0.39344262295081966
2026-04-09 12:31:03,61,30,0.4918032786885246
2026-04-09 12:32:04,60,22,0.36666666666666664
2026-04-09 12:33:05,60,22,0.36666666666666664
2026-04-09 12:34:06,60,32,0.5333333333333333
2026-04-09 12:35:07,59,24,0.4067796610169492
2026-04-09 12:36:08,59,26,0.4406779661016949
2026-04-09 12:37:08,58,28,0.4827586206896552
2026-04-09 12:38:09,56,22,0.39285714285714285
2026-04-09 12:39:10,54,27,0.5
2026-04-09 12:40:11,55,30,0.5454545454545454
2026-04-09 12:41:12,55,22,0.4
2026-04-09 12:42:13,55,24,0.43636363636363634
2026-04-09 12:43:14,54,16,0.2962962962962963
2026-04-09 12:44:15,53,22,0.41509433962264153
2026-04-09 12:45:15,53,26,0.49056603773584906
2026-04-09 12:46:16,53,30,0.5660377358490566
2026-04-09 12:47:17,55,28,0.509090909090909
2026-04-09 12:48:18,56,29,0.5178571428571429
2026-04-09 12:49:19,58,30,0.5172413793103449
2026-04-09 12:50:20,57,21,0.3684210526315789
2026-04-09 12:51:21,60,31,0.5166666666666667
2026-04-09 12:52:21,60,25,0.4166666666666667
2026-04-09 12:53:22,60,27,0.45
2026-04-09 12:54:23,60,26,0.43333333333333335
2026-04-09 12:55:24,60,29,0.48333333333333334
2026-04-09 12:56:25,60,22,0.36666666666666664
2026-04-09 12:57:26,59,32,0.5423728813559322
2026-04-09 12:58:27,59,26,0.4406779661016949
2026-04-09 12:59:28,58,29,0.5
2026-04-09 13:00:29,58,26,0.4482758620689655
2026-04-09 13:01:30,58,29,0.5
2026-04-09 13:02:31,57,25,0.43859649122807015
2026-04-09 13:03:32,57,30,0.5263157894736842
2026-04-09 13:04:33,57,26,0.45614035087719296
2026-04-09 13:05:33,57,25,0.43859649122807015
2026-04-09 13:06:34,57,27,0.47368421052631576
2026-04-09 13:07:35,56,26,0.4642857142857143
2026-04-09 13:08:36,57,23,0.40350877192982454
2026-04-09 13:09:37,55,27,0.4909090909090909
2026-04-09 13:10:38,56,23,0.4107142857142857
2026-04-09 13:11:39,55,23,0.41818181818181815
2026-04-09 13:12:40,54,26,0.48148148148148145
2026-04-09 13:13:41,54,26,0.48148148148148145
2026-04-09 13:14:42,54,22,0.4074074074074074
2026-04-09 13:15:43,55,33,0.6
2026-04-09 13:16:43,55,32,0.5818181818181818
2026-04-09 13:17:44,57,32,0.5614035087719298
2026-04-09 13:18:45,57,29,0.5087719298245614
2026-04-09 13:19:46,57,28,0.49122807017543857
2026-04-09 13:20:47,56,25,0.44642857142857145
2026-04-09 13:21:48,56,33,0.5892857142857143
2026-04-09 13:22:49,57,33,0.5789473684210527
2026-04-09 13:23:50,58,27,0.46551724137931033
2026-04-09 13:24:51,58,31,0.5344827586206896
2026-04-09 13:25:52,58,32,0.5517241379310345
2026-04-09 13:26:53,58,28,0.4827586206896552
2026-04-09 13:27:53,58,33,0.5689655172413793
2026-04-09 13:28:54,59,36,0.6101694915254238
2026-04-09 13:29:55,59,30,0.5084745762711864
2026-04-09 13:30:56,60,33,0.55
2026-04-09 13:31:57,60,33,0.55
2026-04-09 13:32:58,59,30,0.5084745762711864
2026-04-09 13:33:59,59,36,0.6101694915254238
2026-04-09 13:35:00,58,32,0.5517241379310345
2026-04-09 13:36:01,59,31,0.5254237288135594
2026-04-09 13:37:02,60,35,0.5833333333333334
2026-04-09 13:38:03,60,32,0.5333333333333333
2026-04-09 13:39:04,59,28,0.4745762711864407
2026-04-09 13:40:05,59,35,0.5932203389830508
2026-04-09 13:41:06,60,32,0.5333333333333333
2026-04-09 13:42:07,59,27,0.4576271186440678
2026-04-09 13:43:07,59,34,0.576271186440678
2026-04-09 13:44:08,58,27,0.46551724137931033
2026-04-09 13:45:09,58,30,0.5172413793103449
2026-04-09 13:46:10,57,29,0.5087719298245614
2026-04-09 13:47:11,57,33,0.5789473684210527
2026-04-09 13:48:12,58,29,0.5
2026-04-09 13:49:13,58,34,0.5862068965517241
2026-04-09 13:50:14,59,29,0.4915254237288136
2026-04-09 13:51:15,59,31,0.5254237288135594
2026-04-09 13:52:16,59,31,0.5254237288135594
2026-04-09 13:53:17,60,30,0.5
2026-04-09 13:54:18,60,30,0.5
2026-04-09 13:55:18,60,29,0.48333333333333334
2026-04-09 13:56:19,60,25,0.4166666666666667
2026-04-09 13:57:20,58,31,0.5344827586206896
2026-04-09 13:58:21,58,31,0.5344827586206896
2026-04-09 13:59:22,58,28,0.4827586206896552
2026-04-09 14:00:23,58,27,0.46551724137931033
2026-04-09 14:01:24,58,26,0.4482758620689655
2026-04-09 14:02:25,59,29,0.4915254237288136
2026-04-09 14:03:26,59,27,0.4576271186440678
2026-04-09 14:04:27,59,26,0.4406779661016949
2026-04-09 14:05:28,59,24,0.4067796610169492
2026-04-09 14:06:29,59,31,0.5254237288135594
2026-04-09 14:07:30,58,22,0.3793103448275862
2026-04-09 14:08:30,58,22,0.3793103448275862
2026-04-09 14:09:31,57,28,0.49122807017543857
2026-04-09 14:10:32,57,25,0.43859649122807015
2026-04-09 14:11:33,57,25,0.43859649122807015
2026-04-09 14:12:34,57,26,0.45614035087719296
2026-04-09 14:13:35,57,25,0.43859649122807015
2026-04-09 14:14:36,58,26,0.4482758620689655
2026-04-09 14:15:37,57,26,0.45614035087719296
2026-04-09 14:16:38,59,30,0.5084745762711864
2026-04-09 14:17:39,59,27,0.4576271186440678
2026-04-09 14:18:39,58,29,0.5
2026-04-09 14:19:40,58,27,0.46551724137931033
2026-04-09 14:20:41,58,22,0.3793103448275862
2026-04-09 14:21:42,58,28,0.4827586206896552
2026-04-09 14:22:43,58,27,0.46551724137931033
2026-04-09 14:23:44,58,23,0.39655172413793105
2026-04-09 14:24:45,58,29,0.5
2026-04-09 14:25:46,58,31,0.5344827586206896
2026-04-09 14:26:47,58,20,0.3448275862068966
2026-04-09 14:27:47,56,26,0.4642857142857143
2026-04-09 14:28:48,56,31,0.5535714285714286
2026-04-09 14:29:49,56,24,0.42857142857142855
2026-04-09 14:30:50,56,26,0.4642857142857143
2026-04-09 14:31:51,56,28,0.5
2026-04-09 14:32:52,56,26,0.4642857142857143
2026-04-09 14:33:53,56,28,0.5
2026-04-09 14:34:54,55,32,0.5818181818181818
2026-04-09 14:35:55,56,26,0.4642857142857143
2026-04-09 14:36:56,55,27,0.4909090909090909
2026-04-09 14:37:57,55,27,0.4909090909090909
2026-04-09 14:38:58,55,29,0.5272727272727272
2026-04-09 14:39:58,56,28,0.5
2026-04-09 14:40:59,57,32,0.5614035087719298
2026-04-09 14:42:00,57,27,0.47368421052631576
2026-04-09 14:43:02,57,30,0.5263157894736842
2026-04-09 14:44:02,58,30,0.5172413793103449
2026-04-09 14:45:03,58,28,0.4827586206896552
2026-04-09 14:46:04,57,31,0.543859649122807
2026-04-09 14:47:05,56,28,0.5
2026-04-09 14:48:06,56,27,0.48214285714285715
2026-04-09 14:49:07,57,31,0.543859649122807
2026-04-09 14:50:08,57,23,0.40350877192982454
2026-04-09 14:51:09,57,28,0.49122807017543857
2026-04-09 14:52:10,57,35,0.6140350877192983
2026-04-09 14:53:11,57,26,0.45614035087719296
2026-04-09 14:54:12,56,28,0.5
2026-04-09 14:55:13,56,28,0.5
2026-04-09 14:56:14,56,25,0.44642857142857145
2026-04-09 14:57:15,56,27,0.48214285714285715
2026-04-09 14:58:16,56,32,0.5714285714285714
2026-04-09 14:59:16,56,26,0.4642857142857143
2026-04-09 15:00:17,56,27,0.48214285714285715
2026-04-09 15:01:18,56,28,0.5
2026-04-09 15:02:19,55,26,0.4727272727272727
2026-04-09 15:03:20,54,24,0.4444444444444444
2026-04-09 15:04:21,53,24,0.4528301886792453
2026-04-09 15:05:22,53,25,0.4716981132075472
2026-04-09 15:06:23,53,30,0.5660377358490566
2026-04-09 15:07:24,53,23,0.4339622641509434
2026-04-09 15:08:24,53,28,0.5283018867924528
2026-04-09 15:09:25,53,27,0.5094339622641509
2026-04-09 15:10:26,54,26,0.48148148148148145
2026-04-09 15:11:27,54,28,0.5185185185185185
2026-04-09 15:12:28,54,29,0.5370370370370371
2026-04-09 15:13:29,53,25,0.4716981132075472
2026-04-09 15:14:30,53,25,0.4716981132075472
2026-04-09 15:15:31,54,29,0.5370370370370371
2026-04-09 15:16:31,54,21,0.3888888888888889
2026-04-09 15:17:32,54,23,0.42592592592592593
2026-04-09 15:18:33,54,28,0.5185185185185185
2026-04-09 15:19:34,54,20,0.37037037037037035
2026-04-09 15:20:35,53,21,0.39622641509433965
2026-04-09 15:21:36,53,25,0.4716981132075472
2026-04-09 15:22:37,53,19,0.3584905660377358
2026-04-09 15:23:38,53,20,0.37735849056603776
2026-04-09 15:24:38,51,28,0.5490196078431373
2026-04-09 15:25:39,51,22,0.43137254901960786
2026-04-09 15:26:40,50,22,0.44
2026-04-09 15:27:41,50,25,0.5
2026-04-09 15:28:42,50,24,0.48
2026-04-09 15:29:43,49,19,0.3877551020408163
2026-04-09 15:30:44,51,29,0.5686274509803921
2026-04-09 15:31:44,52,24,0.46153846153846156
2026-04-09 15:32:45,51,22,0.43137254901960786
2026-04-09 15:33:46,51,25,0.49019607843137253
2026-04-09 15:34:47,51,23,0.45098039215686275
2026-04-09 15:35:48,51,22,0.43137254901960786
2026-04-09 15:36:49,51,28,0.5490196078431373
2026-04-09 15:37:50,52,27,0.5192307692307693
2026-04-09 15:38:51,52,20,0.38461538461538464
2026-04-09 15:39:51,53,27,0.5094339622641509
2026-04-09 15:40:52,53,22,0.41509433962264153
2026-04-09 15:41:53,53,21,0.39622641509433965
2026-04-09 15:42:54,53,27,0.5094339622641509
2026-04-09 15:43:55,53,23,0.4339622641509434
2026-04-09 15:44:56,53,22,0.41509433962264153
2026-04-09 15:45:57,53,29,0.5471698113207547
2026-04-09 15:46:58,53,20,0.37735849056603776
2026-04-09 15:47:59,52,22,0.4230769230769231
2026-04-09 15:48:59,53,32,0.6037735849056604
2026-04-09 15:50:00,54,26,0.48148148148148145
2026-04-09 15:51:01,54,19,0.35185185185185186
2026-04-09 15:52:02,54,29,0.5370370370370371
2026-04-09 15:53:03,54,27,0.5
2026-04-09 15:54:04,54,24,0.4444444444444444
2026-04-09 15:55:05,53,30,0.5660377358490566
2026-04-09 15:56:06,52,22,0.4230769230769231
2026-04-09 15:57:07,51,23,0.45098039215686275
2026-04-09 15:58:08,51,29,0.5686274509803921
2026-04-09 15:59:09,51,21,0.4117647058823529
2026-04-09 16:00:10,52,27,0.5192307692307693
2026-04-09 16:01:11,52,30,0.5769230769230769
2026-04-09 16:02:11,53,23,0.4339622641509434
2026-04-09 16:03:12,53,29,0.5471698113207547
2026-04-09 16:04:13,54,33,0.6111111111111112
2026-04-09 16:05:14,55,26,0.4727272727272727
2026-04-09 16:06:15,55,29,0.5272727272727272
2026-04-09 16:07:16,56,28,0.5
2026-04-09 16:08:17,57,24,0.42105263157894735
2026-04-09 16:09:18,58,29,0.5
2026-04-09 16:10:19,58,35,0.603448275862069
2026-04-09 16:11:19,58,25,0.43103448275862066
2026-04-09 16:12:20,58,32,0.5517241379310345
2026-04-09 16:13:21,58,27,0.46551724137931033
2026-04-09 16:14:22,57,22,0.38596491228070173
2026-04-09 16:15:23,57,30,0.5263157894736842
2026-04-09 16:16:24,57,30,0.5263157894736842
2026-04-09 16:17:25,57,28,0.49122807017543857
2026-04-09 16:18:26,57,31,0.543859649122807
2026-04-09 16:19:27,57,29,0.5087719298245614
2026-04-09 16:20:28,57,28,0.49122807017543857
2026-04-09 16:21:28,57,31,0.543859649122807
2026-04-09 16:22:29,57,28,0.49122807017543857
2026-04-09 16:23:30,57,23,0.40350877192982454
2026-04-09 16:24:31,57,28,0.49122807017543857
2026-04-09 16:25:32,57,29,0.5087719298245614
2026-04-09 16:26:33,58,23,0.39655172413793105
2026-04-09 16:27:34,57,31,0.543859649122807
2026-04-09 16:28:35,57,26,0.45614035087719296
2026-04-09 16:29:36,56,21,0.375
2026-04-09 16:30:37,59,29,0.4915254237288136
2026-04-09 16:31:37,57,22,0.38596491228070173
2026-04-09 16:32:38,57,22,0.38596491228070173
2026-04-09 16:33:39,56,28,0.5
2026-04-09 16:34:40,57,26,0.45614035087719296
2026-04-09 16:35:41,57,24,0.42105263157894735
2026-04-09 16:36:42,56,25,0.44642857142857145
2026-04-09 16:37:43,57,23,0.40350877192982454
2026-04-09 16:38:44,58,18,0.3103448275862069
2026-04-09 16:39:45,57,22,0.38596491228070173
2026-04-09 16:40:45,56,25,0.44642857142857145
2026-04-09 16:41:46,56,19,0.3392857142857143
2026-04-09 16:42:47,56,23,0.4107142857142857
2026-04-09 16:43:48,55,26,0.4727272727272727
2026-04-09 16:44:49,53,20,0.37735849056603776
2026-04-09 16:45:50,54,26,0.48148148148148145
2026-04-09 16:46:51,55,25,0.45454545454545453
2026-04-09 16:47:52,55,20,0.36363636363636365
2026-04-09 16:48:52,52,25,0.4807692307692308
2026-04-09 16:49:53,52,25,0.4807692307692308
2026-04-09 16:50:54,53,19,0.3584905660377358
2026-04-09 16:51:55,54,24,0.4444444444444444
2026-04-09 16:52:56,55,22,0.4
2026-04-09 16:53:57,56,20,0.35714285714285715
2026-04-09 16:54:57,56,29,0.5178571428571429
2026-04-09 16:55:58,56,24,0.42857142857142855
2026-04-09 16:56:59,55,22,0.4
2026-04-09 16:58:00,55,27,0.4909090909090909
2026-04-09 16:59:01,54,23,0.42592592592592593
2026-04-09 17:00:02,53,19,0.3584905660377358
2026-04-09 17:01:03,53,30,0.5660377358490566
2026-04-09 17:02:04,53,20,0.37735849056603776
2026-04-09 17:03:04,53,24,0.4528301886792453
2026-04-09 17:04:05,53,25,0.4716981132075472
2026-04-09 17:05:06,55,22,0.4
2026-04-09 17:06:07,54,19,0.35185185185185186
2026-04-09 17:07:08,54,26,0.48148148148148145
2026-04-09 17:08:09,54,23,0.42592592592592593
2026-04-09 17:09:10,54,21,0.3888888888888889
2026-04-09 17:10:10,54,23,0.42592592592592593
2026-04-09 17:11:11,53,22,0.41509433962264153
2026-04-09 17:12:12,53,26,0.49056603773584906
2026-04-09 17:13:13,51,25,0.49019607843137253
2026-04-09 17:14:14,52,19,0.36538461538461536
2026-04-09 17:15:15,52,20,0.38461538461538464
2026-04-09 17:16:16,52,24,0.46153846153846156
2026-04-09 17:17:17,52,23,0.4423076923076923
2026-04-09 17:18:18,52,21,0.40384615384615385
2026-04-09 17:19:19,51,24,0.47058823529411764
2026-04-09 17:20:20,50,15,0.3
2026-04-09 17:21:21,51,22,0.43137254901960786
2026-04-09 17:22:22,52,25,0.4807692307692308
2026-04-09 17:23:22,52,21,0.40384615384615385
2026-04-09 17:24:23,52,24,0.46153846153846156
2026-04-09 17:25:24,52,19,0.36538461538461536
2026-04-09 17:26:25,52,18,0.34615384615384615
2026-04-09 17:27:26,51,24,0.47058823529411764
2026-04-09 17:28:27,52,20,0.38461538461538464
2026-04-09 17:29:28,50,17,0.34
2026-04-09 17:30:28,50,22,0.44
2026-04-09 17:31:29,49,19,0.3877551020408163
2026-04-09 17:32:30,49,15,0.30612244897959184
2026-04-09 17:33:31,48,24,0.5
2026-04-09 17:34:32,48,9,0.1875
2026-04-09 17:35:33,47,9,0.19148936170212766
2026-04-09 17:36:33,44,13,0.29545454545454547
2026-04-09 17:37:34,43,11,0.2558139534883721
2026-04-09 17:38:35,42,8,0.19047619047619047
2026-04-09 17:39:36,41,16,0.3902439024390244
2026-04-09 17:40:37,41,11,0.2682926829268293
2026-04-09 17:41:37,41,11,0.2682926829268293
2026-04-09 17:42:38,39,13,0.3333333333333333
2026-04-09 17:43:39,36,13,0.3611111111111111
2026-04-09 17:44:40,32,10,0.3125
2026-04-09 17:45:40,31,12,0.3870967741935484
2026-04-09 17:46:41,31,11,0.3548387096774194
2026-04-09 17:47:42,31,11,0.3548387096774194
2026-04-09 17:48:43,32,14,0.4375
2026-04-09 17:49:43,32,11,0.34375
2026-04-09 17:50:44,32,10,0.3125
2026-04-09 17:51:45,33,16,0.48484848484848486
2026-04-09 17:52:46,34,13,0.38235294117647056
2026-04-09 17:53:46,34,9,0.2647058823529412
2026-04-09 17:54:47,34,15,0.4411764705882353
2026-04-09 17:55:48,35,13,0.37142857142857144
2026-04-09 17:56:49,35,7,0.2
2026-04-09 17:57:49,33,11,0.3333333333333333
2026-04-09 17:58:50,33,10,0.30303030303030304
2026-04-09 17:59:51,33,7,0.21212121212121213
2026-04-09 18:00:52,33,12,0.36363636363636365
2026-04-09 18:01:52,32,10,0.3125
2026-04-09 18:02:53,31,9,0.2903225806451613
2026-04-09 18:03:54,31,13,0.41935483870967744
2026-04-09 18:04:55,32,11,0.34375
2026-04-09 18:05:55,31,8,0.25806451612903225
2026-04-09 18:06:56,30,15,0.5
2026-04-09 18:07:57,30,9,0.3
2026-04-09 18:08:58,32,10,0.3125
2026-04-09 18:09:58,31,16,0.5161290322580645
2026-04-09 18:10:59,32,10,0.3125
2026-04-09 18:12:00,32,9,0.28125
2026-04-09 18:13:01,32,16,0.5
2026-04-09 18:14:01,32,11,0.34375
2026-04-09 18:15:02,32,8,0.25
2026-04-09 18:16:03,32,14,0.4375
2026-04-09 18:17:04,31,9,0.2903225806451613
2026-04-09 18:18:04,31,9,0.2903225806451613
2026-04-09 18:19:05,31,16,0.5161290322580645
2026-04-09 18:20:06,31,9,0.2903225806451613
2026-04-09 18:21:07,31,9,0.2903225806451613
2026-04-09 18:22:07,32,16,0.5
2026-04-09 18:23:08,32,8,0.25
2026-04-09 18:24:09,32,10,0.3125
2026-04-09 18:25:10,31,15,0.4838709677419355
2026-04-09 18:26:10,31,9,0.2903225806451613
2026-04-09 18:27:11,31,12,0.3870967741935484
2026-04-09 18:28:12,32,16,0.5
2026-04-09 18:29:13,32,12,0.375
2026-04-09 18:30:13,32,11,0.34375
2026-04-09 18:31:14,32,14,0.4375
2026-04-09 18:32:15,32,10,0.3125
2026-04-09 18:33:16,32,12,0.375
2026-04-09 18:34:16,33,18,0.5454545454545454
2026-04-09 18:35:17,33,9,0.2727272727272727
2026-04-09 18:36:18,33,12,0.36363636363636365
2026-04-09 18:37:19,32,17,0.53125
2026-04-09 18:38:19,32,7,0.21875
2026-04-09 18:39:20,32,14,0.4375
2026-04-09 18:40:21,32,14,0.4375
2026-04-09 18:41:22,33,13,0.3939393939393939
2026-04-09 18:42:22,33,16,0.48484848484848486
2026-04-09 18:43:23,33,13,0.3939393939393939
2026-04-09 18:44:24,33,13,0.3939393939393939
2026-04-09 18:45:25,33,14,0.42424242424242425
2026-04-09 18:46:25,33,16,0.48484848484848486
2026-04-09 18:47:26,33,12,0.36363636363636365
2026-04-09 18:48:27,33,15,0.45454545454545453
2026-04-09 18:49:28,33,11,0.3333333333333333
2026-04-09 18:50:28,33,12,0.36363636363636365
2026-04-09 18:51:29,34,14,0.4117647058823529
2026-04-09 18:52:30,34,12,0.35294117647058826
2026-04-09 18:53:31,34,11,0.3235294117647059
2026-04-09 18:54:31,34,13,0.38235294117647056
2026-04-09 18:55:32,33,12,0.36363636363636365
2026-04-09 18:56:33,32,10,0.3125
2026-04-09 18:57:33,33,15,0.45454545454545453
2026-04-09 18:58:34,32,12,0.375
2026-04-09 18:59:35,32,10,0.3125
2026-04-09 19:00:36,32,14,0.4375
2026-04-09 19:01:36,33,11,0.3333333333333333
2026-04-09 19:02:37,33,9,0.2727272727272727
2026-04-09 19:03:38,33,16,0.48484848484848486
2026-04-09 19:04:39,32,11,0.34375
2026-04-09 19:05:39,32,8,0.25
2026-04-09 19:06:40,33,13,0.3939393939393939
2026-04-09 19:07:41,32,11,0.34375
2026-04-09 19:08:42,32,10,0.3125
2026-04-09 19:09:42,32,16,0.5
2026-04-09 19:10:43,32,11,0.34375
2026-04-09 19:11:44,32,10,0.3125
2026-04-09 19:12:45,32,13,0.40625
2026-04-09 19:13:45,34,13,0.38235294117647056
2026-04-09 19:14:46,33,8,0.24242424242424243
2026-04-09 19:15:47,32,15,0.46875
2026-04-09 19:16:48,34,12,0.35294117647058826
2026-04-09 19:17:48,34,9,0.2647058823529412
2026-04-09 19:18:49,33,14,0.42424242424242425
2026-04-09 19:19:50,33,10,0.30303030303030304
2026-04-09 19:20:51,32,7,0.21875
2026-04-09 19:21:51,34,16,0.47058823529411764
2026-04-09 19:22:52,35,15,0.42857142857142855
2026-04-09 19:23:53,35,9,0.2571428571428571
2026-04-09 19:24:53,33,12,0.36363636363636365
2026-04-09 19:25:54,34,11,0.3235294117647059
2026-04-09 19:26:55,33,9,0.2727272727272727
2026-04-09 19:27:56,32,14,0.4375
2026-04-09 19:28:56,32,13,0.40625
2026-04-09 19:29:57,31,10,0.3225806451612903
2026-04-09 19:30:58,32,16,0.5
2026-04-09 19:31:59,36,14,0.3888888888888889
2026-04-09 19:32:59,36,10,0.2777777777777778
2026-04-09 19:34:00,35,15,0.42857142857142855
2026-04-09 19:35:01,35,16,0.45714285714285713
2026-04-09 19:36:02,36,11,0.3055555555555556
2026-04-09 19:37:03,36,16,0.4444444444444444
2026-04-09 19:38:03,36,16,0.4444444444444444
2026-04-09 19:39:04,36,11,0.3055555555555556
2026-04-09 19:40:05,36,16,0.4444444444444444
2026-04-09 19:41:06,37,15,0.40540540540540543
2026-04-09 19:42:06,36,9,0.25
2026-04-09 19:43:07,36,14,0.3888888888888889
2026-04-09 19:44:08,37,15,0.40540540540540543
2026-04-09 19:45:09,37,9,0.24324324324324326
2026-04-09 19:46:10,37,15,0.40540540540540543
2026-04-09 19:47:10,37,14,0.3783783783783784
2026-04-09 19:48:11,36,11,0.3055555555555556
2026-04-09 19:49:12,36,14,0.3888888888888889
2026-04-09 19:50:13,34,11,0.3235294117647059
2026-04-09 19:51:13,34,14,0.4117647058823529
2026-04-09 19:52:14,35,17,0.4857142857142857
2026-04-09 19:53:15,35,11,0.3142857142857143
2026-04-09 19:54:16,34,15,0.4411764705882353
2026-04-09 19:55:16,35,17,0.4857142857142857
2026-04-09 19:56:17,35,10,0.2857142857142857
2026-04-09 19:57:18,34,8,0.23529411764705882
2026-04-09 19:58:19,34,16,0.47058823529411764
2026-04-09 19:59:20,34,11,0.3235294117647059
2026-04-09 20:00:20,33,15,0.45454545454545453
2026-04-09 20:01:21,33,17,0.5151515151515151
2026-04-09 20:02:22,34,9,0.2647058823529412
2026-04-09 20:03:22,35,16,0.45714285714285713
2026-04-09 20:04:23,35,13,0.37142857142857144
2026-04-09 20:05:24,36,14,0.3888888888888889
2026-04-09 20:06:25,35,16,0.45714285714285713
2026-04-09 20:07:25,36,16,0.4444444444444444
2026-04-09 20:08:26,36,14,0.3888888888888889
2026-04-09 20:09:27,36,16,0.4444444444444444
2026-04-09 20:10:28,36,20,0.5555555555555556
2026-04-09 20:11:29,35,13,0.37142857142857144
2026-04-09 20:12:29,35,14,0.4
2026-04-09 20:13:30,35,14,0.4
2026-04-09 20:14:31,35,11,0.3142857142857143
2026-04-09 20:15:32,37,17,0.4594594594594595
2026-04-09 20:16:32,38,19,0.5
2026-04-09 20:17:33,39,14,0.358974358974359
2026-04-09 20:18:34,38,19,0.5
2026-04-09 20:19:35,39,17,0.4358974358974359
2026-04-09 20:20:35,40,12,0.3
2026-04-09 20:21:36,39,19,0.48717948717948717
2026-04-09 20:22:37,39,21,0.5384615384615384
2026-04-09 20:23:38,41,18,0.43902439024390244
2026-04-09 20:24:38,41,22,0.5365853658536586
2026-04-09 20:25:39,42,21,0.5
2026-04-09 20:26:40,43,15,0.3488372093023256
2026-04-09 20:27:41,43,21,0.4883720930232558
2026-04-09 20:28:42,44,17,0.38636363636363635
2026-04-09 20:29:43,45,17,0.37777777777777777
2026-04-09 20:30:43,45,20,0.4444444444444444
2026-04-09 20:31:44,45,19,0.4222222222222222
2026-04-09 20:32:45,45,16,0.35555555555555557
2026-04-09 20:33:46,45,16,0.35555555555555557
2026-04-09 20:34:47,45,22,0.4888888888888889
2026-04-09 20:35:48,45,14,0.3111111111111111
2026-04-09 20:36:48,44,19,0.4318181818181818
2026-04-09 20:37:49,45,21,0.4666666666666667
2026-04-09 20:38:50,45,17,0.37777777777777777
2026-04-09 20:39:51,44,19,0.4318181818181818
2026-04-09 20:40:52,44,18,0.4090909090909091
2026-04-09 20:41:52,45,15,0.3333333333333333
2026-04-09 20:42:53,45,21,0.4666666666666667
2026-04-09 20:43:54,45,23,0.5111111111111111
2026-04-09 20:44:55,45,15,0.3333333333333333
2026-04-09 20:45:56,46,23,0.5
2026-04-09 20:46:56,46,21,0.45652173913043476
2026-04-09 20:47:57,47,15,0.3191489361702128
2026-04-09 20:48:58,47,21,0.44680851063829785
2026-04-09 20:49:59,46,21,0.45652173913043476
2026-04-09 20:51:00,46,15,0.32608695652173914
2026-04-09 20:52:00,46,20,0.43478260869565216
2026-04-09 20:53:01,45,20,0.4444444444444444
2026-04-09 20:54:02,45,13,0.28888888888888886
2026-04-09 20:55:03,45,19,0.4222222222222222
2026-04-09 20:56:04,46,13,0.2826086956521739
2026-04-09 20:57:04,45,11,0.24444444444444444
2026-04-09 20:58:05,44,20,0.45454545454545453
2026-04-09 20:59:06,44,14,0.3181818181818182
2026-04-09 21:00:07,43,10,0.23255813953488372
2026-04-09 21:01:08,43,21,0.4883720930232558
2026-04-09 21:02:08,43,18,0.4186046511627907
2026-04-09 21:03:09,45,17,0.37777777777777777
2026-04-09 21:04:10,45,24,0.5333333333333333
2026-04-09 21:05:11,44,19,0.4318181818181818
2026-04-09 21:06:12,43,13,0.3023255813953488
2026-04-09 21:07:12,45,25,0.5555555555555556
2026-04-09 21:08:13,45,19,0.4222222222222222
2026-04-09 21:09:14,47,17,0.3617021276595745
2026-04-09 21:10:15,49,28,0.5714285714285714
2026-04-09 21:11:16,49,17,0.3469387755102041
2026-04-09 21:12:17,50,18,0.36
2026-04-09 21:13:17,50,24,0.48
2026-04-09 21:14:18,50,17,0.34
2026-04-09 21:15:19,48,16,0.3333333333333333
2026-04-09 21:16:20,49,26,0.5306122448979592
2026-04-09 21:17:21,49,15,0.30612244897959184
2026-04-09 21:18:21,49,20,0.40816326530612246
2026-04-09 21:19:22,50,22,0.44
2026-04-09 21:20:23,50,19,0.38
2026-04-09 21:21:24,51,25,0.49019607843137253
2026-04-09 21:22:25,50,25,0.5
2026-04-09 21:23:26,50,16,0.32
2026-04-09 21:24:26,50,20,0.4
2026-04-09 21:25:27,49,26,0.5306122448979592
2026-04-09 21:26:28,49,16,0.32653061224489793
2026-04-09 21:27:29,50,22,0.44
2026-04-09 21:28:30,50,25,0.5
2026-04-09 21:29:30,50,19,0.38
2026-04-09 21:30:31,50,20,0.4
2026-04-09 21:31:32,50,22,0.44
2026-04-09 21:32:33,50,15,0.3
2026-04-09 21:33:34,52,21,0.40384615384615385
2026-04-09 21:34:35,54,27,0.5
2026-04-09 21:35:35,54,18,0.3333333333333333
2026-04-09 21:36:36,57,26,0.45614035087719296
2026-04-09 21:37:37,56,26,0.4642857142857143
2026-04-09 21:38:38,56,22,0.39285714285714285
2026-04-09 21:39:39,55,27,0.4909090909090909
2026-04-09 21:40:40,55,28,0.509090909090909
2026-04-09 21:41:41,55,23,0.41818181818181815
2026-04-09 21:42:41,54,27,0.5
2026-04-09 21:43:42,53,26,0.49056603773584906
2026-04-09 21:44:43,52,22,0.4230769230769231
2026-04-09 21:45:44,54,25,0.46296296296296297
2026-04-09 21:46:45,54,27,0.5
2026-04-09 21:47:46,53,21,0.39622641509433965
2026-04-09 21:48:47,53,23,0.4339622641509434
2026-04-09 21:49:47,54,25,0.46296296296296297
2026-04-09 21:50:48,54,20,0.37037037037037035
2026-04-09 21:51:49,55,26,0.4727272727272727
2026-04-09 21:52:50,56,27,0.48214285714285715
2026-04-09 21:53:51,57,19,0.3333333333333333
2026-04-09 21:54:52,59,27,0.4576271186440678
2026-04-09 21:55:53,59,30,0.5084745762711864
2026-04-09 21:56:54,57,21,0.3684210526315789
2026-04-09 21:57:54,58,25,0.43103448275862066
2026-04-09 21:58:55,59,29,0.4915254237288136
2026-04-09 21:59:56,60,19,0.31666666666666665
2026-04-09 22:00:57,59,28,0.4745762711864407
2026-04-09 22:01:58,59,27,0.4576271186440678
2026-04-09 22:02:59,59,23,0.3898305084745763
2026-04-09 22:04:00,60,34,0.5666666666666667
2026-04-09 22:05:01,59,29,0.4915254237288136
2026-04-09 22:06:02,59,21,0.3559322033898305
2026-04-09 22:07:03,57,29,0.5087719298245614
2026-04-09 22:08:03,55,29,0.5272727272727272
2026-04-09 22:09:04,56,25,0.44642857142857145
2026-04-09 22:10:05,57,37,0.6491228070175439
2026-04-09 22:11:06,57,31,0.543859649122807
2026-04-09 22:12:07,57,26,0.45614035087719296
2026-04-09 22:13:08,57,29,0.5087719298245614
2026-04-09 22:14:09,57,25,0.43859649122807015
2026-04-09 22:15:10,57,22,0.38596491228070173
2026-04-09 22:16:10,57,34,0.5964912280701754
2026-04-09 22:17:11,57,27,0.47368421052631576
2026-04-09 22:18:12,57,23,0.40350877192982454
2026-04-09 22:19:13,57,31,0.543859649122807
2026-04-09 22:20:14,54,27,0.5
2026-04-09 22:21:15,54,24,0.4444444444444444
2026-04-09 22:22:15,54,31,0.5740740740740741
2026-04-09 22:23:16,54,26,0.48148148148148145
2026-04-09 22:24:17,56,24,0.42857142857142855
2026-04-09 22:25:18,56,30,0.5357142857142857
2026-04-09 22:26:19,56,20,0.35714285714285715
2026-04-09 22:27:20,56,20,0.35714285714285715
2026-04-09 22:28:21,57,30,0.5263157894736842
2026-04-09 22:29:22,59,23,0.3898305084745763
2026-04-09 22:30:22,59,26,0.4406779661016949
2026-04-09 22:31:23,57,27,0.47368421052631576
2026-04-09 22:32:24,57,23,0.40350877192982454
2026-04-09 22:33:25,57,25,0.43859649122807015
2026-04-09 22:34:26,56,30,0.5357142857142857
2026-04-09 22:35:27,54,22,0.4074074074074074
2026-04-09 22:36:28,55,29,0.5272727272727272
2026-04-09 22:37:28,56,32,0.5714285714285714
2026-04-09 22:38:29,56,22,0.39285714285714285
2026-04-09 22:39:30,59,30,0.5084745762711864
2026-04-09 22:40:31,59,30,0.5084745762711864
2026-04-09 22:41:32,59,25,0.423728813559322
2026-04-09 22:42:33,60,31,0.5166666666666667
2026-04-09 22:43:34,61,28,0.45901639344262296
2026-04-09 22:44:34,61,25,0.4098360655737705
2026-04-09 22:45:35,62,30,0.4838709677419355
2026-04-09 22:46:36,62,33,0.532258064516129
2026-04-09 22:47:37,64,29,0.453125
2026-04-09 22:48:38,64,35,0.546875
2026-04-09 22:49:39,64,31,0.484375
2026-04-09 22:50:40,64,26,0.40625
2026-04-09 22:51:41,64,32,0.5
2026-04-09 22:52:41,64,35,0.546875
2026-04-09 22:53:42,63,28,0.4444444444444444
2026-04-09 22:54:43,64,30,0.46875
2026-04-09 22:55:44,63,31,0.49206349206349204
2026-04-09 22:56:45,62,26,0.41935483870967744
2026-04-09 22:57:46,62,32,0.5161290322580645
2026-04-09 22:58:47,62,35,0.5645161290322581
2026-04-09 22:59:48,61,29,0.47540983606557374
2026-04-09 23:00:49,63,37,0.5873015873015873
2026-04-09 23:01:49,63,33,0.5238095238095238
2026-04-09 23:02:50,63,27,0.42857142857142855
2026-04-09 23:03:51,63,35,0.5555555555555556
2026-04-09 23:04:52,64,32,0.5
2026-04-09 23:05:53,64,29,0.453125
2026-04-09 23:06:54,64,34,0.53125
2026-04-09 23:07:55,65,35,0.5384615384615384
2026-04-09 23:08:56,64,27,0.421875
2026-04-09 23:09:57,63,30,0.47619047619047616
2026-04-09 23:10:58,63,32,0.5079365079365079
2026-04-09 23:11:59,62,30,0.4838709677419355
2026-04-09 23:12:59,62,36,0.5806451612903226
2026-04-09 23:14:00,60,32,0.5333333333333333
2026-04-09 23:15:01,59,27,0.4576271186440678
2026-04-09 23:16:02,60,38,0.6333333333333333
2026-04-09 23:17:03,60,35,0.5833333333333334
2026-04-09 23:18:04,60,31,0.5166666666666667
2026-04-09 23:19:05,60,37,0.6166666666666667
2026-04-09 23:20:06,60,30,0.5
2026-04-09 23:21:07,60,29,0.48333333333333334
2026-04-09 23:22:08,60,37,0.6166666666666667
2026-04-09 23:23:09,61,33,0.5409836065573771
2026-04-09 23:24:10,61,30,0.4918032786885246
2026-04-09 23:25:11,61,39,0.639344262295082
2026-04-09 23:26:12,60,31,0.5166666666666667
2026-04-09 23:27:12,59,29,0.4915254237288136
2026-04-09 23:28:13,59,37,0.6271186440677966
2026-04-09 23:29:14,59,28,0.4745762711864407
2026-04-09 23:30:15,59,27,0.4576271186440678
2026-04-09 23:31:16,61,41,0.6721311475409836
2026-04-09 23:32:17,60,31,0.5166666666666667
2026-04-09 23:33:18,60,28,0.4666666666666667
2026-04-09 23:34:19,62,41,0.6612903225806451
2026-04-09 23:35:20,62,29,0.46774193548387094
2026-04-09 23:36:20,63,33,0.5238095238095238
2026-04-09 23:37:21,63,42,0.6666666666666666
2026-04-09 23:38:22,63,32,0.5079365079365079
2026-04-09 23:39:23,63,33,0.5238095238095238
2026-04-09 23:40:24,63,35,0.5555555555555556
2026-04-09 23:41:25,63,31,0.49206349206349204
2026-04-09 23:42:26,64,37,0.578125
2026-04-09 23:43:27,64,37,0.578125
2026-04-09 23:44:28,64,29,0.453125
2026-04-09 23:45:29,64,31,0.484375
2026-04-09 23:46:30,64,39,0.609375
2026-04-09 23:47:31,64,27,0.421875
2026-04-09 23:48:32,64,32,0.5
2026-04-09 23:49:33,64,32,0.5
2026-04-09 23:50:33,63,29,0.4603174603174603
2026-04-09 23:51:34,63,32,0.5079365079365079
2026-04-09 23:52:35,64,32,0.5
2026-04-09 23:53:36,64,29,0.453125
2026-04-09 23:54:37,62,34,0.5483870967741935
2026-04-09 23:55:38,62,31,0.5
2026-04-09 23:56:39,61,28,0.45901639344262296
2026-04-09 23:57:40,62,36,0.5806451612903226
2026-04-09 23:58:41,63,33,0.5238095238095238
2026-04-09 23:59:42,63,32,0.5079365079365079
2026-04-10 00:00:43,63,35,0.5555555555555556
2026-04-10 00:01:44,64,35,0.546875
2026-04-10 00:02:45,64,34,0.53125
2026-04-10 00:03:46,66,38,0.5757575757575758
2026-04-10 00:04:46,65,35,0.5384615384615384
2026-04-10 00:05:47,66,31,0.4696969696969697
2026-04-10 00:06:48,68,37,0.5441176470588235
2026-04-10 00:07:49,68,36,0.5294117647058824
2026-04-10 00:08:50,69,30,0.43478260869565216
2026-04-10 00:09:51,70,38,0.5428571428571428
2026-04-10 00:10:52,70,36,0.5142857142857142
2026-04-10 00:11:53,71,30,0.4225352112676056
2026-04-10 00:12:54,72,36,0.5
2026-04-10 00:13:55,72,36,0.5
2026-04-10 00:14:56,71,30,0.4225352112676056
2026-04-10 00:15:57,71,36,0.5070422535211268
2026-04-10 00:16:58,71,34,0.4788732394366197
2026-04-10 00:17:59,70,30,0.42857142857142855
2026-04-10 00:19:00,71,38,0.5352112676056338
2026-04-10 00:20:01,70,33,0.4714285714285714
2026-04-10 00:21:02,69,28,0.4057971014492754
2026-04-10 00:22:03,68,34,0.5
2026-04-10 00:23:04,67,33,0.4925373134328358
2026-04-10 00:24:05,65,32,0.49230769230769234
2026-04-10 00:25:06,65,41,0.6307692307692307
2026-04-10 00:26:07,65,34,0.5230769230769231
2026-04-10 00:27:08,66,35,0.5303030303030303
2026-04-10 00:28:09,67,40,0.5970149253731343
2026-04-10 00:29:10,65,35,0.5384615384615384
2026-04-10 00:30:10,66,34,0.5151515151515151
2026-04-10 00:31:11,66,43,0.6515151515151515
2026-04-10 00:32:12,65,33,0.5076923076923077
2026-04-10 00:33:13,65,34,0.5230769230769231
2026-04-10 00:34:14,67,43,0.6417910447761194
2026-04-10 00:35:15,67,36,0.5373134328358209
2026-04-10 00:36:16,66,36,0.5454545454545454
2026-04-10 00:37:17,66,42,0.6363636363636364
2026-04-10 00:38:18,66,38,0.5757575757575758
2026-04-10 00:39:19,66,34,0.5151515151515151
2026-04-10 00:40:20,64,44,0.6875
2026-04-10 00:41:21,66,35,0.5303030303030303
2026-04-10 00:42:22,67,40,0.5970149253731343
2026-04-10 00:43:23,67,37,0.5522388059701493
2026-04-10 00:44:24,66,30,0.45454545454545453
2026-04-10 00:45:25,67,42,0.6268656716417911
2026-04-10 00:46:25,67,39,0.582089552238806
2026-04-10 00:47:26,67,30,0.44776119402985076
2026-04-10 00:48:27,68,38,0.5588235294117647
2026-04-10 00:49:28,68,37,0.5441176470588235
2026-04-10 00:50:29,68,31,0.45588235294117646
2026-04-10 00:51:30,67,38,0.5671641791044776
2026-04-10 00:52:31,66,38,0.5757575757575758
2026-04-10 00:53:32,65,29,0.4461538461538462
2026-04-10 00:54:33,65,36,0.5538461538461539
2026-04-10 00:55:34,65,35,0.5384615384615384
2026-04-10 00:56:35,65,32,0.49230769230769234
2026-04-10 00:57:36,66,35,0.5303030303030303
2026-04-10 00:58:37,65,33,0.5076923076923077
2026-04-10 00:59:38,65,30,0.46153846153846156
2026-04-10 01:00:39,65,32,0.49230769230769234
2026-04-10 01:01:40,66,35,0.5303030303030303
2026-04-10 01:02:40,65,30,0.46153846153846156
2026-04-10 01:03:41,67,35,0.5223880597014925
2026-04-10 01:04:42,68,37,0.5441176470588235
2026-04-10 01:05:43,69,34,0.4927536231884058
2026-04-10 01:06:44,70,39,0.5571428571428572
2026-04-10 01:07:45,68,42,0.6176470588235294
2026-04-10 01:08:46,67,35,0.5223880597014925
2026-04-10 01:09:47,68,38,0.5588235294117647
2026-04-10 01:10:48,71,42,0.5915492957746479
2026-04-10 01:11:49,70,34,0.4857142857142857
2026-04-10 01:12:50,71,38,0.5352112676056338
2026-04-10 01:13:51,72,42,0.5833333333333334
2026-04-10 01:14:52,72,36,0.5
2026-04-10 01:15:53,70,39,0.5571428571428572
2026-04-10 01:16:54,70,38,0.5428571428571428
2026-04-10 01:17:55,70,34,0.4857142857142857
2026-04-10 01:18:56,71,39,0.5492957746478874
2026-04-10 01:19:57,71,36,0.5070422535211268
2026-04-10 01:20:58,71,36,0.5070422535211268
2026-04-10 01:21:59,69,40,0.5797101449275363
2026-04-10 01:23:00,69,35,0.5072463768115942
2026-04-10 01:24:01,68,35,0.5147058823529411
2026-04-10 01:25:02,70,40,0.5714285714285714
2026-04-10 01:26:03,71,41,0.5774647887323944
2026-04-10 01:27:04,73,35,0.4794520547945205
2026-04-10 01:28:05,73,45,0.6164383561643836
2026-04-10 01:29:06,72,43,0.5972222222222222
2026-04-10 01:30:07,73,41,0.5616438356164384
2026-04-10 01:31:08,72,39,0.5416666666666666
2026-04-10 01:32:08,72,39,0.5416666666666666
2026-04-10 01:33:09,73,37,0.5068493150684932
2026-04-10 01:34:10,74,48,0.6486486486486487
2026-04-10 01:35:11,75,40,0.5333333333333333
2026-04-10 01:36:12,75,38,0.5066666666666667
2026-04-10 01:37:13,75,43,0.5733333333333334
2026-04-10 01:38:14,75,41,0.5466666666666666
2026-04-10 01:39:15,78,41,0.5256410256410257
2026-04-10 01:40:16,76,49,0.6447368421052632
2026-04-10 01:41:17,78,46,0.5897435897435898
2026-04-10 01:42:18,78,42,0.5384615384615384
2026-04-10 01:43:19,78,50,0.6410256410256411
2026-04-10 01:44:20,76,42,0.5526315789473685
2026-04-10 01:45:21,76,41,0.5394736842105263
2026-04-10 01:46:22,78,49,0.6282051282051282
2026-04-10 01:47:23,79,41,0.5189873417721519
2026-04-10 01:48:24,79,42,0.5316455696202531
2026-04-10 01:49:25,82,52,0.6341463414634146
2026-04-10 01:50:26,83,48,0.5783132530120482
2026-04-10 01:51:27,83,44,0.5301204819277109
2026-04-10 01:52:28,83,50,0.6024096385542169
2026-04-10 01:53:30,84,44,0.5238095238095238
2026-04-10 01:54:31,85,51,0.6
2026-04-10 01:55:32,84,52,0.6190476190476191
2026-04-10 01:56:33,84,40,0.47619047619047616
2026-04-10 01:57:34,84,47,0.5595238095238095
2026-04-10 01:58:35,84,46,0.5476190476190477
2026-04-10 01:59:36,83,44,0.5301204819277109
2026-04-10 02:00:37,84,51,0.6071428571428571
2026-04-10 02:01:38,84,46,0.5476190476190477
2026-04-10 02:02:39,85,44,0.5176470588235295
2026-04-10 02:03:40,84,43,0.5119047619047619
2026-04-10 02:04:41,85,55,0.6470588235294118
2026-04-10 02:05:42,87,50,0.5747126436781609
2026-04-10 02:06:43,86,49,0.5697674418604651
2026-04-10 02:07:44,84,52,0.6190476190476191
2026-04-10 02:08:45,84,51,0.6071428571428571
2026-04-10 02:09:46,84,51,0.6071428571428571
2026-04-10 02:10:47,84,53,0.6309523809523809
2026-04-10 02:11:48,84,49,0.5833333333333334
2026-04-10 02:12:49,86,55,0.6395348837209303
2026-04-10 02:13:50,88,57,0.6477272727272727
2026-04-10 02:14:51,88,51,0.5795454545454546
2026-04-10 02:15:52,87,49,0.5632183908045977
2026-04-10 02:16:53,88,56,0.6363636363636364
2026-04-10 02:17:54,88,52,0.5909090909090909
2026-04-10 02:18:55,87,54,0.6206896551724138
2026-04-10 02:19:56,86,54,0.627906976744186
2026-04-10 02:20:57,87,53,0.6091954022988506
2026-04-10 02:21:59,89,54,0.6067415730337079
2026-04-10 02:23:00,89,53,0.5955056179775281
2026-04-10 02:24:01,92,55,0.5978260869565217
2026-04-10 02:25:02,93,58,0.6236559139784946
2026-04-10 02:26:03,92,55,0.5978260869565217
2026-04-10 02:27:04,95,53,0.5578947368421052
2026-04-10 02:28:05,94,52,0.5531914893617021
2026-04-10 02:29:06,94,56,0.5957446808510638
2026-04-10 02:30:07,94,55,0.5851063829787234
2026-04-10 02:31:09,94,59,0.6276595744680851
2026-04-10 02:32:10,94,49,0.5212765957446809
2026-04-10 02:33:11,95,50,0.5263157894736842
2026-04-10 02:34:12,94,52,0.5531914893617021
2026-04-10 02:35:13,93,50,0.5376344086021505
2026-04-10 02:36:14,91,53,0.5824175824175825
2026-04-10 02:37:15,92,59,0.6413043478260869
2026-04-10 02:38:16,91,52,0.5714285714285714
2026-04-10 02:39:17,92,54,0.5869565217391305
2026-04-10 02:40:18,95,64,0.6736842105263158
2026-04-10 02:41:19,94,59,0.6276595744680851
2026-04-10 02:42:20,94,57,0.6063829787234043
2026-04-10 02:43:22,95,66,0.6947368421052632
2026-04-10 02:44:23,94,57,0.6063829787234043
2026-04-10 02:45:24,94,60,0.6382978723404256
2026-04-10 02:46:25,92,62,0.6739130434782609
2026-04-10 02:47:26,92,57,0.6195652173913043
2026-04-10 02:48:27,94,66,0.7021276595744681
2026-04-10 02:49:28,94,62,0.6595744680851063
2026-04-10 02:50:29,92,58,0.6304347826086957
2026-04-10 02:51:30,92,61,0.6630434782608695
2026-04-10 02:52:31,93,64,0.6881720430107527
2026-04-10 02:53:32,94,54,0.574468085106383
2026-04-10 02:54:33,94,65,0.6914893617021277
2026-04-10 02:55:34,95,59,0.6210526315789474
2026-04-10 02:56:36,95,52,0.5473684210526316
2026-04-10 02:57:37,96,59,0.6145833333333334
2026-04-10 02:58:38,94,58,0.6170212765957447
2026-04-10 02:59:39,94,54,0.574468085106383
2026-04-10 03:00:40,95,60,0.631578947368421
2026-04-10 03:01:41,95,58,0.6105263157894737
2026-04-10 03:02:42,96,55,0.5729166666666666
2026-04-10 03:03:43,95,58,0.6105263157894737
2026-04-10 03:04:44,95,61,0.6421052631578947
2026-04-10 03:05:45,95,56,0.5894736842105263
2026-04-10 03:06:47,97,61,0.6288659793814433
2026-04-10 03:07:48,97,56,0.5773195876288659
2026-04-10 03:08:49,97,57,0.5876288659793815
2026-04-10 03:09:50,96,53,0.5520833333333334
2026-04-10 03:10:51,96,60,0.625
2026-04-10 03:11:52,95,54,0.5684210526315789
2026-04-10 03:12:53,96,59,0.6145833333333334
2026-04-10 03:13:54,96,57,0.59375
2026-04-10 03:14:55,95,52,0.5473684210526316
2026-04-10 03:15:56,97,57,0.5876288659793815
2026-04-10 03:16:57,97,55,0.5670103092783505
2026-04-10 03:17:58,95,51,0.5368421052631579
2026-04-10 03:18:59,94,55,0.5851063829787234
2026-04-10 03:20:01,94,55,0.5851063829787234
2026-04-10 03:21:02,98,57,0.5816326530612245
2026-04-10 03:22:03,97,56,0.5773195876288659
2026-04-10 03:23:04,93,55,0.5913978494623656
2026-04-10 03:24:05,93,49,0.5268817204301075
2026-04-10 03:25:06,92,53,0.5760869565217391
2026-04-10 03:26:07,94,54,0.574468085106383
2026-04-10 03:27:08,94,50,0.5319148936170213
2026-04-10 03:28:10,92,56,0.6086956521739131
2026-04-10 03:29:11,92,52,0.5652173913043478
2026-04-10 03:30:12,91,49,0.5384615384615384
2026-04-10 03:31:13,90,51,0.5666666666666667
2026-04-10 03:32:14,90,52,0.5777777777777777
2026-04-10 03:33:15,89,48,0.5393258426966292
2026-04-10 03:34:16,90,54,0.6
2026-04-10 03:35:17,91,51,0.5604395604395604
2026-04-10 03:36:18,91,45,0.4945054945054945
2026-04-10 03:37:19,91,51,0.5604395604395604
2026-04-10 03:38:20,89,47,0.5280898876404494
2026-04-10 03:39:21,87,47,0.5402298850574713
2026-04-10 03:40:22,86,47,0.5465116279069767
2026-04-10 03:41:23,86,40,0.46511627906976744
2026-04-10 03:42:24,88,49,0.5568181818181818
2026-04-10 03:43:25,88,49,0.5568181818181818
2026-04-10 03:44:26,87,48,0.5517241379310345
2026-04-10 03:45:27,88,44,0.5
2026-04-10 03:46:28,86,50,0.5813953488372093
2026-04-10 03:47:29,84,39,0.4642857142857143
2026-04-10 03:48:30,84,44,0.5238095238095238
2026-04-10 03:49:31,83,45,0.5421686746987951
2026-04-10 03:50:32,82,38,0.4634146341463415
2026-04-10 03:51:33,83,44,0.5301204819277109
2026-04-10 03:52:34,84,51,0.6071428571428571
2026-04-10 03:53:35,85,43,0.5058823529411764
2026-04-10 03:54:36,83,45,0.5421686746987951
2026-04-10 03:55:37,81,42,0.5185185185185185
2026-04-10 03:56:38,79,41,0.5189873417721519
2026-04-10 03:57:39,81,45,0.5555555555555556
2026-04-10 03:58:40,80,47,0.5875
2026-04-10 03:59:41,81,43,0.5308641975308642
2026-04-10 04:00:42,81,43,0.5308641975308642
2026-04-10 04:01:43,82,45,0.5487804878048781
2026-04-10 04:02:44,81,42,0.5185185185185185
2026-04-10 04:03:45,80,49,0.6125
2026-04-10 04:04:46,80,47,0.5875
2026-04-10 04:05:47,80,45,0.5625
2026-04-10 04:06:48,80,48,0.6
2026-04-10 04:07:49,81,49,0.6049382716049383
2026-04-10 04:08:50,83,50,0.6024096385542169
2026-04-10 04:09:51,84,45,0.5357142857142857
2026-04-10 04:10:52,83,47,0.5662650602409639
2026-04-10 04:11:53,84,46,0.5476190476190477
2026-04-10 04:12:54,84,44,0.5238095238095238
2026-04-10 04:13:55,85,45,0.5294117647058824
2026-04-10 04:14:56,84,48,0.5714285714285714
2026-04-10 04:15:57,84,47,0.5595238095238095
2026-04-10 04:16:58,82,45,0.5487804878048781
2026-04-10 04:17:59,83,50,0.6024096385542169
2026-04-10 04:19:00,81,50,0.6172839506172839
2026-04-10 04:20:01,81,47,0.5802469135802469
2026-04-10 04:21:03,81,48,0.5925925925925926
2026-04-10 04:22:04,80,49,0.6125
2026-04-10 04:23:05,79,49,0.620253164556962
2026-04-10 04:24:06,80,44,0.55
2026-04-10 04:25:07,80,51,0.6375
2026-04-10 04:26:08,79,46,0.5822784810126582
2026-04-10 04:27:09,80,43,0.5375
2026-04-10 04:28:10,79,48,0.6075949367088608
2026-04-10 04:29:11,79,45,0.569620253164557
2026-04-10 04:30:12,79,42,0.5316455696202531
2026-04-10 04:31:13,79,47,0.5949367088607594
2026-04-10 04:32:14,80,46,0.575
2026-04-10 04:33:15,81,46,0.5679012345679012
2026-04-10 04:34:16,81,47,0.5802469135802469
2026-04-10 04:35:17,82,49,0.5975609756097561
2026-04-10 04:36:18,81,47,0.5802469135802469
2026-04-10 04:37:19,79,47,0.5949367088607594
2026-04-10 04:38:20,77,47,0.6103896103896104
2026-04-10 04:39:21,78,45,0.5769230769230769
2026-04-10 04:40:22,79,49,0.620253164556962
2026-04-10 04:41:23,80,45,0.5625
2026-04-10 04:42:24,80,46,0.575
2026-04-10 04:43:25,82,47,0.573170731707317
2026-04-10 04:44:26,84,46,0.5476190476190477
2026-04-10 04:45:27,83,46,0.5542168674698795
2026-04-10 04:46:28,81,47,0.5802469135802469
2026-04-10 04:47:29,81,47,0.5802469135802469
2026-04-10 04:48:30,82,53,0.6463414634146342
2026-04-10 04:49:31,82,53,0.6463414634146342
2026-04-10 04:50:32,84,53,0.6309523809523809
2026-04-10 04:51:33,85,54,0.6352941176470588
2026-04-10 04:52:34,85,52,0.611764705882353
2026-04-10 04:53:35,85,47,0.5529411764705883
2026-04-10 04:54:36,85,51,0.6
2026-04-10 04:55:37,85,45,0.5294117647058824
2026-04-10 04:56:38,88,49,0.5568181818181818
2026-04-10 04:57:39,88,50,0.5681818181818182
2026-04-10 04:58:40,87,51,0.5862068965517241
2026-04-10 04:59:41,87,51,0.5862068965517241
2026-04-10 05:00:42,87,45,0.5172413793103449
2026-04-10 05:01:43,87,47,0.5402298850574713
2026-04-10 05:02:45,85,43,0.5058823529411764
2026-04-10 05:03:46,83,48,0.5783132530120482
2026-04-10 05:04:47,85,54,0.6352941176470588
2026-04-10 05:05:48,85,44,0.5176470588235295
2026-04-10 05:06:49,83,43,0.5180722891566265
2026-04-10 05:07:50,85,48,0.5647058823529412
2026-04-10 05:08:51,86,41,0.47674418604651164
2026-04-10 05:09:52,85,40,0.47058823529411764
2026-04-10 05:10:53,85,47,0.5529411764705883
2026-04-10 05:11:54,86,46,0.5348837209302325
2026-04-10 05:12:55,87,45,0.5172413793103449
2026-04-10 05:13:56,89,52,0.5842696629213483
2026-04-10 05:14:57,86,46,0.5348837209302325
2026-04-10 05:15:58,87,50,0.5747126436781609
2026-04-10 05:16:59,86,46,0.5348837209302325
2026-04-10 05:18:00,86,48,0.5581395348837209
2026-04-10 05:19:02,85,46,0.5411764705882353
2026-04-10 05:20:03,86,45,0.5232558139534884
2026-04-10 05:21:04,85,43,0.5058823529411764
2026-04-10 05:22:05,86,46,0.5348837209302325
2026-04-10 05:23:06,86,50,0.5813953488372093
2026-04-10 05:24:07,83,44,0.5301204819277109
2026-04-10 05:25:08,83,46,0.5542168674698795
2026-04-10 05:26:09,81,47,0.5802469135802469
2026-04-10 05:27:10,81,43,0.5308641975308642
2026-04-10 05:28:11,80,49,0.6125
2026-04-10 05:29:12,80,49,0.6125
2026-04-10 05:30:13,80,44,0.55
2026-04-10 05:31:14,80,47,0.5875
2026-04-10 05:32:15,79,48,0.6075949367088608
2026-04-10 05:33:16,79,45,0.569620253164557
2026-04-10 05:34:17,78,50,0.6410256410256411
2026-04-10 05:35:18,77,45,0.5844155844155844
2026-04-10 05:36:19,78,43,0.5512820512820513
2026-04-10 05:37:20,76,47,0.618421052631579
2026-04-10 05:38:21,77,42,0.5454545454545454
2026-04-10 05:39:22,75,42,0.56
2026-04-10 05:40:23,75,42,0.56
2026-04-10 05:41:24,76,44,0.5789473684210527
2026-04-10 05:42:25,75,45,0.6
2026-04-10 05:43:26,75,50,0.6666666666666666
2026-04-10 05:44:27,76,42,0.5526315789473685
2026-04-10 05:45:28,78,48,0.6153846153846154
2026-04-10 05:46:29,78,48,0.6153846153846154
2026-04-10 05:47:30,77,46,0.5974025974025974
2026-04-10 05:48:31,76,47,0.618421052631579
2026-04-10 05:49:32,76,49,0.6447368421052632
2026-04-10 05:50:33,77,47,0.6103896103896104
2026-04-10 05:51:34,80,49,0.6125
2026-04-10 05:52:35,82,52,0.6341463414634146
2026-04-10 05:53:36,80,46,0.575
2026-04-10 05:54:37,80,44,0.55
2026-04-10 05:55:38,80,54,0.675
2026-04-10 05:56:39,79,46,0.5822784810126582
2026-04-10 05:57:40,81,48,0.5925925925925926
2026-04-10 05:58:41,80,49,0.6125
2026-04-10 05:59:42,80,46,0.575
2026-04-10 06:00:43,80,48,0.6
2026-04-10 06:01:44,81,49,0.6049382716049383
2026-04-10 06:02:45,80,44,0.55
2026-04-10 06:03:46,81,45,0.5555555555555556
2026-04-10 06:04:47,80,49,0.6125
2026-04-10 06:05:48,80,41,0.5125
2026-04-10 06:06:49,80,39,0.4875
2026-04-10 06:07:50,79,50,0.6329113924050633
2026-04-10 06:08:51,78,43,0.5512820512820513
2026-04-10 06:09:52,79,45,0.569620253164557
2026-04-10 06:10:53,78,51,0.6538461538461539
2026-04-10 06:11:54,75,43,0.5733333333333334
2026-04-10 06:12:55,74,44,0.5945945945945946
2026-04-10 06:13:56,74,50,0.6756756756756757
2026-04-10 06:14:57,73,44,0.6027397260273972
2026-04-10 06:15:58,74,45,0.6081081081081081
2026-04-10 06:16:59,74,49,0.6621621621621622
2026-04-10 06:18:00,75,47,0.6266666666666667
2026-04-10 06:19:01,75,44,0.5866666666666667
2026-04-10 06:20:02,76,45,0.5921052631578947
2026-04-10 06:21:03,80,48,0.6
2026-04-10 06:22:04,80,45,0.5625
2026-04-10 06:23:05,81,53,0.654320987654321
2026-04-10 06:24:07,83,47,0.5662650602409639
2026-04-10 06:25:08,83,50,0.6024096385542169
2026-04-10 06:26:09,84,48,0.5714285714285714
2026-04-10 06:27:10,83,45,0.5421686746987951
2026-04-10 06:28:11,83,51,0.6144578313253012
2026-04-10 06:29:12,82,50,0.6097560975609756
2026-04-10 06:30:13,82,46,0.5609756097560976
2026-04-10 06:31:14,82,46,0.5609756097560976
2026-04-10 06:32:15,83,47,0.5662650602409639
2026-04-10 06:33:16,83,43,0.5180722891566265
2026-04-10 06:34:17,83,52,0.6265060240963856
2026-04-10 06:35:18,81,46,0.5679012345679012
2026-04-10 06:36:19,82,49,0.5975609756097561
2026-04-10 06:37:20,82,51,0.6219512195121951
2026-04-10 06:38:21,83,47,0.5662650602409639
2026-04-10 06:39:22,83,45,0.5421686746987951
2026-04-10 06:40:23,84,54,0.6428571428571429
2026-04-10 06:41:24,83,48,0.5783132530120482
2026-04-10 06:42:25,84,54,0.6428571428571429
2026-04-10 06:43:26,84,52,0.6190476190476191
2026-04-10 06:44:27,80,45,0.5625
2026-04-10 06:45:28,81,48,0.5925925925925926
2026-04-10 06:46:29,80,53,0.6625
2026-04-10 06:47:30,81,47,0.5802469135802469
2026-04-10 06:48:32,81,48,0.5925925925925926
2026-04-10 06:49:33,84,49,0.5833333333333334
2026-04-10 06:50:34,84,49,0.5833333333333334
2026-04-10 06:51:35,84,48,0.5714285714285714
2026-04-10 06:52:36,83,49,0.5903614457831325
2026-04-10 06:53:37,83,47,0.5662650602409639
2026-04-10 06:54:38,83,48,0.5783132530120482
2026-04-10 06:55:39,82,43,0.524390243902439
2026-04-10 06:56:40,79,44,0.5569620253164557
2026-04-10 06:57:41,79,46,0.5822784810126582
2026-04-10 06:58:42,79,50,0.6329113924050633
2026-04-10 06:59:43,79,49,0.620253164556962
2026-04-10 07:00:44,80,49,0.6125
2026-04-10 07:01:45,82,55,0.6707317073170732
2026-04-10 07:02:46,82,50,0.6097560975609756
2026-04-10 07:03:47,81,46,0.5679012345679012
2026-04-10 07:04:48,82,52,0.6341463414634146
2026-04-10 07:05:49,82,44,0.5365853658536586
2026-04-10 07:06:50,83,49,0.5903614457831325
2026-04-10 07:07:51,83,54,0.6506024096385542
2026-04-10 07:08:53,83,47,0.5662650602409639
2026-04-10 07:09:54,83,46,0.5542168674698795
2026-04-10 07:10:55,84,57,0.6785714285714286
2026-04-10 07:11:56,84,46,0.5476190476190477
2026-04-10 07:12:57,84,48,0.5714285714285714
2026-04-10 07:13:58,82,50,0.6097560975609756
2026-04-10 07:14:59,80,48,0.6
2026-04-10 07:16:00,81,50,0.6172839506172839
2026-04-10 07:17:01,82,53,0.6463414634146342
2026-04-10 07:18:02,82,46,0.5609756097560976
2026-04-10 07:19:03,82,43,0.524390243902439
2026-04-10 07:20:04,80,52,0.65
2026-04-10 07:21:06,81,47,0.5802469135802469
2026-04-10 07:22:07,81,50,0.6172839506172839
2026-04-10 07:23:08,81,47,0.5802469135802469
2026-04-10 07:24:09,82,49,0.5975609756097561
2026-04-10 07:25:10,81,47,0.5802469135802469
2026-04-10 07:26:11,83,50,0.6024096385542169
2026-04-10 07:27:12,86,53,0.6162790697674418
2026-04-10 07:28:13,87,57,0.6551724137931034
2026-04-10 07:29:14,87,50,0.5747126436781609
2026-04-10 07:30:15,87,50,0.5747126436781609
2026-04-10 07:31:16,87,51,0.5862068965517241
2026-04-10 07:32:17,88,50,0.5681818181818182
2026-04-10 07:33:18,89,51,0.5730337078651685
2026-04-10 07:34:19,90,60,0.6666666666666666
2026-04-10 07:35:21,90,51,0.5666666666666667
2026-04-10 07:36:22,89,50,0.5617977528089888
2026-04-10 07:37:23,89,55,0.6179775280898876
2026-04-10 07:38:24,91,51,0.5604395604395604
2026-04-10 07:39:25,90,49,0.5444444444444444
2026-04-10 07:40:26,91,59,0.6483516483516484
2026-04-10 07:41:27,91,45,0.4945054945054945
2026-04-10 07:42:28,91,44,0.4835164835164835
2026-04-10 07:43:29,91,51,0.5604395604395604
2026-04-10 07:44:30,91,39,0.42857142857142855
2026-04-10 07:45:31,91,48,0.5274725274725275
2026-04-10 07:46:32,91,52,0.5714285714285714
2026-04-10 07:47:33,89,38,0.42696629213483145
2026-04-10 07:48:34,87,46,0.5287356321839081
2026-04-10 07:49:35,85,50,0.5882352941176471
2026-04-10 07:50:37,86,47,0.5465116279069767
2026-04-10 07:51:38,86,38,0.4418604651162791
2026-04-10 07:52:39,85,46,0.5411764705882353
2026-04-10 07:53:40,87,45,0.5172413793103449
2026-04-10 07:54:41,85,47,0.5529411764705883
2026-04-10 07:55:42,85,46,0.5411764705882353
2026-04-10 07:56:43,84,40,0.47619047619047616
2026-04-10 07:57:44,80,46,0.575
2026-04-10 07:58:45,81,54,0.6666666666666666
2026-04-10 07:59:46,81,43,0.5308641975308642
2026-04-10 08:00:48,80,43,0.5375
2026-04-10 08:01:49,80,49,0.6125
2026-04-10 08:02:50,79,42,0.5316455696202531
2026-04-10 08:03:51,80,41,0.5125
2026-04-10 08:04:52,79,48,0.6075949367088608
2026-04-10 08:05:53,79,45,0.569620253164557
2026-04-10 08:06:54,79,44,0.5569620253164557
2026-04-10 08:07:55,80,51,0.6375
2026-04-10 08:08:56,78,40,0.5128205128205128
2026-04-10 08:09:57,79,42,0.5316455696202531
2026-04-10 08:10:58,79,44,0.5569620253164557
2026-04-10 08:11:59,80,34,0.425
2026-04-10 08:13:00,79,40,0.5063291139240507
2026-04-10 08:14:01,78,49,0.6282051282051282
2026-04-10 08:15:02,78,36,0.46153846153846156
2026-04-10 08:16:03,78,44,0.5641025641025641
2026-04-10 08:17:04,78,51,0.6538461538461539
2026-04-10 08:18:05,77,42,0.5454545454545454
2026-04-10 08:19:06,78,44,0.5641025641025641
2026-04-10 08:20:07,76,44,0.5789473684210527
2026-04-10 08:21:08,77,43,0.5584415584415584
2026-04-10 08:22:09,78,42,0.5384615384615384
2026-04-10 08:23:11,81,53,0.654320987654321
2026-04-10 08:24:12,78,42,0.5384615384615384
2026-04-10 08:25:13,77,39,0.5064935064935064
2026-04-10 08:26:14,78,45,0.5769230769230769
2026-04-10 08:27:15,76,44,0.5789473684210527
2026-04-10 08:28:16,78,47,0.6025641025641025
2026-04-10 08:29:17,79,45,0.569620253164557
2026-04-10 08:30:18,80,47,0.5875
2026-04-10 08:31:19,84,50,0.5952380952380952
2026-04-10 08:32:20,86,44,0.5116279069767442
2026-04-10 08:33:21,84,45,0.5357142857142857
2026-04-10 08:34:22,84,51,0.6071428571428571
2026-04-10 08:35:23,84,40,0.47619047619047616
2026-04-10 08:36:24,84,43,0.5119047619047619
2026-04-10 08:37:25,83,44,0.5301204819277109
2026-04-10 08:38:26,83,43,0.5180722891566265
2026-04-10 08:39:27,81,39,0.48148148148148145
2026-04-10 08:40:28,83,48,0.5783132530120482
2026-04-10 08:41:30,83,43,0.5180722891566265
2026-04-10 08:42:31,81,49,0.6049382716049383
2026-04-10 08:43:32,83,46,0.5542168674698795
2026-04-10 08:44:33,82,42,0.5121951219512195
2026-04-10 08:45:34,83,43,0.5180722891566265
2026-04-10 08:46:35,85,50,0.5882352941176471
2026-04-10 08:47:36,86,47,0.5465116279069767
2026-04-10 08:48:37,86,42,0.4883720930232558
2026-04-10 08:49:38,87,49,0.5632183908045977
2026-04-10 08:50:39,87,48,0.5517241379310345
2026-04-10 08:51:40,88,41,0.4659090909090909
2026-04-10 08:52:41,89,52,0.5842696629213483
2026-04-10 08:53:42,86,51,0.5930232558139535
2026-04-10 08:54:43,87,55,0.632183908045977
2026-04-10 08:55:45,86,50,0.5813953488372093
2026-04-10 08:56:46,86,44,0.5116279069767442
2026-04-10 08:57:47,87,47,0.5402298850574713
2026-04-10 08:58:48,88,54,0.6136363636363636
2026-04-10 08:59:49,87,48,0.5517241379310345
2026-04-10 09:00:50,88,44,0.5
2026-04-10 09:01:51,88,51,0.5795454545454546
2026-04-10 09:02:52,88,36,0.4090909090909091
2026-04-10 09:03:53,88,19,0.2159090909090909
2026-04-10 09:04:54,87,46,0.5287356321839081
2026-04-10 09:05:55,85,45,0.5294117647058824
2026-04-10 09:06:56,85,45,0.5294117647058824
2026-04-10 09:07:57,84,43,0.5119047619047619
2026-04-10 09:08:59,83,45,0.5421686746987951
2026-04-10 09:10:00,84,49,0.5833333333333334
2026-04-10 09:11:01,84,48,0.5714285714285714
2026-04-10 09:12:02,83,42,0.5060240963855421
2026-04-10 09:13:03,82,45,0.5487804878048781
2026-04-10 09:14:04,82,45,0.5487804878048781
2026-04-10 09:15:05,82,43,0.524390243902439
2026-04-10 09:16:06,83,42,0.5060240963855421
2026-04-10 09:17:07,83,43,0.5180722891566265
2026-04-10 09:18:08,83,41,0.4939759036144578
2026-04-10 09:19:09,85,44,0.5176470588235295
2026-04-10 09:20:10,84,44,0.5238095238095238
2026-04-10 09:21:12,84,45,0.5357142857142857
2026-04-10 09:22:13,85,41,0.4823529411764706
2026-04-10 09:23:14,82,41,0.5
2026-04-10 09:24:15,82,39,0.47560975609756095
2026-04-10 09:25:16,81,38,0.4691358024691358
2026-04-10 09:26:17,80,32,0.4
2026-04-10 09:27:18,80,38,0.475
2026-04-10 09:28:19,80,42,0.525
2026-04-10 09:29:20,79,35,0.4430379746835443
2026-04-10 09:30:21,76,31,0.40789473684210525
2026-04-10 09:31:22,73,40,0.547945205479452
2026-04-10 09:32:23,69,34,0.4927536231884058
2026-04-10 09:33:24,68,42,0.6176470588235294
2026-04-10 09:34:25,68,37,0.5441176470588235
2026-04-10 09:35:26,68,32,0.47058823529411764
2026-04-10 09:36:27,70,37,0.5285714285714286
2026-04-10 09:37:28,69,43,0.6231884057971014
2026-04-10 09:38:29,67,32,0.47761194029850745
2026-04-10 09:39:30,66,38,0.5757575757575758
2026-04-10 09:40:31,68,45,0.6617647058823529
2026-04-10 09:41:32,68,33,0.4852941176470588
2026-04-10 09:42:33,69,40,0.5797101449275363
2026-04-10 09:43:34,72,41,0.5694444444444444
2026-04-10 09:44:35,72,32,0.4444444444444444
2026-04-10 09:45:36,72,31,0.4305555555555556
2026-04-10 09:46:37,73,35,0.4794520547945205
2026-04-10 09:47:38,70,29,0.4142857142857143
2026-04-10 09:48:39,70,37,0.5285714285714286
2026-04-10 09:49:40,71,37,0.5211267605633803
2026-04-10 09:50:41,70,33,0.4714285714285714
2026-04-10 09:51:42,72,32,0.4444444444444444
2026-04-10 09:52:44,71,39,0.5492957746478874
2026-04-10 09:53:45,69,31,0.4492753623188406
2026-04-10 09:54:46,70,31,0.44285714285714284
2026-04-10 09:55:47,72,34,0.4722222222222222
2026-04-10 09:56:48,71,29,0.4084507042253521
2026-04-10 09:57:49,71,35,0.49295774647887325
2026-04-10 09:58:50,71,32,0.4507042253521127
2026-04-10 09:59:51,71,30,0.4225352112676056
2026-04-10 10:00:52,68,25,0.36764705882352944
2026-04-10 10:01:53,67,32,0.47761194029850745
2026-04-10 10:02:54,67,30,0.44776119402985076
2026-04-10 10:03:55,67,32,0.47761194029850745
2026-04-10 10:04:56,67,37,0.5522388059701493
2026-04-10 10:05:57,66,28,0.42424242424242425
2026-04-10 10:06:58,67,31,0.4626865671641791
2026-04-10 10:07:59,68,36,0.5294117647058824
2026-04-10 10:09:00,68,31,0.45588235294117646
2026-04-10 10:10:01,72,34,0.4722222222222222
2026-04-10 10:11:02,69,34,0.4927536231884058
2026-04-10 10:12:03,70,32,0.45714285714285713
2026-04-10 10:13:05,69,28,0.4057971014492754
2026-04-10 10:14:06,68,33,0.4852941176470588
2026-04-10 10:15:07,66,29,0.4393939393939394
2026-04-10 10:16:08,66,32,0.48484848484848486
2026-04-10 10:17:09,65,28,0.4307692307692308
2026-04-10 10:18:10,66,30,0.45454545454545453
2026-04-10 10:19:11,67,31,0.4626865671641791
2026-04-10 10:20:12,65,30,0.46153846153846156
2026-04-10 10:21:13,65,24,0.36923076923076925
2026-04-10 10:22:14,67,33,0.4925373134328358
2026-04-10 10:23:15,67,31,0.4626865671641791
2026-04-10 10:24:16,66,29,0.4393939393939394
2026-04-10 10:25:17,65,27,0.4153846153846154
2026-04-10 10:26:18,64,29,0.453125
2026-04-10 10:27:19,64,31,0.484375
2026-04-10 10:28:20,63,38,0.6031746031746031
2026-04-10 10:29:21,62,31,0.5
2026-04-10 10:30:22,62,29,0.46774193548387094
2026-04-10 10:31:23,63,33,0.5238095238095238
2026-04-10 10:32:24,64,26,0.40625
2026-04-10 10:33:25,59,31,0.5254237288135594
2026-04-10 10:34:26,59,29,0.4915254237288136
2026-04-10 10:35:26,59,26,0.4406779661016949
2026-04-10 10:36:27,60,31,0.5166666666666667
2026-04-10 10:37:28,61,28,0.45901639344262296
2026-04-10 10:38:29,61,24,0.39344262295081966
2026-04-10 10:39:30,60,31,0.5166666666666667
2026-04-10 10:40:31,61,34,0.5573770491803278
2026-04-10 10:41:32,61,26,0.4262295081967213
2026-04-10 10:42:33,62,30,0.4838709677419355
2026-04-10 10:43:34,61,29,0.47540983606557374
2026-04-10 10:44:35,62,22,0.3548387096774194
2026-04-10 10:45:36,61,22,0.36065573770491804
2026-04-10 10:46:37,62,25,0.4032258064516129
2026-04-10 10:47:38,62,22,0.3548387096774194
2026-04-10 10:48:39,63,27,0.42857142857142855
2026-04-10 10:49:40,62,30,0.4838709677419355
2026-04-10 10:50:41,58,21,0.3620689655172414
2026-04-10 10:51:42,59,26,0.4406779661016949
2026-04-10 10:52:43,58,25,0.43103448275862066
2026-04-10 10:53:44,59,27,0.4576271186440678
2026-04-10 10:54:45,59,23,0.3898305084745763
2026-04-10 10:55:45,58,23,0.39655172413793105
2026-04-10 10:56:46,58,24,0.41379310344827586
2026-04-10 10:57:47,58,27,0.46551724137931033
2026-04-10 10:58:48,59,28,0.4745762711864407
2026-04-10 10:59:49,57,27,0.47368421052631576
2026-04-10 11:00:50,56,25,0.44642857142857145
2026-04-10 11:01:51,56,26,0.4642857142857143
2026-04-10 11:02:52,54,25,0.46296296296296297
2026-04-10 11:03:53,54,26,0.48148148148148145
2026-04-10 11:04:54,53,28,0.5283018867924528
2026-04-10 11:05:54,55,26,0.4727272727272727
2026-04-10 11:06:55,55,25,0.45454545454545453
2026-04-10 11:07:56,54,21,0.3888888888888889
2026-04-10 11:08:57,53,21,0.39622641509433965
2026-04-10 11:09:58,54,27,0.5
2026-04-10 11:10:59,55,29,0.5272727272727272
2026-04-10 11:12:00,55,24,0.43636363636363634
2026-04-10 11:13:01,55,23,0.41818181818181815
2026-04-10 11:14:02,54,21,0.3888888888888889
2026-04-10 11:15:03,55,19,0.34545454545454546
2026-04-10 11:16:04,56,25,0.44642857142857145
2026-04-10 11:17:04,55,26,0.4727272727272727
2026-04-10 11:18:05,55,27,0.4909090909090909
2026-04-10 11:19:06,56,23,0.4107142857142857
2026-04-10 11:20:07,55,24,0.43636363636363634
2026-04-10 11:21:08,54,24,0.4444444444444444
2026-04-10 11:22:09,55,23,0.41818181818181815
2026-04-10 11:23:10,55,25,0.45454545454545453
2026-04-10 11:24:11,56,24,0.42857142857142855
2026-04-10 11:25:12,59,25,0.423728813559322
2026-04-10 11:26:12,59,27,0.4576271186440678
2026-04-10 11:27:13,59,25,0.423728813559322
2026-04-10 11:28:14,58,28,0.4827586206896552
2026-04-10 11:29:15,59,29,0.4915254237288136
2026-04-10 11:30:16,60,27,0.45
2026-04-10 11:31:17,58,30,0.5172413793103449
2026-04-10 11:32:18,59,24,0.4067796610169492
2026-04-10 11:33:19,59,26,0.4406779661016949
2026-04-10 11:34:20,58,32,0.5517241379310345
2026-04-10 11:35:20,58,25,0.43103448275862066
2026-04-10 11:36:21,57,28,0.49122807017543857
2026-04-10 11:37:22,56,29,0.5178571428571429
2026-04-10 11:38:23,56,25,0.44642857142857145
2026-04-10 11:39:24,56,29,0.5178571428571429
2026-04-10 11:40:25,56,31,0.5535714285714286
2026-04-10 11:41:26,58,28,0.4827586206896552
2026-04-10 11:42:27,61,33,0.5409836065573771
2026-04-10 11:43:28,61,27,0.4426229508196721
2026-04-10 11:44:29,62,26,0.41935483870967744
2026-04-10 11:45:29,61,29,0.47540983606557374
2026-04-10 11:46:30,61,30,0.4918032786885246
2026-04-10 11:47:31,60,22,0.36666666666666664
2026-04-10 11:48:32,60,30,0.5
2026-04-10 11:49:33,60,23,0.38333333333333336
2026-04-10 11:50:34,61,26,0.4262295081967213
2026-04-10 11:51:35,62,34,0.5483870967741935
2026-04-10 11:52:36,62,30,0.4838709677419355
2026-04-10 11:53:37,61,28,0.45901639344262296
2026-04-10 11:54:38,63,29,0.4603174603174603
2026-04-10 11:55:39,65,27,0.4153846153846154
2026-04-10 11:56:40,62,24,0.3870967741935484
2026-04-10 11:57:40,62,29,0.46774193548387094
2026-04-10 11:58:41,62,22,0.3548387096774194
2026-04-10 11:59:42,62,19,0.3064516129032258
2026-04-10 12:00:43,61,20,0.32786885245901637
2026-04-10 12:01:44,60,25,0.4166666666666667
2026-04-10 12:02:45,59,25,0.423728813559322
2026-04-10 12:03:46,59,28,0.4745762711864407
2026-04-10 12:04:47,59,30,0.5084745762711864
2026-04-10 12:05:47,60,32,0.5333333333333333
2026-04-10 12:06:48,58,31,0.5344827586206896
2026-04-10 12:07:49,60,34,0.5666666666666667
2026-04-10 12:08:50,60,28,0.4666666666666667
2026-04-10 12:09:51,59,32,0.5423728813559322
2026-04-10 12:10:52,60,34,0.5666666666666667
2026-04-10 12:11:53,62,24,0.3870967741935484
2026-04-10 12:12:54,62,24,0.3870967741935484
2026-04-10 12:13:55,62,27,0.43548387096774194
2026-04-10 12:14:56,61,29,0.47540983606557374
2026-04-10 12:15:57,61,29,0.47540983606557374
2026-04-10 12:16:58,60,30,0.5
2026-04-10 12:17:59,61,30,0.4918032786885246
2026-04-10 12:19:00,59,31,0.5254237288135594
2026-04-10 12:20:01,61,33,0.5409836065573771
2026-04-10 12:21:02,60,30,0.5
2026-04-10 12:22:02,60,33,0.55
2026-04-10 12:23:03,59,32,0.5423728813559322
2026-04-10 12:24:04,59,30,0.5084745762711864
2026-04-10 12:25:05,62,30,0.4838709677419355
2026-04-10 12:26:06,62,36,0.5806451612903226
2026-04-10 12:27:07,62,31,0.5
2026-04-10 12:28:08,62,33,0.532258064516129
2026-04-10 12:29:09,65,33,0.5076923076923077
2026-04-10 12:30:10,65,30,0.46153846153846156
2026-04-10 12:31:11,66,29,0.4393939393939394
2026-04-10 12:32:12,66,32,0.48484848484848486
2026-04-10 12:33:13,65,30,0.46153846153846156
2026-04-10 12:34:14,65,34,0.5230769230769231
2026-04-10 12:35:15,63,19,0.30158730158730157
2026-04-10 12:36:15,63,27,0.42857142857142855
2026-04-10 12:37:16,61,34,0.5573770491803278
2026-04-10 12:38:17,60,28,0.4666666666666667
2026-04-10 12:39:18,59,27,0.4576271186440678
2026-04-10 12:40:19,59,36,0.6101694915254238
2026-04-10 12:41:20,60,32,0.5333333333333333
2026-04-10 12:42:21,59,30,0.5084745762711864
2026-04-10 12:43:22,60,36,0.6
2026-04-10 12:44:23,62,37,0.5967741935483871
2026-04-10 12:45:24,63,36,0.5714285714285714
2026-04-10 12:46:25,65,38,0.5846153846153846
2026-04-10 12:47:26,65,31,0.47692307692307695
2026-04-10 12:48:27,64,38,0.59375
2026-04-10 12:49:28,65,38,0.5846153846153846
2026-04-10 12:50:29,66,38,0.5757575757575758
2026-04-10 12:51:30,66,38,0.5757575757575758
2026-04-10 12:52:31,66,43,0.6515151515151515
2026-04-10 12:53:32,67,39,0.582089552238806
2026-04-10 12:54:33,65,41,0.6307692307692307
2026-04-10 12:55:34,65,40,0.6153846153846154
2026-04-10 12:56:35,65,39,0.6
2026-04-10 12:57:36,65,41,0.6307692307692307
2026-04-10 12:58:37,64,39,0.609375
2026-04-10 12:59:38,65,38,0.5846153846153846
2026-04-10 13:00:39,66,39,0.5909090909090909
2026-04-10 13:01:40,67,39,0.582089552238806
2026-04-10 13:02:41,67,36,0.5373134328358209
2026-04-10 13:03:42,68,38,0.5588235294117647
2026-04-10 13:04:43,67,41,0.6119402985074627
2026-04-10 13:05:44,67,36,0.5373134328358209
2026-04-10 13:06:45,66,36,0.5454545454545454
2026-04-10 13:07:46,68,40,0.5882352941176471
2026-04-10 13:08:47,68,37,0.5441176470588235
2026-04-10 13:09:48,68,35,0.5147058823529411
2026-04-10 13:10:49,68,38,0.5588235294117647
2026-04-10 13:11:50,69,36,0.5217391304347826
2026-04-10 13:12:51,69,33,0.4782608695652174
2026-04-10 13:13:52,68,35,0.5147058823529411
2026-04-10 13:14:53,68,32,0.47058823529411764
2026-04-10 13:15:54,68,36,0.5294117647058824
2026-04-10 13:16:55,68,42,0.6176470588235294
2026-04-10 13:17:56,69,36,0.5217391304347826
2026-04-10 13:18:57,68,35,0.5147058823529411
2026-04-10 13:19:58,68,44,0.6470588235294118
2026-04-10 13:20:58,67,37,0.5522388059701493
2026-04-10 13:21:59,66,35,0.5303030303030303
2026-04-10 13:23:01,66,42,0.6363636363636364
2026-04-10 13:24:02,67,37,0.5522388059701493
2026-04-10 13:25:03,68,35,0.5147058823529411
2026-04-10 13:26:04,70,41,0.5857142857142857
2026-04-10 13:27:05,70,39,0.5571428571428572
2026-04-10 13:28:06,72,37,0.5138888888888888
2026-04-10 13:29:07,72,40,0.5555555555555556
2026-04-10 13:30:08,71,38,0.5352112676056338
2026-04-10 13:31:09,71,39,0.5492957746478874
2026-04-10 13:32:10,71,40,0.5633802816901409
2026-04-10 13:33:11,71,34,0.4788732394366197
2026-04-10 13:34:12,70,39,0.5571428571428572
2026-04-10 13:35:13,70,40,0.5714285714285714
2026-04-10 13:36:14,71,37,0.5211267605633803
2026-04-10 13:37:15,72,42,0.5833333333333334
2026-04-10 13:38:16,72,40,0.5555555555555556
2026-04-10 13:39:17,73,39,0.5342465753424658
2026-04-10 13:40:18,73,43,0.589041095890411
2026-04-10 13:41:19,74,40,0.5405405405405406
2026-04-10 13:42:20,75,41,0.5466666666666666
2026-04-10 13:43:21,74,44,0.5945945945945946
2026-04-10 13:44:22,74,36,0.4864864864864865
2026-04-10 13:45:23,74,40,0.5405405405405406
2026-04-10 13:46:24,73,45,0.6164383561643836
2026-04-10 13:47:25,74,43,0.581081081081081
2026-04-10 13:48:26,73,40,0.547945205479452
2026-04-10 13:49:27,73,45,0.6164383561643836
2026-04-10 13:50:28,72,43,0.5972222222222222
2026-04-10 13:51:29,72,43,0.5972222222222222
2026-04-10 13:52:30,72,46,0.6388888888888888
2026-04-10 13:53:31,72,37,0.5138888888888888
2026-04-10 13:54:32,72,45,0.625
2026-04-10 13:55:33,72,42,0.5833333333333334
2026-04-10 13:56:34,74,48,0.6486486486486487
2026-04-10 13:57:35,73,41,0.5616438356164384
2026-04-10 13:58:36,75,47,0.6266666666666667
2026-04-10 13:59:37,75,40,0.5333333333333333
2026-04-10 14:00:38,75,41,0.5466666666666666
2026-04-10 14:01:39,75,45,0.6
2026-04-10 14:02:40,75,41,0.5466666666666666
2026-04-10 14:03:41,75,40,0.5333333333333333
2026-04-10 14:04:43,75,47,0.6266666666666667
2026-04-10 14:05:44,75,43,0.5733333333333334
2026-04-10 14:06:45,73,43,0.589041095890411
2026-04-10 14:07:46,73,40,0.547945205479452
2026-04-10 14:08:47,72,44,0.6111111111111112
2026-04-10 14:09:48,73,45,0.6164383561643836
2026-04-10 14:10:49,73,43,0.589041095890411
2026-04-10 14:11:50,74,44,0.5945945945945946
2026-04-10 14:12:51,74,42,0.5675675675675675
2026-04-10 14:13:52,75,46,0.6133333333333333
2026-04-10 14:14:53,76,48,0.631578947368421
2026-04-10 14:15:54,74,49,0.6621621621621622
2026-04-10 14:16:55,74,47,0.6351351351351351
2026-04-10 14:17:56,76,41,0.5394736842105263
2026-04-10 14:18:57,77,42,0.5454545454545454
2026-04-10 14:19:58,78,45,0.5769230769230769
2026-04-10 14:20:59,79,45,0.569620253164557
2026-04-10 14:22:00,79,47,0.5949367088607594
2026-04-10 14:23:01,80,52,0.65
2026-04-10 14:24:02,80,45,0.5625
2026-04-10 14:25:03,80,47,0.5875
2026-04-10 14:26:05,80,50,0.625
2026-04-10 14:27:06,78,46,0.5897435897435898
2026-04-10 14:28:07,79,48,0.6075949367088608
2026-04-10 14:29:08,78,52,0.6666666666666666
2026-04-10 14:30:09,81,45,0.5555555555555556
2026-04-10 14:31:10,80,47,0.5875
2026-04-10 14:32:11,79,43,0.5443037974683544
2026-04-10 14:33:12,81,44,0.5432098765432098
2026-04-10 14:34:13,80,48,0.6
2026-04-10 14:35:14,79,44,0.5569620253164557
2026-04-10 14:36:15,79,38,0.4810126582278481
2026-04-10 14:37:17,78,49,0.6282051282051282
2026-04-10 14:38:18,79,40,0.5063291139240507
2026-04-10 14:39:19,79,39,0.4936708860759494
2026-04-10 14:40:20,78,45,0.5769230769230769
2026-04-10 14:41:21,77,42,0.5454545454545454
2026-04-10 14:42:22,79,42,0.5316455696202531
2026-04-10 14:43:23,80,44,0.55
2026-04-10 14:44:24,77,39,0.5064935064935064
2026-04-10 14:45:25,78,46,0.5897435897435898
2026-04-10 14:46:26,79,50,0.6329113924050633
2026-04-10 14:47:27,80,41,0.5125
2026-04-10 14:48:28,79,42,0.5316455696202531
2026-04-10 14:49:29,79,48,0.6075949367088608
2026-04-10 14:50:30,79,40,0.5063291139240507
2026-04-10 14:51:32,81,46,0.5679012345679012
2026-04-10 14:52:33,83,46,0.5542168674698795
2026-04-10 14:53:34,82,41,0.5
2026-04-10 14:54:35,85,45,0.5294117647058824
2026-04-10 14:55:36,83,45,0.5421686746987951
2026-04-10 14:56:37,85,42,0.49411764705882355
2026-04-10 14:57:38,85,40,0.47058823529411764
2026-04-10 14:58:39,84,41,0.4880952380952381
2026-04-10 14:59:40,83,41,0.4939759036144578
2026-04-10 15:00:41,83,46,0.5542168674698795
2026-04-10 15:01:42,83,51,0.6144578313253012
2026-04-10 15:02:43,82,47,0.573170731707317
2026-04-10 15:03:45,82,46,0.5609756097560976
2026-04-10 15:04:46,79,46,0.5822784810126582
2026-04-10 15:05:47,81,43,0.5308641975308642
2026-04-10 15:06:48,84,48,0.5714285714285714
2026-04-10 15:07:49,82,51,0.6219512195121951
2026-04-10 15:08:50,82,41,0.5
2026-04-10 15:09:51,82,42,0.5121951219512195
2026-04-10 15:10:52,82,42,0.5121951219512195
2026-04-10 15:11:53,83,43,0.5180722891566265
2026-04-10 15:12:54,84,44,0.5238095238095238
2026-04-10 15:13:55,85,52,0.611764705882353
2026-04-10 15:14:56,86,51,0.5930232558139535
2026-04-10 15:15:57,87,49,0.5632183908045977
2026-04-10 15:16:58,88,52,0.5909090909090909
2026-04-10 15:17:59,89,48,0.5393258426966292
2026-04-10 15:19:01,88,45,0.5113636363636364
2026-04-10 15:20:02,88,45,0.5113636363636364
2026-04-10 15:21:03,88,49,0.5568181818181818
2026-04-10 15:22:04,90,46,0.5111111111111111
2026-04-10 15:23:05,88,51,0.5795454545454546
2026-04-10 15:24:06,88,45,0.5113636363636364
2026-04-10 15:25:07,87,45,0.5172413793103449
2026-04-10 15:26:09,86,44,0.5116279069767442
2026-04-10 15:27:10,86,45,0.5232558139534884
2026-04-10 15:28:11,84,45,0.5357142857142857
2026-04-10 15:29:12,86,49,0.5697674418604651
2026-04-10 15:30:13,88,49,0.5568181818181818
2026-04-10 15:31:14,88,47,0.5340909090909091
2026-04-10 15:32:15,86,40,0.46511627906976744
2026-04-10 15:33:16,86,45,0.5232558139534884
2026-04-10 15:34:17,87,49,0.5632183908045977
2026-04-10 15:35:18,87,43,0.4942528735632184
2026-04-10 15:36:20,84,38,0.4523809523809524
2026-04-10 15:37:21,84,49,0.5833333333333334
2026-04-10 15:38:22,86,44,0.5116279069767442
2026-04-10 15:39:23,88,48,0.5454545454545454
2026-04-10 15:40:24,86,49,0.5697674418604651
2026-04-10 15:41:25,87,46,0.5287356321839081
2026-04-10 15:42:26,87,46,0.5287356321839081
2026-04-10 15:43:27,88,50,0.5681818181818182
2026-04-10 15:44:29,88,44,0.5
2026-04-10 15:45:30,86,48,0.5581395348837209
2026-04-10 15:46:31,85,52,0.611764705882353
2026-04-10 15:47:32,85,45,0.5294117647058824
2026-04-10 15:48:33,84,52,0.6190476190476191
2026-04-10 15:49:34,85,52,0.611764705882353
2026-04-10 15:50:35,86,48,0.5581395348837209
2026-04-10 15:51:36,87,51,0.5862068965517241
2026-04-10 15:52:37,87,51,0.5862068965517241
2026-04-10 15:53:38,86,48,0.5581395348837209
2026-04-10 15:54:40,85,46,0.5411764705882353
2026-04-10 15:55:41,86,45,0.5232558139534884
2026-04-10 15:56:42,87,48,0.5517241379310345
2026-04-10 15:57:43,87,46,0.5287356321839081
2026-04-10 15:58:44,89,50,0.5617977528089888
2026-04-10 15:59:45,89,44,0.4943820224719101
2026-04-10 16:00:46,87,45,0.5172413793103449
2026-04-10 16:01:47,88,47,0.5340909090909091
2026-04-10 16:02:48,87,43,0.4942528735632184
2026-04-10 16:03:49,88,51,0.5795454545454546
2026-04-10 16:04:51,89,54,0.6067415730337079
2026-04-10 16:05:52,87,49,0.5632183908045977
2026-04-10 16:06:53,87,49,0.5632183908045977
2026-04-10 16:07:54,87,52,0.5977011494252874
2026-04-10 16:08:55,88,46,0.5227272727272727
2026-04-10 16:09:56,88,45,0.5113636363636364
2026-04-10 16:10:57,88,49,0.5568181818181818
2026-04-10 16:11:58,89,48,0.5393258426966292
2026-04-10 16:12:59,89,48,0.5393258426966292
2026-04-10 16:14:01,88,48,0.5454545454545454
2026-04-10 16:15:02,89,51,0.5730337078651685
2026-04-10 16:16:03,87,44,0.5057471264367817
2026-04-10 16:17:04,86,47,0.5465116279069767
2026-04-10 16:18:05,84,49,0.5833333333333334
2026-04-10 16:19:06,89,57,0.6404494382022472
2026-04-10 16:20:08,90,56,0.6222222222222222
2026-04-10 16:21:09,91,59,0.6483516483516484
2026-04-10 16:22:10,93,57,0.6129032258064516
2026-04-10 16:23:11,95,61,0.6421052631578947
2026-04-10 16:24:12,95,57,0.6
2026-04-10 16:25:13,96,52,0.5416666666666666
2026-04-10 16:26:15,98,55,0.5612244897959183
2026-04-10 16:27:16,100,51,0.51
2026-04-10 16:28:17,100,59,0.59
2026-04-10 16:29:18,98,58,0.5918367346938775
2026-04-10 16:30:20,99,60,0.6060606060606061
2026-04-10 16:31:21,99,63,0.6363636363636364
2026-04-10 16:32:22,98,55,0.5612244897959183
2026-04-10 16:33:23,95,59,0.6210526315789474
2026-04-10 16:34:24,95,62,0.6526315789473685
2026-04-10 16:35:26,95,56,0.5894736842105263
2026-04-10 16:36:27,95,60,0.631578947368421
2026-04-10 16:37:28,93,59,0.6344086021505376
2026-04-10 16:38:29,93,57,0.6129032258064516
2026-04-10 16:39:30,92,57,0.6195652173913043
2026-04-10 16:40:31,92,57,0.6195652173913043
2026-04-10 16:41:33,90,50,0.5555555555555556
2026-04-10 16:42:34,90,56,0.6222222222222222
2026-04-10 16:43:35,92,55,0.5978260869565217
2026-04-10 16:44:36,90,49,0.5444444444444444
2026-04-10 16:45:37,92,53,0.5760869565217391
2026-04-10 16:46:38,96,61,0.6354166666666666
2026-04-10 16:47:39,95,56,0.5894736842105263
2026-04-10 16:48:40,94,52,0.5531914893617021
2026-04-10 16:49:42,93,52,0.5591397849462365
2026-04-10 16:50:43,95,52,0.5473684210526316
2026-04-10 16:51:44,93,55,0.5913978494623656
2026-04-10 16:52:45,93,55,0.5913978494623656
2026-04-10 16:53:46,95,50,0.5263157894736842
2026-04-10 16:54:47,95,52,0.5473684210526316
2026-04-10 16:55:48,94,52,0.5531914893617021
2026-04-10 16:56:50,93,55,0.5913978494623656
2026-04-10 16:57:51,93,50,0.5376344086021505
2026-04-10 16:58:52,94,55,0.5851063829787234
2026-04-10 16:59:53,94,53,0.5638297872340425
2026-04-10 17:00:54,93,56,0.6021505376344086
2026-04-10 17:01:55,94,55,0.5851063829787234
2026-04-10 17:02:56,92,47,0.5108695652173914
2026-04-10 17:03:58,94,56,0.5957446808510638
2026-04-10 17:04:59,95,62,0.6526315789473685
2026-04-10 17:06:00,96,53,0.5520833333333334
2026-04-10 17:07:01,97,55,0.5670103092783505
2026-04-10 17:08:02,97,59,0.6082474226804123
2026-04-10 17:09:03,96,57,0.59375
2026-04-10 17:10:05,93,57,0.6129032258064516
2026-04-10 17:11:06,93,56,0.6021505376344086
2026-04-10 17:12:07,95,58,0.6105263157894737
2026-04-10 17:13:08,94,49,0.5212765957446809
2026-04-10 17:14:09,95,58,0.6105263157894737
2026-04-10 17:15:10,95,53,0.5578947368421052
2026-04-10 17:16:11,94,54,0.574468085106383
2026-04-10 17:17:12,95,54,0.5684210526315789
2026-04-10 17:18:13,96,53,0.5520833333333334
2026-04-10 17:19:14,97,59,0.6082474226804123
2026-04-10 17:20:16,97,55,0.5670103092783505
2026-04-10 17:21:17,96,54,0.5625
2026-04-10 17:22:18,94,55,0.5851063829787234
2026-04-10 17:23:19,95,57,0.6
2026-04-10 17:24:20,96,49,0.5104166666666666
2026-04-10 17:25:21,96,58,0.6041666666666666
2026-04-10 17:26:22,96,48,0.5
2026-04-10 17:27:23,95,50,0.5263157894736842
2026-04-10 17:28:24,95,54,0.5684210526315789
2026-04-10 17:29:25,92,45,0.4891304347826087
2026-04-10 17:30:26,92,47,0.5108695652173914
2026-04-10 17:31:28,93,56,0.6021505376344086
2026-04-10 17:32:29,94,46,0.48936170212765956
2026-04-10 17:33:30,90,46,0.5111111111111111
2026-04-10 17:34:31,90,54,0.6
2026-04-10 17:35:32,90,49,0.5444444444444444
2026-04-10 17:36:33,91,51,0.5604395604395604
2026-04-10 17:37:34,89,58,0.651685393258427
2026-04-10 17:38:35,89,47,0.5280898876404494
2026-04-10 17:39:36,88,51,0.5795454545454546
2026-04-10 17:40:37,88,55,0.625
2026-04-10 17:41:38,87,48,0.5517241379310345
2026-04-10 17:42:39,86,47,0.5465116279069767
2026-04-10 17:43:41,86,53,0.6162790697674418
2026-04-10 17:44:42,85,48,0.5647058823529412
2026-04-10 17:45:43,85,54,0.6352941176470588
2026-04-10 17:46:44,84,52,0.6190476190476191
2026-04-10 17:47:45,86,49,0.5697674418604651
2026-04-10 17:48:46,86,45,0.5232558139534884
2026-04-10 17:49:47,88,52,0.5909090909090909
2026-04-10 17:50:48,88,48,0.5454545454545454
2026-04-10 17:51:49,88,52,0.5909090909090909
2026-04-10 17:52:50,87,52,0.5977011494252874
2026-04-10 17:53:51,86,47,0.5465116279069767
2026-04-10 17:54:52,86,47,0.5465116279069767
2026-04-10 17:55:53,85,50,0.5882352941176471
2026-04-10 17:56:55,88,51,0.5795454545454546
2026-04-10 17:57:56,88,49,0.5568181818181818
2026-04-10 17:58:57,87,52,0.5977011494252874
2026-04-10 17:59:58,87,48,0.5517241379310345
2026-04-10 18:00:59,86,41,0.47674418604651164
2026-04-10 18:02:00,85,36,0.4235294117647059
2026-04-10 18:03:01,85,34,0.4
2026-04-10 18:04:02,84,44,0.5238095238095238
2026-04-10 18:05:03,84,38,0.4523809523809524
2026-04-10 18:06:04,83,37,0.4457831325301205
2026-04-10 18:07:05,78,32,0.41025641025641024
2026-04-10 18:08:06,77,38,0.4935064935064935
2026-04-10 18:09:07,76,36,0.47368421052631576
2026-04-10 18:10:08,72,38,0.5277777777777778
2026-04-10 18:11:09,71,37,0.5211267605633803
2026-04-10 18:12:10,71,36,0.5070422535211268
2026-04-10 18:13:11,71,34,0.4788732394366197
2026-04-10 18:14:12,69,39,0.5652173913043478
2026-04-10 18:15:13,68,34,0.5
2026-04-10 18:16:14,68,38,0.5588235294117647
2026-04-10 18:17:15,70,38,0.5428571428571428
2026-04-10 18:18:16,71,34,0.4788732394366197
2026-04-10 18:19:17,72,40,0.5555555555555556
2026-04-10 18:20:18,70,39,0.5571428571428572
2026-04-10 18:21:19,70,36,0.5142857142857142
2026-04-10 18:22:20,70,42,0.6
2026-04-10 18:23:21,69,37,0.5362318840579711
2026-04-10 18:24:22,70,31,0.44285714285714284
2026-04-10 18:25:23,70,39,0.5571428571428572
2026-04-10 18:26:24,70,36,0.5142857142857142
2026-04-10 18:27:25,70,36,0.5142857142857142
2026-04-10 18:28:26,72,45,0.625
2026-04-10 18:29:27,71,36,0.5070422535211268
2026-04-10 18:30:28,70,38,0.5428571428571428
2026-04-10 18:31:29,70,39,0.5571428571428572
2026-04-10 18:32:30,70,32,0.45714285714285713
2026-04-10 18:33:31,67,37,0.5522388059701493
2026-04-10 18:34:32,66,36,0.5454545454545454
2026-04-10 18:35:33,67,35,0.5223880597014925
2026-04-10 18:36:33,67,33,0.4925373134328358
2026-04-10 18:37:34,67,33,0.4925373134328358
2026-04-10 18:38:35,67,32,0.47761194029850745
2026-04-10 18:39:36,68,33,0.4852941176470588
2026-04-10 18:40:37,67,29,0.43283582089552236
2026-04-10 18:41:38,67,32,0.47761194029850745
2026-04-10 18:42:39,67,33,0.4925373134328358
2026-04-10 18:43:40,67,30,0.44776119402985076
2026-04-10 18:44:41,68,31,0.45588235294117646
2026-04-10 18:45:42,67,34,0.5074626865671642
2026-04-10 18:46:43,66,36,0.5454545454545454
2026-04-10 18:47:44,66,34,0.5151515151515151
2026-04-10 18:48:45,66,34,0.5151515151515151
2026-04-10 18:49:46,65,31,0.47692307692307695
2026-04-10 18:50:47,65,35,0.5384615384615384
2026-04-10 18:51:48,67,39,0.582089552238806
2026-04-10 18:52:49,67,35,0.5223880597014925
2026-04-10 18:53:50,68,34,0.5
2026-04-10 18:54:50,68,30,0.4411764705882353
2026-04-10 18:55:51,68,35,0.5147058823529411
2026-04-10 18:56:52,68,34,0.5
2026-04-10 18:57:53,69,31,0.4492753623188406
2026-04-10 18:58:54,68,35,0.5147058823529411
2026-04-10 18:59:55,67,31,0.4626865671641791
2026-04-10 19:00:56,67,31,0.4626865671641791
2026-04-10 19:01:57,67,33,0.4925373134328358
2026-04-10 19:02:58,65,29,0.4461538461538462
2026-04-10 19:03:59,65,32,0.49230769230769234
2026-04-10 19:05:00,64,34,0.53125
2026-04-10 19:06:01,63,32,0.5079365079365079
2026-04-10 19:07:02,60,32,0.5333333333333333
2026-04-10 19:08:03,61,34,0.5573770491803278
2026-04-10 19:09:04,61,32,0.5245901639344263
2026-04-10 19:10:05,60,32,0.5333333333333333
2026-04-10 19:11:06,61,35,0.5737704918032787
2026-04-10 19:12:07,61,34,0.5573770491803278
2026-04-10 19:13:08,61,34,0.5573770491803278
2026-04-10 19:14:09,61,36,0.5901639344262295
2026-04-10 19:15:09,62,38,0.6129032258064516
2026-04-10 19:16:10,62,35,0.5645161290322581
2026-04-10 19:17:11,62,35,0.5645161290322581
2026-04-10 19:18:12,62,36,0.5806451612903226
2026-04-10 19:19:13,62,36,0.5806451612903226
2026-04-10 19:20:14,63,35,0.5555555555555556
2026-04-10 19:21:15,63,32,0.5079365079365079
2026-04-10 19:22:16,62,39,0.6290322580645161
2026-04-10 19:23:17,63,36,0.5714285714285714
2026-04-10 19:24:18,63,35,0.5555555555555556
2026-04-10 19:25:19,62,40,0.6451612903225806
2026-04-10 19:26:20,63,38,0.6031746031746031
2026-04-10 19:27:21,63,40,0.6349206349206349
2026-04-10 19:28:22,64,42,0.65625
2026-04-10 19:29:23,65,40,0.6153846153846154
2026-04-10 19:30:24,65,37,0.5692307692307692
2026-04-10 19:31:25,65,44,0.676923076923077
2026-04-10 19:32:26,65,35,0.5384615384615384
2026-04-10 19:33:27,65,40,0.6153846153846154
2026-04-10 19:34:28,66,44,0.6666666666666666
2026-04-10 19:35:29,66,41,0.6212121212121212
2026-04-10 19:36:30,67,43,0.6417910447761194
2026-04-10 19:37:31,67,45,0.6716417910447762
2026-04-10 19:38:32,70,42,0.6
2026-04-10 19:39:33,69,43,0.6231884057971014
2026-04-10 19:40:33,69,44,0.6376811594202898
2026-04-10 19:41:34,69,37,0.5362318840579711
2026-04-10 19:42:35,69,43,0.6231884057971014
2026-04-10 19:43:36,69,47,0.6811594202898551
2026-04-10 19:44:37,69,40,0.5797101449275363
2026-04-10 19:45:38,69,43,0.6231884057971014
2026-04-10 19:46:39,70,46,0.6571428571428571
2026-04-10 19:47:40,71,43,0.6056338028169014
2026-04-10 19:48:41,71,44,0.6197183098591549
2026-04-10 19:49:42,70,44,0.6285714285714286
2026-04-10 19:50:43,71,43,0.6056338028169014
2026-04-10 19:51:44,71,42,0.5915492957746479
2026-04-10 19:52:45,72,50,0.6944444444444444
2026-04-10 19:53:46,73,45,0.6164383561643836
2026-04-10 19:54:47,74,45,0.6081081081081081
2026-04-10 19:55:48,74,47,0.6351351351351351
2026-04-10 19:56:49,74,38,0.5135135135135135
2026-04-10 19:57:50,73,45,0.6164383561643836
2026-04-10 19:58:51,73,48,0.6575342465753424
2026-04-10 19:59:52,72,41,0.5694444444444444
2026-04-10 20:00:53,73,44,0.6027397260273972
2026-04-10 20:01:54,73,46,0.6301369863013698
2026-04-10 20:02:55,73,43,0.589041095890411
2026-04-10 20:03:56,72,46,0.6388888888888888
2026-04-10 20:04:57,71,42,0.5915492957746479
2026-04-10 20:05:58,70,42,0.6
2026-04-10 20:06:59,70,47,0.6714285714285714
2026-04-10 20:08:00,70,47,0.6714285714285714
2026-04-10 20:09:01,70,39,0.5571428571428572
2026-04-10 20:10:02,70,47,0.6714285714285714
2026-04-10 20:11:03,70,42,0.6
2026-04-10 20:12:04,71,44,0.6197183098591549
2026-04-10 20:13:05,70,47,0.6714285714285714
2026-04-10 20:14:06,71,45,0.6338028169014085
2026-04-10 20:15:07,71,42,0.5915492957746479
2026-04-10 20:16:08,71,46,0.647887323943662
2026-04-10 20:17:09,72,46,0.6388888888888888
2026-04-10 20:18:10,72,43,0.5972222222222222
2026-04-10 20:19:11,72,48,0.6666666666666666
2026-04-10 20:20:12,72,42,0.5833333333333334
2026-04-10 20:21:13,73,45,0.6164383561643836
2026-04-10 20:22:14,73,46,0.6301369863013698
2026-04-10 20:23:15,74,42,0.5675675675675675
2026-04-10 20:24:16,72,44,0.6111111111111112
2026-04-10 20:25:17,72,46,0.6388888888888888
2026-04-10 20:26:18,73,45,0.6164383561643836
2026-04-10 20:27:20,73,42,0.5753424657534246
2026-04-10 20:28:21,72,49,0.6805555555555556
2026-04-10 20:29:22,72,42,0.5833333333333334
2026-04-10 20:30:23,72,43,0.5972222222222222
2026-04-10 20:31:24,72,44,0.6111111111111112
2026-04-10 20:32:25,71,39,0.5492957746478874
2026-04-10 20:33:26,71,44,0.6197183098591549
2026-04-10 20:34:27,71,46,0.647887323943662
2026-04-10 20:35:28,71,36,0.5070422535211268
2026-04-10 20:36:29,71,40,0.5633802816901409
2026-04-10 20:37:29,71,40,0.5633802816901409
2026-04-10 20:38:30,71,37,0.5211267605633803
2026-04-10 20:39:31,71,44,0.6197183098591549
2026-04-10 20:40:32,71,39,0.5492957746478874
2026-04-10 20:41:33,70,37,0.5285714285714286
2026-04-10 20:42:34,70,42,0.6
2026-04-10 20:43:35,69,36,0.5217391304347826
2026-04-10 20:44:36,69,37,0.5362318840579711
2026-04-10 20:45:37,68,41,0.6029411764705882
2026-04-10 20:46:38,68,40,0.5882352941176471
2026-04-10 20:47:39,69,37,0.5362318840579711
2026-04-10 20:48:40,69,38,0.5507246376811594
2026-04-10 20:49:41,69,38,0.5507246376811594
2026-04-10 20:50:42,70,33,0.4714285714285714
2026-04-10 20:51:43,69,40,0.5797101449275363
2026-04-10 20:52:44,69,40,0.5797101449275363
2026-04-10 20:53:45,70,35,0.5
2026-04-10 20:54:46,70,35,0.5
2026-04-10 20:55:47,68,36,0.5294117647058824
2026-04-10 20:56:48,68,37,0.5441176470588235
2026-04-10 20:57:49,66,39,0.5909090909090909
2026-04-10 20:58:50,67,41,0.6119402985074627
2026-04-10 20:59:51,66,35,0.5303030303030303
2026-04-10 21:00:52,66,37,0.5606060606060606
2026-04-10 21:01:53,66,39,0.5909090909090909
2026-04-10 21:02:54,66,34,0.5151515151515151
2026-04-10 21:03:55,66,40,0.6060606060606061
2026-04-10 21:04:56,66,38,0.5757575757575758
2026-04-10 21:05:57,66,32,0.48484848484848486
2026-04-10 21:06:58,66,40,0.6060606060606061
2026-04-10 21:07:59,66,32,0.48484848484848486
2026-04-10 21:09:00,68,37,0.5441176470588235
2026-04-10 21:10:01,66,38,0.5757575757575758
2026-04-10 21:11:02,66,36,0.5454545454545454
2026-04-10 21:12:03,65,35,0.5384615384615384
2026-04-10 21:13:04,66,39,0.5909090909090909
2026-04-10 21:14:05,68,35,0.5147058823529411
2026-04-10 21:15:06,68,36,0.5294117647058824
2026-04-10 21:16:06,68,42,0.6176470588235294
2026-04-10 21:17:08,68,34,0.5
2026-04-10 21:18:08,67,32,0.47761194029850745
2026-04-10 21:19:09,67,34,0.5074626865671642
2026-04-10 21:20:10,66,29,0.4393939393939394
2026-04-10 21:21:11,66,33,0.5
2026-04-10 21:22:12,65,38,0.5846153846153846
2026-04-10 21:23:13,65,34,0.5230769230769231
2026-04-10 21:24:14,66,37,0.5606060606060606
2026-04-10 21:25:15,65,40,0.6153846153846154
2026-04-10 21:26:16,66,38,0.5757575757575758
2026-04-10 21:27:17,66,40,0.6060606060606061
2026-04-10 21:28:18,67,42,0.6268656716417911
2026-04-10 21:29:19,66,38,0.5757575757575758
2026-04-10 21:30:20,67,39,0.582089552238806
2026-04-10 21:31:21,66,40,0.6060606060606061
2026-04-10 21:32:22,66,36,0.5454545454545454
2026-04-10 21:33:23,67,39,0.582089552238806
2026-04-10 21:34:24,70,44,0.6285714285714286
2026-04-10 21:35:25,70,41,0.5857142857142857
2026-04-10 21:36:26,71,44,0.6197183098591549
2026-04-10 21:37:27,70,39,0.5571428571428572
2026-04-10 21:38:28,70,40,0.5714285714285714
2026-04-10 21:39:29,71,44,0.6197183098591549
2026-04-10 21:40:30,70,43,0.6142857142857143
2026-04-10 21:41:31,71,41,0.5774647887323944
2026-04-10 21:42:32,72,46,0.6388888888888888
2026-04-10 21:43:33,73,44,0.6027397260273972
2026-04-10 21:44:34,71,39,0.5492957746478874
2026-04-10 21:45:35,72,44,0.6111111111111112
2026-04-10 21:46:36,73,38,0.5205479452054794
2026-04-10 21:47:37,73,36,0.4931506849315068
2026-04-10 21:48:38,75,46,0.6133333333333333
2026-04-10 21:49:39,74,40,0.5405405405405406
2026-04-10 21:50:40,74,39,0.527027027027027
2026-04-10 21:51:41,74,43,0.581081081081081
2026-04-10 21:52:42,75,40,0.5333333333333333
2026-04-10 21:53:43,75,40,0.5333333333333333
2026-04-10 21:54:44,76,46,0.6052631578947368
2026-04-10 21:55:45,75,39,0.52
2026-04-10 21:56:46,74,37,0.5
2026-04-10 21:57:47,74,39,0.527027027027027
2026-04-10 21:58:48,74,37,0.5
2026-04-10 21:59:49,73,42,0.5753424657534246
2026-04-10 22:00:50,73,42,0.5753424657534246
2026-04-10 22:01:51,71,40,0.5633802816901409
2026-04-10 22:02:52,72,39,0.5416666666666666
2026-04-10 22:03:53,72,44,0.6111111111111112
2026-04-10 22:04:54,70,41,0.5857142857142857
2026-04-10 22:05:55,72,37,0.5138888888888888
2026-04-10 22:06:56,72,42,0.5833333333333334
2026-04-10 22:07:57,72,39,0.5416666666666666
2026-04-10 22:08:58,72,36,0.5
2026-04-10 22:09:58,71,43,0.6056338028169014
2026-04-10 22:10:59,72,35,0.4861111111111111
2026-04-10 22:12:01,72,37,0.5138888888888888
2026-04-10 22:13:02,73,43,0.589041095890411
2026-04-10 22:14:03,74,41,0.5540540540540541
2026-04-10 22:15:04,74,37,0.5
2026-04-10 22:16:05,73,44,0.6027397260273972
2026-04-10 22:17:06,70,38,0.5428571428571428
2026-04-10 22:18:07,70,36,0.5142857142857142
2026-04-10 22:19:08,70,37,0.5285714285714286
2026-04-10 22:20:09,70,37,0.5285714285714286
2026-04-10 22:21:10,69,34,0.4927536231884058
2026-04-10 22:22:11,68,38,0.5588235294117647
2026-04-10 22:23:11,69,36,0.5217391304347826
2026-04-10 22:24:12,70,37,0.5285714285714286
2026-04-10 22:25:13,70,38,0.5428571428571428
2026-04-10 22:26:14,69,34,0.4927536231884058
2026-04-10 22:27:15,68,37,0.5441176470588235
2026-04-10 22:28:16,69,36,0.5217391304347826
2026-04-10 22:29:17,68,34,0.5
2026-04-10 22:30:18,70,34,0.4857142857142857
2026-04-10 22:31:19,70,33,0.4714285714285714
2026-04-10 22:32:20,71,34,0.4788732394366197
2026-04-10 22:33:21,72,38,0.5277777777777778
2026-04-10 22:34:22,71,39,0.5492957746478874
2026-04-10 22:35:23,72,33,0.4583333333333333
2026-04-10 22:36:24,72,41,0.5694444444444444
2026-04-10 22:37:25,71,40,0.5633802816901409
2026-04-10 22:38:26,71,36,0.5070422535211268
2026-04-10 22:39:27,70,42,0.6
2026-04-10 22:40:28,70,37,0.5285714285714286
2026-04-10 22:41:29,70,33,0.4714285714285714
2026-04-10 22:42:30,69,39,0.5652173913043478
2026-04-10 22:43:31,71,32,0.4507042253521127
2026-04-10 22:44:32,69,31,0.4492753623188406
2026-04-10 22:45:33,69,37,0.5362318840579711
2026-04-10 22:46:34,70,36,0.5142857142857142
2026-04-10 22:47:35,70,34,0.4857142857142857
2026-04-10 22:48:36,69,37,0.5362318840579711
2026-04-10 22:49:37,68,28,0.4117647058823529
2026-04-10 22:50:37,67,29,0.43283582089552236
2026-04-10 22:51:38,69,41,0.5942028985507246
2026-04-10 22:52:39,69,35,0.5072463768115942
2026-04-10 22:53:40,67,35,0.5223880597014925
2026-04-10 22:54:41,67,40,0.5970149253731343
2026-04-10 22:55:42,68,39,0.5735294117647058
2026-04-10 22:56:43,69,34,0.4927536231884058
2026-04-10 22:57:44,69,40,0.5797101449275363
2026-04-10 22:58:45,69,38,0.5507246376811594
2026-04-10 22:59:46,70,36,0.5142857142857142
2026-04-10 23:00:47,71,40,0.5633802816901409
2026-04-10 23:01:48,70,40,0.5714285714285714
2026-04-10 23:02:49,70,36,0.5142857142857142
2026-04-10 23:03:50,69,43,0.6231884057971014
2026-04-10 23:04:51,71,38,0.5352112676056338
2026-04-10 23:05:52,70,36,0.5142857142857142
2026-04-10 23:06:53,70,42,0.6
2026-04-10 23:07:54,69,42,0.6086956521739131
2026-04-10 23:08:55,68,35,0.5147058823529411
2026-04-10 23:09:56,69,44,0.6376811594202898
2026-04-10 23:10:57,69,41,0.5942028985507246
2026-04-10 23:11:58,69,37,0.5362318840579711
2026-04-10 23:12:59,70,43,0.6142857142857143
2026-04-10 23:14:00,70,36,0.5142857142857142
2026-04-10 23:15:01,69,35,0.5072463768115942
2026-04-10 23:16:02,71,44,0.6197183098591549
2026-04-10 23:17:03,70,39,0.5571428571428572
2026-04-10 23:18:04,71,35,0.49295774647887325
2026-04-10 23:19:05,70,41,0.5857142857142857
2026-04-10 23:20:06,70,36,0.5142857142857142
2026-04-10 23:21:07,70,37,0.5285714285714286
2026-04-10 23:22:08,68,40,0.5882352941176471
2026-04-10 23:23:09,67,36,0.5373134328358209
2026-04-10 23:24:10,68,32,0.47058823529411764
2026-04-10 23:25:11,68,37,0.5441176470588235
2026-04-10 23:26:12,68,35,0.5147058823529411
2026-04-10 23:27:13,68,34,0.5
2026-04-10 23:28:14,68,39,0.5735294117647058
2026-04-10 23:29:15,68,33,0.4852941176470588
2026-04-10 23:30:15,69,31,0.4492753623188406
2026-04-10 23:31:16,68,33,0.4852941176470588
2026-04-10 23:32:17,68,34,0.5
2026-04-10 23:33:18,68,34,0.5
2026-04-10 23:34:19,66,40,0.6060606060606061
2026-04-10 23:35:20,66,31,0.4696969696969697
2026-04-10 23:36:21,65,34,0.5230769230769231
2026-04-10 23:37:22,65,35,0.5384615384615384
2026-04-10 23:38:23,62,31,0.5
2026-04-10 23:39:24,62,36,0.5806451612903226
2026-04-10 23:40:25,62,37,0.5967741935483871
2026-04-10 23:41:26,62,30,0.4838709677419355
2026-04-10 23:42:27,63,34,0.5396825396825397
2026-04-10 23:43:28,62,34,0.5483870967741935
2026-04-10 23:44:28,62,31,0.5
2026-04-10 23:45:29,62,31,0.5
2026-04-10 23:46:30,61,32,0.5245901639344263
2026-04-10 23:47:31,61,27,0.4426229508196721
2026-04-10 23:48:32,62,30,0.4838709677419355
2026-04-10 23:49:33,61,30,0.4918032786885246
2026-04-10 23:50:34,61,27,0.4426229508196721
2026-04-10 23:51:35,60,31,0.5166666666666667
2026-04-10 23:52:36,60,31,0.5166666666666667
2026-04-10 23:53:37,60,28,0.4666666666666667
2026-04-10 23:54:38,59,31,0.5254237288135594
2026-04-10 23:55:39,60,30,0.5
2026-04-10 23:56:40,59,28,0.4745762711864407
2026-04-10 23:57:40,59,29,0.4915254237288136
2026-04-10 23:58:41,58,26,0.4482758620689655
2026-04-10 23:59:42,58,26,0.4482758620689655
2026-04-11 00:00:43,57,31,0.543859649122807
2026-04-11 00:01:44,57,29,0.5087719298245614
2026-04-11 00:02:45,57,25,0.43859649122807015
2026-04-11 00:03:46,57,31,0.543859649122807
2026-04-11 00:04:47,57,34,0.5964912280701754
2026-04-11 00:05:48,57,29,0.5087719298245614
2026-04-11 00:06:49,57,28,0.49122807017543857
2026-04-11 00:07:49,57,30,0.5263157894736842
2026-04-11 00:08:50,58,29,0.5
2026-04-11 00:09:51,58,29,0.5
2026-04-11 00:10:52,58,32,0.5517241379310345
2026-04-11 00:11:53,59,26,0.4406779661016949
2026-04-11 00:12:54,59,34,0.576271186440678
2026-04-11 00:13:55,60,30,0.5
2026-04-11 00:14:56,60,28,0.4666666666666667
2026-04-11 00:15:57,62,37,0.5967741935483871
2026-04-11 00:16:57,61,30,0.4918032786885246
2026-04-11 00:17:58,59,28,0.4745762711864407
2026-04-11 00:18:59,59,32,0.5423728813559322
2026-04-11 00:20:00,60,28,0.4666666666666667
2026-04-11 00:21:01,61,27,0.4426229508196721
2026-04-11 00:22:02,61,30,0.4918032786885246
2026-04-11 00:23:03,62,30,0.4838709677419355
2026-04-11 00:24:04,63,26,0.4126984126984127
2026-04-11 00:25:05,62,33,0.532258064516129
2026-04-11 00:26:06,60,28,0.4666666666666667
2026-04-11 00:27:07,60,25,0.4166666666666667
2026-04-11 00:28:08,61,33,0.5409836065573771
2026-04-11 00:29:09,62,30,0.4838709677419355
2026-04-11 00:30:09,64,29,0.453125
2026-04-11 00:31:10,63,32,0.5079365079365079
2026-04-11 00:32:11,63,29,0.4603174603174603
2026-04-11 00:33:12,64,29,0.453125
2026-04-11 00:34:13,64,32,0.5
2026-04-11 00:35:14,63,29,0.4603174603174603
2026-04-11 00:36:15,63,28,0.4444444444444444
2026-04-11 00:37:16,63,37,0.5873015873015873
2026-04-11 00:38:17,62,33,0.532258064516129
2026-04-11 00:39:18,62,33,0.532258064516129
2026-04-11 00:40:19,63,41,0.6507936507936508
2026-04-11 00:41:20,63,31,0.49206349206349204
2026-04-11 00:42:21,63,35,0.5555555555555556
2026-04-11 00:43:22,63,38,0.6031746031746031
2026-04-11 00:44:22,64,31,0.484375
2026-04-11 00:45:23,64,28,0.4375
2026-04-11 00:46:24,64,35,0.546875
2026-04-11 00:47:25,63,28,0.4444444444444444
2026-04-11 00:48:26,64,35,0.546875
2026-04-11 00:49:27,64,31,0.484375
2026-04-11 00:50:28,64,27,0.421875
2026-04-11 00:51:29,64,32,0.5
2026-04-11 00:52:30,64,33,0.515625
2026-04-11 00:53:31,63,27,0.42857142857142855
2026-04-11 00:54:32,63,35,0.5555555555555556
2026-04-11 00:55:32,63,35,0.5555555555555556
2026-04-11 00:56:33,62,26,0.41935483870967744
2026-04-11 00:57:34,62,34,0.5483870967741935
2026-04-11 00:58:35,60,30,0.5
2026-04-11 00:59:36,59,28,0.4745762711864407
2026-04-11 01:00:37,58,33,0.5689655172413793
2026-04-11 01:01:38,58,31,0.5344827586206896
2026-04-11 01:02:39,58,26,0.4482758620689655
2026-04-11 01:03:40,58,31,0.5344827586206896
2026-04-11 01:04:40,58,31,0.5344827586206896
2026-04-11 01:05:41,55,26,0.4727272727272727
2026-04-11 01:06:42,55,28,0.509090909090909
2026-04-11 01:07:43,55,25,0.45454545454545453
2026-04-11 01:08:44,55,23,0.41818181818181815
2026-04-11 01:09:45,55,29,0.5272727272727272
2026-04-11 01:10:46,54,26,0.48148148148148145
2026-04-11 01:11:47,53,23,0.4339622641509434
2026-04-11 01:12:47,54,26,0.48148148148148145
2026-04-11 01:13:48,53,24,0.4528301886792453
2026-04-11 01:14:49,54,22,0.4074074074074074
2026-04-11 01:15:50,53,23,0.4339622641509434
2026-04-11 01:16:51,53,26,0.49056603773584906
2026-04-11 01:17:52,53,26,0.49056603773584906
2026-04-11 01:18:53,55,28,0.509090909090909
2026-04-11 01:19:54,56,29,0.5178571428571429
2026-04-11 01:20:55,56,24,0.42857142857142855
2026-04-11 01:21:55,56,29,0.5178571428571429
2026-04-11 01:22:56,56,24,0.42857142857142855
2026-04-11 01:23:57,55,22,0.4
2026-04-11 01:24:58,56,26,0.4642857142857143
2026-04-11 01:25:59,56,26,0.4642857142857143
2026-04-11 01:27:00,56,26,0.4642857142857143
2026-04-11 01:28:00,56,26,0.4642857142857143
2026-04-11 01:29:01,56,25,0.44642857142857145
2026-04-11 01:30:02,54,23,0.42592592592592593
2026-04-11 01:31:03,53,30,0.5660377358490566
2026-04-11 01:32:04,55,29,0.5272727272727272
2026-04-11 01:33:05,56,29,0.5178571428571429
2026-04-11 01:34:06,56,34,0.6071428571428571
2026-04-11 01:35:07,55,31,0.5636363636363636
2026-04-11 01:36:08,55,26,0.4727272727272727
2026-04-11 01:37:09,56,30,0.5357142857142857
2026-04-11 01:38:09,56,29,0.5178571428571429
2026-04-11 01:39:10,57,24,0.42105263157894735
2026-04-11 01:40:11,57,29,0.5087719298245614
2026-04-11 01:41:12,57,26,0.45614035087719296
2026-04-11 01:42:13,57,25,0.43859649122807015
2026-04-11 01:43:14,57,28,0.49122807017543857
2026-04-11 01:44:15,56,26,0.4642857142857143
2026-04-11 01:45:16,56,23,0.4107142857142857
2026-04-11 01:46:16,56,29,0.5178571428571429
2026-04-11 01:47:17,54,25,0.46296296296296297
2026-04-11 01:48:18,53,25,0.4716981132075472
2026-04-11 01:49:19,53,28,0.5283018867924528
2026-04-11 01:50:20,52,21,0.40384615384615385
2026-04-11 01:51:21,53,26,0.49056603773584906
2026-04-11 01:52:22,52,30,0.5769230769230769
2026-04-11 01:53:22,52,23,0.4423076923076923
2026-04-11 01:54:23,52,27,0.5192307692307693
2026-04-11 01:55:24,52,25,0.4807692307692308
2026-04-11 01:56:25,52,21,0.40384615384615385
2026-04-11 01:57:26,53,29,0.5471698113207547
2026-04-11 01:58:27,53,28,0.5283018867924528
2026-04-11 01:59:28,53,25,0.4716981132075472
2026-04-11 02:00:28,53,28,0.5283018867924528
2026-04-11 02:01:29,53,27,0.5094339622641509
2026-04-11 02:02:30,52,19,0.36538461538461536
2026-04-11 02:03:31,52,26,0.5
2026-04-11 02:04:32,53,28,0.5283018867924528
2026-04-11 02:05:33,53,22,0.41509433962264153
2026-04-11 02:06:34,53,25,0.4716981132075472
2026-04-11 02:07:34,51,24,0.47058823529411764
2026-04-11 02:08:35,51,22,0.43137254901960786
2026-04-11 02:09:36,51,27,0.5294117647058824
2026-04-11 02:10:37,50,27,0.54
2026-04-11 02:11:38,49,20,0.40816326530612246
2026-04-11 02:12:39,50,28,0.56
2026-04-11 02:13:40,51,26,0.5098039215686274
2026-04-11 02:14:40,52,22,0.4230769230769231
2026-04-11 02:15:41,52,28,0.5384615384615384
2026-04-11 02:16:42,52,28,0.5384615384615384
2026-04-11 02:17:43,52,24,0.46153846153846156
2026-04-11 02:18:44,52,29,0.5576923076923077
2026-04-11 02:19:45,52,29,0.5576923076923077
2026-04-11 02:20:46,52,24,0.46153846153846156
2026-04-11 02:21:46,52,29,0.5576923076923077
2026-04-11 02:22:47,52,26,0.5
2026-04-11 02:23:48,51,24,0.47058823529411764
2026-04-11 02:24:49,51,29,0.5686274509803921
2026-04-11 02:25:50,51,26,0.5098039215686274
2026-04-11 02:26:51,51,24,0.47058823529411764
2026-04-11 02:27:52,52,29,0.5576923076923077
2026-04-11 02:28:53,52,27,0.5192307692307693
2026-04-11 02:29:53,52,25,0.4807692307692308
2026-04-11 02:30:54,54,30,0.5555555555555556
2026-04-11 02:31:55,54,24,0.4444444444444444
2026-04-11 02:32:56,55,21,0.38181818181818183
2026-04-11 02:33:57,55,29,0.5272727272727272
2026-04-11 02:34:58,55,25,0.45454545454545453
2026-04-11 02:35:59,55,24,0.43636363636363634
2026-04-11 02:37:00,55,27,0.4909090909090909
2026-04-11 02:38:00,54,28,0.5185185185185185
2026-04-11 02:39:01,52,24,0.46153846153846156
2026-04-11 02:40:02,52,31,0.5961538461538461
2026-04-11 02:41:03,52,25,0.4807692307692308
2026-04-11 02:42:04,53,22,0.41509433962264153
2026-04-11 02:43:05,54,25,0.46296296296296297
2026-04-11 02:44:06,54,24,0.4444444444444444
2026-04-11 02:45:07,55,23,0.41818181818181815
2026-04-11 02:46:08,55,29,0.5272727272727272
2026-04-11 02:47:08,54,26,0.48148148148148145
2026-04-11 02:48:09,55,23,0.41818181818181815
2026-04-11 02:49:10,55,27,0.4909090909090909
2026-04-11 02:50:11,54,27,0.5
2026-04-11 02:51:12,53,25,0.4716981132075472
2026-04-11 02:52:13,53,28,0.5283018867924528
2026-04-11 02:53:14,54,25,0.46296296296296297
2026-04-11 02:54:14,53,25,0.4716981132075472
2026-04-11 02:55:15,53,27,0.5094339622641509
2026-04-11 02:56:16,53,27,0.5094339622641509
2026-04-11 02:57:17,53,25,0.4716981132075472
2026-04-11 02:58:18,53,28,0.5283018867924528
2026-04-11 02:59:19,52,24,0.46153846153846156
2026-04-11 03:00:20,52,29,0.5576923076923077
2026-04-11 03:01:21,52,29,0.5576923076923077
2026-04-11 03:02:21,52,19,0.36538461538461536
2026-04-11 03:03:22,52,28,0.5384615384615384
2026-04-11 03:04:23,52,27,0.5192307692307693
2026-04-11 03:05:24,52,23,0.4423076923076923
2026-04-11 03:06:25,52,28,0.5384615384615384
2026-04-11 03:07:26,52,30,0.5769230769230769
2026-04-11 03:08:27,52,21,0.40384615384615385
2026-04-11 03:09:27,52,26,0.5
2026-04-11 03:10:28,52,26,0.5
2026-04-11 03:11:29,52,23,0.4423076923076923
2026-04-11 03:12:30,52,25,0.4807692307692308
2026-04-11 03:13:31,52,23,0.4423076923076923
2026-04-11 03:14:32,52,19,0.36538461538461536
2026-04-11 03:15:33,51,27,0.5294117647058824
2026-04-11 03:16:33,51,28,0.5490196078431373
2026-04-11 03:17:34,50,21,0.42
2026-04-11 03:18:35,51,27,0.5294117647058824
2026-04-11 03:19:36,50,27,0.54
2026-04-11 03:20:37,52,21,0.40384615384615385
2026-04-11 03:21:38,52,29,0.5576923076923077
2026-04-11 03:22:39,52,25,0.4807692307692308
2026-04-11 03:23:39,52,22,0.4230769230769231
2026-04-11 03:24:40,53,29,0.5471698113207547
2026-04-11 03:25:41,53,25,0.4716981132075472
2026-04-11 03:26:42,52,20,0.38461538461538464
2026-04-11 03:27:43,53,30,0.5660377358490566
2026-04-11 03:28:44,53,22,0.41509433962264153
2026-04-11 03:29:45,53,24,0.4528301886792453
2026-04-11 03:30:46,53,28,0.5283018867924528
2026-04-11 03:31:46,53,27,0.5094339622641509
2026-04-11 03:32:47,53,23,0.4339622641509434
2026-04-11 03:33:48,53,28,0.5283018867924528
2026-04-11 03:34:49,51,25,0.49019607843137253
2026-04-11 03:35:50,50,24,0.48
2026-04-11 03:36:51,51,28,0.5490196078431373
2026-04-11 03:37:52,50,25,0.5
2026-04-11 03:38:52,50,22,0.44
2026-04-11 03:39:53,50,30,0.6
2026-04-11 03:40:54,51,25,0.49019607843137253
2026-04-11 03:41:55,51,23,0.45098039215686275
2026-04-11 03:42:56,52,28,0.5384615384615384
2026-04-11 03:43:57,52,22,0.4230769230769231
2026-04-11 03:44:58,52,23,0.4423076923076923
2026-04-11 03:45:58,53,29,0.5471698113207547
2026-04-11 03:46:59,53,24,0.4528301886792453
2026-04-11 03:48:00,55,25,0.45454545454545453
2026-04-11 03:49:01,55,30,0.5454545454545454
2026-04-11 03:50:02,55,26,0.4727272727272727
2026-04-11 03:51:03,54,22,0.4074074074074074
2026-04-11 03:52:04,55,29,0.5272727272727272
2026-04-11 03:53:05,58,29,0.5
2026-04-11 03:54:06,58,28,0.4827586206896552
2026-04-11 03:55:07,58,28,0.4827586206896552
2026-04-11 03:56:08,58,25,0.43103448275862066
2026-04-11 03:57:08,60,26,0.43333333333333335
2026-04-11 03:58:09,60,32,0.5333333333333333
2026-04-11 03:59:10,60,30,0.5
2026-04-11 04:00:11,59,29,0.4915254237288136
2026-04-11 04:01:12,59,31,0.5254237288135594
2026-04-11 04:02:13,59,29,0.4915254237288136
2026-04-11 04:03:14,59,25,0.423728813559322
2026-04-11 04:04:15,61,35,0.5737704918032787
2026-04-11 04:05:16,60,26,0.43333333333333335
2026-04-11 04:06:17,60,31,0.5166666666666667
2026-04-11 04:07:18,60,30,0.5
2026-04-11 04:08:18,60,29,0.48333333333333334
2026-04-11 04:09:19,61,30,0.4918032786885246
2026-04-11 04:10:20,61,33,0.5409836065573771
2026-04-11 04:11:21,60,27,0.45
2026-04-11 04:12:22,60,36,0.6
2026-04-11 04:13:23,61,35,0.5737704918032787
2026-04-11 04:14:24,61,29,0.47540983606557374
2026-04-11 04:15:25,61,35,0.5737704918032787
2026-04-11 04:16:26,61,33,0.5409836065573771
2026-04-11 04:17:27,61,28,0.45901639344262296
2026-04-11 04:18:28,62,38,0.6129032258064516
2026-04-11 04:19:29,62,33,0.532258064516129
2026-04-11 04:20:30,62,26,0.41935483870967744
2026-04-11 04:21:30,62,35,0.5645161290322581
2026-04-11 04:22:31,63,34,0.5396825396825397
2026-04-11 04:23:32,62,26,0.41935483870967744
2026-04-11 04:24:33,63,35,0.5555555555555556
2026-04-11 04:25:34,65,31,0.47692307692307695
2026-04-11 04:26:35,64,27,0.421875
2026-04-11 04:27:36,64,35,0.546875
2026-04-11 04:28:37,63,33,0.5238095238095238
2026-04-11 04:29:38,62,23,0.3709677419354839
2026-04-11 04:30:39,62,33,0.532258064516129
2026-04-11 04:31:40,61,30,0.4918032786885246
2026-04-11 04:32:41,61,26,0.4262295081967213
2026-04-11 04:33:42,61,34,0.5573770491803278
2026-04-11 04:34:43,64,35,0.546875
2026-04-11 04:35:44,64,32,0.5
2026-04-11 04:36:44,65,38,0.5846153846153846
2026-04-11 04:37:45,63,35,0.5555555555555556
2026-04-11 04:38:46,63,33,0.5238095238095238
2026-04-11 04:39:47,62,36,0.5806451612903226
2026-04-11 04:40:48,62,33,0.532258064516129
2026-04-11 04:41:49,62,32,0.5161290322580645
2026-04-11 04:42:50,62,35,0.5645161290322581
2026-04-11 04:43:51,63,34,0.5396825396825397
2026-04-11 04:44:52,66,35,0.5303030303030303
2026-04-11 04:45:53,66,39,0.5909090909090909
2026-04-11 04:46:54,66,34,0.5151515151515151
2026-04-11 04:47:55,66,33,0.5
2026-04-11 04:48:56,67,37,0.5522388059701493
2026-04-11 04:49:57,67,36,0.5373134328358209
2026-04-11 04:50:58,67,31,0.4626865671641791
2026-04-11 04:51:59,71,44,0.6197183098591549
2026-04-11 04:53:00,72,34,0.4722222222222222
2026-04-11 04:54:01,72,32,0.4444444444444444
2026-04-11 04:55:02,71,40,0.5633802816901409
2026-04-11 04:56:03,71,37,0.5211267605633803
2026-04-11 04:57:04,72,34,0.4722222222222222
2026-04-11 04:58:05,71,40,0.5633802816901409
2026-04-11 04:59:06,69,36,0.5217391304347826
2026-04-11 05:00:07,67,31,0.4626865671641791
2026-04-11 05:01:08,67,0,0.0
2026-04-11 05:02:08,64,37,0.578125
2026-04-11 05:03:09,64,38,0.59375
2026-04-11 05:04:10,64,40,0.625
2026-04-11 05:05:11,64,36,0.5625
2026-04-11 05:06:12,64,34,0.53125
2026-04-11 05:07:13,65,38,0.5846153846153846
2026-04-11 05:08:14,65,36,0.5538461538461539
2026-04-11 05:09:15,66,37,0.5606060606060606
2026-04-11 05:10:16,68,43,0.6323529411764706
2026-04-11 05:11:17,68,33,0.4852941176470588
2026-04-11 05:12:18,67,41,0.6119402985074627
2026-04-11 05:13:19,67,41,0.6119402985074627
2026-04-11 05:14:20,68,38,0.5588235294117647
2026-04-11 05:15:21,69,41,0.5942028985507246
2026-04-11 05:16:22,70,46,0.6571428571428571
2026-04-11 05:17:22,69,39,0.5652173913043478
2026-04-11 05:18:23,69,43,0.6231884057971014
2026-04-11 05:19:24,68,42,0.6176470588235294
2026-04-11 05:20:25,67,33,0.4925373134328358
2026-04-11 05:21:26,67,43,0.6417910447761194
2026-04-11 05:22:27,67,39,0.582089552238806
2026-04-11 05:23:28,68,37,0.5441176470588235
2026-04-11 05:24:29,68,43,0.6323529411764706
2026-04-11 05:25:30,68,40,0.5882352941176471
2026-04-11 05:26:31,68,38,0.5588235294117647
2026-04-11 05:27:32,68,41,0.6029411764705882
2026-04-11 05:28:33,69,38,0.5507246376811594
2026-04-11 05:29:34,70,37,0.5285714285714286
2026-04-11 05:30:35,70,43,0.6142857142857143
2026-04-11 05:31:36,70,43,0.6142857142857143
2026-04-11 05:32:37,71,35,0.49295774647887325
2026-04-11 05:33:38,69,47,0.6811594202898551
2026-04-11 05:34:39,69,43,0.6231884057971014
2026-04-11 05:35:40,69,39,0.5652173913043478
2026-04-11 05:36:41,67,46,0.6865671641791045
2026-04-11 05:37:42,67,48,0.7164179104477612
2026-04-11 05:38:43,67,39,0.582089552238806
2026-04-11 05:39:44,67,45,0.6716417910447762
2026-04-11 05:40:45,68,42,0.6176470588235294
2026-04-11 05:41:46,68,38,0.5588235294117647
2026-04-11 05:42:47,68,43,0.6323529411764706
2026-04-11 05:43:48,70,44,0.6285714285714286
2026-04-11 05:44:49,70,39,0.5571428571428572
2026-04-11 05:45:50,70,42,0.6
2026-04-11 05:46:51,71,42,0.5915492957746479
2026-04-11 05:47:52,71,38,0.5352112676056338
2026-04-11 05:48:53,71,43,0.6056338028169014
2026-04-11 05:49:54,71,41,0.5774647887323944
2026-04-11 05:50:54,70,40,0.5714285714285714
2026-04-11 05:51:55,71,44,0.6197183098591549
2026-04-11 05:52:57,71,36,0.5070422535211268
2026-04-11 05:53:58,71,41,0.5774647887323944
2026-04-11 05:54:59,71,46,0.647887323943662
2026-04-11 05:56:00,70,45,0.6428571428571429
2026-04-11 05:57:01,71,37,0.5211267605633803
2026-04-11 05:58:02,71,45,0.6338028169014085
2026-04-11 05:59:03,71,43,0.6056338028169014
2026-04-11 06:00:04,72,43,0.5972222222222222
2026-04-11 06:01:05,72,42,0.5833333333333334
2026-04-11 06:02:06,73,40,0.547945205479452
2026-04-11 06:03:07,74,40,0.5405405405405406
2026-04-11 06:04:08,74,47,0.6351351351351351
2026-04-11 06:05:09,74,40,0.5405405405405406
2026-04-11 06:06:10,73,39,0.5342465753424658
2026-04-11 06:07:11,73,41,0.5616438356164384
2026-04-11 06:08:12,74,42,0.5675675675675675
2026-04-11 06:09:13,76,45,0.5921052631578947
2026-04-11 06:10:14,76,44,0.5789473684210527
2026-04-11 06:11:15,76,46,0.6052631578947368
2026-04-11 06:12:16,77,43,0.5584415584415584
2026-04-11 06:13:17,77,48,0.6233766233766234
2026-04-11 06:14:18,76,40,0.5263157894736842
2026-04-11 06:15:19,75,42,0.56
2026-04-11 06:16:20,78,51,0.6538461538461539
2026-04-11 06:17:22,79,41,0.5189873417721519
2026-04-11 06:18:23,77,44,0.5714285714285714
2026-04-11 06:19:24,76,49,0.6447368421052632
2026-04-11 06:20:24,74,38,0.5135135135135135
2026-04-11 06:21:26,75,46,0.6133333333333333
2026-04-11 06:22:27,75,47,0.6266666666666667
2026-04-11 06:23:28,77,41,0.5324675324675324
2026-04-11 06:24:29,77,45,0.5844155844155844
2026-04-11 06:25:30,79,47,0.5949367088607594
2026-04-11 06:26:31,78,35,0.44871794871794873
2026-04-11 06:27:32,78,47,0.6025641025641025
2026-04-11 06:28:33,78,47,0.6025641025641025
2026-04-11 06:29:34,78,43,0.5512820512820513
2026-04-11 06:30:35,77,43,0.5584415584415584
2026-04-11 06:31:36,76,44,0.5789473684210527
2026-04-11 06:32:37,76,42,0.5526315789473685
2026-04-11 06:33:38,75,47,0.6266666666666667
2026-04-11 06:34:39,75,49,0.6533333333333333
2026-04-11 06:35:40,74,40,0.5405405405405406
2026-04-11 06:36:41,74,47,0.6351351351351351
2026-04-11 06:37:42,73,47,0.6438356164383562
2026-04-11 06:38:43,74,44,0.5945945945945946
2026-04-11 06:39:44,74,45,0.6081081081081081
2026-04-11 06:40:45,75,41,0.5466666666666666
2026-04-11 06:41:46,75,42,0.56
2026-04-11 06:42:47,74,44,0.5945945945945946
2026-04-11 06:43:48,74,42,0.5675675675675675
2026-04-11 06:44:49,75,40,0.5333333333333333
2026-04-11 06:45:50,76,45,0.5921052631578947
2026-04-11 06:46:51,75,44,0.5866666666666667
2026-04-11 06:47:52,76,42,0.5526315789473685
2026-04-11 06:48:53,76,47,0.618421052631579
2026-04-11 06:49:54,77,48,0.6233766233766234
2026-04-11 06:50:55,75,39,0.52
2026-04-11 06:51:56,76,48,0.631578947368421
2026-04-11 06:52:57,76,42,0.5526315789473685
2026-04-11 06:53:58,76,40,0.5263157894736842
2026-04-11 06:54:59,76,46,0.6052631578947368
2026-04-11 06:56:00,74,41,0.5540540540540541
2026-04-11 06:57:01,74,37,0.5
2026-04-11 06:58:02,74,43,0.581081081081081
2026-04-11 06:59:03,73,39,0.5342465753424658
2026-04-11 07:00:04,73,36,0.4931506849315068
2026-04-11 07:01:05,71,43,0.6056338028169014
2026-04-11 07:02:06,68,38,0.5588235294117647
2026-04-11 07:03:07,67,36,0.5373134328358209
2026-04-11 07:04:08,66,41,0.6212121212121212
2026-04-11 07:05:09,66,38,0.5757575757575758
2026-04-11 07:06:10,67,34,0.5074626865671642
2026-04-11 07:07:11,67,38,0.5671641791044776
2026-04-11 07:08:12,68,39,0.5735294117647058
2026-04-11 07:09:13,68,37,0.5441176470588235
2026-04-11 07:10:14,66,39,0.5909090909090909
2026-04-11 07:11:15,67,38,0.5671641791044776
2026-04-11 07:12:16,66,36,0.5454545454545454
2026-04-11 07:13:17,67,36,0.5373134328358209
2026-04-11 07:14:18,68,36,0.5294117647058824
2026-04-11 07:15:19,68,34,0.5
2026-04-11 07:16:20,67,39,0.582089552238806
2026-04-11 07:17:21,67,34,0.5074626865671642
2026-04-11 07:18:22,67,38,0.5671641791044776
2026-04-11 07:19:23,66,41,0.6212121212121212
2026-04-11 07:20:24,66,34,0.5151515151515151
2026-04-11 07:21:25,64,37,0.578125
2026-04-11 07:22:25,64,42,0.65625
2026-04-11 07:23:26,64,32,0.5
2026-04-11 07:24:27,64,40,0.625
2026-04-11 07:25:28,66,36,0.5454545454545454
2026-04-11 07:26:29,67,36,0.5373134328358209
2026-04-11 07:27:30,67,42,0.6268656716417911
2026-04-11 07:28:31,67,38,0.5671641791044776
2026-04-11 07:29:32,69,39,0.5652173913043478
2026-04-11 07:30:33,69,39,0.5652173913043478
2026-04-11 07:31:34,69,38,0.5507246376811594
2026-04-11 07:32:35,68,33,0.4852941176470588
2026-04-11 07:33:36,68,42,0.6176470588235294
2026-04-11 07:34:37,68,36,0.5294117647058824
2026-04-11 07:35:38,67,30,0.44776119402985076
2026-04-11 07:36:39,67,42,0.6268656716417911
2026-04-11 07:37:40,68,36,0.5294117647058824
2026-04-11 07:38:41,67,33,0.4925373134328358
2026-04-11 07:39:42,67,34,0.5074626865671642
2026-04-11 07:40:43,63,35,0.5555555555555556
2026-04-11 07:41:44,63,30,0.47619047619047616
2026-04-11 07:42:45,62,37,0.5967741935483871
2026-04-11 07:43:45,61,32,0.5245901639344263
2026-04-11 07:44:46,61,29,0.47540983606557374
2026-04-11 07:45:47,61,39,0.639344262295082
2026-04-11 07:46:48,61,33,0.5409836065573771
2026-04-11 07:47:49,62,30,0.4838709677419355
2026-04-11 07:48:50,60,34,0.5666666666666667
2026-04-11 07:49:51,60,33,0.55
2026-04-11 07:50:52,61,31,0.5081967213114754
2026-04-11 07:51:53,61,35,0.5737704918032787
2026-04-11 07:52:54,63,31,0.49206349206349204
2026-04-11 07:53:55,63,29,0.4603174603174603
2026-04-11 07:54:56,63,39,0.6190476190476191
2026-04-11 07:55:57,63,37,0.5873015873015873
2026-04-11 07:56:58,64,29,0.453125
2026-04-11 07:57:59,64,40,0.625
2026-04-11 07:59:00,63,36,0.5714285714285714
2026-04-11 08:00:01,63,30,0.47619047619047616
2026-04-11 08:01:02,63,33,0.5238095238095238
2026-04-11 08:02:03,62,35,0.5645161290322581
2026-04-11 08:03:04,63,34,0.5396825396825397
2026-04-11 08:04:05,64,36,0.5625
2026-04-11 08:05:06,64,34,0.53125
2026-04-11 08:06:06,65,34,0.5230769230769231
2026-04-11 08:07:07,64,40,0.625
2026-04-11 08:08:08,64,31,0.484375
2026-04-11 08:09:09,63,32,0.5079365079365079
2026-04-11 08:10:10,63,30,0.47619047619047616
2026-04-11 08:11:11,63,27,0.42857142857142855
2026-04-11 08:12:12,64,25,0.390625
2026-04-11 08:13:13,65,29,0.4461538461538462
2026-04-11 08:14:14,65,29,0.4461538461538462
2026-04-11 08:15:15,65,31,0.47692307692307695
2026-04-11 08:16:16,62,33,0.532258064516129
2026-04-11 08:17:17,62,31,0.5
2026-04-11 08:18:18,62,32,0.5161290322580645
2026-04-11 08:19:19,61,33,0.5409836065573771
2026-04-11 08:20:20,60,27,0.45
2026-04-11 08:21:21,63,38,0.6031746031746031
2026-04-11 08:22:21,63,33,0.5238095238095238
2026-04-11 08:23:22,63,30,0.47619047619047616
2026-04-11 08:24:23,65,34,0.5230769230769231
2026-04-11 08:25:24,65,38,0.5846153846153846
2026-04-11 08:26:25,65,29,0.4461538461538462
2026-04-11 08:27:26,64,35,0.546875
2026-04-11 08:28:27,64,33,0.515625
2026-04-11 08:29:28,65,28,0.4307692307692308
2026-04-11 08:30:29,65,31,0.47692307692307695
2026-04-11 08:31:30,63,26,0.4126984126984127
2026-04-11 08:32:31,63,25,0.3968253968253968
2026-04-11 08:33:32,64,39,0.609375
2026-04-11 08:34:33,64,35,0.546875
2026-04-11 08:35:34,61,26,0.4262295081967213
2026-04-11 08:36:35,61,34,0.5573770491803278
2026-04-11 08:37:36,61,30,0.4918032786885246
2026-04-11 08:38:36,61,24,0.39344262295081966
2026-04-11 08:39:37,60,35,0.5833333333333334
2026-04-11 08:40:38,60,36,0.6
2026-04-11 08:41:39,59,29,0.4915254237288136
2026-04-11 08:42:40,60,33,0.55
2026-04-11 08:43:41,61,31,0.5081967213114754
2026-04-11 08:44:42,62,22,0.3548387096774194
2026-04-11 08:45:43,62,37,0.5967741935483871
2026-04-11 08:46:44,62,29,0.46774193548387094
2026-04-11 08:47:45,62,25,0.4032258064516129
2026-04-11 08:48:46,63,31,0.49206349206349204
2026-04-11 08:49:47,63,26,0.4126984126984127
2026-04-11 08:50:48,62,23,0.3709677419354839
2026-04-11 08:51:49,62,34,0.5483870967741935
2026-04-11 08:52:49,62,30,0.4838709677419355
2026-04-11 08:53:50,59,27,0.4576271186440678
2026-04-11 08:54:51,57,35,0.6140350877192983
2026-04-11 08:55:52,56,34,0.6071428571428571
2026-04-11 08:56:53,57,27,0.47368421052631576
2026-04-11 08:57:54,60,32,0.5333333333333333
2026-04-11 08:58:55,60,30,0.5
2026-04-11 08:59:56,60,27,0.45
2026-04-11 09:00:57,62,33,0.532258064516129
2026-04-11 09:01:58,62,27,0.43548387096774194
2026-04-11 09:02:59,62,24,0.3870967741935484
2026-04-11 09:03:59,63,31,0.49206349206349204
2026-04-11 09:05:00,63,31,0.49206349206349204
2026-04-11 09:06:01,62,25,0.4032258064516129
2026-04-11 09:07:02,61,31,0.5081967213114754
2026-04-11 09:08:03,62,28,0.45161290322580644
2026-04-11 09:09:04,61,31,0.5081967213114754
2026-04-11 09:10:05,62,41,0.6612903225806451
2026-04-11 09:11:06,59,32,0.5423728813559322
2026-04-11 09:12:07,62,32,0.5161290322580645
2026-04-11 09:13:08,63,33,0.5238095238095238
2026-04-11 09:14:09,63,33,0.5238095238095238
2026-04-11 09:15:10,65,32,0.49230769230769234
2026-04-11 09:16:11,66,40,0.6060606060606061
2026-04-11 09:17:12,65,36,0.5538461538461539
2026-04-11 09:18:13,64,32,0.5
2026-04-11 09:19:13,64,34,0.53125
2026-04-11 09:20:14,63,31,0.49206349206349204
2026-04-11 09:21:15,65,29,0.4461538461538462
2026-04-11 09:22:16,66,32,0.48484848484848486
2026-04-11 09:23:17,65,32,0.49230769230769234
2026-04-11 09:24:18,66,32,0.48484848484848486
2026-04-11 09:25:19,64,33,0.515625
2026-04-11 09:26:20,66,26,0.3939393939393939
2026-04-11 09:27:21,67,31,0.4626865671641791
2026-04-11 09:28:22,66,36,0.5454545454545454
2026-04-11 09:29:23,67,28,0.417910447761194
2026-04-11 09:30:23,65,28,0.4307692307692308
2026-04-11 09:31:24,67,35,0.5223880597014925
2026-04-11 09:32:25,66,29,0.4393939393939394
2026-04-11 09:33:26,64,31,0.484375
2026-04-11 09:34:27,62,32,0.5161290322580645
2026-04-11 09:35:28,60,25,0.4166666666666667
2026-04-11 09:36:29,61,30,0.4918032786885246
2026-04-11 09:37:30,62,35,0.5645161290322581
2026-04-11 09:38:31,61,25,0.4098360655737705
2026-04-11 09:39:32,60,33,0.55
2026-04-11 09:40:33,60,30,0.5
2026-04-11 09:41:34,60,27,0.45
2026-04-11 09:42:34,60,30,0.5
2026-04-11 09:43:35,60,32,0.5333333333333333
2026-04-11 09:44:36,59,27,0.4576271186440678
2026-04-11 09:45:37,59,34,0.576271186440678
2026-04-11 09:46:38,59,30,0.5084745762711864
2026-04-11 09:47:39,59,28,0.4745762711864407
2026-04-11 09:48:40,58,29,0.5
2026-04-11 09:49:41,57,29,0.5087719298245614
2026-04-11 09:50:42,58,28,0.4827586206896552
2026-04-11 09:51:43,58,33,0.5689655172413793
2026-04-11 09:52:43,58,20,0.3448275862068966
2026-04-11 09:53:44,57,20,0.3508771929824561
2026-04-11 09:54:45,57,22,0.38596491228070173
2026-04-11 09:55:46,56,26,0.4642857142857143
2026-04-11 09:56:47,55,15,0.2727272727272727
2026-04-11 09:57:48,57,21,0.3684210526315789
2026-04-11 09:58:49,57,23,0.40350877192982454
2026-04-11 09:59:50,57,17,0.2982456140350877
2026-04-11 10:00:51,55,20,0.36363636363636365
2026-04-11 10:01:52,54,18,0.3333333333333333
2026-04-11 10:02:52,53,14,0.2641509433962264
2026-04-11 10:03:53,54,17,0.3148148148148148
2026-04-11 10:04:54,54,20,0.37037037037037035
2026-04-11 10:05:55,54,11,0.2037037037037037
2026-04-11 10:06:56,54,18,0.3333333333333333
2026-04-11 10:07:57,52,23,0.4423076923076923
2026-04-11 10:08:58,49,5,0.10204081632653061
2026-04-11 10:09:59,46,5,0.10869565217391304
2026-04-11 10:11:00,45,6,0.13333333333333333
2026-04-11 10:12:00,44,3,0.06818181818181818
2026-04-11 10:13:01,44,5,0.11363636363636363
2026-04-11 10:14:02,42,4,0.09523809523809523
2026-04-11 10:15:03,40,2,0.05
2026-04-11 10:16:04,36,9,0.25
2026-04-11 10:17:05,37,18,0.4864864864864865
2026-04-11 10:18:06,31,13,0.41935483870967744
2026-04-11 10:19:06,33,16,0.48484848484848486
2026-04-11 10:20:07,33,14,0.42424242424242425
2026-04-11 10:21:08,34,11,0.3235294117647059
2026-04-11 10:22:09,34,13,0.38235294117647056
2026-04-11 10:23:09,34,10,0.29411764705882354
2026-04-11 10:24:10,34,8,0.23529411764705882
2026-04-11 10:25:11,34,10,0.29411764705882354
2026-04-11 10:26:12,34,8,0.23529411764705882
2026-04-11 10:27:12,34,8,0.23529411764705882
2026-04-11 10:28:13,32,10,0.3125
2026-04-11 10:29:14,31,11,0.3548387096774194
2026-04-11 10:30:14,28,3,0.10714285714285714
2026-04-11 10:31:15,24,8,0.3333333333333333
2026-04-11 10:32:16,23,3,0.13043478260869565
2026-04-11 10:33:16,21,5,0.23809523809523808
2026-04-11 10:34:17,20,5,0.25
2026-04-11 10:35:18,20,7,0.35
2026-04-11 10:36:18,21,6,0.2857142857142857
2026-04-11 10:37:19,22,14,0.6363636363636364
2026-04-11 10:38:20,22,1,0.045454545454545456
2026-04-11 10:39:20,22,4,0.18181818181818182
2026-04-11 10:40:21,21,6,0.2857142857142857
2026-04-11 10:41:22,20,3,0.15
2026-04-11 10:42:22,20,3,0.15
2026-04-11 10:43:23,21,7,0.3333333333333333
2026-04-11 10:44:24,21,1,0.047619047619047616
2026-04-11 10:45:24,21,2,0.09523809523809523
2026-04-11 10:46:25,20,6,0.3
2026-04-11 10:47:26,20,1,0.05
2026-04-11 10:48:26,13,3,0.23076923076923078
2026-04-11 10:49:27,13,7,0.5384615384615384
2026-04-11 10:50:27,13,3,0.23076923076923078
2026-04-11 10:51:28,12,3,0.25
2026-04-11 10:52:29,12,6,0.5
2026-04-11 10:53:29,11,2,0.18181818181818182
2026-04-11 10:54:30,11,5,0.45454545454545453
2026-04-11 10:55:31,12,5,0.4166666666666667
2026-04-11 10:56:31,12,2,0.16666666666666666
2026-04-11 10:57:32,19,13,0.6842105263157895
2026-04-11 10:58:32,20,6,0.3
2026-04-11 10:59:33,19,2,0.10526315789473684
2026-04-11 11:00:34,19,5,0.2631578947368421
2026-04-11 11:01:34,18,4,0.2222222222222222
2026-04-11 11:02:35,18,1,0.05555555555555555
2026-04-11 11:03:35,18,5,0.2777777777777778
2026-04-11 11:04:36,18,5,0.2777777777777778
2026-04-11 11:05:37,18,1,0.05555555555555555
2026-04-11 11:06:37,18,5,0.2777777777777778
2026-04-11 11:07:38,18,5,0.2777777777777778
2026-04-11 11:08:39,10,1,0.1
2026-04-11 11:09:39,9,5,0.5555555555555556
2026-04-11 11:10:40,10,6,0.6
2026-04-11 11:11:40,10,1,0.1
2026-04-11 11:12:41,11,6,0.5454545454545454
2026-04-11 11:13:42,11,6,0.5454545454545454
2026-04-11 11:14:42,11,2,0.18181818181818182
2026-04-11 11:15:43,11,5,0.45454545454545453
2026-04-11 11:16:44,11,6,0.5454545454545454
2026-04-11 11:17:44,11,2,0.18181818181818182
2026-04-11 11:18:45,11,6,0.5454545454545454
2026-04-11 11:19:45,11,6,0.5454545454545454
2026-04-11 11:20:46,11,2,0.18181818181818182
2026-04-11 11:21:46,10,6,0.6
2026-04-11 11:22:47,10,6,0.6
2026-04-11 11:23:48,10,2,0.2
2026-04-11 11:24:48,10,6,0.6
2026-04-11 11:25:49,10,6,0.6
2026-04-11 11:26:49,10,1,0.1
2026-04-11 11:27:50,10,6,0.6
2026-04-11 11:28:51,10,4,0.4
2026-04-11 11:29:51,10,2,0.2
2026-04-11 11:30:52,11,5,0.45454545454545453
2026-04-11 11:31:52,15,10,0.6666666666666666
2026-04-11 11:32:53,15,5,0.3333333333333333
2026-04-11 11:33:54,16,10,0.625
2026-04-11 11:34:54,25,19,0.76
2026-04-11 11:35:55,28,15,0.5357142857142857
2026-04-11 11:36:56,29,17,0.5862068965517241
2026-04-11 11:37:56,33,21,0.6363636363636364
2026-04-11 11:38:57,43,31,0.7209302325581395
2026-04-11 11:39:58,51,34,0.6666666666666666
2026-04-11 11:40:59,53,35,0.660377358490566
2026-04-11 11:41:59,55,30,0.5454545454545454
2026-04-11 11:43:00,57,29,0.5087719298245614
2026-04-11 11:44:01,57,27,0.47368421052631576
2026-04-11 11:45:02,58,21,0.3620689655172414
2026-04-11 11:46:03,59,26,0.4406779661016949
2026-04-11 11:47:04,60,21,0.35
2026-04-11 11:48:05,60,21,0.35
2026-04-11 11:49:05,57,24,0.42105263157894735
2026-04-11 11:50:06,57,23,0.40350877192982454
2026-04-11 11:51:07,58,26,0.4482758620689655
2026-04-11 11:52:08,55,28,0.509090909090909
2026-04-11 11:53:09,60,29,0.48333333333333334
2026-04-11 11:54:09,60,25,0.4166666666666667
2026-04-11 11:55:10,61,29,0.47540983606557374
2026-04-11 11:56:11,59,25,0.423728813559322
2026-04-11 11:57:12,58,24,0.41379310344827586
2026-04-11 11:58:13,58,30,0.5172413793103449
2026-04-11 11:59:14,57,21,0.3684210526315789
2026-04-11 12:00:14,59,28,0.4745762711864407
2026-04-11 12:01:15,58,32,0.5517241379310345
2026-04-11 12:02:16,58,26,0.4482758620689655
2026-04-11 12:03:17,56,28,0.5
2026-04-11 12:04:18,56,32,0.5714285714285714
2026-04-11 12:05:19,55,29,0.5272727272727272
2026-04-11 12:06:19,54,29,0.5370370370370371
2026-04-11 12:07:20,54,33,0.6111111111111112
2026-04-11 12:08:21,54,25,0.46296296296296297
2026-04-11 12:09:22,56,27,0.48214285714285715
2026-04-11 12:10:23,55,25,0.45454545454545453
2026-04-11 12:11:24,55,19,0.34545454545454546
2026-04-11 12:12:24,54,23,0.42592592592592593
2026-04-11 12:13:25,54,27,0.5
2026-04-11 12:14:26,51,24,0.47058823529411764
2026-04-11 12:15:27,52,22,0.4230769230769231
2026-04-11 12:16:28,51,26,0.5098039215686274
2026-04-11 12:17:29,51,24,0.47058823529411764
2026-04-11 12:18:29,54,28,0.5185185185185185
2026-04-11 12:19:30,53,25,0.4716981132075472
2026-04-11 12:20:31,51,25,0.49019607843137253
2026-04-11 12:21:32,53,27,0.5094339622641509
2026-04-11 12:22:33,54,28,0.5185185185185185
2026-04-11 12:23:33,54,23,0.42592592592592593
2026-04-11 12:24:34,53,21,0.39622641509433965
2026-04-11 12:25:35,52,26,0.5
2026-04-11 12:26:36,52,19,0.36538461538461536
2026-04-11 12:27:37,54,26,0.48148148148148145
2026-04-11 12:28:38,53,22,0.41509433962264153
2026-04-11 12:29:38,51,26,0.5098039215686274
2026-04-11 12:30:39,51,28,0.5490196078431373
2026-04-11 12:31:40,49,21,0.42857142857142855
2026-04-11 12:32:41,48,24,0.5
2026-04-11 12:33:41,47,24,0.5106382978723404
2026-04-11 12:34:42,48,26,0.5416666666666666
2026-04-11 12:35:43,48,23,0.4791666666666667
2026-04-11 12:36:44,50,31,0.62
2026-04-11 12:37:45,51,31,0.6078431372549019
2026-04-11 12:38:45,53,27,0.5094339622641509
2026-04-11 12:39:46,55,31,0.5636363636363636
2026-04-11 12:40:47,56,29,0.5178571428571429
2026-04-11 12:41:48,59,33,0.559322033898305
2026-04-11 12:42:49,59,42,0.711864406779661
2026-04-11 12:43:50,61,37,0.6065573770491803
2026-04-11 12:44:51,61,32,0.5245901639344263
2026-04-11 12:45:51,61,28,0.45901639344262296
2026-04-11 12:46:52,61,30,0.4918032786885246
2026-04-11 12:47:53,61,23,0.3770491803278688
2026-04-11 12:48:54,62,37,0.5967741935483871
2026-04-11 12:49:55,63,38,0.6031746031746031
2026-04-11 12:50:56,64,38,0.59375
2026-04-11 12:51:57,66,41,0.6212121212121212
2026-04-11 12:52:58,66,42,0.6363636363636364
2026-04-11 12:53:59,66,38,0.5757575757575758
2026-04-11 12:54:59,65,39,0.6
2026-04-11 12:56:00,66,40,0.6060606060606061
2026-04-11 12:57:01,66,32,0.48484848484848486
2026-04-11 12:58:02,67,43,0.6417910447761194
2026-04-11 12:59:03,70,40,0.5714285714285714
2026-04-11 13:00:04,70,38,0.5428571428571428
2026-04-11 13:01:05,71,44,0.6197183098591549
2026-04-11 13:02:06,69,43,0.6231884057971014
2026-04-11 13:03:07,70,39,0.5571428571428572
2026-04-11 13:04:08,69,44,0.6376811594202898
2026-04-11 13:05:09,69,41,0.5942028985507246
2026-04-11 13:06:10,67,34,0.5074626865671642
2026-04-11 13:07:11,68,46,0.6764705882352942
2026-04-11 13:08:12,68,40,0.5882352941176471
2026-04-11 13:09:13,68,40,0.5882352941176471
2026-04-11 13:10:14,68,43,0.6323529411764706
2026-04-11 13:11:15,70,42,0.6
2026-04-11 13:12:16,70,37,0.5285714285714286
2026-04-11 13:13:17,71,45,0.6338028169014085
2026-04-11 13:14:17,72,38,0.5277777777777778
2026-04-11 13:15:18,72,41,0.5694444444444444
2026-04-11 13:16:19,71,43,0.6056338028169014
2026-04-11 13:17:20,71,38,0.5352112676056338
2026-04-11 13:18:21,74,41,0.5540540540540541
2026-04-11 13:19:22,73,47,0.6438356164383562
2026-04-11 13:20:23,72,38,0.5277777777777778
2026-04-11 13:21:24,72,46,0.6388888888888888
2026-04-11 13:22:25,72,45,0.625
2026-04-11 13:23:26,71,40,0.5633802816901409
2026-04-11 13:24:27,71,47,0.6619718309859155
2026-04-11 13:25:28,72,46,0.6388888888888888
2026-04-11 13:26:29,72,41,0.5694444444444444
2026-04-11 13:27:30,73,47,0.6438356164383562
2026-04-11 13:28:31,73,45,0.6164383561643836
2026-04-11 13:29:32,73,41,0.5616438356164384
2026-04-11 13:30:33,74,45,0.6081081081081081
2026-04-11 13:31:34,76,45,0.5921052631578947
2026-04-11 13:32:34,77,39,0.5064935064935064
2026-04-11 13:33:35,77,47,0.6103896103896104
2026-04-11 13:34:36,76,47,0.618421052631579
2026-04-11 13:35:37,74,41,0.5540540540540541
2026-04-11 13:36:38,75,44,0.5866666666666667
2026-04-11 13:37:39,75,33,0.44
2026-04-11 13:38:40,73,35,0.4794520547945205
2026-04-11 13:39:41,73,43,0.589041095890411
2026-04-11 13:40:42,72,37,0.5138888888888888
2026-04-11 13:41:43,74,42,0.5675675675675675
2026-04-11 13:42:44,74,47,0.6351351351351351
2026-04-11 13:43:45,73,43,0.589041095890411
2026-04-11 13:44:46,74,43,0.581081081081081
2026-04-11 13:45:47,74,42,0.5675675675675675
2026-04-11 13:46:48,74,46,0.6216216216216216
2026-04-11 13:47:49,76,46,0.6052631578947368
2026-04-11 13:48:50,80,50,0.625
2026-04-11 13:49:51,81,44,0.5432098765432098
2026-04-11 13:50:52,81,45,0.5555555555555556
2026-04-11 13:51:53,81,45,0.5555555555555556
2026-04-11 13:52:54,81,44,0.5432098765432098
2026-04-11 13:53:55,82,43,0.524390243902439
2026-04-11 13:54:56,82,45,0.5487804878048781
2026-04-11 13:55:57,81,44,0.5432098765432098
2026-04-11 13:56:58,82,46,0.5609756097560976
2026-04-11 13:57:59,85,51,0.6
2026-04-11 13:59:00,84,50,0.5952380952380952
2026-04-11 14:00:01,85,50,0.5882352941176471
2026-04-11 14:01:02,84,49,0.5833333333333334
2026-04-11 14:02:03,86,46,0.5348837209302325
2026-04-11 14:03:04,86,49,0.5697674418604651
2026-04-11 14:04:06,84,52,0.6190476190476191
2026-04-11 14:05:07,84,50,0.5952380952380952
2026-04-11 14:06:08,84,49,0.5833333333333334
2026-04-11 14:07:09,81,50,0.6172839506172839
2026-04-11 14:08:10,83,52,0.6265060240963856
2026-04-11 14:09:11,84,52,0.6190476190476191
2026-04-11 14:10:12,84,51,0.6071428571428571
2026-04-11 14:11:13,83,48,0.5783132530120482
2026-04-11 14:12:14,84,51,0.6071428571428571
2026-04-11 14:13:15,84,56,0.6666666666666666
2026-04-11 14:14:16,83,52,0.6265060240963856
2026-04-11 14:15:17,85,54,0.6352941176470588
2026-04-11 14:16:18,87,55,0.632183908045977
2026-04-11 14:17:19,90,57,0.6333333333333333
2026-04-11 14:18:20,90,53,0.5888888888888889
2026-04-11 14:19:21,89,52,0.5842696629213483
2026-04-11 14:20:22,88,52,0.5909090909090909
2026-04-11 14:21:23,89,58,0.651685393258427
2026-04-11 14:22:24,90,60,0.6666666666666666
2026-04-11 14:23:25,90,57,0.6333333333333333
2026-04-11 14:24:26,89,54,0.6067415730337079
2026-04-11 14:25:27,92,61,0.6630434782608695
2026-04-11 14:26:28,94,59,0.6276595744680851
2026-04-11 14:27:29,91,64,0.7032967032967034
2026-04-11 14:28:30,91,60,0.6593406593406593
2026-04-11 14:29:31,92,62,0.6739130434782609
2026-04-11 14:30:32,93,69,0.7419354838709677
2026-04-11 14:31:34,92,62,0.6739130434782609
2026-04-11 14:32:35,91,55,0.6043956043956044
2026-04-11 14:33:36,91,62,0.6813186813186813
2026-04-11 14:34:37,91,55,0.6043956043956044
2026-04-11 14:35:38,91,59,0.6483516483516484
2026-04-11 14:36:39,91,64,0.7032967032967034
2026-04-11 14:37:40,92,58,0.6304347826086957
2026-04-11 14:38:41,92,57,0.6195652173913043
2026-04-11 14:39:42,94,66,0.7021276595744681
2026-04-11 14:40:43,94,56,0.5957446808510638
2026-04-11 14:41:45,94,54,0.574468085106383
2026-04-11 14:42:46,94,68,0.723404255319149
2026-04-11 14:43:47,95,54,0.5684210526315789
2026-04-11 14:44:48,95,54,0.5684210526315789
2026-04-11 14:45:49,94,57,0.6063829787234043
2026-04-11 14:46:50,94,57,0.6063829787234043
2026-04-11 14:47:51,94,50,0.5319148936170213
2026-04-11 14:48:52,94,53,0.5638297872340425
2026-04-11 14:49:53,92,50,0.5434782608695652
2026-04-11 14:50:54,93,50,0.5376344086021505
2026-04-11 14:51:55,92,57,0.6195652173913043
2026-04-11 14:52:57,89,54,0.6067415730337079
2026-04-11 14:53:58,89,47,0.5280898876404494
2026-04-11 14:54:59,90,58,0.6444444444444445
2026-04-11 14:56:00,89,50,0.5617977528089888
2026-04-11 14:57:01,88,50,0.5681818181818182
2026-04-11 14:58:02,89,56,0.6292134831460674
2026-04-11 14:59:03,90,54,0.6
2026-04-11 15:00:04,88,50,0.5681818181818182
2026-04-11 15:01:05,89,59,0.6629213483146067
2026-04-11 15:02:06,88,52,0.5909090909090909
2026-04-11 15:03:08,89,55,0.6179775280898876
2026-04-11 15:04:09,90,60,0.6666666666666666
2026-04-11 15:05:10,92,58,0.6304347826086957
2026-04-11 15:06:11,90,51,0.5666666666666667
2026-04-11 15:07:12,91,55,0.6043956043956044
2026-04-11 15:08:13,92,55,0.5978260869565217
2026-04-11 15:09:14,93,50,0.5376344086021505
2026-04-11 15:10:15,92,58,0.6304347826086957
2026-04-11 15:11:16,88,54,0.6136363636363636
2026-04-11 15:12:18,88,53,0.6022727272727273
2026-04-11 15:13:19,89,55,0.6179775280898876
2026-04-11 15:14:20,89,51,0.5730337078651685
2026-04-11 15:15:21,88,57,0.6477272727272727
2026-04-11 15:16:22,87,56,0.6436781609195402
2026-04-11 15:17:23,87,55,0.632183908045977
2026-04-11 15:18:24,87,54,0.6206896551724138
2026-04-11 15:19:25,88,54,0.6136363636363636
2026-04-11 15:20:26,89,58,0.651685393258427
2026-04-11 15:21:27,91,60,0.6593406593406593
2026-04-11 15:22:28,91,55,0.6043956043956044
2026-04-11 15:23:30,91,56,0.6153846153846154
2026-04-11 15:24:31,92,64,0.6956521739130435
2026-04-11 15:25:32,91,59,0.6483516483516484
2026-04-11 15:26:33,91,58,0.6373626373626373
2026-04-11 15:27:34,92,63,0.6847826086956522
2026-04-11 15:28:35,92,57,0.6195652173913043
2026-04-11 15:29:36,94,60,0.6382978723404256
2026-04-11 15:30:37,94,62,0.6595744680851063
2026-04-11 15:31:39,94,58,0.6170212765957447
2026-04-11 15:32:40,93,59,0.6344086021505376
2026-04-11 15:33:41,94,65,0.6914893617021277
2026-04-11 15:34:42,94,65,0.6914893617021277
2026-04-11 15:35:43,92,56,0.6086956521739131
2026-04-11 15:36:44,93,60,0.6451612903225806
2026-04-11 15:37:45,94,65,0.6914893617021277
2026-04-11 15:38:46,93,59,0.6344086021505376
2026-04-11 15:39:47,94,67,0.7127659574468085
2026-04-11 15:40:48,95,63,0.6631578947368421
2026-04-11 15:41:50,96,55,0.5729166666666666
2026-04-11 15:42:51,95,64,0.6736842105263158
2026-04-11 15:43:52,95,60,0.631578947368421
2026-04-11 15:44:53,94,58,0.6170212765957447
2026-04-11 15:45:54,93,62,0.6666666666666666
2026-04-11 15:46:55,93,57,0.6129032258064516
2026-04-11 15:47:56,93,56,0.6021505376344086
2026-04-11 15:48:57,95,65,0.6842105263157895
2026-04-11 15:49:58,95,59,0.6210526315789474
2026-04-11 15:50:59,92,58,0.6304347826086957
2026-04-11 15:52:01,92,66,0.717391304347826
2026-04-11 15:53:02,91,61,0.6703296703296703
2026-04-11 15:54:03,91,60,0.6593406593406593
2026-04-11 15:55:04,92,64,0.6956521739130435
2026-04-11 15:56:05,91,62,0.6813186813186813
2026-04-11 15:57:06,91,59,0.6483516483516484
2026-04-11 15:58:07,90,63,0.7
2026-04-11 15:59:09,90,65,0.7222222222222222
2026-04-11 16:00:10,90,58,0.6444444444444445
2026-04-11 16:01:11,91,64,0.7032967032967034
2026-04-11 16:02:12,92,56,0.6086956521739131
2026-04-11 16:03:13,93,58,0.6236559139784946
2026-04-11 16:04:14,93,65,0.6989247311827957
2026-04-11 16:05:15,93,62,0.6666666666666666
2026-04-11 16:06:17,92,59,0.6413043478260869
2026-04-11 16:07:18,94,65,0.6914893617021277
2026-04-11 16:08:19,95,60,0.631578947368421
2026-04-11 16:09:20,93,62,0.6666666666666666
2026-04-11 16:10:21,95,68,0.7157894736842105
2026-04-11 16:11:22,94,61,0.648936170212766
2026-04-11 16:12:23,94,58,0.6170212765957447
2026-04-11 16:13:24,94,63,0.6702127659574468
2026-04-11 16:14:25,94,57,0.6063829787234043
2026-04-11 16:15:26,95,65,0.6842105263157895
2026-04-11 16:16:28,95,63,0.6631578947368421
2026-04-11 16:17:29,96,55,0.5729166666666666
2026-04-11 16:18:30,97,59,0.6082474226804123
2026-04-11 16:19:31,97,59,0.6082474226804123
2026-04-11 16:20:32,97,54,0.5567010309278351
2026-04-11 16:21:33,96,59,0.6145833333333334
2026-04-11 16:22:34,95,59,0.6210526315789474
2026-04-11 16:23:35,96,58,0.6041666666666666
2026-04-11 16:24:37,94,61,0.648936170212766
2026-04-11 16:25:38,93,59,0.6344086021505376
2026-04-11 16:26:39,95,56,0.5894736842105263
2026-04-11 16:27:40,93,59,0.6344086021505376
2026-04-11 16:28:41,91,59,0.6483516483516484
2026-04-11 16:29:42,92,58,0.6304347826086957
2026-04-11 16:30:43,91,57,0.6263736263736264
2026-04-11 16:31:44,91,60,0.6593406593406593
2026-04-11 16:32:45,89,56,0.6292134831460674
2026-04-11 16:33:46,89,61,0.6853932584269663
2026-04-11 16:34:48,91,61,0.6703296703296703
2026-04-11 16:35:49,90,57,0.6333333333333333
2026-04-11 16:36:50,90,64,0.7111111111111111
2026-04-11 16:37:51,89,55,0.6179775280898876
2026-04-11 16:38:52,90,60,0.6666666666666666
2026-04-11 16:39:53,91,61,0.6703296703296703
2026-04-11 16:40:54,92,56,0.6086956521739131
2026-04-11 16:41:55,93,55,0.5913978494623656
2026-04-11 16:42:56,93,56,0.6021505376344086
2026-04-11 16:43:57,93,52,0.5591397849462365
2026-04-11 16:44:59,92,54,0.5869565217391305
2026-04-11 16:46:00,92,58,0.6304347826086957
2026-04-11 16:47:01,94,53,0.5638297872340425
2026-04-11 16:48:02,93,53,0.5698924731182796
2026-04-11 16:49:03,94,60,0.6382978723404256
2026-04-11 16:50:04,93,52,0.5591397849462365
2026-04-11 16:51:06,92,52,0.5652173913043478
2026-04-11 16:52:07,92,62,0.6739130434782609
2026-04-11 16:53:08,92,55,0.5978260869565217
2026-04-11 16:54:09,91,55,0.6043956043956044
2026-04-11 16:55:10,91,62,0.6813186813186813
2026-04-11 16:56:11,92,55,0.5978260869565217
2026-04-11 16:57:12,92,53,0.5760869565217391
2026-04-11 16:58:13,90,58,0.6444444444444445
2026-04-11 16:59:14,91,58,0.6373626373626373
2026-04-11 17:00:16,91,51,0.5604395604395604
2026-04-11 17:01:17,90,52,0.5777777777777777
2026-04-11 17:02:18,90,51,0.5666666666666667
2026-04-11 17:03:19,89,52,0.5842696629213483
2026-04-11 17:04:20,89,58,0.651685393258427
2026-04-11 17:05:21,89,52,0.5842696629213483
2026-04-11 17:06:22,88,56,0.6363636363636364
2026-04-11 17:07:23,87,53,0.6091954022988506
2026-04-11 17:08:24,89,53,0.5955056179775281
2026-04-11 17:09:25,87,56,0.6436781609195402
2026-04-11 17:10:27,85,49,0.5764705882352941
2026-04-11 17:11:28,85,48,0.5647058823529412
2026-04-11 17:12:29,88,56,0.6363636363636364
2026-04-11 17:13:30,91,53,0.5824175824175825
2026-04-11 17:14:31,91,50,0.5494505494505495
2026-04-11 17:15:32,92,54,0.5869565217391305
2026-04-11 17:16:33,93,55,0.5913978494623656
2026-04-11 17:17:34,92,45,0.4891304347826087
2026-04-11 17:18:35,90,53,0.5888888888888889
2026-04-11 17:19:37,90,54,0.6
2026-04-11 17:20:38,89,51,0.5730337078651685
2026-04-11 17:21:39,88,57,0.6477272727272727
2026-04-11 17:22:40,86,52,0.6046511627906976
2026-04-11 17:23:41,83,45,0.5421686746987951
2026-04-11 17:24:42,81,56,0.691358024691358
2026-04-11 17:25:43,80,49,0.6125
2026-04-11 17:26:44,81,48,0.5925925925925926
2026-04-11 17:27:45,81,59,0.7283950617283951
2026-04-11 17:28:46,81,52,0.6419753086419753
2026-04-11 17:29:47,81,46,0.5679012345679012
2026-04-11 17:30:48,81,49,0.6049382716049383
2026-04-11 17:31:49,80,48,0.6
2026-04-11 17:32:50,80,46,0.575
2026-04-11 17:33:51,81,53,0.654320987654321
2026-04-11 17:34:52,80,49,0.6125
2026-04-11 17:35:53,78,47,0.6025641025641025
2026-04-11 17:36:54,80,50,0.625
2026-04-11 17:37:56,79,51,0.6455696202531646
2026-04-11 17:38:57,78,45,0.5769230769230769
2026-04-11 17:39:58,77,53,0.6883116883116883
2026-04-11 17:40:59,76,49,0.6447368421052632
2026-04-11 17:42:00,76,43,0.5657894736842105
2026-04-11 17:43:01,76,55,0.7236842105263158
2026-04-11 17:44:02,76,47,0.618421052631579
2026-04-11 17:45:03,76,43,0.5657894736842105
2026-04-11 17:46:04,78,58,0.7435897435897436
2026-04-11 17:47:05,78,50,0.6410256410256411
2026-04-11 17:48:06,77,40,0.5194805194805194
2026-04-11 17:49:07,78,52,0.6666666666666666
2026-04-11 17:50:08,80,43,0.5375
2026-04-11 17:51:09,80,45,0.5625
2026-04-11 17:52:10,80,55,0.6875
2026-04-11 17:53:11,79,48,0.6075949367088608
2026-04-11 17:54:12,79,38,0.4810126582278481
2026-04-11 17:55:13,80,43,0.5375
2026-04-11 17:56:14,81,44,0.5432098765432098
2026-04-11 17:57:15,79,42,0.5316455696202531
2026-04-11 17:58:16,79,46,0.5822784810126582
2026-04-11 17:59:18,79,44,0.5569620253164557
2026-04-11 18:00:19,79,43,0.5443037974683544
2026-04-11 18:01:20,81,51,0.6296296296296297
2026-04-11 18:02:21,76,39,0.5131578947368421
2026-04-11 18:03:22,74,40,0.5405405405405406
2026-04-11 18:04:23,74,46,0.6216216216216216
2026-04-11 18:05:24,75,38,0.5066666666666667
2026-04-11 18:06:25,75,42,0.56
2026-04-11 18:07:26,74,40,0.5405405405405406
2026-04-11 18:08:27,74,39,0.527027027027027
2026-04-11 18:09:28,74,41,0.5540540540540541
2026-04-11 18:10:29,73,42,0.5753424657534246
2026-04-11 18:11:30,73,39,0.5342465753424658
2026-04-11 18:12:31,72,43,0.5972222222222222
2026-04-11 18:13:32,72,41,0.5694444444444444
2026-04-11 18:14:33,71,34,0.4788732394366197
2026-04-11 18:15:34,73,41,0.5616438356164384
2026-04-11 18:16:35,73,45,0.6164383561643836
2026-04-11 18:17:36,73,37,0.5068493150684932
2026-04-11 18:18:37,73,39,0.5342465753424658
2026-04-11 18:19:38,72,41,0.5694444444444444
2026-04-11 18:20:39,71,35,0.49295774647887325
2026-04-11 18:21:40,71,40,0.5633802816901409
2026-04-11 18:22:41,70,41,0.5857142857142857
2026-04-11 18:23:42,72,35,0.4861111111111111
2026-04-11 18:24:43,71,38,0.5352112676056338
2026-04-11 18:25:44,69,38,0.5507246376811594
2026-04-11 18:26:45,66,34,0.5151515151515151
2026-04-11 18:27:46,65,39,0.6
2026-04-11 18:28:47,64,44,0.6875
2026-04-11 18:29:48,64,37,0.578125
2026-04-11 18:30:49,65,42,0.6461538461538462
2026-04-11 18:31:50,64,42,0.65625
2026-04-11 18:32:51,65,37,0.5692307692307692
2026-04-11 18:33:52,68,42,0.6176470588235294
2026-04-11 18:34:53,68,44,0.6470588235294118
2026-04-11 18:35:54,69,44,0.6376811594202898
2026-04-11 18:36:55,71,49,0.6901408450704225
2026-04-11 18:37:56,72,48,0.6666666666666666
2026-04-11 18:38:57,73,44,0.6027397260273972
2026-04-11 18:39:58,73,48,0.6575342465753424
2026-04-11 18:40:59,74,46,0.6216216216216216
2026-04-11 18:42:00,75,41,0.5466666666666666
2026-04-11 18:43:01,77,52,0.6753246753246753
2026-04-11 18:44:02,76,44,0.5789473684210527
2026-04-11 18:45:03,78,41,0.5256410256410257
2026-04-11 18:46:04,78,39,0.5
2026-04-11 18:47:05,78,36,0.46153846153846156
2026-04-11 18:48:06,74,34,0.4594594594594595
2026-04-11 18:49:07,73,38,0.5205479452054794
2026-04-11 18:50:08,73,46,0.6301369863013698
2026-04-11 18:51:09,73,45,0.6164383561643836
2026-04-11 18:52:10,72,45,0.625
2026-04-11 18:53:11,70,46,0.6571428571428571
2026-04-11 18:54:12,70,45,0.6428571428571429
2026-04-11 18:55:14,71,47,0.6619718309859155
2026-04-11 18:56:15,73,48,0.6575342465753424
2026-04-11 18:57:16,74,47,0.6351351351351351
2026-04-11 18:58:17,74,47,0.6351351351351351
2026-04-11 18:59:18,74,44,0.5945945945945946
2026-04-11 19:00:19,75,46,0.6133333333333333
2026-04-11 19:01:20,76,49,0.6447368421052632
2026-04-11 19:02:21,77,44,0.5714285714285714
2026-04-11 19:03:22,78,43,0.5512820512820513
2026-04-11 19:04:23,79,48,0.6075949367088608
2026-04-11 19:05:24,79,47,0.5949367088607594
2026-04-11 19:06:25,79,45,0.569620253164557
2026-04-11 19:07:26,79,49,0.620253164556962
2026-04-11 19:08:27,79,44,0.5569620253164557
2026-04-11 19:09:28,79,44,0.5569620253164557
2026-04-11 19:10:29,76,45,0.5921052631578947
2026-04-11 19:11:30,75,42,0.56
2026-04-11 19:12:31,75,51,0.68
2026-04-11 19:13:32,77,49,0.6363636363636364
2026-04-11 19:14:33,78,46,0.5897435897435898
2026-04-11 19:15:34,78,49,0.6282051282051282
2026-04-11 19:16:35,79,49,0.620253164556962
2026-04-11 19:17:36,79,44,0.5569620253164557
2026-04-11 19:18:37,79,48,0.6075949367088608
2026-04-11 19:19:38,79,49,0.620253164556962
2026-04-11 19:20:39,80,47,0.5875
2026-04-11 19:21:40,84,48,0.5714285714285714
2026-04-11 19:22:42,84,52,0.6190476190476191
2026-04-11 19:23:43,83,50,0.6024096385542169
2026-04-11 19:24:44,83,50,0.6024096385542169
2026-04-11 19:25:45,82,50,0.6097560975609756
2026-04-11 19:26:46,82,47,0.573170731707317
2026-04-11 19:27:47,84,53,0.6309523809523809
2026-04-11 19:28:48,82,51,0.6219512195121951
2026-04-11 19:29:49,84,51,0.6071428571428571
2026-04-11 19:30:50,85,52,0.611764705882353
2026-04-11 19:31:51,85,51,0.6
2026-04-11 19:32:52,86,50,0.5813953488372093
2026-04-11 19:33:53,84,55,0.6547619047619048
2026-04-11 19:34:54,84,52,0.6190476190476191
2026-04-11 19:35:55,85,49,0.5764705882352941
2026-04-11 19:36:56,85,52,0.611764705882353
2026-04-11 19:37:58,84,49,0.5833333333333334
2026-04-11 19:38:59,83,46,0.5542168674698795
2026-04-11 19:40:00,83,56,0.6746987951807228
2026-04-11 19:41:01,84,48,0.5714285714285714
2026-04-11 19:42:02,85,49,0.5764705882352941
2026-04-11 19:43:03,86,52,0.6046511627906976
2026-04-11 19:44:04,86,52,0.6046511627906976
2026-04-11 19:45:05,87,52,0.5977011494252874
2026-04-11 19:46:06,86,59,0.686046511627907
2026-04-11 19:47:07,86,53,0.6162790697674418
2026-04-11 19:48:08,87,52,0.5977011494252874
2026-04-11 19:49:10,88,62,0.7045454545454546
2026-04-11 19:50:11,90,55,0.6111111111111112
2026-04-11 19:51:12,90,54,0.6
2026-04-11 19:52:13,91,62,0.6813186813186813
2026-04-11 19:53:14,92,59,0.6413043478260869
2026-04-11 19:54:16,93,58,0.6236559139784946
2026-04-11 19:55:17,93,55,0.5913978494623656
2026-04-11 19:56:18,95,59,0.6210526315789474
2026-04-11 19:57:19,96,59,0.6145833333333334
2026-04-11 19:58:20,96,64,0.6666666666666666
2026-04-11 19:59:22,96,57,0.59375
2026-04-11 20:00:23,97,61,0.6288659793814433
2026-04-11 20:01:24,97,65,0.6701030927835051
2026-04-11 20:02:25,98,63,0.6428571428571429
2026-04-11 20:03:26,97,70,0.7216494845360825
2026-04-11 20:04:27,95,63,0.6631578947368421
2026-04-11 20:05:28,95,62,0.6526315789473685
2026-04-11 20:06:30,96,66,0.6875
2026-04-11 20:07:31,96,62,0.6458333333333334
2026-04-11 20:08:32,96,64,0.6666666666666666
2026-04-11 20:09:33,98,68,0.6938775510204082
2026-04-11 20:10:34,97,68,0.7010309278350515
2026-04-11 20:11:35,99,63,0.6363636363636364
2026-04-11 20:12:37,102,72,0.7058823529411765
2026-04-11 20:13:38,102,65,0.6372549019607843
2026-04-11 20:14:39,101,68,0.6732673267326733
2026-04-11 20:15:40,101,69,0.6831683168316832
2026-04-11 20:16:41,102,73,0.7156862745098039
2026-04-11 20:17:42,102,67,0.6568627450980392
2026-04-11 20:18:44,102,75,0.7352941176470589
2026-04-11 20:19:45,101,71,0.7029702970297029
2026-04-11 20:20:46,103,69,0.6699029126213593
2026-04-11 20:21:47,102,72,0.7058823529411765
2026-04-11 20:22:48,103,73,0.7087378640776699
2026-04-11 20:23:50,102,68,0.6666666666666666
2026-04-11 20:24:51,103,76,0.7378640776699029
2026-04-11 20:25:52,103,73,0.7087378640776699
2026-04-11 20:26:53,104,69,0.6634615384615384
2026-04-11 20:27:55,105,76,0.7238095238095238
2026-04-11 20:28:56,107,74,0.6915887850467289
2026-04-11 20:29:57,107,69,0.6448598130841121
2026-04-11 20:30:58,107,75,0.7009345794392523
2026-04-11 20:31:59,107,71,0.6635514018691588
2026-04-11 20:33:01,107,70,0.6542056074766355
2026-04-11 20:34:02,109,83,0.7614678899082569
2026-04-11 20:35:03,110,76,0.6909090909090909
2026-04-11 20:36:05,110,73,0.6636363636363637
2026-04-11 20:37:06,109,79,0.7247706422018348
2026-04-11 20:38:07,108,76,0.7037037037037037
2026-04-11 20:39:08,108,75,0.6944444444444444
2026-04-11 20:40:10,108,77,0.7129629629629629
2026-04-11 20:41:11,110,80,0.7272727272727273
2026-04-11 20:42:12,110,73,0.6636363636363637
2026-04-11 20:43:13,111,82,0.7387387387387387
2026-04-11 20:44:15,111,75,0.6756756756756757
2026-04-11 20:45:16,109,72,0.6605504587155964
2026-04-11 20:46:17,111,75,0.6756756756756757
2026-04-11 20:47:18,110,74,0.6727272727272727
2026-04-11 20:48:20,110,70,0.6363636363636364
2026-04-11 20:49:21,110,77,0.7
2026-04-11 20:50:22,110,70,0.6363636363636364
2026-04-11 20:51:23,108,75,0.6944444444444444
2026-04-11 20:52:25,107,78,0.7289719626168224
2026-04-11 20:53:26,106,72,0.6792452830188679
2026-04-11 20:54:27,108,75,0.6944444444444444
2026-04-11 20:55:28,107,70,0.6542056074766355
2026-04-11 20:56:29,108,72,0.6666666666666666
2026-04-11 20:57:31,107,76,0.7102803738317757
2026-04-11 20:58:32,109,76,0.6972477064220184
2026-04-11 20:59:33,109,74,0.6788990825688074
2026-04-11 21:00:34,108,76,0.7037037037037037
2026-04-11 21:01:35,108,75,0.6944444444444444
2026-04-11 21:02:37,106,73,0.6886792452830188
2026-04-11 21:03:38,106,75,0.7075471698113207
2026-04-11 21:04:39,105,77,0.7333333333333333
2026-04-11 21:05:40,105,67,0.638095238095238
2026-04-11 21:06:42,105,75,0.7142857142857143
2026-04-11 21:07:43,105,72,0.6857142857142857
2026-04-11 21:08:44,104,72,0.6923076923076923
2026-04-11 21:09:45,106,75,0.7075471698113207
2026-04-11 21:10:46,105,75,0.7142857142857143
2026-04-11 21:11:48,108,76,0.7037037037037037
2026-04-11 21:12:49,107,80,0.7476635514018691
2026-04-11 21:13:50,108,80,0.7407407407407407
2026-04-11 21:14:51,110,79,0.7181818181818181
2026-04-11 21:15:53,110,76,0.6909090909090909
2026-04-11 21:16:54,111,81,0.7297297297297297
2026-04-11 21:17:55,111,75,0.6756756756756757
2026-04-11 21:18:56,113,81,0.7168141592920354
2026-04-11 21:19:58,114,82,0.7192982456140351
2026-04-11 21:20:59,114,79,0.6929824561403509
2026-04-11 21:22:00,113,80,0.7079646017699115
2026-04-11 21:23:02,112,80,0.7142857142857143
2026-04-11 21:24:03,111,73,0.6576576576576577
2026-04-11 21:25:04,110,79,0.7181818181818181
2026-04-11 21:26:05,110,75,0.6818181818181818
2026-04-11 21:27:07,110,75,0.6818181818181818
2026-04-11 21:28:08,110,79,0.7181818181818181
2026-04-11 21:29:09,108,75,0.6944444444444444
2026-04-11 21:30:10,107,72,0.6728971962616822
2026-04-11 21:31:12,107,77,0.719626168224299
2026-04-11 21:32:13,107,73,0.6822429906542056
2026-04-11 21:33:14,109,74,0.6788990825688074
2026-04-11 21:34:15,110,73,0.6636363636363637
2026-04-11 21:35:17,109,73,0.6697247706422018
2026-04-11 21:36:18,109,70,0.6422018348623854
2026-04-11 21:37:19,108,75,0.6944444444444444
2026-04-11 21:38:21,110,75,0.6818181818181818
2026-04-11 21:39:22,112,80,0.7142857142857143
2026-04-11 21:40:24,113,78,0.6902654867256637
2026-04-11 21:41:25,113,74,0.6548672566371682
2026-04-11 21:42:26,112,77,0.6875
2026-04-11 21:43:27,112,75,0.6696428571428571
2026-04-11 21:44:29,111,72,0.6486486486486487
2026-04-11 21:45:30,111,80,0.7207207207207207
2026-04-11 21:46:31,111,75,0.6756756756756757
2026-04-11 21:47:32,109,73,0.6697247706422018
2026-04-11 21:48:34,109,81,0.7431192660550459
2026-04-11 21:49:35,108,74,0.6851851851851852
2026-04-11 21:50:36,106,70,0.660377358490566
2026-04-11 21:51:37,106,76,0.7169811320754716
2026-04-11 21:52:38,105,73,0.6952380952380952
2026-04-11 21:53:40,105,72,0.6857142857142857
2026-04-11 21:54:41,107,76,0.7102803738317757
2026-04-11 21:55:42,107,74,0.6915887850467289
2026-04-11 21:56:43,107,71,0.6635514018691588
2026-04-11 21:57:45,106,78,0.7358490566037735
2026-04-11 21:58:46,105,75,0.7142857142857143
2026-04-11 21:59:47,104,69,0.6634615384615384
2026-04-11 22:00:48,103,75,0.7281553398058253
2026-04-11 22:01:50,103,72,0.6990291262135923
2026-04-11 22:02:51,103,68,0.6601941747572816
2026-04-11 22:03:52,104,73,0.7019230769230769
2026-04-11 22:04:53,103,73,0.7087378640776699
2026-04-11 22:05:54,103,68,0.6601941747572816
2026-04-11 22:06:56,104,77,0.7403846153846154
2026-04-11 22:07:57,106,73,0.6886792452830188
2026-04-11 22:08:58,105,72,0.6857142857142857
2026-04-11 22:09:59,105,75,0.7142857142857143
2026-04-11 22:11:01,104,73,0.7019230769230769
2026-04-11 22:12:02,104,68,0.6538461538461539
2026-04-11 22:13:03,104,68,0.6538461538461539
2026-04-11 22:14:05,104,68,0.6538461538461539
2026-04-11 22:15:06,105,67,0.638095238095238
2026-04-11 22:16:07,105,70,0.6666666666666666
2026-04-11 22:17:09,102,69,0.6764705882352942
2026-04-11 22:18:10,102,61,0.5980392156862745
2026-04-11 22:19:11,101,70,0.693069306930693
2026-04-11 22:20:12,100,68,0.68
2026-04-11 22:21:13,99,62,0.6262626262626263
2026-04-11 22:22:15,97,67,0.6907216494845361
2026-04-11 22:23:16,96,66,0.6875
2026-04-11 22:24:17,96,59,0.6145833333333334
2026-04-11 22:25:18,95,65,0.6842105263157895
2026-04-11 22:26:19,94,64,0.6808510638297872
2026-04-11 22:27:20,95,58,0.6105263157894737
2026-04-11 22:28:22,95,64,0.6736842105263158
2026-04-11 22:29:23,93,64,0.6881720430107527
2026-04-11 22:30:24,91,57,0.6263736263736264
2026-04-11 22:31:25,91,62,0.6813186813186813
2026-04-11 22:32:26,90,61,0.6777777777777778
2026-04-11 22:33:27,90,57,0.6333333333333333
2026-04-11 22:34:28,90,61,0.6777777777777778
2026-04-11 22:35:30,89,58,0.651685393258427
2026-04-11 22:36:31,89,60,0.6741573033707865
2026-04-11 22:37:32,90,60,0.6666666666666666
2026-04-11 22:38:33,88,58,0.6590909090909091
2026-04-11 22:39:34,87,58,0.6666666666666666
2026-04-11 22:40:35,85,60,0.7058823529411765
2026-04-11 22:41:36,85,57,0.6705882352941176
2026-04-11 22:42:38,85,58,0.6823529411764706
2026-04-11 22:43:39,84,56,0.6666666666666666
2026-04-11 22:44:40,84,53,0.6309523809523809
2026-04-11 22:45:41,84,58,0.6904761904761905
2026-04-11 22:46:42,83,59,0.7108433734939759
2026-04-11 22:47:43,81,49,0.6049382716049383
2026-04-11 22:48:44,81,56,0.691358024691358
2026-04-11 22:49:45,82,57,0.6951219512195121
2026-04-11 22:50:47,82,51,0.6219512195121951
2026-04-11 22:51:48,81,53,0.654320987654321
2026-04-11 22:52:49,82,56,0.6829268292682927
2026-04-11 22:53:50,82,55,0.6707317073170732
2026-04-11 22:54:51,83,57,0.6867469879518072
2026-04-11 22:55:52,83,61,0.7349397590361446
2026-04-11 22:56:53,81,58,0.7160493827160493
2026-04-11 22:57:54,82,62,0.7560975609756098
2026-04-11 22:58:56,82,58,0.7073170731707317
2026-04-11 22:59:57,84,58,0.6904761904761905
2026-04-11 23:00:58,85,57,0.6705882352941176
2026-04-11 23:01:59,86,58,0.6744186046511628
2026-04-11 23:03:00,87,58,0.6666666666666666
2026-04-11 23:04:01,86,60,0.6976744186046512
2026-04-11 23:05:02,84,59,0.7023809523809523
2026-04-11 23:06:04,84,55,0.6547619047619048
2026-04-11 23:07:05,85,60,0.7058823529411765
2026-04-11 23:08:06,86,57,0.6627906976744186
2026-04-11 23:09:07,86,59,0.686046511627907
2026-04-11 23:10:08,86,62,0.7209302325581395
2026-04-11 23:11:09,86,61,0.7093023255813954
2026-04-11 23:12:10,86,56,0.6511627906976745
2026-04-11 23:13:12,86,57,0.6627906976744186
2026-04-11 23:14:13,87,58,0.6666666666666666
2026-04-11 23:15:14,87,58,0.6666666666666666
2026-04-11 23:16:15,88,63,0.7159090909090909
2026-04-11 23:17:16,87,63,0.7241379310344828
2026-04-11 23:18:17,87,52,0.5977011494252874
2026-04-11 23:19:19,87,63,0.7241379310344828
2026-04-11 23:20:20,85,59,0.6941176470588235
2026-04-11 23:21:21,86,58,0.6744186046511628
2026-04-11 23:22:22,85,61,0.7176470588235294
2026-04-11 23:23:23,84,58,0.6904761904761905
2026-04-11 23:24:24,84,55,0.6547619047619048
2026-04-11 23:25:25,82,60,0.7317073170731707
2026-04-11 23:26:27,81,57,0.7037037037037037
2026-04-11 23:27:28,81,56,0.691358024691358
2026-04-11 23:28:29,81,57,0.7037037037037037
2026-04-11 23:29:30,80,56,0.7
2026-04-11 23:30:31,80,53,0.6625
2026-04-11 23:31:32,79,57,0.7215189873417721
2026-04-11 23:32:33,78,52,0.6666666666666666
2026-04-11 23:33:35,79,56,0.7088607594936709
2026-04-11 23:34:36,80,57,0.7125
2026-04-11 23:35:37,78,49,0.6282051282051282
2026-04-11 23:36:38,78,49,0.6282051282051282
2026-04-11 23:37:39,79,50,0.6329113924050633
2026-04-11 23:38:40,80,50,0.625
2026-04-11 23:39:41,80,52,0.65
2026-04-11 23:40:42,80,50,0.625
2026-04-11 23:41:43,82,52,0.6341463414634146
2026-04-11 23:42:45,81,53,0.654320987654321
2026-04-11 23:43:46,81,51,0.6296296296296297
2026-04-11 23:44:47,82,56,0.6829268292682927
2026-04-11 23:45:48,82,55,0.6707317073170732
2026-04-11 23:46:49,81,56,0.691358024691358
2026-04-11 23:47:50,81,52,0.6419753086419753
2026-04-11 23:48:51,81,58,0.7160493827160493
2026-04-11 23:49:53,80,54,0.675
2026-04-11 23:50:54,81,53,0.654320987654321
2026-04-11 23:51:55,81,52,0.6419753086419753
2026-04-11 23:52:56,81,52,0.6419753086419753
2026-04-11 23:53:57,80,52,0.65
2026-04-11 23:54:58,82,52,0.6341463414634146
2026-04-11 23:55:59,81,55,0.6790123456790124
2026-04-11 23:57:00,82,53,0.6463414634146342
2026-04-11 23:58:01,83,62,0.7469879518072289
2026-04-11 23:59:03,82,56,0.6829268292682927
2026-04-12 00:00:04,82,53,0.6463414634146342
2026-04-12 00:01:05,83,54,0.6506024096385542
2026-04-12 00:02:06,84,54,0.6428571428571429
2026-04-12 00:03:07,85,53,0.6235294117647059
2026-04-12 00:04:08,84,56,0.6666666666666666
2026-04-12 00:05:10,84,50,0.5952380952380952
2026-04-12 00:06:11,85,48,0.5647058823529412
2026-04-12 00:07:12,84,47,0.5595238095238095
2026-04-12 00:08:13,81,50,0.6172839506172839
2026-04-12 00:09:14,81,50,0.6172839506172839
2026-04-12 00:10:15,81,52,0.6419753086419753
2026-04-12 00:11:16,82,52,0.6341463414634146
2026-04-12 00:12:17,80,46,0.575
2026-04-12 00:13:19,81,53,0.654320987654321
2026-04-12 00:14:20,80,48,0.6
2026-04-12 00:15:21,80,51,0.6375
2026-04-12 00:16:22,80,54,0.675
2026-04-12 00:17:23,80,50,0.625
2026-04-12 00:18:24,80,48,0.6
2026-04-12 00:19:25,78,48,0.6153846153846154
2026-04-12 00:20:26,78,45,0.5769230769230769
2026-04-12 00:21:27,80,53,0.6625
2026-04-12 00:22:28,81,48,0.5925925925925926
2026-04-12 00:23:29,81,48,0.5925925925925926
2026-04-12 00:24:30,81,48,0.5925925925925926
2026-04-12 00:25:31,81,47,0.5802469135802469
2026-04-12 00:26:33,80,50,0.625
2026-04-12 00:27:34,79,48,0.6075949367088608
2026-04-12 00:28:35,79,48,0.6075949367088608
2026-04-12 00:29:36,78,45,0.5769230769230769
2026-04-12 00:30:37,78,47,0.6025641025641025
2026-04-12 00:31:38,75,45,0.6
2026-04-12 00:32:39,74,43,0.581081081081081
2026-04-12 00:33:40,73,46,0.6301369863013698
2026-04-12 00:34:42,74,49,0.6621621621621622
2026-04-12 00:35:43,74,45,0.6081081081081081
2026-04-12 00:36:44,71,46,0.647887323943662
2026-04-12 00:37:45,70,46,0.6571428571428571
2026-04-12 00:38:46,71,41,0.5774647887323944
2026-04-12 00:39:47,71,48,0.676056338028169
2026-04-12 00:40:48,70,43,0.6142857142857143
2026-04-12 00:41:49,69,44,0.6376811594202898
2026-04-12 00:42:50,69,43,0.6231884057971014
2026-04-12 00:43:51,69,44,0.6376811594202898
2026-04-12 00:44:52,70,44,0.6285714285714286
2026-04-12 00:45:53,70,45,0.6428571428571429
2026-04-12 00:46:54,69,48,0.6956521739130435
2026-04-12 00:47:55,69,44,0.6376811594202898
2026-04-12 00:48:56,69,41,0.5942028985507246
2026-04-12 00:49:57,69,41,0.5942028985507246
2026-04-12 00:50:58,69,43,0.6231884057971014
2026-04-12 00:51:59,69,39,0.5652173913043478
2026-04-12 00:53:00,69,39,0.5652173913043478
2026-04-12 00:54:01,68,37,0.5441176470588235
2026-04-12 00:55:02,68,39,0.5735294117647058
2026-04-12 00:56:03,68,39,0.5735294117647058
2026-04-12 00:57:05,68,36,0.5294117647058824
2026-04-12 00:58:06,68,35,0.5147058823529411
2026-04-12 00:59:07,66,36,0.5454545454545454
2026-04-12 01:00:08,66,34,0.5151515151515151
2026-04-12 01:01:09,63,34,0.5396825396825397
2026-04-12 01:02:10,63,35,0.5555555555555556
2026-04-12 01:03:10,62,33,0.532258064516129
2026-04-12 01:04:11,61,37,0.6065573770491803
2026-04-12 01:05:13,60,35,0.5833333333333334
2026-04-12 01:06:13,61,31,0.5081967213114754
2026-04-12 01:07:14,59,32,0.5423728813559322
2026-04-12 01:08:15,58,32,0.5517241379310345
2026-04-12 01:09:16,59,31,0.5254237288135594
2026-04-12 01:10:17,62,33,0.532258064516129
2026-04-12 01:11:18,62,31,0.5
2026-04-12 01:12:19,62,29,0.46774193548387094
2026-04-12 01:13:20,63,28,0.4444444444444444
2026-04-12 01:14:21,63,27,0.42857142857142855
2026-04-12 01:15:22,61,28,0.45901639344262296
2026-04-12 01:16:23,62,32,0.5161290322580645
2026-04-12 01:17:24,62,30,0.4838709677419355
2026-04-12 01:18:25,61,29,0.47540983606557374
2026-04-12 01:19:26,57,30,0.5263157894736842
2026-04-12 01:20:27,58,30,0.5172413793103449
2026-04-12 01:21:28,59,37,0.6271186440677966
2026-04-12 01:22:29,58,38,0.6551724137931034
2026-04-12 01:23:29,58,36,0.6206896551724138
2026-04-12 01:24:30,60,43,0.7166666666666667
2026-04-12 01:25:31,60,35,0.5833333333333334
2026-04-12 01:26:32,62,38,0.6129032258064516
2026-04-12 01:27:33,65,43,0.6615384615384615
2026-04-12 01:28:34,67,43,0.6417910447761194
2026-04-12 01:29:35,67,37,0.5522388059701493
2026-04-12 01:30:36,68,41,0.6029411764705882
2026-04-12 01:31:37,67,39,0.582089552238806
2026-04-12 01:32:38,67,37,0.5522388059701493
2026-04-12 01:33:39,67,38,0.5671641791044776
2026-04-12 01:34:40,66,40,0.6060606060606061
2026-04-12 01:35:41,66,37,0.5606060606060606
2026-04-12 01:36:42,65,38,0.5846153846153846
2026-04-12 01:37:43,66,39,0.5909090909090909
2026-04-12 01:38:44,66,40,0.6060606060606061
2026-04-12 01:39:45,67,45,0.6716417910447762
2026-04-12 01:40:46,66,42,0.6363636363636364
2026-04-12 01:41:47,66,40,0.6060606060606061
2026-04-12 01:42:48,66,39,0.5909090909090909
2026-04-12 01:43:49,64,39,0.609375
2026-04-12 01:44:50,64,40,0.625
2026-04-12 01:45:51,66,43,0.6515151515151515
2026-04-12 01:46:52,66,42,0.6363636363636364
2026-04-12 01:47:53,67,41,0.6119402985074627
2026-04-12 01:48:54,69,43,0.6231884057971014
2026-04-12 01:49:55,68,45,0.6617647058823529
2026-04-12 01:50:55,68,42,0.6176470588235294
2026-04-12 01:51:56,69,46,0.6666666666666666
2026-04-12 01:52:57,68,45,0.6617647058823529
2026-04-12 01:53:58,70,46,0.6571428571428571
2026-04-12 01:54:59,70,46,0.6571428571428571
2026-04-12 01:56:00,70,44,0.6285714285714286
2026-04-12 01:57:02,72,48,0.6666666666666666
2026-04-12 01:58:03,72,49,0.6805555555555556
2026-04-12 01:59:04,71,46,0.647887323943662
2026-04-12 02:00:05,71,46,0.647887323943662
2026-04-12 02:01:06,71,49,0.6901408450704225
2026-04-12 02:02:07,71,45,0.6338028169014085
2026-04-12 02:03:08,71,47,0.6619718309859155
2026-04-12 02:04:09,72,48,0.6666666666666666
2026-04-12 02:05:10,75,49,0.6533333333333333
2026-04-12 02:06:11,75,42,0.56
2026-04-12 02:07:12,77,50,0.6493506493506493
2026-04-12 02:08:13,80,48,0.6
2026-04-12 02:09:14,81,45,0.5555555555555556
2026-04-12 02:10:15,82,50,0.6097560975609756
2026-04-12 02:11:16,81,45,0.5555555555555556
2026-04-12 02:12:17,81,44,0.5432098765432098
2026-04-12 02:13:18,81,53,0.654320987654321
2026-04-12 02:14:19,79,47,0.5949367088607594
2026-04-12 02:15:20,79,48,0.6075949367088608
2026-04-12 02:16:21,80,48,0.6
2026-04-12 02:17:22,79,47,0.5949367088607594
2026-04-12 02:18:23,79,46,0.5822784810126582
2026-04-12 02:19:24,81,52,0.6419753086419753
2026-04-12 02:20:25,80,48,0.6
2026-04-12 02:21:26,81,51,0.6296296296296297
2026-04-12 02:22:27,80,46,0.575
2026-04-12 02:23:28,80,45,0.5625
2026-04-12 02:24:30,81,44,0.5432098765432098
2026-04-12 02:25:31,81,49,0.6049382716049383
2026-04-12 02:26:32,80,44,0.55
2026-04-12 02:27:33,82,50,0.6097560975609756
2026-04-12 02:28:34,82,50,0.6097560975609756
2026-04-12 02:29:35,81,42,0.5185185185185185
2026-04-12 02:30:36,81,47,0.5802469135802469
2026-04-12 02:31:37,80,46,0.575
2026-04-12 02:32:38,80,46,0.575
2026-04-12 02:33:39,82,52,0.6341463414634146
2026-04-12 02:34:40,81,49,0.6049382716049383
2026-04-12 02:35:41,84,49,0.5833333333333334
2026-04-12 02:36:42,84,45,0.5357142857142857
2026-04-12 02:37:43,86,48,0.5581395348837209
2026-04-12 02:38:44,85,49,0.5764705882352941
2026-04-12 02:39:45,85,49,0.5764705882352941
2026-04-12 02:40:46,88,53,0.6022727272727273
2026-04-12 02:41:47,91,47,0.5164835164835165
2026-04-12 02:42:48,91,54,0.5934065934065934
2026-04-12 02:43:49,90,57,0.6333333333333333
2026-04-12 02:44:50,90,57,0.6333333333333333
2026-04-12 02:45:51,93,63,0.6774193548387096
2026-04-12 02:46:52,91,64,0.7032967032967034
2026-04-12 02:47:54,91,60,0.6593406593406593
2026-04-12 02:48:55,90,60,0.6666666666666666
2026-04-12 02:49:56,91,64,0.7032967032967034
2026-04-12 02:50:57,92,57,0.6195652173913043
2026-04-12 02:51:58,93,63,0.6774193548387096
2026-04-12 02:52:59,93,60,0.6451612903225806
2026-04-12 02:54:00,91,55,0.6043956043956044
2026-04-12 02:55:01,93,62,0.6666666666666666
2026-04-12 02:56:02,92,61,0.6630434782608695
2026-04-12 02:57:04,94,57,0.6063829787234043
2026-04-12 02:58:05,95,65,0.6842105263157895
2026-04-12 02:59:06,95,61,0.6421052631578947
2026-04-12 03:00:07,97,61,0.6288659793814433
2026-04-12 03:01:08,95,63,0.6631578947368421
2026-04-12 03:02:09,94,64,0.6808510638297872
2026-04-12 03:03:10,96,63,0.65625
2026-04-12 03:04:11,95,67,0.7052631578947368
2026-04-12 03:05:13,96,68,0.7083333333333334
2026-04-12 03:06:14,96,63,0.65625
2026-04-12 03:07:15,98,68,0.6938775510204082
2026-04-12 03:08:16,97,69,0.711340206185567
2026-04-12 03:09:17,98,64,0.6530612244897959
2026-04-12 03:10:18,97,66,0.6804123711340206
2026-04-12 03:11:19,97,64,0.6597938144329897
2026-04-12 03:12:20,97,65,0.6701030927835051
2026-04-12 03:13:22,96,71,0.7395833333333334
2026-04-12 03:14:23,96,68,0.7083333333333334
2026-04-12 03:15:24,95,65,0.6842105263157895
2026-04-12 03:16:25,95,70,0.7368421052631579
2026-04-12 03:17:26,95,68,0.7157894736842105
2026-04-12 03:18:27,95,66,0.6947368421052632
2026-04-12 03:19:28,94,69,0.7340425531914894
2026-04-12 03:20:30,93,69,0.7419354838709677
2026-04-12 03:21:31,95,69,0.7263157894736842
2026-04-12 03:22:32,96,72,0.75
2026-04-12 03:23:33,96,70,0.7291666666666666
2026-04-12 03:24:34,96,65,0.6770833333333334
2026-04-12 03:25:35,97,67,0.6907216494845361
2026-04-12 03:26:36,97,66,0.6804123711340206
2026-04-12 03:27:38,96,39,0.40625
2026-04-12 03:28:39,97,66,0.6804123711340206
2026-04-12 03:29:40,97,69,0.711340206185567
2026-04-12 03:30:41,98,70,0.7142857142857143
2026-04-12 03:31:42,98,69,0.7040816326530612
2026-04-12 03:32:43,97,72,0.7422680412371134
2026-04-12 03:33:44,99,73,0.7373737373737373
2026-04-12 03:34:45,99,77,0.7777777777777778
2026-04-12 03:35:47,101,68,0.6732673267326733
2026-04-12 03:36:48,102,73,0.7156862745098039
2026-04-12 03:37:49,102,74,0.7254901960784313
2026-04-12 03:38:50,102,72,0.7058823529411765
2026-04-12 03:39:51,102,79,0.7745098039215687
2026-04-12 03:40:52,102,74,0.7254901960784313
2026-04-12 03:41:54,102,73,0.7156862745098039
2026-04-12 03:42:55,101,74,0.7326732673267327
2026-04-12 03:43:56,101,73,0.7227722772277227
2026-04-12 03:44:57,102,72,0.7058823529411765
2026-04-12 03:45:58,101,79,0.7821782178217822
2026-04-12 03:46:59,100,76,0.76
2026-04-12 03:48:01,101,76,0.7524752475247525
2026-04-12 03:49:02,101,75,0.7425742574257426
2026-04-12 03:50:03,101,72,0.7128712871287128
2026-04-12 03:51:05,101,74,0.7326732673267327
2026-04-12 03:52:06,102,76,0.7450980392156863
2026-04-12 03:53:07,103,74,0.7184466019417476
2026-04-12 03:54:08,103,73,0.7087378640776699
2026-04-12 03:55:09,103,76,0.7378640776699029
2026-04-12 03:56:10,103,78,0.7572815533980582
2026-04-12 03:57:12,105,74,0.7047619047619048
2026-04-12 03:58:13,104,76,0.7307692307692307
2026-04-12 03:59:14,104,79,0.7596153846153846
2026-04-12 04:00:15,104,73,0.7019230769230769
2026-04-12 04:01:16,105,78,0.7428571428571429
2026-04-12 04:02:18,106,83,0.7830188679245284
2026-04-12 04:03:19,107,76,0.7102803738317757
2026-04-12 04:04:20,107,78,0.7289719626168224
2026-04-12 04:05:21,108,80,0.7407407407407407
2026-04-12 04:06:23,108,74,0.6851851851851852
2026-04-12 04:07:24,109,76,0.6972477064220184
2026-04-12 04:08:25,110,77,0.7
2026-04-12 04:09:26,112,82,0.7321428571428571
2026-04-12 04:10:27,113,81,0.7168141592920354
2026-04-12 04:11:29,112,78,0.6964285714285714
2026-04-12 04:12:30,112,78,0.6964285714285714
2026-04-12 04:13:31,113,85,0.7522123893805309
2026-04-12 04:14:32,113,84,0.7433628318584071
2026-04-12 04:15:34,113,87,0.7699115044247787
2026-04-12 04:16:35,113,87,0.7699115044247787
2026-04-12 04:17:36,113,78,0.6902654867256637
2026-04-12 04:18:37,113,78,0.6902654867256637
2026-04-12 04:19:39,112,87,0.7767857142857143
2026-04-12 04:20:40,111,81,0.7297297297297297
2026-04-12 04:21:41,113,82,0.7256637168141593
2026-04-12 04:22:42,113,84,0.7433628318584071
2026-04-12 04:23:43,114,80,0.7017543859649122
2026-04-12 04:24:45,115,84,0.7304347826086957
2026-04-12 04:25:46,115,78,0.6782608695652174
2026-04-12 04:26:47,113,76,0.672566371681416
2026-04-12 04:27:48,115,84,0.7304347826086957
2026-04-12 04:28:50,115,80,0.6956521739130435
2026-04-12 04:29:51,118,80,0.6779661016949152
2026-04-12 04:30:52,118,82,0.6949152542372882
2026-04-12 04:31:54,119,86,0.7226890756302521
2026-04-12 04:32:55,119,81,0.680672268907563
2026-04-12 04:33:56,119,84,0.7058823529411765
2026-04-12 04:34:57,119,84,0.7058823529411765
2026-04-12 04:35:59,120,76,0.6333333333333333
2026-04-12 04:37:00,121,88,0.7272727272727273
2026-04-12 04:38:01,121,82,0.6776859504132231
2026-04-12 04:39:03,120,78,0.65
2026-04-12 04:40:04,120,85,0.7083333333333334
2026-04-12 04:41:05,119,78,0.6554621848739496
2026-04-12 04:42:07,115,78,0.6782608695652174
2026-04-12 04:43:08,115,81,0.7043478260869566
2026-04-12 04:44:09,114,80,0.7017543859649122
2026-04-12 04:45:10,117,83,0.7094017094017094
2026-04-12 04:46:12,118,84,0.711864406779661
2026-04-12 04:47:13,118,82,0.6949152542372882
2026-04-12 04:48:15,117,80,0.6837606837606838
2026-04-12 04:49:16,116,81,0.6982758620689655
2026-04-12 04:50:17,114,82,0.7192982456140351
2026-04-12 04:51:19,116,85,0.7327586206896551
2026-04-12 04:52:20,115,86,0.7478260869565218
2026-04-12 04:53:21,116,88,0.7586206896551724
2026-04-12 04:54:22,117,83,0.7094017094017094
2026-04-12 04:55:24,116,87,0.75
2026-04-12 04:56:25,116,87,0.75
2026-04-12 04:57:26,118,84,0.711864406779661
2026-04-12 04:58:27,118,92,0.7796610169491526
2026-04-12 04:59:29,119,81,0.680672268907563
2026-04-12 05:00:30,119,82,0.6890756302521008
2026-04-12 05:01:31,119,86,0.7226890756302521
2026-04-12 05:02:33,118,83,0.7033898305084746
2026-04-12 05:03:34,120,83,0.6916666666666667
2026-04-12 05:04:35,119,88,0.7394957983193278
2026-04-12 05:05:37,118,83,0.7033898305084746
2026-04-12 05:06:38,116,87,0.75
2026-04-12 05:07:39,118,87,0.7372881355932204
2026-04-12 05:08:41,117,86,0.7350427350427351
2026-04-12 05:09:42,116,87,0.75
2026-04-12 05:10:43,117,83,0.7094017094017094
2026-04-12 05:11:44,119,81,0.680672268907563
2026-04-12 05:12:46,120,86,0.7166666666666667
2026-04-12 05:13:47,119,83,0.6974789915966386
2026-04-12 05:14:48,119,85,0.7142857142857143
2026-04-12 05:15:50,119,86,0.7226890756302521
2026-04-12 05:16:51,119,86,0.7226890756302521
2026-04-12 05:17:52,121,87,0.71900826446281
2026-04-12 05:18:54,122,94,0.7704918032786885
2026-04-12 05:19:55,122,88,0.7213114754098361
2026-04-12 05:20:56,124,89,0.717741935483871
2026-04-12 05:21:58,123,86,0.6991869918699187
2026-04-12 05:22:59,124,87,0.7016129032258065
2026-04-12 05:24:00,123,83,0.6747967479674797
2026-04-12 05:25:02,124,95,0.7661290322580645
2026-04-12 05:26:03,125,88,0.704
2026-04-12 05:27:04,123,86,0.6991869918699187
2026-04-12 05:28:06,124,88,0.7096774193548387
2026-04-12 05:29:07,122,78,0.639344262295082
2026-04-12 05:30:08,121,81,0.6694214876033058
2026-04-12 05:31:10,121,88,0.7272727272727273
2026-04-12 05:32:11,123,85,0.6910569105691057
2026-04-12 05:33:12,124,83,0.6693548387096774
2026-04-12 05:34:14,126,91,0.7222222222222222
2026-04-12 05:35:15,124,98,0.7903225806451613
2026-04-12 05:36:16,124,89,0.717741935483871
2026-04-12 05:37:18,122,91,0.7459016393442623
2026-04-12 05:38:19,123,87,0.7073170731707317
2026-04-12 05:39:20,122,91,0.7459016393442623
2026-04-12 05:40:22,125,94,0.752
2026-04-12 05:41:23,125,94,0.752
2026-04-12 05:42:24,129,96,0.7441860465116279
2026-04-12 05:43:26,130,98,0.7538461538461538
2026-04-12 05:44:27,129,99,0.7674418604651163
2026-04-12 05:45:29,129,101,0.7829457364341085
2026-04-12 05:46:30,128,94,0.734375
2026-04-12 05:47:31,127,95,0.7480314960629921
2026-04-12 05:48:33,127,96,0.7559055118110236
2026-04-12 05:49:34,127,95,0.7480314960629921
2026-04-12 05:50:36,127,90,0.7086614173228346
2026-04-12 05:51:37,128,96,0.75
2026-04-12 05:52:38,127,90,0.7086614173228346
2026-04-12 05:53:40,130,96,0.7384615384615385
2026-04-12 05:54:41,129,95,0.7364341085271318
2026-04-12 05:55:42,130,94,0.7230769230769231
2026-04-12 05:56:44,131,98,0.7480916030534351
2026-04-12 05:57:45,133,97,0.7293233082706767
2026-04-12 05:58:47,131,94,0.7175572519083969
2026-04-12 05:59:48,132,92,0.696969696969697
2026-04-12 06:00:49,132,99,0.75
2026-04-12 06:01:51,131,97,0.7404580152671756
2026-04-12 06:02:52,129,98,0.7596899224806202
2026-04-12 06:03:53,130,95,0.7307692307692307
2026-04-12 06:04:55,132,95,0.7196969696969697
2026-04-12 06:05:56,133,92,0.6917293233082706
2026-04-12 06:06:58,134,99,0.7388059701492538
2026-04-12 06:07:59,134,92,0.6865671641791045
2026-04-12 06:09:00,129,96,0.7441860465116279
2026-04-12 06:10:02,129,98,0.7596899224806202
2026-04-12 06:11:04,130,96,0.7384615384615385
2026-04-12 06:12:05,130,98,0.7538461538461538
2026-04-12 06:13:07,130,100,0.7692307692307693
2026-04-12 06:14:08,130,96,0.7384615384615385
2026-04-12 06:15:09,128,96,0.75
2026-04-12 06:16:11,127,100,0.7874015748031497
2026-04-12 06:17:12,129,98,0.7596899224806202
2026-04-12 06:18:13,130,96,0.7384615384615385
2026-04-12 06:19:15,130,95,0.7307692307692307
2026-04-12 06:20:16,130,97,0.7461538461538462
2026-04-12 06:21:18,129,94,0.7286821705426356
2026-04-12 06:22:19,128,91,0.7109375
2026-04-12 06:23:20,128,96,0.75
2026-04-12 06:24:22,128,91,0.7109375
2026-04-12 06:25:23,128,94,0.734375
2026-04-12 06:26:25,128,92,0.71875
2026-04-12 06:27:26,129,92,0.7131782945736435
2026-04-12 06:28:27,128,93,0.7265625
2026-04-12 06:29:29,127,85,0.6692913385826772
2026-04-12 06:30:30,126,91,0.7222222222222222
2026-04-12 06:31:31,125,92,0.736
2026-04-12 06:32:33,125,90,0.72
2026-04-12 06:33:34,125,94,0.752
2026-04-12 06:34:35,125,94,0.752
2026-04-12 06:35:37,125,90,0.72
2026-04-12 06:36:38,124,94,0.7580645161290323
2026-04-12 06:37:40,124,97,0.782258064516129
2026-04-12 06:38:41,123,98,0.7967479674796748
2026-04-12 06:39:42,124,102,0.8225806451612904
2026-04-12 06:40:44,124,98,0.7903225806451613
2026-04-12 06:41:45,123,99,0.8048780487804879
2026-04-12 06:42:46,124,103,0.8306451612903226
2026-04-12 06:43:48,124,96,0.7741935483870968
2026-04-12 06:44:49,124,98,0.7903225806451613
2026-04-12 06:45:51,125,101,0.808
2026-04-12 06:46:52,125,101,0.808
2026-04-12 06:47:53,124,95,0.7661290322580645
2026-04-12 06:48:55,125,104,0.832
2026-04-12 06:49:56,125,100,0.8
2026-04-12 06:50:57,126,98,0.7777777777777778
2026-04-12 06:51:59,127,105,0.8267716535433071
2026-04-12 06:53:00,129,105,0.813953488372093
2026-04-12 06:54:02,132,103,0.7803030303030303
2026-04-12 06:55:03,133,108,0.8120300751879699
2026-04-12 06:56:05,134,105,0.7835820895522388
2026-04-12 06:57:06,134,103,0.7686567164179104
2026-04-12 06:58:08,136,106,0.7794117647058824
2026-04-12 06:59:09,136,101,0.7426470588235294
2026-04-12 07:00:10,136,101,0.7426470588235294
2026-04-12 07:01:12,136,101,0.7426470588235294
2026-04-12 07:02:13,136,99,0.7279411764705882
2026-04-12 07:03:15,135,97,0.7185185185185186
2026-04-12 07:04:16,136,102,0.75
2026-04-12 07:05:18,136,100,0.7352941176470589
2026-04-12 07:06:19,135,96,0.7111111111111111
2026-04-12 07:07:21,137,100,0.7299270072992701
2026-04-12 07:08:22,136,98,0.7205882352941176
2026-04-12 07:09:23,137,98,0.7153284671532847
2026-04-12 07:10:25,135,95,0.7037037037037037
2026-04-12 07:11:26,135,98,0.725925925925926
2026-04-12 07:12:28,134,100,0.746268656716418
2026-04-12 07:13:29,134,102,0.7611940298507462
2026-04-12 07:14:31,132,99,0.75
2026-04-12 07:15:32,131,103,0.7862595419847328
2026-04-12 07:16:34,131,100,0.7633587786259542
2026-04-12 07:17:35,132,96,0.7272727272727273
2026-04-12 07:18:36,129,101,0.7829457364341085
2026-04-12 07:19:38,130,101,0.7769230769230769
2026-04-12 07:20:39,131,100,0.7633587786259542
2026-04-12 07:21:41,130,99,0.7615384615384615
2026-04-12 07:22:42,130,102,0.7846153846153846
2026-04-12 07:23:44,133,96,0.7218045112781954
2026-04-12 07:24:45,133,104,0.7819548872180451
2026-04-12 07:25:47,133,104,0.7819548872180451
2026-04-12 07:26:48,134,101,0.753731343283582
2026-04-12 07:27:50,134,106,0.7910447761194029
2026-04-12 07:28:51,133,103,0.7744360902255639
2026-04-12 07:29:52,134,101,0.753731343283582
2026-04-12 07:30:54,134,106,0.7910447761194029
2026-04-12 07:31:55,134,101,0.753731343283582
2026-04-12 07:32:57,134,99,0.7388059701492538
2026-04-12 07:33:58,135,104,0.7703703703703704
2026-04-12 07:35:00,136,104,0.7647058823529411
2026-04-12 07:36:01,136,102,0.75
2026-04-12 07:37:03,135,105,0.7777777777777778
2026-04-12 07:38:04,134,104,0.7761194029850746
2026-04-12 07:39:06,134,108,0.8059701492537313
2026-04-12 07:40:07,136,111,0.8161764705882353
2026-04-12 07:41:09,136,106,0.7794117647058824
2026-04-12 07:42:10,136,103,0.7573529411764706
2026-04-12 07:43:12,137,113,0.8248175182481752
2026-04-12 07:44:13,137,108,0.7883211678832117
2026-04-12 07:45:15,138,102,0.7391304347826086
2026-04-12 07:46:16,139,110,0.7913669064748201
2026-04-12 07:47:18,139,105,0.7553956834532374
2026-04-12 07:48:19,139,100,0.7194244604316546
2026-04-12 07:49:21,138,105,0.7608695652173914
2026-04-12 07:50:22,139,100,0.7194244604316546
2026-04-12 07:51:24,138,104,0.7536231884057971
2026-04-12 07:52:25,137,100,0.7299270072992701
2026-04-12 07:53:27,140,107,0.7642857142857142
2026-04-12 07:54:28,142,106,0.7464788732394366
2026-04-12 07:55:30,142,103,0.7253521126760564
2026-04-12 07:56:31,142,106,0.7464788732394366
2026-04-12 07:57:33,142,105,0.7394366197183099
2026-04-12 07:58:34,142,107,0.7535211267605634
2026-04-12 07:59:36,141,100,0.7092198581560284
2026-04-12 08:00:37,140,107,0.7642857142857142
2026-04-12 08:01:39,139,106,0.762589928057554
2026-04-12 08:02:40,141,107,0.7588652482269503
2026-04-12 08:03:42,143,104,0.7272727272727273
2026-04-12 08:04:43,141,105,0.7446808510638298
2026-04-12 08:05:45,140,101,0.7214285714285714
2026-04-12 08:06:46,138,103,0.7463768115942029
2026-04-12 08:07:48,136,103,0.7573529411764706
2026-04-12 08:08:49,135,98,0.725925925925926
2026-04-12 08:09:51,134,106,0.7910447761194029
2026-04-12 08:10:53,135,104,0.7703703703703704
2026-04-12 08:11:54,136,102,0.75
2026-04-12 08:12:56,137,109,0.7956204379562044
2026-04-12 08:13:57,135,105,0.7777777777777778
2026-04-12 08:14:59,137,101,0.7372262773722628
2026-04-12 08:16:00,138,107,0.7753623188405797
2026-04-12 08:17:02,137,104,0.7591240875912408
2026-04-12 08:18:03,138,103,0.7463768115942029
2026-04-12 08:19:05,138,103,0.7463768115942029
2026-04-12 08:20:06,139,103,0.7410071942446043
2026-04-12 08:21:08,139,105,0.7553956834532374
2026-04-12 08:22:09,139,110,0.7913669064748201
2026-04-12 08:23:11,138,103,0.7463768115942029
2026-04-12 08:24:12,138,104,0.7536231884057971
2026-04-12 08:25:14,138,106,0.7681159420289855
2026-04-12 08:26:15,136,107,0.7867647058823529
2026-04-12 08:27:17,137,103,0.7518248175182481
2026-04-12 08:28:18,138,109,0.7898550724637681
2026-04-12 08:29:20,138,100,0.7246376811594203
2026-04-12 08:30:22,139,104,0.7482014388489209
2026-04-12 08:31:23,138,106,0.7681159420289855
2026-04-12 08:32:25,140,107,0.7642857142857142
2026-04-12 08:33:26,142,111,0.7816901408450704
2026-04-12 08:34:28,143,112,0.7832167832167832
2026-04-12 08:35:29,143,109,0.7622377622377622
2026-04-12 08:36:31,142,115,0.8098591549295775
2026-04-12 08:37:32,142,115,0.8098591549295775
2026-04-12 08:38:34,142,114,0.8028169014084507
2026-04-12 08:39:35,143,108,0.7552447552447552
2026-04-12 08:40:37,144,115,0.7986111111111112
2026-04-12 08:41:38,146,114,0.7808219178082192
2026-04-12 08:42:40,145,108,0.7448275862068966
2026-04-12 08:43:42,146,109,0.7465753424657534
2026-04-12 08:44:43,147,110,0.7482993197278912
2026-04-12 08:45:45,146,110,0.7534246575342466
2026-04-12 08:46:46,148,114,0.7702702702702703
2026-04-12 08:47:48,146,111,0.7602739726027398
2026-04-12 08:48:49,147,122,0.8299319727891157
2026-04-12 08:49:51,146,115,0.7876712328767124
2026-04-12 08:50:53,146,113,0.773972602739726
2026-04-12 08:51:54,149,119,0.7986577181208053
2026-04-12 08:52:56,149,121,0.8120805369127517
2026-04-12 08:53:57,151,109,0.7218543046357616
2026-04-12 08:54:59,151,114,0.7549668874172185
2026-04-12 08:56:00,151,115,0.7615894039735099
2026-04-12 08:57:02,150,110,0.7333333333333333
2026-04-12 08:58:04,150,102,0.68
2026-04-12 08:59:05,150,103,0.6866666666666666
2026-04-12 09:00:07,148,95,0.6418918918918919
2026-04-12 09:01:08,147,107,0.7278911564625851
2026-04-12 09:02:10,144,86,0.5972222222222222
2026-04-12 09:03:11,142,84,0.5915492957746479
2026-04-12 09:04:13,141,103,0.7304964539007093
2026-04-12 09:05:14,140,97,0.6928571428571428
2026-04-12 09:06:16,140,108,0.7714285714285715
2026-04-12 09:07:17,138,100,0.7246376811594203
2026-04-12 09:08:19,135,100,0.7407407407407407
2026-04-12 09:09:20,137,107,0.781021897810219
2026-04-12 09:10:22,138,111,0.8043478260869565
2026-04-12 09:11:24,139,107,0.7697841726618705
2026-04-12 09:12:25,141,108,0.7659574468085106
2026-04-12 09:13:27,142,113,0.795774647887324
2026-04-12 09:14:28,143,108,0.7552447552447552
2026-04-12 09:15:30,143,110,0.7692307692307693
2026-04-12 09:16:31,144,105,0.7291666666666666
2026-04-12 09:17:33,144,99,0.6875
2026-04-12 09:18:34,145,103,0.7103448275862069
2026-04-12 09:19:36,146,101,0.6917808219178082
2026-04-12 09:20:38,146,105,0.7191780821917808
2026-04-12 09:21:39,148,104,0.7027027027027027
2026-04-12 09:22:41,147,105,0.7142857142857143
2026-04-12 09:23:42,149,101,0.6778523489932886
2026-04-12 09:24:44,147,100,0.6802721088435374
2026-04-12 09:25:45,147,105,0.7142857142857143
2026-04-12 09:26:47,149,106,0.7114093959731543
2026-04-12 09:27:48,151,104,0.6887417218543046
2026-04-12 09:28:50,148,98,0.6621621621621622
2026-04-12 09:29:52,147,97,0.6598639455782312
2026-04-12 09:30:53,146,99,0.678082191780822
2026-04-12 09:31:55,149,102,0.6845637583892618
2026-04-12 09:32:56,147,85,0.5782312925170068
2026-04-12 09:33:58,145,50,0.3448275862068966
2026-04-12 09:34:59,141,7,0.04964539007092199
2026-04-12 09:36:00,137,7,0.051094890510948905
2026-04-12 09:37:02,133,8,0.06015037593984962
2026-04-12 09:38:03,131,5,0.03816793893129771
2026-04-12 09:39:04,130,13,0.1
2026-04-12 09:40:06,126,10,0.07936507936507936
2026-04-12 09:41:07,109,8,0.07339449541284404
2026-04-12 09:42:08,94,9,0.09574468085106383
2026-04-12 09:43:09,87,80,0.9195402298850575
2026-04-12 09:44:10,106,93,0.8773584905660378
2026-04-12 09:45:11,118,99,0.8389830508474576
2026-04-12 09:46:13,118,93,0.788135593220339
2026-04-12 09:47:14,122,93,0.7622950819672131
2026-04-12 09:48:16,125,88,0.704
2026-04-12 09:49:17,132,100,0.7575757575757576
2026-04-12 09:50:18,133,98,0.7368421052631579
2026-04-12 09:51:20,136,103,0.7573529411764706
2026-04-12 09:52:21,139,100,0.7194244604316546
2026-04-12 09:53:23,141,91,0.6453900709219859
2026-04-12 09:54:24,140,89,0.6357142857142857
2026-04-12 09:55:25,140,95,0.6785714285714286
2026-04-12 09:56:27,141,90,0.6382978723404256
2026-04-12 09:57:28,141,98,0.6950354609929078
2026-04-12 09:58:30,141,101,0.7163120567375887
2026-04-12 09:59:31,141,97,0.6879432624113475
2026-04-12 10:00:33,141,91,0.6453900709219859
2026-04-12 10:01:34,135,91,0.674074074074074
2026-04-12 10:02:36,135,92,0.6814814814814815
2026-04-12 10:03:37,134,93,0.6940298507462687
2026-04-12 10:04:38,134,99,0.7388059701492538
2026-04-12 10:05:40,135,86,0.6370370370370371
2026-04-12 10:06:41,137,91,0.6642335766423357
2026-04-12 10:07:43,136,88,0.6470588235294118
2026-04-12 10:08:44,137,88,0.6423357664233577
2026-04-12 10:09:46,136,92,0.6764705882352942
2026-04-12 10:10:47,137,92,0.6715328467153284
2026-04-12 10:11:49,138,82,0.5942028985507246
2026-04-12 10:12:50,138,92,0.6666666666666666
2026-04-12 10:13:52,137,89,0.6496350364963503
2026-04-12 10:14:53,137,87,0.635036496350365
2026-04-12 10:15:54,135,86,0.6370370370370371
2026-04-12 10:16:56,134,93,0.6940298507462687
2026-04-12 10:17:57,134,88,0.6567164179104478
2026-04-12 10:18:59,136,95,0.6985294117647058
2026-04-12 10:20:00,136,91,0.6691176470588235
2026-04-12 10:21:02,137,81,0.5912408759124088
2026-04-12 10:22:03,135,76,0.562962962962963
2026-04-12 10:23:05,132,53,0.4015151515151515
2026-04-12 10:24:06,132,78,0.5909090909090909
2026-04-12 10:25:07,130,79,0.6076923076923076
2026-04-12 10:26:09,129,74,0.5736434108527132
2026-04-12 10:27:10,127,74,0.5826771653543307
2026-04-12 10:28:12,125,75,0.6
2026-04-12 10:29:13,123,75,0.6097560975609756
2026-04-12 10:30:14,118,79,0.6694915254237288
2026-04-12 10:31:16,121,88,0.7272727272727273
2026-04-12 10:32:17,119,79,0.6638655462184874
2026-04-12 10:33:18,119,73,0.6134453781512605
2026-04-12 10:34:20,120,80,0.6666666666666666
2026-04-12 10:35:21,119,79,0.6638655462184874
2026-04-12 10:36:22,119,83,0.6974789915966386
2026-04-12 10:37:24,121,84,0.6942148760330579
2026-04-12 10:38:25,121,85,0.7024793388429752
2026-04-12 10:39:26,121,58,0.4793388429752066
2026-04-12 10:40:28,121,41,0.33884297520661155
2026-04-12 10:41:29,117,12,0.10256410256410256
2026-04-12 10:42:30,115,15,0.13043478260869565
2026-04-12 10:43:31,114,23,0.20175438596491227
2026-04-12 10:44:32,114,28,0.24561403508771928
2026-04-12 10:45:34,121,84,0.6942148760330579
2026-04-12 10:46:35,124,86,0.6935483870967742
2026-04-12 10:47:36,124,89,0.717741935483871
2026-04-12 10:48:38,119,87,0.7310924369747899
2026-04-12 10:49:39,121,89,0.7355371900826446
2026-04-12 10:50:41,122,81,0.6639344262295082
2026-04-12 10:51:42,123,74,0.6016260162601627
2026-04-12 10:52:43,123,89,0.7235772357723578
2026-04-12 10:53:45,125,87,0.696
2026-04-12 10:54:46,126,91,0.7222222222222222
2026-04-12 10:55:47,127,90,0.7086614173228346
2026-04-12 10:56:49,129,87,0.6744186046511628
2026-04-12 10:57:50,131,92,0.7022900763358778
2026-04-12 10:58:52,130,86,0.6615384615384615
2026-04-12 10:59:53,128,86,0.671875
2026-04-12 11:00:54,128,89,0.6953125
2026-04-12 11:01:56,128,81,0.6328125
2026-04-12 11:02:57,129,83,0.6434108527131783
2026-04-12 11:03:59,129,94,0.7286821705426356
2026-04-12 11:05:00,130,94,0.7230769230769231
2026-04-12 11:06:01,131,85,0.648854961832061
2026-04-12 11:07:03,130,86,0.6615384615384615
2026-04-12 11:08:04,129,86,0.6666666666666666
2026-04-12 11:09:06,129,87,0.6744186046511628
2026-04-12 11:10:07,130,84,0.6461538461538462
2026-04-12 11:11:08,129,91,0.7054263565891473
2026-04-12 11:12:10,129,81,0.627906976744186
2026-04-12 11:13:11,130,89,0.6846153846153846
2026-04-12 11:14:13,130,85,0.6538461538461539
2026-04-12 11:15:14,131,91,0.6946564885496184
2026-04-12 11:16:16,130,90,0.6923076923076923
2026-04-12 11:17:17,132,91,0.6893939393939394
2026-04-12 11:18:18,131,85,0.648854961832061
2026-04-12 11:19:20,131,89,0.6793893129770993
2026-04-12 11:20:21,131,87,0.6641221374045801
2026-04-12 11:21:23,126,89,0.7063492063492064
2026-04-12 11:22:24,127,93,0.7322834645669292
2026-04-12 11:23:25,129,83,0.6434108527131783
2026-04-12 11:24:27,130,88,0.676923076923077
2026-04-12 11:25:28,127,84,0.6614173228346457
2026-04-12 11:26:29,128,86,0.671875
2026-04-12 11:27:31,127,94,0.7401574803149606
2026-04-12 11:28:32,129,88,0.6821705426356589
2026-04-12 11:29:34,128,86,0.671875
2026-04-12 11:30:35,128,87,0.6796875
2026-04-12 11:31:36,128,90,0.703125
2026-04-12 11:32:38,128,84,0.65625
2026-04-12 11:33:39,130,88,0.676923076923077
2026-04-12 11:34:40,130,90,0.6923076923076923
2026-04-12 11:35:42,130,80,0.6153846153846154
2026-04-12 11:36:43,130,80,0.6153846153846154
2026-04-12 11:37:45,127,90,0.7086614173228346
2026-04-12 11:38:46,127,74,0.5826771653543307
2026-04-12 11:39:48,127,88,0.6929133858267716
2026-04-12 11:40:49,127,84,0.6614173228346457
2026-04-12 11:41:50,127,76,0.5984251968503937
2026-04-12 11:42:52,126,79,0.626984126984127
2026-04-12 11:43:53,123,81,0.6585365853658537
2026-04-12 11:44:54,122,75,0.6147540983606558
2026-04-12 11:45:56,124,85,0.6854838709677419
2026-04-12 11:46:57,126,85,0.6746031746031746
2026-04-12 11:47:59,127,76,0.5984251968503937
2026-04-12 11:49:00,126,83,0.6587301587301587
2026-04-12 11:50:01,126,76,0.6031746031746031
2026-04-12 11:51:03,124,73,0.5887096774193549
2026-04-12 11:52:04,123,85,0.6910569105691057
2026-04-12 11:53:06,122,78,0.639344262295082
2026-04-12 11:54:07,119,71,0.5966386554621849
2026-04-12 11:55:08,119,76,0.6386554621848739
2026-04-12 11:56:10,118,70,0.5932203389830508
2026-04-12 11:57:11,117,73,0.6239316239316239
2026-04-12 11:58:12,118,76,0.6440677966101694
2026-04-12 11:59:13,118,72,0.6101694915254238
2026-04-12 12:00:15,118,70,0.5932203389830508
2026-04-12 12:01:16,118,72,0.6101694915254238
2026-04-12 12:02:17,116,71,0.6120689655172413
2026-04-12 12:03:19,113,66,0.584070796460177
2026-04-12 12:04:20,114,75,0.6578947368421053
2026-04-12 12:05:21,116,66,0.5689655172413793
2026-04-12 12:06:23,115,60,0.5217391304347826
2026-04-12 12:07:24,115,69,0.6
2026-04-12 12:08:25,114,60,0.5263157894736842
2026-04-12 12:09:26,114,65,0.5701754385964912
2026-04-12 12:10:28,114,56,0.49122807017543857
2026-04-12 12:11:29,114,58,0.5087719298245614
2026-04-12 12:12:30,111,60,0.5405405405405406
2026-04-12 12:13:31,110,55,0.5
2026-04-12 12:14:32,108,58,0.5370370370370371
2026-04-12 12:15:34,108,62,0.5740740740740741
2026-04-12 12:16:35,107,59,0.5514018691588785
2026-04-12 12:17:36,104,59,0.5673076923076923
2026-04-12 12:18:37,102,52,0.5098039215686274
2026-04-12 12:19:39,102,56,0.5490196078431373
2026-04-12 12:20:40,101,56,0.5544554455445545
2026-04-12 12:21:41,100,56,0.56
2026-04-12 12:22:42,100,53,0.53
2026-04-12 12:23:43,100,57,0.57
2026-04-12 12:24:44,98,55,0.5612244897959183
2026-04-12 12:25:45,97,54,0.5567010309278351
2026-04-12 12:26:47,94,54,0.574468085106383
2026-04-12 12:27:48,90,55,0.6111111111111112
2026-04-12 12:28:49,92,56,0.6086956521739131
2026-04-12 12:29:50,92,48,0.5217391304347826
2026-04-12 12:30:51,89,50,0.5617977528089888
2026-04-12 12:31:52,86,46,0.5348837209302325
2026-04-12 12:32:53,87,52,0.5977011494252874
2026-04-12 12:33:54,88,52,0.5909090909090909
2026-04-12 12:34:55,88,56,0.6363636363636364
2026-04-12 12:35:57,88,43,0.48863636363636365
2026-04-12 12:36:58,87,36,0.41379310344827586
2026-04-12 12:37:59,87,53,0.6091954022988506
2026-04-12 12:39:00,86,50,0.5813953488372093
2026-04-12 12:40:01,87,48,0.5517241379310345
2026-04-12 12:41:02,86,46,0.5348837209302325
2026-04-12 12:42:03,86,45,0.5232558139534884
2026-04-12 12:43:04,87,52,0.5977011494252874
2026-04-12 12:44:06,87,51,0.5862068965517241
2026-04-12 12:45:07,84,48,0.5714285714285714
2026-04-12 12:46:08,84,55,0.6547619047619048
2026-04-12 12:47:09,83,44,0.5301204819277109
2026-04-12 12:48:10,81,47,0.5802469135802469
2026-04-12 12:49:11,80,53,0.6625
2026-04-12 12:50:12,80,44,0.55
2026-04-12 12:51:13,82,48,0.5853658536585366
2026-04-12 12:52:14,82,52,0.6341463414634146
2026-04-12 12:53:16,83,49,0.5903614457831325
2026-04-12 12:54:17,83,48,0.5783132530120482
2026-04-12 12:55:18,82,51,0.6219512195121951
2026-04-12 12:56:19,80,49,0.6125
2026-04-12 12:57:20,80,43,0.5375
2026-04-12 12:58:21,80,48,0.6
2026-04-12 12:59:22,83,49,0.5903614457831325
2026-04-12 13:00:23,85,50,0.5882352941176471
2026-04-12 13:01:24,87,54,0.6206896551724138
2026-04-12 13:02:25,86,48,0.5581395348837209
2026-04-12 13:03:26,85,53,0.6235294117647059
2026-04-12 13:04:27,84,54,0.6428571428571429
2026-04-12 13:05:28,83,50,0.6024096385542169
2026-04-12 13:06:29,82,49,0.5975609756097561
2026-04-12 13:07:31,80,51,0.6375
2026-04-12 13:08:32,79,50,0.6329113924050633
2026-04-12 13:09:33,79,49,0.620253164556962
2026-04-12 13:10:34,80,52,0.65
2026-04-12 13:11:35,85,51,0.6
2026-04-12 13:12:36,86,53,0.6162790697674418
2026-04-12 13:13:37,85,52,0.611764705882353
2026-04-12 13:14:38,85,49,0.5764705882352941
2026-04-12 13:15:39,84,52,0.6190476190476191
2026-04-12 13:16:40,84,57,0.6785714285714286
2026-04-12 13:17:41,83,48,0.5783132530120482
2026-04-12 13:18:42,86,54,0.627906976744186
2026-04-12 13:19:44,85,54,0.6352941176470588
2026-04-12 13:20:45,87,57,0.6551724137931034
2026-04-12 13:21:46,87,56,0.6436781609195402
2026-04-12 13:22:47,87,56,0.6436781609195402
2026-04-12 13:23:48,87,50,0.5747126436781609
2026-04-12 13:24:49,88,57,0.6477272727272727
2026-04-12 13:25:50,88,52,0.5909090909090909
2026-04-12 13:26:51,87,51,0.5862068965517241
2026-04-12 13:27:52,89,62,0.6966292134831461
2026-04-12 13:28:53,88,52,0.5909090909090909
2026-04-12 13:29:55,88,48,0.5454545454545454
2026-04-12 13:30:56,87,50,0.5747126436781609
2026-04-12 13:31:57,86,50,0.5813953488372093
2026-04-12 13:32:58,85,46,0.5411764705882353
2026-04-12 13:33:59,85,52,0.611764705882353
2026-04-12 13:35:00,85,48,0.5647058823529412
2026-04-12 13:36:01,85,43,0.5058823529411764
2026-04-12 13:37:02,86,49,0.5697674418604651
2026-04-12 13:38:03,86,46,0.5348837209302325
2026-04-12 13:39:04,85,47,0.5529411764705883
2026-04-12 13:40:05,85,47,0.5529411764705883
2026-04-12 13:41:07,84,43,0.5119047619047619
2026-04-12 13:42:08,83,43,0.5180722891566265
2026-04-12 13:43:09,82,50,0.6097560975609756
2026-04-12 13:44:10,81,44,0.5432098765432098
2026-04-12 13:45:11,81,42,0.5185185185185185
2026-04-12 13:46:12,80,43,0.5375
2026-04-12 13:47:13,79,42,0.5316455696202531
2026-04-12 13:48:14,78,43,0.5512820512820513
2026-04-12 13:49:15,75,47,0.6266666666666667
2026-04-12 13:50:16,75,43,0.5733333333333334
2026-04-12 13:51:17,75,44,0.5866666666666667
2026-04-12 13:52:18,76,45,0.5921052631578947
2026-04-12 13:53:19,76,41,0.5394736842105263
2026-04-12 13:54:20,73,41,0.5616438356164384
2026-04-12 13:55:21,73,47,0.6438356164383562
2026-04-12 13:56:22,74,43,0.581081081081081
2026-04-12 13:57:23,74,46,0.6216216216216216
2026-04-12 13:58:24,73,46,0.6301369863013698
2026-04-12 13:59:25,73,36,0.4931506849315068
2026-04-12 14:00:26,73,41,0.5616438356164384
2026-04-12 14:01:27,72,42,0.5833333333333334
2026-04-12 14:02:28,73,37,0.5068493150684932
2026-04-12 14:03:30,74,43,0.581081081081081
2026-04-12 14:04:31,73,42,0.5753424657534246
2026-04-12 14:05:32,73,40,0.547945205479452
2026-04-12 14:06:33,73,43,0.589041095890411
2026-04-12 14:07:34,72,42,0.5833333333333334
2026-04-12 14:08:35,70,43,0.6142857142857143
2026-04-12 14:09:36,71,41,0.5774647887323944
2026-04-12 14:10:37,72,42,0.5833333333333334
2026-04-12 14:11:38,72,39,0.5416666666666666
2026-04-12 14:12:39,71,42,0.5915492957746479
2026-04-12 14:13:39,73,42,0.5753424657534246
2026-04-12 14:14:41,73,43,0.589041095890411
2026-04-12 14:15:42,73,42,0.5753424657534246
2026-04-12 14:16:43,73,40,0.547945205479452
2026-04-12 14:17:44,73,35,0.4794520547945205
2026-04-12 14:18:45,72,40,0.5555555555555556
2026-04-12 14:19:46,71,42,0.5915492957746479
2026-04-12 14:20:47,72,33,0.4583333333333333
2026-04-12 14:21:48,72,41,0.5694444444444444
2026-04-12 14:22:49,73,43,0.589041095890411
2026-04-12 14:23:50,71,34,0.4788732394366197
2026-04-12 14:24:51,71,41,0.5774647887323944
2026-04-12 14:25:52,69,36,0.5217391304347826
2026-04-12 14:26:53,70,33,0.4714285714285714
2026-04-12 14:27:54,71,42,0.5915492957746479
2026-04-12 14:28:55,71,39,0.5492957746478874
2026-04-12 14:29:56,71,32,0.4507042253521127
2026-04-12 14:30:57,71,43,0.6056338028169014
2026-04-12 14:31:57,71,35,0.49295774647887325
2026-04-12 14:32:58,73,35,0.4794520547945205
2026-04-12 14:33:59,72,37,0.5138888888888888
2026-04-12 14:35:00,72,37,0.5138888888888888
2026-04-12 14:36:01,71,34,0.4788732394366197
2026-04-12 14:37:02,71,36,0.5070422535211268
2026-04-12 14:38:03,69,34,0.4927536231884058
2026-04-12 14:39:04,68,34,0.5
2026-04-12 14:40:05,67,34,0.5074626865671642
2026-04-12 14:41:06,69,36,0.5217391304347826
2026-04-12 14:42:07,67,33,0.4925373134328358
2026-04-12 14:43:08,70,43,0.6142857142857143
2026-04-12 14:44:09,70,36,0.5142857142857142
2026-04-12 14:45:10,70,38,0.5428571428571428
2026-04-12 14:46:11,71,44,0.6197183098591549
2026-04-12 14:47:12,71,39,0.5492957746478874
2026-04-12 14:48:13,71,32,0.4507042253521127
2026-04-12 14:49:14,72,41,0.5694444444444444
2026-04-12 14:50:15,73,39,0.5342465753424658
2026-04-12 14:51:16,73,36,0.4931506849315068
2026-04-12 14:52:17,72,39,0.5416666666666666
2026-04-12 14:53:18,71,37,0.5211267605633803
2026-04-12 14:54:19,70,31,0.44285714285714284
2026-04-12 14:55:20,72,38,0.5277777777777778
2026-04-12 14:56:21,72,27,0.375
2026-04-12 14:57:22,71,35,0.49295774647887325
2026-04-12 14:58:23,71,37,0.5211267605633803
2026-04-12 14:59:24,71,28,0.39436619718309857
2026-04-12 15:00:25,69,33,0.4782608695652174
2026-04-12 15:01:26,68,33,0.4852941176470588
2026-04-12 15:02:27,67,30,0.44776119402985076
2026-04-12 15:03:28,67,36,0.5373134328358209
2026-04-12 15:04:29,65,28,0.4307692307692308
2026-04-12 15:05:30,65,33,0.5076923076923077
2026-04-12 15:06:31,64,36,0.5625
2026-04-12 15:07:32,64,34,0.53125
2026-04-12 15:08:33,64,29,0.453125
2026-04-12 15:09:33,64,35,0.546875
2026-04-12 15:10:34,64,32,0.5
2026-04-12 15:11:35,65,31,0.47692307692307695
2026-04-12 15:12:36,66,35,0.5303030303030303
2026-04-12 15:13:37,66,31,0.4696969696969697
2026-04-12 15:14:38,67,33,0.4925373134328358
2026-04-12 15:15:39,67,30,0.44776119402985076
2026-04-12 15:16:40,66,32,0.48484848484848486
2026-04-12 15:17:41,65,26,0.4
2026-04-12 15:18:42,66,33,0.5
2026-04-12 15:19:43,67,30,0.44776119402985076
2026-04-12 15:20:44,67,28,0.417910447761194
2026-04-12 15:21:45,66,31,0.4696969696969697
2026-04-12 15:22:46,66,28,0.42424242424242425
2026-04-12 15:23:46,66,22,0.3333333333333333
2026-04-12 15:24:47,65,26,0.4
2026-04-12 15:25:48,61,25,0.4098360655737705
2026-04-12 15:26:49,63,27,0.42857142857142855
2026-04-12 15:27:50,61,27,0.4426229508196721
2026-04-12 15:28:51,62,31,0.5
2026-04-12 15:29:52,62,21,0.3387096774193548
2026-04-12 15:30:53,63,32,0.5079365079365079
2026-04-12 15:31:54,61,27,0.4426229508196721
2026-04-12 15:32:55,62,27,0.43548387096774194
2026-04-12 15:33:56,63,31,0.49206349206349204
2026-04-12 15:34:56,64,28,0.4375
2026-04-12 15:35:57,64,23,0.359375
2026-04-12 15:36:58,64,31,0.484375
2026-04-12 15:37:59,63,28,0.4444444444444444
2026-04-12 15:39:00,65,27,0.4153846153846154
2026-04-12 15:40:01,66,33,0.5
2026-04-12 15:41:02,66,23,0.3484848484848485
2026-04-12 15:42:03,66,18,0.2727272727272727
2026-04-12 15:43:04,66,27,0.4090909090909091
2026-04-12 15:44:05,66,25,0.3787878787878788
2026-04-12 15:45:06,66,23,0.3484848484848485
2026-04-12 15:46:07,65,28,0.4307692307692308
2026-04-12 15:47:08,67,30,0.44776119402985076
2026-04-12 15:48:09,68,26,0.38235294117647056
2026-04-12 15:49:09,65,25,0.38461538461538464
2026-04-12 15:50:10,64,7,0.109375
2026-04-12 15:51:11,62,5,0.08064516129032258
2026-04-12 15:52:12,61,6,0.09836065573770492
2026-04-12 15:53:13,59,5,0.0847457627118644
2026-04-12 15:54:14,57,7,0.12280701754385964
2026-04-12 15:55:15,55,8,0.14545454545454545
2026-04-12 15:56:15,52,4,0.07692307692307693
2026-04-12 15:57:16,39,7,0.1794871794871795
2026-04-12 15:58:17,32,8,0.25
2026-04-12 15:59:18,31,21,0.6774193548387096
2026-04-12 16:00:19,36,24,0.6666666666666666
2026-04-12 16:01:19,44,27,0.6136363636363636
2026-04-12 16:02:20,48,23,0.4791666666666667
2026-04-12 16:03:21,51,25,0.49019607843137253
2026-04-12 16:04:22,54,32,0.5925925925925926
2026-04-12 16:05:23,54,24,0.4444444444444444
2026-04-12 16:06:23,54,22,0.4074074074074074
2026-04-12 16:07:24,55,30,0.5454545454545454
2026-04-12 16:08:25,55,22,0.4
2026-04-12 16:09:26,55,16,0.2909090909090909
2026-04-12 16:10:27,53,9,0.16981132075471697
2026-04-12 16:11:27,53,5,0.09433962264150944
2026-04-12 16:12:28,53,7,0.1320754716981132
2026-04-12 16:13:29,52,5,0.09615384615384616
2026-04-12 16:14:30,51,9,0.17647058823529413
2026-04-12 16:15:31,50,30,0.6
2026-04-12 16:16:31,49,29,0.5918367346938775
2026-04-12 16:17:32,54,31,0.5740740740740741
2026-04-12 16:18:33,54,32,0.5925925925925926
2026-04-12 16:19:34,59,39,0.6610169491525424
2026-04-12 16:20:35,60,31,0.5166666666666667
2026-04-12 16:21:36,64,43,0.671875
2026-04-12 16:22:37,64,38,0.59375
2026-04-12 16:23:37,66,36,0.5454545454545454
2026-04-12 16:24:38,67,36,0.5373134328358209
2026-04-12 16:25:39,70,42,0.6
2026-04-12 16:26:40,70,38,0.5428571428571428
2026-04-12 16:27:41,72,40,0.5555555555555556
2026-04-12 16:28:42,72,39,0.5416666666666666
2026-04-12 16:29:43,73,36,0.4931506849315068
2026-04-12 16:30:44,72,36,0.5
2026-04-12 16:31:45,73,41,0.5616438356164384
2026-04-12 16:32:46,73,36,0.4931506849315068
2026-04-12 16:33:47,73,35,0.4794520547945205
2026-04-12 16:34:48,72,37,0.5138888888888888
2026-04-12 16:35:49,72,33,0.4583333333333333
2026-04-12 16:36:50,71,40,0.5633802816901409
2026-04-12 16:37:51,70,37,0.5285714285714286
2026-04-12 16:38:52,70,37,0.5285714285714286
2026-04-12 16:39:52,70,41,0.5857142857142857
2026-04-12 16:40:53,68,39,0.5735294117647058
2026-04-12 16:41:54,66,34,0.5151515151515151
2026-04-12 16:42:55,65,32,0.49230769230769234
2026-04-12 16:43:56,63,31,0.49206349206349204
2026-04-12 16:44:57,63,26,0.4126984126984127
2026-04-12 16:45:58,65,36,0.5538461538461539
2026-04-12 16:46:59,65,34,0.5230769230769231
2026-04-12 16:48:00,65,31,0.47692307692307695
2026-04-12 16:49:01,66,34,0.5151515151515151
2026-04-12 16:50:02,66,36,0.5454545454545454
2026-04-12 16:51:03,65,33,0.5076923076923077
2026-04-12 16:52:04,62,36,0.5806451612903226
2026-04-12 16:53:05,63,35,0.5555555555555556
2026-04-12 16:54:05,61,32,0.5245901639344263
2026-04-12 16:55:06,61,31,0.5081967213114754
2026-04-12 16:56:07,61,32,0.5245901639344263
2026-04-12 16:57:08,61,32,0.5245901639344263
2026-04-12 16:58:09,62,38,0.6129032258064516
2026-04-12 16:59:10,61,34,0.5573770491803278
2026-04-12 17:00:11,59,32,0.5423728813559322
2026-04-12 17:01:12,60,33,0.55
2026-04-12 17:02:13,61,32,0.5245901639344263
2026-04-12 17:03:14,60,33,0.55
2026-04-12 17:04:15,60,35,0.5833333333333334
2026-04-12 17:05:15,60,34,0.5666666666666667
2026-04-12 17:06:16,60,32,0.5333333333333333
2026-04-12 17:07:17,60,32,0.5333333333333333
2026-04-12 17:08:18,59,31,0.5254237288135594
2026-04-12 17:09:19,58,29,0.5
2026-04-12 17:10:20,56,31,0.5535714285714286
2026-04-12 17:11:21,55,32,0.5818181818181818
2026-04-12 17:12:22,55,29,0.5272727272727272
2026-04-12 17:13:22,55,30,0.5454545454545454
2026-04-12 17:14:23,52,29,0.5576923076923077
2026-04-12 17:15:24,53,30,0.5660377358490566
2026-04-12 17:16:25,50,26,0.52
2026-04-12 17:17:26,51,27,0.5294117647058824
2026-04-12 17:18:27,51,27,0.5294117647058824
2026-04-12 17:19:27,53,26,0.49056603773584906
2026-04-12 17:20:28,53,26,0.49056603773584906
2026-04-12 17:21:29,53,29,0.5471698113207547
2026-04-12 17:22:30,52,26,0.5
2026-04-12 17:23:31,52,25,0.4807692307692308
2026-04-12 17:24:32,51,27,0.5294117647058824
2026-04-12 17:25:33,51,27,0.5294117647058824
2026-04-12 17:26:34,51,25,0.49019607843137253
2026-04-12 17:27:34,52,25,0.4807692307692308
2026-04-12 17:28:35,50,23,0.46
2026-04-12 17:29:36,49,21,0.42857142857142855
2026-04-12 17:30:37,51,27,0.5294117647058824
2026-04-12 17:31:38,52,25,0.4807692307692308
2026-04-12 17:32:39,50,27,0.54
2026-04-12 17:33:39,50,31,0.62
2026-04-12 17:34:40,50,26,0.52
2026-04-12 17:35:41,49,22,0.4489795918367347
2026-04-12 17:36:42,49,26,0.5306122448979592
2026-04-12 17:37:43,49,26,0.5306122448979592
2026-04-12 17:38:43,48,22,0.4583333333333333
2026-04-12 17:39:44,48,26,0.5416666666666666
2026-04-12 17:40:45,48,24,0.5
2026-04-12 17:41:46,48,22,0.4583333333333333
2026-04-12 17:42:47,49,27,0.5510204081632653
2026-04-12 17:43:48,49,28,0.5714285714285714
2026-04-12 17:44:48,49,25,0.5102040816326531
2026-04-12 17:45:49,48,29,0.6041666666666666
2026-04-12 17:46:50,49,28,0.5714285714285714
2026-04-12 17:47:51,49,26,0.5306122448979592
2026-04-12 17:48:52,50,27,0.54
2026-04-12 17:49:52,51,32,0.6274509803921569
2026-04-12 17:50:53,51,27,0.5294117647058824
2026-04-12 17:51:54,51,32,0.6274509803921569
2026-04-12 17:52:55,51,29,0.5686274509803921
2026-04-12 17:53:56,51,23,0.45098039215686275
2026-04-12 17:54:57,51,29,0.5686274509803921
2026-04-12 17:55:58,51,22,0.43137254901960786
2026-04-12 17:56:58,50,19,0.38
2026-04-12 17:57:59,49,27,0.5510204081632653
2026-04-12 17:59:00,49,22,0.4489795918367347
2026-04-12 18:00:01,50,21,0.42
2026-04-12 18:01:02,48,22,0.4583333333333333
2026-04-12 18:02:03,48,25,0.5208333333333334
2026-04-12 18:03:04,48,21,0.4375
2026-04-12 18:04:05,47,27,0.574468085106383
2026-04-12 18:05:06,46,22,0.4782608695652174
2026-04-12 18:06:06,44,22,0.5
2026-04-12 18:07:07,45,25,0.5555555555555556
2026-04-12 18:08:08,45,26,0.5777777777777777
2026-04-12 18:09:09,45,22,0.4888888888888889
2026-04-12 18:10:10,44,25,0.5681818181818182
2026-04-12 18:11:11,44,24,0.5454545454545454
2026-04-12 18:12:11,45,21,0.4666666666666667
2026-04-12 18:13:12,45,21,0.4666666666666667
2026-04-12 18:14:13,44,24,0.5454545454545454
2026-04-12 18:15:14,44,21,0.4772727272727273
2026-04-12 18:16:15,43,24,0.5581395348837209
2026-04-12 18:17:16,43,23,0.5348837209302325
2026-04-12 18:18:16,42,19,0.4523809523809524
2026-04-12 18:19:17,42,23,0.5476190476190477
2026-04-12 18:20:18,42,25,0.5952380952380952
2026-04-12 18:21:19,41,22,0.5365853658536586
2026-04-12 18:22:20,41,25,0.6097560975609756
2026-04-12 18:23:20,41,20,0.4878048780487805
2026-04-12 18:24:21,41,20,0.4878048780487805
2026-04-12 18:25:22,40,22,0.55
2026-04-12 18:26:23,40,22,0.55
2026-04-12 18:27:24,40,20,0.5
2026-04-12 18:28:24,40,24,0.6
2026-04-12 18:29:25,40,22,0.55
2026-04-12 18:30:26,40,23,0.575
2026-04-12 18:31:27,40,21,0.525
2026-04-12 18:32:28,39,21,0.5384615384615384
2026-04-12 18:33:28,39,23,0.5897435897435898
2026-04-12 18:34:29,40,22,0.55
2026-04-12 18:35:30,40,19,0.475
2026-04-12 18:36:31,40,24,0.6
2026-04-12 18:37:32,40,17,0.425
2026-04-12 18:38:33,40,21,0.525
2026-04-12 18:39:33,40,20,0.5
2026-04-12 18:40:34,40,22,0.55
2026-04-12 18:41:35,39,20,0.5128205128205128
2026-04-12 18:42:36,40,21,0.525
2026-04-12 18:43:37,40,23,0.575
2026-04-12 18:44:37,40,20,0.5
2026-04-12 18:45:38,40,22,0.55
2026-04-12 18:46:39,40,20,0.5
2026-04-12 18:47:40,40,22,0.55
2026-04-12 18:48:40,40,22,0.55
2026-04-12 18:49:41,41,22,0.5365853658536586
2026-04-12 18:50:42,41,18,0.43902439024390244
2026-04-12 18:51:43,41,19,0.4634146341463415
2026-04-12 18:52:44,41,20,0.4878048780487805
2026-04-12 18:53:44,41,21,0.5121951219512195
2026-04-12 18:54:45,41,18,0.43902439024390244
2026-04-12 18:55:46,42,23,0.5476190476190477
2026-04-12 18:56:47,43,20,0.46511627906976744
2026-04-12 18:57:47,42,20,0.47619047619047616
2026-04-12 18:58:48,43,21,0.4883720930232558
2026-04-12 18:59:49,42,19,0.4523809523809524
2026-04-12 19:00:50,42,22,0.5238095238095238
2026-04-12 19:01:51,42,20,0.47619047619047616
2026-04-12 19:02:51,42,20,0.47619047619047616
2026-04-12 19:03:52,42,22,0.5238095238095238
2026-04-12 19:04:53,41,20,0.4878048780487805
2026-04-12 19:05:54,41,18,0.43902439024390244
2026-04-12 19:06:55,40,22,0.55
2026-04-12 19:07:55,39,19,0.48717948717948717
2026-04-12 19:08:56,39,19,0.48717948717948717
2026-04-12 19:09:57,39,21,0.5384615384615384
2026-04-12 19:10:58,39,19,0.48717948717948717
2026-04-12 19:11:58,39,17,0.4358974358974359
2026-04-12 19:12:59,38,23,0.6052631578947368
2026-04-12 19:14:00,38,21,0.5526315789473685
2026-04-12 19:15:01,38,19,0.5
2026-04-12 19:16:02,38,22,0.5789473684210527
2026-04-12 19:17:02,38,22,0.5789473684210527
2026-04-12 19:18:03,39,17,0.4358974358974359
2026-04-12 19:19:04,39,18,0.46153846153846156
2026-04-12 19:20:05,39,20,0.5128205128205128
2026-04-12 19:21:06,39,17,0.4358974358974359
2026-04-12 19:22:06,40,24,0.6
2026-04-12 19:23:07,40,21,0.525
2026-04-12 19:24:08,40,16,0.4
2026-04-12 19:25:09,38,20,0.5263157894736842
2026-04-12 19:26:09,39,21,0.5384615384615384
2026-04-12 19:27:10,39,20,0.5128205128205128
2026-04-12 19:28:11,39,20,0.5128205128205128
2026-04-12 19:29:12,39,22,0.5641025641025641
2026-04-12 19:30:13,39,21,0.5384615384615384
2026-04-12 19:31:13,39,19,0.48717948717948717
2026-04-12 19:32:14,39,23,0.5897435897435898
2026-04-12 19:33:15,39,20,0.5128205128205128
2026-04-12 19:34:16,39,21,0.5384615384615384
2026-04-12 19:35:16,39,20,0.5128205128205128
2026-04-12 19:36:17,39,19,0.48717948717948717
2026-04-12 19:37:18,39,21,0.5384615384615384
2026-04-12 19:38:19,39,21,0.5384615384615384
2026-04-12 19:39:20,39,20,0.5128205128205128
2026-04-12 19:40:20,39,23,0.5897435897435898
2026-04-12 19:41:21,40,21,0.525
2026-04-12 19:42:22,39,20,0.5128205128205128
2026-04-12 19:43:23,38,17,0.4473684210526316
2026-04-12 19:44:23,37,20,0.5405405405405406
2026-04-12 19:45:24,37,21,0.5675675675675675
2026-04-12 19:46:25,37,19,0.5135135135135135
2026-04-12 19:47:26,37,21,0.5675675675675675
2026-04-12 19:48:26,38,22,0.5789473684210527
2026-04-12 19:49:27,38,19,0.5
2026-04-12 19:50:28,38,20,0.5263157894736842
2026-04-12 19:51:29,38,23,0.6052631578947368
2026-04-12 19:52:30,38,18,0.47368421052631576
2026-04-12 19:53:30,39,21,0.5384615384615384
2026-04-12 19:54:31,39,22,0.5641025641025641
2026-04-12 19:55:32,39,18,0.46153846153846156
2026-04-12 19:56:33,39,20,0.5128205128205128
2026-04-12 19:57:34,40,22,0.55
2026-04-12 19:58:34,41,19,0.4634146341463415
2026-04-12 19:59:35,39,20,0.5128205128205128
2026-04-12 20:00:36,39,19,0.48717948717948717
2026-04-12 20:01:37,39,17,0.4358974358974359
2026-04-12 20:02:38,39,17,0.4358974358974359
2026-04-12 20:03:38,38,20,0.5263157894736842
2026-04-12 20:04:39,38,20,0.5263157894736842
2026-04-12 20:05:40,38,20,0.5263157894736842
2026-04-12 20:06:41,38,21,0.5526315789473685
2026-04-12 20:07:41,37,21,0.5675675675675675
2026-04-12 20:08:42,36,20,0.5555555555555556
2026-04-12 20:09:43,36,19,0.5277777777777778
2026-04-12 20:10:44,36,20,0.5555555555555556
2026-04-12 20:11:45,36,19,0.5277777777777778
2026-04-12 20:12:45,36,17,0.4722222222222222
2026-04-12 20:13:46,36,19,0.5277777777777778
2026-04-12 20:14:47,36,19,0.5277777777777778
2026-04-12 20:15:48,36,20,0.5555555555555556
2026-04-12 20:16:48,36,20,0.5555555555555556
2026-04-12 20:17:49,35,20,0.5714285714285714
2026-04-12 20:18:50,34,20,0.5882352941176471
2026-04-12 20:19:51,36,23,0.6388888888888888
2026-04-12 20:20:52,36,19,0.5277777777777778
2026-04-12 20:21:52,36,20,0.5555555555555556
2026-04-12 20:22:53,36,23,0.6388888888888888
2026-04-12 20:23:54,36,20,0.5555555555555556
2026-04-12 20:24:55,36,22,0.6111111111111112
2026-04-12 20:25:55,37,22,0.5945945945945946
2026-04-12 20:26:56,37,15,0.40540540540540543
2026-04-12 20:27:57,37,21,0.5675675675675675
2026-04-12 20:28:58,37,20,0.5405405405405406
2026-04-12 20:29:58,37,13,0.35135135135135137
2026-04-12 20:30:59,37,20,0.5405405405405406
2026-04-12 20:32:00,38,18,0.47368421052631576
2026-04-12 20:33:01,38,15,0.39473684210526316
2026-04-12 20:34:02,38,19,0.5
2026-04-12 20:35:02,38,20,0.5263157894736842
2026-04-12 20:36:03,37,18,0.4864864864864865
2026-04-12 20:37:04,37,17,0.4594594594594595
2026-04-12 20:38:05,37,19,0.5135135135135135
2026-04-12 20:39:05,37,16,0.43243243243243246
2026-04-12 20:40:06,37,21,0.5675675675675675
2026-04-12 20:41:07,37,19,0.5135135135135135
2026-04-12 20:42:08,36,14,0.3888888888888889
2026-04-12 20:43:09,35,19,0.5428571428571428
2026-04-12 20:44:09,36,17,0.4722222222222222
2026-04-12 20:45:10,36,15,0.4166666666666667
2026-04-12 20:46:11,35,17,0.4857142857142857
2026-04-12 20:47:12,35,17,0.4857142857142857
2026-04-12 20:48:12,36,17,0.4722222222222222
2026-04-12 20:49:13,37,19,0.5135135135135135
2026-04-12 20:50:14,35,20,0.5714285714285714
2026-04-12 20:51:15,35,18,0.5142857142857142
2026-04-12 20:52:15,35,17,0.4857142857142857
2026-04-12 20:53:16,34,19,0.5588235294117647
2026-04-12 20:54:17,35,15,0.42857142857142855
2026-04-12 20:55:18,36,17,0.4722222222222222
2026-04-12 20:56:18,36,19,0.5277777777777778
2026-04-12 20:57:19,37,18,0.4864864864864865
2026-04-12 20:58:20,38,17,0.4473684210526316
2026-04-12 20:59:21,38,21,0.5526315789473685
2026-04-12 21:00:21,38,15,0.39473684210526316
2026-04-12 21:01:22,38,20,0.5263157894736842
2026-04-12 21:02:23,38,17,0.4473684210526316
2026-04-12 21:03:24,38,14,0.3684210526315789
2026-04-12 21:04:24,37,18,0.4864864864864865
2026-04-12 21:05:25,36,18,0.5
2026-04-12 21:06:26,36,16,0.4444444444444444
2026-04-12 21:07:27,36,14,0.3888888888888889
2026-04-12 21:08:28,36,18,0.5
2026-04-12 21:09:29,38,22,0.5789473684210527
2026-04-12 21:10:29,37,16,0.43243243243243246
2026-04-12 21:11:30,36,19,0.5277777777777778
2026-04-12 21:12:31,35,19,0.5428571428571428
2026-04-12 21:13:32,35,16,0.45714285714285713
2026-04-12 21:14:32,36,19,0.5277777777777778
2026-04-12 21:15:33,36,19,0.5277777777777778
2026-04-12 21:16:34,35,18,0.5142857142857142
2026-04-12 21:17:35,35,18,0.5142857142857142
2026-04-12 21:18:35,35,18,0.5142857142857142
2026-04-12 21:19:36,36,19,0.5277777777777778
2026-04-12 21:20:37,34,18,0.5294117647058824
2026-04-12 21:21:38,34,19,0.5588235294117647
2026-04-12 21:22:38,34,18,0.5294117647058824
2026-04-12 21:23:39,34,19,0.5588235294117647
2026-04-12 21:24:40,34,18,0.5294117647058824
2026-04-12 21:25:41,34,19,0.5588235294117647
2026-04-12 21:26:41,34,18,0.5294117647058824
2026-04-12 21:27:42,34,18,0.5294117647058824
2026-04-12 21:28:43,35,18,0.5142857142857142
2026-04-12 21:29:44,35,17,0.4857142857142857
2026-04-12 21:30:44,36,20,0.5555555555555556
2026-04-12 21:31:45,36,20,0.5555555555555556
2026-04-12 21:32:46,36,17,0.4722222222222222
2026-04-12 21:33:47,35,17,0.4857142857142857
2026-04-12 21:34:47,35,20,0.5714285714285714
2026-04-12 21:35:48,35,17,0.4857142857142857
2026-04-12 21:36:49,36,19,0.5277777777777778
2026-04-12 21:37:50,36,19,0.5277777777777778
2026-04-12 21:38:51,37,20,0.5405405405405406
2026-04-12 21:39:51,38,21,0.5526315789473685
2026-04-12 21:40:52,38,21,0.5526315789473685
2026-04-12 21:41:53,38,17,0.4473684210526316
2026-04-12 21:42:54,38,18,0.47368421052631576
2026-04-12 21:43:54,38,21,0.5526315789473685
2026-04-12 21:44:55,38,16,0.42105263157894735
2026-04-12 21:45:56,39,20,0.5128205128205128
2026-04-12 21:46:57,39,20,0.5128205128205128
2026-04-12 21:47:57,38,16,0.42105263157894735
2026-04-12 21:48:58,38,21,0.5526315789473685
2026-04-12 21:49:59,37,20,0.5405405405405406
2026-04-12 21:51:00,34,16,0.47058823529411764
2026-04-12 21:52:01,34,21,0.6176470588235294
2026-04-12 21:53:01,34,20,0.5882352941176471
2026-04-12 21:54:02,35,16,0.45714285714285713
2026-04-12 21:55:03,35,18,0.5142857142857142
2026-04-12 21:56:04,34,18,0.5294117647058824
2026-04-12 21:57:04,34,15,0.4411764705882353
2026-04-12 21:58:05,34,20,0.5882352941176471
2026-04-12 21:59:06,35,19,0.5428571428571428
2026-04-12 22:00:07,35,17,0.4857142857142857
2026-04-12 22:01:08,35,19,0.5428571428571428
2026-04-12 22:02:08,35,20,0.5714285714285714
2026-04-12 22:03:09,36,17,0.4722222222222222
2026-04-12 22:04:10,36,18,0.5
2026-04-12 22:05:11,36,17,0.4722222222222222
2026-04-12 22:06:11,35,18,0.5142857142857142
2026-04-12 22:07:12,35,18,0.5142857142857142
2026-04-12 22:08:13,35,19,0.5428571428571428
2026-04-12 22:09:14,35,19,0.5428571428571428
2026-04-12 22:10:15,35,18,0.5142857142857142
2026-04-12 22:11:15,34,18,0.5294117647058824
2026-04-12 22:12:16,34,18,0.5294117647058824
2026-04-12 22:13:17,33,16,0.48484848484848486
2026-04-12 22:14:18,33,19,0.5757575757575758
2026-04-12 22:15:18,32,19,0.59375
2026-04-12 22:16:19,32,17,0.53125
2026-04-12 22:17:20,32,18,0.5625
2026-04-12 22:18:21,33,19,0.5757575757575758
2026-04-12 22:19:21,33,18,0.5454545454545454
2026-04-12 22:20:22,34,18,0.5294117647058824
2026-04-12 22:21:23,34,19,0.5588235294117647
2026-04-12 22:22:24,34,19,0.5588235294117647
2026-04-12 22:23:24,34,19,0.5588235294117647
2026-04-12 22:24:25,35,20,0.5714285714285714
2026-04-12 22:25:26,35,19,0.5428571428571428
2026-04-12 22:26:27,35,20,0.5714285714285714
2026-04-12 22:27:27,35,21,0.6
2026-04-12 22:28:28,36,19,0.5277777777777778
2026-04-12 22:29:29,36,17,0.4722222222222222
2026-04-12 22:30:30,36,21,0.5833333333333334
2026-04-12 22:31:31,36,15,0.4166666666666667
2026-04-12 22:32:31,37,20,0.5405405405405406
2026-04-12 22:33:32,37,22,0.5945945945945946
2026-04-12 22:34:33,36,17,0.4722222222222222
2026-04-12 22:35:34,36,16,0.4444444444444444
2026-04-12 22:36:34,35,20,0.5714285714285714
2026-04-12 22:37:35,36,21,0.5833333333333334
2026-04-12 22:38:36,35,20,0.5714285714285714
2026-04-12 22:39:37,35,20,0.5714285714285714
2026-04-12 22:40:37,35,20,0.5714285714285714
2026-04-12 22:41:38,37,20,0.5405405405405406
2026-04-12 22:42:39,39,24,0.6153846153846154
2026-04-12 22:43:40,39,18,0.46153846153846156
2026-04-12 22:44:40,39,17,0.4358974358974359
2026-04-12 22:45:41,39,19,0.48717948717948717
2026-04-12 22:46:42,39,21,0.5384615384615384
2026-04-12 22:47:43,40,19,0.475
2026-04-12 22:48:44,40,19,0.475
2026-04-12 22:49:44,40,20,0.5
2026-04-12 22:50:45,40,17,0.425
2026-04-12 22:51:46,40,20,0.5
2026-04-12 22:52:47,40,19,0.475
2026-04-12 22:53:47,39,17,0.4358974358974359
2026-04-12 22:54:48,39,18,0.46153846153846156
2026-04-12 22:55:49,39,21,0.5384615384615384
2026-04-12 22:56:50,39,16,0.41025641025641024
2026-04-12 22:57:51,38,18,0.47368421052631576
2026-04-12 22:58:51,38,18,0.47368421052631576
2026-04-12 22:59:52,37,18,0.4864864864864865
2026-04-12 23:00:53,37,19,0.5135135135135135
2026-04-12 23:01:54,37,20,0.5405405405405406
2026-04-12 23:02:54,38,17,0.4473684210526316
2026-04-12 23:03:55,39,21,0.5384615384615384
2026-04-12 23:04:56,39,22,0.5641025641025641
2026-04-12 23:05:57,39,15,0.38461538461538464
2026-04-12 23:06:58,38,21,0.5526315789473685
2026-04-12 23:07:58,38,20,0.5263157894736842
2026-04-12 23:08:59,38,17,0.4473684210526316
2026-04-12 23:10:00,38,21,0.5526315789473685
2026-04-12 23:11:01,38,20,0.5263157894736842
2026-04-12 23:12:02,39,18,0.46153846153846156
2026-04-12 23:13:02,39,19,0.48717948717948717
2026-04-12 23:14:03,38,20,0.5263157894736842
2026-04-12 23:15:04,39,20,0.5128205128205128
2026-04-12 23:16:05,39,20,0.5128205128205128
2026-04-12 23:17:06,39,16,0.41025641025641024
2026-04-12 23:18:06,39,17,0.4358974358974359
2026-04-12 23:19:07,39,20,0.5128205128205128
2026-04-12 23:20:08,40,21,0.525
2026-04-12 23:21:09,40,17,0.425
2026-04-12 23:22:10,40,18,0.45
2026-04-12 23:23:10,40,19,0.475
2026-04-12 23:24:11,39,20,0.5128205128205128
2026-04-12 23:25:12,37,17,0.4594594594594595
2026-04-12 23:26:13,38,20,0.5263157894736842
2026-04-12 23:27:13,39,19,0.48717948717948717
2026-04-12 23:28:14,39,18,0.46153846153846156
2026-04-12 23:29:15,39,19,0.48717948717948717
2026-04-12 23:30:16,38,19,0.5
2026-04-12 23:31:17,38,15,0.39473684210526316
2026-04-12 23:32:17,38,19,0.5
2026-04-12 23:33:18,38,21,0.5526315789473685
2026-04-12 23:34:19,38,21,0.5526315789473685
2026-04-12 23:35:20,38,18,0.47368421052631576
2026-04-12 23:36:20,37,21,0.5675675675675675
2026-04-12 23:37:21,37,18,0.4864864864864865
2026-04-12 23:38:22,37,16,0.43243243243243246
2026-04-12 23:39:23,37,19,0.5135135135135135
2026-04-12 23:40:23,37,19,0.5135135135135135
2026-04-12 23:41:24,37,18,0.4864864864864865
2026-04-12 23:42:25,37,19,0.5135135135135135
2026-04-12 23:43:26,36,18,0.5
2026-04-12 23:44:27,35,20,0.5714285714285714
2026-04-12 23:45:28,36,23,0.6388888888888888
2026-04-12 23:46:29,37,16,0.43243243243243246
2026-04-12 23:47:29,38,19,0.5
2026-04-12 23:48:30,38,21,0.5526315789473685
2026-04-12 23:49:31,38,15,0.39473684210526316
2026-04-12 23:50:32,38,17,0.4473684210526316
2026-04-12 23:51:33,39,24,0.6153846153846154
2026-04-12 23:52:33,39,20,0.5128205128205128
2026-04-12 23:53:34,39,16,0.41025641025641024
2026-04-12 23:54:35,40,21,0.525
2026-04-12 23:55:36,39,19,0.48717948717948717
2026-04-12 23:56:36,39,18,0.46153846153846156
2026-04-12 23:57:37,38,17,0.4473684210526316
2026-04-12 23:58:38,37,19,0.5135135135135135
2026-04-12 23:59:39,38,17,0.4473684210526316
2026-04-13 00:00:40,38,19,0.5
2026-04-13 00:01:40,39,21,0.5384615384615384
2026-04-13 00:02:41,38,21,0.5526315789473685
2026-04-13 00:03:42,38,21,0.5526315789473685
2026-04-13 00:04:43,38,19,0.5
2026-04-13 00:05:43,38,17,0.4473684210526316
2026-04-13 00:06:44,37,17,0.4594594594594595
2026-04-13 00:07:45,37,20,0.5405405405405406
2026-04-13 00:08:46,38,19,0.5
2026-04-13 00:09:47,38,20,0.5263157894736842
2026-04-13 00:10:47,38,21,0.5526315789473685
2026-04-13 00:11:48,38,17,0.4473684210526316
2026-04-13 00:12:49,38,17,0.4473684210526316
2026-04-13 00:13:50,37,23,0.6216216216216216
2026-04-13 00:14:51,37,19,0.5135135135135135
2026-04-13 00:15:51,37,20,0.5405405405405406
2026-04-13 00:16:52,37,19,0.5135135135135135
2026-04-13 00:17:53,38,20,0.5263157894736842
2026-04-13 00:18:54,38,21,0.5526315789473685
2026-04-13 00:19:54,38,23,0.6052631578947368
2026-04-13 00:20:55,39,19,0.48717948717948717
2026-04-13 00:21:56,39,19,0.48717948717948717
2026-04-13 00:22:57,39,21,0.5384615384615384
2026-04-13 00:23:58,39,0,0.0
2026-04-13 00:24:58,39,0,0.0
2026-04-13 00:25:59,39,0,0.0
2026-04-13 00:27:00,39,0,0.0
2026-04-13 00:28:00,39,0,0.0
2026-04-13 00:29:01,38,0,0.0
2026-04-13 00:30:02,37,0,0.0
2026-04-13 00:31:02,33,0,0.0
2026-04-13 00:32:03,28,0,0.0
2026-04-13 00:33:04,21,0,0.0
2026-04-13 03:10:06,20,20,1.0
2026-04-13 03:11:07,29,25,0.8620689655172413
2026-04-13 03:12:08,32,21,0.65625
2026-04-13 03:13:08,35,24,0.6857142857142857
2026-04-13 03:14:09,35,24,0.6857142857142857
2026-04-13 03:15:10,36,21,0.5833333333333334
2026-04-13 03:16:10,36,22,0.6111111111111112
2026-04-13 03:17:11,36,22,0.6111111111111112
2026-04-13 03:18:12,38,20,0.5263157894736842
2026-04-13 03:19:13,39,22,0.5641025641025641
2026-04-13 03:20:13,39,21,0.5384615384615384
2026-04-13 03:21:14,39,22,0.5641025641025641
2026-04-13 03:22:15,39,20,0.5128205128205128
2026-04-13 03:23:15,39,21,0.5384615384615384
2026-04-13 03:24:16,39,18,0.46153846153846156
2026-04-13 03:25:17,39,20,0.5128205128205128
2026-04-13 03:26:18,39,17,0.4358974358974359
2026-04-13 03:27:18,38,17,0.4473684210526316
2026-04-13 03:28:19,37,22,0.5945945945945946
2026-04-13 03:29:20,38,18,0.47368421052631576
2026-04-13 03:30:20,38,18,0.47368421052631576
2026-04-13 03:31:21,37,19,0.5135135135135135
2026-04-13 03:32:22,38,21,0.5526315789473685
2026-04-13 03:33:23,39,19,0.48717948717948717
2026-04-13 03:34:23,40,22,0.55
2026-04-13 03:35:24,40,24,0.6
2026-04-13 03:36:25,41,22,0.5365853658536586
2026-04-13 03:37:25,41,21,0.5121951219512195
2026-04-13 03:38:26,41,22,0.5365853658536586
2026-04-13 03:39:27,41,23,0.5609756097560976
2026-04-13 03:40:28,41,21,0.5121951219512195
2026-04-13 03:41:28,41,20,0.4878048780487805
2026-04-13 03:42:29,40,20,0.5
2026-04-13 03:43:30,40,20,0.5
2026-04-13 03:44:31,40,21,0.525
2026-04-13 03:45:31,40,24,0.6
2026-04-13 03:46:32,38,23,0.6052631578947368
2026-04-13 03:47:33,38,17,0.4473684210526316
2026-04-13 03:48:33,39,21,0.5384615384615384
2026-04-13 03:49:34,39,20,0.5128205128205128
2026-04-13 03:50:35,39,20,0.5128205128205128
2026-04-13 03:51:36,39,20,0.5128205128205128
2026-04-13 03:52:36,39,23,0.5897435897435898
2026-04-13 03:53:37,39,19,0.48717948717948717
2026-04-13 03:54:38,39,23,0.5897435897435898
2026-04-13 03:55:39,40,22,0.55
2026-04-13 03:56:39,39,18,0.46153846153846156
2026-04-13 03:57:40,39,23,0.5897435897435898
2026-04-13 03:58:41,39,22,0.5641025641025641
2026-04-13 03:59:41,40,19,0.475
2026-04-13 04:00:42,40,22,0.55
2026-04-13 04:01:43,40,20,0.5
2026-04-13 04:02:44,40,21,0.525
2026-04-13 04:03:44,41,20,0.4878048780487805
2026-04-13 04:04:45,41,23,0.5609756097560976
2026-04-13 04:05:46,41,19,0.4634146341463415
2026-04-13 04:06:47,41,19,0.4634146341463415
2026-04-13 04:07:48,41,20,0.4878048780487805
2026-04-13 04:08:48,41,20,0.4878048780487805
2026-04-13 04:09:49,41,23,0.5609756097560976
2026-04-13 04:10:50,40,24,0.6
2026-04-13 04:11:51,39,21,0.5384615384615384
2026-04-13 04:12:51,39,19,0.48717948717948717
2026-04-13 04:13:52,40,20,0.5
2026-04-13 04:14:53,41,19,0.4634146341463415
2026-04-13 04:15:53,40,24,0.6
2026-04-13 04:16:54,40,21,0.525
2026-04-13 04:17:55,40,19,0.475
2026-04-13 04:18:56,42,23,0.5476190476190477
2026-04-13 04:19:56,41,25,0.6097560975609756
2026-04-13 04:20:57,41,17,0.4146341463414634
2026-04-13 04:21:58,41,23,0.5609756097560976
2026-04-13 04:22:59,41,26,0.6341463414634146
2026-04-13 04:23:59,41,19,0.4634146341463415
2026-04-13 04:25:00,42,24,0.5714285714285714
2026-04-13 04:26:01,42,22,0.5238095238095238
2026-04-13 04:27:02,42,15,0.35714285714285715
2026-04-13 04:28:03,42,24,0.5714285714285714
2026-04-13 04:29:03,41,24,0.5853658536585366
2026-04-13 04:30:04,41,17,0.4146341463414634
2026-04-13 04:31:05,42,25,0.5952380952380952
2026-04-13 04:32:06,42,21,0.5
2026-04-13 04:33:06,41,19,0.4634146341463415
2026-04-13 04:34:07,41,22,0.5365853658536586
2026-04-13 04:35:08,40,22,0.55
2026-04-13 04:36:09,39,17,0.4358974358974359
2026-04-13 04:37:09,40,24,0.6
2026-04-13 04:38:10,40,23,0.575
2026-04-13 04:39:11,40,18,0.45
2026-04-13 04:40:12,39,24,0.6153846153846154
2026-04-13 04:41:12,40,22,0.55
2026-04-13 04:42:13,40,19,0.475
2026-04-13 04:43:14,40,23,0.575
2026-04-13 04:44:15,40,20,0.5
2026-04-13 04:50:30,41,40,0.975609756097561
2026-04-13 04:51:43,41,26,0.6341463414634146
2026-04-13 04:52:44,42,24,0.5714285714285714
2026-04-13 04:53:45,42,20,0.47619047619047616
2026-04-13 04:54:46,42,22,0.5238095238095238
2026-04-13 04:55:46,43,22,0.5116279069767442
2026-04-13 04:56:47,43,23,0.5348837209302325
2026-04-13 04:57:48,41,26,0.6341463414634146
2026-04-13 04:58:49,41,22,0.5365853658536586
2026-04-13 04:59:49,41,21,0.5121951219512195
2026-04-13 05:00:50,41,23,0.5609756097560976
2026-04-13 05:01:51,43,24,0.5581395348837209
2026-04-13 05:02:52,44,24,0.5454545454545454
2026-04-13 05:03:53,44,22,0.5
2026-04-13 05:04:53,43,26,0.6046511627906976
2026-04-13 05:05:54,43,23,0.5348837209302325
2026-04-13 05:06:55,43,26,0.6046511627906976
2026-04-13 05:07:56,43,23,0.5348837209302325
2026-04-13 05:08:56,43,20,0.46511627906976744
2026-04-13 05:09:57,43,24,0.5581395348837209
2026-04-13 05:10:58,43,24,0.5581395348837209
2026-04-13 05:11:59,43,21,0.4883720930232558
2026-04-13 05:13:00,42,21,0.5
2026-04-13 05:14:00,42,25,0.5952380952380952
2026-04-13 05:15:01,41,21,0.5121951219512195
2026-04-13 05:16:02,41,27,0.6585365853658537
2026-04-13 05:17:03,41,27,0.6585365853658537
2026-04-13 05:18:04,41,21,0.5121951219512195
2026-04-13 05:19:04,41,25,0.6097560975609756
2026-04-13 05:20:05,42,25,0.5952380952380952
2026-04-13 05:21:06,43,20,0.46511627906976744
2026-04-13 05:22:07,43,27,0.627906976744186
2026-04-13 05:23:07,43,27,0.627906976744186
2026-04-13 05:24:08,43,21,0.4883720930232558
2026-04-13 05:25:09,43,26,0.6046511627906976
2026-04-13 05:26:10,43,25,0.5813953488372093
2026-04-13 05:27:10,43,25,0.5813953488372093
2026-04-13 05:28:11,44,28,0.6363636363636364
2026-04-13 05:29:12,44,28,0.6363636363636364
2026-04-13 05:30:13,44,25,0.5681818181818182
2026-04-13 05:31:13,43,24,0.5581395348837209
2026-04-13 05:32:14,43,26,0.6046511627906976
2026-04-13 05:33:15,43,27,0.627906976744186
2026-04-13 05:34:16,43,27,0.627906976744186
2026-04-13 05:35:17,43,29,0.6744186046511628
2026-04-13 05:36:17,42,26,0.6190476190476191
2026-04-13 05:37:18,43,25,0.5813953488372093
2026-04-13 05:38:19,44,25,0.5681818181818182
2026-04-13 05:39:20,44,25,0.5681818181818182
2026-04-13 05:40:20,44,28,0.6363636363636364
2026-04-13 05:41:21,45,26,0.5777777777777777
2026-04-13 05:42:22,45,26,0.5777777777777777
2026-04-13 05:43:23,45,25,0.5555555555555556
2026-04-13 05:44:23,45,24,0.5333333333333333
2026-04-13 05:45:24,46,28,0.6086956521739131
2026-04-13 05:46:25,45,23,0.5111111111111111
2026-04-13 05:47:26,44,26,0.5909090909090909
2026-04-13 05:48:27,43,25,0.5813953488372093
2026-04-13 05:49:27,43,25,0.5813953488372093
2026-04-13 05:50:28,43,25,0.5813953488372093
2026-04-13 05:51:29,43,31,0.7209302325581395
2026-04-13 05:52:30,43,25,0.5813953488372093
2026-04-13 05:53:30,43,22,0.5116279069767442
2026-04-13 05:54:31,43,28,0.6511627906976745
2026-04-13 05:55:32,42,24,0.5714285714285714
2026-04-13 05:56:33,42,24,0.5714285714285714
2026-04-13 05:57:34,42,25,0.5952380952380952
2026-04-13 05:58:34,42,24,0.5714285714285714
2026-04-13 05:59:35,42,25,0.5952380952380952
2026-04-13 06:00:36,42,26,0.6190476190476191
2026-04-13 06:01:37,42,26,0.6190476190476191
2026-04-13 06:02:38,41,26,0.6341463414634146
2026-04-13 06:03:39,41,26,0.6341463414634146
2026-04-13 06:04:39,41,24,0.5853658536585366
2026-04-13 06:05:40,41,24,0.5853658536585366
2026-04-13 06:06:41,42,27,0.6428571428571429
2026-04-13 06:07:42,42,25,0.5952380952380952
2026-04-13 06:08:43,42,22,0.5238095238095238
2026-04-13 06:09:43,42,25,0.5952380952380952
2026-04-13 06:10:44,44,26,0.5909090909090909
2026-04-13 06:11:45,45,22,0.4888888888888889
2026-04-13 06:12:46,44,24,0.5454545454545454
2026-04-13 06:13:46,45,28,0.6222222222222222
2026-04-13 06:14:47,45,23,0.5111111111111111
2026-04-13 06:15:48,45,26,0.5777777777777777
2026-04-13 06:16:49,45,26,0.5777777777777777
2026-04-13 06:17:50,45,26,0.5777777777777777
2026-04-13 06:18:50,45,26,0.5777777777777777
2026-04-13 06:19:51,45,25,0.5555555555555556
2026-04-13 06:20:52,44,24,0.5454545454545454
2026-04-13 06:21:53,44,26,0.5909090909090909
2026-04-13 06:22:54,44,27,0.6136363636363636
2026-04-13 06:23:54,45,22,0.4888888888888889
2026-04-13 06:24:55,45,27,0.6
2026-04-13 06:25:56,45,25,0.5555555555555556
2026-04-13 06:26:57,45,25,0.5555555555555556
2026-04-13 06:27:58,45,25,0.5555555555555556
2026-04-13 06:28:58,44,26,0.5909090909090909
2026-04-13 06:29:59,44,21,0.4772727272727273
2026-04-13 06:31:00,44,26,0.5909090909090909
2026-04-13 06:32:01,45,25,0.5555555555555556
2026-04-13 06:33:02,45,22,0.4888888888888889
2026-04-13 06:34:03,45,26,0.5777777777777777
2026-04-13 06:35:03,44,24,0.5454545454545454
2026-04-13 06:36:04,44,17,0.38636363636363635
2026-04-13 06:37:05,43,28,0.6511627906976745
2026-04-13 06:38:06,43,23,0.5348837209302325
2026-04-13 06:39:07,43,22,0.5116279069767442
2026-04-13 06:40:07,44,28,0.6363636363636364
2026-04-13 06:41:08,45,25,0.5555555555555556
2026-04-13 06:42:09,45,19,0.4222222222222222
2026-04-13 06:43:10,46,26,0.5652173913043478
2026-04-13 06:44:11,46,26,0.5652173913043478
2026-04-13 06:45:11,44,24,0.5454545454545454
2026-04-13 06:46:12,44,28,0.6363636363636364
2026-04-13 06:47:13,45,27,0.6
2026-04-13 06:48:14,44,26,0.5909090909090909
2026-04-13 06:49:15,45,28,0.6222222222222222
2026-04-13 06:50:15,45,26,0.5777777777777777
2026-04-13 06:51:16,46,27,0.5869565217391305
2026-04-13 06:52:17,46,27,0.5869565217391305
2026-04-13 06:53:18,45,23,0.5111111111111111
2026-04-13 06:54:19,45,25,0.5555555555555556
2026-04-13 06:55:20,45,25,0.5555555555555556
2026-04-13 06:56:20,45,23,0.5111111111111111
2026-04-13 06:57:21,46,26,0.5652173913043478
2026-04-13 06:58:22,46,28,0.6086956521739131
2026-04-13 06:59:23,46,25,0.5434782608695652
2026-04-13 07:00:24,45,25,0.5555555555555556
2026-04-13 07:01:24,44,22,0.5
2026-04-13 07:02:25,44,22,0.5
2026-04-13 07:03:26,43,25,0.5813953488372093
2026-04-13 07:04:27,43,25,0.5813953488372093
2026-04-13 07:05:28,44,25,0.5681818181818182
2026-04-13 07:06:28,44,23,0.5227272727272727
2026-04-13 07:07:29,43,21,0.4883720930232558
2026-04-13 07:08:30,43,22,0.5116279069767442
2026-04-13 07:09:31,43,27,0.627906976744186
2026-04-13 07:10:32,43,25,0.5813953488372093
2026-04-13 07:11:33,43,25,0.5813953488372093
2026-04-13 07:12:33,43,28,0.6511627906976745
2026-04-13 07:13:34,44,29,0.6590909090909091
2026-04-13 07:14:35,44,21,0.4772727272727273
2026-04-13 07:15:36,44,23,0.5227272727272727
2026-04-13 07:16:37,44,24,0.5454545454545454
2026-04-13 07:17:38,44,22,0.5
2026-04-13 07:18:38,44,24,0.5454545454545454
2026-04-13 07:19:39,44,22,0.5
2026-04-13 07:20:40,44,22,0.5
2026-04-13 07:21:41,46,24,0.5217391304347826
2026-04-13 07:22:42,47,29,0.6170212765957447
2026-04-13 07:23:43,47,25,0.5319148936170213
2026-04-13 07:24:43,47,26,0.5531914893617021
2026-04-13 07:25:44,48,26,0.5416666666666666
2026-04-13 07:26:45,48,24,0.5
2026-04-13 07:27:46,48,27,0.5625
2026-04-13 07:28:47,48,27,0.5625
2026-04-13 07:29:48,48,22,0.4583333333333333
2026-04-13 07:30:48,48,22,0.4583333333333333
2026-04-13 07:31:49,48,25,0.5208333333333334
2026-04-13 07:32:50,47,23,0.48936170212765956
2026-04-13 07:33:51,46,26,0.5652173913043478
2026-04-13 07:34:52,46,25,0.5434782608695652
2026-04-13 07:35:53,45,20,0.4444444444444444
2026-04-13 07:36:54,44,20,0.45454545454545453
2026-04-13 07:37:54,45,26,0.5777777777777777
2026-04-13 07:38:55,45,24,0.5333333333333333
2026-04-13 07:39:56,44,24,0.5454545454545454
2026-04-13 07:40:57,45,26,0.5777777777777777
2026-04-13 07:41:58,45,23,0.5111111111111111
2026-04-13 07:42:59,45,27,0.6
2026-04-13 07:43:59,45,26,0.5777777777777777
2026-04-13 07:45:00,45,24,0.5333333333333333
2026-04-13 07:46:01,45,30,0.6666666666666666
2026-04-13 07:47:02,46,27,0.5869565217391305
2026-04-13 07:48:03,46,23,0.5
2026-04-13 07:49:04,47,27,0.574468085106383
2026-04-13 07:50:05,47,25,0.5319148936170213
2026-04-13 07:51:06,47,23,0.48936170212765956
2026-04-13 07:52:06,47,28,0.5957446808510638
2026-04-13 07:53:07,47,23,0.48936170212765956
2026-04-13 07:54:08,46,22,0.4782608695652174
2026-04-13 07:55:09,46,26,0.5652173913043478
2026-04-13 07:56:10,46,25,0.5434782608695652
2026-04-13 07:57:11,45,22,0.4888888888888889
2026-04-13 07:58:11,45,26,0.5777777777777777
2026-04-13 07:59:12,45,25,0.5555555555555556
2026-04-13 08:00:13,45,24,0.5333333333333333
2026-04-13 08:01:14,45,25,0.5555555555555556
2026-04-13 08:02:15,45,25,0.5555555555555556
2026-04-13 08:03:16,46,27,0.5869565217391305
2026-04-13 08:04:16,46,27,0.5869565217391305
2026-04-13 08:05:17,46,25,0.5434782608695652
2026-04-13 08:06:18,46,18,0.391304347826087
2026-04-13 08:07:19,46,0,0.0
2026-04-13 08:08:20,46,18,0.391304347826087
2026-04-13 08:09:21,46,24,0.5217391304347826
2026-04-13 08:10:21,45,24,0.5333333333333333
2026-04-13 08:11:22,45,23,0.5111111111111111
2026-04-13 08:12:23,45,24,0.5333333333333333
2026-04-13 08:13:24,44,25,0.5681818181818182
2026-04-13 08:14:25,44,24,0.5454545454545454
2026-04-13 08:15:25,43,24,0.5581395348837209
2026-04-13 08:16:26,43,21,0.4883720930232558
2026-04-13 08:17:27,43,23,0.5348837209302325
2026-04-13 08:18:28,44,24,0.5454545454545454
2026-04-13 08:19:29,42,23,0.5476190476190477
2026-04-13 08:20:30,42,22,0.5238095238095238
2026-04-13 08:21:30,42,25,0.5952380952380952
2026-04-13 08:22:31,42,25,0.5952380952380952
2026-04-13 08:23:32,42,23,0.5476190476190477
2026-04-13 08:24:33,43,27,0.627906976744186
2026-04-13 08:25:34,43,25,0.5813953488372093
2026-04-13 08:26:34,43,22,0.5116279069767442
2026-04-13 08:27:35,44,26,0.5909090909090909
2026-04-13 08:28:36,44,26,0.5909090909090909
2026-04-13 08:29:37,44,23,0.5227272727272727
2026-04-13 08:30:38,44,24,0.5454545454545454
2026-04-13 08:31:39,45,27,0.6
2026-04-13 08:32:39,45,23,0.5111111111111111
2026-04-13 08:33:40,46,32,0.6956521739130435
2026-04-13 08:34:41,46,27,0.5869565217391305
2026-04-13 08:35:42,46,26,0.5652173913043478
2026-04-13 08:36:43,46,26,0.5652173913043478
2026-04-13 08:37:44,46,25,0.5434782608695652
2026-04-13 08:38:44,46,23,0.5
2026-04-13 08:39:45,46,29,0.6304347826086957
2026-04-13 08:40:46,46,24,0.5217391304347826
2026-04-13 08:41:47,45,21,0.4666666666666667
2026-04-13 08:42:48,44,23,0.5227272727272727
2026-04-13 08:43:49,45,23,0.5111111111111111
2026-04-13 08:44:49,45,23,0.5111111111111111
2026-04-13 08:45:50,46,28,0.6086956521739131
2026-04-13 08:46:51,46,26,0.5652173913043478
2026-04-13 08:47:52,46,22,0.4782608695652174
2026-04-13 08:48:53,46,27,0.5869565217391305
2026-04-13 08:49:54,46,25,0.5434782608695652
2026-04-13 08:50:55,46,25,0.5434782608695652
2026-04-13 08:51:55,45,26,0.5777777777777777
2026-04-13 08:52:56,47,27,0.574468085106383
2026-04-13 08:53:57,48,22,0.4583333333333333
2026-04-13 08:54:58,48,27,0.5625
2026-04-13 08:55:59,47,29,0.6170212765957447
2026-04-13 08:57:00,46,22,0.4782608695652174
2026-04-13 08:58:01,47,28,0.5957446808510638
2026-04-13 08:59:02,47,26,0.5531914893617021
2026-04-13 09:00:03,47,24,0.5106382978723404
2026-04-13 09:01:04,47,25,0.5319148936170213
2026-04-13 09:02:04,48,22,0.4583333333333333
2026-04-13 09:03:05,48,23,0.4791666666666667
2026-04-13 09:04:06,48,24,0.5
2026-04-13 09:05:07,47,20,0.425531914893617
2026-04-13 09:06:08,46,20,0.43478260869565216
2026-04-13 09:07:09,46,26,0.5652173913043478
2026-04-13 09:08:10,47,26,0.5531914893617021
2026-04-13 09:09:10,47,21,0.44680851063829785
2026-04-13 09:10:11,47,26,0.5531914893617021
2026-04-13 09:11:12,48,24,0.5
2026-04-13 09:12:13,47,25,0.5319148936170213
2026-04-13 09:13:14,47,29,0.6170212765957447
2026-04-13 09:14:15,47,23,0.48936170212765956
2026-04-13 09:15:16,47,28,0.5957446808510638
2026-04-13 09:16:16,47,26,0.5531914893617021
2026-04-13 09:17:17,47,24,0.5106382978723404
2026-04-13 09:18:18,47,24,0.5106382978723404
2026-04-13 09:19:19,48,28,0.5833333333333334
2026-04-13 09:20:20,48,24,0.5
2026-04-13 09:21:21,47,27,0.574468085106383
2026-04-13 09:22:22,47,23,0.48936170212765956
2026-04-13 09:23:22,46,23,0.5
2026-04-13 09:24:23,47,24,0.5106382978723404
2026-04-13 09:25:24,47,23,0.48936170212765956
2026-04-13 09:26:25,47,24,0.5106382978723404
2026-04-13 09:27:26,47,26,0.5531914893617021
2026-04-13 09:28:27,48,28,0.5833333333333334
2026-04-13 09:29:28,47,24,0.5106382978723404
2026-04-13 09:30:28,48,26,0.5416666666666666
2026-04-13 09:31:29,48,23,0.4791666666666667
2026-04-13 09:32:30,48,28,0.5833333333333334
2026-04-13 09:33:31,48,31,0.6458333333333334
2026-04-13 09:34:32,48,25,0.5208333333333334
2026-04-13 09:35:33,48,21,0.4375
2026-04-13 09:36:34,48,22,0.4583333333333333
2026-04-13 09:37:35,48,25,0.5208333333333334
2026-04-13 09:38:35,48,24,0.5
2026-04-13 09:39:36,47,26,0.5531914893617021
2026-04-13 09:40:37,47,25,0.5319148936170213
2026-04-13 09:41:38,47,22,0.46808510638297873
2026-04-13 09:42:39,48,28,0.5833333333333334
2026-04-13 09:43:40,48,28,0.5833333333333334
2026-04-13 09:44:41,48,20,0.4166666666666667
2026-04-13 09:45:42,48,29,0.6041666666666666
2026-04-13 09:46:42,49,25,0.5102040816326531
2026-04-13 09:47:43,49,23,0.46938775510204084
2026-04-13 09:48:44,49,29,0.5918367346938775
2026-04-13 09:49:45,49,26,0.5306122448979592
2026-04-13 09:50:46,49,21,0.42857142857142855
2026-04-13 09:51:47,49,28,0.5714285714285714
2026-04-13 09:52:48,49,26,0.5306122448979592
2026-04-13 09:53:48,49,23,0.46938775510204084
2026-04-13 09:54:49,49,25,0.5102040816326531
2026-04-13 09:55:50,49,21,0.42857142857142855
2026-04-13 09:56:51,49,24,0.4897959183673469
2026-04-13 09:57:52,49,27,0.5510204081632653
2026-04-13 09:58:53,49,25,0.5102040816326531
2026-04-13 09:59:54,49,23,0.46938775510204084
2026-04-13 10:00:55,49,24,0.4897959183673469
2026-04-13 10:01:56,49,24,0.4897959183673469
2026-04-13 10:02:57,49,20,0.40816326530612246
2026-04-13 10:03:57,49,28,0.5714285714285714
2026-04-13 10:04:58,49,28,0.5714285714285714
2026-04-13 10:05:59,48,23,0.4791666666666667
2026-04-13 10:07:00,47,26,0.5531914893617021
2026-04-13 10:08:01,47,20,0.425531914893617
2026-04-13 10:09:02,47,21,0.44680851063829785
2026-04-13 10:10:03,45,25,0.5555555555555556
2026-04-13 10:11:04,45,23,0.5111111111111111
2026-04-13 10:12:04,45,19,0.4222222222222222
2026-04-13 10:13:05,45,25,0.5555555555555556
2026-04-13 10:14:06,45,24,0.5333333333333333
2026-04-13 10:15:07,46,23,0.5
2026-04-13 10:16:08,46,27,0.5869565217391305
2026-04-13 10:17:09,46,26,0.5652173913043478
2026-04-13 10:18:10,45,21,0.4666666666666667
2026-04-13 10:19:10,45,22,0.4888888888888889
2026-04-13 10:20:11,45,25,0.5555555555555556
2026-04-13 10:21:12,45,23,0.5111111111111111
2026-04-13 10:22:13,45,27,0.6
2026-04-13 10:23:14,45,28,0.6222222222222222
2026-04-13 10:24:15,45,23,0.5111111111111111
2026-04-13 10:25:16,45,24,0.5333333333333333
2026-04-13 10:26:17,45,21,0.4666666666666667
2026-04-13 10:27:18,44,23,0.5227272727272727
2026-04-13 10:28:18,46,29,0.6304347826086957
2026-04-13 10:29:19,46,25,0.5434782608695652
2026-04-13 10:30:20,47,26,0.5531914893617021
2026-04-13 10:31:21,47,26,0.5531914893617021
2026-04-13 10:32:22,47,22,0.46808510638297873
2026-04-13 10:33:23,48,28,0.5833333333333334
2026-04-13 10:34:24,48,22,0.4583333333333333
2026-04-13 10:35:24,48,25,0.5208333333333334
2026-04-13 10:36:25,48,25,0.5208333333333334
2026-04-13 10:37:26,48,24,0.5
2026-04-13 10:38:27,47,23,0.48936170212765956
2026-04-13 10:39:28,46,25,0.5434782608695652
2026-04-13 10:40:29,46,21,0.45652173913043476
2026-04-13 10:41:30,46,26,0.5652173913043478
2026-04-13 10:42:31,46,26,0.5652173913043478
2026-04-13 10:43:31,46,24,0.5217391304347826
2026-04-13 10:44:32,46,24,0.5217391304347826
2026-04-13 10:45:33,46,25,0.5434782608695652
2026-04-13 10:46:34,46,24,0.5217391304347826
2026-04-13 10:47:35,46,22,0.4782608695652174
2026-04-13 10:48:36,46,25,0.5434782608695652
2026-04-13 10:49:37,46,29,0.6304347826086957
2026-04-13 10:50:38,46,21,0.45652173913043476
2026-04-13 10:51:38,46,27,0.5869565217391305
2026-04-13 10:52:39,46,28,0.6086956521739131
2026-04-13 10:53:40,46,22,0.4782608695652174
2026-04-13 10:54:41,46,27,0.5869565217391305
2026-04-13 10:55:42,46,26,0.5652173913043478
2026-04-13 10:56:43,46,24,0.5217391304347826
2026-04-13 10:57:44,46,27,0.5869565217391305
2026-04-13 10:58:45,46,26,0.5652173913043478
2026-04-13 10:59:46,46,25,0.5434782608695652
2026-04-13 11:00:47,46,28,0.6086956521739131
2026-04-13 11:01:47,46,26,0.5652173913043478
2026-04-13 11:02:48,46,25,0.5434782608695652
2026-04-13 11:03:49,46,26,0.5652173913043478
2026-04-13 11:04:50,47,26,0.5531914893617021
2026-04-13 11:05:51,47,23,0.48936170212765956
2026-04-13 11:06:52,47,21,0.44680851063829785
2026-04-13 11:07:53,48,24,0.5
2026-04-13 11:08:54,48,25,0.5208333333333334
2026-04-13 11:09:54,48,25,0.5208333333333334
2026-04-13 11:10:55,48,24,0.5
2026-04-13 11:11:56,48,23,0.4791666666666667
2026-04-13 11:12:57,48,29,0.6041666666666666
2026-04-13 11:13:58,48,27,0.5625
2026-04-13 11:14:59,48,23,0.4791666666666667
2026-04-13 11:16:00,47,28,0.5957446808510638
2026-04-13 11:17:01,47,24,0.5106382978723404
2026-04-13 11:18:02,47,21,0.44680851063829785
2026-04-13 11:19:03,46,27,0.5869565217391305
2026-04-13 11:20:04,46,27,0.5869565217391305
2026-04-13 11:21:04,46,24,0.5217391304347826
2026-04-13 11:22:05,46,26,0.5652173913043478
2026-04-13 11:23:06,46,26,0.5652173913043478
2026-04-13 11:24:07,46,23,0.5
2026-04-13 11:25:08,47,27,0.574468085106383
2026-04-13 11:26:09,47,27,0.574468085106383
2026-04-13 11:27:10,47,25,0.5319148936170213
2026-04-13 11:28:11,47,28,0.5957446808510638
2026-04-13 11:29:12,47,26,0.5531914893617021
2026-04-13 11:30:13,47,22,0.46808510638297873
2026-04-13 11:31:13,47,25,0.5319148936170213
2026-04-13 11:32:14,47,25,0.5319148936170213
2026-04-13 11:33:15,47,25,0.5319148936170213
2026-04-13 11:34:16,47,28,0.5957446808510638
2026-04-13 11:35:17,46,24,0.5217391304347826
2026-04-13 11:36:18,46,26,0.5652173913043478
2026-04-13 11:37:19,46,24,0.5217391304347826
2026-04-13 11:38:20,46,22,0.4782608695652174
2026-04-13 11:39:20,45,23,0.5111111111111111
2026-04-13 11:40:21,45,24,0.5333333333333333
2026-04-13 11:41:22,45,20,0.4444444444444444
2026-04-13 11:42:23,45,25,0.5555555555555556
2026-04-13 11:43:24,46,26,0.5652173913043478
2026-04-13 11:44:25,47,24,0.5106382978723404
2026-04-13 11:45:26,47,26,0.5531914893617021
2026-04-13 11:46:27,47,23,0.48936170212765956
2026-04-13 11:47:27,47,22,0.46808510638297873
2026-04-13 11:48:28,47,25,0.5319148936170213
2026-04-13 11:49:29,47,23,0.48936170212765956
2026-04-13 11:50:30,47,26,0.5531914893617021
2026-04-13 11:51:31,49,26,0.5306122448979592
2026-04-13 11:52:32,49,26,0.5306122448979592
2026-04-13 11:53:33,49,21,0.42857142857142855
2026-04-13 11:54:34,48,23,0.4791666666666667
2026-04-13 11:55:35,48,25,0.5208333333333334
2026-04-13 11:56:36,48,24,0.5
2026-04-13 11:57:36,49,27,0.5510204081632653
2026-04-13 11:58:37,49,26,0.5306122448979592
2026-04-13 11:59:38,49,22,0.4489795918367347
2026-04-13 12:00:39,48,26,0.5416666666666666
2026-04-13 12:01:40,49,25,0.5102040816326531
2026-04-13 12:02:41,49,25,0.5102040816326531
2026-04-13 12:03:42,49,26,0.5306122448979592
2026-04-13 12:04:43,49,23,0.46938775510204084
2026-04-13 12:05:44,49,23,0.46938775510204084
2026-04-13 12:06:44,50,24,0.48
2026-04-13 12:07:45,50,26,0.52
2026-04-13 12:08:46,49,24,0.4897959183673469
2026-04-13 12:09:47,49,25,0.5102040816326531
2026-04-13 12:10:48,49,26,0.5306122448979592
2026-04-13 12:11:49,49,20,0.40816326530612246
2026-04-13 12:12:50,49,24,0.4897959183673469
2026-04-13 12:13:51,49,28,0.5714285714285714
2026-04-13 12:14:52,47,22,0.46808510638297873
2026-04-13 12:15:53,48,28,0.5833333333333334
2026-04-13 12:16:54,49,30,0.6122448979591837
2026-04-13 12:17:55,50,23,0.46
2026-04-13 12:18:56,50,24,0.48
2026-04-13 12:19:56,51,27,0.5294117647058824
2026-04-13 12:20:57,51,25,0.49019607843137253
2026-04-13 12:21:58,51,27,0.5294117647058824
2026-04-13 12:22:59,51,27,0.5294117647058824
2026-04-13 12:24:00,51,25,0.49019607843137253
2026-04-13 12:25:01,51,27,0.5294117647058824
2026-04-13 12:26:02,51,26,0.5098039215686274
2026-04-13 12:27:03,50,25,0.5
2026-04-13 12:28:04,49,29,0.5918367346938775
2026-04-13 12:29:05,49,27,0.5510204081632653
2026-04-13 12:30:06,49,20,0.40816326530612246
2026-04-13 12:31:07,50,27,0.54
2026-04-13 12:32:08,49,28,0.5714285714285714
2026-04-13 12:33:08,49,24,0.4897959183673469
2026-04-13 12:34:09,48,29,0.6041666666666666
2026-04-13 12:35:10,48,21,0.4375
2026-04-13 12:36:11,48,22,0.4583333333333333
2026-04-13 12:37:12,48,27,0.5625
2026-04-13 12:38:13,48,25,0.5208333333333334
2026-04-13 12:39:14,49,25,0.5102040816326531
2026-04-13 12:40:15,49,27,0.5510204081632653
2026-04-13 12:41:16,51,30,0.5882352941176471
2026-04-13 12:42:17,51,23,0.45098039215686275
2026-04-13 12:43:18,52,28,0.5384615384615384
2026-04-13 12:44:19,51,20,0.39215686274509803
2026-04-13 12:45:19,51,26,0.5098039215686274
2026-04-13 12:46:20,52,30,0.5769230769230769
2026-04-13 12:47:21,54,26,0.48148148148148145
2026-04-13 12:48:22,54,29,0.5370370370370371
2026-04-13 12:49:23,54,25,0.46296296296296297
2026-04-13 12:50:24,54,25,0.46296296296296297
2026-04-13 12:51:25,54,29,0.5370370370370371
2026-04-13 12:52:26,53,29,0.5471698113207547
2026-04-13 12:53:27,54,24,0.4444444444444444
2026-04-13 12:54:28,55,29,0.5272727272727272
2026-04-13 12:55:29,55,23,0.41818181818181815
2026-04-13 12:56:30,55,24,0.43636363636363634
2026-04-13 12:57:31,57,30,0.5263157894736842
2026-04-13 12:58:32,58,28,0.4827586206896552
2026-04-13 12:59:33,56,26,0.4642857142857143
2026-04-13 13:00:34,57,27,0.47368421052631576
2026-04-13 13:01:35,57,30,0.5263157894736842
2026-04-13 13:02:36,57,26,0.45614035087719296
2026-04-13 13:03:37,56,33,0.5892857142857143
2026-04-13 13:04:38,55,26,0.4727272727272727
2026-04-13 13:05:39,56,28,0.5
2026-04-13 13:06:40,58,34,0.5862068965517241
2026-04-13 13:07:41,58,30,0.5172413793103449
2026-04-13 13:08:42,57,29,0.5087719298245614
2026-04-13 13:09:43,57,29,0.5087719298245614
2026-04-13 13:10:44,58,30,0.5172413793103449
2026-04-13 13:11:45,58,27,0.46551724137931033
2026-04-13 13:12:46,58,30,0.5172413793103449
2026-04-13 13:13:47,59,34,0.576271186440678
2026-04-13 13:14:48,61,31,0.5081967213114754
2026-04-13 13:15:49,61,36,0.5901639344262295
2026-04-13 13:16:51,63,33,0.5238095238095238
2026-04-13 13:17:52,63,32,0.5079365079365079
2026-04-13 13:18:53,63,34,0.5396825396825397
2026-04-13 13:19:54,63,35,0.5555555555555556
2026-04-13 13:20:55,64,34,0.53125
2026-04-13 13:21:56,65,41,0.6307692307692307
2026-04-13 13:22:57,65,34,0.5230769230769231
2026-04-13 13:23:58,65,33,0.5076923076923077
2026-04-13 13:24:59,64,33,0.515625
2026-04-13 13:26:00,63,32,0.5079365079365079
2026-04-13 13:27:01,64,31,0.484375
2026-04-13 13:28:02,63,36,0.5714285714285714
2026-04-13 13:29:03,63,34,0.5396825396825397
2026-04-13 13:30:04,65,33,0.5076923076923077
2026-04-13 13:31:05,66,37,0.5606060606060606
2026-04-13 13:32:07,66,36,0.5454545454545454
2026-04-13 13:33:08,65,36,0.5538461538461539
2026-04-13 13:34:09,65,37,0.5692307692307692
2026-04-13 13:35:10,64,37,0.578125
2026-04-13 13:36:11,65,35,0.5384615384615384
2026-04-13 13:37:12,64,39,0.609375
2026-04-13 13:38:13,64,36,0.5625
2026-04-13 13:39:14,65,38,0.5846153846153846
2026-04-13 13:40:15,64,42,0.65625
2026-04-13 13:41:16,65,39,0.6
2026-04-13 13:42:17,63,38,0.6031746031746031
2026-04-13 13:43:18,62,40,0.6451612903225806
2026-04-13 13:44:19,63,36,0.5714285714285714
2026-04-13 13:45:20,62,39,0.6290322580645161
2026-04-13 13:46:21,61,39,0.639344262295082
2026-04-13 13:47:22,62,35,0.5645161290322581
2026-04-13 13:48:23,63,38,0.6031746031746031
2026-04-13 13:49:24,63,37,0.5873015873015873
2026-04-13 13:50:25,62,35,0.5645161290322581
2026-04-13 13:51:26,60,42,0.7
2026-04-13 13:52:28,61,38,0.6229508196721312
2026-04-13 13:53:29,62,29,0.46774193548387094
2026-04-13 13:54:30,62,38,0.6129032258064516
2026-04-13 13:55:31,61,31,0.5081967213114754
2026-04-13 13:56:32,61,33,0.5409836065573771
2026-04-13 13:57:33,62,42,0.6774193548387096
2026-04-13 13:58:34,62,36,0.5806451612903226
2026-04-13 13:59:35,62,33,0.532258064516129
2026-04-13 14:00:36,63,41,0.6507936507936508
2026-04-13 14:01:37,65,39,0.6
2026-04-13 14:02:38,64,35,0.546875
2026-04-13 14:03:39,64,27,0.421875
2026-04-13 14:04:40,64,33,0.515625
2026-04-13 14:05:41,64,34,0.53125
2026-04-13 14:06:42,65,35,0.5384615384615384
2026-04-13 14:07:43,65,29,0.4461538461538462
2026-04-13 14:08:44,65,34,0.5230769230769231
2026-04-13 14:09:45,64,35,0.546875
2026-04-13 14:10:46,63,34,0.5396825396825397
2026-04-13 14:11:47,62,31,0.5
2026-04-13 14:12:48,60,33,0.55
2026-04-13 14:13:49,60,33,0.55
2026-04-13 14:14:50,60,33,0.55
2026-04-13 14:15:51,59,34,0.576271186440678
2026-04-13 14:16:52,58,30,0.5172413793103449
2026-04-13 14:17:53,56,28,0.5
2026-04-13 14:18:54,56,33,0.5892857142857143
2026-04-13 14:19:55,57,33,0.5789473684210527
2026-04-13 14:20:56,57,29,0.5087719298245614
2026-04-13 14:21:57,56,33,0.5892857142857143
2026-04-13 14:22:58,56,34,0.6071428571428571
2026-04-13 14:23:59,56,30,0.5357142857142857
2026-04-13 14:24:59,58,34,0.5862068965517241
2026-04-13 14:26:01,56,30,0.5357142857142857
2026-04-13 14:27:02,56,29,0.5178571428571429
2026-04-13 14:28:03,56,34,0.6071428571428571
2026-04-13 14:29:04,56,24,0.42857142857142855
2026-04-13 14:30:04,57,26,0.45614035087719296
2026-04-13 14:31:05,57,33,0.5789473684210527
2026-04-13 14:32:06,57,30,0.5263157894736842
2026-04-13 14:33:07,57,25,0.43859649122807015
2026-04-13 14:34:08,55,32,0.5818181818181818
2026-04-13 14:35:09,54,27,0.5
2026-04-13 14:36:10,54,29,0.5370370370370371
2026-04-13 14:37:11,54,34,0.6296296296296297
2026-04-13 14:38:12,53,27,0.5094339622641509
2026-04-13 14:39:13,53,28,0.5283018867924528
2026-04-13 14:40:14,54,35,0.6481481481481481
2026-04-13 14:41:15,55,29,0.5272727272727272
2026-04-13 14:42:16,55,28,0.509090909090909
2026-04-13 14:43:17,55,33,0.6
2026-04-13 14:44:18,55,24,0.43636363636363634
2026-04-13 14:45:19,56,30,0.5357142857142857
2026-04-13 14:46:20,56,32,0.5714285714285714
2026-04-13 14:47:21,55,26,0.4727272727272727
2026-04-13 14:48:22,55,31,0.5636363636363636
2026-04-13 14:49:23,56,28,0.5
2026-04-13 14:50:24,55,25,0.45454545454545453
2026-04-13 14:51:25,52,32,0.6153846153846154
2026-04-13 14:52:26,53,30,0.5660377358490566
2026-04-13 14:53:27,54,27,0.5
2026-04-13 14:54:28,57,34,0.5964912280701754
2026-04-13 14:55:29,58,32,0.5517241379310345
2026-04-13 14:56:29,57,29,0.5087719298245614
2026-04-13 14:57:30,57,36,0.631578947368421
2026-04-13 14:58:31,57,32,0.5614035087719298
2026-04-13 14:59:32,57,28,0.49122807017543857
2026-04-13 15:00:33,57,35,0.6140350877192983
2026-04-13 15:01:34,57,28,0.49122807017543857
2026-04-13 15:02:35,57,23,0.40350877192982454
2026-04-13 15:03:36,58,33,0.5689655172413793
2026-04-13 15:04:37,58,29,0.5
2026-04-13 15:05:38,56,24,0.42857142857142855
2026-04-13 15:06:39,56,33,0.5892857142857143
2026-04-13 15:07:41,58,32,0.5517241379310345
2026-04-13 15:08:41,59,27,0.4576271186440678
2026-04-13 15:09:42,58,36,0.6206896551724138
2026-04-13 15:10:43,58,30,0.5172413793103449
2026-04-13 15:11:44,58,29,0.5
2026-04-13 15:12:45,60,33,0.55
2026-04-13 15:13:46,60,25,0.4166666666666667
2026-04-13 15:14:47,60,26,0.43333333333333335
2026-04-13 15:15:48,60,31,0.5166666666666667
2026-04-13 15:16:49,60,27,0.45
2026-04-13 15:17:50,59,26,0.4406779661016949
2026-04-13 15:18:51,57,29,0.5087719298245614
2026-04-13 15:19:52,57,26,0.45614035087719296
2026-04-13 15:20:53,57,26,0.45614035087719296
2026-04-13 15:21:54,57,30,0.5263157894736842
2026-04-13 15:22:55,59,31,0.5254237288135594
2026-04-13 15:23:56,58,31,0.5344827586206896
2026-04-13 15:24:57,57,31,0.543859649122807
2026-04-13 15:25:58,58,29,0.5
2026-04-13 15:26:59,58,32,0.5517241379310345
2026-04-13 15:28:00,60,36,0.6
2026-04-13 15:29:01,59,30,0.5084745762711864
2026-04-13 15:30:02,60,28,0.4666666666666667
2026-04-13 15:31:03,60,34,0.5666666666666667
2026-04-13 15:32:04,61,26,0.4262295081967213
2026-04-13 15:33:05,62,26,0.41935483870967744
2026-04-13 15:34:06,60,28,0.4666666666666667
2026-04-13 15:35:07,59,28,0.4745762711864407
2026-04-13 15:36:08,58,25,0.43103448275862066
2026-04-13 15:37:09,57,33,0.5789473684210527
2026-04-13 15:38:10,56,24,0.42857142857142855
2026-04-13 15:39:11,54,30,0.5555555555555556
2026-04-13 15:40:13,55,31,0.5636363636363636
2026-04-13 15:41:14,55,29,0.5272727272727272
2026-04-13 15:42:15,55,29,0.5272727272727272
2026-04-13 15:43:16,58,32,0.5517241379310345
2026-04-13 15:44:17,58,25,0.43103448275862066
2026-04-13 15:45:18,58,28,0.4827586206896552
2026-04-13 15:46:19,58,31,0.5344827586206896
2026-04-13 15:47:20,58,26,0.4482758620689655
2026-04-13 15:48:21,59,29,0.4915254237288136
2026-04-13 15:49:21,60,35,0.5833333333333334
2026-04-13 15:50:22,59,27,0.4576271186440678
2026-04-13 15:51:23,58,32,0.5517241379310345
2026-04-13 15:52:24,58,28,0.4827586206896552
2026-04-13 15:53:25,57,24,0.42105263157894735
2026-04-13 15:54:26,57,28,0.49122807017543857
2026-04-13 15:55:27,57,27,0.47368421052631576
2026-04-13 15:56:28,57,27,0.47368421052631576
2026-04-13 15:57:29,57,30,0.5263157894736842
2026-04-13 15:58:30,56,27,0.48214285714285715
2026-04-13 15:59:31,54,24,0.4444444444444444
2026-04-13 16:00:32,52,32,0.6153846153846154
2026-04-13 16:01:33,52,23,0.4423076923076923
2026-04-13 16:02:34,52,25,0.4807692307692308
2026-04-13 16:03:35,52,26,0.5
2026-04-13 16:04:36,55,29,0.5272727272727272
2026-04-13 16:05:37,57,26,0.45614035087719296
2026-04-13 16:06:38,56,33,0.5892857142857143
2026-04-13 16:07:38,56,28,0.5
2026-04-13 16:08:39,57,27,0.47368421052631576
2026-04-13 16:09:40,58,34,0.5862068965517241
2026-04-13 16:10:41,58,26,0.4482758620689655
2026-04-13 16:11:42,59,26,0.4406779661016949
2026-04-13 16:12:43,59,34,0.576271186440678
2026-04-13 16:13:44,58,23,0.39655172413793105
2026-04-13 16:14:45,58,25,0.43103448275862066
2026-04-13 16:15:46,56,32,0.5714285714285714
2026-04-13 16:16:47,55,28,0.509090909090909
2026-04-13 16:17:47,55,21,0.38181818181818183
2026-04-13 16:18:48,57,30,0.5263157894736842
2026-04-13 16:19:49,57,24,0.42105263157894735
2026-04-13 16:20:50,56,22,0.39285714285714285
2026-04-13 16:21:51,56,31,0.5535714285714286
2026-04-13 16:22:52,56,31,0.5535714285714286
2026-04-13 16:23:53,57,22,0.38596491228070173
2026-04-13 16:24:54,57,29,0.5087719298245614
2026-04-13 16:25:55,56,25,0.44642857142857145
2026-04-13 16:26:56,55,20,0.36363636363636365
2026-04-13 16:27:56,55,30,0.5454545454545454
2026-04-13 16:28:57,55,28,0.509090909090909
2026-04-13 16:29:58,56,27,0.48214285714285715
2026-04-13 16:30:59,57,34,0.5964912280701754
2026-04-13 16:32:00,57,27,0.47368421052631576
2026-04-13 16:33:01,57,27,0.47368421052631576
2026-04-13 16:34:02,57,34,0.5964912280701754
2026-04-13 16:35:03,56,25,0.44642857142857145
2026-04-13 16:36:04,56,27,0.48214285714285715
2026-04-13 16:37:05,56,30,0.5357142857142857
2026-04-13 16:38:06,56,24,0.42857142857142855
2026-04-13 16:39:07,56,27,0.48214285714285715
2026-04-13 16:40:08,57,33,0.5789473684210527
2026-04-13 16:41:09,58,30,0.5172413793103449
2026-04-13 16:42:10,57,24,0.42105263157894735
2026-04-13 16:43:11,57,34,0.5964912280701754
2026-04-13 16:44:12,58,26,0.4482758620689655
2026-04-13 16:45:13,58,25,0.43103448275862066
2026-04-13 16:46:14,58,33,0.5689655172413793
2026-04-13 16:47:15,56,26,0.4642857142857143
2026-04-13 16:48:16,56,27,0.48214285714285715
2026-04-13 16:49:17,59,32,0.5423728813559322
2026-04-13 16:50:18,59,24,0.4067796610169492
2026-04-13 16:51:19,60,29,0.48333333333333334
2026-04-13 16:52:20,61,33,0.5409836065573771
2026-04-13 16:53:21,60,27,0.45
2026-04-13 16:54:22,61,29,0.47540983606557374
2026-04-13 16:55:23,62,26,0.41935483870967744
2026-04-13 16:56:24,61,23,0.3770491803278688
2026-04-13 16:57:24,62,32,0.5161290322580645
2026-04-13 16:58:25,61,30,0.4918032786885246
2026-04-13 16:59:26,58,25,0.43103448275862066
2026-04-13 17:00:27,60,34,0.5666666666666667
2026-04-13 17:01:28,63,24,0.38095238095238093
2026-04-13 17:02:29,62,24,0.3870967741935484
2026-04-13 17:03:30,60,31,0.5166666666666667
2026-04-13 17:04:31,60,24,0.4
2026-04-13 17:05:32,59,24,0.4067796610169492
2026-04-13 17:06:33,59,29,0.4915254237288136
2026-04-13 17:07:34,58,24,0.41379310344827586
2026-04-13 17:08:35,55,21,0.38181818181818183
2026-04-13 17:09:35,54,32,0.5925925925925926
2026-04-13 17:10:36,55,29,0.5272727272727272
2026-04-13 17:11:37,55,24,0.43636363636363634
2026-04-13 17:12:38,54,30,0.5555555555555556
2026-04-13 17:13:39,54,21,0.3888888888888889
2026-04-13 17:14:40,53,23,0.4339622641509434
2026-04-13 17:15:41,54,28,0.5185185185185185
2026-04-13 17:16:42,54,28,0.5185185185185185
2026-04-13 17:17:43,55,21,0.38181818181818183
2026-04-13 17:18:44,57,33,0.5789473684210527
2026-04-13 17:19:45,57,22,0.38596491228070173
2026-04-13 17:20:46,55,23,0.41818181818181815
2026-04-13 17:21:47,54,30,0.5555555555555556
2026-04-13 17:22:47,55,23,0.41818181818181815
2026-04-13 17:23:48,55,21,0.38181818181818183
2026-04-13 17:24:49,55,34,0.6181818181818182
2026-04-13 17:25:50,56,23,0.4107142857142857
2026-04-13 17:26:51,56,21,0.375
2026-04-13 17:27:52,55,18,0.32727272727272727
2026-04-13 17:28:53,52,14,0.2692307692307692
2026-04-13 17:29:54,51,12,0.23529411764705882
2026-04-13 17:30:55,51,15,0.29411764705882354
2026-04-13 17:31:56,51,11,0.21568627450980393
2026-04-13 17:32:57,51,12,0.23529411764705882
2026-04-13 17:33:57,50,19,0.38
2026-04-13 17:34:58,49,14,0.2857142857142857
2026-04-13 17:35:59,43,15,0.3488372093023256
2026-04-13 17:37:00,38,18,0.47368421052631576
2026-04-13 17:38:01,33,15,0.45454545454545453
2026-04-13 17:39:01,33,15,0.45454545454545453
2026-04-13 17:40:02,33,22,0.6666666666666666
2026-04-13 17:41:03,33,16,0.48484848484848486
2026-04-13 17:42:04,33,12,0.36363636363636365
2026-04-13 17:43:05,33,19,0.5757575757575758
2026-04-13 17:44:05,35,18,0.5142857142857142
2026-04-13 17:45:06,36,18,0.5
2026-04-13 17:46:07,37,21,0.5675675675675675
2026-04-13 17:47:08,40,19,0.475
2026-04-13 17:48:08,42,19,0.4523809523809524
2026-04-13 17:49:09,42,22,0.5238095238095238
2026-04-13 17:50:10,42,18,0.42857142857142855
2026-04-13 17:51:11,43,21,0.4883720930232558
2026-04-13 17:52:12,44,24,0.5454545454545454
2026-04-13 17:53:13,44,18,0.4090909090909091
2026-04-13 17:54:13,44,17,0.38636363636363635
2026-04-13 17:55:14,44,22,0.5
2026-04-13 17:56:15,44,0,0.0
2026-04-13 17:57:16,43,0,0.0
2026-04-13 17:58:17,42,0,0.0
2026-04-13 17:59:17,42,0,0.0
2026-04-13 18:00:18,40,0,0.0
2026-04-13 18:01:19,38,0,0.0
2026-04-13 18:02:19,36,0,0.0
2026-04-13 18:03:20,30,0,0.0
2026-04-13 18:04:21,25,0,0.0
2026-04-13 18:40:36,11,11,1.0
2026-04-13 18:41:36,16,13,0.8125
2026-04-13 18:42:37,23,17,0.7391304347826086
2026-04-13 18:43:37,26,15,0.5769230769230769
2026-04-13 18:44:38,28,16,0.5714285714285714
2026-04-13 18:45:39,31,21,0.6774193548387096
2026-04-13 18:46:39,33,16,0.48484848484848486
2026-04-13 18:47:40,33,15,0.45454545454545453
2026-04-13 18:48:41,34,20,0.5882352941176471
2026-04-13 18:49:41,34,16,0.47058823529411764
2026-04-13 18:50:42,36,17,0.4722222222222222
2026-04-13 18:51:43,37,22,0.5945945945945946
2026-04-13 18:52:43,38,19,0.5
2026-04-13 18:53:44,39,19,0.48717948717948717
2026-04-13 18:54:45,41,25,0.6097560975609756
2026-04-13 18:55:46,41,19,0.4634146341463415
2026-04-13 18:56:46,41,16,0.3902439024390244
2026-04-13 18:57:47,43,25,0.5813953488372093
2026-04-13 18:58:48,42,18,0.42857142857142855
2026-04-13 18:59:49,42,15,0.35714285714285715
2026-04-13 19:00:49,42,24,0.5714285714285714
2026-04-13 19:01:50,42,17,0.40476190476190477
2026-04-13 19:02:51,42,16,0.38095238095238093
2026-04-13 19:03:52,41,23,0.5609756097560976
2026-04-13 19:04:52,41,17,0.4146341463414634
2026-04-13 19:05:53,40,16,0.4
2026-04-13 19:06:54,41,23,0.5609756097560976
2026-04-13 19:07:55,42,21,0.5
2026-04-13 19:08:55,41,14,0.34146341463414637
2026-04-13 19:09:56,41,20,0.4878048780487805
2026-04-13 19:10:57,40,17,0.425
2026-04-13 19:11:58,39,14,0.358974358974359
2026-04-13 19:12:58,41,22,0.5365853658536586
2026-04-13 19:13:59,41,18,0.43902439024390244
2026-04-13 19:15:00,41,17,0.4146341463414634
2026-04-13 19:16:01,40,20,0.5
2026-04-13 19:17:01,40,18,0.45
2026-04-13 19:18:02,39,16,0.41025641025641024
2026-04-13 19:19:03,39,19,0.48717948717948717
2026-04-13 19:20:04,39,16,0.41025641025641024
2026-04-13 19:21:04,39,16,0.41025641025641024
2026-04-13 19:22:05,39,21,0.5384615384615384
2026-04-13 19:23:06,39,16,0.41025641025641024
2026-04-13 19:24:07,39,14,0.358974358974359
2026-04-13 19:25:07,38,20,0.5263157894736842
2026-04-13 19:26:08,38,14,0.3684210526315789
2026-04-13 19:27:09,38,12,0.3157894736842105
2026-04-13 19:28:10,36,22,0.6111111111111112
2026-04-13 19:29:10,36,15,0.4166666666666667
2026-04-13 19:30:11,37,14,0.3783783783783784
2026-04-13 19:31:12,37,20,0.5405405405405406
2026-04-13 19:32:12,37,15,0.40540540540540543
2026-04-13 19:33:13,37,12,0.32432432432432434
2026-04-13 19:34:14,38,19,0.5
2026-04-13 19:35:15,41,19,0.4634146341463415
2026-04-13 19:36:15,41,16,0.3902439024390244
2026-04-13 19:37:16,42,23,0.5476190476190477
2026-04-13 19:38:17,42,17,0.40476190476190477
2026-04-13 19:39:18,42,18,0.42857142857142855
2026-04-13 19:40:18,43,28,0.6511627906976745
2026-04-13 19:41:19,43,18,0.4186046511627907
2026-04-13 19:42:20,43,18,0.4186046511627907
2026-04-13 19:43:20,43,21,0.4883720930232558
2026-04-13 19:44:21,42,17,0.40476190476190477
2026-04-13 19:45:22,42,18,0.42857142857142855
2026-04-13 19:46:23,42,19,0.4523809523809524
2026-04-13 19:47:23,41,17,0.4146341463414634
2026-04-13 19:48:24,41,20,0.4878048780487805
2026-04-13 19:49:25,40,19,0.475
2026-04-13 19:50:25,39,15,0.38461538461538464
2026-04-13 19:51:26,41,23,0.5609756097560976
2026-04-13 19:52:27,39,18,0.46153846153846156
2026-04-13 19:53:28,41,22,0.5365853658536586
2026-04-13 19:54:28,43,29,0.6744186046511628
2026-04-13 19:55:29,43,20,0.46511627906976744
2026-04-13 19:56:30,45,23,0.5111111111111111
2026-04-13 19:57:31,46,28,0.6086956521739131
2026-04-13 19:58:32,46,23,0.5
2026-04-13 19:59:32,49,23,0.46938775510204084
2026-04-13 20:00:33,50,27,0.54
2026-04-13 20:01:34,51,26,0.5098039215686274
2026-04-13 20:02:35,51,24,0.47058823529411764
2026-04-13 20:03:35,52,29,0.5576923076923077
2026-04-13 20:04:36,53,27,0.5094339622641509
2026-04-13 20:05:37,51,25,0.49019607843137253
2026-04-13 20:06:38,52,28,0.5384615384615384
2026-04-13 20:07:39,51,26,0.5098039215686274
2026-04-13 20:08:39,53,28,0.5283018867924528
2026-04-13 20:09:40,53,33,0.6226415094339622
2026-04-13 20:10:41,53,24,0.4528301886792453
2026-04-13 20:11:42,56,29,0.5178571428571429
2026-04-13 20:12:43,56,30,0.5357142857142857
2026-04-13 20:13:43,57,34,0.5964912280701754
2026-04-13 20:14:44,57,28,0.49122807017543857
2026-04-13 20:15:45,56,34,0.6071428571428571
2026-04-13 20:16:46,57,29,0.5087719298245614
2026-04-13 20:17:47,58,30,0.5172413793103449
2026-04-13 20:18:48,56,32,0.5714285714285714
2026-04-13 20:19:48,57,28,0.49122807017543857
2026-04-13 20:20:49,57,26,0.45614035087719296
2026-04-13 20:21:50,57,33,0.5789473684210527
2026-04-13 20:22:51,57,29,0.5087719298245614
2026-04-13 20:23:52,57,25,0.43859649122807015
2026-04-13 20:24:53,57,33,0.5789473684210527
2026-04-13 20:25:53,56,33,0.5892857142857143
2026-04-13 20:26:54,56,27,0.48214285714285715
2026-04-13 20:27:55,58,40,0.6896551724137931
2026-04-13 20:28:56,59,33,0.559322033898305
2026-04-13 20:29:57,59,29,0.4915254237288136
2026-04-13 20:30:58,60,38,0.6333333333333333
2026-04-13 20:31:58,60,30,0.5
2026-04-13 20:32:59,60,27,0.45
2026-04-13 20:34:00,60,32,0.5333333333333333
2026-04-13 20:35:01,60,26,0.43333333333333335
2026-04-13 20:36:02,60,25,0.4166666666666667
2026-04-13 20:37:03,59,33,0.559322033898305
2026-04-13 20:38:03,59,29,0.4915254237288136
2026-04-13 20:39:04,58,24,0.41379310344827586
2026-04-13 20:40:05,56,30,0.5357142857142857
2026-04-13 20:41:06,55,28,0.509090909090909
2026-04-13 20:42:07,54,24,0.4444444444444444
2026-04-13 20:43:08,53,32,0.6037735849056604
2026-04-13 20:44:08,53,27,0.5094339622641509
2026-04-13 20:45:09,53,27,0.5094339622641509
2026-04-13 20:46:10,53,32,0.6037735849056604
2026-04-13 20:47:11,50,25,0.5
2026-04-13 20:48:12,49,20,0.40816326530612246
2026-04-13 20:49:12,49,26,0.5306122448979592
2026-04-13 20:50:13,50,21,0.42
2026-04-13 20:51:14,49,24,0.4897959183673469
2026-04-13 20:52:15,50,29,0.58
2026-04-13 20:53:16,49,23,0.46938775510204084
2026-04-13 20:54:16,49,22,0.4489795918367347
2026-04-13 20:55:17,51,29,0.5686274509803921
2026-04-13 20:56:18,51,21,0.4117647058823529
2026-04-13 20:57:19,50,28,0.56
2026-04-13 20:58:20,52,30,0.5769230769230769
2026-04-13 20:59:20,52,21,0.40384615384615385
2026-04-13 21:00:21,51,23,0.45098039215686275
2026-04-13 21:01:22,52,27,0.5192307692307693
2026-04-13 21:02:23,51,23,0.45098039215686275
2026-04-13 21:03:24,51,28,0.5490196078431373
2026-04-13 21:04:24,52,26,0.5
2026-04-13 21:05:25,52,20,0.38461538461538464
2026-04-13 21:06:26,52,31,0.5961538461538461
2026-04-13 21:07:27,52,25,0.4807692307692308
2026-04-13 21:08:28,50,22,0.44
2026-04-13 21:09:28,50,27,0.54
2026-04-13 21:10:29,50,24,0.48
2026-04-13 21:11:30,49,21,0.42857142857142855
2026-04-13 21:12:31,48,27,0.5625
2026-04-13 21:13:32,48,20,0.4166666666666667
2026-04-13 21:14:32,50,24,0.48
2026-04-13 21:15:33,51,27,0.5294117647058824
2026-04-13 21:16:34,50,21,0.42
2026-04-13 21:17:35,49,21,0.42857142857142855
2026-04-13 21:18:36,50,24,0.48
2026-04-13 21:19:36,50,20,0.4
2026-04-13 21:20:37,50,22,0.44
2026-04-13 21:21:38,50,28,0.56
2026-04-13 21:22:39,49,23,0.46938775510204084
2026-04-13 21:23:40,49,20,0.40816326530612246
2026-04-13 21:24:41,48,24,0.5
2026-04-13 21:25:41,50,21,0.42
2026-04-13 21:26:42,49,21,0.42857142857142855
2026-04-13 21:27:43,49,28,0.5714285714285714
2026-04-13 21:28:44,50,22,0.44
2026-04-13 21:29:45,49,18,0.3673469387755102
2026-04-13 21:30:46,50,28,0.56
2026-04-13 21:31:47,50,19,0.38
2026-04-13 21:32:47,52,27,0.5192307692307693
2026-04-13 21:33:48,52,30,0.5769230769230769
2026-04-13 21:34:49,52,22,0.4230769230769231
2026-04-13 21:35:50,51,20,0.39215686274509803
2026-04-13 21:36:51,50,25,0.5
2026-04-13 21:37:51,50,24,0.48
2026-04-13 21:38:52,49,22,0.4489795918367347
2026-04-13 21:39:53,51,28,0.5490196078431373
2026-04-13 21:40:54,51,25,0.49019607843137253
2026-04-13 21:41:55,50,22,0.44
2026-04-13 21:42:56,48,26,0.5416666666666666
2026-04-13 21:43:56,50,24,0.48
2026-04-13 21:44:57,50,21,0.42
2026-04-13 21:45:58,49,28,0.5714285714285714
2026-04-13 21:46:59,49,23,0.46938775510204084
2026-04-13 21:48:00,50,24,0.48
2026-04-13 21:49:00,50,29,0.58
2026-04-13 21:50:01,49,26,0.5306122448979592
2026-04-13 21:57:32,53,50,0.9433962264150944
2026-04-13 22:02:04,55,49,0.8909090909090909
2026-04-13 22:03:06,55,23,0.41818181818181815
2026-04-13 22:04:07,56,30,0.5357142857142857
2026-04-13 22:05:08,55,24,0.43636363636363634
2026-04-13 22:06:09,54,22,0.4074074074074074
2026-04-13 22:07:10,53,28,0.5283018867924528
2026-04-13 22:08:11,53,24,0.4528301886792453
2026-04-13 22:09:11,52,22,0.4230769230769231
2026-04-13 22:10:12,55,30,0.5454545454545454
2026-04-13 22:11:13,53,24,0.4528301886792453
2026-04-13 22:12:14,54,25,0.46296296296296297
2026-04-13 22:13:15,53,25,0.4716981132075472
2026-04-13 22:14:16,55,25,0.45454545454545453
2026-04-13 22:15:16,55,25,0.45454545454545453
2026-04-13 22:16:17,55,25,0.45454545454545453
2026-04-13 22:17:18,55,20,0.36363636363636365
2026-04-13 22:18:19,54,20,0.37037037037037035
2026-04-13 22:19:20,53,26,0.49056603773584906
2026-04-13 22:20:21,51,19,0.37254901960784315
2026-04-13 22:21:21,48,25,0.5208333333333334
2026-04-13 22:22:22,50,26,0.52
2026-04-13 22:23:23,51,21,0.4117647058823529
2026-04-13 22:24:24,51,27,0.5294117647058824
2026-04-13 22:25:25,52,25,0.4807692307692308
2026-04-13 22:26:25,52,19,0.36538461538461536
2026-04-13 22:27:26,52,28,0.5384615384615384
2026-04-13 22:28:27,52,26,0.5
2026-04-13 22:29:28,51,21,0.4117647058823529
2026-04-13 22:30:29,52,32,0.6153846153846154
2026-04-13 22:31:30,53,25,0.4716981132075472
2026-04-13 22:32:30,52,22,0.4230769230769231
2026-04-13 22:33:31,53,31,0.5849056603773585
2026-04-13 22:34:32,54,25,0.46296296296296297
2026-04-13 22:35:33,54,25,0.46296296296296297
2026-04-13 22:36:34,55,33,0.6
2026-04-13 22:37:35,53,26,0.49056603773584906
2026-04-13 22:38:36,52,24,0.46153846153846156
2026-04-13 22:39:37,53,31,0.5849056603773585
2026-04-13 22:40:39,53,26,0.49056603773584906
2026-04-13 22:41:44,52,26,0.5
2026-04-13 22:43:04,53,33,0.6226415094339622
2026-04-13 22:44:13,52,26,0.5
2026-04-13 22:45:37,52,36,0.6923076923076923
2026-04-13 22:46:49,53,28,0.5283018867924528
2026-04-13 22:47:58,56,27,0.48214285714285715
2026-04-13 22:49:01,56,32,0.5714285714285714
2026-04-13 22:50:15,55,27,0.4909090909090909
2026-04-13 22:53:51,54,46,0.8518518518518519
2026-04-13 22:56:35,53,45,0.8490566037735849
2026-04-13 22:58:21,53,37,0.6981132075471698
2026-04-13 23:00:21,52,36,0.6923076923076923
2026-04-13 23:03:07,53,38,0.7169811320754716
2026-04-13 23:04:51,53,35,0.660377358490566
2026-04-13 23:06:41,54,33,0.6111111111111112
2026-04-13 23:07:42,54,22,0.4074074074074074
2026-04-13 23:08:44,53,19,0.3584905660377358
2026-04-13 23:09:45,53,25,0.4716981132075472
2026-04-13 23:10:46,52,23,0.4423076923076923
2026-04-13 23:11:47,52,17,0.3269230769230769
2026-04-13 23:12:49,53,29,0.5471698113207547
2026-04-13 23:13:50,54,23,0.42592592592592593
2026-04-13 23:14:52,53,22,0.41509433962264153
2026-04-13 23:15:53,54,27,0.5
2026-04-13 23:16:54,52,22,0.4230769230769231
2026-04-13 23:17:55,50,20,0.4
2026-04-13 23:18:57,51,32,0.6274509803921569
2026-04-13 23:19:58,51,23,0.45098039215686275
2026-04-13 23:20:59,51,23,0.45098039215686275
2026-04-13 23:22:01,51,30,0.5882352941176471
2026-04-13 23:23:02,52,25,0.4807692307692308
2026-04-13 23:24:04,51,22,0.43137254901960786
2026-04-13 23:27:14,28,27,0.9642857142857143
2026-04-14 23:27:33,48,48,1.0
2026-04-14 23:28:34,49,26,0.5306122448979592
2026-04-14 23:29:35,48,25,0.5208333333333334
2026-04-14 23:30:36,48,29,0.6041666666666666
2026-04-14 23:31:36,49,23,0.46938775510204084
2026-04-14 23:32:37,50,25,0.5
2026-04-14 23:33:38,50,28,0.56
2026-04-14 23:34:39,51,24,0.47058823529411764
2026-04-14 23:35:40,51,25,0.49019607843137253
2026-04-14 23:36:41,51,30,0.5882352941176471
2026-04-14 23:37:42,52,24,0.46153846153846156
2026-04-14 23:38:42,51,26,0.5098039215686274
2026-04-14 23:39:43,51,31,0.6078431372549019
2026-04-14 23:40:44,51,26,0.5098039215686274
2026-04-14 23:41:45,50,21,0.42
2026-04-14 23:42:46,51,29,0.5686274509803921
2026-04-14 23:43:46,50,23,0.46
2026-04-14 23:44:47,50,27,0.54
2026-04-14 23:45:48,50,30,0.6
2026-04-14 23:46:49,50,20,0.4
2026-04-14 23:47:50,50,25,0.5
2026-04-14 23:48:51,50,30,0.6
2026-04-14 23:49:51,50,24,0.48
2026-04-14 23:50:52,50,24,0.48
2026-04-14 23:51:53,49,30,0.6122448979591837
2026-04-14 23:52:54,49,25,0.5102040816326531
2026-04-14 23:53:55,49,24,0.4897959183673469
2026-04-14 23:54:56,51,32,0.6274509803921569
2026-04-14 23:55:56,51,21,0.4117647058823529
2026-04-14 23:56:57,51,26,0.5098039215686274
2026-04-14 23:57:58,51,26,0.5098039215686274
2026-04-14 23:58:59,50,22,0.44
2026-04-15 00:00:00,50,22,0.44
2026-04-15 00:01:01,50,26,0.52
2026-04-15 00:02:02,50,23,0.46
2026-04-15 00:03:02,49,25,0.5102040816326531
2026-04-15 00:04:03,47,26,0.5531914893617021
2026-04-15 00:05:04,47,23,0.48936170212765956
2026-04-15 00:06:05,46,21,0.45652173913043476
2026-04-15 00:07:06,45,25,0.5555555555555556
2026-04-15 00:08:06,45,22,0.4888888888888889
2026-04-15 00:09:07,46,24,0.5217391304347826
2026-04-15 00:10:08,47,29,0.6170212765957447
2026-04-15 00:11:09,49,26,0.5306122448979592
2026-04-15 00:12:10,49,23,0.46938775510204084
2026-04-15 00:13:11,49,30,0.6122448979591837
2026-04-15 00:14:11,48,22,0.4583333333333333
2026-04-15 00:15:12,48,24,0.5
2026-04-15 00:16:13,49,28,0.5714285714285714
2026-04-15 00:17:14,48,23,0.4791666666666667
2026-04-15 00:18:15,48,20,0.4166666666666667
2026-04-15 00:19:15,47,29,0.6170212765957447
2026-04-15 00:20:16,47,21,0.44680851063829785
2026-04-15 00:21:17,45,24,0.5333333333333333
2026-04-15 00:22:18,46,29,0.6304347826086957
2026-04-15 00:23:19,46,24,0.5217391304347826
2026-04-15 00:24:19,45,24,0.5333333333333333
2026-04-15 00:25:20,46,25,0.5434782608695652
2026-04-15 00:26:21,46,25,0.5434782608695652
2026-04-15 00:27:22,46,25,0.5434782608695652
2026-04-15 00:28:23,46,25,0.5434782608695652
2026-04-15 00:29:23,46,23,0.5
2026-04-15 00:30:24,46,24,0.5217391304347826
2026-04-15 00:31:25,46,24,0.5217391304347826
2026-04-15 00:32:26,47,25,0.5319148936170213
2026-04-15 00:33:27,47,25,0.5319148936170213
2026-04-15 00:34:28,47,23,0.48936170212765956
2026-04-15 00:35:28,45,27,0.6
2026-04-15 00:36:29,45,25,0.5555555555555556
2026-04-15 00:37:30,45,23,0.5111111111111111
2026-04-15 00:38:31,45,23,0.5111111111111111
2026-04-15 00:39:32,46,25,0.5434782608695652
2026-04-15 00:40:33,46,22,0.4782608695652174
2026-04-15 00:41:34,45,19,0.4222222222222222
2026-04-15 00:42:34,44,23,0.5227272727272727
2026-04-15 00:43:35,45,24,0.5333333333333333
2026-04-15 00:44:36,45,23,0.5111111111111111
2026-04-15 00:45:37,46,27,0.5869565217391305
2026-04-15 00:46:38,46,22,0.4782608695652174
2026-04-15 00:47:38,47,23,0.48936170212765956
2026-04-15 00:48:39,46,26,0.5652173913043478
2026-04-15 00:49:40,47,20,0.425531914893617
2026-04-15 00:50:41,48,24,0.5
2026-04-15 00:51:42,48,25,0.5208333333333334
2026-04-15 00:52:43,48,21,0.4375
2026-04-15 00:53:43,48,21,0.4375
2026-04-15 00:54:44,47,24,0.5106382978723404
2026-04-15 00:55:45,47,20,0.425531914893617
2026-04-15 00:56:46,46,22,0.4782608695652174
2026-04-15 00:57:47,45,24,0.5333333333333333
2026-04-15 00:58:47,44,21,0.4772727272727273
2026-04-15 00:59:48,43,22,0.5116279069767442
2026-04-15 01:00:49,44,26,0.5909090909090909
2026-04-15 01:01:50,44,19,0.4318181818181818
2026-04-15 01:02:51,45,25,0.5555555555555556
2026-04-15 01:03:51,45,25,0.5555555555555556
2026-04-15 01:04:52,47,23,0.48936170212765956
2026-04-15 01:05:53,46,21,0.45652173913043476
2026-04-15 01:06:54,47,25,0.5319148936170213
2026-04-15 01:07:55,47,24,0.5106382978723404
2026-04-15 01:08:56,47,23,0.48936170212765956
2026-04-15 01:09:56,46,25,0.5434782608695652
2026-04-15 01:10:57,46,21,0.45652173913043476
2026-04-15 01:11:58,46,24,0.5217391304347826
2026-04-15 01:12:59,45,26,0.5777777777777777
2026-04-15 01:14:00,46,25,0.5434782608695652
2026-04-15 01:15:01,46,25,0.5434782608695652
2026-04-15 01:16:02,47,27,0.574468085106383
2026-04-15 01:17:02,47,23,0.48936170212765956
2026-04-15 01:18:03,47,22,0.46808510638297873
2026-04-15 01:19:04,47,27,0.574468085106383
2026-04-15 01:20:05,48,26,0.5416666666666666
2026-04-15 01:21:06,49,25,0.5102040816326531
2026-04-15 01:22:07,50,26,0.52
2026-04-15 01:23:08,50,21,0.42
2026-04-15 01:24:08,50,24,0.48
2026-04-15 01:25:09,49,28,0.5714285714285714
2026-04-15 01:26:10,50,22,0.44
2026-04-15 01:27:11,50,22,0.44
2026-04-15 01:28:12,50,28,0.56
2026-04-15 01:29:13,50,21,0.42
2026-04-15 01:30:13,49,22,0.4489795918367347
2026-04-15 01:31:14,49,28,0.5714285714285714
2026-04-15 01:32:15,47,22,0.46808510638297873
2026-04-15 01:33:16,47,24,0.5106382978723404
2026-04-15 01:34:17,47,25,0.5319148936170213
2026-04-15 01:35:18,48,21,0.4375
2026-04-15 01:36:18,47,21,0.44680851063829785
2026-04-15 01:37:19,48,28,0.5833333333333334
2026-04-15 01:38:20,48,19,0.3958333333333333
2026-04-15 01:39:21,48,24,0.5
2026-04-15 01:40:22,47,22,0.46808510638297873
2026-04-15 01:41:22,48,24,0.5
2026-04-15 01:42:23,48,24,0.5
2026-04-15 01:43:24,47,23,0.48936170212765956
2026-04-15 01:44:25,47,19,0.40425531914893614
2026-04-15 01:45:26,47,26,0.5531914893617021
2026-04-15 01:46:26,47,22,0.46808510638297873
2026-04-15 01:47:27,44,20,0.45454545454545453
2026-04-15 01:48:28,45,26,0.5777777777777777
2026-04-15 01:49:29,45,23,0.5111111111111111
2026-04-15 01:50:30,44,23,0.5227272727272727
2026-04-15 01:51:30,45,28,0.6222222222222222
2026-04-15 01:52:31,45,22,0.4888888888888889
2026-04-15 01:53:32,45,22,0.4888888888888889
2026-04-15 01:54:33,46,26,0.5652173913043478
2026-04-15 01:55:34,46,21,0.45652173913043476
2026-04-15 01:56:34,46,22,0.4782608695652174
2026-04-15 01:57:35,46,24,0.5217391304347826
2026-04-15 01:58:36,46,21,0.45652173913043476
2026-04-15 01:59:37,46,19,0.41304347826086957
2026-04-15 02:00:38,46,21,0.45652173913043476
2026-04-15 02:01:38,47,21,0.44680851063829785
2026-04-15 02:02:39,45,21,0.4666666666666667
2026-04-15 02:03:40,44,23,0.5227272727272727
2026-04-15 02:04:41,42,18,0.42857142857142855
2026-04-15 02:05:42,42,19,0.4523809523809524
2026-04-15 02:06:42,42,22,0.5238095238095238
2026-04-15 02:07:43,41,18,0.43902439024390244
2026-04-15 02:08:44,41,22,0.5365853658536586
2026-04-15 02:09:45,42,25,0.5952380952380952
2026-04-15 02:10:46,42,19,0.4523809523809524
2026-04-15 02:11:46,42,21,0.5
2026-04-15 02:12:47,43,24,0.5581395348837209
2026-04-15 02:13:48,44,17,0.38636363636363635
2026-04-15 02:14:49,43,21,0.4883720930232558
2026-04-15 02:15:50,44,26,0.5909090909090909
2026-04-15 02:16:51,44,18,0.4090909090909091
2026-04-15 02:17:51,44,19,0.4318181818181818
2026-04-15 02:18:52,45,23,0.5111111111111111
2026-04-15 02:19:53,45,20,0.4444444444444444
2026-04-15 02:20:54,45,22,0.4888888888888889
2026-04-15 02:21:54,45,28,0.6222222222222222
2026-04-15 02:22:55,45,22,0.4888888888888889
2026-04-15 02:23:56,45,20,0.4444444444444444
2026-04-15 02:24:57,44,23,0.5227272727272727
2026-04-15 02:25:58,44,18,0.4090909090909091
2026-04-15 02:26:58,43,21,0.4883720930232558
2026-04-15 02:27:59,43,21,0.4883720930232558
2026-04-15 02:29:00,43,18,0.4186046511627907
2026-04-15 02:30:01,42,19,0.4523809523809524
2026-04-15 02:31:02,43,24,0.5581395348837209
2026-04-15 02:32:02,43,22,0.5116279069767442
2026-04-15 02:33:03,43,22,0.5116279069767442
2026-04-15 02:34:04,43,23,0.5348837209302325
2026-04-15 02:35:05,43,19,0.4418604651162791
2026-04-15 02:36:06,43,17,0.3953488372093023
2026-04-15 02:37:06,43,21,0.4883720930232558
2026-04-15 02:38:07,43,21,0.4883720930232558
2026-04-15 02:39:08,43,19,0.4418604651162791
2026-04-15 02:40:09,43,26,0.6046511627906976
2026-04-15 02:41:09,43,20,0.46511627906976744
2026-04-15 02:42:10,44,19,0.4318181818181818
2026-04-15 02:43:11,43,25,0.5813953488372093
2026-04-15 02:44:12,43,19,0.4418604651162791
2026-04-15 02:45:13,43,22,0.5116279069767442
2026-04-15 02:46:13,43,27,0.627906976744186
2026-04-15 02:47:14,43,18,0.4186046511627907
2026-04-15 02:48:15,44,21,0.4772727272727273
2026-04-15 02:49:16,43,23,0.5348837209302325
2026-04-15 02:50:17,42,22,0.5238095238095238
2026-04-15 02:51:17,41,20,0.4878048780487805
2026-04-15 02:52:18,41,25,0.6097560975609756
2026-04-15 02:53:19,41,19,0.4634146341463415
2026-04-15 02:54:20,41,18,0.43902439024390244
2026-04-15 02:55:20,41,18,0.43902439024390244
2026-04-15 02:56:21,41,21,0.5121951219512195
2026-04-15 02:57:22,42,23,0.5476190476190477
2026-04-15 02:58:23,42,22,0.5238095238095238
2026-04-15 02:59:24,42,16,0.38095238095238093
2026-04-15 03:00:24,43,24,0.5581395348837209
2026-04-15 03:01:25,43,23,0.5348837209302325
2026-04-15 03:02:26,43,23,0.5348837209302325
2026-04-15 03:03:27,43,25,0.5813953488372093
2026-04-15 03:04:28,44,23,0.5227272727272727
2026-04-15 03:05:28,44,20,0.45454545454545453
2026-04-15 03:06:29,45,20,0.4444444444444444
2026-04-15 03:07:30,45,22,0.4888888888888889
2026-04-15 03:08:31,45,20,0.4444444444444444
2026-04-15 03:09:32,45,25,0.5555555555555556
2026-04-15 03:10:32,45,21,0.4666666666666667
2026-04-15 03:11:33,45,21,0.4666666666666667
2026-04-15 03:12:34,44,24,0.5454545454545454
2026-04-15 03:13:35,45,23,0.5111111111111111
2026-04-15 03:14:36,45,23,0.5111111111111111
2026-04-15 03:15:36,45,27,0.6
2026-04-15 03:16:37,44,23,0.5227272727272727
2026-04-15 03:17:38,44,25,0.5681818181818182
2026-04-15 03:18:39,44,21,0.4772727272727273
2026-04-15 03:19:40,43,21,0.4883720930232558
2026-04-15 03:20:41,43,25,0.5813953488372093
2026-04-15 03:21:41,44,29,0.6590909090909091
2026-04-15 03:22:42,44,19,0.4318181818181818
2026-04-15 03:23:43,44,24,0.5454545454545454
2026-04-15 03:24:44,44,24,0.5454545454545454
2026-04-15 03:25:45,44,21,0.4772727272727273
2026-04-15 03:26:45,44,23,0.5227272727272727
2026-04-15 03:27:46,45,27,0.6
2026-04-15 03:28:47,47,22,0.46808510638297873
2026-04-15 03:29:48,47,21,0.44680851063829785
2026-04-15 03:30:49,47,25,0.5319148936170213
2026-04-15 03:31:50,45,18,0.4
2026-04-15 03:32:51,46,23,0.5
2026-04-15 03:33:51,46,23,0.5
2026-04-15 03:34:52,46,24,0.5217391304347826
2026-04-15 03:35:53,46,21,0.45652173913043476
2026-04-15 03:36:54,46,24,0.5217391304347826
2026-04-15 03:37:55,44,22,0.5
2026-04-15 03:38:55,44,20,0.45454545454545453
2026-04-15 03:39:56,46,28,0.6086956521739131
2026-04-15 03:40:57,46,21,0.45652173913043476
2026-04-15 03:41:58,46,21,0.45652173913043476
2026-04-15 03:42:59,45,21,0.4666666666666667
2026-04-15 03:43:59,46,24,0.5217391304347826
2026-04-15 03:45:00,47,24,0.5106382978723404
2026-04-15 03:46:01,45,27,0.6
2026-04-15 03:47:02,46,24,0.5217391304347826
2026-04-15 03:48:03,46,22,0.4782608695652174
2026-04-15 03:49:04,47,26,0.5531914893617021
2026-04-15 03:50:05,49,28,0.5714285714285714
2026-04-15 03:51:05,49,24,0.4897959183673469
2026-04-15 03:52:06,49,29,0.5918367346938775
2026-04-15 03:53:07,49,26,0.5306122448979592
2026-04-15 03:54:08,50,24,0.48
2026-04-15 03:55:09,49,30,0.6122448979591837
2026-04-15 03:56:10,49,25,0.5102040816326531
2026-04-15 03:57:11,49,25,0.5102040816326531
2026-04-15 03:58:11,49,30,0.6122448979591837
2026-04-15 03:59:12,49,26,0.5306122448979592
2026-04-15 04:00:13,48,27,0.5625
2026-04-15 04:01:14,49,31,0.6326530612244898
2026-04-15 04:02:15,50,23,0.46
2026-04-15 04:03:16,50,29,0.58
2026-04-15 04:04:17,51,31,0.6078431372549019
2026-04-15 04:05:17,51,23,0.45098039215686275
2026-04-15 04:06:18,51,24,0.47058823529411764
2026-04-15 04:07:19,50,28,0.56
2026-04-15 04:08:20,50,25,0.5
2026-04-15 04:09:21,49,28,0.5714285714285714
2026-04-15 04:10:22,49,27,0.5510204081632653
2026-04-15 04:11:22,49,23,0.46938775510204084
2026-04-15 04:12:23,49,28,0.5714285714285714
2026-04-15 04:13:24,49,26,0.5306122448979592
2026-04-15 04:14:25,48,26,0.5416666666666666
2026-04-15 04:15:26,48,28,0.5833333333333334
2026-04-15 04:16:26,48,26,0.5416666666666666
2026-04-15 04:17:27,49,26,0.5306122448979592
2026-04-15 04:18:28,49,26,0.5306122448979592
2026-04-15 04:19:29,51,27,0.5294117647058824
2026-04-15 04:20:30,51,26,0.5098039215686274
2026-04-15 04:21:31,51,29,0.5686274509803921
2026-04-15 04:22:31,50,27,0.54
2026-04-15 04:23:32,51,27,0.5294117647058824
2026-04-15 04:24:33,53,28,0.5283018867924528
2026-04-15 04:25:34,55,25,0.45454545454545453
2026-04-15 04:26:35,55,23,0.41818181818181815
2026-04-15 04:27:36,55,31,0.5636363636363636
2026-04-15 04:28:36,53,24,0.4528301886792453
2026-04-15 04:29:37,52,25,0.4807692307692308
2026-04-15 04:30:38,52,28,0.5384615384615384
2026-04-15 04:31:39,52,28,0.5384615384615384
2026-04-15 04:32:40,51,29,0.5686274509803921
2026-04-15 04:33:41,50,30,0.6
2026-04-15 04:34:42,51,25,0.49019607843137253
2026-04-15 04:35:43,51,23,0.45098039215686275
2026-04-15 04:36:43,53,28,0.5283018867924528
2026-04-15 04:37:44,51,26,0.5098039215686274
2026-04-15 04:38:45,50,26,0.52
2026-04-15 04:39:46,50,29,0.58
2026-04-15 04:40:47,50,26,0.52
2026-04-15 04:41:48,51,28,0.5490196078431373
2026-04-15 04:42:48,52,26,0.5
2026-04-15 04:43:49,52,24,0.46153846153846156
2026-04-15 04:44:50,51,28,0.5490196078431373
2026-04-15 04:45:51,51,29,0.5686274509803921
2026-04-15 04:46:52,51,21,0.4117647058823529
2026-04-15 04:47:53,51,23,0.45098039215686275
2026-04-15 04:48:54,50,28,0.56
2026-04-15 04:49:54,49,24,0.4897959183673469
2026-04-15 04:50:55,48,25,0.5208333333333334
2026-04-15 04:51:56,47,25,0.5319148936170213
2026-04-15 04:52:57,46,24,0.5217391304347826
2026-04-15 04:53:58,47,25,0.5319148936170213
2026-04-15 04:54:58,48,28,0.5833333333333334
2026-04-15 04:55:59,48,23,0.4791666666666667
2026-04-15 04:57:00,49,25,0.5102040816326531
2026-04-15 04:58:01,48,27,0.5625
2026-04-15 04:59:02,48,23,0.4791666666666667
2026-04-15 05:00:03,49,26,0.5306122448979592
2026-04-15 05:01:04,49,30,0.6122448979591837
2026-04-15 05:02:05,51,27,0.5294117647058824
2026-04-15 05:03:05,51,23,0.45098039215686275
2026-04-15 05:04:06,51,31,0.6078431372549019
2026-04-15 05:05:07,50,25,0.5
2026-04-15 05:06:08,51,23,0.45098039215686275
2026-04-15 05:07:09,51,31,0.6078431372549019
2026-04-15 05:08:10,51,26,0.5098039215686274
2026-04-15 05:09:11,51,23,0.45098039215686275
2026-04-15 05:10:11,51,28,0.5490196078431373
2026-04-15 05:11:12,51,25,0.49019607843137253
2026-04-15 05:12:13,50,24,0.48
2026-04-15 05:13:14,51,31,0.6078431372549019
2026-04-15 05:14:15,51,24,0.47058823529411764
2026-04-15 05:15:16,50,23,0.46
2026-04-15 05:16:16,50,28,0.56
2026-04-15 05:17:17,51,25,0.49019607843137253
2026-04-15 05:18:18,51,20,0.39215686274509803
2026-04-15 05:19:19,52,31,0.5961538461538461
2026-04-15 05:20:20,52,26,0.5
2026-04-15 05:21:21,53,23,0.4339622641509434
2026-04-15 05:22:21,52,26,0.5
2026-04-15 05:23:22,51,24,0.47058823529411764
2026-04-15 05:24:23,50,27,0.54
2026-04-15 05:25:24,49,26,0.5306122448979592
2026-04-15 05:26:25,49,28,0.5714285714285714
2026-04-15 05:27:26,50,29,0.58
2026-04-15 05:28:26,49,25,0.5102040816326531
2026-04-15 05:29:27,47,24,0.5106382978723404
2026-04-15 05:30:28,47,24,0.5106382978723404
2026-04-15 05:31:29,47,26,0.5531914893617021
2026-04-15 05:32:30,46,25,0.5434782608695652
2026-04-15 05:33:31,46,26,0.5652173913043478
2026-04-15 05:34:31,47,26,0.5531914893617021
2026-04-15 05:35:32,47,25,0.5319148936170213
2026-04-15 05:36:33,48,27,0.5625
2026-04-15 05:37:34,48,24,0.5
2026-04-15 05:38:35,49,27,0.5510204081632653
2026-04-15 05:39:35,49,29,0.5918367346938775
2026-04-15 05:40:36,50,27,0.54
2026-04-15 05:41:37,50,26,0.52
2026-04-15 05:42:38,50,24,0.48
2026-04-15 05:43:39,50,24,0.48
2026-04-15 05:44:40,50,24,0.48
2026-04-15 05:45:40,50,27,0.54
2026-04-15 05:46:41,50,23,0.46
2026-04-15 05:47:42,48,27,0.5625
2026-04-15 05:48:43,49,26,0.5306122448979592
2026-04-15 05:49:44,49,24,0.4897959183673469
2026-04-15 05:50:45,47,26,0.5531914893617021
2026-04-15 05:51:45,48,24,0.5
2026-04-15 05:52:46,49,23,0.46938775510204084
2026-04-15 05:53:47,49,24,0.4897959183673469
2026-04-15 05:54:48,50,24,0.48
2026-04-15 05:55:49,49,23,0.46938775510204084
2026-04-15 05:56:50,48,26,0.5416666666666666
2026-04-15 05:57:50,50,29,0.58
2026-04-15 05:58:51,50,24,0.48
2026-04-15 05:59:52,49,27,0.5510204081632653
2026-04-15 06:00:53,50,32,0.64
2026-04-15 06:01:54,50,25,0.5
2026-04-15 06:02:55,50,28,0.56
2026-04-15 06:03:55,49,30,0.6122448979591837
2026-04-15 06:04:56,49,26,0.5306122448979592
2026-04-15 06:05:57,51,28,0.5490196078431373
2026-04-15 06:06:58,51,25,0.49019607843137253
2026-04-15 06:07:59,51,30,0.5882352941176471
2026-04-15 06:09:00,52,30,0.5769230769230769
2026-04-15 06:10:01,53,32,0.6037735849056604
2026-04-15 06:11:01,52,27,0.5192307692307693
2026-04-15 06:12:02,49,29,0.5918367346938775
2026-04-15 06:13:03,49,24,0.4897959183673469
2026-04-15 06:14:04,49,27,0.5510204081632653
2026-04-15 06:15:05,49,27,0.5510204081632653
2026-04-15 06:16:06,50,27,0.54
2026-04-15 06:17:07,51,25,0.49019607843137253
2026-04-15 06:18:08,51,23,0.45098039215686275
2026-04-15 06:19:08,53,27,0.5094339622641509
2026-04-15 06:20:09,50,25,0.5
2026-04-15 06:21:10,50,23,0.46
2026-04-15 06:22:11,52,29,0.5576923076923077
2026-04-15 06:23:12,52,25,0.4807692307692308
2026-04-15 06:24:13,51,24,0.47058823529411764
2026-04-15 06:25:14,52,29,0.5576923076923077
2026-04-15 06:26:15,51,23,0.45098039215686275
2026-04-15 06:27:15,51,26,0.5098039215686274
2026-04-15 06:28:16,50,29,0.58
2026-04-15 06:29:17,52,28,0.5384615384615384
2026-04-15 06:30:18,52,26,0.5
2026-04-15 06:31:19,52,30,0.5769230769230769
2026-04-15 06:32:20,54,29,0.5370370370370371
2026-04-15 06:33:21,54,24,0.4444444444444444
2026-04-15 06:34:21,54,30,0.5555555555555556
2026-04-15 06:35:22,53,29,0.5471698113207547
2026-04-15 06:36:23,52,30,0.5769230769230769
2026-04-15 06:37:24,52,23,0.4423076923076923
2026-04-15 06:38:25,52,28,0.5384615384615384
2026-04-15 06:39:26,52,31,0.5961538461538461
2026-04-15 06:40:27,53,25,0.4716981132075472
2026-04-15 06:41:27,53,24,0.4528301886792453
2026-04-15 06:42:28,52,29,0.5576923076923077
2026-04-15 06:43:29,53,28,0.5283018867924528
2026-04-15 06:44:30,53,28,0.5283018867924528
2026-04-15 06:45:31,53,27,0.5094339622641509
2026-04-15 06:46:32,54,27,0.5
2026-04-15 06:47:33,54,27,0.5
2026-04-15 06:48:33,54,25,0.46296296296296297
2026-04-15 06:49:34,53,25,0.4716981132075472
2026-04-15 06:50:35,52,25,0.4807692307692308
2026-04-15 06:51:36,52,30,0.5769230769230769
2026-04-15 06:52:37,52,27,0.5192307692307693
2026-04-15 06:53:38,52,28,0.5384615384615384
2026-04-15 06:54:39,52,26,0.5
2026-04-15 06:55:39,54,27,0.5
2026-04-15 06:56:40,52,24,0.46153846153846156
2026-04-15 06:57:41,50,29,0.58
2026-04-15 06:58:42,49,25,0.5102040816326531
2026-04-15 06:59:43,49,25,0.5102040816326531
2026-04-15 07:00:44,50,29,0.58
2026-04-15 07:01:45,51,24,0.47058823529411764
2026-04-15 07:02:46,51,29,0.5686274509803921
2026-04-15 07:03:47,51,30,0.5882352941176471
2026-04-15 07:04:47,52,27,0.5192307692307693
2026-04-15 07:05:48,53,29,0.5471698113207547
2026-04-15 07:06:49,52,29,0.5576923076923077
2026-04-15 07:07:50,51,27,0.5294117647058824
2026-04-15 07:08:51,52,30,0.5769230769230769
2026-04-15 07:09:52,51,33,0.6470588235294118
2026-04-15 07:10:53,52,27,0.5192307692307693
2026-04-15 07:11:54,52,29,0.5576923076923077
2026-04-15 07:12:54,53,29,0.5471698113207547
2026-04-15 07:13:55,53,30,0.5660377358490566
2026-04-15 07:14:56,53,30,0.5660377358490566
2026-04-15 07:15:57,53,31,0.5849056603773585
2026-04-15 07:16:58,54,29,0.5370370370370371
2026-04-15 07:17:59,54,28,0.5185185185185185
2026-04-15 07:19:00,54,31,0.5740740740740741
2026-04-15 07:20:01,54,29,0.5370370370370371
2026-04-15 07:21:02,53,25,0.4716981132075472
2026-04-15 07:22:03,53,23,0.4339622641509434
2026-04-15 07:23:04,52,28,0.5384615384615384
2026-04-15 07:24:05,53,25,0.4716981132075472
2026-04-15 07:25:06,53,9,0.16981132075471697
2026-04-15 07:26:07,52,25,0.4807692307692308
2026-04-15 07:27:07,51,24,0.47058823529411764
2026-04-15 07:28:08,49,29,0.5918367346938775
2026-04-15 07:29:09,48,27,0.5625
2026-04-15 07:30:10,47,22,0.46808510638297873
2026-04-15 07:31:11,46,28,0.6086956521739131
2026-04-15 07:32:12,46,26,0.5652173913043478
2026-04-15 07:33:13,47,21,0.44680851063829785
2026-04-15 07:34:13,49,27,0.5510204081632653
2026-04-15 07:35:14,50,28,0.56
2026-04-15 07:36:15,52,28,0.5384615384615384
2026-04-15 07:37:16,53,28,0.5283018867924528
2026-04-15 07:38:17,53,25,0.4716981132075472
2026-04-15 07:39:18,53,26,0.49056603773584906
2026-04-15 07:40:19,54,31,0.5740740740740741
2026-04-15 07:41:19,54,26,0.48148148148148145
2026-04-15 07:42:20,54,26,0.48148148148148145
2026-04-15 07:43:21,54,28,0.5185185185185185
2026-04-15 07:44:22,54,24,0.4444444444444444
2026-04-15 07:45:23,54,21,0.3888888888888889
2026-04-15 07:46:24,51,23,0.45098039215686275
2026-04-15 07:47:25,51,21,0.4117647058823529
2026-04-15 07:48:26,47,24,0.5106382978723404
2026-04-15 07:49:27,47,19,0.40425531914893614
2026-04-15 07:50:27,46,21,0.45652173913043476
2026-04-15 07:51:28,46,23,0.5
2026-04-15 07:52:29,44,22,0.5
2026-04-15 07:53:30,44,25,0.5681818181818182
2026-04-15 07:54:31,44,25,0.5681818181818182
2026-04-15 07:55:32,46,22,0.4782608695652174
2026-04-15 07:56:32,45,24,0.5333333333333333
2026-04-15 07:57:33,45,23,0.5111111111111111
2026-04-15 07:58:34,46,25,0.5434782608695652
2026-04-15 07:59:35,46,25,0.5434782608695652
2026-04-15 08:00:36,46,30,0.6521739130434783
2026-04-15 08:01:37,48,27,0.5625
2026-04-15 08:02:38,48,27,0.5625
2026-04-15 08:03:39,47,31,0.6595744680851063
2026-04-15 08:04:39,47,25,0.5319148936170213
2026-04-15 08:05:40,47,29,0.6170212765957447
2026-04-15 08:06:41,48,30,0.625
2026-04-15 08:07:42,48,25,0.5208333333333334
2026-04-15 08:08:43,51,31,0.6078431372549019
2026-04-15 08:09:44,51,26,0.5098039215686274
2026-04-15 08:10:45,51,23,0.45098039215686275
2026-04-15 08:11:46,50,26,0.52
2026-04-15 08:12:46,51,26,0.5098039215686274
2026-04-15 08:13:47,50,23,0.46
2026-04-15 08:14:48,49,25,0.5102040816326531
2026-04-15 08:15:49,49,26,0.5306122448979592
2026-04-15 08:16:50,50,23,0.46
2026-04-15 08:17:51,49,26,0.5306122448979592
2026-04-15 08:18:52,48,25,0.5208333333333334
2026-04-15 08:19:52,48,24,0.5
2026-04-15 08:20:53,49,25,0.5102040816326531
2026-04-15 08:21:54,50,27,0.54
2026-04-15 08:22:55,50,22,0.44
2026-04-15 08:23:56,49,24,0.4897959183673469
2026-04-15 08:24:57,48,20,0.4166666666666667
2026-04-15 08:25:57,49,25,0.5102040816326531
2026-04-15 08:26:58,49,23,0.46938775510204084
2026-04-15 08:27:59,50,26,0.52
2026-04-15 08:29:00,49,24,0.4897959183673469
2026-04-15 08:30:01,47,26,0.5531914893617021
2026-04-15 08:31:02,46,26,0.5652173913043478
2026-04-15 08:32:03,48,26,0.5416666666666666
2026-04-15 08:33:04,47,22,0.46808510638297873
2026-04-15 08:34:05,47,23,0.48936170212765956
2026-04-15 08:35:05,47,21,0.44680851063829785
2026-04-15 08:36:06,48,25,0.5208333333333334
2026-04-15 08:37:07,49,30,0.6122448979591837
2026-04-15 08:38:08,49,22,0.4489795918367347
2026-04-15 08:39:09,50,26,0.52
2026-04-15 08:40:10,51,31,0.6078431372549019
2026-04-15 08:41:10,51,27,0.5294117647058824
2026-04-15 08:42:11,51,24,0.47058823529411764
2026-04-15 08:43:12,49,28,0.5714285714285714
2026-04-15 08:44:13,49,25,0.5102040816326531
2026-04-15 08:45:14,49,25,0.5102040816326531
2026-04-15 08:46:15,49,25,0.5102040816326531
2026-04-15 08:47:16,48,25,0.5208333333333334
2026-04-15 08:48:16,49,28,0.5714285714285714
2026-04-15 08:49:17,50,27,0.54
2026-04-15 08:50:18,50,23,0.46
2026-04-15 08:51:19,50,22,0.44
2026-04-15 08:52:20,49,30,0.6122448979591837
2026-04-15 08:53:21,48,27,0.5625
2026-04-15 08:54:21,48,28,0.5833333333333334
2026-04-15 08:55:22,49,27,0.5510204081632653
2026-04-15 08:56:23,50,28,0.56
2026-04-15 08:57:24,50,23,0.46
2026-04-15 08:58:25,49,28,0.5714285714285714
2026-04-15 08:59:26,49,25,0.5102040816326531
2026-04-15 09:00:27,50,23,0.46
2026-04-15 09:01:28,51,25,0.49019607843137253
2026-04-15 09:02:28,51,26,0.5098039215686274
2026-04-15 09:03:29,53,25,0.4716981132075472
2026-04-15 09:04:30,52,26,0.5
2026-04-15 09:05:31,51,24,0.47058823529411764
2026-04-15 09:06:32,51,27,0.5294117647058824
2026-04-15 09:07:33,52,30,0.5769230769230769
2026-04-15 09:08:34,53,30,0.5660377358490566
2026-04-15 09:09:34,52,27,0.5192307692307693
2026-04-15 09:10:35,52,26,0.5
2026-04-15 09:11:36,52,25,0.4807692307692308
2026-04-15 09:12:37,51,27,0.5294117647058824
2026-04-15 09:13:38,51,27,0.5294117647058824
2026-04-15 09:14:39,51,23,0.45098039215686275
2026-04-15 09:15:40,50,27,0.54
2026-04-15 09:16:40,50,24,0.48
2026-04-15 09:17:41,49,25,0.5102040816326531
2026-04-15 09:18:42,50,30,0.6
2026-04-15 09:19:43,50,24,0.48
2026-04-15 09:20:44,50,26,0.52
2026-04-15 09:21:45,49,25,0.5102040816326531
2026-04-15 09:22:46,49,24,0.4897959183673469
2026-04-15 09:23:47,49,23,0.46938775510204084
2026-04-15 09:24:47,50,28,0.56
2026-04-15 09:25:48,51,29,0.5686274509803921
2026-04-15 09:26:49,51,29,0.5686274509803921
2026-04-15 09:27:50,53,27,0.5094339622641509
2026-04-15 09:28:51,53,28,0.5283018867924528
2026-04-15 09:29:52,52,29,0.5576923076923077
2026-04-15 09:30:53,52,30,0.5769230769230769
2026-04-15 09:31:54,51,29,0.5686274509803921
2026-04-15 09:32:55,52,28,0.5384615384615384
2026-04-15 09:33:56,53,28,0.5283018867924528
2026-04-15 09:34:57,53,31,0.5849056603773585
2026-04-15 09:35:57,53,27,0.5094339622641509
2026-04-15 09:36:58,53,29,0.5471698113207547
2026-04-15 09:37:59,53,29,0.5471698113207547
2026-04-15 09:39:00,53,28,0.5283018867924528
2026-04-15 09:40:01,52,31,0.5961538461538461
2026-04-15 09:41:02,51,27,0.5294117647058824
2026-04-15 09:42:03,51,26,0.5098039215686274
2026-04-15 09:43:04,52,31,0.5961538461538461
2026-04-15 09:44:05,53,27,0.5094339622641509
2026-04-15 09:45:06,53,27,0.5094339622641509
2026-04-15 09:46:07,52,30,0.5769230769230769
2026-04-15 09:47:08,52,26,0.5
2026-04-15 09:48:09,51,27,0.5294117647058824
2026-04-15 09:49:09,50,33,0.66
2026-04-15 09:50:10,50,26,0.52
2026-04-15 09:51:11,50,29,0.58
2026-04-15 09:52:12,50,33,0.66
2026-04-15 09:53:13,50,28,0.56
2026-04-15 09:54:14,50,28,0.56
2026-04-15 09:55:15,50,34,0.68
2026-04-15 09:56:16,50,30,0.6
2026-04-15 09:57:17,51,28,0.5490196078431373
2026-04-15 09:58:18,51,31,0.6078431372549019
2026-04-15 09:59:19,51,27,0.5294117647058824
2026-04-15 10:00:20,52,31,0.5961538461538461
2026-04-15 10:01:21,52,33,0.6346153846153846
2026-04-15 10:02:22,53,28,0.5283018867924528
2026-04-15 10:03:23,54,29,0.5370370370370371
2026-04-15 10:04:24,53,27,0.5094339622641509
2026-04-15 10:05:24,55,31,0.5636363636363636
2026-04-15 10:06:26,56,31,0.5535714285714286
2026-04-15 10:07:26,55,29,0.5272727272727272
2026-04-15 10:08:27,55,28,0.509090909090909
2026-04-15 10:09:28,55,25,0.45454545454545453
2026-04-15 10:10:29,54,28,0.5185185185185185
2026-04-15 10:11:30,52,30,0.5769230769230769
2026-04-15 10:12:31,53,30,0.5660377358490566
2026-04-15 10:13:32,53,30,0.5660377358490566
2026-04-15 10:14:33,53,28,0.5283018867924528
2026-04-15 10:15:34,53,25,0.4716981132075472
2026-04-15 10:16:35,52,29,0.5576923076923077
2026-04-15 10:17:36,53,25,0.4716981132075472
2026-04-15 10:18:37,53,28,0.5283018867924528
2026-04-15 10:19:37,53,29,0.5471698113207547
2026-04-15 10:20:38,53,28,0.5283018867924528
2026-04-15 10:21:39,53,30,0.5660377358490566
2026-04-15 10:22:40,54,30,0.5555555555555556
2026-04-15 10:23:41,54,30,0.5555555555555556
2026-04-15 10:24:42,53,31,0.5849056603773585
2026-04-15 10:25:43,54,26,0.48148148148148145
2026-04-15 10:26:44,53,26,0.49056603773584906
2026-04-15 10:27:45,53,30,0.5660377358490566
2026-04-15 10:28:46,53,28,0.5283018867924528
2026-04-15 10:29:46,51,27,0.5294117647058824
2026-04-15 10:30:47,52,30,0.5769230769230769
2026-04-15 10:31:48,52,26,0.5
2026-04-15 10:32:49,51,25,0.49019607843137253
2026-04-15 10:33:50,51,24,0.47058823529411764
2026-04-15 10:34:51,50,26,0.52
2026-04-15 10:35:52,48,26,0.5416666666666666
2026-04-15 10:36:53,47,29,0.6170212765957447
2026-04-15 10:37:54,47,26,0.5531914893617021
2026-04-15 10:38:55,47,28,0.5957446808510638
2026-04-15 10:39:56,48,28,0.5833333333333334
2026-04-15 10:40:56,49,28,0.5714285714285714
2026-04-15 10:41:57,49,24,0.4897959183673469
2026-04-15 10:42:58,50,28,0.56
2026-04-15 10:43:59,50,27,0.54
2026-04-15 10:45:00,50,19,0.38
2026-04-15 10:46:01,51,25,0.49019607843137253
2026-04-15 10:47:02,51,28,0.5490196078431373
2026-04-15 10:48:03,52,23,0.4423076923076923
2026-04-15 10:49:04,53,27,0.5094339622641509
2026-04-15 10:50:05,53,26,0.49056603773584906
2026-04-15 10:51:06,54,24,0.4444444444444444
2026-04-15 10:52:07,54,22,0.4074074074074074
2026-04-15 10:53:07,52,21,0.40384615384615385
2026-04-15 10:54:08,52,23,0.4423076923076923
2026-04-15 10:55:09,51,29,0.5686274509803921
2026-04-15 10:56:10,50,22,0.44
2026-04-15 10:57:11,50,24,0.48
2026-04-15 10:58:12,49,27,0.5510204081632653
2026-04-15 10:59:13,49,21,0.42857142857142855
2026-04-15 11:00:14,48,21,0.4375
2026-04-15 11:01:15,50,27,0.54
2026-04-15 11:02:16,50,23,0.46
2026-04-15 11:03:17,50,23,0.46
2026-04-15 11:04:18,49,26,0.5306122448979592
2026-04-15 11:05:18,48,23,0.4791666666666667
2026-04-15 11:06:19,48,25,0.5208333333333334
2026-04-15 11:07:20,46,27,0.5869565217391305
2026-04-15 11:08:21,46,22,0.4782608695652174
2026-04-15 11:09:22,47,22,0.46808510638297873
2026-04-15 11:10:23,47,23,0.48936170212765956
2026-04-15 11:11:24,45,20,0.4444444444444444
2026-04-15 11:12:25,45,23,0.5111111111111111
2026-04-15 11:13:26,45,25,0.5555555555555556
2026-04-15 11:14:27,45,25,0.5555555555555556
2026-04-15 11:15:28,45,22,0.4888888888888889
2026-04-15 11:16:28,45,23,0.5111111111111111
2026-04-15 11:17:29,45,22,0.4888888888888889
2026-04-15 11:18:30,46,23,0.5
2026-04-15 11:19:31,45,24,0.5333333333333333
2026-04-15 11:20:32,45,25,0.5555555555555556
2026-04-15 11:21:33,46,24,0.5217391304347826
2026-04-15 11:22:34,44,24,0.5454545454545454
2026-04-15 11:23:35,46,23,0.5
2026-04-15 11:24:35,46,22,0.4782608695652174
2026-04-15 11:25:36,46,21,0.45652173913043476
2026-04-15 11:26:37,47,25,0.5319148936170213
2026-04-15 11:27:38,47,20,0.425531914893617
2026-04-15 11:28:39,47,23,0.48936170212765956
2026-04-15 11:29:40,45,18,0.4
2026-04-15 11:30:40,47,25,0.5319148936170213
2026-04-15 11:31:41,48,23,0.4791666666666667
2026-04-15 11:32:42,49,24,0.4897959183673469
2026-04-15 11:33:43,49,22,0.4489795918367347
2026-04-15 11:34:44,48,24,0.5
2026-04-15 11:35:45,48,23,0.4791666666666667
2026-04-15 11:36:46,48,26,0.5416666666666666
2026-04-15 11:37:47,50,24,0.48
2026-04-15 11:38:48,50,25,0.5
2026-04-15 11:39:48,50,25,0.5
2026-04-15 11:40:49,50,24,0.48
2026-04-15 11:41:50,50,25,0.5
2026-04-15 11:42:51,49,28,0.5714285714285714
2026-04-15 11:43:52,50,30,0.6
2026-04-15 11:44:53,50,26,0.52
2026-04-15 11:45:54,49,26,0.5306122448979592
2026-04-15 11:46:55,49,25,0.5102040816326531
2026-04-15 11:47:55,48,27,0.5625
2026-04-15 11:48:56,50,26,0.52
2026-04-15 11:49:57,50,27,0.54
2026-04-15 11:50:58,51,26,0.5098039215686274
2026-04-15 11:51:59,51,28,0.5490196078431373
2026-04-15 11:53:00,51,30,0.5882352941176471
2026-04-15 11:54:01,50,23,0.46
2026-04-15 11:55:02,50,29,0.58
2026-04-15 11:56:03,50,28,0.56
2026-04-15 11:57:04,50,21,0.42
2026-04-15 11:58:04,50,26,0.52
2026-04-15 11:59:05,48,28,0.5833333333333334
2026-04-15 12:00:06,48,24,0.5
2026-04-15 12:01:07,49,32,0.6530612244897959
2026-04-15 12:02:08,48,27,0.5625
2026-04-15 12:03:09,49,25,0.5102040816326531
2026-04-15 12:04:10,49,27,0.5510204081632653
2026-04-15 12:05:11,49,24,0.4897959183673469
2026-04-15 12:06:11,49,24,0.4897959183673469
2026-04-15 12:07:12,49,32,0.6530612244897959
2026-04-15 12:08:13,49,25,0.5102040816326531
2026-04-15 12:09:14,49,24,0.4897959183673469
2026-04-15 12:10:15,48,32,0.6666666666666666
2026-04-15 12:11:16,48,27,0.5625
2026-04-15 12:12:17,49,25,0.5102040816326531
2026-04-15 12:13:17,51,32,0.6274509803921569
2026-04-15 12:14:18,51,28,0.5490196078431373
2026-04-15 12:15:19,51,23,0.45098039215686275
2026-04-15 12:16:20,51,28,0.5490196078431373
2026-04-15 12:17:21,52,26,0.5
2026-04-15 12:18:22,53,26,0.49056603773584906
2026-04-15 12:19:23,52,24,0.46153846153846156
2026-04-15 12:20:24,52,25,0.4807692307692308
2026-04-15 12:21:24,52,24,0.46153846153846156
2026-04-15 12:22:25,51,27,0.5294117647058824
2026-04-15 12:23:26,50,27,0.54
2026-04-15 12:24:27,50,24,0.48
2026-04-15 12:25:28,50,27,0.54
2026-04-15 12:26:29,50,24,0.48
2026-04-15 12:27:30,50,23,0.46
2026-04-15 12:28:31,49,27,0.5510204081632653
2026-04-15 12:29:32,49,28,0.5714285714285714
2026-04-15 12:30:32,49,26,0.5306122448979592
2026-04-15 12:31:33,48,26,0.5416666666666666
2026-04-15 12:32:34,50,29,0.58
2026-04-15 12:33:35,51,28,0.5490196078431373
2026-04-15 12:34:36,51,29,0.5686274509803921
2026-04-15 12:35:37,52,29,0.5576923076923077
2026-04-15 12:36:38,52,29,0.5576923076923077
2026-04-15 12:37:39,52,30,0.5769230769230769
2026-04-15 12:38:40,51,25,0.49019607843137253
2026-04-15 12:39:41,52,29,0.5576923076923077
2026-04-15 12:40:42,52,28,0.5384615384615384
2026-04-15 12:41:42,51,24,0.47058823529411764
2026-04-15 12:42:43,52,26,0.5
2026-04-15 12:43:44,52,28,0.5384615384615384
2026-04-15 12:44:45,53,30,0.5660377358490566
2026-04-15 12:45:46,53,28,0.5283018867924528
2026-04-15 12:46:47,54,32,0.5925925925925926
2026-04-15 12:47:48,54,27,0.5
2026-04-15 12:48:49,54,27,0.5
2026-04-15 12:49:50,55,32,0.5818181818181818
2026-04-15 12:50:51,55,30,0.5454545454545454
2026-04-15 12:51:52,55,27,0.4909090909090909
2026-04-15 12:52:52,55,30,0.5454545454545454
2026-04-15 12:53:53,55,25,0.45454545454545453
2026-04-15 12:54:54,55,28,0.509090909090909
2026-04-15 12:55:55,54,27,0.5
2026-04-15 12:56:56,53,28,0.5283018867924528
2026-04-15 12:57:57,54,31,0.5740740740740741
2026-04-15 12:58:58,54,29,0.5370370370370371
2026-04-15 12:59:59,53,28,0.5283018867924528
2026-04-15 13:01:00,54,30,0.5555555555555556
2026-04-15 13:02:01,51,29,0.5686274509803921
2026-04-15 13:03:02,53,27,0.5094339622641509
2026-04-15 13:04:03,54,30,0.5555555555555556
2026-04-15 13:05:04,54,31,0.5740740740740741
2026-04-15 13:06:05,54,22,0.4074074074074074
2026-04-15 13:07:06,54,30,0.5555555555555556
2026-04-15 13:08:07,54,27,0.5
2026-04-15 13:09:08,54,23,0.42592592592592593
2026-04-15 13:10:09,54,28,0.5185185185185185
2026-04-15 13:11:09,52,26,0.5
2026-04-15 13:12:10,52,23,0.4423076923076923
2026-04-15 13:13:11,52,30,0.5769230769230769
2026-04-15 13:14:12,50,24,0.48
2026-04-15 13:15:13,49,25,0.5102040816326531
2026-04-15 13:16:14,49,27,0.5510204081632653
2026-04-15 13:17:15,50,27,0.54
2026-04-15 13:18:16,50,25,0.5
2026-04-15 13:19:17,50,29,0.58
2026-04-15 13:20:17,52,29,0.5576923076923077
2026-04-15 13:21:18,52,22,0.4230769230769231
2026-04-15 13:22:19,52,31,0.5961538461538461
2026-04-15 13:23:20,51,26,0.5098039215686274
2026-04-15 13:24:21,51,22,0.43137254901960786
2026-04-15 13:25:22,50,26,0.52
2026-04-15 13:26:23,51,26,0.5098039215686274
2026-04-15 13:27:24,51,24,0.47058823529411764
2026-04-15 13:28:25,51,25,0.49019607843137253
2026-04-15 13:29:26,50,27,0.54
2026-04-15 13:30:27,51,28,0.5490196078431373
2026-04-15 13:31:28,52,24,0.46153846153846156
2026-04-15 13:32:28,52,26,0.5
2026-04-15 13:33:29,52,22,0.4230769230769231
2026-04-15 13:34:30,51,25,0.49019607843137253
2026-04-15 13:35:31,52,26,0.5
2026-04-15 13:36:32,51,26,0.5098039215686274
2026-04-15 13:37:33,51,25,0.49019607843137253
2026-04-15 13:38:34,51,25,0.49019607843137253
2026-04-15 13:39:35,52,26,0.5
2026-04-15 13:40:36,51,25,0.49019607843137253
2026-04-15 13:41:36,52,23,0.4423076923076923
2026-04-15 13:42:37,52,24,0.46153846153846156
2026-04-15 13:43:38,52,25,0.4807692307692308
2026-04-15 13:44:39,51,21,0.4117647058823529
2026-04-15 13:45:40,50,24,0.48
2026-04-15 13:46:41,51,28,0.5490196078431373
2026-04-15 13:47:42,52,21,0.40384615384615385
2026-04-15 13:48:43,52,27,0.5192307692307693
2026-04-15 13:49:44,53,24,0.4528301886792453
2026-04-15 13:50:44,53,23,0.4339622641509434
2026-04-15 13:51:45,53,23,0.4339622641509434
2026-04-15 13:52:46,53,25,0.4716981132075472
2026-04-15 13:53:47,53,23,0.4339622641509434
2026-04-15 13:54:48,54,26,0.48148148148148145
2026-04-15 13:55:49,54,26,0.48148148148148145
2026-04-15 13:56:50,53,20,0.37735849056603776
2026-04-15 13:57:51,53,25,0.4716981132075472
2026-04-15 13:58:52,53,24,0.4528301886792453
2026-04-15 13:59:52,52,21,0.40384615384615385
2026-04-15 14:00:53,53,23,0.4339622641509434
2026-04-15 14:01:54,52,29,0.5576923076923077
2026-04-15 14:02:55,52,21,0.40384615384615385
2026-04-15 14:03:56,52,25,0.4807692307692308
2026-04-15 14:04:57,52,25,0.4807692307692308
2026-04-15 14:05:58,53,20,0.37735849056603776
2026-04-15 14:06:59,54,28,0.5185185185185185
2026-04-15 14:08:00,54,29,0.5370370370370371
2026-04-15 14:09:01,54,22,0.4074074074074074
2026-04-15 14:10:02,53,24,0.4528301886792453
2026-04-15 14:11:03,53,28,0.5283018867924528
2026-04-15 14:12:04,53,16,0.3018867924528302
2026-04-15 14:13:05,52,25,0.4807692307692308
2026-04-15 14:14:06,52,26,0.5
2026-04-15 14:15:07,51,20,0.39215686274509803
2026-04-15 14:16:07,53,30,0.5660377358490566
2026-04-15 14:17:08,53,25,0.4716981132075472
2026-04-15 14:18:09,54,21,0.3888888888888889
2026-04-15 14:19:10,55,31,0.5636363636363636
2026-04-15 14:20:11,56,25,0.44642857142857145
2026-04-15 14:21:12,56,22,0.39285714285714285
2026-04-15 14:22:13,55,32,0.5818181818181818
2026-04-15 14:23:14,57,26,0.45614035087719296
2026-04-15 14:24:15,57,20,0.3508771929824561
2026-04-15 14:25:16,58,34,0.5862068965517241
2026-04-15 14:26:17,57,26,0.45614035087719296
2026-04-15 14:27:18,57,22,0.38596491228070173
2026-04-15 14:28:19,57,33,0.5789473684210527
2026-04-15 14:29:20,57,24,0.42105263157894735
2026-04-15 14:30:21,58,27,0.46551724137931033
2026-04-15 14:31:22,57,28,0.49122807017543857
2026-04-15 14:32:23,57,27,0.47368421052631576
2026-04-15 14:33:24,56,28,0.5
2026-04-15 14:34:25,56,29,0.5178571428571429
2026-04-15 14:35:26,56,28,0.5
2026-04-15 14:36:27,57,28,0.49122807017543857
2026-04-15 14:37:28,55,29,0.5272727272727272
2026-04-15 14:38:29,57,28,0.49122807017543857
2026-04-15 14:39:30,58,28,0.4827586206896552
2026-04-15 14:40:31,58,31,0.5344827586206896
2026-04-15 14:41:32,58,32,0.5517241379310345
2026-04-15 14:42:32,58,29,0.5
2026-04-15 14:43:33,57,30,0.5263157894736842
2026-04-15 14:44:34,56,26,0.4642857142857143
2026-04-15 14:45:35,56,29,0.5178571428571429
2026-04-15 14:46:36,56,31,0.5535714285714286
2026-04-15 14:47:37,56,28,0.5
2026-04-15 14:48:38,57,30,0.5263157894736842
2026-04-15 14:49:39,57,33,0.5789473684210527
2026-04-15 14:50:40,57,24,0.42105263157894735
2026-04-15 14:51:41,57,33,0.5789473684210527
2026-04-15 14:52:42,56,30,0.5357142857142857
2026-04-15 14:53:43,56,29,0.5178571428571429
2026-04-15 14:54:44,57,28,0.49122807017543857
2026-04-15 14:55:45,57,29,0.5087719298245614
2026-04-15 14:56:46,56,24,0.42857142857142855
2026-04-15 14:57:47,56,31,0.5535714285714286
2026-04-15 14:58:48,55,31,0.5636363636363636
2026-04-15 14:59:49,55,25,0.45454545454545453
2026-04-15 15:00:50,55,27,0.4909090909090909
2026-04-15 15:01:51,55,28,0.509090909090909
2026-04-15 15:02:52,53,25,0.4716981132075472
2026-04-15 15:03:52,54,29,0.5370370370370371
2026-04-15 15:04:53,54,30,0.5555555555555556
2026-04-15 15:05:54,54,24,0.4444444444444444
2026-04-15 15:06:55,55,30,0.5454545454545454
2026-04-15 15:07:56,55,30,0.5454545454545454
2026-04-15 15:08:57,55,24,0.43636363636363634
2026-04-15 15:09:58,55,31,0.5636363636363636
2026-04-15 15:10:59,55,34,0.6181818181818182
2026-04-15 15:12:00,55,22,0.4
2026-04-15 15:13:01,55,31,0.5636363636363636
2026-04-15 15:14:02,55,31,0.5636363636363636
2026-04-15 15:15:03,55,24,0.43636363636363634
2026-04-15 15:16:04,56,35,0.625
2026-04-15 15:17:05,55,28,0.509090909090909
2026-04-15 15:18:06,56,25,0.44642857142857145
2026-04-15 15:19:07,57,33,0.5789473684210527
2026-04-15 15:20:08,57,32,0.5614035087719298
2026-04-15 15:21:10,56,25,0.44642857142857145
2026-04-15 15:22:11,56,35,0.625
2026-04-15 15:23:13,57,26,0.45614035087719296
2026-04-15 15:24:16,57,25,0.43859649122807015
2026-04-15 15:25:21,57,35,0.6140350877192983
2026-04-15 15:26:22,57,27,0.47368421052631576
2026-04-15 15:27:23,57,28,0.49122807017543857
2026-04-15 15:28:24,57,33,0.5789473684210527
2026-04-15 15:29:25,58,29,0.5
2026-04-15 15:30:26,57,31,0.543859649122807
2026-04-15 15:31:27,57,30,0.5263157894736842
2026-04-15 15:32:28,57,28,0.49122807017543857
2026-04-15 15:33:29,57,27,0.47368421052631576
2026-04-15 15:34:30,57,30,0.5263157894736842
2026-04-15 15:35:31,57,27,0.47368421052631576
2026-04-15 15:36:32,57,26,0.45614035087719296
2026-04-15 15:37:34,58,30,0.5172413793103449
2026-04-15 15:38:35,58,23,0.39655172413793105
2026-04-15 15:39:35,58,29,0.5
2026-04-15 15:40:36,57,26,0.45614035087719296
2026-04-15 15:41:37,56,29,0.5178571428571429
2026-04-15 15:42:38,57,30,0.5263157894736842
2026-04-15 15:43:39,57,27,0.47368421052631576
2026-04-15 15:44:40,58,26,0.4482758620689655
2026-04-15 15:45:41,57,31,0.543859649122807
2026-04-15 15:46:41,58,29,0.5
2026-04-15 15:47:42,58,25,0.43103448275862066
2026-04-15 15:48:43,59,30,0.5084745762711864
2026-04-15 15:49:44,59,30,0.5084745762711864
2026-04-15 15:50:45,60,24,0.4
2026-04-15 15:51:46,61,31,0.5081967213114754
2026-04-15 15:52:47,61,29,0.47540983606557374
2026-04-15 15:53:48,61,26,0.4262295081967213
2026-04-15 15:54:49,60,29,0.48333333333333334
2026-04-15 15:55:50,60,31,0.5166666666666667
2026-04-15 15:56:51,60,22,0.36666666666666664
2026-04-15 15:57:52,61,31,0.5081967213114754
2026-04-15 15:58:52,60,30,0.5
2026-04-15 15:59:53,60,28,0.4666666666666667
2026-04-15 16:00:54,59,31,0.5254237288135594
2026-04-15 16:01:55,57,29,0.5087719298245614
2026-04-15 16:02:56,59,26,0.4406779661016949
2026-04-15 16:03:57,60,28,0.4666666666666667
2026-04-15 16:04:58,60,31,0.5166666666666667
2026-04-15 16:05:59,60,22,0.36666666666666664
2026-04-15 16:07:00,59,26,0.4406779661016949
2026-04-15 16:08:01,59,28,0.4745762711864407
2026-04-15 16:09:02,58,21,0.3620689655172414
2026-04-15 16:10:03,59,31,0.5254237288135594
2026-04-15 16:11:05,59,30,0.5084745762711864
2026-04-15 16:12:06,57,23,0.40350877192982454
2026-04-15 16:13:07,56,28,0.5
2026-04-15 16:14:08,55,28,0.509090909090909
2026-04-15 16:15:09,55,21,0.38181818181818183
2026-04-15 16:16:10,54,28,0.5185185185185185
2026-04-15 16:17:11,54,23,0.42592592592592593
2026-04-15 16:18:11,54,22,0.4074074074074074
2026-04-15 16:19:12,54,26,0.48148148148148145
2026-04-15 16:20:13,54,25,0.46296296296296297
2026-04-15 16:21:14,54,23,0.42592592592592593
2026-04-15 16:22:15,53,30,0.5660377358490566
2026-04-15 16:23:16,53,27,0.5094339622641509
2026-04-15 16:24:17,52,23,0.4423076923076923
2026-04-15 16:25:17,52,31,0.5961538461538461
2026-04-15 16:26:18,52,22,0.4230769230769231
2026-04-15 16:27:19,53,24,0.4528301886792453
2026-04-15 16:28:20,52,28,0.5384615384615384
2026-04-15 16:29:21,54,28,0.5185185185185185
2026-04-15 16:30:22,55,22,0.4
2026-04-15 16:31:23,54,28,0.5185185185185185
2026-04-15 16:32:23,55,24,0.43636363636363634
2026-04-15 16:33:24,55,24,0.43636363636363634
2026-04-15 16:34:25,56,27,0.48214285714285715
2026-04-15 16:35:26,56,22,0.39285714285714285
2026-04-15 16:36:27,55,25,0.45454545454545453
2026-04-15 16:37:28,53,29,0.5471698113207547
2026-04-15 16:38:29,53,23,0.4339622641509434
2026-04-15 16:39:30,53,27,0.5094339622641509
2026-04-15 16:40:31,52,25,0.4807692307692308
2026-04-15 16:41:31,53,23,0.4339622641509434
2026-04-15 16:42:32,51,22,0.43137254901960786
2026-04-15 16:43:33,51,27,0.5294117647058824
2026-04-15 16:44:34,51,21,0.4117647058823529
2026-04-15 16:45:35,51,25,0.49019607843137253
2026-04-15 16:46:36,51,28,0.5490196078431373
2026-04-15 16:47:37,52,21,0.40384615384615385
2026-04-15 16:48:38,52,22,0.4230769230769231
2026-04-15 16:49:39,51,27,0.5294117647058824
2026-04-15 16:50:39,50,22,0.44
2026-04-15 16:51:40,49,25,0.5102040816326531
2026-04-15 16:52:41,49,27,0.5510204081632653
2026-04-15 16:53:42,49,18,0.3673469387755102
2026-04-15 16:54:43,48,24,0.5
2026-04-15 16:55:44,48,23,0.4791666666666667
2026-04-15 16:56:45,50,20,0.4
2026-04-15 16:57:45,50,27,0.54
2026-04-15 16:58:46,50,26,0.52
2026-04-15 16:59:47,51,24,0.47058823529411764
2026-04-15 17:00:48,51,28,0.5490196078431373
2026-04-15 17:01:49,51,24,0.47058823529411764
2026-04-15 17:02:50,51,22,0.43137254901960786
2026-04-15 17:03:51,51,25,0.49019607843137253
2026-04-15 17:04:52,51,27,0.5294117647058824
2026-04-15 17:05:52,51,20,0.39215686274509803
2026-04-15 17:06:53,51,25,0.49019607843137253
2026-04-15 17:07:54,52,26,0.5
2026-04-15 17:08:55,51,20,0.39215686274509803
2026-04-15 17:09:56,51,28,0.5490196078431373
2026-04-15 17:10:57,51,25,0.49019607843137253
2026-04-15 17:11:58,51,26,0.5098039215686274
2026-04-15 17:12:59,51,27,0.5294117647058824
2026-04-15 17:13:59,51,26,0.5098039215686274
2026-04-15 17:15:00,52,24,0.46153846153846156
2026-04-15 17:16:01,52,25,0.4807692307692308
2026-04-15 17:17:02,52,15,0.28846153846153844
2026-04-15 17:18:03,52,9,0.17307692307692307
2026-04-15 17:19:04,52,15,0.28846153846153844
2026-04-15 17:20:05,52,16,0.3076923076923077
2026-04-15 17:21:06,52,9,0.17307692307692307
2026-04-15 17:22:07,51,16,0.3137254901960784
2026-04-15 17:23:08,50,17,0.34
2026-04-15 17:24:08,48,10,0.20833333333333334
2026-04-15 17:25:09,47,19,0.40425531914893614
2026-04-15 17:26:10,42,15,0.35714285714285715
2026-04-15 17:27:11,31,11,0.3548387096774194
2026-04-15 17:28:12,31,17,0.5483870967741935
2026-04-15 17:29:12,31,14,0.45161290322580644
2026-04-15 17:30:13,33,10,0.30303030303030304
2026-04-15 17:31:14,33,17,0.5151515151515151
2026-04-15 17:32:14,35,14,0.4
2026-04-15 17:33:15,36,11,0.3055555555555556
2026-04-15 17:34:16,36,18,0.5
2026-04-15 17:35:17,36,14,0.3888888888888889
2026-04-15 17:36:17,35,10,0.2857142857142857
2026-04-15 17:37:18,36,19,0.5277777777777778
2026-04-15 17:38:19,34,14,0.4117647058823529
2026-04-15 17:39:20,33,12,0.36363636363636365
2026-04-15 17:40:20,33,19,0.5757575757575758
2026-04-15 17:41:21,34,12,0.35294117647058826
2026-04-15 17:42:22,34,13,0.38235294117647056
2026-04-15 17:43:23,34,18,0.5294117647058824
2026-04-15 17:44:24,34,13,0.38235294117647056
2026-04-15 17:45:24,34,15,0.4411764705882353
2026-04-15 17:46:25,35,18,0.5142857142857142
2026-04-15 17:47:26,34,15,0.4411764705882353
2026-04-15 17:48:26,35,17,0.4857142857142857
2026-04-15 17:49:27,38,21,0.5526315789473685
2026-04-15 17:50:28,40,18,0.45
2026-04-15 17:51:29,40,16,0.4
2026-04-15 17:52:30,41,20,0.4878048780487805
2026-04-15 17:53:30,41,15,0.36585365853658536
2026-04-15 17:54:31,42,17,0.40476190476190477
2026-04-15 17:55:32,43,20,0.46511627906976744
2026-04-15 17:56:33,43,17,0.3953488372093023
2026-04-15 17:57:33,43,18,0.4186046511627907
2026-04-15 17:58:34,44,23,0.5227272727272727
2026-04-15 17:59:35,44,17,0.38636363636363635
2026-04-15 18:00:36,44,19,0.4318181818181818
2026-04-15 18:01:37,44,19,0.4318181818181818
2026-04-15 18:02:38,42,14,0.3333333333333333
2026-04-15 18:03:38,43,16,0.37209302325581395
2026-04-15 18:04:39,43,15,0.3488372093023256
2026-04-15 18:05:40,44,14,0.3181818181818182
2026-04-15 18:06:41,44,17,0.38636363636363635
2026-04-15 18:07:42,44,14,0.3181818181818182
2026-04-15 18:08:42,43,16,0.37209302325581395
2026-04-15 18:09:43,44,15,0.3409090909090909
2026-04-15 18:10:44,41,16,0.3902439024390244
2026-04-15 18:11:45,37,14,0.3783783783783784
2026-04-15 18:12:45,37,17,0.4594594594594595
2026-04-15 18:13:46,38,18,0.47368421052631576
2026-04-15 18:14:47,39,15,0.38461538461538464
2026-04-15 18:15:48,39,17,0.4358974358974359
2026-04-15 18:16:49,39,12,0.3076923076923077
2026-04-15 18:17:49,38,13,0.34210526315789475
2026-04-15 18:18:50,38,16,0.42105263157894735
2026-04-15 18:19:51,38,18,0.47368421052631576
2026-04-15 18:20:52,38,11,0.2894736842105263
2026-04-15 18:21:52,38,12,0.3157894736842105
2026-04-15 18:22:53,37,15,0.40540540540540543
2026-04-15 18:23:54,35,10,0.2857142857142857
2026-04-15 18:24:55,35,11,0.3142857142857143
2026-04-15 18:25:55,35,15,0.42857142857142855
2026-04-15 18:26:56,35,9,0.2571428571428571
2026-04-15 18:27:57,34,12,0.35294117647058826
2026-04-15 18:28:58,34,13,0.38235294117647056
2026-04-15 18:29:58,32,12,0.375
2026-04-15 18:30:59,31,13,0.41935483870967744
2026-04-15 18:32:00,30,15,0.5
2026-04-15 18:33:01,30,8,0.26666666666666666
2026-04-15 18:34:01,30,14,0.4666666666666667
2026-04-15 18:35:02,30,14,0.4666666666666667
2026-04-15 18:36:03,31,12,0.3870967741935484
2026-04-15 18:37:04,32,14,0.4375
2026-04-15 18:38:04,32,16,0.5
2026-04-15 18:39:05,32,8,0.25
2026-04-15 18:40:06,32,15,0.46875
2026-04-15 18:41:07,33,15,0.45454545454545453
2026-04-15 18:42:07,33,9,0.2727272727272727
2026-04-15 18:43:08,34,16,0.47058823529411764
2026-04-15 18:44:09,33,13,0.3939393939393939
2026-04-15 18:45:09,33,9,0.2727272727272727
2026-04-15 18:46:10,32,14,0.4375
2026-04-15 18:47:11,31,11,0.3548387096774194
2026-04-15 18:48:12,30,9,0.3
2026-04-15 18:49:12,29,13,0.4482758620689655
2026-04-15 18:50:13,30,12,0.4
2026-04-15 18:51:14,30,9,0.3
2026-04-15 18:52:15,29,12,0.41379310344827586
2026-04-15 18:53:15,28,11,0.39285714285714285
2026-04-15 18:54:16,27,10,0.37037037037037035
2026-04-15 18:55:17,27,12,0.4444444444444444
2026-04-15 18:56:18,28,8,0.2857142857142857
2026-04-15 18:57:18,29,10,0.3448275862068966
2026-04-15 18:58:19,31,17,0.5483870967741935
2026-04-15 18:59:20,31,9,0.2903225806451613
2026-04-15 19:00:20,32,9,0.28125
2026-04-15 19:01:21,33,15,0.45454545454545453
2026-04-15 19:02:22,34,10,0.29411764705882354
2026-04-15 19:03:22,31,9,0.2903225806451613
2026-04-15 19:04:23,32,15,0.46875
2026-04-15 19:05:24,31,10,0.3225806451612903
2026-04-15 19:06:24,32,15,0.46875
2026-04-15 19:07:25,32,13,0.40625
2026-04-15 19:08:26,31,9,0.2903225806451613
2026-04-15 19:09:27,31,12,0.3870967741935484
2026-04-15 19:10:27,30,14,0.4666666666666667
2026-04-15 19:11:28,30,8,0.26666666666666666
2026-04-15 19:12:29,29,10,0.3448275862068966
2026-04-15 19:13:29,28,13,0.4642857142857143
2026-04-15 19:14:30,29,9,0.3103448275862069
2026-04-15 19:15:31,29,9,0.3103448275862069
2026-04-15 19:16:31,27,13,0.48148148148148145
2026-04-15 19:17:32,28,11,0.39285714285714285
2026-04-15 19:18:33,30,14,0.4666666666666667
2026-04-15 19:19:33,30,12,0.4
2026-04-15 19:20:34,30,12,0.4
2026-04-15 19:21:35,31,12,0.3870967741935484
2026-04-15 19:22:36,32,13,0.40625
2026-04-15 19:23:36,31,11,0.3548387096774194
2026-04-15 19:24:37,32,12,0.375
2026-04-15 19:25:38,32,14,0.4375
2026-04-15 19:26:38,32,14,0.4375
2026-04-15 19:27:39,32,16,0.5
2026-04-15 19:28:40,34,17,0.5
2026-04-15 19:29:41,34,9,0.2647058823529412
2026-04-15 19:30:41,35,15,0.42857142857142855
2026-04-15 19:31:42,35,17,0.4857142857142857
2026-04-15 19:32:43,35,13,0.37142857142857144
2026-04-15 19:33:44,36,17,0.4722222222222222
2026-04-15 19:34:44,36,18,0.5
2026-04-15 19:35:45,35,11,0.3142857142857143
2026-04-15 19:36:46,34,15,0.4411764705882353
2026-04-15 19:37:47,34,16,0.47058823529411764
2026-04-15 19:38:47,34,12,0.35294117647058826
2026-04-15 19:39:48,34,16,0.47058823529411764
2026-04-15 19:40:49,34,16,0.47058823529411764
2026-04-15 19:41:50,35,14,0.4
2026-04-15 19:42:50,35,16,0.45714285714285713
2026-04-15 19:43:51,35,18,0.5142857142857142
2026-04-15 19:44:52,33,13,0.3939393939393939
2026-04-15 19:45:52,34,19,0.5588235294117647
2026-04-15 19:46:53,34,15,0.4411764705882353
2026-04-15 19:47:54,36,16,0.4444444444444444
2026-04-15 19:48:55,36,17,0.4722222222222222
2026-04-15 19:49:56,35,17,0.4857142857142857
2026-04-15 19:50:56,36,14,0.3888888888888889
2026-04-15 19:51:57,36,18,0.5
2026-04-15 19:52:58,36,15,0.4166666666666667
2026-04-15 19:53:59,36,16,0.4444444444444444
2026-04-15 19:55:00,36,19,0.5277777777777778
2026-04-15 19:56:00,36,19,0.5277777777777778
2026-04-15 19:57:01,35,14,0.4
2026-04-15 19:58:02,35,19,0.5428571428571428
2026-04-15 19:59:03,34,19,0.5588235294117647
2026-04-15 20:00:04,34,13,0.38235294117647056
2026-04-15 20:01:04,34,18,0.5294117647058824
2026-04-15 20:02:05,33,17,0.5151515151515151
2026-04-15 20:03:06,35,13,0.37142857142857144
2026-04-15 20:04:07,35,17,0.4857142857142857
2026-04-15 20:05:07,36,16,0.4444444444444444
2026-04-15 20:06:08,37,13,0.35135135135135137
2026-04-15 20:07:09,38,15,0.39473684210526316
2026-04-15 20:08:10,37,15,0.40540540540540543
2026-04-15 20:09:10,36,12,0.3333333333333333
2026-04-15 20:10:11,36,17,0.4722222222222222
2026-04-15 20:11:12,35,13,0.37142857142857144
2026-04-15 20:12:13,36,15,0.4166666666666667
2026-04-15 20:13:13,36,14,0.3888888888888889
2026-04-15 20:14:14,34,12,0.35294117647058826
2026-04-15 20:15:15,35,14,0.4
2026-04-15 20:16:16,36,19,0.5277777777777778
2026-04-15 20:17:16,35,12,0.34285714285714286
2026-04-15 20:18:17,35,12,0.34285714285714286
2026-04-15 20:19:18,35,14,0.4
2026-04-15 20:20:19,35,12,0.34285714285714286
2026-04-15 20:21:19,33,11,0.3333333333333333
2026-04-15 20:22:20,35,18,0.5142857142857142
2026-04-15 20:23:21,34,10,0.29411764705882354
2026-04-15 20:24:22,34,12,0.35294117647058826
2026-04-15 20:25:22,34,14,0.4117647058823529
2026-04-15 20:26:23,32,11,0.34375
2026-04-15 20:27:24,34,18,0.5294117647058824
2026-04-15 20:28:25,35,17,0.4857142857142857
2026-04-15 20:29:25,36,12,0.3333333333333333
2026-04-15 20:30:26,36,17,0.4722222222222222
2026-04-15 20:31:27,36,16,0.4444444444444444
2026-04-15 20:32:28,37,14,0.3783783783783784
2026-04-15 20:33:28,38,19,0.5
2026-04-15 20:34:29,39,17,0.4358974358974359
2026-04-15 20:35:30,39,13,0.3333333333333333
2026-04-15 20:36:31,39,16,0.41025641025641024
2026-04-15 20:37:31,40,16,0.4
2026-04-15 20:38:32,41,16,0.3902439024390244
2026-04-15 20:39:33,42,19,0.4523809523809524
2026-04-15 20:40:34,42,21,0.5
2026-04-15 20:41:35,41,16,0.3902439024390244
2026-04-15 20:42:35,42,21,0.5
2026-04-15 20:43:36,43,21,0.4883720930232558
2026-04-15 20:44:37,43,20,0.46511627906976744
2026-04-15 20:45:38,43,21,0.4883720930232558
2026-04-15 20:46:38,44,22,0.5
2026-04-15 20:47:39,44,16,0.36363636363636365
2026-04-15 20:48:40,44,18,0.4090909090909091
2026-04-15 20:49:41,45,23,0.5111111111111111
2026-04-15 20:50:42,44,16,0.36363636363636365
2026-04-15 20:51:42,44,22,0.5
2026-04-15 20:52:43,45,17,0.37777777777777777
2026-04-15 20:53:44,45,17,0.37777777777777777
2026-04-15 20:54:45,45,17,0.37777777777777777
2026-04-15 20:55:46,45,19,0.4222222222222222
2026-04-15 20:56:46,46,16,0.34782608695652173
2026-04-15 20:57:47,48,22,0.4583333333333333
2026-04-15 20:58:48,48,16,0.3333333333333333
2026-04-15 20:59:49,47,19,0.40425531914893614
2026-04-15 21:00:50,47,18,0.3829787234042553
2026-04-15 21:01:50,47,21,0.44680851063829785
2026-04-15 21:02:51,46,16,0.34782608695652173
2026-04-15 21:03:52,47,21,0.44680851063829785
2026-04-15 21:04:53,46,21,0.45652173913043476
2026-04-15 21:05:54,46,16,0.34782608695652173
2026-04-15 21:06:55,47,20,0.425531914893617
2026-04-15 21:07:55,46,18,0.391304347826087
2026-04-15 21:08:56,45,20,0.4444444444444444
2026-04-15 21:09:57,45,18,0.4
2026-04-15 21:10:58,45,15,0.3333333333333333
2026-04-15 21:11:59,45,17,0.37777777777777777
2026-04-15 21:13:00,43,19,0.4418604651162791
2026-04-15 21:14:00,42,18,0.42857142857142855
2026-04-15 21:15:01,42,19,0.4523809523809524
2026-04-15 21:16:02,43,20,0.46511627906976744
2026-04-15 21:17:03,43,20,0.46511627906976744
2026-04-15 21:18:04,42,15,0.35714285714285715
2026-04-15 21:19:04,43,18,0.4186046511627907
2026-04-15 21:20:05,42,15,0.35714285714285715
2026-04-15 21:21:06,44,19,0.4318181818181818
2026-04-15 21:22:07,46,19,0.41304347826086957
2026-04-15 21:23:08,46,19,0.41304347826086957
2026-04-15 21:24:08,46,12,0.2608695652173913
2026-04-15 21:25:09,46,22,0.4782608695652174
2026-04-15 21:26:10,45,19,0.4222222222222222
2026-04-15 21:27:11,45,15,0.3333333333333333
2026-04-15 21:28:12,46,26,0.5652173913043478
2026-04-15 21:29:12,46,18,0.391304347826087
2026-04-15 21:30:13,44,16,0.36363636363636365
2026-04-15 21:31:14,45,22,0.4888888888888889
2026-04-15 21:32:15,45,19,0.4222222222222222
2026-04-15 21:33:16,43,20,0.46511627906976744
2026-04-15 21:34:16,44,23,0.5227272727272727
2026-04-15 21:35:17,46,19,0.41304347826086957
2026-04-15 21:36:18,46,18,0.391304347826087
2026-04-15 21:37:19,46,22,0.4782608695652174
2026-04-15 21:38:20,45,17,0.37777777777777777
2026-04-15 21:39:20,45,18,0.4
2026-04-15 21:40:21,45,25,0.5555555555555556
2026-04-15 21:41:22,45,17,0.37777777777777777
2026-04-15 21:42:23,44,20,0.45454545454545453
2026-04-15 21:43:24,44,22,0.5
2026-04-15 21:44:24,42,17,0.40476190476190477
2026-04-15 21:45:25,42,21,0.5
2026-04-15 21:46:26,43,22,0.5116279069767442
2026-04-15 21:47:27,43,15,0.3488372093023256
2026-04-15 21:48:27,43,19,0.4418604651162791
2026-04-15 21:49:28,43,19,0.4418604651162791
2026-04-15 21:50:29,43,17,0.3953488372093023
2026-04-15 21:51:30,44,20,0.45454545454545453
2026-04-15 21:52:31,46,22,0.4782608695652174
2026-04-15 21:53:32,45,18,0.4
2026-04-15 21:54:32,46,20,0.43478260869565216
2026-04-15 21:55:33,45,19,0.4222222222222222
2026-04-15 21:56:34,45,16,0.35555555555555557
2026-04-15 21:57:35,44,17,0.38636363636363635
2026-04-15 21:58:36,44,22,0.5
2026-04-15 21:59:36,45,16,0.35555555555555557
2026-04-15 22:00:37,45,18,0.4
2026-04-15 22:01:38,46,23,0.5
2026-04-15 22:02:39,42,16,0.38095238095238093
2026-04-15 22:03:40,41,21,0.5121951219512195
2026-04-15 22:04:41,41,20,0.4878048780487805
2026-04-15 22:05:41,40,19,0.475
2026-04-15 22:06:42,40,20,0.5
2026-04-15 22:07:43,39,19,0.48717948717948717
2026-04-15 22:08:44,40,20,0.5
2026-04-15 22:09:45,42,20,0.47619047619047616
2026-04-15 22:10:46,43,21,0.4883720930232558
2026-04-15 22:11:46,43,19,0.4418604651162791
2026-04-15 22:12:47,44,18,0.4090909090909091
2026-04-15 22:13:48,44,22,0.5
2026-04-15 22:14:49,44,20,0.45454545454545453
2026-04-15 22:15:50,45,19,0.4222222222222222
2026-04-15 22:16:51,46,21,0.45652173913043476
2026-04-15 22:17:51,47,18,0.3829787234042553
2026-04-15 22:18:52,47,16,0.3404255319148936
2026-04-15 22:19:53,47,19,0.40425531914893614
2026-04-15 22:20:54,48,20,0.4166666666666667
2026-04-15 22:21:55,48,23,0.4791666666666667
2026-04-15 22:22:55,47,19,0.40425531914893614
2026-04-15 22:23:56,48,19,0.3958333333333333
2026-04-15 22:24:57,47,18,0.3829787234042553
2026-04-15 22:25:58,47,23,0.48936170212765956
2026-04-15 22:26:59,45,18,0.4
2026-04-15 22:27:59,46,20,0.43478260869565216
2026-04-15 22:29:00,47,21,0.44680851063829785
2026-04-15 22:30:01,47,19,0.40425531914893614
2026-04-15 22:31:02,48,18,0.375
2026-04-15 22:32:03,47,20,0.425531914893617
2026-04-15 22:33:04,47,16,0.3404255319148936
2026-04-15 22:34:05,48,19,0.3958333333333333
2026-04-15 22:35:05,48,20,0.4166666666666667
2026-04-15 22:36:06,48,19,0.3958333333333333
2026-04-15 22:37:07,48,22,0.4583333333333333
2026-04-15 22:38:08,49,20,0.40816326530612246
2026-04-15 22:39:09,48,18,0.375
2026-04-15 22:40:10,48,28,0.5833333333333334
2026-04-15 22:41:11,47,17,0.3617021276595745
2026-04-15 22:42:11,47,15,0.3191489361702128
2026-04-15 22:43:12,47,25,0.5319148936170213
2026-04-15 22:44:13,48,20,0.4166666666666667
2026-04-15 22:45:14,49,20,0.40816326530612246
2026-04-15 22:46:15,49,25,0.5102040816326531
2026-04-15 22:47:16,50,18,0.36
2026-04-15 22:48:16,50,17,0.34
2026-04-15 22:49:17,50,25,0.5
2026-04-15 22:50:18,48,18,0.375
2026-04-15 22:51:19,47,20,0.425531914893617
2026-04-15 22:52:20,50,29,0.58
2026-04-15 22:53:21,50,17,0.34
2026-04-15 22:54:21,51,20,0.39215686274509803
2026-04-15 22:55:22,50,22,0.44
2026-04-15 22:56:23,50,17,0.34
2026-04-15 22:57:24,51,25,0.49019607843137253
2026-04-15 22:58:25,51,24,0.47058823529411764
2026-04-15 22:59:26,50,19,0.38
2026-04-15 23:00:26,49,23,0.46938775510204084
2026-04-15 23:01:27,49,23,0.46938775510204084
2026-04-15 23:02:28,47,19,0.40425531914893614
2026-04-15 23:03:29,47,24,0.5106382978723404
2026-04-15 23:04:30,49,26,0.5306122448979592
2026-04-15 23:05:31,49,15,0.30612244897959184
2026-04-15 23:06:32,49,23,0.46938775510204084
2026-04-15 23:07:32,48,25,0.5208333333333334
2026-04-15 23:08:33,46,19,0.41304347826086957
2026-04-15 23:09:34,47,24,0.5106382978723404
2026-04-15 23:10:35,47,22,0.46808510638297873
2026-04-15 23:11:36,46,16,0.34782608695652173
2026-04-15 23:12:37,46,18,0.391304347826087
2026-04-15 23:13:38,46,21,0.45652173913043476
2026-04-15 23:14:38,45,19,0.4222222222222222
2026-04-15 23:15:39,45,18,0.4
2026-04-15 23:16:40,46,24,0.5217391304347826
2026-04-15 23:17:41,46,17,0.3695652173913043
2026-04-15 23:18:42,46,20,0.43478260869565216
2026-04-15 23:19:43,45,24,0.5333333333333333
2026-04-15 23:20:44,45,21,0.4666666666666667
2026-04-15 23:21:44,45,23,0.5111111111111111
2026-04-15 23:22:45,45,22,0.4888888888888889
2026-04-15 23:23:46,45,18,0.4
2026-04-15 23:24:47,47,20,0.425531914893617
2026-04-15 23:25:48,47,23,0.48936170212765956
2026-04-15 23:26:49,45,20,0.4444444444444444
2026-04-15 23:27:49,45,19,0.4222222222222222
2026-04-15 23:28:50,45,18,0.4
2026-04-15 23:29:51,45,20,0.4444444444444444
2026-04-15 23:30:52,44,19,0.4318181818181818
2026-04-15 23:31:53,44,22,0.5
2026-04-15 23:32:53,45,20,0.4444444444444444
2026-04-15 23:33:54,45,22,0.4888888888888889
2026-04-15 23:34:55,44,21,0.4772727272727273
2026-04-15 23:35:56,45,18,0.4
2026-04-15 23:36:57,46,19,0.41304347826086957
2026-04-15 23:37:58,46,21,0.45652173913043476
2026-04-15 23:38:58,47,17,0.3617021276595745
2026-04-15 23:39:59,47,19,0.40425531914893614
2026-04-15 23:41:00,47,22,0.46808510638297873
2026-04-15 23:42:01,47,19,0.40425531914893614
2026-04-15 23:43:02,46,21,0.45652173913043476
2026-04-15 23:44:03,45,18,0.4
2026-04-15 23:45:03,44,20,0.45454545454545453
2026-04-15 23:46:04,45,25,0.5555555555555556
2026-04-15 23:47:05,45,18,0.4
2026-04-15 23:48:06,44,19,0.4318181818181818
2026-04-15 23:49:07,44,21,0.4772727272727273
2026-04-15 23:50:08,44,21,0.4772727272727273
2026-04-15 23:51:08,44,21,0.4772727272727273
2026-04-15 23:52:09,45,25,0.5555555555555556
2026-04-15 23:53:10,45,19,0.4222222222222222
2026-04-15 23:54:11,44,20,0.45454545454545453
2026-04-15 23:55:12,44,23,0.5227272727272727
2026-04-15 23:56:13,44,22,0.5
2026-04-15 23:57:14,44,20,0.45454545454545453
2026-04-15 23:58:14,46,27,0.5869565217391305
2026-04-15 23:59:15,46,18,0.391304347826087
2026-04-16 00:00:16,46,21,0.45652173913043476
2026-04-16 00:01:17,46,23,0.5
2026-04-16 00:02:18,46,21,0.45652173913043476
2026-04-16 00:03:19,47,21,0.44680851063829785
2026-04-16 00:04:20,47,25,0.5319148936170213
2026-04-16 00:05:20,48,21,0.4375
2026-04-16 00:06:21,49,21,0.42857142857142855
2026-04-16 00:07:22,49,25,0.5102040816326531
2026-04-16 00:08:23,46,19,0.41304347826086957
2026-04-16 00:09:24,47,26,0.5531914893617021
2026-04-16 00:10:25,49,23,0.46938775510204084
2026-04-16 00:11:26,50,21,0.42
2026-04-16 00:12:26,51,27,0.5294117647058824
2026-04-16 00:13:27,51,24,0.47058823529411764
2026-04-16 00:14:28,50,18,0.36
2026-04-16 00:15:29,50,24,0.48
2026-04-16 00:16:30,51,21,0.4117647058823529
2026-04-16 00:17:31,51,16,0.3137254901960784
2026-04-16 00:18:31,51,22,0.43137254901960786
2026-04-16 00:19:32,51,24,0.47058823529411764
2026-04-16 00:20:33,52,22,0.4230769230769231
2026-04-16 00:21:34,52,21,0.40384615384615385
2026-04-16 00:22:35,52,24,0.46153846153846156
2026-04-16 00:23:36,50,18,0.36
2026-04-16 00:24:37,50,21,0.42
2026-04-16 00:25:37,50,25,0.5
2026-04-16 00:26:38,48,19,0.3958333333333333
2026-04-16 00:27:39,49,25,0.5102040816326531
2026-04-16 00:28:40,50,23,0.46
2026-04-16 00:29:41,51,22,0.43137254901960786
2026-04-16 00:30:42,48,19,0.3958333333333333
2026-04-16 00:31:42,47,23,0.48936170212765956
2026-04-16 00:32:43,47,23,0.48936170212765956
2026-04-16 00:33:44,48,23,0.4791666666666667
2026-04-16 00:34:45,50,23,0.46
2026-04-16 00:35:46,50,23,0.46
2026-04-16 00:36:47,51,22,0.43137254901960786
2026-04-16 00:37:48,48,22,0.4583333333333333
2026-04-16 00:38:49,47,19,0.40425531914893614
2026-04-16 00:39:49,49,26,0.5306122448979592
2026-04-16 00:40:50,49,21,0.42857142857142855
2026-04-16 00:41:51,49,23,0.46938775510204084
2026-04-16 00:42:52,48,18,0.375
2026-04-16 00:43:53,47,23,0.48936170212765956
2026-04-16 00:44:54,46,23,0.5
2026-04-16 00:45:54,47,25,0.5319148936170213
2026-04-16 00:46:55,47,23,0.48936170212765956
2026-04-16 00:47:56,47,20,0.425531914893617
2026-04-16 00:48:57,48,22,0.4583333333333333
2026-04-16 00:49:58,48,23,0.4791666666666667
2026-04-16 00:50:59,47,21,0.44680851063829785
2026-04-16 00:51:59,47,26,0.5531914893617021
2026-04-16 00:53:00,47,22,0.46808510638297873
2026-04-16 00:54:01,48,21,0.4375
2026-04-16 00:55:02,48,22,0.4583333333333333
2026-04-16 00:56:03,48,20,0.4166666666666667
2026-04-16 00:57:04,47,25,0.5319148936170213
2026-04-16 00:58:05,48,26,0.5416666666666666
2026-04-16 00:59:05,50,24,0.48
2026-04-16 01:00:06,49,19,0.3877551020408163
2026-04-16 01:01:07,49,22,0.4489795918367347
2026-04-16 01:02:08,50,20,0.4
2026-04-16 01:03:09,50,19,0.38
2026-04-16 01:04:10,50,24,0.48
2026-04-16 01:05:11,51,23,0.45098039215686275
2026-04-16 01:06:11,51,22,0.43137254901960786
2026-04-16 01:07:12,51,23,0.45098039215686275
2026-04-16 01:08:13,49,20,0.40816326530612246
2026-04-16 01:09:14,48,23,0.4791666666666667
2026-04-16 01:10:15,47,26,0.5531914893617021
2026-04-16 01:11:16,47,20,0.425531914893617
2026-04-16 01:12:17,47,21,0.44680851063829785
2026-04-16 01:13:17,47,22,0.46808510638297873
2026-04-16 01:14:18,46,21,0.45652173913043476
2026-04-16 01:15:19,46,25,0.5434782608695652
2026-04-16 01:16:20,49,31,0.6326530612244898
2026-04-16 01:17:21,48,17,0.3541666666666667
2026-04-16 01:18:22,48,25,0.5208333333333334
2026-04-16 01:19:22,49,21,0.42857142857142855
2026-04-16 01:20:23,51,21,0.4117647058823529
2026-04-16 01:21:24,51,26,0.5098039215686274
2026-04-16 01:22:25,51,24,0.47058823529411764
2026-04-16 01:23:26,51,19,0.37254901960784315
2026-04-16 01:24:27,52,26,0.5
2026-04-16 01:25:28,52,19,0.36538461538461536
2026-04-16 01:26:28,51,21,0.4117647058823529
2026-04-16 01:27:29,51,25,0.49019607843137253
2026-04-16 01:28:30,50,23,0.46
2026-04-16 01:29:31,50,20,0.4
2026-04-16 01:30:32,49,22,0.4489795918367347
2026-04-16 01:31:33,49,21,0.42857142857142855
2026-04-16 01:32:33,47,21,0.44680851063829785
2026-04-16 01:33:34,48,26,0.5416666666666666
2026-04-16 01:34:35,49,26,0.5306122448979592
2026-04-16 01:35:36,48,18,0.375
2026-04-16 01:36:37,48,21,0.4375
2026-04-16 01:37:38,48,22,0.4583333333333333
2026-04-16 01:38:39,48,20,0.4166666666666667
2026-04-16 01:39:39,49,26,0.5306122448979592
2026-04-16 01:40:40,50,26,0.52
2026-04-16 01:41:41,50,22,0.44
2026-04-16 01:42:42,50,24,0.48
2026-04-16 01:43:43,51,24,0.47058823529411764
2026-04-16 01:44:44,50,23,0.46
2026-04-16 01:45:45,49,23,0.46938775510204084
2026-04-16 01:46:45,49,22,0.4489795918367347
2026-04-16 01:47:46,49,21,0.42857142857142855
2026-04-16 01:48:47,49,22,0.4489795918367347
2026-04-16 01:49:48,49,23,0.46938775510204084
2026-04-16 01:50:49,48,21,0.4375
2026-04-16 01:51:50,49,24,0.4897959183673469
2026-04-16 01:52:51,49,21,0.42857142857142855
2026-04-16 01:53:51,48,22,0.4583333333333333
2026-04-16 01:54:52,47,21,0.44680851063829785
2026-04-16 01:55:53,47,19,0.40425531914893614
2026-04-16 01:56:54,47,18,0.3829787234042553
2026-04-16 01:57:55,48,23,0.4791666666666667
2026-04-16 01:58:56,48,19,0.3958333333333333
2026-04-16 01:59:57,45,22,0.4888888888888889
2026-04-16 02:00:57,45,20,0.4444444444444444
2026-04-16 02:01:58,45,20,0.4444444444444444
2026-04-16 02:02:59,44,21,0.4772727272727273
2026-04-16 02:04:00,45,22,0.4888888888888889
2026-04-16 02:05:01,44,17,0.38636363636363635
2026-04-16 02:06:02,44,22,0.5
2026-04-16 02:07:03,46,22,0.4782608695652174
2026-04-16 02:08:04,45,20,0.4444444444444444
2026-04-16 02:09:04,45,19,0.4222222222222222
2026-04-16 02:10:05,47,25,0.5319148936170213
2026-04-16 02:11:06,47,17,0.3617021276595745
2026-04-16 02:12:07,47,20,0.425531914893617
2026-04-16 02:13:08,46,18,0.391304347826087
2026-04-16 02:14:09,48,16,0.3333333333333333
2026-04-16 02:15:09,47,22,0.46808510638297873
2026-04-16 02:16:10,47,24,0.5106382978723404
2026-04-16 02:17:11,48,20,0.4166666666666667
2026-04-16 02:18:12,48,20,0.4166666666666667
2026-04-16 02:19:13,48,23,0.4791666666666667
2026-04-16 02:20:14,48,17,0.3541666666666667
2026-04-16 02:21:14,47,20,0.425531914893617
2026-04-16 02:22:15,48,22,0.4583333333333333
2026-04-16 02:23:16,48,16,0.3333333333333333
2026-04-16 02:24:17,48,20,0.4166666666666667
2026-04-16 02:25:18,49,24,0.4897959183673469
2026-04-16 02:26:19,49,16,0.32653061224489793
2026-04-16 02:27:19,49,20,0.40816326530612246
2026-04-16 02:28:20,49,24,0.4897959183673469
2026-04-16 02:29:21,49,16,0.32653061224489793
2026-04-16 02:30:22,49,20,0.40816326530612246
2026-04-16 02:31:23,49,20,0.40816326530612246
2026-04-16 02:32:24,48,16,0.3333333333333333
2026-04-16 02:33:25,49,22,0.4489795918367347
2026-04-16 02:34:26,49,20,0.40816326530612246
2026-04-16 02:35:26,48,17,0.3541666666666667
2026-04-16 02:36:27,48,23,0.4791666666666667
2026-04-16 02:37:28,49,21,0.42857142857142855
2026-04-16 02:38:29,49,17,0.3469387755102041
2026-04-16 02:39:30,50,27,0.54
2026-04-16 02:40:31,49,19,0.3877551020408163
2026-04-16 02:41:31,48,18,0.375
2026-04-16 02:42:32,49,20,0.40816326530612246
2026-04-16 02:43:33,48,21,0.4375
2026-04-16 02:44:34,48,17,0.3541666666666667
2026-04-16 02:45:35,48,22,0.4583333333333333
2026-04-16 02:46:36,48,23,0.4791666666666667
2026-04-16 02:47:37,47,18,0.3829787234042553
2026-04-16 02:48:38,47,21,0.44680851063829785
2026-04-16 02:49:38,47,22,0.46808510638297873
2026-04-16 02:50:39,47,16,0.3404255319148936
2026-04-16 02:51:40,47,22,0.46808510638297873
2026-04-16 02:52:41,49,22,0.4489795918367347
2026-04-16 02:53:42,48,18,0.375
2026-04-16 02:54:42,48,19,0.3958333333333333
2026-04-16 02:55:43,48,18,0.375
2026-04-16 02:56:44,48,20,0.4166666666666667
2026-04-16 02:57:45,46,16,0.34782608695652173
2026-04-16 02:58:46,45,18,0.4
2026-04-16 02:59:47,46,21,0.45652173913043476
2026-04-16 03:00:47,45,16,0.35555555555555557
2026-04-16 03:01:48,45,18,0.4
2026-04-16 03:02:49,45,18,0.4
2026-04-16 03:03:50,45,23,0.5111111111111111
2026-04-16 03:04:51,44,18,0.4090909090909091
2026-04-16 03:05:52,44,18,0.4090909090909091
2026-04-16 03:06:52,44,17,0.38636363636363635
2026-04-16 03:07:53,44,19,0.4318181818181818
2026-04-16 03:08:54,45,21,0.4666666666666667
2026-04-16 03:09:55,45,20,0.4444444444444444
2026-04-16 03:10:56,45,18,0.4
2026-04-16 03:11:56,45,20,0.4444444444444444
2026-04-16 03:12:57,45,19,0.4222222222222222
2026-04-16 03:13:58,44,19,0.4318181818181818
2026-04-16 03:14:59,44,20,0.45454545454545453
2026-04-16 03:16:00,44,22,0.5
2026-04-16 03:17:01,44,17,0.38636363636363635
2026-04-16 03:18:01,44,20,0.45454545454545453
2026-04-16 03:19:02,44,21,0.4772727272727273
2026-04-16 03:20:03,45,18,0.4
2026-04-16 03:21:04,45,19,0.4222222222222222
2026-04-16 03:22:05,46,23,0.5
2026-04-16 03:23:06,45,18,0.4
2026-04-16 03:24:07,45,17,0.37777777777777777
2026-04-16 03:25:07,45,22,0.4888888888888889
2026-04-16 03:26:08,45,17,0.37777777777777777
2026-04-16 03:27:09,45,17,0.37777777777777777
2026-04-16 03:28:10,45,21,0.4666666666666667
2026-04-16 03:29:11,45,19,0.4222222222222222
2026-04-16 03:30:11,44,20,0.45454545454545453
2026-04-16 03:31:12,43,21,0.4883720930232558
2026-04-16 03:32:13,42,16,0.38095238095238093
2026-04-16 03:33:14,41,18,0.43902439024390244
2026-04-16 03:34:15,41,21,0.5121951219512195
2026-04-16 03:35:15,41,16,0.3902439024390244
2026-04-16 03:36:16,40,19,0.475
2026-04-16 03:37:17,41,18,0.43902439024390244
2026-04-16 03:38:18,41,16,0.3902439024390244
2026-04-16 03:39:19,41,18,0.43902439024390244
2026-04-16 03:40:19,42,21,0.5
2026-04-16 03:41:20,44,16,0.36363636363636365
2026-04-16 03:42:21,43,17,0.3953488372093023
2026-04-16 03:43:22,44,21,0.4772727272727273
2026-04-16 03:44:23,44,16,0.36363636363636365
2026-04-16 03:45:24,45,21,0.4666666666666667
2026-04-16 03:46:24,45,22,0.4888888888888889
2026-04-16 03:47:25,45,15,0.3333333333333333
2026-04-16 03:48:26,47,24,0.5106382978723404
2026-04-16 03:49:27,48,21,0.4375
2026-04-16 03:50:28,50,19,0.38
2026-04-16 03:51:29,50,22,0.44
2026-04-16 03:52:30,50,22,0.44
2026-04-16 03:53:30,50,19,0.38
2026-04-16 03:54:31,50,22,0.44
2026-04-16 03:55:32,50,21,0.42
2026-04-16 03:56:33,51,17,0.3333333333333333
2026-04-16 03:57:34,51,18,0.35294117647058826
2026-04-16 03:58:35,51,23,0.45098039215686275
2026-04-16 03:59:36,49,19,0.3877551020408163
2026-04-16 04:00:36,47,19,0.40425531914893614
2026-04-16 04:01:37,46,20,0.43478260869565216
2026-04-16 04:02:38,46,20,0.43478260869565216
2026-04-16 04:03:39,43,21,0.4883720930232558
2026-04-16 04:04:40,44,19,0.4318181818181818
2026-04-16 04:05:41,44,22,0.5
2026-04-16 04:06:42,45,21,0.4666666666666667
2026-04-16 04:07:42,45,22,0.4888888888888889
2026-04-16 04:08:43,46,23,0.5
2026-04-16 04:09:44,45,22,0.4888888888888889
2026-04-16 04:10:45,46,21,0.45652173913043476
2026-04-16 04:11:46,47,20,0.425531914893617
2026-04-16 04:12:47,47,21,0.44680851063829785
2026-04-16 04:13:47,47,23,0.48936170212765956
2026-04-16 04:14:48,48,20,0.4166666666666667
2026-04-16 04:15:49,48,23,0.4791666666666667
2026-04-16 04:16:50,48,20,0.4166666666666667
2026-04-16 04:17:51,47,18,0.3829787234042553
2026-04-16 04:18:52,49,20,0.40816326530612246
2026-04-16 04:19:52,50,23,0.46
2026-04-16 04:20:53,49,19,0.3877551020408163
2026-04-16 04:21:54,48,21,0.4375
2026-04-16 04:22:55,48,21,0.4375
2026-04-16 04:23:56,47,21,0.44680851063829785
2026-04-16 04:24:57,47,21,0.44680851063829785
2026-04-16 04:25:58,46,19,0.41304347826086957
2026-04-16 04:26:58,45,22,0.4888888888888889
2026-04-16 04:27:59,45,20,0.4444444444444444
2026-04-16 04:29:00,45,21,0.4666666666666667
2026-04-16 04:30:01,45,20,0.4444444444444444
2026-04-16 04:31:02,44,23,0.5227272727272727
2026-04-16 04:32:03,46,20,0.43478260869565216
2026-04-16 04:33:04,44,21,0.4772727272727273
2026-04-16 04:34:04,46,28,0.6086956521739131
2026-04-16 04:35:05,47,18,0.3829787234042553
2026-04-16 04:36:06,49,23,0.46938775510204084
2026-04-16 04:37:07,49,25,0.5102040816326531
2026-04-16 04:38:08,50,21,0.42
2026-04-16 04:39:09,49,21,0.42857142857142855
2026-04-16 04:40:09,50,28,0.56
2026-04-16 04:41:10,50,20,0.4
2026-04-16 04:42:11,50,22,0.44
2026-04-16 04:43:12,50,22,0.44
2026-04-16 04:44:13,50,22,0.44
2026-04-16 04:45:14,52,24,0.46153846153846156
2026-04-16 04:46:15,51,22,0.43137254901960786
2026-04-16 04:47:15,51,19,0.37254901960784315
2026-04-16 04:48:16,50,22,0.44
2026-04-16 04:49:17,50,21,0.42
2026-04-16 04:50:18,48,20,0.4166666666666667
2026-04-16 04:51:19,48,23,0.4791666666666667
2026-04-16 04:52:20,50,28,0.56
2026-04-16 04:53:21,51,20,0.39215686274509803
2026-04-16 04:54:21,51,23,0.45098039215686275
2026-04-16 04:55:22,50,22,0.44
2026-04-16 04:56:23,50,20,0.4
2026-04-16 04:57:24,50,26,0.52
2026-04-16 04:58:25,51,23,0.45098039215686275
2026-04-16 04:59:26,50,19,0.38
2026-04-16 05:00:27,49,27,0.5510204081632653
2026-04-16 05:01:28,48,19,0.3958333333333333
2026-04-16 05:02:28,48,21,0.4375
2026-04-16 05:03:29,50,30,0.6
2026-04-16 05:04:30,50,23,0.46
2026-04-16 05:05:31,51,23,0.45098039215686275
2026-04-16 05:06:32,51,24,0.47058823529411764
2026-04-16 05:07:33,51,25,0.49019607843137253
2026-04-16 05:08:34,51,24,0.47058823529411764
2026-04-16 05:09:34,52,29,0.5576923076923077
2026-04-16 05:10:35,52,25,0.4807692307692308
2026-04-16 05:11:36,52,26,0.5
2026-04-16 05:12:37,52,29,0.5576923076923077
2026-04-16 05:13:38,52,28,0.5384615384615384
2026-04-16 05:14:39,52,25,0.4807692307692308
2026-04-16 05:15:40,53,26,0.49056603773584906
2026-04-16 05:16:41,52,24,0.46153846153846156
2026-04-16 05:17:42,52,22,0.4230769230769231
2026-04-16 05:18:43,53,22,0.41509433962264153
2026-04-16 05:19:43,54,25,0.46296296296296297
2026-04-16 05:20:44,54,23,0.42592592592592593
2026-04-16 05:21:45,54,25,0.46296296296296297
2026-04-16 05:22:46,55,23,0.41818181818181815
2026-04-16 05:23:47,55,24,0.43636363636363634
2026-04-16 05:24:48,54,24,0.4444444444444444
2026-04-16 05:25:49,54,25,0.46296296296296297
2026-04-16 05:26:50,56,25,0.44642857142857145
2026-04-16 05:27:51,56,24,0.42857142857142855
2026-04-16 05:28:51,56,21,0.375
2026-04-16 05:29:52,55,21,0.38181818181818183
2026-04-16 05:30:53,53,23,0.4339622641509434
2026-04-16 05:31:54,53,25,0.4716981132075472
2026-04-16 05:32:55,51,23,0.45098039215686275
2026-04-16 05:33:56,51,25,0.49019607843137253
2026-04-16 05:34:56,51,19,0.37254901960784315
2026-04-16 05:35:57,50,22,0.44
2026-04-16 05:36:58,50,24,0.48
2026-04-16 05:37:59,50,23,0.46
2026-04-16 05:39:00,50,24,0.48
2026-04-16 05:40:01,50,25,0.5
2026-04-16 05:41:02,50,20,0.4
2026-04-16 05:42:03,49,25,0.5102040816326531
2026-04-16 05:43:04,49,25,0.5102040816326531
2026-04-16 05:44:04,49,19,0.3877551020408163
2026-04-16 05:45:05,49,20,0.40816326530612246
2026-04-16 05:46:06,49,23,0.46938775510204084
2026-04-16 05:47:07,48,21,0.4375
2026-04-16 05:48:08,48,18,0.375
2026-04-16 05:49:09,48,24,0.5
2026-04-16 05:50:10,49,21,0.42857142857142855
2026-04-16 05:51:11,49,22,0.4489795918367347
2026-04-16 05:52:12,52,29,0.5576923076923077
2026-04-16 05:53:12,52,25,0.4807692307692308
2026-04-16 05:54:13,53,27,0.5094339622641509
2026-04-16 05:55:14,53,25,0.4716981132075472
2026-04-16 05:56:15,54,23,0.42592592592592593
2026-04-16 05:57:16,55,24,0.43636363636363634
2026-04-16 05:58:17,54,26,0.48148148148148145
2026-04-16 05:59:18,53,21,0.39622641509433965
2026-04-16 06:00:19,53,17,0.32075471698113206
2026-04-16 06:01:19,53,22,0.41509433962264153
2026-04-16 06:02:20,52,19,0.36538461538461536
2026-04-16 06:03:21,51,28,0.5490196078431373
2026-04-16 06:04:22,52,28,0.5384615384615384
2026-04-16 06:05:23,52,19,0.36538461538461536
2026-04-16 06:06:24,51,27,0.5294117647058824
2026-04-16 06:07:25,51,24,0.47058823529411764
2026-04-16 06:08:26,50,23,0.46
2026-04-16 06:09:26,51,30,0.5882352941176471
2026-04-16 06:10:27,53,27,0.5094339622641509
2026-04-16 06:11:28,53,22,0.41509433962264153
2026-04-16 06:12:29,53,31,0.5849056603773585
2026-04-16 06:13:30,53,25,0.4716981132075472
2026-04-16 06:14:31,52,20,0.38461538461538464
2026-04-16 06:15:32,52,28,0.5384615384615384
2026-04-16 06:16:33,53,26,0.49056603773584906
2026-04-16 06:17:34,53,23,0.4339622641509434
2026-04-16 06:18:35,53,26,0.49056603773584906
2026-04-16 06:19:35,52,27,0.5192307692307693
2026-04-16 06:20:36,52,26,0.5
2026-04-16 06:21:37,52,27,0.5192307692307693
2026-04-16 06:22:38,51,25,0.49019607843137253
2026-04-16 06:23:39,51,21,0.4117647058823529
2026-04-16 06:24:40,51,27,0.5294117647058824
2026-04-16 06:25:41,51,26,0.5098039215686274
2026-04-16 06:26:42,50,21,0.42
2026-04-16 06:27:42,50,27,0.54
2026-04-16 06:28:43,50,25,0.5
2026-04-16 06:29:44,52,27,0.5192307692307693
2026-04-16 06:30:45,54,26,0.48148148148148145
2026-04-16 06:31:46,54,23,0.42592592592592593
2026-04-16 06:32:47,54,28,0.5185185185185185
2026-04-16 06:33:48,54,24,0.4444444444444444
2026-04-16 06:34:49,55,24,0.43636363636363634
2026-04-16 06:35:50,53,27,0.5094339622641509
2026-04-16 06:36:50,53,22,0.41509433962264153
2026-04-16 06:37:51,53,24,0.4528301886792453
2026-04-16 06:38:52,51,25,0.49019607843137253
2026-04-16 06:39:53,52,28,0.5384615384615384
2026-04-16 06:40:54,50,20,0.4
2026-04-16 06:41:55,51,23,0.45098039215686275
2026-04-16 06:42:56,52,25,0.4807692307692308
2026-04-16 06:43:57,52,20,0.38461538461538464
2026-04-16 06:44:57,53,21,0.39622641509433965
2026-04-16 06:45:58,54,28,0.5185185185185185
2026-04-16 06:46:59,55,22,0.4
2026-04-16 06:48:00,54,24,0.4444444444444444
2026-04-16 06:49:01,55,24,0.43636363636363634
2026-04-16 06:50:02,54,21,0.3888888888888889
2026-04-16 06:51:03,53,23,0.4339622641509434
2026-04-16 06:52:04,54,32,0.5925925925925926
2026-04-16 06:53:04,53,19,0.3584905660377358
2026-04-16 06:54:05,53,23,0.4339622641509434
2026-04-16 06:55:06,53,24,0.4528301886792453
2026-04-16 06:56:07,53,22,0.41509433962264153
2026-04-16 06:57:08,53,23,0.4339622641509434
2026-04-16 06:58:09,55,28,0.509090909090909
2026-04-16 06:59:10,53,20,0.37735849056603776
2026-04-16 07:00:11,53,23,0.4339622641509434
2026-04-16 07:01:12,52,24,0.46153846153846156
2026-04-16 07:02:12,52,21,0.40384615384615385
2026-04-16 07:03:13,51,22,0.43137254901960786
2026-04-16 07:04:14,51,27,0.5294117647058824
2026-04-16 07:05:15,50,18,0.36
2026-04-16 07:06:16,50,21,0.42
2026-04-16 07:07:17,50,26,0.52
2026-04-16 07:08:18,50,20,0.4
2026-04-16 07:09:19,52,25,0.4807692307692308
2026-04-16 07:10:20,53,28,0.5283018867924528
2026-04-16 07:11:20,53,21,0.39622641509433965
2026-04-16 07:12:21,53,27,0.5094339622641509
2026-04-16 07:13:22,53,25,0.4716981132075472
2026-04-16 07:14:23,53,20,0.37735849056603776
2026-04-16 07:15:24,53,26,0.49056603773584906
2026-04-16 07:16:25,55,24,0.43636363636363634
2026-04-16 07:17:26,54,18,0.3333333333333333
2026-04-16 07:18:27,52,24,0.46153846153846156
2026-04-16 07:19:27,51,19,0.37254901960784315
2026-04-16 07:20:28,50,20,0.4
2026-04-16 07:21:29,52,28,0.5384615384615384
2026-04-16 07:22:30,51,24,0.47058823529411764
2026-04-16 07:23:31,50,17,0.34
2026-04-16 07:24:32,50,24,0.48
2026-04-16 07:25:33,49,22,0.4489795918367347
2026-04-16 07:26:34,47,19,0.40425531914893614
2026-04-16 07:27:34,47,22,0.46808510638297873
2026-04-16 07:28:35,48,24,0.5
2026-04-16 07:29:36,49,22,0.4489795918367347
2026-04-16 07:30:37,50,21,0.42
2026-04-16 07:31:38,50,25,0.5
2026-04-16 07:32:39,50,22,0.44
2026-04-16 07:33:40,49,22,0.4489795918367347
2026-04-16 07:34:41,48,24,0.5
2026-04-16 07:35:41,48,24,0.5
2026-04-16 07:36:42,50,24,0.48
2026-04-16 07:37:43,51,27,0.5294117647058824
2026-04-16 07:38:44,50,22,0.44
2026-04-16 07:39:45,51,28,0.5490196078431373
2026-04-16 07:40:46,51,26,0.5098039215686274
2026-04-16 07:41:47,50,26,0.52
2026-04-16 07:42:48,50,23,0.46
2026-04-16 07:43:49,50,23,0.46
2026-04-16 07:44:49,49,21,0.42857142857142855
2026-04-16 07:45:50,49,23,0.46938775510204084
2026-04-16 07:46:51,50,24,0.48
2026-04-16 07:47:52,50,24,0.48
2026-04-16 07:48:53,51,27,0.5294117647058824
2026-04-16 07:49:54,50,24,0.48
2026-04-16 07:50:55,50,23,0.46
2026-04-16 07:51:55,53,29,0.5471698113207547
2026-04-16 07:52:57,53,25,0.4716981132075472
2026-04-16 07:53:58,54,25,0.46296296296296297
2026-04-16 07:54:58,54,26,0.48148148148148145
2026-04-16 07:55:59,54,24,0.4444444444444444
2026-04-16 07:57:00,55,25,0.45454545454545453
2026-04-16 07:58:01,55,29,0.5272727272727272
2026-04-16 07:59:02,54,23,0.42592592592592593
2026-04-16 08:00:03,54,27,0.5
2026-04-16 08:01:04,53,28,0.5283018867924528
2026-04-16 08:02:05,53,21,0.39622641509433965
2026-04-16 08:03:06,52,22,0.4230769230769231
2026-04-16 08:04:07,51,28,0.5490196078431373
2026-04-16 08:05:08,51,22,0.43137254901960786
2026-04-16 08:06:09,51,23,0.45098039215686275
2026-04-16 08:07:10,50,28,0.56
2026-04-16 08:08:10,49,22,0.4489795918367347
2026-04-16 08:09:11,49,22,0.4489795918367347
2026-04-16 08:10:12,49,29,0.5918367346938775
2026-04-16 08:11:13,49,23,0.46938775510204084
2026-04-16 08:12:14,48,20,0.4166666666666667
2026-04-16 08:13:15,48,28,0.5833333333333334
2026-04-16 08:14:16,48,20,0.4166666666666667
2026-04-16 08:15:17,48,24,0.5
2026-04-16 08:16:17,48,26,0.5416666666666666
2026-04-16 08:17:18,48,22,0.4583333333333333
2026-04-16 08:18:19,48,24,0.5
2026-04-16 08:19:20,48,26,0.5416666666666666
2026-04-16 08:20:21,48,21,0.4375
2026-04-16 08:21:22,48,26,0.5416666666666666
2026-04-16 08:22:23,48,25,0.5208333333333334
2026-04-16 08:23:23,49,21,0.42857142857142855
2026-04-16 08:24:24,49,25,0.5102040816326531
2026-04-16 08:25:25,49,24,0.4897959183673469
2026-04-16 08:26:26,49,20,0.40816326530612246
2026-04-16 08:28:06,50,36,0.72
2026-04-16 08:29:07,50,21,0.42
2026-04-16 08:30:07,50,23,0.46
2026-04-16 08:31:08,50,28,0.56
2026-04-16 08:32:09,49,25,0.5102040816326531
2026-04-16 08:33:10,50,26,0.52
2026-04-16 08:34:11,50,31,0.62
2026-04-16 08:35:12,50,23,0.46
2026-04-16 08:36:12,50,26,0.52
2026-04-16 08:37:13,50,29,0.58
2026-04-16 08:38:14,50,23,0.46
2026-04-16 08:39:15,50,25,0.5
2026-04-16 08:40:16,51,31,0.6078431372549019
2026-04-16 08:41:17,51,23,0.45098039215686275
2026-04-16 08:42:17,51,26,0.5098039215686274
2026-04-16 08:43:18,51,27,0.5294117647058824
2026-04-16 08:44:19,51,22,0.43137254901960786
2026-04-16 08:45:20,51,25,0.49019607843137253
2026-04-16 08:46:21,51,29,0.5686274509803921
2026-04-16 08:47:22,52,25,0.4807692307692308
2026-04-16 08:48:23,52,24,0.46153846153846156
2026-04-16 08:49:24,52,25,0.4807692307692308
2026-04-16 08:50:24,51,21,0.4117647058823529
2026-04-16 08:51:25,51,27,0.5294117647058824
2026-04-16 08:52:26,50,27,0.54
2026-04-16 08:53:27,50,23,0.46
2026-04-16 08:54:28,50,28,0.56
2026-04-16 08:55:29,50,26,0.52
2026-04-16 08:56:30,50,23,0.46
2026-04-16 08:57:31,50,29,0.58
2026-04-16 08:58:32,50,29,0.58
2026-04-16 08:59:33,50,23,0.46
2026-04-16 09:00:33,51,30,0.5882352941176471
2026-04-16 09:01:34,50,28,0.56
2026-04-16 09:02:35,50,26,0.52
2026-04-16 09:03:36,49,29,0.5918367346938775
2026-04-16 09:04:37,50,27,0.54
2026-04-16 09:05:38,50,26,0.52
2026-04-16 09:06:38,51,32,0.6274509803921569
2026-04-16 09:07:39,51,28,0.5490196078431373
2026-04-16 09:08:40,51,26,0.5098039215686274
2026-04-16 09:09:41,51,28,0.5490196078431373
2026-04-16 09:10:42,51,28,0.5490196078431373
2026-04-16 09:11:43,52,29,0.5576923076923077
2026-04-16 09:12:44,52,26,0.5
2026-04-16 09:13:44,52,26,0.5
2026-04-16 09:14:45,51,25,0.49019607843137253
2026-04-16 09:15:46,52,25,0.4807692307692308
2026-04-16 09:16:47,51,27,0.5294117647058824
2026-04-16 09:17:48,51,30,0.5882352941176471
2026-04-16 09:18:49,52,29,0.5576923076923077
2026-04-16 09:19:50,52,28,0.5384615384615384
2026-04-16 09:20:51,51,25,0.49019607843137253
2026-04-16 09:21:51,53,30,0.5660377358490566
2026-04-16 09:22:52,54,26,0.48148148148148145
2026-04-16 09:23:53,54,27,0.5
2026-04-16 09:24:54,54,23,0.42592592592592593
2026-04-16 09:25:55,54,26,0.48148148148148145
2026-04-16 09:26:56,53,26,0.49056603773584906
2026-04-16 09:27:56,54,30,0.5555555555555556
2026-04-16 09:28:57,55,24,0.43636363636363634
2026-04-16 09:29:58,55,26,0.4727272727272727
2026-04-16 09:30:59,55,25,0.45454545454545453
2026-04-16 09:32:00,55,26,0.4727272727272727
2026-04-16 09:33:01,55,27,0.4909090909090909
2026-04-16 09:34:02,53,28,0.5283018867924528
2026-04-16 09:35:03,52,25,0.4807692307692308
2026-04-16 09:36:04,53,26,0.49056603773584906
2026-04-16 09:37:05,52,27,0.5192307692307693
2026-04-16 09:38:05,51,25,0.49019607843137253
2026-04-16 09:39:06,51,23,0.45098039215686275
2026-04-16 09:40:07,51,30,0.5882352941176471
2026-04-16 09:41:08,51,25,0.49019607843137253
2026-04-16 09:42:09,51,25,0.49019607843137253
2026-04-16 09:43:10,52,28,0.5384615384615384
2026-04-16 09:44:11,53,23,0.4339622641509434
2026-04-16 09:45:12,53,24,0.4528301886792453
2026-04-16 09:46:13,53,32,0.6037735849056604
2026-04-16 09:47:13,52,25,0.4807692307692308
2026-04-16 09:48:14,52,20,0.38461538461538464
2026-04-16 09:49:15,52,26,0.5
2026-04-16 09:50:16,52,26,0.5
2026-04-16 09:51:17,51,25,0.49019607843137253
2026-04-16 09:52:18,51,30,0.5882352941176471
2026-04-16 09:53:19,50,23,0.46
2026-04-16 09:54:20,49,23,0.46938775510204084
2026-04-16 09:55:20,49,27,0.5510204081632653
2026-04-16 09:56:21,49,20,0.40816326530612246
2026-04-16 09:57:22,51,24,0.47058823529411764
2026-04-16 09:58:23,51,28,0.5490196078431373
2026-04-16 09:59:24,51,22,0.43137254901960786
2026-04-16 10:00:25,50,27,0.54
2026-04-16 10:01:26,49,24,0.4897959183673469
2026-04-16 10:02:27,49,24,0.4897959183673469
2026-04-16 10:03:27,49,25,0.5102040816326531
2026-04-16 10:04:28,50,27,0.54
2026-04-16 10:05:29,50,26,0.52
2026-04-16 10:06:30,50,26,0.52
2026-04-16 10:07:31,50,29,0.58
2026-04-16 10:08:32,50,24,0.48
2026-04-16 10:09:33,49,29,0.5918367346938775
2026-04-16 10:10:34,49,28,0.5714285714285714
2026-04-16 10:11:35,49,23,0.46938775510204084
2026-04-16 10:12:36,49,24,0.4897959183673469
2026-04-16 10:13:37,50,27,0.54
2026-04-16 10:14:38,49,25,0.5102040816326531
2026-04-16 10:15:39,50,28,0.56
2026-04-16 10:16:40,51,29,0.5686274509803921
2026-04-16 10:17:40,50,25,0.5
2026-04-16 10:18:41,50,27,0.54
2026-04-16 10:19:42,50,29,0.58
2026-04-16 10:20:43,49,24,0.4897959183673469
2026-04-16 10:21:44,49,24,0.4897959183673469
2026-04-16 10:22:45,49,25,0.5102040816326531
2026-04-16 10:23:46,50,25,0.5
2026-04-16 10:24:47,50,22,0.44
2026-04-16 10:25:48,50,27,0.54
2026-04-16 10:26:49,49,28,0.5714285714285714
2026-04-16 10:27:49,49,28,0.5714285714285714
2026-04-16 10:28:50,49,26,0.5306122448979592
2026-04-16 10:29:51,49,27,0.5510204081632653
2026-04-16 10:30:52,48,26,0.5416666666666666
2026-04-16 10:31:53,48,25,0.5208333333333334
2026-04-16 10:32:54,48,26,0.5416666666666666
2026-04-16 10:33:55,49,30,0.6122448979591837
2026-04-16 10:34:56,49,24,0.4897959183673469
2026-04-16 10:35:56,49,23,0.46938775510204084
2026-04-16 10:36:57,49,25,0.5102040816326531
2026-04-16 10:37:58,50,26,0.52
2026-04-16 10:38:59,50,23,0.46
2026-04-16 10:40:00,50,29,0.58
2026-04-16 10:41:01,50,24,0.48
2026-04-16 10:42:02,50,27,0.54
2026-04-16 10:43:03,50,29,0.58
2026-04-16 10:44:04,50,24,0.48
2026-04-16 10:45:05,50,27,0.54
2026-04-16 10:46:06,50,30,0.6
2026-04-16 10:47:07,50,23,0.46
2026-04-16 10:48:07,51,25,0.49019607843137253
2026-04-16 10:49:08,50,30,0.6
2026-04-16 10:50:09,51,26,0.5098039215686274
2026-04-16 10:51:10,51,26,0.5098039215686274
2026-04-16 10:52:11,51,32,0.6274509803921569
2026-04-16 10:53:12,51,21,0.4117647058823529
2026-04-16 10:54:13,51,25,0.49019607843137253
2026-04-16 10:55:14,51,27,0.5294117647058824
2026-04-16 10:56:15,51,24,0.47058823529411764
2026-04-16 10:57:16,51,26,0.5098039215686274
2026-04-16 10:58:17,51,32,0.6274509803921569
2026-04-16 10:59:18,51,23,0.45098039215686275
2026-04-16 11:00:19,51,28,0.5490196078431373
2026-04-16 11:01:20,50,30,0.6
2026-04-16 11:02:21,50,24,0.48
2026-04-16 11:03:22,51,32,0.6274509803921569
2026-04-16 11:04:23,51,31,0.6078431372549019
2026-04-16 11:05:24,51,26,0.5098039215686274
2026-04-16 11:06:25,50,26,0.52
2026-04-16 11:07:25,51,28,0.5490196078431373
2026-04-16 11:08:26,51,23,0.45098039215686275
2026-04-16 11:09:28,51,29,0.5686274509803921
2026-04-16 11:10:28,51,27,0.5294117647058824
2026-04-16 11:11:29,51,23,0.45098039215686275
2026-04-16 11:12:30,51,27,0.5294117647058824
2026-04-16 11:13:31,50,25,0.5
2026-04-16 11:14:32,50,22,0.44
2026-04-16 11:15:33,50,29,0.58
2026-04-16 11:16:34,50,27,0.54
2026-04-16 11:17:35,49,24,0.4897959183673469
2026-04-16 11:18:36,49,26,0.5306122448979592
2026-04-16 11:19:37,48,26,0.5416666666666666
2026-04-16 11:20:38,48,25,0.5208333333333334
2026-04-16 11:21:39,49,26,0.5306122448979592
2026-04-16 11:22:40,49,25,0.5102040816326531
2026-04-16 11:23:40,50,26,0.52
2026-04-16 11:24:41,50,26,0.52
2026-04-16 11:25:42,50,23,0.46
2026-04-16 11:26:43,50,23,0.46
2026-04-16 11:27:44,50,29,0.58
2026-04-16 11:28:45,50,25,0.5
2026-04-16 11:29:46,51,27,0.5294117647058824
2026-04-16 11:30:47,50,25,0.5
2026-04-16 11:31:48,49,26,0.5306122448979592
2026-04-16 11:32:49,49,28,0.5714285714285714
2026-04-16 11:33:50,50,29,0.58
2026-04-16 11:34:50,50,25,0.5
2026-04-16 11:35:51,51,30,0.5882352941176471
2026-04-16 11:36:52,51,26,0.5098039215686274
2026-04-16 11:37:53,51,25,0.49019607843137253
2026-04-16 11:38:54,51,28,0.5490196078431373
2026-04-16 11:39:55,52,25,0.4807692307692308
2026-04-16 11:40:56,52,21,0.40384615384615385
2026-04-16 11:41:57,52,25,0.4807692307692308
2026-04-16 11:42:58,53,27,0.5094339622641509
2026-04-16 11:43:59,53,26,0.49056603773584906
2026-04-16 11:45:00,52,26,0.5
2026-04-16 11:46:00,52,27,0.5192307692307693
2026-04-16 11:47:01,52,22,0.4230769230769231
2026-04-16 11:48:02,52,26,0.5
2026-04-16 11:49:03,52,26,0.5
2026-04-16 11:50:04,51,24,0.47058823529411764
2026-04-16 11:51:05,51,31,0.6078431372549019
2026-04-16 11:52:06,51,27,0.5294117647058824
2026-04-16 11:53:07,52,25,0.4807692307692308
2026-04-16 11:54:08,51,29,0.5686274509803921
2026-04-16 11:55:09,51,30,0.5882352941176471
2026-04-16 11:56:10,51,27,0.5294117647058824
2026-04-16 11:57:11,52,29,0.5576923076923077
2026-04-16 11:58:12,52,33,0.6346153846153846
2026-04-16 11:59:12,52,23,0.4423076923076923
2026-04-16 12:00:13,52,28,0.5384615384615384
2026-04-16 12:01:14,52,31,0.5961538461538461
2026-04-16 12:02:15,52,24,0.46153846153846156
2026-04-16 12:03:16,53,28,0.5283018867924528
2026-04-16 12:04:17,52,29,0.5576923076923077
2026-04-16 12:05:18,52,25,0.4807692307692308
2026-04-16 12:06:19,52,30,0.5769230769230769
2026-04-16 12:07:20,51,29,0.5686274509803921
2026-04-16 12:08:21,52,25,0.4807692307692308
2026-04-16 12:09:22,53,28,0.5283018867924528
2026-04-16 12:10:23,53,29,0.5471698113207547
2026-04-16 12:11:24,52,23,0.4423076923076923
2026-04-16 12:12:25,52,32,0.6153846153846154
2026-04-16 12:13:26,52,26,0.5
2026-04-16 12:14:27,52,24,0.46153846153846156
2026-04-16 12:15:28,52,31,0.5961538461538461
2026-04-16 12:16:29,53,27,0.5094339622641509
2026-04-16 12:17:30,56,27,0.48214285714285715
2026-04-16 12:18:30,54,32,0.5925925925925926
2026-04-16 12:19:31,54,29,0.5370370370370371
2026-04-16 12:20:32,54,26,0.48148148148148145
2026-04-16 12:21:33,55,30,0.5454545454545454
2026-04-16 12:22:34,54,25,0.46296296296296297
2026-04-16 12:23:35,53,26,0.49056603773584906
2026-04-16 12:24:36,53,35,0.660377358490566
2026-04-16 12:25:37,54,27,0.5
2026-04-16 12:26:38,55,31,0.5636363636363636
2026-04-16 12:27:39,54,33,0.6111111111111112
2026-04-16 12:28:40,54,27,0.5
2026-04-16 12:29:40,55,31,0.5636363636363636
2026-04-16 12:30:41,55,30,0.5454545454545454
2026-04-16 12:31:42,55,28,0.509090909090909
2026-04-16 12:32:43,55,28,0.509090909090909
2026-04-16 12:33:44,55,31,0.5636363636363636
2026-04-16 12:34:45,55,26,0.4727272727272727
2026-04-16 12:35:46,54,26,0.48148148148148145
2026-04-16 12:36:47,53,27,0.5094339622641509
2026-04-16 12:37:48,54,26,0.48148148148148145
2026-04-16 12:38:49,55,31,0.5636363636363636
2026-04-16 12:39:50,56,28,0.5
2026-04-16 12:40:51,55,24,0.43636363636363634
2026-04-16 12:41:52,55,27,0.4909090909090909
2026-04-16 12:42:53,56,28,0.5
2026-04-16 12:43:53,56,28,0.5
