recorded_at,n_mmsi
2026-04-12 09:27:48,189
2026-04-12 09:31:55,187
2026-04-12 09:28:50,186
2026-04-12 09:29:52,186
2026-04-12 08:59:05,186
2026-04-12 08:58:04,186
2026-04-12 08:03:42,185
2026-04-12 09:26:47,185
2026-04-12 09:32:56,185
2026-04-12 08:56:00,185
2026-04-12 08:54:59,185
2026-04-12 08:53:57,185
2026-04-12 07:55:30,184
2026-04-12 07:54:28,184
2026-04-12 08:41:38,184
2026-04-12 08:51:54,184
2026-04-12 08:40:37,184
2026-04-12 08:39:35,184
2026-04-12 08:57:02,184
2026-04-12 08:52:56,184
2026-04-12 08:46:46,184
2026-04-12 09:30:53,183
2026-04-12 08:34:28,183
2026-04-12 08:02:40,183
2026-04-12 09:24:44,183
2026-04-12 08:44:43,183
2026-04-12 09:25:45,183
2026-04-12 07:56:31,183
2026-04-12 08:49:51,182
2026-04-12 08:43:42,182
2026-04-12 09:00:07,182
2026-04-12 08:32:25,182
2026-04-12 08:35:29,182
2026-04-12 08:04:43,182
2026-04-12 08:33:26,182
2026-04-12 08:48:49,182
2026-04-12 08:47:48,182
2026-04-12 08:45:45,182
2026-04-12 09:33:58,182
2026-04-12 09:23:42,182
2026-04-12 09:01:08,181
2026-04-12 07:57:33,181
2026-04-12 07:48:19,181
2026-04-12 07:47:18,181
2026-04-12 08:37:32,181
2026-04-12 08:38:34,181
2026-04-12 08:36:31,181
2026-04-12 09:21:39,181
2026-04-12 08:00:37,181
2026-04-12 08:50:53,181
2026-04-12 08:42:40,181
2026-04-12 07:58:34,181
2026-04-12 09:18:34,180
2026-04-12 08:31:23,180
2026-04-12 08:01:39,180
2026-04-12 07:36:01,180
2026-04-12 07:35:00,180
2026-04-12 07:59:36,180
2026-04-12 09:20:38,179
2026-04-12 09:17:33,179
2026-04-12 09:22:41,179
2026-04-12 07:37:03,179
2026-04-12 07:46:16,179
2026-04-12 07:45:15,179
2026-04-12 08:05:45,179
2026-04-12 09:19:36,179
2026-04-12 07:33:58,179
2026-04-12 07:30:54,178
2026-04-12 09:02:10,178
2026-04-12 08:25:14,178
2026-04-12 07:43:12,178
2026-04-12 07:53:27,178
2026-04-12 07:44:13,178
2026-04-12 08:28:18,178
2026-04-12 09:16:31,178
2026-04-12 07:31:55,178
2026-04-12 07:40:07,178
2026-04-12 09:14:28,178
2026-04-12 08:30:22,178
2026-04-12 08:29:20,178
2026-04-12 07:38:04,178
2026-04-12 07:39:06,178
2026-04-12 07:41:09,177
2026-04-12 07:49:21,177
2026-04-12 07:50:22,177
2026-04-12 07:09:23,177
2026-04-12 08:06:46,177
2026-04-12 07:10:25,177
2026-04-12 09:34:59,177
2026-04-12 09:15:30,177
2026-04-12 08:10:53,177
2026-04-12 07:32:57,177
2026-04-12 09:13:27,177
2026-04-12 07:25:47,176
2026-04-12 07:42:10,176
2026-04-12 07:51:24,176
2026-04-12 08:27:17,176
2026-04-12 09:12:25,176
2026-04-12 07:11:26,176
2026-04-12 07:23:44,176
2026-04-12 07:52:25,175
2026-04-12 07:26:48,175
2026-04-12 08:19:05,175
2026-04-12 08:18:03,175
2026-04-12 07:07:21,175
2026-04-12 08:11:54,175
2026-04-12 08:20:06,175
2026-04-12 07:24:45,175
2026-04-12 07:29:52,175
2026-04-12 08:07:48,175
2026-04-12 08:09:51,175
2026-04-12 07:17:35,175
2026-04-12 08:26:15,175
2026-04-12 07:27:50,174
2026-04-12 07:28:51,174
2026-04-12 08:17:02,174
2026-04-12 08:16:00,174
2026-04-12 07:13:29,174
2026-04-12 07:20:39,174
2026-04-12 10:00:33,174
2026-04-12 10:08:44,174
2026-04-12 08:23:11,174
2026-04-12 08:24:12,174
2026-04-12 07:02:13,174
2026-04-12 07:04:16,174
2026-04-12 09:03:11,174
2026-04-12 07:08:22,174
2026-04-12 08:08:49,174
2026-04-12 09:36:00,173
2026-04-12 09:59:31,173
2026-04-12 10:14:53,173
2026-04-12 07:12:28,173
2026-04-12 10:09:46,173
2026-04-12 09:53:23,173
2026-04-12 07:19:38,173
2026-04-12 07:22:42,173
2026-04-12 07:21:41,173
2026-04-12 07:03:15,173
2026-04-12 08:22:09,173
2026-04-12 08:14:59,173
2026-04-12 08:12:56,173
2026-04-12 08:21:08,173
2026-04-12 07:05:18,173
2026-04-12 09:58:30,172
2026-04-12 07:06:19,172
2026-04-12 07:18:36,172
2026-04-12 07:01:12,172
2026-04-12 07:14:31,172
2026-04-12 10:18:59,172
2026-04-12 10:12:50,172
2026-04-12 09:11:24,172
2026-04-12 10:06:41,172
2026-04-12 09:54:24,172
2026-04-12 09:57:28,172
2026-04-12 05:57:45,171
2026-04-12 09:55:25,171
2026-04-12 05:42:24,171
2026-04-12 08:13:57,171
2026-04-12 09:52:21,171
2026-04-12 10:10:47,171
2026-04-12 09:04:13,171
2026-04-12 10:15:54,171
2026-04-12 07:15:32,171
2026-04-12 07:16:34,171
2026-04-12 06:56:05,171
2026-04-12 09:10:22,171
2026-04-12 10:13:52,171
2026-04-12 10:16:56,170
2026-04-12 10:02:36,170
2026-04-12 10:04:38,170
2026-04-12 10:07:43,170
2026-04-12 06:05:56,170
2026-04-12 10:17:57,170
2026-04-12 09:09:20,170
2026-04-12 05:53:40,170
2026-04-12 10:11:49,170
2026-04-12 11:24:27,170
2026-04-12 11:30:35,170
2026-04-12 10:05:40,170
2026-04-12 09:51:20,170
2026-04-12 09:56:27,170
2026-04-12 10:20:00,170
2026-04-12 10:57:50,170
2026-04-12 11:23:25,170
2026-04-12 05:56:44,170
2026-04-12 10:21:02,170
2026-04-12 11:09:06,169
2026-04-12 10:58:52,169
2026-04-12 11:15:14,169
2026-04-12 11:10:07,169
2026-04-12 06:07:59,169
2026-04-12 06:19:15,169
2026-04-12 06:55:03,169
2026-04-12 06:06:58,169
2026-04-12 11:35:42,169
2026-04-12 11:17:17,169
2026-04-12 11:39:48,169
2026-04-12 11:20:21,169
2026-04-12 05:45:29,169
2026-04-12 06:00:49,169
2026-04-12 07:00:10,169
2026-04-12 06:59:09,169
2026-04-12 11:36:43,169
2026-04-12 05:43:26,169
2026-04-12 05:55:42,169
2026-04-12 05:59:48,169
2026-04-12 11:38:46,169
2026-04-12 05:44:27,169
2026-04-12 09:37:02,169
2026-04-12 10:01:34,169
2026-04-12 09:05:14,169
2026-04-12 10:03:37,169
2026-04-12 09:06:16,169
2026-04-12 06:18:13,169
2026-04-12 11:16:16,168
2026-04-12 11:18:18,168
2026-04-12 11:29:34,168
2026-04-12 11:32:38,168
2026-04-12 11:28:32,168
2026-04-12 11:31:36,168
2026-04-12 11:33:39,168
2026-04-12 09:07:17,168
2026-04-12 06:54:02,168
2026-04-12 06:20:16,168
2026-04-12 10:56:49,168
2026-04-12 10:59:53,168
2026-04-12 11:00:54,168
2026-04-12 11:19:20,168
2026-04-12 10:22:03,168
2026-04-12 11:13:11,168
2026-04-12 06:58:08,168
2026-04-12 05:54:41,168
2026-04-12 05:51:37,168
2026-04-12 05:46:30,168
2026-04-12 06:17:12,168
2026-04-12 05:34:14,168
2026-04-12 11:40:49,167
2026-04-12 11:41:50,167
2026-04-12 11:14:13,167
2026-04-12 11:02:57,167
2026-04-12 06:22:19,167
2026-04-12 06:57:06,167
2026-04-12 05:47:31,167
2026-04-12 11:26:29,167
2026-04-12 11:01:56,167
2026-04-12 11:12:10,167
2026-04-12 05:49:34,167
2026-04-12 06:23:20,167
2026-04-12 06:04:55,167
2026-04-12 05:58:47,167
2026-04-12 05:52:38,167
2026-04-12 05:26:03,167
2026-04-12 06:21:18,167
2026-04-12 11:34:40,167
2026-04-12 05:48:33,167
2026-04-12 05:41:23,167
2026-04-12 09:38:03,167
2026-04-12 09:50:18,167
2026-04-12 10:55:47,166
2026-04-12 11:11:08,166
2026-04-12 11:42:52,166
2026-04-12 11:46:57,166
2026-04-12 11:47:59,166
2026-04-12 06:27:26,166
2026-04-12 11:27:31,166
2026-04-12 10:24:06,166
2026-04-12 06:25:23,166
2026-04-12 05:50:36,166
2026-04-12 06:11:04,166
2026-04-12 06:24:22,166
2026-04-12 11:25:28,166
2026-04-12 06:01:51,166
2026-04-12 10:53:45,165
2026-04-12 11:07:03,165
2026-04-12 11:08:04,165
2026-04-12 11:22:24,165
2026-04-12 11:37:45,165
2026-04-12 10:23:05,165
2026-04-12 06:03:53,165
2026-04-12 05:40:22,165
2026-04-12 05:33:12,165
2026-04-12 06:46:52,165
2026-04-12 06:53:00,165
2026-04-12 06:50:57,165
2026-04-12 06:48:55,165
2026-04-12 06:26:25,165
2026-04-12 11:21:23,165
2026-04-12 05:25:02,165
2026-04-12 05:35:15,165
2026-04-12 09:08:19,165
2026-04-12 05:20:56,165
2026-04-12 09:49:17,165
2026-04-12 09:39:04,165
2026-04-12 10:54:46,165
2026-04-12 06:47:53,164
2026-04-12 06:45:51,164
2026-04-12 11:45:56,164
2026-04-12 06:09:00,164
2026-04-12 05:36:16,164
2026-04-12 06:29:29,164
2026-04-12 05:22:59,164
2026-04-12 06:12:05,164
2026-04-12 06:02:52,164
2026-04-12 06:16:11,164
2026-04-12 06:49:56,164
2026-04-12 06:28:27,164
2026-04-12 11:03:59,164
2026-04-12 11:49:00,164
2026-04-12 11:06:01,164
2026-04-12 06:40:44,163
2026-04-12 05:38:19,163
2026-04-12 06:13:07,163
2026-04-12 06:10:02,163
2026-04-12 05:03:34,163
2026-04-12 05:28:06,163
2026-04-12 05:19:55,163
2026-04-12 05:18:54,163
2026-04-12 05:21:58,163
2026-04-12 06:51:59,163
2026-04-12 11:50:01,163
2026-04-12 10:25:07,163
2026-04-12 05:27:04,163
2026-04-12 06:14:08,163
2026-04-12 06:30:30,162
2026-04-12 05:17:52,162
2026-04-12 05:24:00,162
2026-04-12 11:43:53,162
2026-04-12 06:44:49,162
2026-04-12 05:32:11,162
2026-04-12 05:37:18,162
2026-04-12 06:43:48,162
2026-04-12 05:04:35,162
2026-04-12 11:05:00,162
2026-04-12 06:32:33,161
2026-04-12 06:33:34,161
2026-04-12 06:34:35,161
2026-04-12 05:39:20,161
2026-04-12 06:35:37,161
2026-04-12 06:42:46,161
2026-04-12 06:15:09,161
2026-04-12 09:40:06,161
2026-04-12 04:37:00,161
2026-04-12 06:41:45,161
2026-04-12 11:51:03,161
2026-04-12 10:47:36,160
2026-04-12 04:40:04,160
2026-04-12 10:52:43,160
2026-04-12 04:38:01,160
2026-04-12 06:31:31,160
2026-04-12 05:07:39,160
2026-04-12 06:36:38,160
2026-04-12 11:52:04,160
2026-04-12 11:44:54,160
2026-04-12 06:37:40,160
2026-04-12 06:39:42,160
2026-04-12 05:05:37,160
2026-04-12 10:46:35,160
2026-04-12 05:02:33,160
2026-04-12 04:39:03,159
2026-04-12 05:31:10,159
2026-04-12 05:08:41,159
2026-04-12 05:16:51,159
2026-04-12 06:38:41,159
2026-04-12 04:54:22,159
2026-04-12 05:29:07,159
2026-04-12 05:06:38,159
2026-04-12 10:51:42,159
2026-04-12 12:01:16,159
2026-04-12 04:57:26,159
2026-04-12 04:48:15,159
2026-04-12 04:35:59,159
2026-04-12 10:26:09,159
2026-04-12 04:56:25,158
2026-04-12 05:01:31,158
2026-04-12 04:59:29,158
2026-04-12 09:48:16,158
2026-04-12 10:50:41,158
2026-04-12 04:49:16,158
2026-04-12 04:41:05,158
2026-04-12 10:27:10,158
2026-04-12 11:53:06,158
2026-04-12 12:00:15,158
2026-04-12 04:51:19,158
2026-04-12 05:10:43,158
2026-04-12 05:11:44,158
2026-04-12 04:55:24,158
2026-04-12 05:30:08,158
2026-04-12 05:12:46,158
2026-04-12 05:09:42,158
2026-04-12 05:00:30,158
2026-04-12 04:53:21,158
2026-04-12 04:33:56,157
2026-04-12 04:34:57,157
2026-04-12 04:31:54,157
2026-04-12 05:15:50,157
2026-04-12 04:52:20,157
2026-04-12 11:55:08,157
2026-04-12 04:32:55,157
2026-04-12 10:49:39,157
2026-04-12 04:47:13,157
2026-04-11 21:41:25,157
2026-04-11 21:40:24,157
2026-04-11 21:39:22,157
2026-04-11 21:42:26,156
2026-04-12 10:29:13,156
2026-04-12 04:58:27,156
2026-04-12 12:02:17,156
2026-04-11 21:38:21,156
2026-04-12 11:54:07,156
2026-04-12 10:28:12,156
2026-04-12 05:14:48,156
2026-04-11 21:43:27,155
2026-04-12 10:31:16,155
2026-04-12 10:34:20,155
2026-04-12 10:39:26,155
2026-04-12 05:13:47,155
2026-04-11 20:43:13,155
2026-04-12 10:45:34,155
2026-04-11 21:19:58,155
2026-04-12 11:56:10,155
2026-04-12 11:59:13,155
2026-04-11 21:20:59,155
2026-04-12 10:48:38,155
2026-04-12 10:38:25,155
2026-04-12 04:50:17,155
2026-04-12 04:46:12,155
2026-04-12 09:47:14,155
2026-04-12 11:58:12,155
2026-04-12 12:05:21,154
2026-04-11 21:18:56,154
2026-04-11 21:22:00,154
2026-04-12 04:30:52,154
2026-04-11 20:44:15,154
2026-04-11 20:41:11,154
2026-04-12 04:29:51,154
2026-04-11 20:42:12,154
2026-04-11 21:36:18,154
2026-04-11 21:35:17,154
2026-04-11 20:36:05,154
2026-04-12 10:35:21,154
2026-04-12 10:37:24,154
2026-04-12 04:45:10,154
2026-04-12 11:57:11,154
2026-04-12 10:36:22,154
2026-04-12 10:40:28,153
2026-04-12 10:32:17,153
2026-04-12 12:04:20,153
2026-04-12 12:03:19,153
2026-04-12 12:07:24,153
2026-04-11 21:23:02,153
2026-04-11 21:24:03,153
2026-04-12 10:33:18,153
2026-04-11 20:37:06,153
2026-04-11 21:34:15,153
2026-04-11 20:35:03,153
2026-04-12 12:08:25,153
2026-04-11 21:37:19,153
2026-04-11 21:33:14,153
2026-04-11 20:39:08,153
2026-04-11 20:40:10,153
2026-04-11 20:38:07,152
2026-04-12 12:06:23,152
2026-04-11 20:34:02,151
2026-04-11 21:44:29,151
2026-04-12 12:09:26,151
2026-04-12 04:42:07,151
2026-04-11 21:25:04,151
2026-04-11 21:26:05,151
2026-04-12 04:27:48,151
2026-04-11 21:17:55,151
2026-04-12 04:26:47,151
2026-04-12 04:43:08,151
2026-04-12 12:10:28,150
2026-04-12 04:16:35,150
2026-04-12 04:44:09,150
2026-04-12 04:28:50,150
2026-04-12 09:46:13,150
2026-04-12 10:30:14,150
2026-04-12 12:11:29,150
2026-04-11 22:07:57,150
2026-04-11 21:16:54,150
2026-04-12 12:15:34,150
2026-04-11 21:31:12,150
2026-04-11 20:29:57,150
2026-04-11 21:32:13,150
2026-04-11 20:28:56,150
2026-04-11 21:28:08,150
2026-04-11 21:29:09,150
2026-04-12 04:18:37,150
2026-04-11 21:30:10,150
2026-04-12 04:25:46,150
2026-04-11 22:13:03,149
2026-04-12 04:10:27,149
2026-04-12 04:19:39,149
2026-04-12 04:17:36,149
2026-04-12 04:09:26,149
2026-04-11 21:27:07,149
2026-04-12 12:16:35,149
2026-04-11 21:15:53,149
2026-04-12 12:14:32,148
2026-04-11 22:08:58,148
2026-04-11 22:06:56,148
2026-04-12 04:15:34,148
2026-04-11 22:14:05,148
2026-04-11 22:12:02,148
2026-04-12 04:24:45,148
2026-04-11 22:09:59,148
2026-04-12 10:41:29,148
2026-04-12 04:21:41,148
2026-04-11 20:23:50,148
2026-04-11 20:30:58,148
2026-04-11 20:46:17,148
2026-04-12 04:11:29,148
2026-04-11 20:47:18,147
2026-04-11 20:48:20,147
2026-04-12 12:13:31,147
2026-04-11 20:22:48,147
2026-04-11 20:20:46,147
2026-04-11 20:33:01,147
2026-04-11 20:31:59,147
2026-04-11 20:27:55,147
2026-04-12 04:08:25,147
2026-04-12 04:14:32,147
2026-04-12 09:45:11,147
2026-04-12 10:42:30,147
2026-04-12 04:23:43,147
2026-04-12 04:20:40,147
2026-04-12 04:13:31,147
2026-04-11 22:11:01,147
2026-04-11 22:05:54,147
2026-04-11 22:04:53,147
2026-04-12 12:12:30,147
2026-04-11 20:49:21,146
2026-04-12 10:44:32,146
2026-04-12 10:43:31,146
2026-04-11 20:21:47,146
2026-04-12 04:12:30,146
2026-04-12 04:22:42,146
2026-04-11 20:18:44,146
2026-04-11 20:45:16,146
2026-04-11 20:24:51,146
2026-04-11 20:50:22,145
2026-04-11 20:26:53,145
2026-04-11 20:25:52,145
2026-04-12 03:41:54,145
2026-04-11 20:16:41,145
2026-04-12 12:17:36,145
2026-04-11 20:17:42,145
2026-04-12 04:07:24,145
2026-04-11 20:13:38,144
2026-04-11 22:16:07,144
2026-04-12 04:06:23,144
2026-04-11 20:19:45,144
2026-04-11 21:14:51,144
2026-04-11 20:59:33,144
2026-04-11 22:15:06,144
2026-04-11 20:15:40,144
2026-04-11 20:14:39,144
2026-04-11 21:01:35,143
2026-04-11 20:52:25,143
2026-04-11 20:51:23,143
2026-04-11 21:00:34,143
2026-04-11 20:12:37,143
2026-04-11 21:56:43,142
2026-04-12 03:36:48,142
2026-04-11 21:08:44,142
2026-04-12 03:40:52,142
2026-04-12 03:37:49,142
2026-04-12 03:42:55,142
2026-04-12 12:23:43,142
2026-04-11 21:54:41,142
2026-04-11 20:58:32,142
2026-04-11 21:46:31,142
2026-04-11 21:03:38,142
2026-04-11 21:55:42,142
2026-04-11 22:18:10,142
2026-04-11 21:49:35,142
2026-04-12 04:05:21,142
2026-04-12 03:38:50,142
2026-04-12 03:52:06,142
2026-04-12 03:39:51,142
2026-04-11 21:45:30,142
2026-04-12 04:02:18,141
2026-04-12 04:04:20,141
2026-04-12 04:03:19,141
2026-04-11 21:47:32,141
2026-04-11 21:48:34,141
2026-04-11 21:53:40,141
2026-04-12 03:35:47,141
2026-04-12 12:22:42,141
2026-04-11 22:17:09,141
2026-04-12 03:44:57,141
2026-04-11 20:53:26,141
2026-04-11 21:07:43,141
2026-04-11 21:57:45,141
2026-04-11 21:13:50,141
2026-04-11 21:02:37,141
2026-04-11 21:11:48,140
2026-04-12 03:57:12,140
2026-04-11 22:03:52,140
2026-04-11 19:58:20,140
2026-04-12 03:45:58,140
2026-04-11 22:19:11,140
2026-04-12 03:50:03,140
2026-04-11 19:57:19,140
2026-04-12 03:49:02,140
2026-04-11 21:04:39,140
2026-04-11 20:11:35,140
2026-04-12 03:48:01,140
2026-04-12 03:54:08,140
2026-04-12 03:53:07,140
2026-04-12 12:18:37,140
2026-04-12 12:19:39,140
2026-04-12 03:43:56,140
2026-04-12 04:01:16,140
2026-04-11 21:09:45,140
2026-04-11 21:51:37,140
2026-04-11 21:58:46,140
2026-04-11 22:20:12,139
2026-04-11 20:54:27,139
2026-04-12 12:20:40,139
2026-04-11 21:06:42,139
2026-04-11 21:52:38,139
2026-04-11 19:56:18,139
2026-04-12 03:07:15,139
2026-04-12 03:33:44,139
2026-04-12 03:51:05,139
2026-04-11 21:59:47,139
2026-04-11 21:50:36,139
2026-04-12 03:09:17,139
2026-04-11 14:50:54,139
2026-04-12 03:46:59,139
2026-04-12 04:00:15,139
2026-04-12 03:55:09,139
2026-04-12 03:56:10,139
2026-04-12 03:12:20,139
2026-04-11 21:12:49,139
2026-04-11 21:05:40,139
2026-04-12 03:34:45,139
2026-04-10 17:07:01,138
2026-04-12 03:08:16,138
2026-04-11 22:28:22,138
2026-04-11 22:21:13,138
2026-04-12 03:11:19,138
2026-04-11 14:48:52,138
2026-04-11 14:47:51,138
2026-04-11 20:10:34,138
2026-04-12 03:26:36,138
2026-04-12 12:21:41,138
2026-04-12 03:13:22,138
2026-04-12 03:05:13,138
2026-04-12 03:10:18,138
2026-04-11 20:56:29,138
2026-04-11 20:09:33,138
2026-04-10 17:08:02,138
2026-04-11 15:30:37,138
2026-04-12 03:59:14,138
2026-04-12 03:58:13,138
2026-04-11 22:24:17,137
2026-04-12 03:16:25,137
2026-04-11 22:00:48,137
2026-04-11 22:01:50,137
2026-04-11 20:00:23,137
2026-04-11 22:23:16,137
2026-04-12 03:06:14,137
2026-04-11 22:29:23,137
2026-04-11 22:02:51,137
2026-04-12 03:15:24,137
2026-04-12 03:14:23,137
2026-04-12 02:57:04,137
2026-04-11 14:51:55,137
2026-04-11 21:10:46,137
2026-04-11 15:29:36,137
2026-04-11 19:54:16,137
2026-04-11 19:55:17,137
2026-04-12 03:25:35,137
2026-04-11 14:45:49,137
2026-04-11 20:55:28,137
2026-04-11 20:57:31,137
2026-04-11 14:44:48,137
2026-04-11 14:42:46,137
2026-04-11 14:43:47,137
2026-04-12 02:51:58,137
2026-04-12 03:04:11,136
2026-04-12 03:03:10,136
2026-04-11 16:21:33,136
2026-04-11 16:26:39,136
2026-04-11 14:46:50,136
2026-04-11 14:49:53,136
2026-04-11 22:22:15,136
2026-04-12 03:31:42,136
2026-04-11 14:41:45,136
2026-04-10 17:06:00,136
2026-04-12 12:24:44,136
2026-04-11 15:25:32,136
2026-04-12 03:24:34,136
2026-04-11 19:59:22,136
2026-04-11 22:25:18,136
2026-04-11 22:27:20,136
2026-04-11 15:24:31,136
2026-04-12 09:41:07,136
2026-04-12 03:22:32,136
2026-04-11 15:27:34,136
2026-04-11 19:53:14,136
2026-04-12 03:21:31,136
2026-04-12 03:23:33,136
2026-04-12 02:52:59,135
2026-04-11 20:08:32,135
2026-04-11 19:52:13,135
2026-04-11 15:09:14,135
2026-04-12 03:00:07,135
2026-04-11 14:58:02,135
2026-04-11 14:56:00,135
2026-04-11 15:28:35,135
2026-04-11 20:07:31,135
2026-04-11 15:40:48,135
2026-04-11 15:26:33,135
2026-04-11 16:20:32,135
2026-04-12 03:18:27,135
2026-04-11 22:26:19,135
2026-04-11 16:23:35,135
2026-04-12 03:17:26,135
2026-04-12 03:27:38,135
2026-04-11 16:22:34,135
2026-04-12 02:50:57,135
2026-04-11 15:23:30,135
2026-04-11 14:40:43,135
2026-04-11 14:54:59,135
2026-04-12 02:58:05,135
2026-04-11 16:24:37,134
2026-04-12 03:30:41,134
2026-04-11 16:25:38,134
2026-04-12 02:49:56,134
2026-04-11 14:59:03,134
2026-04-11 14:57:01,134
2026-04-12 02:56:02,134
2026-04-12 02:55:01,134
2026-04-12 03:19:28,134
2026-04-11 14:52:57,134
2026-04-11 15:31:39,134
2026-04-11 15:41:50,134
2026-04-11 20:06:30,134
2026-04-11 15:21:27,134
2026-04-11 14:53:58,134
2026-04-11 15:08:13,134
2026-04-11 15:22:28,134
2026-04-11 15:49:58,134
2026-04-11 15:48:57,134
2026-04-11 20:05:28,134
2026-04-11 16:19:31,133
2026-04-12 03:02:09,133
2026-04-12 02:47:54,133
2026-04-11 16:47:01,133
2026-04-12 03:20:30,133
2026-04-12 02:45:51,133
2026-04-12 02:46:52,133
2026-04-11 16:18:30,133
2026-04-11 16:11:22,133
2026-04-11 15:39:47,133
2026-04-11 15:45:54,133
2026-04-11 15:56:05,133
2026-04-11 15:46:55,133
2026-04-11 15:55:04,133
2026-04-11 16:10:21,133
2026-04-11 15:42:51,133
2026-04-11 19:51:12,133
2026-04-12 02:48:55,133
2026-04-12 03:01:08,133
2026-04-10 02:27:04,133
2026-04-11 15:52:01,133
2026-04-11 15:57:06,133
2026-04-11 16:08:19,133
2026-04-12 09:44:10,133
2026-04-11 15:01:05,133
2026-04-11 15:37:45,133
2026-04-12 03:32:43,133
2026-04-12 02:59:06,133
2026-04-11 14:39:42,133
2026-04-11 15:47:56,132
2026-04-11 15:54:03,132
2026-04-12 03:28:39,132
2026-04-11 15:12:18,132
2026-04-11 15:38:46,132
2026-04-11 15:43:52,132
2026-04-11 15:53:02,132
2026-04-11 23:19:19,132
2026-04-11 15:50:59,132
2026-04-11 16:07:18,132
2026-04-12 03:29:40,132
2026-04-11 16:17:29,132
2026-04-11 16:27:40,132
2026-04-11 16:40:54,132
2026-04-11 15:04:09,132
2026-04-11 20:03:26,132
2026-04-11 20:02:25,132
2026-04-07 14:31:09,132
2026-04-11 17:16:33,132
2026-04-11 15:06:11,132
2026-04-11 15:00:04,132
2026-04-11 15:13:19,132
2026-04-11 15:10:15,132
2026-04-10 17:21:17,132
2026-04-12 02:54:00,132
2026-04-11 15:14:20,132
2026-04-11 22:31:25,131
2026-04-10 17:22:18,131
2026-04-07 14:55:36,131
2026-04-10 16:36:27,131
2026-04-11 16:29:42,131
2026-04-11 16:41:55,131
2026-04-11 15:05:10,131
2026-04-11 14:38:41,131
2026-04-11 15:07:12,131
2026-04-11 16:39:53,131
2026-04-11 16:50:04,131
2026-04-11 16:49:03,131
2026-04-11 16:16:28,131
2026-04-11 16:13:24,131
2026-04-11 23:16:15,131
2026-04-10 03:22:03,131
2026-04-11 22:30:24,131
2026-04-11 23:17:16,131
2026-04-10 03:10:51,131
2026-04-11 23:21:21,131
2026-04-10 03:11:52,131
2026-04-11 15:20:26,131
2026-04-11 15:19:25,131
2026-04-11 15:36:44,131
2026-04-11 19:50:11,131
2026-04-10 17:04:59,131
2026-04-11 14:37:40,131
2026-04-11 14:35:38,131
2026-04-10 03:12:53,131
2026-04-11 22:37:32,131
2026-04-11 16:12:23,131
2026-04-11 15:58:07,131
2026-04-11 23:18:17,131
2026-04-11 20:01:24,131
2026-04-11 16:52:07,130
2026-04-11 17:17:34,130
2026-04-11 16:53:08,130
2026-04-11 16:28:41,130
2026-04-11 15:59:09,130
2026-04-11 17:13:30,130
2026-04-11 16:14:25,130
2026-04-12 02:42:48,130
2026-04-11 17:14:31,130
2026-04-11 16:42:56,130
2026-04-11 16:56:11,130
2026-04-11 16:55:10,130
2026-04-11 16:48:02,130
2026-04-11 16:51:06,130
2026-04-11 17:15:32,130
2026-04-07 14:51:31,130
2026-04-07 14:47:27,130
2026-04-11 14:34:37,130
2026-04-11 16:43:57,130
2026-04-11 14:36:39,130
2026-04-11 15:15:21,130
2026-04-10 16:50:43,130
2026-04-11 14:33:36,130
2026-04-10 17:19:14,130
2026-04-10 16:51:44,130
2026-04-10 17:03:58,130
2026-04-11 15:03:08,130
2026-04-07 13:40:11,130
2026-04-10 16:52:45,130
2026-04-07 14:54:35,130
2026-04-10 17:20:16,130
2026-04-07 13:55:28,130
2026-04-07 14:26:03,130
2026-04-11 15:11:16,130
2026-04-07 13:53:26,130
2026-04-11 16:04:14,130
2026-04-11 15:44:53,130
2026-04-11 15:33:41,130
2026-04-11 15:34:42,130
2026-04-10 02:26:03,130
2026-04-10 03:27:08,130
2026-04-11 16:03:13,130
2026-04-11 16:09:20,130
2026-04-10 02:57:37,130
2026-04-11 23:22:22,130
2026-04-11 23:20:20,130
2026-04-11 22:32:26,130
2026-04-07 14:34:12,129
2026-04-07 14:32:10,129
2026-04-11 16:15:26,129
2026-04-07 14:33:11,129
2026-04-10 03:26:07,129
2026-04-10 02:42:20,129
2026-04-12 00:06:11,129
2026-04-11 16:36:50,129
2026-04-07 14:30:07,129
2026-04-11 16:54:09,129
2026-04-11 16:38:52,129
2026-04-07 14:09:44,129
2026-04-11 23:08:06,129
2026-04-11 23:14:13,129
2026-04-11 19:30:50,129
2026-04-10 03:07:48,129
2026-04-11 20:04:27,129
2026-04-11 19:49:10,129
2026-04-11 22:35:30,129
2026-04-11 15:35:43,129
2026-04-07 14:48:28,129
2026-04-10 16:28:17,129
2026-04-10 16:22:10,129
2026-04-07 14:25:02,129
2026-04-10 16:31:21,129
2026-04-07 14:19:56,129
2026-04-10 17:02:56,129
2026-04-11 22:36:31,129
2026-04-07 13:50:22,129
2026-04-11 14:32:35,129
2026-04-10 17:18:13,129
2026-04-07 14:50:30,129
2026-04-07 14:53:34,129
2026-04-07 14:52:32,129
2026-04-07 13:54:27,129
2026-04-12 12:25:45,129
2026-04-11 16:05:15,129
2026-04-11 16:06:17,129
2026-04-11 23:03:00,129
2026-04-10 02:56:36,129
2026-04-10 02:41:19,129
2026-04-11 23:15:14,129
2026-04-11 22:34:28,129
2026-04-07 13:41:12,128
2026-04-12 00:04:08,128
2026-04-12 00:05:10,128
2026-04-10 16:37:28,128
2026-04-07 14:49:29,128
2026-04-11 17:19:37,128
2026-04-11 17:18:35,128
2026-04-11 16:44:59,128
2026-04-11 16:35:49,128
2026-04-12 02:44:50,128
2026-04-11 17:08:24,128
2026-04-11 16:34:48,128
2026-04-07 14:07:42,128
2026-04-11 23:04:01,128
2026-04-07 14:10:46,128
2026-04-11 19:48:08,128
2026-04-10 03:21:02,128
2026-04-11 19:45:05,128
2026-04-11 16:57:12,128
2026-04-11 17:05:21,128
2026-04-12 02:43:49,128
2026-04-11 16:46:00,128
2026-04-07 14:46:26,128
2026-04-07 14:22:59,128
2026-04-07 14:21:58,128
2026-04-07 13:51:23,128
2026-04-11 14:26:28,128
2026-04-07 14:44:23,128
2026-04-07 14:37:15,128
2026-04-07 14:35:13,128
2026-04-11 17:02:18,128
2026-04-11 16:37:51,128
2026-04-11 16:30:43,128
2026-04-07 14:40:19,128
2026-04-07 14:29:06,128
2026-04-11 23:23:23,128
2026-04-11 22:33:27,128
2026-04-10 02:55:34,128
2026-04-12 02:41:47,128
2026-04-10 03:17:58,128
2026-04-10 03:09:50,128
2026-04-07 13:49:21,128
2026-04-07 14:56:37,128
2026-04-07 13:52:25,128
2026-04-07 13:25:56,128
2026-04-11 15:18:24,128
2026-04-07 14:16:53,128
2026-04-10 17:01:55,128
2026-04-11 15:32:40,128
2026-04-10 16:23:11,128
2026-04-10 16:58:52,128
2026-04-11 16:02:12,127
2026-04-11 23:09:07,127
2026-04-11 17:21:39,127
2026-04-10 02:24:01,127
2026-04-10 02:25:02,127
2026-04-11 23:41:43,127
2026-04-11 19:22:42,127
2026-04-11 19:46:06,127
2026-04-07 14:04:39,127
2026-04-10 03:18:59,127
2026-04-12 02:40:46,127
2026-04-11 19:21:40,127
2026-04-11 16:00:10,127
2026-04-11 19:35:55,127
2026-04-07 13:37:08,127
2026-04-07 14:11:47,127
2026-04-07 14:38:16,127
2026-04-07 14:24:01,127
2026-04-11 16:59:14,127
2026-04-11 17:03:19,127
2026-04-11 16:31:44,127
2026-04-07 14:43:22,127
2026-04-10 03:16:57,127
2026-04-11 17:04:20,127
2026-04-10 03:08:49,127
2026-04-07 14:08:43,127
2026-04-11 19:24:44,127
2026-04-11 19:47:07,127
2026-04-11 17:06:22,127
2026-04-11 17:12:29,127
2026-04-11 19:44:04,127
2026-04-10 02:23:00,127
2026-04-10 02:40:18,127
2026-04-11 23:07:05,127
2026-04-11 23:12:10,127
2026-04-11 19:36:56,127
2026-04-10 16:35:26,127
2026-04-10 16:27:16,127
2026-04-10 16:47:39,127
2026-04-07 14:36:14,127
2026-04-11 23:10:08,127
2026-04-11 23:11:09,127
2026-04-07 13:44:16,127
2026-04-07 13:48:20,127
2026-04-10 17:36:33,127
2026-04-11 14:31:34,127
2026-04-12 00:03:07,127
2026-04-07 14:20:57,127
2026-04-11 22:38:33,127
2026-04-12 00:02:06,127
2026-04-07 14:18:55,127
2026-04-07 14:17:54,127
2026-04-11 23:06:04,126
2026-04-11 23:05:02,126
2026-04-11 17:09:25,126
2026-04-11 17:20:38,126
2026-04-11 23:42:45,126
2026-04-12 00:07:12,126
2026-04-10 03:06:47,126
2026-04-10 02:43:22,126
2026-04-07 14:13:49,126
2026-04-11 23:13:12,126
2026-04-11 19:29:49,126
2026-04-11 16:33:46,126
2026-04-11 17:07:23,126
2026-04-11 16:58:13,126
2026-04-11 19:23:43,126
2026-04-11 19:32:52,126
2026-04-07 14:05:40,126
2026-04-07 14:06:41,126
2026-04-10 16:46:38,126
2026-04-10 16:32:22,126
2026-04-10 16:34:24,126
2026-04-10 16:33:23,126
2026-04-11 23:58:01,126
2026-04-10 03:24:05,126
2026-04-10 03:23:04,126
2026-04-10 03:13:54,126
2026-04-10 03:25:06,126
2026-04-10 16:29:18,126
2026-04-07 13:47:19,126
2026-04-07 13:43:15,126
2026-04-11 14:30:32,126
2026-04-07 13:11:40,126
2026-04-10 17:17:12,126
2026-04-10 16:48:40,126
2026-04-12 12:26:47,126
2026-04-07 13:45:17,126
2026-04-11 19:37:58,126
2026-04-11 19:38:59,126
2026-04-10 07:40:26,126
2026-04-07 14:14:50,126
2026-04-07 14:15:51,126
2026-04-07 13:26:57,126
2026-04-07 14:39:17,126
2026-04-07 14:42:21,126
2026-04-07 14:41:20,126
2026-04-07 14:45:24,126
2026-04-10 02:58:38,126
2026-04-11 23:01:59,126
2026-04-11 17:11:28,126
2026-04-07 14:28:05,126
2026-04-11 17:22:40,125
2026-04-11 17:10:27,125
2026-04-11 22:39:34,125
2026-04-11 22:42:38,125
2026-04-11 23:00:58,125
2026-04-11 23:24:24,125
2026-04-10 02:52:31,125
2026-04-07 13:23:53,125
2026-04-08 15:21:05,125
2026-04-08 15:22:06,125
2026-04-07 14:27:04,125
2026-04-10 16:53:46,125
2026-04-10 17:00:54,125
2026-04-12 00:12:17,125
2026-04-07 13:38:09,125
2026-04-07 13:28:59,125
2026-04-12 00:13:19,125
2026-04-11 23:59:03,125
2026-04-10 15:22:04,125
2026-04-07 13:24:54,125
2026-04-07 13:27:58,125
2026-04-11 22:53:50,125
2026-04-10 02:28:05,125
2026-04-10 02:53:32,125
2026-04-11 23:34:36,125
2026-04-10 03:03:43,125
2026-04-07 13:42:13,125
2026-04-07 13:46:18,125
2026-04-07 13:31:01,125
2026-04-11 19:41:01,125
2026-04-11 22:59:57,125
2026-04-11 22:57:54,125
2026-04-11 22:55:52,125
2026-04-11 23:57:00,125
2026-04-11 23:54:58,125
2026-04-10 03:02:42,125
2026-04-11 23:38:40,125
2026-04-10 17:28:24,125
2026-04-12 12:28:49,125
2026-04-10 17:13:08,125
2026-04-10 17:16:11,125
2026-04-07 14:02:37,125
2026-04-07 13:12:41,125
2026-04-07 13:13:42,125
2026-04-07 13:10:39,125
2026-04-07 13:56:30,125
2026-04-07 14:00:34,125
2026-04-07 13:57:31,125
2026-04-10 17:32:29,125
2026-04-10 16:57:51,125
2026-04-11 14:29:31,125
2026-04-10 17:09:03,125
2026-04-10 16:49:42,125
2026-04-12 00:11:16,125
2026-04-10 16:07:54,125
2026-04-12 00:01:05,125
2026-04-10 16:21:09,125
2026-04-10 16:30:20,125
2026-04-11 23:40:42,125
2026-04-11 23:52:56,125
2026-04-11 23:39:41,125
2026-04-11 17:01:17,125
2026-04-11 19:31:51,125
2026-04-11 22:54:51,125
2026-04-10 02:33:11,125
2026-04-11 19:43:03,125
2026-04-11 19:25:45,125
2026-04-11 16:32:45,125
2026-04-11 17:00:16,125
2026-04-07 14:12:48,125
2026-04-11 19:40:00,125
2026-04-11 19:27:47,125
2026-04-11 23:43:46,124
2026-04-11 22:52:49,124
2026-04-12 12:29:50,124
2026-04-11 19:33:53,124
2026-04-10 02:54:33,124
2026-04-12 00:23:29,124
2026-04-08 15:26:10,124
2026-04-08 15:15:59,124
2026-04-08 15:12:56,124
2026-04-12 00:24:30,124
2026-04-11 15:17:23,124
2026-04-12 00:22:28,124
2026-04-08 15:14:58,124
2026-04-08 15:28:12,124
2026-04-07 13:22:52,124
2026-04-07 13:33:03,124
2026-04-12 00:25:31,124
2026-04-12 00:00:04,124
2026-04-11 15:16:22,124
2026-04-12 13:12:36,124
2026-04-08 15:13:57,124
2026-04-08 14:59:42,124
2026-04-07 13:36:07,124
2026-04-11 19:42:02,124
2026-04-07 13:39:10,124
2026-04-06 06:25:43,124
2026-04-11 23:53:57,124
2026-04-11 23:55:59,124
2026-04-07 13:09:38,124
2026-04-12 02:10:15,124
2026-04-10 17:31:28,124
2026-04-10 17:51:49,124
2026-04-11 23:37:39,124
2026-04-11 22:58:56,124
2026-04-07 13:17:47,124
2026-04-10 16:06:53,124
2026-04-12 00:10:15,124
2026-04-10 17:37:34,124
2026-04-10 17:35:32,124
2026-04-11 14:28:30,124
2026-04-11 14:27:29,124
2026-04-07 13:18:48,124
2026-04-12 02:37:43,124
2026-04-11 22:49:45,124
2026-04-11 23:51:55,124
2026-04-07 13:14:44,124
2026-04-11 23:50:54,124
2026-04-11 22:50:47,124
2026-04-11 22:40:35,123
2026-04-11 22:41:36,123
2026-04-11 23:49:53,123
2026-04-12 00:26:33,123
2026-04-12 00:08:13,123
2026-04-10 16:38:29,123
2026-04-07 13:34:05,123
2026-04-07 13:30:00,123
2026-04-08 15:27:11,123
2026-04-08 15:29:13,123
2026-04-07 14:03:38,123
2026-04-08 15:25:09,123
2026-04-12 13:11:35,123
2026-04-12 13:13:37,123
2026-04-12 13:14:38,123
2026-04-11 16:01:11,123
2026-04-08 14:58:41,123
2026-04-07 13:35:06,123
2026-04-11 22:43:39,123
2026-04-08 14:57:40,123
2026-04-12 02:35:41,123
2026-04-08 15:18:01,123
2026-04-11 22:51:48,123
2026-04-08 15:19:02,123
2026-04-10 03:42:24,123
2026-04-12 00:09:14,123
2026-04-11 14:25:27,123
2026-04-10 16:59:53,123
2026-04-12 02:09:14,123
2026-04-12 12:46:08,123
2026-04-12 02:36:42,123
2026-04-12 02:38:44,123
2026-04-12 02:39:45,123
2026-04-12 02:19:24,123
2026-04-10 17:15:10,123
2026-04-10 17:23:19,123
2026-04-10 17:50:48,123
2026-04-07 13:19:49,123
2026-04-07 13:07:36,123
2026-04-07 13:20:50,123
2026-04-07 13:08:37,123
2026-04-12 02:13:18,123
2026-04-07 13:16:46,123
2026-04-07 13:15:45,123
2026-04-11 22:56:53,123
2026-04-11 22:44:40,123
2026-04-11 23:36:38,123
2026-04-11 23:25:25,123
2026-04-11 23:48:51,123
2026-04-11 23:47:50,123
2026-04-12 00:21:27,123
2026-04-11 23:28:29,123
2026-04-12 00:14:20,123
2026-04-11 23:44:47,123
2026-04-10 02:39:17,123
2026-04-10 03:05:45,123
2026-04-10 02:12:49,123
2026-04-10 02:38:16,123
2026-04-06 06:24:42,123
2026-04-10 02:17:54,123
2026-04-11 19:28:48,123
2026-04-11 19:34:54,123
2026-04-12 13:27:52,123
2026-04-11 19:26:46,123
2026-04-11 19:09:28,123
2026-04-11 18:01:20,123
2026-04-12 13:20:45,122
2026-04-12 13:24:49,122
2026-04-12 13:29:55,122
2026-04-12 13:25:50,122
2026-04-11 14:03:04,122
2026-04-12 02:07:12,122
2026-04-12 13:15:39,122
2026-04-12 12:47:09,122
2026-04-11 19:07:26,122
2026-04-12 12:44:06,122
2026-04-12 12:30:51,122
2026-04-12 13:28:53,122
2026-04-12 02:27:33,122
2026-04-12 02:08:13,122
2026-04-11 23:35:37,122
2026-04-11 23:33:35,122
2026-04-08 15:10:54,122
2026-04-11 23:46:49,122
2026-04-12 00:17:23,122
2026-04-10 01:56:33,122
2026-04-11 23:29:30,122
2026-04-11 19:06:25,122
2026-04-07 13:21:51,122
2026-04-07 08:42:40,122
2026-04-07 08:43:41,122
2026-04-07 08:44:42,122
2026-04-11 19:08:27,122
2026-04-10 17:34:31,122
2026-04-07 14:57:38,122
2026-04-10 07:38:24,122
2026-04-07 13:58:32,122
2026-04-10 17:52:50,122
2026-04-10 16:03:49,122
2026-04-10 16:20:08,122
2026-04-10 16:04:51,122
2026-04-10 07:10:55,122
2026-04-08 15:30:15,122
2026-04-10 17:27:23,122
2026-04-07 13:59:33,122
2026-04-07 14:01:35,122
2026-04-12 12:27:48,122
2026-04-10 17:14:09,122
2026-04-10 17:33:30,122
2026-04-08 14:55:38,122
2026-04-10 15:52:37,122
2026-04-10 07:39:25,122
2026-04-08 15:23:07,122
2026-04-10 03:04:44,122
2026-04-10 02:21:59,122
2026-04-10 02:34:12,122
2026-04-11 15:02:06,122
2026-04-08 15:00:43,122
2026-04-08 15:17:00,122
2026-04-11 23:45:48,122
2026-04-12 02:11:16,122
2026-04-12 02:21:26,122
2026-04-11 17:56:14,122
2026-04-11 17:55:13,122
2026-04-12 02:12:17,122
2026-04-12 00:28:35,122
2026-04-12 02:20:25,122
2026-04-11 14:02:03,122
2026-04-10 03:20:01,122
2026-04-10 04:56:38,122
2026-04-10 02:37:15,122
2026-04-08 15:11:55,122
2026-04-12 13:16:40,121
2026-04-12 13:30:56,121
2026-04-12 13:18:42,121
2026-04-12 13:23:48,121
2026-04-12 12:54:17,121
2026-04-12 13:21:46,121
2026-04-12 13:22:47,121
2026-04-07 08:45:43,121
2026-04-08 14:52:34,121
2026-04-08 14:44:26,121
2026-04-11 18:45:03,121
2026-04-11 18:46:04,121
2026-04-10 15:23:05,121
2026-04-07 13:32:02,121
2026-04-10 16:05:52,121
2026-04-10 17:12:07,121
2026-04-10 16:19:06,121
2026-04-07 14:58:39,121
2026-04-10 16:02:48,121
2026-04-10 16:43:35,121
2026-04-11 14:12:14,121
2026-04-11 14:11:13,121
2026-04-11 14:24:26,121
2026-04-11 14:23:25,121
2026-04-08 14:56:39,121
2026-04-08 14:54:37,121
2026-04-08 14:53:35,121
2026-04-12 02:18:23,121
2026-04-12 12:45:07,121
2026-04-12 12:43:04,121
2026-04-12 12:53:16,121
2026-04-12 12:37:59,121
2026-04-12 12:52:14,121
2026-04-12 12:51:13,121
2026-04-11 19:20:39,121
2026-04-12 13:26:51,121
2026-04-07 08:46:44,121
2026-04-12 12:40:01,121
2026-04-12 12:39:00,121
2026-04-11 19:05:24,121
2026-04-07 13:06:35,121
2026-04-10 02:36:14,121
2026-04-10 02:13:50,121
2026-04-06 06:26:44,121
2026-04-08 15:33:18,121
2026-04-12 00:30:37,121
2026-04-08 16:22:08,121
2026-04-08 15:24:08,121
2026-04-08 16:20:06,121
2026-04-08 16:21:07,121
2026-04-11 22:45:41,121
2026-04-10 15:51:36,121
2026-04-10 02:59:39,121
2026-04-10 02:51:30,121
2026-04-12 09:42:08,121
2026-04-10 02:11:48,121
2026-04-10 02:32:10,121
2026-04-11 23:26:27,121
2026-04-11 23:30:31,121
2026-04-12 00:16:22,121
2026-04-12 00:27:34,121
2026-04-12 00:20:26,121
2026-04-12 00:19:25,121
2026-04-12 00:18:24,121
2026-04-11 23:27:28,121
2026-04-11 23:31:32,121
2026-04-11 23:32:33,121
2026-04-11 14:09:11,121
2026-04-11 17:52:10,121
2026-04-12 00:29:36,121
2026-04-12 00:15:21,121
2026-04-12 02:33:39,121
2026-04-11 17:36:54,121
2026-04-11 17:23:41,121
2026-04-11 17:24:42,121
2026-04-11 17:50:08,121
2026-04-07 15:00:41,120
2026-04-11 14:15:17,120
2026-04-12 02:05:10,120
2026-04-12 02:06:11,120
2026-04-12 02:24:30,120
2026-04-12 02:25:31,120
2026-04-12 02:28:34,120
2026-04-12 02:16:21,120
2026-04-08 15:34:19,120
2026-04-08 15:35:20,120
2026-04-08 15:38:23,120
2026-04-12 00:34:42,120
2026-04-12 00:35:43,120
2026-04-10 01:57:34,120
2026-04-11 17:59:18,120
2026-04-11 19:14:33,120
2026-04-11 18:43:01,120
2026-04-12 13:38:03,120
2026-04-12 13:40:05,120
2026-04-12 13:35:00,120
2026-04-12 12:49:11,120
2026-04-12 12:50:12,120
2026-04-12 12:36:58,120
2026-04-12 12:41:02,120
2026-04-11 13:57:59,120
2026-04-12 12:48:10,120
2026-04-11 06:30:35,120
2026-04-12 13:36:01,120
2026-04-12 13:37:02,120
2026-04-10 17:30:26,120
2026-04-10 17:49:47,120
2026-04-08 14:42:24,120
2026-04-10 15:58:44,120
2026-04-10 16:01:47,120
2026-04-10 16:08:55,120
2026-04-08 14:48:30,120
2026-04-08 14:49:31,120
2026-04-08 14:51:33,120
2026-04-08 15:09:53,120
2026-04-08 15:20:04,120
2026-04-08 15:06:50,120
2026-04-08 15:01:44,120
2026-04-08 15:05:49,120
2026-04-08 14:50:32,120
2026-04-12 00:31:38,120
2026-04-08 16:23:09,120
2026-04-10 15:21:03,120
2026-04-10 15:37:21,120
2026-04-10 15:19:01,120
2026-04-10 16:45:37,120
2026-04-10 07:37:23,120
2026-04-10 07:55:42,120
2026-04-11 22:48:44,120
2026-04-10 03:41:23,120
2026-04-10 04:11:53,120
2026-04-10 03:38:20,120
2026-04-10 03:01:41,120
2026-04-10 02:49:28,120
2026-04-10 02:19:56,120
2026-04-10 05:11:54,120
2026-04-10 01:41:17,120
2026-04-10 01:55:32,120
2026-04-08 16:14:00,120
2026-04-11 22:46:42,120
2026-04-11 17:26:44,120
2026-04-11 17:37:56,120
2026-04-12 13:31:57,120
2026-04-12 13:33:59,120
2026-04-12 13:19:44,120
2026-04-11 14:08:10,120
2026-04-07 13:05:34,120
2026-04-12 02:22:27,120
2026-04-11 17:51:09,120
2026-04-11 17:53:11,120
2026-04-12 02:34:40,120
2026-04-11 17:25:43,120
2026-04-11 17:34:52,120
2026-04-11 17:57:15,120
2026-04-11 17:58:16,120
2026-04-07 15:01:42,119
2026-04-11 17:54:12,119
2026-04-11 14:10:12,119
2026-04-11 14:06:08,119
2026-04-08 15:37:22,119
2026-04-08 15:36:21,119
2026-04-10 02:18:55,119
2026-04-10 02:35:13,119
2026-04-06 06:23:41,119
2026-04-10 03:28:10,119
2026-04-10 02:10:47,119
2026-04-06 06:40:57,119
2026-04-06 06:21:39,119
2026-04-11 19:13:32,119
2026-04-11 18:44:02,119
2026-04-10 15:20:02,119
2026-04-11 19:04:23,119
2026-04-12 12:35:57,119
2026-04-12 12:42:03,119
2026-04-12 13:01:24,119
2026-04-11 19:10:29,119
2026-04-07 08:47:45,119
2026-04-11 19:15:34,119
2026-04-12 13:39:04,119
2026-04-10 03:37:19,119
2026-04-10 09:24:15,119
2026-04-12 12:31:52,119
2026-04-11 22:47:43,119
2026-04-10 03:36:18,119
2026-04-10 04:57:39,119
2026-04-10 03:15:56,119
2026-04-10 09:22:13,119
2026-04-10 15:17:59,119
2026-04-10 16:56:50,119
2026-04-07 14:59:40,119
2026-04-08 14:04:44,119
2026-04-11 14:17:19,119
2026-04-11 14:04:06,119
2026-04-12 02:26:32,119
2026-04-11 14:16:18,119
2026-04-12 02:23:28,119
2026-04-08 13:52:31,119
2026-04-11 17:38:57,119
2026-04-11 17:39:58,119
2026-04-08 16:19:05,119
2026-04-08 16:15:01,119
2026-04-12 02:17:22,119
2026-04-12 02:30:36,119
2026-04-12 12:33:54,119
2026-04-10 18:06:04,119
2026-04-08 14:37:18,119
2026-04-08 14:47:29,119
2026-04-08 14:43:25,119
2026-04-11 06:29:34,119
2026-04-08 14:45:27,119
2026-04-11 14:13:15,119
2026-04-08 14:41:22,119
2026-04-08 15:31:16,119
2026-04-08 13:49:28,119
2026-04-08 15:02:45,119
2026-04-08 15:07:51,119
2026-04-08 15:08:52,119
2026-04-08 15:04:47,119
2026-04-10 08:52:41,119
2026-04-10 17:57:56,119
2026-04-12 12:34:55,119
2026-04-11 17:30:48,119
2026-04-10 02:48:27,119
2026-04-12 13:32:58,119
2026-04-12 13:17:41,119
2026-04-10 09:01:51,118
2026-04-10 15:07:49,118
2026-04-08 14:09:49,118
2026-04-08 14:11:52,118
2026-04-08 14:12:53,118
2026-04-10 15:36:20,118
2026-04-10 15:34:17,118
2026-04-10 15:35:18,118
2026-04-11 06:31:36,118
2026-04-11 19:19:38,118
2026-04-10 08:51:40,118
2026-04-12 00:33:40,118
2026-04-08 14:07:47,118
2026-04-10 17:47:45,118
2026-04-10 17:42:39,118
2026-04-10 17:29:25,118
2026-04-11 14:14:16,118
2026-04-08 14:05:45,118
2026-04-11 18:40:59,118
2026-04-08 14:03:43,118
2026-04-10 17:26:22,118
2026-04-11 06:27:32,118
2026-04-08 14:40:21,118
2026-04-10 16:24:12,118
2026-04-10 15:59:45,118
2026-04-08 15:43:29,118
2026-04-10 15:16:58,118
2026-04-10 06:55:39,118
2026-04-10 16:12:59,118
2026-04-10 07:11:56,118
2026-04-10 03:39:21,118
2026-04-10 07:41:27,118
2026-04-10 15:53:38,118
2026-04-12 13:41:07,118
2026-04-07 08:41:39,118
2026-04-10 15:06:48,118
2026-04-10 14:52:33,118
2026-04-10 15:38:22,118
2026-04-10 02:50:29,118
2026-04-10 09:06:56,118
2026-04-10 03:00:40,118
2026-04-12 02:14:19,118
2026-04-11 18:39:58,118
2026-04-11 13:56:58,118
2026-04-11 17:29:47,118
2026-04-11 18:00:19,118
2026-04-11 18:09:28,118
2026-04-10 06:40:23,118
2026-04-10 01:42:18,118
2026-04-12 02:15:20,118
2026-04-10 01:54:31,118
2026-04-11 14:00:01,118
2026-04-10 01:52:28,118
2026-04-10 01:53:30,118
2026-04-08 16:28:15,118
2026-04-10 02:20:57,118
2026-04-06 06:39:56,118
2026-04-06 06:36:53,118
2026-04-12 12:32:53,118
2026-04-12 13:10:34,118
2026-04-12 13:02:25,118
2026-04-11 17:31:49,118
2026-04-08 16:18:04,118
2026-04-12 13:03:26,118
2026-04-11 17:33:51,118
2026-04-12 02:29:35,118
2026-04-11 17:27:45,118
2026-04-11 17:28:46,118
2026-04-08 16:17:03,118
2026-04-11 18:42:00,118
2026-04-11 14:18:20,118
2026-04-08 14:06:46,118
2026-04-10 08:54:43,118
2026-04-10 08:50:39,118
2026-04-08 13:51:30,118
2026-04-12 00:32:39,118
2026-04-08 16:25:11,118
2026-04-08 16:24:10,118
2026-04-08 15:32:17,118
2026-04-08 15:39:25,118
2026-04-10 04:12:54,117
2026-04-10 03:40:22,117
2026-04-10 15:50:35,117
2026-04-10 03:53:35,117
2026-04-10 18:03:01,117
2026-04-10 18:05:03,117
2026-04-10 07:09:54,117
2026-04-10 03:57:39,117
2026-04-11 19:17:36,117
2026-04-11 19:18:37,117
2026-04-11 18:07:26,117
2026-04-11 18:19:38,117
2026-04-10 02:07:44,117
2026-04-11 13:59:00,117
2026-04-11 14:01:02,117
2026-04-11 13:54:56,117
2026-04-11 13:55:57,117
2026-04-12 13:08:32,117
2026-04-11 17:45:03,117
2026-04-07 15:03:45,117
2026-04-12 02:32:38,117
2026-04-07 13:02:30,117
2026-04-07 13:04:33,117
2026-04-07 13:03:32,117
2026-04-11 18:05:24,117
2026-04-11 18:06:25,117
2026-04-07 23:35:18,117
2026-04-07 23:34:17,117
2026-04-11 17:49:07,117
2026-04-11 17:35:53,117
2026-04-12 13:05:28,117
2026-04-12 13:06:29,117
2026-04-11 18:10:29,117
2026-04-11 18:11:30,117
2026-04-11 18:47:05,117
2026-04-11 18:38:57,117
2026-04-11 19:12:31,117
2026-04-11 18:08:27,117
2026-04-10 05:10:53,117
2026-04-06 06:22:40,117
2026-04-06 06:11:29,117
2026-04-06 06:41:58,117
2026-04-10 09:04:54,117
2026-04-10 09:10:00,117
2026-04-10 08:55:45,117
2026-04-10 15:33:16,117
2026-04-10 15:43:27,117
2026-04-11 19:11:30,117
2026-04-08 13:09:48,117
2026-04-08 13:10:49,117
2026-04-07 08:40:38,117
2026-04-12 13:00:23,117
2026-04-11 06:45:50,117
2026-04-11 13:53:55,117
2026-04-12 13:42:08,117
2026-04-11 19:16:35,117
2026-04-10 16:14:01,117
2026-04-08 14:39:20,117
2026-04-08 15:41:27,117
2026-04-08 15:03:46,117
2026-04-08 16:08:54,117
2026-04-08 16:07:53,117
2026-04-08 15:40:26,117
2026-04-10 08:49:38,117
2026-04-10 07:53:40,117
2026-04-08 13:50:29,117
2026-04-10 15:44:29,117
2026-04-08 15:42:28,117
2026-04-08 16:27:13,117
2026-04-08 16:26:12,117
2026-04-10 16:17:04,117
2026-04-08 13:48:27,117
2026-04-08 14:17:58,117
2026-04-10 16:18:05,117
2026-04-11 06:26:31,117
2026-04-11 14:21:23,117
2026-04-11 14:05:07,117
2026-04-11 14:19:21,117
2026-04-08 13:54:34,117
2026-04-08 14:13:54,117
2026-04-08 14:02:42,117
2026-04-11 06:28:33,117
2026-04-08 13:53:33,117
2026-04-08 14:10:50,117
2026-04-08 14:46:28,117
2026-04-10 16:26:15,117
2026-04-10 16:42:34,117
2026-04-12 13:09:33,117
2026-04-07 15:09:51,117
2026-04-10 17:48:46,117
2026-04-12 02:04:09,117
2026-04-10 17:56:55,117
2026-04-10 17:43:41,117
2026-04-11 19:03:22,117
2026-04-07 15:14:56,117
2026-04-07 15:10:52,117
2026-04-10 17:58:57,117
2026-04-08 16:16:02,117
2026-04-11 17:46:04,117
2026-04-11 17:40:59,117
2026-04-12 02:31:37,117
2026-04-11 17:47:05,117
2026-04-11 17:32:50,117
2026-04-11 18:02:21,117
2026-04-12 12:55:18,117
2026-04-12 13:04:27,117
2026-04-11 18:04:23,116
2026-04-11 17:48:06,116
2026-04-07 15:20:02,116
2026-04-10 02:47:26,116
2026-04-08 13:56:36,116
2026-04-08 13:57:37,116
2026-04-08 13:59:39,116
2026-04-11 19:02:21,116
2026-04-12 13:07:31,116
2026-04-07 15:15:57,116
2026-04-07 15:13:55,116
2026-04-10 16:54:47,116
2026-04-10 17:24:20,116
2026-04-10 17:38:35,116
2026-04-12 13:43:09,116
2026-04-11 06:03:07,116
2026-04-11 06:01:05,116
2026-04-11 06:02:06,116
2026-04-11 06:12:16,116
2026-04-11 06:16:20,116
2026-04-11 06:17:22,116
2026-04-11 06:24:29,116
2026-04-11 14:22:24,116
2026-04-08 13:55:35,116
2026-04-08 14:16:57,116
2026-04-08 14:18:59,116
2026-04-08 14:38:19,116
2026-04-10 16:15:02,116
2026-04-10 16:16:03,116
2026-04-10 16:25:13,116
2026-04-10 15:46:31,116
2026-04-08 13:14:53,116
2026-04-08 13:35:14,116
2026-04-08 13:36:15,116
2026-04-12 00:36:44,116
2026-04-08 16:11:58,116
2026-04-08 16:12:59,116
2026-04-08 16:09:55,116
2026-04-10 07:46:32,116
2026-04-10 07:54:41,116
2026-04-10 08:47:36,116
2026-04-10 09:03:53,116
2026-04-10 16:44:36,116
2026-04-10 09:23:14,116
2026-04-10 14:23:01,116
2026-04-10 15:14:56,116
2026-04-10 15:48:33,116
2026-04-10 15:49:34,116
2026-04-08 13:08:47,116
2026-04-08 13:11:50,116
2026-04-08 13:15:55,116
2026-04-08 13:12:51,116
2026-04-10 18:00:59,116
2026-04-10 18:02:00,116
2026-04-10 07:08:53,116
2026-04-10 09:05:55,116
2026-04-10 09:25:16,116
2026-04-10 09:21:12,116
2026-04-10 03:14:55,116
2026-04-10 03:35:17,116
2026-04-10 03:33:15,116
2026-04-10 04:55:37,116
2026-04-10 06:54:38,116
2026-04-10 07:35:21,116
2026-04-08 16:29:16,116
2026-04-06 06:35:52,116
2026-04-06 06:37:54,116
2026-04-06 06:38:55,116
2026-04-06 06:55:11,116
2026-04-06 06:56:12,116
2026-04-06 06:10:28,116
2026-04-06 06:20:38,116
2026-04-10 02:08:45,116
2026-04-10 02:09:46,116
2026-04-10 02:29:06,116
2026-04-10 05:12:55,116
2026-04-10 05:23:06,116
2026-04-10 05:08:51,116
2026-04-10 07:07:51,116
2026-04-11 18:37:56,116
2026-04-11 18:23:42,116
2026-04-11 18:12:31,116
2026-04-11 18:13:32,116
2026-04-11 18:18:37,116
2026-04-11 18:16:35,116
2026-04-11 18:17:36,116
2026-04-10 01:39:15,116
2026-04-10 01:58:35,116
2026-04-07 15:02:44,116
2026-04-11 17:44:02,116
2026-04-07 23:52:33,116
2026-04-07 23:51:32,116
2026-04-11 17:43:01,116
2026-04-07 15:16:58,116
2026-04-10 01:40:16,115
2026-04-10 07:06:50,115
2026-04-10 06:53:37,115
2026-04-11 06:44:49,115
2026-04-10 02:04:41,115
2026-04-10 01:43:19,115
2026-04-10 02:06:43,115
2026-04-10 01:51:27,115
2026-04-10 08:10:58,115
2026-04-10 07:52:39,115
2026-04-10 02:16:53,115
2026-04-08 14:01:41,115
2026-04-08 14:08:48,115
2026-04-08 13:58:38,115
2026-04-12 14:22:49,115
2026-04-06 06:54:10,115
2026-04-12 13:45:11,115
2026-04-12 14:15:42,115
2026-04-10 17:41:38,115
2026-04-11 19:01:20,115
2026-04-10 02:02:39,115
2026-04-10 06:25:08,115
2026-04-08 13:47:26,115
2026-04-08 14:14:55,115
2026-04-10 07:34:19,115
2026-04-10 07:36:22,115
2026-04-07 15:08:50,115
2026-04-10 06:26:09,115
2026-04-07 15:12:54,115
2026-04-07 15:04:46,115
2026-04-07 15:06:48,115
2026-04-10 06:52:36,115
2026-04-11 06:00:04,115
2026-04-07 15:22:04,115
2026-04-12 01:51:56,115
2026-04-10 05:07:50,115
2026-04-12 12:59:22,115
2026-04-10 05:09:52,115
2026-04-10 04:10:52,115
2026-04-11 13:41:43,115
2026-04-12 14:55:20,115
2026-04-10 16:39:30,115
2026-04-10 16:00:46,115
2026-04-12 00:38:46,115
2026-04-10 17:25:21,115
2026-04-08 14:00:40,115
2026-04-08 14:15:56,115
2026-04-10 02:44:23,115
2026-04-10 06:41:24,115
2026-04-10 08:53:42,115
2026-04-08 12:29:08,115
2026-04-10 01:27:04,115
2026-04-10 09:00:50,115
2026-04-10 09:02:52,115
2026-04-10 08:48:37,115
2026-04-10 08:46:35,115
2026-04-10 04:09:51,115
2026-04-10 03:56:38,115
2026-04-10 03:34:16,115
2026-04-11 13:33:35,115
2026-04-07 15:07:49,115
2026-04-10 03:54:36,115
2026-04-10 09:07:57,115
2026-04-10 09:11:01,115
2026-04-10 05:26:09,115
2026-04-10 04:41:23,115
2026-04-08 16:10:56,115
2026-04-07 23:31:14,115
2026-04-07 08:49:47,115
2026-04-07 08:50:48,115
2026-04-07 23:36:19,115
2026-04-10 14:24:02,115
2026-04-07 08:39:37,115
2026-04-10 15:31:14,115
2026-04-10 15:32:15,115
2026-04-07 08:48:46,115
2026-04-10 04:53:35,115
2026-04-10 04:54:36,115
2026-04-11 17:42:00,115
2026-04-07 22:58:43,115
2026-04-11 18:15:34,115
2026-04-11 18:20:39,115
2026-04-11 18:21:40,115
2026-04-11 18:36:55,115
2026-04-11 18:14:33,115
2026-04-11 18:03:22,115
2026-04-11 06:46:51,115
2026-04-11 06:47:52,115
2026-04-11 18:58:17,115
2026-04-11 18:51:09,115
2026-04-12 13:44:10,115
2026-04-10 18:04:02,115
2026-04-11 14:07:09,115
2026-04-11 13:52:54,115
2026-04-11 18:57:16,115
2026-04-11 18:24:43,115
2026-04-08 14:35:16,115
2026-04-08 14:36:17,115
2026-04-07 22:52:38,114
2026-04-07 22:51:37,114
2026-04-11 18:56:15,114
2026-04-08 15:44:30,114
2026-04-08 15:45:31,114
2026-04-08 15:46:32,114
2026-04-08 14:31:12,114
2026-04-07 23:04:49,114
2026-04-12 12:56:19,114
2026-04-06 07:38:52,114
2026-04-06 07:39:53,114
2026-04-12 00:37:45,114
2026-04-07 23:21:05,114
2026-04-11 18:22:41,114
2026-04-07 23:19:03,114
2026-04-07 23:20:04,114
2026-04-08 13:16:56,114
2026-04-11 06:32:37,114
2026-04-11 18:52:10,114
2026-04-07 22:34:21,114
2026-04-08 13:13:52,114
2026-04-07 23:32:15,114
2026-04-10 00:11:53,114
2026-04-10 05:56:39,114
2026-04-08 00:51:28,114
2026-04-10 15:13:55,114
2026-04-10 15:03:45,114
2026-04-06 06:31:48,114
2026-04-06 06:30:47,114
2026-04-07 22:36:23,114
2026-04-10 15:29:12,114
2026-04-07 22:35:22,114
2026-04-07 22:49:35,114
2026-04-10 04:52:34,114
2026-04-10 04:51:33,114
2026-04-07 23:28:11,114
2026-04-07 23:33:16,114
2026-04-07 08:51:49,114
2026-04-10 02:31:09,114
2026-04-10 17:45:43,114
2026-04-12 12:58:21,114
2026-04-10 15:08:50,114
2026-04-10 17:46:44,114
2026-04-10 15:47:32,114
2026-04-10 15:45:30,114
2026-04-11 13:51:53,114
2026-04-11 13:34:36,114
2026-04-11 13:13:17,114
2026-04-12 14:14:41,114
2026-04-12 09:43:09,114
2026-04-10 06:50:34,114
2026-04-10 03:55:37,114
2026-04-11 13:37:39,114
2026-04-11 06:25:30,114
2026-04-10 05:25:08,114
2026-04-10 01:13:51,114
2026-04-10 08:40:28,114
2026-04-11 06:15:19,114
2026-04-11 06:13:17,114
2026-04-10 09:08:59,114
2026-04-10 09:19:09,114
2026-04-08 14:21:01,114
2026-04-08 16:06:52,114
2026-04-10 06:38:21,114
2026-04-10 04:08:50,114
2026-04-08 12:19:59,114
2026-04-08 12:28:07,114
2026-04-12 12:57:20,114
2026-04-11 14:20:22,114
2026-04-12 00:39:47,114
2026-04-12 01:48:54,114
2026-04-11 13:42:44,114
2026-04-10 02:05:42,114
2026-04-08 13:06:45,114
2026-04-08 13:07:46,114
2026-04-11 06:41:46,114
2026-04-07 23:54:35,114
2026-04-10 01:37:13,114
2026-04-10 01:38:14,114
2026-04-10 07:33:18,114
2026-04-08 00:13:53,114
2026-04-08 00:12:52,114
2026-04-10 07:51:38,114
2026-04-08 14:24:04,114
2026-04-08 14:25:05,114
2026-04-08 14:20:00,114
2026-04-11 18:59:18,114
2026-04-10 17:11:06,114
2026-04-12 01:58:03,114
2026-04-12 00:41:49,114
2026-04-12 13:46:12,114
2026-04-07 15:23:05,114
2026-04-10 06:24:07,114
2026-04-07 15:21:03,114
2026-04-07 15:05:47,114
2026-04-07 15:11:53,114
2026-04-10 15:57:43,114
2026-04-07 23:55:36,114
2026-04-10 07:05:49,114
2026-04-11 05:58:02,114
2026-04-10 01:12:50,114
2026-04-10 06:39:22,114
2026-04-08 00:50:27,113
2026-04-07 15:40:23,113
2026-04-10 05:55:38,113
2026-04-10 05:18:00,113
2026-04-06 06:17:35,113
2026-04-10 14:22:00,113
2026-04-10 14:53:34,113
2026-04-07 22:50:36,113
2026-04-07 22:30:17,113
2026-04-10 15:30:13,113
2026-04-06 06:19:37,113
2026-04-07 23:30:13,113
2026-04-11 13:32:34,113
2026-04-11 18:49:07,113
2026-04-08 13:34:13,113
2026-04-12 00:43:51,113
2026-04-11 18:48:06,113
2026-04-07 23:05:50,113
2026-04-08 14:26:07,113
2026-04-07 23:06:51,113
2026-04-11 13:38:40,113
2026-04-11 18:54:12,113
2026-04-08 13:29:08,113
2026-04-12 01:50:55,113
2026-04-11 06:42:47,113
2026-04-07 23:07:52,113
2026-04-10 15:12:54,113
2026-04-10 14:59:40,113
2026-04-07 22:57:42,113
2026-04-08 15:47:33,113
2026-04-10 03:43:25,113
2026-04-10 05:21:04,113
2026-04-12 01:52:57,113
2026-04-11 13:36:38,113
2026-04-12 02:03:08,113
2026-04-07 23:50:32,113
2026-04-11 05:57:01,113
2026-04-07 23:49:31,113
2026-04-08 13:46:25,113
2026-04-08 13:45:24,113
2026-04-12 00:53:00,113
2026-04-12 14:56:21,113
2026-04-12 14:59:24,113
2026-04-12 14:57:22,113
2026-04-10 17:10:05,113
2026-04-07 23:53:34,113
2026-04-08 16:05:51,113
2026-04-08 12:14:54,113
2026-04-10 00:12:54,113
2026-04-08 12:22:01,113
2026-04-08 12:23:02,113
2026-04-08 12:16:56,113
2026-04-08 12:15:55,113
2026-04-08 12:30:09,113
2026-04-10 05:24:07,113
2026-04-10 03:48:30,113
2026-04-10 03:51:33,113
2026-04-11 06:23:28,113
2026-04-11 06:14:18,113
2026-04-10 01:11:49,113
2026-04-11 06:09:13,113
2026-04-10 08:56:46,113
2026-04-11 13:39:41,113
2026-04-10 16:55:48,113
2026-04-12 00:57:05,113
2026-04-12 13:47:13,113
2026-04-12 14:21:48,113
2026-04-12 14:23:50,113
2026-04-10 17:59:58,113
2026-04-11 19:00:19,113
2026-04-12 00:40:48,113
2026-04-12 13:48:14,113
2026-04-10 07:26:11,113
2026-04-10 07:32:17,113
2026-04-07 23:56:37,113
2026-04-10 02:03:40,113
2026-04-11 18:35:54,113
2026-04-07 15:17:59,113
2026-04-07 15:24:06,113
2026-04-07 15:19:00,113
2026-04-12 14:16:43,113
2026-04-12 00:42:50,113
2026-04-11 13:12:16,113
2026-04-12 01:49:55,113
2026-04-12 00:51:59,113
2026-04-10 07:50:37,113
2026-04-10 07:47:33,113
2026-04-08 13:37:16,113
2026-04-10 08:09:57,113
2026-04-10 01:49:25,113
2026-04-10 07:25:10,113
2026-04-08 14:23:03,113
2026-04-08 14:22:02,113
2026-04-12 00:58:06,112
2026-04-11 18:55:14,112
2026-04-11 18:53:11,112
2026-04-08 14:33:14,112
2026-04-12 01:57:02,112
2026-04-07 23:22:05,112
2026-04-11 18:50:08,112
2026-04-07 22:28:15,112
2026-04-07 22:29:16,112
2026-04-07 22:33:20,112
2026-04-10 05:05:48,112
2026-04-07 23:01:46,112
2026-04-07 22:42:28,112
2026-04-12 01:28:34,112
2026-04-11 13:14:17,112
2026-04-10 06:56:40,112
2026-04-07 23:57:38,112
2026-04-11 06:39:44,112
2026-04-11 06:43:48,112
2026-04-07 22:53:39,112
2026-04-07 22:59:44,112
2026-04-08 14:34:15,112
2026-04-07 22:43:29,112
2026-04-12 00:54:01,112
2026-04-12 01:47:53,112
2026-04-12 14:49:14,112
2026-04-12 14:50:15,112
2026-04-12 14:51:16,112
2026-04-12 14:58:23,112
2026-04-10 16:40:31,112
2026-04-12 14:54:19,112
2026-04-12 02:01:06,112
2026-04-12 02:02:07,112
2026-04-10 05:02:45,112
2026-04-10 04:26:08,112
2026-04-10 15:42:26,112
2026-04-06 06:50:06,112
2026-04-06 06:51:07,112
2026-04-10 14:58:39,112
2026-04-10 15:05:47,112
2026-04-10 15:15:57,112
2026-04-10 15:01:42,112
2026-04-08 16:35:22,112
2026-04-08 16:36:23,112
2026-04-08 13:04:43,112
2026-04-08 00:22:01,112
2026-04-10 08:07:55,112
2026-04-10 01:36:12,112
2026-04-10 01:50:26,112
2026-04-06 06:16:34,112
2026-04-10 14:51:32,112
2026-04-07 08:57:55,112
2026-04-07 08:58:56,112
2026-04-06 06:09:27,112
2026-04-07 08:53:51,112
2026-04-07 23:37:20,112
2026-04-07 08:54:52,112
2026-04-07 23:27:10,112
2026-04-08 00:49:26,112
2026-04-10 00:19:00,112
2026-04-08 01:03:40,112
2026-04-07 15:39:22,112
2026-04-08 12:18:58,112
2026-04-08 12:26:05,112
2026-04-08 12:27:06,112
2026-04-07 15:44:27,112
2026-04-07 15:45:28,112
2026-04-08 16:42:29,112
2026-04-08 16:43:30,112
2026-04-08 15:52:38,112
2026-04-08 15:53:39,112
2026-04-11 05:59:03,112
2026-04-08 15:48:34,112
2026-04-08 15:51:37,112
2026-04-10 06:51:35,112
2026-04-07 15:26:08,112
2026-04-11 05:54:59,112
2026-04-10 06:23:05,112
2026-04-10 01:28:05,112
2026-04-08 00:10:50,112
2026-04-08 00:11:51,112
2026-04-08 13:19:59,112
2026-04-07 15:25:07,112
2026-04-10 01:10:48,112
2026-04-07 12:56:24,112
2026-04-07 12:57:25,112
2026-04-07 12:59:27,112
2026-04-10 03:52:34,112
2026-04-10 06:37:20,112
2026-04-10 01:26:03,112
2026-04-07 23:48:30,112
2026-04-11 06:18:23,112
2026-04-11 06:07:11,112
2026-04-11 06:08:12,112
2026-04-11 06:22:27,112
2026-04-10 06:10:53,112
2026-04-10 02:45:24,112
2026-04-10 02:46:25,112
2026-04-10 02:30:07,112
2026-04-07 17:09:49,112
2026-04-07 17:05:45,112
2026-04-12 14:20:47,112
2026-04-07 17:04:44,112
2026-04-12 00:55:02,112
2026-04-12 00:56:03,112
2026-04-11 13:40:42,112
2026-04-12 14:24:51,112
2026-04-08 13:21:00,112
2026-04-08 13:27:06,112
2026-04-08 13:28:07,112
2026-04-08 13:17:57,112
2026-04-11 13:15:18,112
2026-04-12 01:59:04,112
2026-04-12 00:50:58,112
2026-04-08 05:39:54,112
2026-04-06 07:35:49,112
2026-04-06 08:25:34,112
2026-04-08 14:30:11,112
2026-04-12 00:48:56,112
2026-04-12 00:49:57,112
2026-04-08 13:30:09,111
2026-04-07 23:03:48,111
2026-04-07 23:08:53,111
2026-04-07 22:37:23,111
2026-04-08 08:35:36,111
2026-04-07 17:21:00,111
2026-04-12 00:44:52,111
2026-04-12 00:45:53,111
2026-04-12 00:46:54,111
2026-04-12 00:47:55,111
2026-04-10 05:06:49,111
2026-04-07 23:00:45,111
2026-04-07 23:02:47,111
2026-04-07 17:19:59,111
2026-04-07 22:31:18,111
2026-04-06 06:34:51,111
2026-04-06 06:49:05,111
2026-04-08 00:41:19,111
2026-04-08 14:27:08,111
2026-04-07 22:46:32,111
2026-04-10 15:02:43,111
2026-04-06 06:52:08,111
2026-04-06 06:53:09,111
2026-04-06 06:32:49,111
2026-04-11 06:10:14,111
2026-04-11 06:11:15,111
2026-04-10 04:07:49,111
2026-04-10 03:29:11,111
2026-04-08 16:41:28,111
2026-04-08 13:44:23,111
2026-04-08 09:06:06,111
2026-04-12 01:30:36,111
2026-04-11 06:54:59,111
2026-04-08 15:49:35,111
2026-04-08 15:50:36,111
2026-04-11 18:25:44,111
2026-04-12 14:48:13,111
2026-04-12 14:52:17,111
2026-04-12 15:00:25,111
2026-04-12 02:00:05,111
2026-04-10 16:11:58,111
2026-04-10 05:22:05,111
2026-04-11 12:59:03,111
2026-04-11 13:35:37,111
2026-04-11 13:50:52,111
2026-04-10 16:41:33,111
2026-04-08 00:15:55,111
2026-04-08 00:16:56,111
2026-04-08 12:21:00,111
2026-04-07 15:41:24,111
2026-04-10 08:36:24,111
2026-04-10 08:37:25,111
2026-04-10 08:38:26,111
2026-04-07 15:43:26,111
2026-04-08 12:07:47,111
2026-04-08 12:08:48,111
2026-04-08 12:17:57,111
2026-04-08 00:53:30,111
2026-04-08 12:24:03,111
2026-04-10 00:13:55,111
2026-04-10 00:08:50,111
2026-04-08 01:04:41,111
2026-04-07 12:58:26,111
2026-04-07 13:00:28,111
2026-04-10 00:23:04,111
2026-04-10 08:39:27,111
2026-04-08 12:31:10,111
2026-04-10 08:06:54,111
2026-04-08 12:45:24,111
2026-04-10 07:24:09,111
2026-04-10 01:47:23,111
2026-04-08 16:04:50,111
2026-04-10 14:38:18,111
2026-04-10 07:48:34,111
2026-04-08 00:52:29,111
2026-04-12 16:27:41,111
2026-04-08 13:03:42,111
2026-04-11 06:48:53,111
2026-04-08 16:32:19,111
2026-04-10 04:40:22,111
2026-04-10 04:42:24,111
2026-04-10 04:27:09,111
2026-04-08 00:47:24,111
2026-04-08 00:48:25,111
2026-04-08 01:05:41,111
2026-04-08 01:06:42,111
2026-04-07 23:25:08,111
2026-04-07 23:39:21,111
2026-04-07 23:29:12,111
2026-04-12 01:39:45,111
2026-04-11 13:49:51,111
2026-04-07 08:56:54,111
2026-04-07 08:38:36,111
2026-04-10 05:16:59,111
2026-04-10 09:20:10,111
2026-04-12 16:28:42,111
2026-04-07 08:52:50,111
2026-04-07 08:55:53,111
2026-04-07 15:46:29,111
2026-04-08 15:54:40,111
2026-04-10 09:17:07,111
2026-04-10 09:18:08,111
2026-04-12 01:53:58,111
2026-04-12 01:54:59,111
2026-04-12 01:56:00,111
2026-04-12 14:17:44,111
2026-04-12 14:18:45,111
2026-04-10 01:23:00,111
2026-04-07 17:03:43,111
2026-04-06 07:24:38,111
2026-04-06 07:25:39,111
2026-04-06 07:37:51,111
2026-04-11 13:11:15,111
2026-04-10 05:52:35,111
2026-04-10 02:14:51,111
2026-04-11 06:51:56,111
2026-04-11 06:36:41,111
2026-04-12 01:45:51,111
2026-04-12 01:46:52,111
2026-04-08 14:32:13,111
2026-04-07 23:40:22,111
2026-04-08 13:33:12,111
2026-04-08 13:22:01,111
2026-04-08 13:38:17,111
2026-04-07 17:10:50,111
2026-04-07 17:13:53,111
2026-04-11 06:37:42,111
2026-04-08 00:18:58,111
2026-04-08 00:19:59,111
2026-04-07 23:58:39,111
2026-04-06 07:36:50,111
2026-04-06 07:40:54,111
2026-04-08 05:37:52,111
2026-04-08 05:38:53,111
2026-04-08 05:40:55,111
2026-04-08 05:46:00,110
2026-04-08 05:56:10,110
2026-04-08 05:41:56,110
2026-04-07 17:12:52,110
2026-04-08 00:04:45,110
2026-04-08 00:05:46,110
2026-04-07 23:47:29,110
2026-04-08 13:23:02,110
2026-04-11 06:57:01,110
2026-04-11 06:33:38,110
2026-04-12 01:33:39,110
2026-04-12 01:31:37,110
2026-04-07 23:09:54,110
2026-04-07 23:10:55,110
2026-04-07 23:11:56,110
2026-04-07 23:41:23,110
2026-04-07 23:42:24,110
2026-04-07 23:43:25,110
2026-04-10 07:23:08,110
2026-04-12 01:42:48,110
2026-04-12 01:27:33,110
2026-04-11 13:09:13,110
2026-04-10 06:09:52,110
2026-04-10 06:49:33,110
2026-04-08 00:03:44,110
2026-04-08 16:30:17,110
2026-04-11 05:52:57,110
2026-04-06 07:33:47,110
2026-04-12 14:19:46,110
2026-04-12 14:27:54,110
2026-04-07 17:06:46,110
2026-04-08 00:54:31,110
2026-04-08 00:45:22,110
2026-04-10 00:42:22,110
2026-04-10 00:27:08,110
2026-04-10 00:10:52,110
2026-04-10 09:12:02,110
2026-04-12 16:29:43,110
2026-04-12 16:35:49,110
2026-04-10 15:24:06,110
2026-04-10 05:53:36,110
2026-04-10 05:54:37,110
2026-04-07 23:26:09,110
2026-04-08 15:55:41,110
2026-04-12 01:40:46,110
2026-04-12 01:41:47,110
2026-04-10 05:41:24,110
2026-04-08 00:46:23,110
2026-04-12 01:38:44,110
2026-04-08 13:05:44,110
2026-04-08 13:18:58,110
2026-04-08 16:38:25,110
2026-04-10 07:42:28,110
2026-04-10 08:08:56,110
2026-04-10 07:56:43,110
2026-04-10 07:49:35,110
2026-04-08 13:00:39,110
2026-04-10 01:48:24,110
2026-04-08 00:21:00,110
2026-04-11 06:58:02,110
2026-04-07 13:01:29,110
2026-04-10 08:59:49,110
2026-04-10 00:28:09,110
2026-04-10 08:23:11,110
2026-04-10 08:25:13,110
2026-04-10 04:06:48,110
2026-04-10 00:09:51,110
2026-04-08 01:02:39,110
2026-04-08 12:09:49,110
2026-04-08 12:13:53,110
2026-04-08 12:33:12,110
2026-04-08 12:34:13,110
2026-04-07 15:42:25,110
2026-04-08 00:14:54,110
2026-04-06 06:18:36,110
2026-04-08 01:26:00,110
2026-04-08 01:27:01,110
2026-04-06 15:51:54,110
2026-04-10 14:20:59,110
2026-04-10 14:37:17,110
2026-04-10 07:02:46,110
2026-04-10 07:04:48,110
2026-04-10 15:39:23,110
2026-04-12 14:46:11,110
2026-04-12 14:47:12,110
2026-04-12 15:40:01,110
2026-04-12 14:53:18,110
2026-04-12 15:01:26,110
2026-04-12 15:03:28,110
2026-04-11 13:27:30,110
2026-04-11 13:45:47,110
2026-04-12 01:29:35,110
2026-04-12 01:37:43,110
2026-04-06 15:21:27,110
2026-04-10 16:09:56,110
2026-04-10 04:25:07,110
2026-04-08 13:31:10,110
2026-04-08 13:32:11,110
2026-04-10 17:44:42,110
2026-04-08 09:05:05,110
2026-04-11 13:43:45,110
2026-04-11 06:52:57,110
2026-04-08 16:00:46,110
2026-04-08 16:01:47,110
2026-04-08 16:40:27,110
2026-04-07 12:54:22,110
2026-04-07 15:27:09,110
2026-04-11 05:45:50,110
2026-04-11 05:46:51,110
2026-04-11 05:16:22,110
2026-04-10 06:21:03,110
2026-04-08 16:34:21,110
2026-04-07 12:55:23,110
2026-04-10 04:17:59,110
2026-04-10 04:19:00,110
2026-04-10 04:24:06,110
2026-04-10 15:04:46,110
2026-04-06 15:52:55,110
2026-04-08 00:23:02,110
2026-04-08 14:28:09,110
2026-04-12 01:35:41,110
2026-04-07 23:12:57,110
2026-04-07 22:27:14,110
2026-04-07 22:32:19,110
2026-04-07 23:23:06,110
2026-04-07 23:18:02,110
2026-04-07 22:48:34,110
2026-04-07 22:38:24,110
2026-04-07 22:56:41,110
2026-04-07 17:07:47,110
2026-04-10 21:49:39,110
2026-04-10 17:53:51,110
2026-04-06 07:34:48,110
2026-04-07 17:23:02,110
2026-04-11 13:44:46,110
2026-04-07 17:22:01,110
2026-04-07 22:39:25,110
2026-04-08 14:29:10,110
2026-04-08 00:42:20,110
2026-04-11 18:34:53,110
2026-04-08 08:31:32,109
2026-04-10 04:22:04,109
2026-04-10 04:03:45,109
2026-04-11 13:10:14,109
2026-04-10 05:19:02,109
2026-04-10 05:20:03,109
2026-04-10 05:13:56,109
2026-04-08 08:34:35,109
2026-04-08 00:07:47,109
2026-04-08 00:40:18,109
2026-04-12 16:39:52,109
2026-04-10 05:04:47,109
2026-04-10 10:10:01,109
2026-04-08 01:24:59,109
2026-04-08 00:37:15,109
2026-04-12 14:03:30,109
2026-04-07 09:31:27,109
2026-04-10 18:07:05,109
2026-04-12 13:52:18,109
2026-04-12 13:53:19,109
2026-04-06 08:35:43,109
2026-04-06 07:31:45,109
2026-04-10 04:39:21,109
2026-04-12 13:49:15,109
2026-04-06 07:26:40,109
2026-04-08 05:42:57,109
2026-04-08 05:47:01,109
2026-04-07 17:11:51,109
2026-04-07 17:14:54,109
2026-04-08 05:44:59,109
2026-04-07 23:24:07,109
2026-04-10 07:22:07,109
2026-04-10 07:31:16,109
2026-04-07 23:44:26,109
2026-04-08 00:35:13,109
2026-04-06 15:22:28,109
2026-04-07 23:45:27,109
2026-04-12 15:02:27,109
2026-04-07 23:46:28,109
2026-04-08 16:44:31,109
2026-04-08 00:09:49,109
2026-04-10 01:34:10,109
2026-04-10 14:54:35,109
2026-04-06 06:12:30,109
2026-04-08 00:36:14,109
2026-04-06 15:20:26,109
2026-04-06 07:10:25,109
2026-04-06 07:11:26,109
2026-04-11 13:31:34,109
2026-04-07 17:02:42,109
2026-04-07 09:37:33,109
2026-04-12 16:25:39,109
2026-04-12 16:26:40,109
2026-04-07 09:46:41,109
2026-04-07 09:47:42,109
2026-04-07 09:39:35,109
2026-04-07 09:41:37,109
2026-04-07 09:32:28,109
2026-04-07 09:42:37,109
2026-04-10 14:36:15,109
2026-04-08 13:26:05,109
2026-04-11 07:00:04,109
2026-04-10 15:28:11,109
2026-04-10 14:34:13,109
2026-04-08 01:01:38,109
2026-04-10 00:07:49,109
2026-04-07 15:47:30,109
2026-04-10 01:07:45,109
2026-04-11 05:47:52,109
2026-04-06 15:50:54,109
2026-04-08 09:12:12,109
2026-04-12 16:36:50,109
2026-04-08 12:32:11,109
2026-04-10 21:48:38,109
2026-04-10 06:36:19,109
2026-04-07 12:53:21,109
2026-04-12 14:32:58,109
2026-04-10 09:26:17,109
2026-04-10 09:16:06,109
2026-04-07 15:38:21,109
2026-04-10 06:32:15,109
2026-04-08 15:59:45,109
2026-04-08 16:02:48,109
2026-04-08 16:49:36,109
2026-04-10 21:50:40,109
2026-04-11 13:22:25,109
2026-04-10 06:07:50,109
2026-04-10 06:11:54,109
2026-04-07 23:38:20,109
2026-04-08 16:39:26,109
2026-04-08 16:31:18,109
2026-04-10 03:49:31,109
2026-04-08 16:03:49,109
2026-04-10 00:57:36,109
2026-04-08 00:17:57,109
2026-04-10 14:18:57,109
2026-04-10 14:19:58,109
2026-04-11 06:50:55,109
2026-04-11 06:40:45,109
2026-04-08 13:01:40,109
2026-04-11 05:18:23,109
2026-04-10 08:26:14,109
2026-04-10 08:57:47,109
2026-04-10 08:58:48,109
2026-04-07 22:41:27,109
2026-04-07 22:40:26,109
2026-04-10 00:43:23,109
2026-04-11 04:53:00,109
2026-04-11 04:57:04,109
2026-04-11 04:58:05,109
2026-04-10 04:50:32,109
2026-04-07 22:55:41,109
2026-04-08 08:32:33,109
2026-04-11 05:17:22,109
2026-04-08 12:25:04,109
2026-04-08 00:56:33,109
2026-04-10 08:34:22,109
2026-04-07 22:45:31,109
2026-04-07 22:47:33,109
2026-04-12 01:36:42,109
2026-04-11 13:01:05,109
2026-04-08 08:30:31,109
2026-04-10 04:33:15,109
2026-04-08 05:36:52,109
2026-04-10 13:38:16,109
2026-04-11 12:58:02,109
2026-04-07 22:54:40,109
2026-04-10 08:04:52,109
2026-04-10 05:03:46,109
2026-04-12 01:34:40,109
2026-04-11 13:48:50,109
2026-04-07 23:13:58,108
2026-04-07 22:25:12,108
2026-04-10 05:01:43,108
2026-04-11 13:47:49,108
2026-04-07 23:17:01,108
2026-04-07 22:23:11,108
2026-04-07 22:22:10,108
2026-04-11 13:08:12,108
2026-04-12 01:32:38,108
2026-04-08 12:58:37,108
2026-04-10 07:43:29,108
2026-04-10 07:44:30,108
2026-04-10 07:45:31,108
2026-04-10 08:05:53,108
2026-04-10 08:01:49,108
2026-04-10 04:34:16,108
2026-04-11 13:00:04,108
2026-04-11 12:57:01,108
2026-04-08 05:58:12,108
2026-04-08 05:59:13,108
2026-04-08 05:55:09,108
2026-04-11 13:30:33,108
2026-04-10 04:36:18,108
2026-04-11 13:16:19,108
2026-04-11 18:33:52,108
2026-04-10 04:58:40,108
2026-04-08 00:55:32,108
2026-04-10 08:35:23,108
2026-04-11 05:32:37,108
2026-04-11 04:54:01,108
2026-04-08 12:37:16,108
2026-04-07 22:44:30,108
2026-04-10 00:41:21,108
2026-04-10 14:35:14,108
2026-04-10 15:00:41,108
2026-04-10 14:49:29,108
2026-04-10 14:50:30,108
2026-04-08 01:28:02,108
2026-04-10 14:07:46,108
2026-04-06 06:08:26,108
2026-04-07 08:59:57,108
2026-04-08 00:34:12,108
2026-04-11 06:56:00,108
2026-04-08 13:39:18,108
2026-04-08 13:41:20,108
2026-04-08 13:43:22,108
2026-04-10 03:30:12,108
2026-04-08 16:37:24,108
2026-04-08 16:50:37,108
2026-04-12 14:26:53,108
2026-04-10 06:02:45,108
2026-04-08 09:01:01,108
2026-04-12 14:10:37,108
2026-04-12 14:11:38,108
2026-04-10 06:05:48,108
2026-04-10 06:08:51,108
2026-04-10 05:27:10,108
2026-04-10 03:50:32,108
2026-04-10 22:00:50,108
2026-04-12 14:28:55,108
2026-04-12 14:29:56,108
2026-04-08 16:33:20,108
2026-04-10 00:38:18,108
2026-04-12 14:30:57,108
2026-04-08 09:07:07,108
2026-04-10 08:41:30,108
2026-04-10 01:25:02,108
2026-04-10 00:14:56,108
2026-04-10 01:17:55,108
2026-04-10 01:18:56,108
2026-04-10 08:32:20,108
2026-04-10 00:17:59,108
2026-04-10 00:26:07,108
2026-04-08 12:38:17,108
2026-04-06 15:32:37,108
2026-04-08 09:00:00,108
2026-04-10 22:16:05,108
2026-04-10 06:35:18,108
2026-04-08 09:14:14,108
2026-04-08 09:16:16,108
2026-04-07 15:49:32,108
2026-04-12 16:37:51,108
2026-04-12 16:38:52,108
2026-04-10 00:20:01,108
2026-04-11 06:21:26,108
2026-04-08 13:24:03,108
2026-04-08 13:25:04,108
2026-04-06 06:27:45,108
2026-04-07 08:37:35,108
2026-04-08 12:59:38,108
2026-04-08 12:44:23,108
2026-04-08 12:46:25,108
2026-04-10 13:37:15,108
2026-04-07 09:49:44,108
2026-04-07 09:50:45,108
2026-04-07 09:38:34,108
2026-04-08 13:02:41,108
2026-04-07 15:29:11,108
2026-04-07 09:45:40,108
2026-04-07 09:43:38,108
2026-04-07 09:44:39,108
2026-04-06 06:07:25,108
2026-04-11 13:23:26,108
2026-04-11 13:24:27,108
2026-04-11 13:25:28,108
2026-04-06 07:09:24,108
2026-04-10 05:38:21,108
2026-04-06 06:33:50,108
2026-04-10 01:19:57,108
2026-04-10 07:01:45,108
2026-04-10 07:03:47,108
2026-04-08 00:00:41,108
2026-04-06 15:47:51,108
2026-04-10 06:22:04,108
2026-04-12 14:13:39,108
2026-04-08 00:08:48,108
2026-04-07 17:08:48,108
2026-04-08 08:36:37,108
2026-04-08 09:02:02,108
2026-04-07 15:28:10,108
2026-04-11 06:53:58,108
2026-04-11 05:48:53,108
2026-04-11 06:49:54,108
2026-04-08 00:43:21,108
2026-04-08 05:57:11,108
2026-04-11 13:04:08,108
2026-04-08 15:57:43,108
2026-04-08 15:58:44,108
2026-04-06 07:32:46,108
2026-04-06 07:23:37,108
2026-04-06 07:30:44,108
2026-04-12 13:50:16,108
2026-04-06 07:41:55,108
2026-04-06 08:23:32,108
2026-04-06 08:24:33,108
2026-04-12 13:56:22,108
2026-04-12 13:57:23,108
2026-04-12 14:04:31,108
2026-04-12 14:05:32,108
2026-04-12 13:51:17,108
2026-04-11 05:44:49,108
2026-04-11 05:51:55,108
2026-04-11 05:53:58,108
2026-04-10 01:35:11,108
2026-04-11 07:01:05,108
2026-04-07 23:59:40,108
2026-04-08 00:06:47,108
2026-04-11 13:26:29,108
2026-04-11 13:28:31,108
2026-04-10 04:13:55,108
2026-04-10 04:38:20,108
2026-04-10 04:21:03,108
2026-04-10 04:23:05,108
2026-04-08 08:33:34,108
2026-04-07 17:18:58,108
2026-04-07 17:24:03,108
2026-04-08 08:43:44,108
2026-04-10 08:24:12,108
2026-04-11 18:26:45,107
2026-04-10 04:35:17,107
2026-04-12 01:43:49,107
2026-04-11 04:55:02,107
2026-04-11 05:30:35,107
2026-04-07 15:36:19,107
2026-04-08 12:12:52,107
2026-04-08 01:07:43,107
2026-04-10 04:48:30,107
2026-04-08 08:42:43,107
2026-04-08 08:29:30,107
2026-04-10 04:02:44,107
2026-04-12 16:40:53,107
2026-04-08 00:38:16,107
2026-04-08 00:39:17,107
2026-04-11 05:42:47,107
2026-04-11 05:43:48,107
2026-04-11 05:31:36,107
2026-04-11 05:15:21,107
2026-04-10 01:08:46,107
2026-04-10 01:09:47,107
2026-04-10 00:56:35,107
2026-04-08 09:04:04,107
2026-04-12 15:43:04,107
2026-04-12 14:45:10,107
2026-04-12 14:31:57,107
2026-04-12 15:41:02,107
2026-04-10 17:39:36,107
2026-04-12 15:07:32,107
2026-04-08 08:50:51,107
2026-04-08 08:37:38,107
2026-04-10 17:40:37,107
2026-04-10 16:10:57,107
2026-04-12 15:42:03,107
2026-04-12 14:12:39,107
2026-04-06 15:17:23,107
2026-04-08 09:27:27,107
2026-04-06 15:23:29,107
2026-04-08 16:45:32,107
2026-04-08 00:24:03,107
2026-04-10 22:05:55,107
2026-04-10 07:18:02,107
2026-04-10 14:47:27,107
2026-04-10 14:48:28,107
2026-04-06 06:47:03,107
2026-04-12 15:05:30,107
2026-04-10 15:54:40,107
2026-04-08 12:05:45,107
2026-04-08 12:06:46,107
2026-04-08 11:59:39,107
2026-04-08 12:00:40,107
2026-04-10 14:29:08,107
2026-04-06 15:49:53,107
2026-04-11 06:59:03,107
2026-04-10 06:48:32,107
2026-04-08 03:04:36,107
2026-04-10 01:06:44,107
2026-04-11 05:56:00,107
2026-04-10 01:24:01,107
2026-04-08 03:07:39,107
2026-04-08 03:02:34,107
2026-04-10 00:21:02,107
2026-04-10 00:22:03,107
2026-04-07 15:50:33,107
2026-04-07 15:51:34,107
2026-04-08 12:35:14,107
2026-04-08 09:20:20,107
2026-04-08 09:13:13,107
2026-04-08 09:15:15,107
2026-04-08 08:58:59,107
2026-04-10 03:32:14,107
2026-04-10 03:47:29,107
2026-04-08 16:46:33,107
2026-04-08 09:19:19,107
2026-04-12 14:07:34,107
2026-04-12 14:25:52,107
2026-04-08 16:52:39,107
2026-04-08 09:17:17,107
2026-04-08 09:18:18,107
2026-04-08 00:01:42,107
2026-04-10 03:31:13,107
2026-04-10 05:51:34,107
2026-04-10 06:47:30,107
2026-04-11 06:38:43,107
2026-04-10 07:12:57,107
2026-04-10 07:17:01,107
2026-04-08 00:33:11,107
2026-04-08 00:25:04,107
2026-04-08 00:26:05,107
2026-04-08 01:33:07,107
2026-04-10 14:08:47,107
2026-04-10 13:52:30,107
2026-04-10 13:53:31,107
2026-04-10 14:57:38,107
2026-04-08 00:44:22,107
2026-04-10 09:27:18,107
2026-04-07 15:37:20,107
2026-04-08 12:43:22,107
2026-04-10 08:33:21,107
2026-04-08 09:08:08,107
2026-04-10 21:55:45,107
2026-04-08 16:48:35,107
2026-04-10 22:03:53,107
2026-04-10 05:57:40,107
2026-04-10 06:33:16,107
2026-04-10 06:34:17,107
2026-04-07 17:00:40,107
2026-04-11 13:19:22,107
2026-04-07 16:43:24,107
2026-04-07 17:01:41,107
2026-04-07 16:59:39,107
2026-04-12 15:36:58,107
2026-04-07 15:48:31,107
2026-04-07 15:34:16,107
2026-04-12 15:39:00,107
2026-04-08 12:53:32,107
2026-04-08 12:55:34,107
2026-04-07 09:40:36,107
2026-04-06 05:56:15,107
2026-04-07 16:27:08,107
2026-04-07 16:30:11,107
2026-04-07 09:27:23,107
2026-04-07 09:29:25,107
2026-04-07 09:30:26,107
2026-04-06 05:55:14,107
2026-04-08 12:47:26,107
2026-04-12 13:55:21,107
2026-04-12 14:06:33,107
2026-04-08 04:43:07,107
2026-04-08 05:51:05,107
2026-04-12 13:58:24,107
2026-04-07 16:58:38,107
2026-04-08 15:56:42,107
2026-04-08 06:01:15,107
2026-04-08 05:48:02,107
2026-04-08 05:33:49,107
2026-04-08 05:34:50,107
2026-04-08 05:35:51,107
2026-04-10 20:20:12,107
2026-04-10 20:21:13,107
2026-04-08 05:43:58,107
2026-04-08 08:49:50,107
2026-04-08 06:02:16,107
2026-04-08 06:03:17,107
2026-04-08 08:57:58,107
2026-04-11 12:56:00,107
2026-04-10 05:40:23,107
2026-04-08 04:48:11,107
2026-04-07 09:08:05,107
2026-04-08 12:51:30,107
2026-04-10 08:22:09,107
2026-04-10 08:11:59,107
2026-04-08 12:56:35,107
2026-04-08 12:57:36,107
2026-04-10 08:03:51,107
2026-04-07 23:16:00,107
2026-04-07 17:15:55,107
2026-04-12 01:44:50,107
2026-04-10 20:49:41,107
2026-04-10 20:35:28,107
2026-04-10 20:36:29,107
2026-04-11 13:46:48,107
2026-04-12 01:26:32,107
2026-04-11 13:29:32,107
2026-04-07 17:16:56,107
2026-04-07 22:26:13,107
2026-04-12 01:10:17,106
2026-04-11 13:05:09,106
2026-04-10 04:37:19,106
2026-04-08 08:41:42,106
2026-04-08 08:28:29,106
2026-04-12 00:59:07,106
2026-04-10 04:47:29,106
2026-04-12 01:25:31,106
2026-04-12 01:12:19,106
2026-04-11 13:07:11,106
2026-04-12 01:24:30,106
2026-04-10 20:50:42,106
2026-04-10 20:34:27,106
2026-04-10 00:48:27,106
2026-04-08 12:49:28,106
2026-04-08 12:50:29,106
2026-04-08 12:48:27,106
2026-04-07 16:29:10,106
2026-04-07 09:12:08,106
2026-04-07 16:28:09,106
2026-04-07 16:31:12,106
2026-04-10 09:54:46,106
2026-04-07 16:26:07,106
2026-04-07 09:35:31,106
2026-04-07 09:36:32,106
2026-04-07 09:48:43,106
2026-04-08 12:52:31,106
2026-04-12 15:12:36,106
2026-04-10 14:25:03,106
2026-04-10 14:05:44,106
2026-04-10 13:07:46,106
2026-04-10 13:08:47,106
2026-04-10 14:04:43,106
2026-04-08 01:19:55,106
2026-04-10 15:25:07,106
2026-04-08 01:20:56,106
2026-04-08 01:12:48,106
2026-04-10 08:02:50,106
2026-04-12 16:33:47,106
2026-04-08 13:40:19,106
2026-04-08 13:42:21,106
2026-04-08 12:03:43,106
2026-04-06 15:48:52,106
2026-04-08 12:10:50,106
2026-04-08 12:11:51,106
2026-04-08 12:04:44,106
2026-04-10 14:30:09,106
2026-04-10 14:17:56,106
2026-04-12 13:59:25,106
2026-04-12 15:04:29,106
2026-04-06 06:29:47,106
2026-04-10 15:27:10,106
2026-04-06 05:41:01,106
2026-04-06 15:35:40,106
2026-04-10 22:19:08,106
2026-04-10 22:04:54,106
2026-04-10 07:19:03,106
2026-04-10 01:59:36,106
2026-04-07 15:30:12,106
2026-04-11 05:41:46,106
2026-04-08 00:57:34,106
2026-04-08 01:21:56,106
2026-04-08 01:23:58,106
2026-04-12 15:45:06,106
2026-04-12 16:30:44,106
2026-04-12 16:24:38,106
2026-04-12 16:31:45,106
2026-04-06 15:46:50,106
2026-04-08 09:26:26,106
2026-04-12 14:43:08,106
2026-04-12 14:44:09,106
2026-04-06 15:18:24,106
2026-04-06 15:27:32,106
2026-04-10 15:56:42,106
2026-04-12 15:06:31,106
2026-04-12 14:41:06,106
2026-04-12 15:08:33,106
2026-04-12 14:09:36,106
2026-04-12 15:44:05,106
2026-04-12 14:00:26,106
2026-04-08 09:03:03,106
2026-04-08 09:21:21,106
2026-04-08 09:22:22,106
2026-04-08 09:23:23,106
2026-04-10 06:27:10,106
2026-04-07 12:51:19,106
2026-04-07 15:52:35,106
2026-04-10 00:06:48,106
2026-04-08 03:06:38,106
2026-04-08 03:09:40,106
2026-04-08 03:01:33,106
2026-04-08 03:08:40,106
2026-04-08 01:11:47,106
2026-04-08 03:03:35,106
2026-04-08 03:05:37,106
2026-04-08 16:51:38,106
2026-04-10 06:01:44,106
2026-04-08 00:02:43,106
2026-04-10 02:15:52,106
2026-04-10 03:45:27,106
2026-04-08 16:53:40,106
2026-04-06 15:06:13,106
2026-04-08 09:09:09,106
2026-04-08 09:10:10,106
2026-04-10 04:05:47,106
2026-04-08 16:47:34,106
2026-04-10 22:15:04,106
2026-04-10 22:33:21,106
2026-04-10 21:51:41,106
2026-04-10 17:55:53,106
2026-04-10 06:42:25,106
2026-04-10 00:24:05,106
2026-04-08 12:39:18,106
2026-04-08 12:42:21,106
2026-04-10 08:45:34,106
2026-04-12 15:37:59,106
2026-04-09 23:53:36,106
2026-04-10 09:28:19,106
2026-04-10 09:29:20,106
2026-04-12 16:34:48,106
2026-04-06 08:30:39,106
2026-04-06 08:31:39,106
2026-04-06 08:20:29,106
2026-04-06 06:06:24,106
2026-04-06 06:42:59,106
2026-04-12 14:37:02,106
2026-04-07 16:40:21,106
2026-04-07 16:41:22,106
2026-04-07 16:42:23,106
2026-04-11 13:20:23,106
2026-04-10 05:36:19,106
2026-04-10 05:39:22,106
2026-04-10 06:06:49,106
2026-04-06 08:34:42,106
2026-04-07 16:57:37,106
2026-04-06 08:22:31,106
2026-04-08 05:50:04,106
2026-04-12 13:54:20,106
2026-04-06 08:46:53,106
2026-04-06 08:48:55,106
2026-04-06 08:50:57,106
2026-04-12 14:02:28,106
2026-04-08 04:44:08,106
2026-04-08 04:45:09,106
2026-04-10 19:50:43,106
2026-04-10 19:51:44,106
2026-04-10 19:56:49,106
2026-04-06 09:23:25,106
2026-04-08 04:42:06,106
2026-04-08 08:38:39,106
2026-04-07 17:27:07,106
2026-04-10 20:06:59,106
2026-04-10 20:01:54,106
2026-04-10 20:04:57,106
2026-04-10 20:05:58,106
2026-04-08 05:32:48,106
2026-04-07 17:25:04,106
2026-04-07 17:26:06,106
2026-04-07 15:35:17,106
2026-04-08 01:08:44,106
2026-04-11 04:56:03,106
2026-04-11 05:33:38,106
2026-04-10 04:49:31,106
2026-04-12 01:00:08,106
2026-04-07 22:24:11,106
2026-04-08 04:46:09,105
2026-04-08 04:47:10,105
2026-04-06 08:53:59,105
2026-04-06 08:47:54,105
2026-04-06 08:49:56,105
2026-04-08 02:01:35,105
2026-04-11 12:54:59,105
2026-04-10 19:46:39,105
2026-04-06 08:38:46,105
2026-04-06 08:39:47,105
2026-04-11 13:03:07,105
2026-04-06 06:57:13,105
2026-04-06 08:26:35,105
2026-04-06 08:33:41,105
2026-04-10 18:21:19,105
2026-04-06 08:36:44,105
2026-04-10 23:18:04,105
2026-04-08 03:10:41,105
2026-04-07 15:53:36,105
2026-04-10 08:31:19,105
2026-04-10 00:25:06,105
2026-04-10 01:21:59,105
2026-04-10 01:03:41,105
2026-04-10 01:04:42,105
2026-04-10 01:20:58,105
2026-04-08 01:00:37,105
2026-04-07 15:33:15,105
2026-04-07 15:55:38,105
2026-04-10 00:05:47,105
2026-04-08 12:40:19,105
2026-04-08 12:41:20,105
2026-04-11 05:27:32,105
2026-04-11 05:12:18,105
2026-04-08 01:14:50,105
2026-04-07 16:34:15,105
2026-04-07 16:25:06,105
2026-04-07 16:19:00,105
2026-04-07 15:31:13,105
2026-04-07 15:32:14,105
2026-04-05 16:01:50,105
2026-04-10 07:27:12,105
2026-04-08 12:54:33,105
2026-04-10 09:55:47,105
2026-04-08 00:58:35,105
2026-04-08 01:22:58,105
2026-04-08 01:09:45,105
2026-04-08 01:10:46,105
2026-04-08 12:36:15,105
2026-04-07 16:20:01,105
2026-04-12 16:32:46,105
2026-04-09 23:08:56,105
2026-04-07 16:39:20,105
2026-04-06 07:06:21,105
2026-04-06 07:07:22,105
2026-04-06 07:22:36,105
2026-04-06 07:08:23,105
2026-04-07 16:54:35,105
2026-04-07 16:55:35,105
2026-04-07 16:56:36,105
2026-04-10 03:58:40,105
2026-04-10 03:46:28,105
2026-04-10 05:37:20,105
2026-04-11 13:18:21,105
2026-04-10 22:35:23,105
2026-04-06 15:05:13,105
2026-04-08 08:44:45,105
2026-04-08 08:45:46,105
2026-04-08 01:34:08,105
2026-04-08 01:30:04,105
2026-04-08 01:31:05,105
2026-04-08 01:32:06,105
2026-04-08 01:18:54,105
2026-04-07 09:09:06,105
2026-04-07 09:10:07,105
2026-04-10 00:58:37,105
2026-04-08 01:29:03,105
2026-04-07 16:10:53,105
2026-04-07 09:13:10,105
2026-04-10 14:03:41,105
2026-04-07 09:33:29,105
2026-04-07 09:34:30,105
2026-04-07 09:26:22,105
2026-04-07 09:28:24,105
2026-04-07 09:03:00,105
2026-04-10 21:35:25,105
2026-04-10 22:34:22,105
2026-04-08 09:11:11,105
2026-04-08 16:54:41,105
2026-04-10 03:44:26,105
2026-04-10 06:03:46,105
2026-04-12 14:35:00,105
2026-04-12 14:08:35,105
2026-04-06 15:02:10,105
2026-04-12 15:11:35,105
2026-04-12 14:33:59,105
2026-04-12 14:40:05,105
2026-04-08 08:46:47,105
2026-04-08 08:51:52,105
2026-04-08 09:25:25,105
2026-04-06 15:07:14,105
2026-04-06 06:46:02,105
2026-04-06 06:48:04,105
2026-04-10 07:21:06,105
2026-04-10 22:20:09,105
2026-04-10 23:04:51,105
2026-04-10 14:31:10,105
2026-04-08 11:58:38,105
2026-04-10 14:14:53,105
2026-04-10 14:06:45,105
2026-04-10 14:32:11,105
2026-04-10 14:33:12,105
2026-04-10 14:43:23,105
2026-04-12 16:41:54,105
2026-04-12 16:42:55,105
2026-04-08 09:24:24,105
2026-04-12 14:01:27,105
2026-04-10 01:33:09,105
2026-04-07 12:52:20,105
2026-04-08 17:07:53,105
2026-04-08 17:08:54,105
2026-04-06 05:40:00,105
2026-04-10 15:09:51,105
2026-04-10 15:40:24,105
2026-04-10 15:41:25,105
2026-04-12 01:04:11,105
2026-04-12 01:06:13,105
2026-04-08 08:47:48,105
2026-04-08 08:48:49,105
2026-04-10 04:04:46,105
2026-04-10 04:20:01,105
2026-04-10 04:59:41,105
2026-04-10 20:19:11,105
2026-04-07 17:28:08,105
2026-04-08 08:55:56,105
2026-04-08 06:04:18,105
2026-04-08 06:00:14,105
2026-04-08 05:49:03,105
2026-04-08 05:52:06,105
2026-04-07 22:21:09,105
2026-04-11 18:29:48,105
2026-04-10 00:03:46,105
2026-04-10 00:52:31,105
2026-04-10 00:53:32,105
2026-04-12 01:11:18,105
2026-04-12 01:13:20,105
2026-04-11 18:32:51,105
2026-04-08 08:27:28,105
2026-04-11 18:30:49,105
2026-04-07 22:19:07,105
2026-04-07 17:17:57,105
2026-04-12 01:21:28,104
2026-04-12 01:22:29,104
2026-04-07 22:20:08,104
2026-04-07 23:14:59,104
2026-04-08 08:23:24,104
2026-04-08 08:25:26,104
2026-04-08 08:26:28,104
2026-04-08 07:36:41,104
2026-04-08 07:37:42,104
2026-04-08 07:29:34,104
2026-04-08 07:31:36,104
2026-04-08 07:35:40,104
2026-04-10 20:31:24,104
2026-04-10 20:48:40,104
2026-04-11 13:21:24,104
2026-04-12 01:23:29,104
2026-04-11 18:31:50,104
2026-04-09 23:57:40,104
2026-04-10 00:39:19,104
2026-04-10 08:27:15,104
2026-04-10 21:36:26,104
2026-04-08 05:54:08,104
2026-04-10 20:26:18,104
2026-04-10 20:03:56,104
2026-04-10 19:49:42,104
2026-04-07 16:45:26,104
2026-04-08 06:35:45,104
2026-04-08 06:36:46,104
2026-04-08 08:56:57,104
2026-04-08 08:39:40,104
2026-04-10 04:16:58,104
2026-04-10 05:00:42,104
2026-04-12 01:05:13,104
2026-04-12 01:02:10,104
2026-04-07 22:18:06,104
2026-04-12 01:01:09,104
2026-04-11 18:28:47,104
2026-04-11 18:27:46,104
2026-04-10 15:55:41,104
2026-04-12 15:14:38,104
2026-04-10 15:26:09,104
2026-04-12 14:42:07,104
2026-04-06 15:19:25,104
2026-04-06 15:53:56,104
2026-04-08 09:28:28,104
2026-04-08 09:29:29,104
2026-04-08 17:17:02,104
2026-04-08 17:18:03,104
2026-04-08 17:09:55,104
2026-04-11 07:15:19,104
2026-04-08 02:38:11,104
2026-04-10 02:01:38,104
2026-04-08 02:36:09,104
2026-04-08 02:37:10,104
2026-04-12 16:45:58,104
2026-04-08 08:52:53,104
2026-04-08 08:53:54,104
2026-04-08 08:54:55,104
2026-04-07 09:01:59,104
2026-04-10 13:59:37,104
2026-04-10 14:02:40,104
2026-04-10 14:44:24,104
2026-04-08 11:44:24,104
2026-04-10 22:48:36,104
2026-04-10 22:49:37,104
2026-04-11 07:30:33,104
2026-04-11 07:31:34,104
2026-04-08 17:04:50,104
2026-04-10 23:03:50,104
2026-04-10 23:05:52,104
2026-04-10 23:00:47,104
2026-04-06 15:28:33,104
2026-04-06 15:36:41,104
2026-04-06 15:34:39,104
2026-04-06 15:42:46,104
2026-04-06 15:08:15,104
2026-04-12 15:09:33,104
2026-04-12 15:10:34,104
2026-04-12 15:34:56,104
2026-04-12 14:36:01,104
2026-04-06 15:29:34,104
2026-04-06 15:30:35,104
2026-04-06 15:33:38,104
2026-04-06 15:03:11,104
2026-04-08 16:55:42,104
2026-04-08 16:57:44,104
2026-04-13 14:10:46,104
2026-04-13 14:09:45,104
2026-04-10 05:50:33,104
2026-04-12 14:38:03,104
2026-04-10 17:54:52,104
2026-04-10 21:34:24,104
2026-04-10 21:46:36,104
2026-04-10 21:47:37,104
2026-04-10 13:49:27,104
2026-04-06 05:54:13,104
2026-04-07 09:04:01,104
2026-04-07 09:05:02,104
2026-04-07 09:25:21,104
2026-04-07 16:09:52,104
2026-04-07 16:21:02,104
2026-04-10 13:36:14,104
2026-04-07 09:06:03,104
2026-04-10 08:19:06,104
2026-04-10 00:49:28,104
2026-04-10 01:05:43,104
2026-04-08 01:47:21,104
2026-04-08 01:35:09,104
2026-04-08 01:17:53,104
2026-04-10 22:14:03,104
2026-04-10 20:51:43,104
2026-04-10 22:10:59,104
2026-04-10 22:02:52,104
2026-04-07 21:23:26,104
2026-04-07 21:24:26,104
2026-04-07 21:25:27,104
2026-04-07 21:22:25,104
2026-04-07 16:50:31,104
2026-04-07 16:51:32,104
2026-04-07 16:52:33,104
2026-04-07 16:44:25,104
2026-04-07 16:38:19,104
2026-04-06 08:02:13,104
2026-04-06 06:15:33,104
2026-04-06 06:05:23,104
2026-04-07 16:22:03,104
2026-04-07 16:23:04,104
2026-04-08 03:19:50,104
2026-04-09 23:42:26,104
2026-04-08 03:11:42,104
2026-04-08 03:12:43,104
2026-04-08 03:18:49,104
2026-04-10 00:55:34,104
2026-04-10 07:28:13,104
2026-04-10 09:51:42,104
2026-04-07 16:32:13,104
2026-04-07 16:24:05,104
2026-04-07 16:15:57,104
2026-04-07 16:16:58,104
2026-04-07 16:17:59,104
2026-04-11 05:28:33,104
2026-04-11 05:29:34,104
2026-04-11 04:59:06,104
2026-04-11 05:00:07,104
2026-04-08 01:13:49,104
2026-04-08 00:59:36,104
2026-04-10 09:30:21,104
2026-04-10 01:14:52,104
2026-04-11 06:06:10,104
2026-04-10 23:19:05,104
2026-04-10 23:20:06,104
2026-04-08 02:59:31,104
2026-04-09 23:58:41,104
2026-04-07 15:54:37,104
2026-04-06 08:51:58,104
2026-04-06 08:52:59,104
2026-04-06 08:21:30,104
2026-04-06 08:37:45,104
2026-04-10 05:15:58,104
2026-04-10 06:04:47,104
2026-04-10 05:58:41,104
2026-04-10 06:18:00,104
2026-04-08 02:02:36,104
2026-04-08 02:03:37,104
2026-04-08 02:04:38,104
2026-04-10 05:32:15,104
2026-04-10 20:46:38,104
2026-04-08 04:49:12,104
2026-04-06 08:55:00,104
2026-04-06 08:45:52,104
2026-04-12 01:18:25,103
2026-04-10 05:33:16,103
2026-04-08 07:38:43,103
2026-04-10 05:34:17,103
2026-04-10 04:43:25,103
2026-04-12 01:17:24,103
2026-04-12 01:09:16,103
2026-04-12 01:07:14,103
2026-04-12 01:03:10,103
2026-04-07 20:53:02,103
2026-04-10 10:09:00,103
2026-04-12 16:23:37,103
2026-04-08 02:05:39,103
2026-04-07 09:51:46,103
2026-04-11 04:46:54,103
2026-04-10 14:13:52,103
2026-04-10 13:35:13,103
2026-04-10 09:52:44,103
2026-04-07 16:06:49,103
2026-04-09 23:12:59,103
2026-04-10 13:51:29,103
2026-04-07 09:00:58,103
2026-04-10 14:28:07,103
2026-04-07 16:11:54,103
2026-04-08 11:45:26,103
2026-04-07 09:11:08,103
2026-04-10 12:53:32,103
2026-04-08 06:34:44,103
2026-04-08 07:32:37,103
2026-04-08 07:33:38,103
2026-04-08 07:34:39,103
2026-04-08 07:58:01,103
2026-04-10 21:45:35,103
2026-04-10 22:36:24,103
2026-04-06 10:24:20,103
2026-04-08 07:54:58,103
2026-04-06 15:04:12,103
2026-04-08 08:24:25,103
2026-04-08 07:30:35,103
2026-04-10 21:58:48,103
2026-04-10 21:59:49,103
2026-04-08 07:39:44,103
2026-04-10 20:40:32,103
2026-04-08 17:06:52,103
2026-04-08 17:10:56,103
2026-04-08 17:11:57,103
2026-04-06 10:23:19,103
2026-04-10 01:02:40,103
2026-04-10 22:01:51,103
2026-04-10 20:33:26,103
2026-04-10 20:27:20,103
2026-04-11 07:16:20,103
2026-04-11 07:29:32,103
2026-04-08 02:33:06,103
2026-04-08 02:39:12,103
2026-04-10 07:30:15,103
2026-04-10 07:20:04,103
2026-04-10 06:57:41,103
2026-04-10 22:30:18,103
2026-04-10 20:47:39,103
2026-04-08 11:56:36,103
2026-04-09 04:22:54,103
2026-04-11 05:39:44,103
2026-04-11 06:04:08,103
2026-04-06 07:05:20,103
2026-04-07 16:53:34,103
2026-04-07 08:34:32,103
2026-04-08 12:01:41,103
2026-04-08 03:16:47,103
2026-04-12 15:33:56,103
2026-04-12 15:35:57,103
2026-04-12 14:39:04,103
2026-04-10 15:11:53,103
2026-04-06 05:36:57,103
2026-04-12 15:13:37,103
2026-04-06 07:20:35,103
2026-04-08 03:15:46,103
2026-04-06 08:29:38,103
2026-04-12 16:49:01,103
2026-04-10 18:36:33,103
2026-04-10 19:47:40,103
2026-04-10 19:52:45,103
2026-04-10 19:55:48,103
2026-04-08 09:30:30,103
2026-04-10 19:36:30,103
2026-04-06 15:31:36,103
2026-04-08 05:31:47,103
2026-04-08 06:37:47,103
2026-04-10 19:57:50,103
2026-04-10 20:12:04,103
2026-04-03 12:05:45,103
2026-04-10 20:00:53,103
2026-04-10 20:02:55,103
2026-04-10 13:50:28,103
2026-04-09 23:43:27,103
2026-04-09 23:48:32,103
2026-04-08 17:05:51,103
2026-04-08 00:27:06,103
2026-04-10 14:46:26,103
2026-04-10 14:56:37,103
2026-04-12 15:15:39,103
2026-04-06 08:06:17,103
2026-04-06 08:08:19,103
2026-04-10 00:51:30,103
2026-04-11 07:02:06,103
2026-04-07 16:00:43,103
2026-04-10 08:28:16,103
2026-04-06 07:55:07,103
2026-04-06 07:21:35,103
2026-04-10 00:37:17,103
2026-04-07 16:47:28,103
2026-04-06 09:24:26,103
2026-04-06 09:34:35,103
2026-04-09 23:56:39,103
2026-04-10 00:29:10,103
2026-04-10 08:16:03,103
2026-04-10 07:29:14,103
2026-04-08 17:13:59,103
2026-04-10 22:59:46,103
2026-04-10 23:16:02,103
2026-04-06 09:38:39,103
2026-04-08 04:41:05,103
2026-04-06 08:10:20,103
2026-04-10 00:34:14,103
2026-04-10 22:50:37,103
2026-04-09 04:54:22,103
2026-04-07 15:56:39,103
2026-04-08 01:46:20,103
2026-04-08 02:48:20,103
2026-04-08 02:49:21,103
2026-04-07 08:28:26,103
2026-04-07 08:29:27,103
2026-04-10 18:20:18,103
2026-04-10 22:18:07,103
2026-04-10 22:06:56,103
2026-04-07 16:49:30,103
2026-04-07 16:12:54,103
2026-04-10 00:54:33,103
2026-04-10 00:40:20,103
2026-04-06 15:44:48,103
2026-04-07 20:43:53,103
2026-04-07 21:26:28,103
2026-04-10 05:35:18,103
2026-04-08 01:15:51,103
2026-04-08 01:16:52,103
2026-04-07 16:33:14,103
2026-04-07 16:35:16,103
2026-04-13 14:07:43,103
2026-04-10 06:43:26,103
2026-04-07 20:42:52,103
2026-04-07 16:37:18,103
2026-04-07 09:07:04,103
2026-04-06 05:25:47,103
2026-04-11 04:47:55,103
2026-04-11 04:48:56,103
2026-04-11 04:51:59,103
2026-04-07 16:36:17,103
2026-04-10 23:33:18,103
2026-04-12 15:46:07,103
2026-04-10 21:56:46,103
2026-04-10 21:57:47,103
2026-04-13 13:30:04,103
2026-04-08 16:56:43,103
2026-04-10 02:00:37,103
2026-04-13 14:11:47,103
2026-04-13 13:31:05,103
2026-04-13 14:08:44,103
2026-04-13 13:16:51,103
2026-04-13 13:17:52,103
2026-04-13 13:18:53,103
2026-04-10 05:14:57,103
2026-04-10 21:19:09,103
2026-04-10 21:20:10,102
2026-04-08 08:20:22,102
2026-04-08 08:21:23,102
2026-04-08 08:22:24,102
2026-04-08 08:40:41,102
2026-04-09 07:17:26,102
2026-04-09 07:16:25,102
2026-04-13 13:32:07,102
2026-04-13 13:19:54,102
2026-04-13 13:20:55,102
2026-04-10 05:59:42,102
2026-04-10 06:20:02,102
2026-04-08 16:58:45,102
2026-04-13 14:14:50,102
2026-04-13 14:01:37,102
2026-04-12 16:43:56,102
2026-04-12 16:44:57,102
2026-04-08 07:59:02,102
2026-04-10 22:12:01,102
2026-04-10 23:35:20,102
2026-04-10 09:53:45,102
2026-04-10 09:49:40,102
2026-04-10 09:50:41,102
2026-04-10 09:36:27,102
2026-04-06 05:26:48,102
2026-04-09 04:59:26,102
2026-04-13 14:06:42,102
2026-04-07 21:21:24,102
2026-04-08 08:04:06,102
2026-04-13 16:45:13,102
2026-04-13 13:27:01,102
2026-04-13 13:34:09,102
2026-04-08 01:38:12,102
2026-04-07 08:26:24,102
2026-04-07 08:27:25,102
2026-04-10 18:19:17,102
2026-04-08 09:31:31,102
2026-04-08 09:33:33,102
2026-04-08 09:34:34,102
2026-04-08 09:35:35,102
2026-04-08 01:36:10,102
2026-04-08 03:00:32,102
2026-04-08 02:47:19,102
2026-04-10 00:36:16,102
2026-04-12 15:30:53,102
2026-04-12 15:32:55,102
2026-04-10 22:47:35,102
2026-04-08 04:50:13,102
2026-04-06 08:32:40,102
2026-04-06 09:35:36,102
2026-04-06 09:37:38,102
2026-04-06 09:49:48,102
2026-04-05 16:00:49,102
2026-04-10 08:18:05,102
2026-04-10 00:15:57,102
2026-04-06 09:25:27,102
2026-04-10 23:02:49,102
2026-04-10 00:44:24,102
2026-04-10 00:33:13,102
2026-04-07 15:57:40,102
2026-04-07 15:58:41,102
2026-04-07 15:59:42,102
2026-04-10 18:22:20,102
2026-04-07 16:46:27,102
2026-04-07 16:48:29,102
2026-04-06 02:27:13,102
2026-04-10 09:39:30,102
2026-04-06 08:09:20,102
2026-04-06 08:05:16,102
2026-04-06 08:07:18,102
2026-04-08 01:37:11,102
2026-04-08 00:32:10,102
2026-04-11 06:35:40,102
2026-04-11 07:32:35,102
2026-04-08 17:02:48,102
2026-04-10 14:55:36,102
2026-04-12 15:16:40,102
2026-04-12 15:19:43,102
2026-04-10 13:44:22,102
2026-04-08 03:21:52,102
2026-04-08 03:20:51,102
2026-04-12 16:50:02,102
2026-04-12 16:51:03,102
2026-04-08 17:15:00,102
2026-04-10 19:59:52,102
2026-04-10 20:18:10,102
2026-04-06 15:37:42,102
2026-04-06 10:22:18,102
2026-04-10 20:45:37,102
2026-04-10 19:48:41,102
2026-04-06 08:19:28,102
2026-04-10 19:35:29,102
2026-04-06 09:39:40,102
2026-04-10 20:17:09,102
2026-04-10 23:15:01,102
2026-04-10 00:50:29,102
2026-04-12 16:48:00,102
2026-04-06 06:28:46,102
2026-04-06 05:57:16,102
2026-04-06 08:04:15,102
2026-04-08 02:57:29,102
2026-04-08 02:58:30,102
2026-04-08 03:17:48,102
2026-04-12 15:20:44,102
2026-04-06 07:04:19,102
2026-04-06 06:04:22,102
2026-04-07 08:30:28,102
2026-04-07 08:31:29,102
2026-04-08 12:02:42,102
2026-04-08 11:57:37,102
2026-04-11 05:40:45,102
2026-04-11 06:19:24,102
2026-04-07 17:29:09,102
2026-04-10 22:31:19,102
2026-04-10 20:41:33,102
2026-04-08 02:45:17,102
2026-04-08 02:34:07,102
2026-04-12 16:46:59,102
2026-04-07 12:50:18,102
2026-04-10 21:04:56,102
2026-04-10 21:05:57,102
2026-04-10 20:30:23,102
2026-04-11 07:14:18,102
2026-04-11 07:17:21,102
2026-04-08 17:12:58,102
2026-04-08 05:53:07,102
2026-04-03 12:04:44,102
2026-04-08 16:59:46,102
2026-04-08 02:06:40,102
2026-04-08 07:40:45,102
2026-04-08 08:01:04,102
2026-04-08 08:03:06,102
2026-04-08 07:53:57,102
2026-04-08 07:55:59,102
2026-04-08 07:28:33,102
2026-04-10 21:54:44,102
2026-04-10 21:40:30,102
2026-04-08 09:32:32,102
2026-04-08 06:33:43,102
2026-04-08 02:41:13,102
2026-04-08 02:42:14,102
2026-04-07 20:52:01,102
2026-04-10 01:32:08,102
2026-04-11 05:25:30,102
2026-04-07 16:13:55,102
2026-04-07 09:23:19,102
2026-04-07 09:24:20,102
2026-04-11 05:22:27,102
2026-04-09 23:11:59,102
2026-04-10 13:58:36,102
2026-04-10 13:47:25,102
2026-04-10 13:34:12,102
2026-04-11 05:13:19,102
2026-04-11 05:14:20,102
2026-04-11 05:01:08,102
2026-04-08 07:57:00,102
2026-04-10 23:34:19,102
2026-04-11 04:45:53,102
2026-04-10 06:00:43,102
2026-04-10 04:14:56,102
2026-04-13 13:21:56,102
2026-04-10 04:01:43,102
2026-04-10 04:32:14,102
2026-04-13 13:22:57,102
2026-04-12 01:08:15,102
2026-04-13 13:23:58,102
2026-04-12 01:14:21,102
2026-04-12 01:16:23,102
2026-04-07 22:17:05,102
2026-04-12 01:20:27,102
2026-04-10 04:44:26,102
2026-04-10 05:42:25,102
2026-04-11 12:52:58,102
2026-04-11 12:53:59,102
2026-04-11 13:06:10,102
2026-04-08 01:55:29,102
2026-04-08 02:00:34,102
2026-04-07 21:27:29,102
2026-04-10 04:46:28,101
2026-04-10 04:15:57,101
2026-04-07 20:54:03,101
2026-04-07 20:55:03,101
2026-04-07 20:56:04,101
2026-04-07 20:49:59,101
2026-04-07 20:41:51,101
2026-04-08 02:11:45,101
2026-04-13 13:33:08,101
2026-04-09 07:32:40,101
2026-04-08 08:05:07,101
2026-04-08 08:06:08,101
2026-04-08 08:07:09,101
2026-04-08 08:08:10,101
2026-04-08 08:09:11,101
2026-04-08 08:10:12,101
2026-04-10 21:16:06,101
2026-04-07 09:56:51,101
2026-04-07 09:57:51,101
2026-04-10 09:37:28,101
2026-04-07 09:52:47,101
2026-04-10 10:07:59,101
2026-04-09 23:14:00,101
2026-04-09 23:03:51,101
2026-04-09 23:09:57,101
2026-04-11 05:10:16,101
2026-04-11 05:11:17,101
2026-04-08 08:00:03,101
2026-04-08 08:02:05,101
2026-04-08 07:52:56,101
2026-04-08 07:41:46,101
2026-04-08 07:42:47,101
2026-04-08 07:43:48,101
2026-04-13 17:01:28,101
2026-04-13 14:12:48,101
2026-04-13 14:13:49,101
2026-04-07 20:40:50,101
2026-04-10 21:11:02,101
2026-04-10 22:09:58,101
2026-04-08 07:22:28,101
2026-04-10 21:00:52,101
2026-04-10 22:13:02,101
2026-04-10 20:42:34,101
2026-04-10 20:29:22,101
2026-04-10 20:32:25,101
2026-04-08 07:27:33,101
2026-04-08 17:20:05,101
2026-04-08 17:21:06,101
2026-04-10 22:43:31,101
2026-04-09 04:21:54,101
2026-04-09 04:47:15,101
2026-04-10 13:24:02,101
2026-04-06 05:11:34,101
2026-04-06 04:41:07,101
2026-04-06 04:55:20,101
2026-04-09 04:18:51,101
2026-04-09 04:19:52,101
2026-04-09 04:20:53,101
2026-04-09 04:53:21,101
2026-04-09 05:00:27,101
2026-04-08 02:44:16,101
2026-04-08 02:32:05,101
2026-04-08 02:35:08,101
2026-04-10 06:28:11,101
2026-04-07 20:51:00,101
2026-04-08 02:40:12,101
2026-04-08 02:43:15,101
2026-04-10 01:29:06,101
2026-04-09 06:36:50,101
2026-04-10 22:32:20,101
2026-04-10 22:40:28,101
2026-04-08 06:05:19,101
2026-04-11 05:23:28,101
2026-04-07 08:36:34,101
2026-04-06 05:53:12,101
2026-04-07 09:14:10,101
2026-04-11 05:50:54,101
2026-04-08 11:50:30,101
2026-04-08 11:43:24,101
2026-04-08 11:46:27,101
2026-04-08 11:51:31,101
2026-04-07 08:32:30,101
2026-04-10 20:08:00,101
2026-04-10 20:44:36,101
2026-04-10 20:16:08,101
2026-04-06 15:41:45,101
2026-04-06 15:43:47,101
2026-04-09 05:32:54,101
2026-04-03 12:06:46,101
2026-04-13 14:02:38,101
2026-04-08 17:16:01,101
2026-04-11 07:26:29,101
2026-04-11 07:28:31,101
2026-04-06 09:22:25,101
2026-04-10 23:06:53,101
2026-04-10 23:09:56,101
2026-04-10 23:10:57,101
2026-04-06 09:52:51,101
2026-04-06 09:53:52,101
2026-04-08 04:52:15,101
2026-04-08 04:53:16,101
2026-04-05 15:57:46,101
2026-04-10 08:00:48,101
2026-04-10 08:17:04,101
2026-04-05 15:58:47,101
2026-04-10 08:21:08,101
2026-04-05 15:59:48,101
2026-04-08 04:51:14,101
2026-04-10 01:44:20,101
2026-04-13 14:15:51,101
2026-04-10 18:26:24,101
2026-04-10 18:28:26,101
2026-04-10 14:01:39,101
2026-04-10 13:04:43,101
2026-04-10 13:48:26,101
2026-04-08 04:04:32,101
2026-04-10 13:09:48,101
2026-04-07 16:07:50,101
2026-04-07 16:08:51,101
2026-04-10 13:05:44,101
2026-04-08 04:02:30,101
2026-04-08 04:03:31,101
2026-04-08 03:22:53,101
2026-04-10 18:32:30,101
2026-04-10 18:17:15,101
2026-04-10 18:18:16,101
2026-04-10 19:01:57,101
2026-04-06 08:16:26,101
2026-04-06 08:40:48,101
2026-04-08 09:36:36,101
2026-04-10 22:17:06,101
2026-04-08 01:41:15,101
2026-04-08 01:48:22,101
2026-04-08 01:49:23,101
2026-04-06 15:14:21,101
2026-04-06 15:16:22,101
2026-04-08 03:14:45,101
2026-04-09 23:38:22,101
2026-04-09 23:41:25,101
2026-04-10 14:16:55,101
2026-04-10 14:39:19,101
2026-04-12 15:17:41,101
2026-04-12 15:18:42,101
2026-04-06 05:38:59,101
2026-04-06 05:51:10,101
2026-04-10 15:10:52,101
2026-04-08 01:39:13,101
2026-04-06 07:27:41,101
2026-04-06 07:15:30,101
2026-04-10 18:35:33,101
2026-04-10 18:51:48,101
2026-04-09 23:52:35,101
2026-04-09 23:54:37,101
2026-04-09 23:55:38,101
2026-04-05 16:46:28,101
2026-04-08 17:01:47,101
2026-04-08 17:03:49,101
2026-04-08 00:28:07,101
2026-04-10 22:45:33,101
2026-04-10 22:46:34,101
2026-04-06 15:13:20,101
2026-04-07 16:01:44,101
2026-04-09 04:55:23,101
2026-04-09 04:57:25,101
2026-04-09 04:58:25,101
2026-04-06 02:41:25,101
2026-04-10 09:40:31,101
2026-04-10 09:31:22,101
2026-04-07 16:04:47,101
2026-04-10 08:43:32,101
2026-04-12 15:23:46,101
2026-04-12 15:24:47,101
2026-04-08 11:42:23,101
2026-04-10 00:35:15,101
2026-04-06 07:19:34,101
2026-04-06 06:02:20,101
2026-04-12 15:21:45,101
2026-04-12 15:22:46,101
2026-04-08 00:29:07,101
2026-04-08 00:30:08,101
2026-04-10 14:45:25,101
2026-04-06 07:16:31,101
2026-04-09 07:12:22,101
2026-04-09 07:18:27,101
2026-04-08 01:42:16,101
2026-04-09 07:33:41,101
2026-04-09 07:14:24,101
2026-04-09 07:15:24,101
2026-04-13 13:15:49,101
2026-04-10 06:46:29,101
2026-04-10 10:11:02,101
2026-04-12 16:22:37,101
2026-04-08 01:54:28,101
2026-04-08 01:56:30,101
2026-04-08 01:50:24,101
2026-04-13 13:28:02,101
2026-04-13 13:29:03,101
2026-04-13 15:33:05,101
2026-04-12 01:19:26,101
2026-04-11 12:51:57,101
2026-04-07 20:44:54,101
2026-04-07 20:46:56,101
2026-04-07 20:47:57,101
2026-04-10 05:47:30,101
2026-04-10 10:06:58,100
2026-04-07 22:16:04,100
2026-04-08 03:57:25,100
2026-04-12 16:21:36,100
2026-04-10 06:16:59,100
2026-04-08 02:10:44,100
2026-04-13 13:49:24,100
2026-04-13 15:32:04,100
2026-04-08 01:53:27,100
2026-04-10 04:28:10,100
2026-04-10 06:19:01,100
2026-04-13 16:41:09,100
2026-04-13 16:44:12,100
2026-04-10 04:45:27,100
2026-04-11 13:02:06,100
2026-04-08 01:52:26,100
2026-04-08 01:45:19,100
2026-04-08 07:23:29,100
2026-04-08 07:24:30,100
2026-04-08 07:25:31,100
2026-04-09 10:28:16,100
2026-04-09 10:31:19,100
2026-04-10 21:03:55,100
2026-04-08 11:48:29,100
2026-04-08 11:49:29,100
2026-04-10 00:16:58,100
2026-04-10 08:44:33,100
2026-04-11 07:07:11,100
2026-04-06 02:26:12,100
2026-04-09 23:59:42,100
2026-04-07 16:02:45,100
2026-04-09 04:56:24,100
2026-04-10 22:51:38,100
2026-04-07 08:01:01,100
2026-04-08 02:50:22,100
2026-04-08 07:51:55,100
2026-04-09 23:04:52,100
2026-04-07 16:03:46,100
2026-04-11 07:37:40,100
2026-04-11 06:34:39,100
2026-04-10 00:04:46,100
2026-04-06 07:45:58,100
2026-04-08 04:25:51,100
2026-04-10 18:50:47,100
2026-04-07 08:25:24,100
2026-04-07 07:57:58,100
2026-04-08 17:00:46,100
2026-04-06 05:37:58,100
2026-04-06 08:03:14,100
2026-04-06 06:01:19,100
2026-04-12 15:31:54,100
2026-04-13 14:31:05,100
2026-04-13 14:30:04,100
2026-04-13 14:00:36,100
2026-04-10 20:22:14,100
2026-04-07 20:39:49,100
2026-04-13 17:02:29,100
2026-04-11 09:29:23,100
2026-04-13 15:30:02,100
2026-04-10 21:42:32,100
2026-04-09 07:10:20,100
2026-04-08 02:46:18,100
2026-04-09 04:17:50,100
2026-04-09 05:01:28,100
2026-04-13 15:31:03,100
2026-04-10 13:39:17,100
2026-04-06 05:22:44,100
2026-04-06 05:10:33,100
2026-04-06 04:56:21,100
2026-04-10 07:00:44,100
2026-04-09 04:31:02,100
2026-04-09 04:32:02,100
2026-04-09 04:48:16,100
2026-04-09 04:23:55,100
2026-04-09 04:46:14,100
2026-04-13 15:14:47,100
2026-04-08 17:19:04,100
2026-04-08 17:22:07,100
2026-04-10 22:41:29,100
2026-04-07 17:30:10,100
2026-04-06 04:40:06,100
2026-04-11 05:26:31,100
2026-04-11 05:24:29,100
2026-04-11 04:16:26,100
2026-04-09 04:43:12,100
2026-04-08 03:13:44,100
2026-04-08 02:56:28,100
2026-04-06 15:45:49,100
2026-04-06 15:15:21,100
2026-04-06 15:26:31,100
2026-04-06 15:12:19,100
2026-04-10 22:25:13,100
2026-04-10 19:34:28,100
2026-04-06 08:15:25,100
2026-04-06 08:18:28,100
2026-04-06 07:51:03,100
2026-04-06 07:54:06,100
2026-04-06 07:52:04,100
2026-04-06 07:42:56,100
2026-04-06 08:01:12,100
2026-04-11 04:18:28,100
2026-04-09 23:07:55,100
2026-04-09 23:10:58,100
2026-04-08 03:47:16,100
2026-04-08 03:48:17,100
2026-04-08 03:49:18,100
2026-04-08 06:30:41,100
2026-04-08 06:32:42,100
2026-04-09 06:37:50,100
2026-04-10 22:21:10,100
2026-04-10 06:58:42,100
2026-04-11 07:27:30,100
2026-04-03 12:02:43,100
2026-04-03 12:03:43,100
2026-04-10 13:06:45,100
2026-04-10 12:52:31,100
2026-04-07 16:05:48,100
2026-04-10 13:32:10,100
2026-04-10 13:33:11,100
2026-04-08 04:00:28,100
2026-04-08 04:01:29,100
2026-04-10 14:00:38,100
2026-04-10 14:09:48,100
2026-04-10 13:03:42,100
2026-04-07 07:53:54,100
2026-04-07 07:54:55,100
2026-04-06 09:05:10,100
2026-04-10 19:41:34,100
2026-04-10 09:13:03,100
2026-04-09 23:44:28,100
2026-04-09 23:49:33,100
2026-04-09 23:39:23,100
2026-04-06 07:29:43,100
2026-04-12 16:52:04,100
2026-04-12 16:53:05,100
2026-04-07 19:52:09,100
2026-04-10 08:20:07,100
2026-04-10 22:55:42,100
2026-04-11 07:12:16,100
2026-04-08 04:34:59,100
2026-04-08 04:40:04,100
2026-04-08 03:40:09,100
2026-04-08 03:59:27,100
2026-04-06 09:33:34,100
2026-04-13 14:04:40,100
2026-04-10 23:17:03,100
2026-04-10 23:01:48,100
2026-04-06 15:01:09,100
2026-04-06 14:52:00,100
2026-04-06 15:38:43,100
2026-04-10 20:15:07,100
2026-04-10 20:11:03,100
2026-04-13 14:03:39,100
2026-04-08 06:39:49,100
2026-04-08 06:40:50,100
2026-04-09 04:30:01,100
2026-04-08 11:55:35,100
2026-04-07 08:35:33,100
2026-04-06 05:52:11,100
2026-04-07 16:14:56,100
2026-04-10 18:37:34,100
2026-04-10 07:16:00,100
2026-04-10 07:13:58,100
2026-04-13 14:16:52,100
2026-04-05 17:28:02,100
2026-04-05 17:30:04,100
2026-04-08 03:23:54,100
2026-04-09 07:13:23,100
2026-04-09 07:34:42,100
2026-04-13 13:42:17,100
2026-04-09 07:26:35,100
2026-04-09 07:27:36,100
2026-04-09 07:19:28,100
2026-04-08 01:43:17,100
2026-04-08 01:44:18,100
2026-04-08 08:19:21,100
2026-04-09 07:31:39,100
2026-04-09 06:46:59,100
2026-04-09 06:31:45,100
2026-04-07 09:53:48,100
2026-04-07 10:09:02,100
2026-04-07 09:58:52,100
2026-04-09 07:11:21,100
2026-04-10 09:46:37,100
2026-04-12 15:48:09,100
2026-04-11 00:48:26,100
2026-04-11 00:49:27,100
2026-04-10 23:30:15,100
2026-04-11 04:27:36,100
2026-04-10 20:56:48,100
2026-04-10 21:17:08,100
2026-04-10 21:18:08,100
2026-04-08 08:16:18,100
2026-04-10 09:38:29,100
2026-04-12 01:15:22,100
2026-04-13 13:24:59,100
2026-04-08 01:51:25,100
2026-04-10 23:32:17,100
2026-04-13 13:26:00,99
2026-04-13 16:46:14,99
2026-04-11 13:17:20,99
2026-04-08 01:59:33,99
2026-04-09 04:24:56,99
2026-04-09 07:38:46,99
2026-04-09 07:36:44,99
2026-04-07 10:08:01,99
2026-04-12 15:47:08,99
2026-04-07 10:02:56,99
2026-04-07 10:03:57,99
2026-04-07 10:07:00,99
2026-04-07 09:55:50,99
2026-04-08 08:18:20,99
2026-04-09 06:35:49,99
2026-04-09 06:32:46,99
2026-04-09 07:25:34,99
2026-04-10 21:21:11,99
2026-04-08 22:49:27,99
2026-04-09 06:33:47,99
2026-04-09 07:21:30,99
2026-04-09 07:35:43,99
2026-04-09 07:20:29,99
2026-04-09 07:07:17,99
2026-04-09 07:08:18,99
2026-04-13 13:43:18,99
2026-04-13 13:44:19,99
2026-04-13 13:45:20,99
2026-04-10 06:29:12,99
2026-04-10 05:48:31,99
2026-04-10 05:49:32,99
2026-04-13 13:14:48,99
2026-04-05 17:29:03,99
2026-04-08 06:38:48,99
2026-04-06 14:50:59,99
2026-04-10 19:58:51,99
2026-04-08 06:44:54,99
2026-04-08 07:05:12,99
2026-04-13 14:05:41,99
2026-04-10 00:47:26,99
2026-04-09 05:33:55,99
2026-04-08 17:23:08,99
2026-04-08 04:33:58,99
2026-04-09 23:05:53,99
2026-04-08 03:38:07,99
2026-04-06 09:21:24,99
2026-04-10 23:25:11,99
2026-04-10 23:11:58,99
2026-04-10 23:12:59,99
2026-04-10 22:56:43,99
2026-04-10 22:58:45,99
2026-04-11 07:13:17,99
2026-04-08 04:54:17,99
2026-04-06 09:36:37,99
2026-04-06 09:50:49,99
2026-04-06 09:30:32,99
2026-04-06 09:31:32,99
2026-04-06 09:32:33,99
2026-04-05 15:56:45,99
2026-04-12 16:59:10,99
2026-04-12 17:02:13,99
2026-04-11 07:11:15,99
2026-04-10 19:45:38,99
2026-04-10 09:14:04,99
2026-04-09 23:34:19,99
2026-04-09 23:40:24,99
2026-04-10 18:27:25,99
2026-04-06 08:44:51,99
2026-04-10 19:37:31,99
2026-04-09 16:30:37,99
2026-04-10 13:02:41,99
2026-04-06 05:35:56,99
2026-04-08 03:46:15,99
2026-04-10 14:15:54,99
2026-04-10 13:23:01,99
2026-04-08 04:32:57,99
2026-04-08 17:24:09,99
2026-04-10 07:57:44,99
2026-04-03 12:07:47,99
2026-04-03 12:01:42,99
2026-04-10 21:41:31,99
2026-04-06 14:53:01,99
2026-04-10 21:33:23,99
2026-04-07 19:53:10,99
2026-04-11 07:56:58,99
2026-04-09 22:48:38,99
2026-04-08 06:41:51,99
2026-04-08 06:31:42,99
2026-04-08 06:09:22,99
2026-04-08 06:06:19,99
2026-04-08 06:07:20,99
2026-04-11 04:17:27,99
2026-04-09 23:06:54,99
2026-04-07 09:21:17,99
2026-04-08 04:26:52,99
2026-04-06 08:00:11,99
2026-04-08 09:39:38,99
2026-04-10 23:14:00,99
2026-04-10 18:30:28,99
2026-04-06 09:08:12,99
2026-04-08 22:48:26,99
2026-04-08 01:40:14,99
2026-04-08 09:37:37,99
2026-04-08 09:38:38,99
2026-04-09 23:27:12,99
2026-04-09 23:28:13,99
2026-04-08 02:55:27,99
2026-04-08 03:24:55,99
2026-04-08 03:25:56,99
2026-04-08 22:47:25,99
2026-04-12 15:26:49,99
2026-04-11 05:49:54,99
2026-04-11 06:20:24,99
2026-04-11 05:37:42,99
2026-04-11 05:38:43,99
2026-04-09 04:44:13,99
2026-04-10 21:15:06,99
2026-04-09 04:49:17,99
2026-04-09 04:50:18,99
2026-04-09 04:52:20,99
2026-04-06 05:24:46,99
2026-04-07 09:59:53,99
2026-04-06 04:54:19,99
2026-04-08 02:31:04,99
2026-04-10 06:30:13,99
2026-04-13 15:13:46,99
2026-04-09 04:29:00,99
2026-04-10 21:01:53,99
2026-04-09 06:30:44,99
2026-04-10 21:43:33,99
2026-04-09 06:47:59,99
2026-04-09 07:09:19,99
2026-04-08 02:16:51,99
2026-04-13 15:15:48,99
2026-04-11 08:00:01,99
2026-04-11 08:01:02,99
2026-04-10 21:06:58,99
2026-04-13 14:32:06,99
2026-04-13 14:29:04,99
2026-04-08 02:17:52,99
2026-04-13 13:46:21,99
2026-04-06 07:17:32,99
2026-04-06 07:01:16,99
2026-04-06 06:03:21,99
2026-04-06 07:12:27,99
2026-04-07 07:58:59,99
2026-04-07 08:00:00,99
2026-04-07 08:24:23,99
2026-04-06 05:31:52,99
2026-04-06 05:50:09,99
2026-04-10 14:26:05,99
2026-04-10 14:42:22,99
2026-04-10 18:13:11,99
2026-04-10 18:08:06,99
2026-04-10 18:56:52,99
2026-04-07 08:06:06,99
2026-04-08 04:27:53,99
2026-04-11 07:36:39,99
2026-04-08 00:31:09,99
2026-04-09 23:51:34,99
2026-04-09 10:32:20,99
2026-04-10 20:55:47,99
2026-04-09 22:29:22,99
2026-04-11 04:49:57,99
2026-04-11 04:44:52,99
2026-04-09 05:02:29,99
2026-04-08 10:09:06,99
2026-04-08 10:10:07,99
2026-04-08 11:41:22,99
2026-04-08 02:51:23,99
2026-04-06 02:40:24,99
2026-04-06 02:42:26,99
2026-04-06 02:38:23,99
2026-04-08 11:47:28,99
2026-04-05 16:16:02,99
2026-04-10 08:42:31,99
2026-04-06 01:57:48,99
2026-04-09 10:29:17,99
2026-04-07 21:20:23,99
2026-04-07 21:28:30,99
2026-04-13 16:42:10,99
2026-04-13 15:34:06,99
2026-04-07 19:56:12,99
2026-04-11 09:26:20,99
2026-04-07 20:57:05,99
2026-04-10 05:28:11,99
2026-04-08 02:09:43,99
2026-04-08 02:12:47,99
2026-04-13 13:48:23,99
2026-04-08 08:17:19,99
2026-04-10 10:24:16,99
2026-04-10 03:59:41,99
2026-04-08 03:56:24,99
2026-04-07 20:48:58,99
2026-04-10 10:05:57,99
2026-04-07 20:45:55,99
2026-04-13 13:41:16,99
2026-04-09 07:28:37,98
2026-04-09 07:43:51,98
2026-04-09 07:42:50,98
2026-04-09 07:41:49,98
2026-04-09 07:24:33,98
2026-04-09 06:42:55,98
2026-04-08 01:57:31,98
2026-04-08 01:58:32,98
2026-04-09 06:39:52,98
2026-04-09 06:34:48,98
2026-04-09 07:30:39,98
2026-04-09 07:29:38,98
2026-04-11 09:31:24,98
2026-04-07 22:11:00,98
2026-04-13 13:37:12,98
2026-04-07 22:02:53,98
2026-04-16 12:42:53,98
2026-04-03 12:08:48,98
2026-04-12 17:04:15,98
2026-04-12 17:05:15,98
2026-04-10 01:46:22,98
2026-04-09 10:30:18,98
2026-04-08 07:18:24,98
2026-04-08 07:21:27,98
2026-04-08 07:26:32,98
2026-04-07 17:35:15,98
2026-04-10 20:25:17,98
2026-04-10 20:28:21,98
2026-04-10 21:14:05,98
2026-04-10 21:12:03,98
2026-04-11 07:57:59,98
2026-04-11 08:02:03,98
2026-04-07 20:37:48,98
2026-04-07 20:38:48,98
2026-04-08 07:20:26,98
2026-04-08 02:14:49,98
2026-04-08 02:15:50,98
2026-04-08 02:18:53,98
2026-04-08 02:19:54,98
2026-04-13 15:12:45,98
2026-04-07 12:49:17,98
2026-04-11 07:18:22,98
2026-04-08 02:54:26,98
2026-04-12 17:06:16,98
2026-04-07 19:54:11,98
2026-04-07 19:55:11,98
2026-04-05 16:45:27,98
2026-04-09 23:50:33,98
2026-04-11 07:03:07,98
2026-04-11 07:39:42,98
2026-04-11 08:03:04,98
2026-04-06 02:39:24,98
2026-04-07 05:30:54,98
2026-04-08 06:43:53,98
2026-04-08 07:03:10,98
2026-04-08 04:59:22,98
2026-04-08 07:50:54,98
2026-04-09 09:35:29,98
2026-04-09 07:03:13,98
2026-04-09 06:49:00,98
2026-04-08 07:04:11,98
2026-04-09 06:21:36,98
2026-04-07 19:32:52,98
2026-04-07 19:51:08,98
2026-04-12 16:54:05,98
2026-04-12 16:58:09,98
2026-04-12 17:01:12,98
2026-04-11 07:33:36,98
2026-04-05 17:22:58,98
2026-04-10 07:58:45,98
2026-04-10 07:59:46,98
2026-04-05 16:02:51,98
2026-04-05 17:31:05,98
2026-04-11 08:06:06,98
2026-04-08 03:44:13,98
2026-04-08 03:45:14,98
2026-04-09 22:57:46,98
2026-04-09 22:58:47,98
2026-04-09 22:53:42,98
2026-04-12 17:03:14,98
2026-04-11 07:08:12,98
2026-04-08 03:58:26,98
2026-04-06 10:19:15,98
2026-04-06 10:08:05,98
2026-04-08 05:03:25,98
2026-04-06 09:06:11,98
2026-04-07 07:55:56,98
2026-04-07 07:56:57,98
2026-04-08 04:39:03,98
2026-04-10 22:28:16,98
2026-04-10 22:39:27,98
2026-04-10 22:44:32,98
2026-04-10 21:44:34,98
2026-04-09 05:34:56,98
2026-04-08 06:29:40,98
2026-04-08 03:26:57,98
2026-04-09 23:37:21,98
2026-04-09 23:35:20,98
2026-04-10 09:15:05,98
2026-04-10 00:02:45,98
2026-04-08 22:50:28,98
2026-04-11 04:31:40,98
2026-04-11 04:42:50,98
2026-04-11 04:43:51,98
2026-04-11 05:02:08,98
2026-04-09 22:28:21,98
2026-04-08 03:53:21,98
2026-04-08 03:54:22,98
2026-04-08 03:55:23,98
2026-04-10 10:04:56,98
2026-04-11 04:13:23,98
2026-04-08 03:43:12,98
2026-04-08 03:37:06,98
2026-04-08 03:39:08,98
2026-04-10 13:29:07,98
2026-04-10 13:30:08,98
2026-04-10 13:31:09,98
2026-04-09 03:18:07,98
2026-04-09 03:19:08,98
2026-04-09 04:27:59,98
2026-04-11 00:44:22,98
2026-04-10 18:57:53,98
2026-04-10 22:26:14,98
2026-04-06 15:56:59,98
2026-04-07 08:08:08,98
2026-04-07 08:23:22,98
2026-04-06 09:07:12,98
2026-04-06 08:17:27,98
2026-04-10 18:33:31,98
2026-04-10 18:34:32,98
2026-04-10 18:52:49,98
2026-04-10 18:12:10,98
2026-04-10 19:06:01,98
2026-04-06 10:21:17,98
2026-04-08 06:08:21,98
2026-04-06 14:47:57,98
2026-04-09 05:30:53,98
2026-04-10 22:54:41,98
2026-04-10 22:57:44,98
2026-04-06 10:16:12,98
2026-04-06 09:20:23,98
2026-04-09 05:22:46,98
2026-04-06 06:13:31,98
2026-04-08 04:55:18,98
2026-04-10 18:31:29,98
2026-04-06 07:00:16,98
2026-04-06 08:41:49,98
2026-04-06 09:40:41,98
2026-04-10 19:05:00,98
2026-04-10 18:49:46,98
2026-04-10 19:21:15,98
2026-04-07 07:52:54,98
2026-04-11 00:47:25,98
2026-04-10 23:31:16,98
2026-04-07 09:54:49,98
2026-04-07 10:04:58,98
2026-04-10 23:26:12,98
2026-04-10 23:48:32,98
2026-04-11 04:28:37,98
2026-04-10 13:45:23,98
2026-04-10 13:46:24,98
2026-04-08 04:05:33,98
2026-04-08 11:52:32,98
2026-04-08 11:54:34,98
2026-04-09 04:36:06,98
2026-04-09 04:45:13,98
2026-04-09 04:51:19,98
2026-04-07 10:00:54,98
2026-04-06 04:39:05,98
2026-04-06 05:21:43,98
2026-04-06 04:37:03,98
2026-04-08 04:30:55,98
2026-04-07 08:02:02,98
2026-04-08 10:07:04,98
2026-04-08 10:08:05,98
2026-04-09 07:02:12,98
2026-04-08 08:15:17,98
2026-04-08 08:12:14,98
2026-04-08 08:13:15,98
2026-04-08 08:14:16,98
2026-04-09 07:37:45,98
2026-04-09 07:39:47,98
2026-04-09 07:40:48,98
2026-04-10 21:30:20,98
2026-04-10 21:31:21,98
2026-04-10 20:37:29,98
2026-04-08 07:44:49,98
2026-04-09 06:43:56,98
2026-04-08 02:07:41,98
2026-04-08 02:08:42,98
2026-04-10 04:00:42,98
2026-04-11 08:15:15,98
2026-04-13 13:58:34,98
2026-04-13 14:27:02,98
2026-04-13 14:28:03,98
2026-04-11 08:26:25,98
2026-04-10 06:45:28,98
2026-04-13 13:39:14,98
2026-04-13 13:40:15,98
2026-04-13 13:47:22,98
2026-04-13 13:38:13,98
2026-04-13 13:57:33,98
2026-04-13 14:26:01,98
2026-04-07 17:34:14,98
2026-04-09 07:45:53,98
2026-04-09 07:46:54,98
2026-04-09 07:47:54,98
2026-04-10 06:44:27,98
2026-04-13 17:00:27,98
2026-04-13 15:28:00,98
2026-04-13 15:29:01,98
2026-04-16 12:39:50,98
2026-04-07 17:31:11,98
2026-04-03 12:00:41,97
2026-04-13 16:54:22,97
2026-04-13 15:35:07,97
2026-04-07 17:32:12,97
2026-04-07 17:33:13,97
2026-04-09 07:44:52,97
2026-04-08 07:19:25,97
2026-04-09 06:59:10,97
2026-04-11 07:09:13,97
2026-04-08 17:25:10,97
2026-04-08 17:26:10,97
2026-04-13 14:59:32,97
2026-04-13 15:00:33,97
2026-04-13 15:01:34,97
2026-04-11 07:59:00,97
2026-04-11 09:28:22,97
2026-04-11 09:38:31,97
2026-04-10 21:13:04,97
2026-04-08 07:06:13,97
2026-04-09 10:47:33,97
2026-04-08 07:07:14,97
2026-04-07 05:06:33,97
2026-04-07 12:47:15,97
2026-04-07 12:48:16,97
2026-04-08 02:24:58,97
2026-04-08 02:25:59,97
2026-04-11 08:29:28,97
2026-04-11 08:14:14,97
2026-04-13 13:59:35,97
2026-04-11 07:55:57,97
2026-04-06 02:12:00,97
2026-04-06 01:56:47,97
2026-04-08 02:53:25,97
2026-04-12 17:07:17,97
2026-04-11 07:41:44,97
2026-04-11 07:47:49,97
2026-04-13 15:08:41,97
2026-04-10 06:31:14,97
2026-04-11 00:34:13,97
2026-04-10 09:48:39,97
2026-04-07 10:10:03,97
2026-04-07 10:11:04,97
2026-04-09 03:22:11,97
2026-04-06 08:28:37,97
2026-04-10 19:20:14,97
2026-04-08 04:36:00,97
2026-04-09 16:31:37,97
2026-04-09 16:32:38,97
2026-04-08 04:07:35,97
2026-04-07 10:05:59,97
2026-04-10 23:21:07,97
2026-04-10 23:28:14,97
2026-04-10 23:29:15,97
2026-04-11 04:25:34,97
2026-04-06 04:53:18,97
2026-04-10 10:19:11,97
2026-04-10 12:50:29,97
2026-04-10 12:51:30,97
2026-04-09 04:34:04,97
2026-04-09 04:35:05,97
2026-04-10 13:54:32,97
2026-04-10 13:19:58,97
2026-04-06 05:07:31,97
2026-04-06 05:09:32,97
2026-04-06 04:26:54,97
2026-04-06 05:23:45,97
2026-04-06 04:34:01,97
2026-04-09 04:37:07,97
2026-04-09 04:42:11,97
2026-04-07 10:01:55,97
2026-04-09 05:31:53,97
2026-04-10 18:46:43,97
2026-04-10 18:47:44,97
2026-04-10 18:41:38,97
2026-04-10 18:43:40,97
2026-04-08 04:28:53,97
2026-04-09 03:23:12,97
2026-04-09 04:16:49,97
2026-04-06 06:44:00,97
2026-04-08 09:58:56,97
2026-04-10 23:24:10,97
2026-04-06 10:15:11,97
2026-04-06 09:29:31,97
2026-04-06 10:20:16,97
2026-04-06 10:44:37,97
2026-04-06 15:00:08,97
2026-04-06 06:45:01,97
2026-04-09 16:26:33,97
2026-04-09 05:20:44,97
2026-04-09 05:21:45,97
2026-04-09 05:23:47,97
2026-04-12 15:25:48,97
2026-04-12 15:28:51,97
2026-04-12 15:29:52,97
2026-04-08 04:37:01,97
2026-04-08 04:38:02,97
2026-04-10 18:23:21,97
2026-04-06 08:11:21,97
2026-04-06 07:02:17,97
2026-04-12 15:27:50,97
2026-04-06 05:42:02,97
2026-04-06 05:27:49,97
2026-04-11 05:03:09,97
2026-04-09 23:26:12,97
2026-04-10 09:34:25,97
2026-04-12 15:49:09,97
2026-04-05 16:12:59,97
2026-04-06 02:25:11,97
2026-04-06 23:26:53,97
2026-04-06 03:11:51,97
2026-04-09 23:15:01,97
2026-04-06 04:11:42,97
2026-04-09 22:43:34,97
2026-04-09 22:44:34,97
2026-04-09 22:24:17,97
2026-04-11 04:30:39,97
2026-04-11 04:32:41,97
2026-04-09 00:01:28,97
2026-04-08 03:50:19,97
2026-04-08 03:51:20,97
2026-04-08 03:36:05,97
2026-04-06 03:27:04,97
2026-04-08 03:52:20,97
2026-04-10 10:03:55,97
2026-04-10 10:23:15,97
2026-04-11 04:15:25,97
2026-04-09 03:17:06,97
2026-04-06 04:38:04,97
2026-04-10 13:17:56,97
2026-04-09 03:16:06,97
2026-04-09 03:20:09,97
2026-04-09 03:21:10,97
2026-04-10 10:00:52,97
2026-04-08 03:27:58,97
2026-04-11 04:03:14,97
2026-04-11 05:19:24,97
2026-04-11 05:21:26,97
2026-04-11 07:06:10,97
2026-04-08 22:51:29,97
2026-04-09 22:59:48,97
2026-04-09 22:54:43,97
2026-04-05 17:26:00,97
2026-04-06 09:04:09,97
2026-04-06 09:46:46,97
2026-04-06 09:51:50,97
2026-04-10 20:57:49,97
2026-04-10 19:22:16,97
2026-04-10 19:42:35,97
2026-04-09 05:36:58,97
2026-04-11 04:02:13,97
2026-04-07 05:27:51,97
2026-04-10 20:59:51,97
2026-04-10 22:29:17,97
2026-04-10 21:32:22,97
2026-04-10 21:52:42,97
2026-04-10 19:44:37,97
2026-04-06 09:01:06,97
2026-04-06 09:03:08,97
2026-04-09 23:29:14,97
2026-04-09 23:23:09,97
2026-04-09 23:36:20,97
2026-04-09 22:56:45,97
2026-04-06 11:07:57,97
2026-04-06 10:25:20,97
2026-04-08 06:10:23,97
2026-04-08 06:28:39,97
2026-04-09 06:38:51,97
2026-04-11 07:35:38,97
2026-04-11 07:38:41,97
2026-04-07 19:50:07,97
2026-04-06 23:28:55,97
2026-04-06 23:29:56,97
2026-04-05 16:14:00,97
2026-04-05 15:31:24,97
2026-04-08 05:00:23,97
2026-04-08 05:02:24,97
2026-04-08 05:30:46,97
2026-04-07 05:28:52,97
2026-04-07 05:29:53,97
2026-04-08 06:46:55,97
2026-04-08 06:47:56,97
2026-04-08 06:42:52,97
2026-04-10 20:52:44,97
2026-04-08 07:45:49,97
2026-04-08 07:46:50,97
2026-04-09 09:34:28,97
2026-04-08 07:47:51,97
2026-04-10 20:43:35,97
2026-04-10 20:14:06,97
2026-04-08 04:58:21,97
2026-04-10 01:16:54,97
2026-04-11 08:11:11,97
2026-04-12 17:00:11,97
2026-04-09 06:22:37,97
2026-04-09 06:27:42,97
2026-04-09 06:28:42,97
2026-04-09 06:29:43,97
2026-04-10 21:02:54,97
2026-04-09 07:05:15,97
2026-04-09 07:06:16,97
2026-04-09 07:23:32,97
2026-04-10 04:29:11,97
2026-04-13 20:31:58,97
2026-04-13 16:47:15,97
2026-04-16 12:38:49,97
2026-04-09 07:48:55,97
2026-04-16 12:41:52,97
2026-04-11 12:50:56,97
2026-04-09 06:45:58,97
2026-04-11 09:27:21,97
2026-04-11 09:40:33,97
2026-04-09 06:40:53,97
2026-04-09 06:41:54,97
2026-04-11 09:25:19,97
2026-04-07 22:13:02,97
2026-04-07 22:15:04,97
2026-04-09 07:04:14,97
2026-04-03 12:20:58,97
2026-04-03 12:21:59,97
2026-04-11 09:32:25,97
2026-04-13 16:43:11,97
2026-04-16 12:43:53,97
2026-04-13 15:03:36,97
2026-04-10 00:59:38,97
2026-04-03 12:35:10,97
2026-04-03 12:09:49,97
2026-04-03 12:10:50,97
2026-04-07 22:12:01,97
2026-04-07 22:03:54,97
2026-04-07 22:07:57,97
2026-04-09 05:19:43,97
2026-04-06 07:28:42,97
2026-04-06 07:53:05,97
2026-04-06 07:48:00,97
2026-04-06 07:56:08,97
2026-04-08 04:31:56,97
2026-04-08 04:24:50,97
2026-04-06 04:52:17,97
2026-04-09 07:51:58,97
2026-04-08 08:11:13,97
2026-04-09 07:50:57,97
2026-04-07 22:09:59,97
2026-04-08 10:00:58,97
2026-04-08 10:01:59,97
2026-04-08 10:11:08,97
2026-04-09 05:18:42,97
2026-04-13 17:27:52,97
2026-04-07 20:58:06,97
2026-04-07 21:19:22,97
2026-04-13 20:30:58,97
2026-04-10 05:29:12,97
2026-04-10 05:30:13,97
2026-04-10 05:31:14,97
2026-04-13 13:35:10,97
2026-04-13 13:50:25,97
2026-04-10 07:14:59,97
2026-04-12 16:57:08,97
2026-04-15 15:57:52,97
2026-04-15 09:45:06,97
2026-04-15 14:42:32,97
2026-04-11 08:30:29,97
2026-04-07 19:57:13,97
2026-04-11 12:49:55,96
2026-04-03 11:59:40,96
2026-04-07 21:18:21,96
2026-04-07 21:17:20,96
2026-04-03 12:23:00,96
2026-04-07 22:04:55,96
2026-04-03 11:57:38,96
2026-04-03 11:58:39,96
2026-04-06 04:07:38,96
2026-04-06 04:10:41,96
2026-04-09 22:04:00,96
2026-04-06 03:56:29,96
2026-04-06 03:26:03,96
2026-04-07 10:17:09,96
2026-04-09 22:42:33,96
2026-04-09 22:27:20,96
2026-04-10 23:49:33,96
2026-04-11 00:20:00,96
2026-04-06 03:42:17,96
2026-04-06 03:41:16,96
2026-04-13 17:26:51,96
2026-04-11 09:41:34,96
2026-04-13 15:07:41,96
2026-04-16 05:26:50,96
2026-04-13 15:25:58,96
2026-04-13 15:26:59,96
2026-04-09 21:54:52,96
2026-04-06 04:48:14,96
2026-04-08 03:35:04,96
2026-04-09 21:57:54,96
2026-04-09 21:58:55,96
2026-04-09 21:59:56,96
2026-04-06 04:33:00,96
2026-04-08 03:42:11,96
2026-04-08 03:28:58,96
2026-04-08 03:32:01,96
2026-04-08 03:33:02,96
2026-04-06 02:52:35,96
2026-04-09 23:33:18,96
2026-04-08 03:41:10,96
2026-04-10 08:13:00,96
2026-04-05 17:07:45,96
2026-04-13 14:45:19,96
2026-04-11 09:30:23,96
2026-04-08 22:45:24,96
2026-04-08 22:46:24,96
2026-04-06 04:12:42,96
2026-04-06 02:53:36,96
2026-04-08 03:31:00,96
2026-04-06 04:25:53,96
2026-04-06 07:03:18,96
2026-04-06 05:20:42,96
2026-04-06 05:12:35,96
2026-04-07 09:22:18,96
2026-04-06 05:08:32,96
2026-04-06 04:36:03,96
2026-04-09 16:29:36,96
2026-04-06 09:09:13,96
2026-04-06 07:18:33,96
2026-04-08 04:06:34,96
2026-04-06 05:32:53,96
2026-04-06 09:44:44,96
2026-04-06 09:45:45,96
2026-04-06 05:34:55,96
2026-04-08 04:08:36,96
2026-04-11 00:45:23,96
2026-04-06 07:46:59,96
2026-04-11 00:33:12,96
2026-04-06 09:02:07,96
2026-04-06 07:50:02,96
2026-04-06 07:44:57,96
2026-04-07 08:07:07,96
2026-04-07 08:05:05,96
2026-04-08 04:29:54,96
2026-04-08 04:57:20,96
2026-04-06 09:10:14,96
2026-04-11 00:30:09,96
2026-04-08 04:56:19,96
2026-04-09 00:04:30,96
2026-04-13 15:02:35,96
2026-04-11 08:25:24,96
2026-04-09 00:02:29,96
2026-04-12 17:08:18,96
2026-04-12 16:55:06,96
2026-04-05 17:27:01,96
2026-04-15 15:27:23,96
2026-04-05 16:10:58,96
2026-04-10 19:02:58,96
2026-04-11 04:33:42,96
2026-04-11 04:19:29,96
2026-04-11 00:25:05,96
2026-04-10 19:00:56,96
2026-04-10 18:48:45,96
2026-04-10 20:13:05,96
2026-04-10 19:54:47,96
2026-04-10 19:32:26,96
2026-04-10 19:33:27,96
2026-04-06 02:28:14,96
2026-04-10 18:58:54,96
2026-04-06 10:10:07,96
2026-04-10 19:31:25,96
2026-04-06 09:48:47,96
2026-04-08 05:01:24,96
2026-04-06 10:52:44,96
2026-04-06 10:07:04,96
2026-04-06 10:09:06,96
2026-04-03 12:16:55,96
2026-04-03 12:36:11,96
2026-04-10 12:54:33,96
2026-04-06 16:50:45,96
2026-04-06 16:51:46,96
2026-04-09 04:15:49,96
2026-04-13 15:10:43,96
2026-04-13 15:11:44,96
2026-04-06 10:49:41,96
2026-04-09 23:24:10,96
2026-04-06 01:41:35,96
2026-04-06 01:42:35,96
2026-04-06 01:43:36,96
2026-04-06 02:37:22,96
2026-04-06 02:36:21,96
2026-04-13 14:33:07,96
2026-04-06 01:53:45,96
2026-04-08 02:30:03,96
2026-04-06 03:07:48,96
2026-04-11 07:21:25,96
2026-04-11 07:22:25,96
2026-04-11 05:34:39,96
2026-04-13 14:19:55,96
2026-04-11 04:01:12,96
2026-04-11 04:12:22,96
2026-04-11 04:14:24,96
2026-04-11 03:58:09,96
2026-04-08 07:08:15,96
2026-04-08 07:09:16,96
2026-04-09 04:14:48,96
2026-04-08 11:40:21,96
2026-04-10 13:25:03,96
2026-04-10 09:45:36,96
2026-04-10 09:47:38,96
2026-04-08 06:27:38,96
2026-04-07 19:49:06,96
2026-04-08 02:52:24,96
2026-04-08 02:22:56,96
2026-04-08 02:23:57,96
2026-04-08 02:27:00,96
2026-04-08 07:10:17,96
2026-04-08 02:21:55,96
2026-04-13 13:53:29,96
2026-04-13 13:56:32,96
2026-04-08 07:17:23,96
2026-04-07 05:07:34,96
2026-04-13 14:24:59,96
2026-04-07 04:59:27,96
2026-04-07 05:00:28,96
2026-04-07 05:01:28,96
2026-04-09 10:43:30,96
2026-04-09 10:46:32,96
2026-04-11 07:51:53,96
2026-04-07 19:25:46,96
2026-04-07 19:26:47,96
2026-04-07 19:27:48,96
2026-04-11 08:17:17,96
2026-04-11 08:07:07,96
2026-04-07 05:03:30,96
2026-04-07 19:29:50,96
2026-04-10 13:43:21,96
2026-04-11 07:24:27,96
2026-04-07 19:28:49,96
2026-04-10 18:42:39,96
2026-04-10 18:45:42,96
2026-04-10 13:21:59,96
2026-04-10 14:27:06,96
2026-04-10 14:12:51,96
2026-04-08 11:53:33,96
2026-04-06 16:05:06,96
2026-04-06 16:06:07,96
2026-04-08 09:59:57,96
2026-04-06 15:58:00,96
2026-04-08 10:05:02,96
2026-04-06 15:24:30,96
2026-04-09 04:33:03,96
2026-04-07 20:07:22,96
2026-04-07 20:08:23,96
2026-04-06 16:02:04,96
2026-04-09 04:25:57,96
2026-04-07 20:06:21,96
2026-04-10 12:59:38,96
2026-04-10 13:00:39,96
2026-04-08 02:13:48,96
2026-04-10 13:20:58,96
2026-04-06 12:22:58,96
2026-04-09 07:49:56,96
2026-04-11 08:13:13,96
2026-04-11 08:04:05,96
2026-04-09 10:33:21,96
2026-04-09 10:34:21,96
2026-04-06 12:21:57,96
2026-04-09 06:52:03,96
2026-04-06 14:48:58,96
2026-04-06 14:49:59,96
2026-04-09 07:52:59,96
2026-04-09 07:55:01,96
2026-04-11 07:52:54,96
2026-04-11 07:53:55,96
2026-04-11 07:42:45,96
2026-04-11 07:45:47,96
2026-04-11 07:46:48,96
2026-04-09 05:28:51,96
2026-04-09 05:29:52,96
2026-04-06 14:57:05,96
2026-04-06 14:59:07,96
2026-04-12 16:56:07,96
2026-04-10 06:59:43,96
2026-04-10 10:39:30,96
2026-04-15 15:53:48,96
2026-04-09 06:44:57,96
2026-04-09 07:22:31,96
2026-04-09 06:57:08,96
2026-04-09 06:50:01,96
2026-04-09 06:19:34,96
2026-04-09 06:20:35,96
2026-04-09 07:00:11,96
2026-04-09 07:01:12,96
2026-04-15 09:46:07,96
2026-04-10 04:30:12,96
2026-04-10 04:31:13,96
2026-04-15 14:43:33,96
2026-04-08 09:40:39,96
2026-04-09 05:27:50,96
2026-04-06 14:37:48,96
2026-04-09 05:47:07,96
2026-04-07 20:19:32,96
2026-04-07 19:58:14,96
2026-04-11 09:23:17,96
2026-04-11 09:16:11,96
2026-04-13 16:56:24,96
2026-04-13 16:57:24,96
2026-04-11 09:21:15,96
2026-04-13 16:39:07,96
2026-04-16 12:40:51,96
2026-04-07 22:06:57,96
2026-04-13 16:48:16,96
2026-04-13 17:25:50,96
2026-04-05 15:32:25,96
2026-04-10 10:22:14,96
2026-04-10 10:01:53,96
2026-04-10 09:35:26,96
2026-04-10 08:29:17,96
2026-04-03 12:24:01,95
2026-04-03 12:19:57,95
2026-04-07 22:01:52,95
2026-04-07 22:14:03,95
2026-04-09 22:14:09,95
2026-04-10 22:08:58,95
2026-04-10 21:53:43,95
2026-04-10 22:42:30,95
2026-04-13 14:56:29,95
2026-04-08 03:34:03,95
2026-04-10 22:27:15,95
2026-04-07 10:16:08,95
2026-04-10 21:29:19,95
2026-04-06 02:57:39,95
2026-04-05 17:43:15,95
2026-04-05 17:45:17,95
2026-04-05 17:46:18,95
2026-04-07 02:01:59,95
2026-04-08 09:41:40,95
2026-04-07 20:09:24,95
2026-04-06 14:36:47,95
2026-04-13 16:55:23,95
2026-04-13 16:58:25,95
2026-04-13 16:59:26,95
2026-04-11 09:22:16,95
2026-04-11 09:15:10,95
2026-04-13 17:03:30,95
2026-04-13 14:57:30,95
2026-04-08 22:52:30,95
2026-04-08 22:53:31,95
2026-04-08 22:54:32,95
2026-04-13 17:24:49,95
2026-04-06 05:58:16,95
2026-04-06 05:06:30,95
2026-04-09 22:49:39,95
2026-04-06 02:56:38,95
2026-04-10 23:44:28,95
2026-04-09 16:17:25,95
2026-04-09 16:38:44,95
2026-04-09 16:25:32,95
2026-04-09 16:28:35,95
2026-04-06 06:14:32,95
2026-04-15 15:56:51,95
2026-04-05 18:30:53,95
2026-04-15 15:58:52,95
2026-04-15 15:52:47,95
2026-04-09 06:51:02,95
2026-04-09 06:54:05,95
2026-04-09 06:55:06,95
2026-04-09 06:56:07,95
2026-04-09 08:31:34,95
2026-04-09 08:32:34,95
2026-04-13 13:54:30,95
2026-04-13 20:28:56,95
2026-04-13 20:29:57,95
2026-04-15 14:41:32,95
2026-04-15 14:44:34,95
2026-04-05 19:30:42,95
2026-04-15 09:44:05,95
2026-04-09 16:15:23,95
2026-04-09 16:16:24,95
2026-04-08 04:11:38,95
2026-04-09 16:40:45,95
2026-04-09 16:41:46,95
2026-04-09 16:11:19,95
2026-04-11 00:46:24,95
2026-04-06 05:33:54,95
2026-04-08 04:10:37,95
2026-04-08 04:22:48,95
2026-04-11 00:35:14,95
2026-04-11 00:50:28,95
2026-04-11 00:54:32,95
2026-04-09 09:33:27,95
2026-04-10 05:45:28,95
2026-04-09 03:15:05,95
2026-04-11 08:12:12,95
2026-04-08 07:49:53,95
2026-04-09 08:23:26,95
2026-04-06 12:23:59,95
2026-04-09 09:32:26,95
2026-04-09 05:35:57,95
2026-04-09 05:37:59,95
2026-04-11 07:54:56,95
2026-04-11 07:44:46,95
2026-04-09 05:48:08,95
2026-04-10 06:12:55,95
2026-04-10 06:15:58,95
2026-04-09 14:16:38,95
2026-04-09 14:17:39,95
2026-04-07 08:10:10,95
2026-04-06 08:27:36,95
2026-04-09 13:56:19,95
2026-04-11 04:26:35,95
2026-04-11 04:29:38,95
2026-04-11 08:28:27,95
2026-04-09 00:03:29,95
2026-04-13 15:04:37,95
2026-04-08 23:54:22,95
2026-04-16 05:20:44,95
2026-04-15 15:28:24,95
2026-04-15 15:26:22,95
2026-04-08 22:38:18,95
2026-04-08 22:39:18,95
2026-04-08 22:40:19,95
2026-04-10 18:15:13,95
2026-04-10 18:16:14,95
2026-04-07 04:57:25,95
2026-04-07 04:58:26,95
2026-04-10 13:14:53,95
2026-04-10 14:40:20,95
2026-04-10 18:29:27,95
2026-04-10 18:24:22,95
2026-04-10 13:01:40,95
2026-04-08 10:03:00,95
2026-04-08 10:04:01,95
2026-04-06 16:07:08,95
2026-04-10 10:38:29,95
2026-04-08 10:06:03,95
2026-04-08 10:12:09,95
2026-04-11 00:29:09,95
2026-04-03 12:38:13,95
2026-04-16 05:19:43,95
2026-04-07 17:37:17,95
2026-04-10 21:27:17,95
2026-04-10 19:03:59,95
2026-04-11 04:22:31,95
2026-04-11 04:23:32,95
2026-04-10 18:59:55,95
2026-04-10 18:25:23,95
2026-04-10 19:43:36,95
2026-04-10 19:53:46,95
2026-04-10 20:58:50,95
2026-04-09 14:03:26,95
2026-04-09 14:00:23,95
2026-04-06 02:21:08,95
2026-04-06 02:24:11,95
2026-04-13 13:55:31,95
2026-04-07 12:46:14,95
2026-04-13 14:17:53,95
2026-04-08 07:11:18,95
2026-04-09 10:45:31,95
2026-04-08 07:16:22,95
2026-04-08 02:20:55,95
2026-04-09 10:42:29,95
2026-04-09 10:27:15,95
2026-04-07 05:02:29,95
2026-04-07 04:56:24,95
2026-04-07 19:33:53,95
2026-04-07 19:24:45,95
2026-04-08 05:06:28,95
2026-04-08 05:07:29,95
2026-04-06 09:47:47,95
2026-04-06 09:54:53,95
2026-04-08 05:04:26,95
2026-04-06 10:18:14,95
2026-04-09 14:01:24,95
2026-04-09 14:02:25,95
2026-04-06 11:06:56,95
2026-04-06 10:53:45,95
2026-04-08 05:05:27,95
2026-04-03 12:15:54,95
2026-04-03 12:37:12,95
2026-04-05 17:23:59,95
2026-04-09 13:30:56,95
2026-04-06 11:08:58,95
2026-04-06 10:39:33,95
2026-04-11 08:51:49,95
2026-04-11 08:16:16,95
2026-04-11 08:44:42,95
2026-04-11 08:32:31,95
2026-04-09 05:17:41,95
2026-04-08 11:38:19,95
2026-04-08 11:39:20,95
2026-04-08 23:53:21,95
2026-04-05 17:01:40,95
2026-04-10 12:49:28,95
2026-04-08 06:55:03,95
2026-04-07 05:26:50,95
2026-04-08 06:45:55,95
2026-04-07 05:31:55,95
2026-04-05 17:24:59,95
2026-04-07 05:33:56,95
2026-04-07 05:24:48,95
2026-04-08 07:02:09,95
2026-04-08 06:54:02,95
2026-04-13 15:09:42,95
2026-04-06 16:52:47,95
2026-04-07 20:36:47,95
2026-04-11 09:00:57,95
2026-04-06 10:34:28,95
2026-04-06 23:30:57,95
2026-04-06 01:49:41,95
2026-04-06 10:38:32,95
2026-04-09 13:33:59,95
2026-04-09 23:25:11,95
2026-04-11 04:34:43,95
2026-04-11 07:40:43,95
2026-04-11 07:25:28,95
2026-04-13 14:18:54,95
2026-04-09 13:31:57,95
2026-04-11 04:37:45,95
2026-04-11 06:05:09,95
2026-04-11 05:04:10,95
2026-04-07 05:32:55,95
2026-04-09 12:18:52,95
2026-04-09 12:31:03,95
2026-04-06 16:22:21,95
2026-04-11 00:18:59,95
2026-04-09 22:30:22,95
2026-04-09 22:13:08,95
2026-04-09 22:12:07,95
2026-04-11 09:43:35,95
2026-04-10 23:45:29,95
2026-04-10 23:47:31,95
2026-04-13 15:16:49,95
2026-04-16 06:18:35,95
2026-04-07 22:08:58,95
2026-04-13 16:40:08,95
2026-04-13 20:24:53,95
2026-04-07 22:05:56,95
2026-04-10 08:30:18,95
2026-04-10 08:15:02,95
2026-04-13 17:17:43,95
2026-04-05 16:15:01,95
2026-04-05 16:17:03,95
2026-04-12 15:50:10,95
2026-04-10 09:32:23,95
2026-04-05 15:55:45,95
2026-04-03 11:00:52,94
2026-04-05 17:00:40,94
2026-04-10 09:33:24,94
2026-04-05 15:53:43,94
2026-04-05 15:28:22,94
2026-04-05 15:16:12,94
2026-04-12 16:20:35,94
2026-04-13 17:18:44,94
2026-04-13 16:12:43,94
2026-04-13 20:25:53,94
2026-04-13 15:05:38,94
2026-04-13 15:06:39,94
2026-04-13 14:55:29,94
2026-04-13 16:33:01,94
2026-04-13 16:34:02,94
2026-04-16 12:28:40,94
2026-04-13 16:52:20,94
2026-04-13 16:37:05,94
2026-04-09 05:40:01,94
2026-04-08 09:42:41,94
2026-04-15 14:28:19,94
2026-04-06 23:17:46,94
2026-04-13 17:11:37,94
2026-04-05 17:42:14,94
2026-04-05 17:44:16,94
2026-04-16 05:21:45,94
2026-04-07 20:14:28,94
2026-04-07 20:15:29,94
2026-04-09 05:43:03,94
2026-04-09 06:23:38,94
2026-04-06 14:32:44,94
2026-04-08 09:45:44,94
2026-04-07 02:00:58,94
2026-04-07 02:03:00,94
2026-04-11 12:43:50,94
2026-04-11 09:17:12,94
2026-04-03 12:17:56,94
2026-04-07 20:05:20,94
2026-04-07 20:17:31,94
2026-04-07 20:18:31,94
2026-04-07 20:20:33,94
2026-04-07 20:21:34,94
2026-04-13 17:15:41,94
2026-04-13 17:16:42,94
2026-04-13 14:58:31,94
2026-04-13 14:43:17,94
2026-04-16 12:31:42,94
2026-04-16 12:17:30,94
2026-04-13 15:24:57,94
2026-04-11 09:24:18,94
2026-04-09 13:48:12,94
2026-04-09 13:37:02,94
2026-04-09 13:38:03,94
2026-04-06 10:46:39,94
2026-04-06 23:31:58,94
2026-04-08 23:16:50,94
2026-04-08 23:17:51,94
2026-04-06 16:49:44,94
2026-04-06 03:10:51,94
2026-04-13 14:42:16,94
2026-04-06 01:58:49,94
2026-04-06 01:48:40,94
2026-04-06 01:54:46,94
2026-04-06 01:55:47,94
2026-04-06 02:33:18,94
2026-04-06 10:37:31,94
2026-04-11 05:07:13,94
2026-04-11 04:40:48,94
2026-04-11 05:36:41,94
2026-04-13 14:20:56,94
2026-04-13 14:22:58,94
2026-04-13 14:23:59,94
2026-04-08 02:29:02,94
2026-04-07 12:45:13,94
2026-04-09 03:13:03,94
2026-04-09 12:19:53,94
2026-04-09 12:13:48,94
2026-04-09 12:15:50,94
2026-04-07 05:25:49,94
2026-04-09 13:32:58,94
2026-04-11 04:04:15,94
2026-04-11 03:59:10,94
2026-04-03 12:34:09,94
2026-04-06 10:29:24,94
2026-04-09 12:29:01,94
2026-04-09 12:30:02,94
2026-04-06 11:04:54,94
2026-04-09 13:29:55,94
2026-04-06 10:05:02,94
2026-04-07 19:31:51,94
2026-04-09 05:16:40,94
2026-04-06 16:17:17,94
2026-04-09 05:03:30,94
2026-04-08 11:27:09,94
2026-04-11 08:24:23,94
2026-04-11 08:50:48,94
2026-04-11 08:31:30,94
2026-04-03 12:14:53,94
2026-04-08 06:58:06,94
2026-04-05 17:15:52,94
2026-04-05 17:16:53,94
2026-04-10 10:02:54,94
2026-04-10 10:18:10,94
2026-04-10 10:21:13,94
2026-04-10 10:54:45,94
2026-04-09 05:25:48,94
2026-04-11 08:40:38,94
2026-04-11 08:58:55,94
2026-04-11 08:59:56,94
2026-04-08 07:12:19,94
2026-04-08 07:13:20,94
2026-04-07 19:48:05,94
2026-04-08 06:53:01,94
2026-04-08 06:56:04,94
2026-04-10 20:23:15,94
2026-04-10 19:07:02,94
2026-04-10 21:37:27,94
2026-04-10 21:25:15,94
2026-04-10 08:14:01,94
2026-04-03 12:39:13,94
2026-04-05 16:07:55,94
2026-04-05 16:11:59,94
2026-04-13 20:38:03,94
2026-04-10 01:45:21,94
2026-04-09 13:52:16,94
2026-04-09 13:53:17,94
2026-04-09 13:42:07,94
2026-04-06 02:23:10,94
2026-04-10 19:40:33,94
2026-04-10 19:30:24,94
2026-04-09 10:48:34,94
2026-04-09 08:45:46,94
2026-04-09 08:46:47,94
2026-04-13 22:43:04,94
2026-04-13 22:14:16,94
2026-04-13 22:15:16,94
2026-04-13 13:52:28,94
2026-04-13 22:53:51,94
2026-04-07 19:35:55,94
2026-04-07 19:23:44,94
2026-04-11 08:21:21,94
2026-04-09 10:59:44,94
2026-04-09 11:00:45,94
2026-04-09 10:58:43,94
2026-04-09 10:44:30,94
2026-04-09 12:16:50,94
2026-04-09 14:18:39,94
2026-04-06 10:14:10,94
2026-04-09 13:57:20,94
2026-04-07 07:50:52,94
2026-04-07 07:51:53,94
2026-04-07 07:29:34,94
2026-04-08 05:09:31,94
2026-04-06 08:56:01,94
2026-04-07 05:09:35,94
2026-04-11 07:10:14,94
2026-04-15 15:19:07,94
2026-04-08 22:37:17,94
2026-04-11 08:27:26,94
2026-04-09 00:05:31,94
2026-04-08 23:55:22,94
2026-04-08 17:27:11,94
2026-04-15 06:46:32,94
2026-04-15 16:11:05,94
2026-04-15 16:12:06,94
2026-04-10 13:13:52,94
2026-04-10 18:09:07,94
2026-04-10 18:11:09,94
2026-04-10 18:44:41,94
2026-04-07 05:08:35,94
2026-04-16 05:18:43,94
2026-04-08 23:24:57,94
2026-04-08 23:25:58,94
2026-04-08 11:30:12,94
2026-04-06 16:03:05,94
2026-04-08 10:13:10,94
2026-04-08 09:57:55,94
2026-04-09 04:41:10,94
2026-04-11 00:17:58,94
2026-04-08 04:23:49,94
2026-04-08 04:09:36,94
2026-04-08 04:12:39,94
2026-04-09 14:45:03,94
2026-04-09 16:42:47,94
2026-04-09 16:43:48,94
2026-04-09 16:14:22,94
2026-04-09 03:14:04,94
2026-04-08 23:23:57,94
2026-04-08 04:21:47,94
2026-04-11 00:31:10,94
2026-04-11 00:32:11,94
2026-04-11 00:24:04,94
2026-04-11 00:14:56,94
2026-04-11 00:15:57,94
2026-04-09 05:49:09,94
2026-04-11 08:09:09,94
2026-04-08 07:48:52,94
2026-04-09 08:24:27,94
2026-04-09 07:56:02,94
2026-04-09 09:36:30,94
2026-04-10 13:57:35,94
2026-04-10 13:18:57,94
2026-04-11 00:39:18,94
2026-04-05 19:29:41,94
2026-04-15 15:23:13,94
2026-04-05 18:45:05,94
2026-04-05 18:46:05,94
2026-04-06 15:09:16,94
2026-04-06 14:58:06,94
2026-04-11 07:43:45,94
2026-04-06 03:55:28,94
2026-04-07 17:36:16,94
2026-04-03 12:26:02,94
2026-04-03 12:32:08,94
2026-04-08 23:19:53,94
2026-04-13 14:46:20,94
2026-04-08 22:56:33,94
2026-04-08 22:44:23,94
2026-04-09 08:21:24,94
2026-04-09 08:22:25,94
2026-04-15 07:45:23,94
2026-04-15 15:33:29,94
2026-04-09 16:27:34,94
2026-04-06 04:35:02,94
2026-04-06 05:49:08,94
2026-04-09 22:50:40,94
2026-04-15 14:39:30,94
2026-04-13 13:36:11,94
2026-04-13 12:58:32,94
2026-04-10 05:46:29,94
2026-04-05 20:44:41,94
2026-04-09 06:58:09,94
2026-04-09 06:18:33,94
2026-04-09 06:53:04,94
2026-04-09 14:43:02,94
2026-04-10 23:27:13,94
2026-04-11 01:03:40,94
2026-04-11 01:04:40,94
2026-04-10 23:50:34,94
2026-04-05 19:15:29,94
2026-04-15 12:43:44,94
2026-04-15 12:44:45,94
2026-04-05 16:43:25,94
2026-04-05 16:44:26,94
2026-04-03 11:53:35,94
2026-04-11 12:48:54,94
2026-04-11 11:55:10,94
2026-04-16 12:26:38,94
2026-04-16 12:27:39,94
2026-04-13 16:30:59,94
2026-04-06 04:09:40,94
2026-04-06 03:57:30,94
2026-04-09 22:09:04,94
2026-04-13 16:38:06,94
2026-04-16 07:17:26,94
2026-04-05 15:29:23,94
2026-04-03 12:18:57,94
2026-04-16 12:29:40,94
2026-04-07 10:12:05,94
2026-04-06 04:42:08,94
2026-04-10 22:07:57,94
2026-04-10 22:24:12,94
2026-04-13 16:11:42,94
2026-04-13 17:28:53,94
2026-04-13 15:47:20,94
2026-04-06 04:08:39,94
2026-04-16 05:22:46,94
2026-04-16 05:23:47,94
2026-04-09 22:55:44,94
2026-04-09 23:47:31,94
2026-04-08 03:29:59,94
2026-04-07 10:20:12,94
2026-04-07 10:21:13,94
2026-04-07 10:22:14,94
2026-04-05 15:30:24,94
2026-04-08 11:28:10,94
2026-04-09 05:24:47,94
2026-04-09 04:26:58,94
2026-04-08 23:59:26,94
2026-04-08 23:51:19,94
2026-04-08 23:52:20,94
2026-04-09 03:12:02,94
2026-04-11 09:44:36,94
2026-04-11 09:45:37,94
2026-04-11 09:46:38,94
2026-04-11 09:37:30,94
2026-04-11 09:42:34,94
2026-04-09 22:52:41,94
2026-04-09 22:25:18,94
2026-04-09 22:26:19,94
2026-04-13 15:44:17,94
2026-04-13 15:45:18,94
2026-04-13 15:46:19,94
2026-04-13 15:17:50,94
2026-04-06 23:14:43,94
2026-04-16 06:17:34,94
2026-04-16 06:19:35,94
2026-04-16 06:20:36,94
2026-04-13 16:32:00,94
2026-04-16 12:30:41,94
2026-04-13 16:36:04,94
2026-04-06 22:02:44,94
2026-04-13 15:56:28,94
2026-04-13 15:57:29,94
2026-04-13 15:48:21,94
2026-04-06 22:03:45,94
2026-04-16 07:21:29,93
2026-04-11 12:44:51,93
2026-04-11 11:54:09,93
2026-04-11 09:06:01,93
2026-04-11 09:14:09,93
2026-04-13 20:22:51,93
2026-04-13 15:38:10,93
2026-04-13 15:23:56,93
2026-04-16 12:32:43,93
2026-04-16 12:33:44,93
2026-04-03 10:57:50,93
2026-04-11 11:47:04,93
2026-04-11 09:53:44,93
2026-04-11 09:58:49,93
2026-04-16 12:25:37,93
2026-04-13 16:29:58,93
2026-04-16 07:16:25,93
2026-04-09 21:53:51,93
2026-04-09 22:05:01,93
2026-04-09 22:07:03,93
2026-04-09 22:10:05,93
2026-04-09 22:11:06,93
2026-04-06 04:21:50,93
2026-04-09 22:41:32,93
2026-04-13 17:12:38,93
2026-04-13 17:13:39,93
2026-04-13 17:14:40,93
2026-04-13 14:44:18,93
2026-04-08 22:41:20,93
2026-04-08 22:42:21,93
2026-04-08 22:43:22,93
2026-04-08 23:18:52,93
2026-04-15 15:24:16,93
2026-04-05 16:08:56,93
2026-04-03 12:40:14,93
2026-04-16 05:17:42,93
2026-04-06 23:16:45,93
2026-04-06 23:02:33,93
2026-04-06 23:03:34,93
2026-04-13 17:10:36,93
2026-04-08 23:58:25,93
2026-04-09 00:11:37,93
2026-04-08 22:12:56,93
2026-04-06 23:32:59,93
2026-04-06 23:18:47,93
2026-04-08 22:36:16,93
2026-04-03 13:06:36,93
2026-04-12 17:09:19,93
2026-04-11 09:07:02,93
2026-04-11 08:57:54,93
2026-04-09 01:40:52,93
2026-04-09 03:24:12,93
2026-04-09 03:11:01,93
2026-04-08 22:14:58,93
2026-04-08 23:56:23,93
2026-04-08 23:57:24,93
2026-04-10 21:26:16,93
2026-04-10 21:28:18,93
2026-04-10 19:17:11,93
2026-04-10 19:19:13,93
2026-04-06 02:22:09,93
2026-04-06 10:45:38,93
2026-04-09 12:12:47,93
2026-04-09 13:45:09,93
2026-04-08 05:10:32,93
2026-04-08 05:11:32,93
2026-04-06 09:00:05,93
2026-04-09 14:14:36,93
2026-04-09 14:15:37,93
2026-04-06 09:18:21,93
2026-04-06 09:19:22,93
2026-04-11 04:11:21,93
2026-04-11 04:41:49,93
2026-04-11 00:43:22,93
2026-04-11 01:02:39,93
2026-04-11 00:40:19,93
2026-04-11 00:41:20,93
2026-04-11 00:42:21,93
2026-04-06 07:49:01,93
2026-04-06 07:43:57,93
2026-04-09 14:42:00,93
2026-04-09 14:44:02,93
2026-04-09 16:45:50,93
2026-04-09 16:46:51,93
2026-04-08 04:13:40,93
2026-04-09 16:56:59,93
2026-04-09 16:53:57,93
2026-04-11 00:16:57,93
2026-04-06 03:12:52,93
2026-04-06 03:08:49,93
2026-04-13 14:34:08,93
2026-04-11 07:20:24,93
2026-04-11 05:09:15,93
2026-04-07 19:47:04,93
2026-04-11 04:50:58,93
2026-04-11 04:36:44,93
2026-04-06 10:47:39,93
2026-04-06 10:50:42,93
2026-04-06 10:51:43,93
2026-04-09 13:35:00,93
2026-04-09 13:36:01,93
2026-04-06 01:40:34,93
2026-04-06 02:34:19,93
2026-04-06 01:52:44,93
2026-04-08 05:08:30,93
2026-04-09 13:28:54,93
2026-04-08 06:22:34,93
2026-04-06 11:09:59,93
2026-04-06 10:40:33,93
2026-04-06 10:31:26,93
2026-04-06 10:35:29,93
2026-04-07 07:14:21,93
2026-04-09 13:46:10,93
2026-04-09 13:47:11,93
2026-04-09 13:59:22,93
2026-04-09 13:54:18,93
2026-04-06 09:59:57,93
2026-04-06 10:00:58,93
2026-04-06 10:01:59,93
2026-04-06 10:06:03,93
2026-04-13 23:09:45,93
2026-04-08 07:15:21,93
2026-04-09 08:44:45,93
2026-04-09 08:47:48,93
2026-04-09 08:48:49,93
2026-04-09 08:33:35,93
2026-04-09 08:34:36,93
2026-04-09 08:35:37,93
2026-04-13 20:36:02,93
2026-04-13 13:51:26,93
2026-04-13 22:12:14,93
2026-04-13 22:13:15,93
2026-04-13 22:04:07,93
2026-04-13 21:43:56,93
2026-04-13 22:39:37,93
2026-04-13 23:08:44,93
2026-04-08 06:48:57,93
2026-04-08 06:57:05,93
2026-04-08 07:14:21,93
2026-04-08 07:01:08,93
2026-04-08 02:28:01,93
2026-04-10 00:32:12,93
2026-04-06 01:38:32,93
2026-04-06 01:39:33,93
2026-04-11 04:38:46,93
2026-04-11 04:00:11,93
2026-04-09 12:20:54,93
2026-04-09 12:21:55,93
2026-04-09 12:55:24,93
2026-04-09 13:00:29,93
2026-04-09 12:14:49,93
2026-04-08 06:20:32,93
2026-04-09 06:14:30,93
2026-04-09 09:28:23,93
2026-04-09 08:41:42,93
2026-04-09 08:42:43,93
2026-04-09 08:43:44,93
2026-04-06 12:18:54,93
2026-04-09 09:30:25,93
2026-04-09 09:31:26,93
2026-04-10 14:41:21,93
2026-04-10 13:40:18,93
2026-04-10 13:42:20,93
2026-04-13 20:20:49,93
2026-04-05 20:14:17,93
2026-04-10 05:43:26,93
2026-04-10 05:44:27,93
2026-04-09 06:12:28,93
2026-04-07 19:34:54,93
2026-04-07 19:36:56,93
2026-04-07 19:39:58,93
2026-04-07 04:44:13,93
2026-04-07 05:11:37,93
2026-04-07 05:12:38,93
2026-04-07 05:14:40,93
2026-04-13 23:12:49,93
2026-04-09 10:49:35,93
2026-04-09 10:35:22,93
2026-04-09 10:41:28,93
2026-04-09 11:21:03,93
2026-04-09 10:57:42,93
2026-04-09 12:17:51,93
2026-04-11 08:08:08,93
2026-04-07 19:30:51,93
2026-04-09 05:42:02,93
2026-04-08 09:43:42,93
2026-04-08 09:44:43,93
2026-04-08 09:46:45,93
2026-04-08 09:47:46,93
2026-04-07 02:04:01,93
2026-04-08 09:56:54,93
2026-04-09 06:25:40,93
2026-04-13 12:57:31,93
2026-04-13 13:00:34,93
2026-04-15 09:41:02,93
2026-04-15 09:36:58,93
2026-04-15 14:38:29,93
2026-04-15 14:27:18,93
2026-04-15 14:29:20,93
2026-04-09 05:39:00,93
2026-04-09 08:19:23,93
2026-04-09 08:20:23,93
2026-04-09 08:28:31,93
2026-04-13 20:27:55,93
2026-04-13 20:32:59,93
2026-04-13 20:19:48,93
2026-04-13 13:01:35,93
2026-04-13 13:13:47,93
2026-04-09 10:26:14,93
2026-04-09 07:54:00,93
2026-04-11 07:50:52,93
2026-04-06 14:45:55,93
2026-04-06 14:46:56,93
2026-04-09 05:52:11,93
2026-04-09 05:53:12,93
2026-04-09 08:18:22,93
2026-04-10 10:25:17,93
2026-04-10 10:17:09,93
2026-04-06 16:20:20,93
2026-04-09 04:40:09,93
2026-04-06 16:08:09,93
2026-04-06 16:00:02,93
2026-04-07 02:16:11,93
2026-04-06 16:01:03,93
2026-04-15 15:38:35,93
2026-04-15 16:13:07,93
2026-04-15 16:08:01,93
2026-04-15 16:09:02,93
2026-04-15 15:54:49,93
2026-04-15 15:55:50,93
2026-04-15 07:01:45,93
2026-04-13 23:13:50,93
2026-04-07 19:59:15,93
2026-04-07 20:35:46,93
2026-04-07 20:16:30,93
2026-04-07 20:02:18,93
2026-04-07 20:04:19,93
2026-04-07 20:22:35,93
2026-04-13 12:46:20,93
2026-04-13 12:47:21,93
2026-04-09 06:26:41,93
2026-04-09 06:16:32,93
2026-04-09 06:17:32,93
2026-04-07 02:46:36,93
2026-04-06 14:35:46,93
2026-04-09 05:44:04,93
2026-04-09 05:45:05,93
2026-04-09 05:46:06,93
2026-04-16 06:15:32,93
2026-04-11 08:43:41,93
2026-04-11 08:22:21,93
2026-04-11 09:01:58,93
2026-04-11 08:52:49,93
2026-04-11 08:53:50,93
2026-04-11 08:38:36,93
2026-04-11 08:41:39,93
2026-04-10 09:56:48,93
2026-04-10 09:59:51,93
2026-04-05 17:06:44,93
2026-04-03 12:11:51,93
2026-04-03 12:12:51,93
2026-04-03 13:05:35,93
2026-04-16 06:34:49,93
2026-04-16 06:21:37,93
2026-04-09 05:14:39,93
2026-04-09 05:15:40,93
2026-04-10 11:54:38,93
2026-04-10 10:53:44,93
2026-04-10 12:48:27,93
2026-04-10 12:38:17,93
2026-04-10 12:33:13,93
2026-04-10 12:34:14,93
2026-04-08 11:31:13,93
2026-04-08 11:24:07,93
2026-04-08 11:26:09,93
2026-04-08 11:11:56,93
2026-04-09 04:13:47,93
2026-04-08 23:48:16,93
2026-04-08 23:50:18,93
2026-04-09 05:06:32,93
2026-04-12 15:51:11,93
2026-04-05 16:41:23,93
2026-04-05 16:42:24,93
2026-04-05 16:31:15,93
2026-04-07 22:00:52,93
2026-04-03 11:51:33,93
2026-04-03 11:52:34,93
2026-04-09 22:23:16,93
2026-04-13 16:24:54,93
2026-04-13 16:05:37,93
2026-04-13 17:29:54,93
2026-04-13 17:30:55,93
2026-04-13 20:16:46,93
2026-04-10 10:16:08,93
2026-04-05 15:54:44,93
2026-04-05 15:47:38,93
2026-04-16 06:16:33,93
2026-04-16 05:57:16,93
2026-04-06 22:59:30,93
2026-04-13 15:19:52,93
2026-04-06 23:13:42,93
2026-04-13 16:53:21,93
2026-04-13 15:43:16,93
2026-04-13 16:35:03,93
2026-04-08 22:55:33,93
2026-04-11 09:36:29,93
2026-04-03 12:33:08,93
2026-04-16 05:52:12,93
2026-04-16 05:56:15,93
2026-04-16 05:24:48,93
2026-04-16 05:25:49,93
2026-04-16 05:27:51,93
2026-04-06 04:22:51,93
2026-04-06 04:24:53,93
2026-04-06 04:27:55,93
2026-04-09 16:35:41,93
2026-04-09 16:36:42,93
2026-04-10 23:39:24,93
2026-04-09 16:10:19,93
2026-04-09 16:12:20,93
2026-04-07 10:23:15,93
2026-04-09 23:22:08,93
2026-04-09 22:51:41,93
2026-04-06 02:51:34,93
2026-04-09 23:02:50,93
2026-04-06 04:02:34,93
2026-04-06 05:05:29,93
2026-04-06 04:57:22,93
2026-04-10 21:10:01,93
2026-04-07 10:27:18,93
2026-04-09 21:55:53,93
2026-04-06 04:50:16,93
2026-04-06 04:51:17,93
2026-04-09 21:56:54,93
2026-04-09 22:02:59,93
2026-04-07 10:18:10,93
2026-04-07 10:14:07,93
2026-04-07 10:15:07,93
2026-04-06 03:40:15,93
2026-04-10 23:08:55,93
2026-04-10 22:37:25,93
2026-04-11 00:21:01,93
2026-04-10 23:59:42,93
2026-04-11 00:03:46,93
2026-04-03 11:02:54,92
2026-04-03 11:50:32,92
2026-04-16 07:18:27,92
2026-04-11 09:47:39,92
2026-04-11 09:39:32,92
2026-04-11 09:20:14,92
2026-04-13 20:13:43,92
2026-04-13 20:14:44,92
2026-04-13 20:15:45,92
2026-04-13 17:31:56,92
2026-04-13 17:32:57,92
2026-04-06 23:04:35,92
2026-04-13 15:18:51,92
2026-04-13 15:22:55,92
2026-04-16 06:12:29,92
2026-04-16 06:04:22,92
2026-04-16 05:54:13,92
2026-04-16 05:55:14,92
2026-04-16 05:29:52,92
2026-04-08 17:29:13,92
2026-04-06 23:27:54,92
2026-04-08 23:20:54,92
2026-04-08 23:01:38,92
2026-04-08 22:35:15,92
2026-04-13 17:09:35,92
2026-04-13 17:05:32,92
2026-04-13 17:06:33,92
2026-04-09 00:53:12,92
2026-04-09 00:40:01,92
2026-04-09 00:07:33,92
2026-04-09 00:08:34,92
2026-04-09 00:09:35,92
2026-04-08 22:13:57,92
2026-04-08 22:15:59,92
2026-04-08 17:28:12,92
2026-04-15 16:14:08,92
2026-04-15 15:48:43,92
2026-04-15 15:50:45,92
2026-04-15 15:51:46,92
2026-04-15 15:29:25,92
2026-04-05 19:21:34,92
2026-04-05 19:14:29,92
2026-04-10 06:13:56,92
2026-04-10 12:08:50,92
2026-04-10 11:53:37,92
2026-04-10 10:48:39,92
2026-04-05 14:31:36,92
2026-04-05 14:32:37,92
2026-04-10 10:37:28,92
2026-04-15 07:15:57,92
2026-04-15 06:45:31,92
2026-04-15 15:08:57,92
2026-04-15 14:56:46,92
2026-04-05 17:14:51,92
2026-04-10 09:44:35,92
2026-04-10 12:47:26,92
2026-04-10 12:35:15,92
2026-04-10 12:36:15,92
2026-04-10 12:24:04,92
2026-04-05 16:57:37,92
2026-04-05 16:58:38,92
2026-04-05 16:59:39,92
2026-04-13 12:48:22,92
2026-04-15 15:25:21,92
2026-04-03 13:08:38,92
2026-04-15 15:14:02,92
2026-04-15 15:20:08,92
2026-04-10 13:55:33,92
2026-04-10 18:14:12,92
2026-04-10 18:55:51,92
2026-04-13 23:15:53,92
2026-04-13 23:11:47,92
2026-04-13 22:49:01,92
2026-04-13 22:35:33,92
2026-04-13 22:10:12,92
2026-04-13 12:49:23,92
2026-04-05 20:43:40,92
2026-04-13 20:26:54,92
2026-04-05 20:15:18,92
2026-04-10 13:15:54,92
2026-04-10 14:10:49,92
2026-04-10 14:11:50,92
2026-04-10 13:56:34,92
2026-04-15 12:42:43,92
2026-04-15 09:37:59,92
2026-04-13 13:09:43,92
2026-04-13 13:10:44,92
2026-04-13 13:11:45,92
2026-04-13 13:12:46,92
2026-04-13 12:59:33,92
2026-04-13 13:02:36,92
2026-04-15 14:57:47,92
2026-04-15 14:48:38,92
2026-04-15 14:53:43,92
2026-04-15 14:54:44,92
2026-04-15 14:40:31,92
2026-04-15 14:09:01,92
2026-04-15 14:13:05,92
2026-04-15 12:39:41,92
2026-04-10 21:39:29,92
2026-04-06 04:03:35,92
2026-04-06 02:54:37,92
2026-04-06 02:55:37,92
2026-04-09 22:47:37,92
2026-04-07 11:17:00,92
2026-04-09 23:19:05,92
2026-04-09 23:20:06,92
2026-04-06 03:06:47,92
2026-04-06 01:51:43,92
2026-04-06 02:19:06,92
2026-04-06 02:20:07,92
2026-04-10 00:00:43,92
2026-04-10 19:29:23,92
2026-04-10 19:18:12,92
2026-04-10 20:10:02,92
2026-04-10 00:30:10,92
2026-04-06 01:27:23,92
2026-04-10 01:31:08,92
2026-04-13 14:47:21,92
2026-04-13 14:48:22,92
2026-04-13 14:40:14,92
2026-04-13 14:41:15,92
2026-04-06 03:09:50,92
2026-04-13 21:40:54,92
2026-04-13 21:41:55,92
2026-04-13 21:44:57,92
2026-04-13 20:35:01,92
2026-04-13 13:08:42,92
2026-04-06 02:08:58,92
2026-04-06 02:09:59,92
2026-04-06 02:10:59,92
2026-04-07 09:16:12,92
2026-04-07 09:17:13,92
2026-04-06 04:23:52,92
2026-04-06 05:19:41,92
2026-04-06 05:16:38,92
2026-04-09 21:39:39,92
2026-04-06 06:58:14,92
2026-04-06 05:47:06,92
2026-04-10 23:36:21,92
2026-04-10 23:40:25,92
2026-04-11 01:34:06,92
2026-04-11 00:59:36,92
2026-04-09 16:22:29,92
2026-04-09 16:23:30,92
2026-04-07 08:33:31,92
2026-04-07 09:15:11,92
2026-04-07 10:24:16,92
2026-04-07 10:25:16,92
2026-04-07 10:28:19,92
2026-04-07 10:31:22,92
2026-04-11 00:02:45,92
2026-04-10 23:55:39,92
2026-04-10 23:43:28,92
2026-04-10 23:46:30,92
2026-04-07 10:13:06,92
2026-04-07 10:41:31,92
2026-04-09 22:15:10,92
2026-04-06 04:06:37,92
2026-04-09 22:00:57,92
2026-04-09 21:42:41,92
2026-04-06 04:47:13,92
2026-04-06 04:31:59,92
2026-04-07 07:28:33,92
2026-04-07 07:30:35,92
2026-04-07 07:31:35,92
2026-04-07 07:32:36,92
2026-04-09 15:00:17,92
2026-04-09 15:01:18,92
2026-04-06 10:17:13,92
2026-04-09 13:58:21,92
2026-04-09 13:55:18,92
2026-04-09 14:30:50,92
2026-04-09 14:31:51,92
2026-04-09 14:32:52,92
2026-04-09 14:06:29,92
2026-04-09 14:07:30,92
2026-04-07 07:49:51,92
2026-04-07 07:27:32,92
2026-04-09 16:13:21,92
2026-04-07 08:09:09,92
2026-04-07 08:11:11,92
2026-04-08 04:16:43,92
2026-04-08 04:17:43,92
2026-04-08 04:20:46,92
2026-04-11 00:53:31,92
2026-04-11 04:24:33,92
2026-04-06 05:48:07,92
2026-04-08 04:15:42,92
2026-04-09 16:59:01,92
2026-04-09 16:55:58,92
2026-04-09 16:44:49,92
2026-04-09 16:47:52,92
2026-04-09 14:39:58,92
2026-04-09 14:46:04,92
2026-04-08 06:59:07,92
2026-04-08 07:00:08,92
2026-04-08 06:50:59,92
2026-04-08 06:52:00,92
2026-04-07 05:23:48,92
2026-04-07 05:15:41,92
2026-04-08 06:26:37,92
2026-04-08 06:18:30,92
2026-04-09 12:23:57,92
2026-04-09 12:24:57,92
2026-04-09 12:28:00,92
2026-04-11 04:08:18,92
2026-04-11 03:57:08,92
2026-04-11 01:33:05,92
2026-04-11 05:08:14,92
2026-04-11 07:34:37,92
2026-04-08 06:11:24,92
2026-04-06 11:23:10,92
2026-04-06 11:03:53,92
2026-04-06 11:05:55,92
2026-04-09 13:01:30,92
2026-04-09 12:57:26,92
2026-04-09 12:32:04,92
2026-04-09 12:22:56,92
2026-04-08 06:15:27,92
2026-04-08 06:17:29,92
2026-04-09 13:43:07,92
2026-04-09 13:41:06,92
2026-04-06 10:36:30,92
2026-04-07 07:15:22,92
2026-04-08 06:24:35,92
2026-04-08 06:25:36,92
2026-04-06 12:24:59,92
2026-04-06 12:20:56,92
2026-04-09 10:04:55,92
2026-04-09 09:29:24,92
2026-04-09 06:13:29,92
2026-04-09 05:59:17,92
2026-04-09 06:04:21,92
2026-04-09 06:06:23,92
2026-04-07 19:37:56,92
2026-04-07 19:38:57,92
2026-04-07 19:22:44,92
2026-04-11 08:10:10,92
2026-04-11 08:05:06,92
2026-04-09 08:15:19,92
2026-04-09 08:16:20,92
2026-04-09 08:01:07,92
2026-04-09 11:20:02,92
2026-04-09 08:27:30,92
2026-04-07 04:42:12,92
2026-04-07 04:15:49,92
2026-04-07 04:16:50,92
2026-04-07 04:53:21,92
2026-04-07 04:54:22,92
2026-04-11 07:23:26,92
2026-04-08 06:21:33,92
2026-04-07 04:45:14,92
2026-04-07 04:46:15,92
2026-04-07 04:47:16,92
2026-04-09 12:10:45,92
2026-04-09 11:59:36,92
2026-04-09 12:00:36,92
2026-04-09 11:19:01,92
2026-04-08 11:23:06,92
2026-04-08 11:07:53,92
2026-04-08 11:08:54,92
2026-04-08 11:09:55,92
2026-04-06 16:14:14,92
2026-04-06 16:04:06,92
2026-04-07 02:13:08,92
2026-04-07 01:13:19,92
2026-04-06 15:39:44,92
2026-04-06 15:40:44,92
2026-04-07 20:10:25,92
2026-04-07 20:13:27,92
2026-04-07 20:03:18,92
2026-04-07 20:00:16,92
2026-04-07 20:34:45,92
2026-04-08 11:32:14,92
2026-04-06 14:38:49,92
2026-04-09 06:24:39,92
2026-04-09 06:15:31,92
2026-04-08 09:49:48,92
2026-04-08 09:50:49,92
2026-04-08 09:53:51,92
2026-04-09 05:41:02,92
2026-04-09 05:26:49,92
2026-04-09 08:29:32,92
2026-04-09 08:30:33,92
2026-04-09 05:51:10,92
2026-04-09 05:58:16,92
2026-04-09 05:50:09,92
2026-04-07 02:42:33,92
2026-04-07 02:43:34,92
2026-04-07 02:45:35,92
2026-04-08 22:18:00,92
2026-04-08 22:11:55,92
2026-04-06 23:33:59,92
2026-04-06 23:24:52,92
2026-04-09 01:04:21,92
2026-04-09 01:05:22,92
2026-04-09 01:06:23,92
2026-04-09 00:52:11,92
2026-04-09 01:01:19,92
2026-04-09 01:02:20,92
2026-04-11 09:08:03,92
2026-04-11 09:09:04,92
2026-04-11 08:42:40,92
2026-04-11 08:23:22,92
2026-04-16 06:13:30,92
2026-04-08 22:16:59,92
2026-04-09 05:04:31,92
2026-04-09 05:07:33,92
2026-04-08 11:29:11,92
2026-04-09 00:00:27,92
2026-04-08 23:47:16,92
2026-04-08 23:26:59,92
2026-04-09 01:39:51,92
2026-04-09 01:45:56,92
2026-04-07 01:16:22,92
2026-04-07 01:17:23,92
2026-04-07 01:18:24,92
2026-04-08 11:35:16,92
2026-04-08 11:37:18,92
2026-04-06 16:46:42,92
2026-04-06 16:47:42,92
2026-04-06 16:21:21,92
2026-04-11 12:46:52,92
2026-04-11 11:58:13,92
2026-04-11 11:46:03,92
2026-04-03 11:56:37,92
2026-04-03 10:58:51,92
2026-04-16 11:49:03,92
2026-04-03 11:01:53,92
2026-04-16 07:22:30,92
2026-04-13 20:21:50,92
2026-04-11 09:13:08,92
2026-04-11 09:02:59,92
2026-04-03 12:25:02,92
2026-04-07 21:16:19,92
2026-04-11 12:41:48,92
2026-04-11 12:42:49,92
2026-04-11 12:45:51,92
2026-04-06 21:59:41,92
2026-04-06 22:00:42,92
2026-04-06 22:01:43,92
2026-04-06 22:04:46,92
2026-04-13 15:49:21,92
2026-04-13 15:36:08,92
2026-04-13 15:37:09,92
2026-04-06 22:33:09,92
2026-04-13 16:13:44,92
2026-04-13 16:14:45,92
2026-04-13 16:18:48,92
2026-04-13 16:04:36,92
2026-04-13 16:09:40,92
2026-04-13 16:10:41,92
2026-04-13 15:58:30,92
2026-04-13 16:27:56,92
2026-04-12 15:52:12,92
2026-04-05 15:46:37,92
2026-04-12 16:19:34,92
2026-04-05 17:40:13,92
2026-04-05 17:21:57,92
2026-04-16 00:22:35,92
2026-04-15 16:10:03,92
2026-04-05 16:09:57,92
2026-04-03 11:18:07,92
2026-04-03 11:19:07,92
2026-04-03 11:20:08,92
2026-04-03 11:07:58,92
2026-04-03 10:56:49,92
2026-04-07 21:58:50,92
2026-04-07 21:59:51,92
2026-04-05 16:40:22,92
2026-04-16 12:16:29,92
2026-04-16 12:03:16,92
2026-04-16 12:04:17,92
2026-04-16 12:05:18,92
2026-04-16 12:06:19,92
2026-04-16 12:08:21,92
2026-04-16 12:09:22,92
2026-04-03 11:21:09,92
2026-04-16 06:46:59,92
2026-04-16 06:49:01,92
2026-04-16 06:30:45,92
2026-04-13 16:51:19,92
2026-04-13 16:28:57,92
2026-04-11 11:48:05,92
2026-04-16 12:24:36,92
2026-04-03 10:55:48,92
2026-04-03 10:51:45,91
2026-04-03 10:52:46,91
2026-04-03 11:16:05,91
2026-04-03 11:15:04,91
2026-04-03 10:59:52,91
2026-04-16 11:47:01,91
2026-04-16 11:48:02,91
2026-04-03 11:54:36,91
2026-04-03 11:55:37,91
2026-04-09 13:51:15,91
2026-04-06 09:55:54,91
2026-04-09 14:22:43,91
2026-04-09 14:52:10,91
2026-04-16 07:57:00,91
2026-04-16 07:58:01,91
2026-04-16 07:59:02,91
2026-04-16 08:00:03,91
2026-04-16 08:01:04,91
2026-04-06 10:54:46,91
2026-04-09 14:11:33,91
2026-04-09 14:12:34,91
2026-04-06 10:03:00,91
2026-04-11 03:53:05,91
2026-04-11 11:45:02,91
2026-04-11 03:48:00,91
2026-04-11 03:49:01,91
2026-04-11 04:07:18,91
2026-04-07 20:01:17,91
2026-04-07 20:11:25,91
2026-04-07 20:12:26,91
2026-04-03 11:36:21,91
2026-04-07 20:23:36,91
2026-04-11 09:05:00,91
2026-04-11 09:10:05,91
2026-04-07 20:33:44,91
2026-04-09 14:29:49,91
2026-04-09 14:33:53,91
2026-04-09 14:56:14,91
2026-04-09 13:40:05,91
2026-04-06 09:26:28,91
2026-04-09 14:40:59,91
2026-04-09 14:47:05,91
2026-04-15 16:05:59,91
2026-04-15 15:42:38,91
2026-04-09 16:24:31,91
2026-04-06 05:46:05,91
2026-04-16 04:45:14,91
2026-04-11 00:57:34,91
2026-04-09 00:10:36,91
2026-04-09 00:12:37,91
2026-04-08 23:49:17,91
2026-04-09 01:07:24,91
2026-04-09 00:14:39,91
2026-04-09 00:16:41,91
2026-04-09 00:19:44,91
2026-04-09 00:20:44,91
2026-04-09 00:06:32,91
2026-04-11 12:00:14,91
2026-04-11 09:57:48,91
2026-04-11 09:59:50,91
2026-04-11 07:48:50,91
2026-04-09 00:13:38,91
2026-04-06 06:00:18,91
2026-04-09 16:37:43,91
2026-04-09 16:39:45,91
2026-04-09 17:10:10,91
2026-04-09 16:58:00,91
2026-04-06 10:30:25,91
2026-04-06 07:13:28,91
2026-04-06 07:14:29,91
2026-04-06 06:59:15,91
2026-04-06 23:20:48,91
2026-04-06 23:25:53,91
2026-04-06 23:19:47,91
2026-04-09 13:26:53,91
2026-04-09 13:27:53,91
2026-04-15 16:41:31,91
2026-04-06 11:22:09,91
2026-04-09 13:02:31,91
2026-04-09 13:03:32,91
2026-04-11 00:09:51,91
2026-04-11 00:04:47,91
2026-04-09 00:51:10,91
2026-04-10 23:41:26,91
2026-04-10 22:38:26,91
2026-04-10 23:54:38,91
2026-04-11 00:28:08,91
2026-04-12 17:13:22,91
2026-04-10 20:39:31,91
2026-04-10 20:09:01,91
2026-04-10 20:24:16,91
2026-04-12 17:10:20,91
2026-04-12 17:11:21,91
2026-04-11 01:18:53,91
2026-04-11 01:19:54,91
2026-04-07 17:38:17,91
2026-04-12 17:12:22,91
2026-04-07 01:55:54,91
2026-04-03 13:22:50,91
2026-04-09 12:58:27,91
2026-04-08 11:05:51,91
2026-04-08 11:06:52,91
2026-04-08 11:10:56,91
2026-04-15 15:39:35,91
2026-04-15 15:41:37,91
2026-04-07 01:58:56,91
2026-04-07 01:59:57,91
2026-04-15 14:58:48,91
2026-04-15 15:43:39,91
2026-04-15 16:03:57,91
2026-04-15 16:04:58,91
2026-04-08 11:04:51,91
2026-04-08 11:33:15,91
2026-04-10 19:38:32,91
2026-04-10 19:26:20,91
2026-04-13 12:54:28,91
2026-04-10 19:08:03,91
2026-04-07 12:40:09,91
2026-04-09 01:38:50,91
2026-04-09 01:41:53,91
2026-04-09 00:37:59,91
2026-04-09 00:41:02,91
2026-04-09 01:03:20,91
2026-04-16 05:15:40,91
2026-04-03 13:15:44,91
2026-04-08 10:34:27,91
2026-04-08 10:35:28,91
2026-04-15 15:12:00,91
2026-04-15 15:13:01,91
2026-04-15 15:15:03,91
2026-04-06 05:03:27,91
2026-04-03 13:07:37,91
2026-04-03 13:09:39,91
2026-04-03 13:13:42,91
2026-04-09 21:43:42,91
2026-04-06 04:20:49,91
2026-04-09 22:19:13,91
2026-04-09 21:36:36,91
2026-04-09 21:38:38,91
2026-04-06 05:01:25,91
2026-04-06 05:02:26,91
2026-04-15 12:45:46,91
2026-04-15 12:58:58,91
2026-04-13 13:03:37,91
2026-04-13 12:43:18,91
2026-04-13 12:45:19,91
2026-04-13 12:56:30,91
2026-04-10 19:15:09,91
2026-04-03 12:31:07,91
2026-04-13 15:39:11,91
2026-04-07 11:24:06,91
2026-04-10 18:38:35,91
2026-04-13 14:21:57,91
2026-04-13 14:54:28,91
2026-04-16 05:28:51,91
2026-04-16 05:30:53,91
2026-04-16 00:23:36,91
2026-04-03 12:29:05,91
2026-04-09 02:04:12,91
2026-04-16 05:53:12,91
2026-04-03 12:13:52,91
2026-04-09 11:58:35,91
2026-04-09 12:11:46,91
2026-04-09 12:25:58,91
2026-04-15 13:10:09,91
2026-04-15 14:12:04,91
2026-04-15 14:14:06,91
2026-04-06 22:58:29,91
2026-04-06 23:05:36,91
2026-04-09 12:33:05,91
2026-04-09 11:57:34,91
2026-04-09 10:56:41,91
2026-04-06 23:15:44,91
2026-04-09 11:18:00,91
2026-04-09 12:26:59,91
2026-04-07 02:18:12,91
2026-04-06 03:03:45,91
2026-04-09 22:22:15,91
2026-04-06 03:25:02,91
2026-04-07 11:25:07,91
2026-04-13 15:42:15,91
2026-04-13 15:41:14,91
2026-04-16 06:05:23,91
2026-04-13 16:25:55,91
2026-04-07 10:19:11,91
2026-04-07 10:26:17,91
2026-04-09 04:12:46,91
2026-04-09 05:05:31,91
2026-04-09 04:38:08,91
2026-04-09 04:39:08,91
2026-04-16 06:11:28,91
2026-04-07 02:47:37,91
2026-04-08 09:52:50,91
2026-04-09 22:39:30,91
2026-04-06 03:23:01,91
2026-04-09 11:14:58,91
2026-04-09 22:06:02,91
2026-04-06 03:51:24,91
2026-04-06 03:52:25,91
2026-04-06 03:54:27,91
2026-04-06 22:35:10,91
2026-04-06 22:32:08,91
2026-04-06 22:34:10,91
2026-04-06 02:43:27,91
2026-04-06 12:19:55,91
2026-04-09 10:05:56,91
2026-04-09 10:06:57,91
2026-04-08 17:30:14,91
2026-04-10 13:28:06,91
2026-04-10 13:41:19,91
2026-04-13 20:23:52,91
2026-04-16 06:33:48,91
2026-04-16 06:31:46,91
2026-04-16 06:48:00,91
2026-04-16 06:50:02,91
2026-04-16 06:58:09,91
2026-04-09 05:12:37,91
2026-04-09 05:13:38,91
2026-04-06 16:48:43,91
2026-04-16 06:32:47,91
2026-04-07 10:30:21,91
2026-04-07 10:32:23,91
2026-04-06 15:59:01,91
2026-04-06 17:01:54,91
2026-04-06 02:04:54,91
2026-04-06 02:32:17,91
2026-04-06 02:35:20,91
2026-04-06 03:39:14,91
2026-04-06 03:48:22,91
2026-04-09 23:21:07,91
2026-04-07 03:30:12,91
2026-04-07 03:31:13,91
2026-04-09 22:45:35,91
2026-04-08 09:48:47,91
2026-04-15 09:42:03,91
2026-04-07 03:18:02,91
2026-04-07 03:27:09,91
2026-04-06 02:07:57,91
2026-04-06 01:37:31,91
2026-04-06 01:25:21,91
2026-04-07 02:40:31,91
2026-04-13 21:57:32,91
2026-04-07 08:12:12,91
2026-04-07 07:25:30,91
2026-04-07 07:26:31,91
2026-04-07 08:13:13,91
2026-04-07 08:14:14,91
2026-04-10 12:09:51,91
2026-04-10 12:15:57,91
2026-04-10 12:20:01,91
2026-04-10 12:30:10,91
2026-04-07 08:22:21,91
2026-04-13 21:42:56,91
2026-04-13 21:45:58,91
2026-04-13 16:26:56,91
2026-04-13 17:07:34,91
2026-04-13 20:34:00,91
2026-04-13 20:39:04,91
2026-04-13 17:22:47,91
2026-04-13 20:17:47,91
2026-04-06 01:34:29,91
2026-04-06 02:13:01,91
2026-04-09 23:18:04,91
2026-04-15 07:00:44,91
2026-04-15 07:16:58,91
2026-04-15 07:44:22,91
2026-04-06 01:26:22,91
2026-04-07 04:18:52,91
2026-04-07 04:19:53,91
2026-04-07 04:41:11,91
2026-04-15 09:35:57,91
2026-04-15 07:42:20,91
2026-04-06 16:15:15,91
2026-04-06 15:25:31,91
2026-04-06 15:11:18,91
2026-04-13 22:41:44,91
2026-04-13 22:44:13,91
2026-04-05 14:46:48,91
2026-04-13 22:58:21,91
2026-04-09 06:00:18,91
2026-04-06 14:54:02,91
2026-04-06 14:33:45,91
2026-04-06 16:12:13,91
2026-04-06 16:23:22,91
2026-04-09 06:02:20,91
2026-04-09 06:03:21,91
2026-04-09 06:05:22,91
2026-04-16 06:52:04,91
2026-04-10 13:16:55,91
2026-04-13 21:39:53,91
2026-04-08 04:14:41,91
2026-04-08 04:19:45,91
2026-04-16 06:39:53,91
2026-04-16 07:00:11,91
2026-04-07 07:13:20,91
2026-04-10 10:12:03,91
2026-04-08 06:16:28,91
2026-04-08 06:12:25,91
2026-04-07 06:59:08,91
2026-04-05 14:28:33,91
2026-04-05 14:29:34,91
2026-04-10 10:36:27,91
2026-04-05 15:17:13,91
2026-04-13 22:16:17,91
2026-04-10 12:37:16,91
2026-04-07 06:58:07,91
2026-04-13 22:38:36,91
2026-04-13 22:40:39,91
2026-04-09 10:07:58,91
2026-04-09 10:08:59,91
2026-04-09 10:09:59,91
2026-04-10 01:15:53,91
2026-04-15 09:43:04,91
2026-04-09 09:00:59,91
2026-04-09 09:02:00,91
2026-04-09 09:03:01,91
2026-04-09 09:27:22,91
2026-04-09 09:38:32,91
2026-04-09 08:49:50,91
2026-04-09 08:50:51,91
2026-04-09 08:51:51,91
2026-04-09 08:53:53,91
2026-04-07 05:35:58,91
2026-04-09 08:57:57,91
2026-04-09 08:58:58,91
2026-04-09 08:59:58,91
2026-04-09 08:02:08,91
2026-04-05 15:26:20,91
2026-04-05 15:52:42,91
2026-04-16 07:23:31,91
2026-04-05 17:41:13,91
2026-04-16 09:22:52,91
2026-04-05 18:29:52,91
2026-04-05 18:42:02,91
2026-04-05 18:44:04,91
2026-04-15 04:31:39,91
2026-04-05 16:39:21,91
2026-04-08 06:14:27,91
2026-04-13 23:14:52,91
2026-04-13 22:50:15,91
2026-04-13 22:56:35,91
2026-04-08 06:49:58,91
2026-04-05 20:39:37,91
2026-04-05 20:40:38,91
2026-04-07 04:17:51,91
2026-04-07 04:55:23,91
2026-04-07 05:10:36,91
2026-04-07 05:13:39,91
2026-04-07 04:14:48,91
2026-04-07 06:13:30,91
2026-04-16 09:23:53,91
2026-04-15 04:47:53,91
2026-04-05 19:28:40,91
2026-04-05 19:22:35,91
2026-04-05 19:24:37,91
2026-04-07 05:59:18,91
2026-04-15 05:02:05,91
2026-04-15 05:03:05,91
2026-04-05 20:36:35,91
2026-04-16 09:24:54,91
2026-04-16 07:04:14,91
2026-04-16 07:05:15,91
2026-04-16 07:06:16,91
2026-04-09 08:25:28,91
2026-04-09 08:36:38,91
2026-04-16 07:19:27,91
2026-04-16 07:02:12,91
2026-04-09 06:11:27,91
2026-04-06 14:28:41,91
2026-04-16 07:10:20,91
2026-04-16 07:11:20,91
2026-04-16 11:45:00,91
2026-04-16 12:34:45,91
2026-04-16 12:37:48,91
2026-04-11 08:46:44,91
2026-04-03 11:03:55,91
2026-04-11 08:45:43,91
2026-04-11 08:47:45,91
2026-04-11 08:36:35,91
2026-04-11 08:18:18,91
2026-04-16 12:07:20,91
2026-04-03 11:17:06,91
2026-04-16 12:15:28,91
2026-04-08 21:21:14,91
2026-04-16 12:00:13,91
2026-04-16 11:38:54,91
2026-04-16 11:42:58,91
2026-04-16 11:43:59,91
2026-04-16 12:23:35,91
2026-04-16 11:46:00,91
2026-04-16 12:01:14,91
2026-04-16 12:02:15,91
2026-04-16 03:57:34,91
2026-04-11 09:55:46,91
2026-04-08 23:00:37,91
2026-04-08 23:09:45,91
2026-04-08 23:15:50,91
2026-04-08 23:22:56,91
2026-04-16 01:51:50,91
2026-04-08 22:32:12,91
2026-04-08 22:19:01,91
2026-04-08 22:20:02,91
2026-04-03 11:05:57,91
2026-04-03 11:06:57,91
2026-04-03 11:08:59,91
2026-04-03 11:22:10,91
2026-04-03 10:50:44,90
2026-04-03 11:04:56,90
2026-04-03 11:10:00,90
2026-04-03 11:23:11,90
2026-04-16 12:10:23,90
2026-04-08 23:28:00,90
2026-04-08 23:29:01,90
2026-04-08 22:34:14,90
2026-04-08 22:57:34,90
2026-04-08 22:33:13,90
2026-04-08 23:21:55,90
2026-04-08 23:30:02,90
2026-04-16 01:48:47,90
2026-04-16 01:49:48,90
2026-04-09 00:22:46,90
2026-04-16 01:06:11,90
2026-04-11 09:35:28,90
2026-04-11 09:51:43,90
2026-04-11 09:54:45,90
2026-04-16 11:39:55,90
2026-04-16 12:13:26,90
2026-04-11 08:56:53,90
2026-04-11 09:11:06,90
2026-04-11 09:12:07,90
2026-04-07 19:40:59,90
2026-04-07 20:27:39,90
2026-04-07 19:46:03,90
2026-04-03 11:37:22,90
2026-04-03 11:38:23,90
2026-04-09 14:24:45,90
2026-04-09 14:27:47,90
2026-04-09 14:28:48,90
2026-04-09 15:16:31,90
2026-04-09 15:17:32,90
2026-04-07 01:19:24,90
2026-04-09 14:57:15,90
2026-04-09 14:59:16,90
2026-04-09 16:21:28,90
2026-04-09 17:02:04,90
2026-04-07 01:46:46,90
2026-04-07 01:53:52,90
2026-04-09 17:28:27,90
2026-04-09 14:37:57,90
2026-04-06 09:16:19,90
2026-04-09 13:44:08,90
2026-04-11 01:01:38,90
2026-04-11 01:32:04,90
2026-04-11 00:55:32,90
2026-04-09 17:00:02,90
2026-04-09 17:01:03,90
2026-04-09 17:25:24,90
2026-04-09 16:51:55,90
2026-04-09 16:20:28,90
2026-04-16 09:28:57,90
2026-04-05 15:43:34,90
2026-04-05 15:45:36,90
2026-04-16 07:15:24,90
2026-04-09 08:56:56,90
2026-04-09 08:03:08,90
2026-04-09 08:04:09,90
2026-04-09 08:05:10,90
2026-04-15 04:32:40,90
2026-04-05 16:30:14,90
2026-04-05 17:39:12,90
2026-04-05 17:38:11,90
2026-04-05 17:13:50,90
2026-04-16 09:19:50,90
2026-04-16 09:21:51,90
2026-04-16 09:25:55,90
2026-04-07 04:48:17,90
2026-04-07 05:34:57,90
2026-04-08 06:13:26,90
2026-04-08 06:19:31,90
2026-04-13 22:45:37,90
2026-04-13 23:06:41,90
2026-04-13 23:10:46,90
2026-04-05 18:31:54,90
2026-04-05 19:12:27,90
2026-04-07 05:56:15,90
2026-04-15 06:31:19,90
2026-04-15 06:32:20,90
2026-04-07 04:52:20,90
2026-04-07 05:38:00,90
2026-04-07 04:43:13,90
2026-04-07 05:22:47,90
2026-04-07 07:16:22,90
2026-04-10 09:43:34,90
2026-04-10 09:57:49,90
2026-04-08 04:18:44,90
2026-04-07 08:03:03,90
2026-04-16 06:44:57,90
2026-04-16 06:45:58,90
2026-04-09 06:07:24,90
2026-04-13 22:09:11,90
2026-04-10 12:31:11,90
2026-04-10 12:32:12,90
2026-04-10 11:52:36,90
2026-04-05 14:30:35,90
2026-04-10 09:41:32,90
2026-04-08 06:23:34,90
2026-04-07 07:11:18,90
2026-04-10 01:01:40,90
2026-04-10 10:51:42,90
2026-04-13 22:27:26,90
2026-04-13 22:28:27,90
2026-04-13 22:36:34,90
2026-04-07 07:00:09,90
2026-04-07 07:01:09,90
2026-04-07 07:02:10,90
2026-04-09 08:52:52,90
2026-04-09 08:54:54,90
2026-04-09 08:55:55,90
2026-04-15 21:03:52,90
2026-04-09 09:39:33,90
2026-04-09 09:26:21,90
2026-04-16 07:31:38,90
2026-04-15 09:01:28,90
2026-04-07 03:13:58,90
2026-04-13 20:37:03,90
2026-04-13 20:58:20,90
2026-04-13 17:21:47,90
2026-04-13 20:12:43,90
2026-04-13 20:40:05,90
2026-04-13 20:41:06,90
2026-04-13 17:19:45,90
2026-04-05 22:14:52,90
2026-04-15 07:46:24,90
2026-04-07 04:24:57,90
2026-04-06 01:28:24,90
2026-04-06 01:36:30,90
2026-04-15 10:15:34,90
2026-04-15 10:14:33,90
2026-04-07 03:12:57,90
2026-04-15 07:43:21,90
2026-04-15 08:15:49,90
2026-04-15 08:16:50,90
2026-04-10 01:30:07,90
2026-04-07 04:25:58,90
2026-04-07 04:37:08,90
2026-04-07 04:39:09,90
2026-04-07 04:26:59,90
2026-04-09 05:54:13,90
2026-04-09 05:55:14,90
2026-04-09 05:56:15,90
2026-04-06 16:19:19,90
2026-04-10 10:49:40,90
2026-04-15 09:47:08,90
2026-04-15 09:29:52,90
2026-04-15 09:30:53,90
2026-04-06 16:53:48,90
2026-04-06 16:44:40,90
2026-04-06 15:54:57,90
2026-04-08 17:31:15,90
2026-04-08 17:32:16,90
2026-04-16 06:29:44,90
2026-04-16 06:51:03,90
2026-04-16 06:57:08,90
2026-04-09 23:00:49,90
2026-04-07 02:12:07,90
2026-04-08 09:51:49,90
2026-04-07 03:16:00,90
2026-04-09 23:45:29,90
2026-04-07 10:29:20,90
2026-04-07 10:39:29,90
2026-04-06 17:06:58,90
2026-04-07 03:57:34,90
2026-04-07 03:11:57,90
2026-04-06 00:42:47,90
2026-04-06 00:43:48,90
2026-04-10 00:45:25,90
2026-04-10 00:46:25,90
2026-04-07 03:28:10,90
2026-04-07 03:32:13,90
2026-04-13 17:20:46,90
2026-04-13 17:23:48,90
2026-04-13 17:33:57,90
2026-04-10 12:23:03,90
2026-04-10 12:46:25,90
2026-04-07 08:04:04,90
2026-04-07 02:38:29,90
2026-04-07 04:00:36,90
2026-04-16 06:14:31,90
2026-04-15 22:54:21,90
2026-04-15 22:53:21,90
2026-04-09 03:10:00,90
2026-04-16 06:02:20,90
2026-04-16 06:03:21,90
2026-04-16 06:10:27,90
2026-04-13 16:15:46,90
2026-04-07 02:44:34,90
2026-04-08 09:54:52,90
2026-04-09 22:40:31,90
2026-04-07 02:15:10,90
2026-04-10 19:16:10,90
2026-04-09 03:30:17,90
2026-04-16 00:19:32,90
2026-04-16 00:20:33,90
2026-04-09 11:10:54,90
2026-04-09 11:01:46,90
2026-04-06 22:05:46,90
2026-04-09 10:40:27,90
2026-04-09 10:52:38,90
2026-04-09 11:15:59,90
2026-04-06 03:53:26,90
2026-04-08 10:14:11,90
2026-04-13 21:28:44,90
2026-04-13 21:36:51,90
2026-04-13 21:37:51,90
2026-04-10 13:10:49,90
2026-04-06 02:18:05,90
2026-04-09 09:56:48,90
2026-04-09 09:57:48,90
2026-04-09 09:58:49,90
2026-04-16 05:34:56,90
2026-04-16 05:35:57,90
2026-04-16 05:36:58,90
2026-04-03 12:27:03,90
2026-04-03 12:28:04,90
2026-04-16 00:21:34,90
2026-04-03 12:30:06,90
2026-04-13 14:49:23,90
2026-04-09 12:04:40,90
2026-04-06 23:00:31,90
2026-04-06 23:01:32,90
2026-04-09 12:34:06,90
2026-04-09 12:01:37,90
2026-04-15 14:26:17,90
2026-04-16 05:31:54,90
2026-04-16 05:33:56,90
2026-04-07 02:17:12,90
2026-04-07 03:33:14,90
2026-04-06 03:02:44,90
2026-04-09 11:27:09,90
2026-04-09 10:53:39,90
2026-04-09 10:54:40,90
2026-04-06 23:11:41,90
2026-04-09 11:23:05,90
2026-04-13 15:52:24,90
2026-04-13 15:59:31,90
2026-04-13 16:03:35,90
2026-04-07 11:26:08,90
2026-04-13 15:50:22,90
2026-04-13 15:51:23,90
2026-04-03 15:50:53,90
2026-04-13 15:40:13,90
2026-04-16 05:06:32,90
2026-04-16 05:09:34,90
2026-04-09 01:19:34,90
2026-04-09 01:51:00,90
2026-04-13 12:20:57,90
2026-04-13 12:42:17,90
2026-04-13 12:50:24,90
2026-04-07 12:41:10,90
2026-04-07 01:31:34,90
2026-04-09 00:36:58,90
2026-04-09 00:39:00,90
2026-04-03 12:41:15,90
2026-04-09 01:46:57,90
2026-04-09 01:47:58,90
2026-04-09 01:48:59,90
2026-04-16 05:05:31,90
2026-04-06 05:17:39,90
2026-04-06 05:18:40,90
2026-04-09 21:41:41,90
2026-04-03 13:10:39,90
2026-04-03 13:11:40,90
2026-04-03 13:12:41,90
2026-04-03 13:14:43,90
2026-04-08 10:33:26,90
2026-04-13 14:53:27,90
2026-04-13 13:06:40,90
2026-04-13 13:07:41,90
2026-04-13 12:55:29,90
2026-04-15 12:49:50,90
2026-04-15 12:54:54,90
2026-04-15 12:57:57,90
2026-04-15 12:40:42,90
2026-04-11 02:32:56,90
2026-04-11 02:33:57,90
2026-04-10 20:54:46,90
2026-04-10 19:27:21,90
2026-04-10 23:42:27,90
2026-04-10 22:53:40,90
2026-04-10 23:07:54,90
2026-04-10 22:22:11,90
2026-04-15 15:40:36,90
2026-04-07 01:57:56,90
2026-04-08 11:03:50,90
2026-04-03 13:19:47,90
2026-04-03 13:23:51,90
2026-04-09 12:59:28,90
2026-04-12 17:27:34,90
2026-04-11 01:29:01,90
2026-04-08 11:34:15,90
2026-04-08 11:12:57,90
2026-04-07 01:32:35,90
2026-04-15 14:49:39,90
2026-04-15 14:24:15,90
2026-04-15 14:25:16,90
2026-04-15 14:55:45,90
2026-04-15 15:59:53,90
2026-04-07 11:19:02,90
2026-04-07 12:39:08,90
2026-04-07 12:25:57,90
2026-04-07 12:26:58,90
2026-04-10 19:28:22,90
2026-04-09 02:03:11,90
2026-04-15 15:09:58,90
2026-04-08 11:25:08,90
2026-04-09 01:08:25,90
2026-04-09 01:09:26,90
2026-04-09 00:17:42,90
2026-04-09 00:18:43,90
2026-04-08 23:46:15,90
2026-04-09 00:50:09,90
2026-04-09 01:00:18,90
2026-04-16 04:43:12,90
2026-04-06 08:42:50,90
2026-04-06 08:43:50,90
2026-04-09 17:11:11,90
2026-04-11 12:01:15,90
2026-04-16 11:18:36,90
2026-04-11 11:43:00,90
2026-04-09 00:15:40,90
2026-04-09 00:21:45,90
2026-04-09 12:56:25,90
2026-04-06 23:23:51,90
2026-04-06 23:35:00,90
2026-04-06 11:02:53,90
2026-04-06 11:19:06,90
2026-04-06 10:59:50,90
2026-04-06 11:01:52,90
2026-04-06 05:30:51,90
2026-04-11 00:10:52,90
2026-04-11 00:26:06,90
2026-04-11 00:05:48,90
2026-04-11 00:13:55,90
2026-04-09 00:35:57,90
2026-04-09 13:07:35,90
2026-04-06 11:24:11,90
2026-04-09 13:06:34,90
2026-04-09 14:08:30,90
2026-04-03 11:14:03,90
2026-04-03 11:24:12,90
2026-04-03 10:54:47,90
2026-04-03 10:53:47,90
2026-04-16 12:12:25,90
2026-04-03 11:25:12,90
2026-04-16 12:14:27,90
2026-04-09 14:09:31,90
2026-04-09 13:49:13,90
2026-04-09 14:04:27,90
2026-04-09 14:21:42,90
2026-04-06 09:58:57,90
2026-04-09 14:48:06,90
2026-04-06 10:43:36,90
2026-04-06 10:48:40,90
2026-04-11 03:56:08,90
2026-04-11 11:44:01,90
2026-04-11 11:57:12,90
2026-04-09 15:02:19,90
2026-04-09 15:15:31,90
2026-04-16 08:02:05,90
2026-04-06 10:04:01,90
2026-04-16 07:55:59,90
2026-04-03 11:39:23,90
2026-04-07 20:32:43,90
2026-04-11 02:47:08,90
2026-04-11 02:48:09,90
2026-04-11 05:35:40,90
2026-04-11 04:09:19,90
2026-04-11 04:10:20,90
2026-04-11 04:39:47,90
2026-04-05 20:42:39,90
2026-04-07 05:16:42,90
2026-04-05 19:27:40,90
2026-04-07 06:09:26,90
2026-04-07 06:11:28,90
2026-04-15 04:46:52,90
2026-04-05 20:13:16,90
2026-04-10 06:14:57,90
2026-04-16 07:20:28,90
2026-04-16 07:03:13,90
2026-04-09 08:17:21,90
2026-04-09 08:26:29,90
2026-04-09 08:37:39,90
2026-04-09 08:40:42,90
2026-04-05 19:26:39,90
2026-04-05 20:41:39,90
2026-04-16 07:24:32,90
2026-04-09 07:57:03,90
2026-04-16 07:29:36,90
2026-04-16 07:30:37,90
2026-04-16 07:12:21,90
2026-04-16 07:13:22,90
2026-04-16 07:14:23,90
2026-04-16 07:09:19,90
2026-04-08 21:20:13,90
2026-04-03 11:40:24,90
2026-04-07 21:29:30,90
2026-04-11 08:49:47,90
2026-04-11 08:35:34,90
2026-04-11 08:37:36,90
2026-04-16 12:35:46,90
2026-04-03 10:47:42,90
2026-04-16 12:11:24,89
2026-04-03 10:49:43,89
2026-04-16 12:36:47,89
2026-04-16 11:54:08,89
2026-04-11 08:33:32,89
2026-04-16 04:53:21,89
2026-04-16 04:54:21,89
2026-04-16 04:56:23,89
2026-04-09 00:34:56,89
2026-04-16 11:00:19,89
2026-04-16 11:15:33,89
2026-04-16 11:16:34,89
2026-04-11 11:53:09,89
2026-04-12 17:54:57,89
2026-04-09 00:59:17,89
2026-04-16 04:41:10,89
2026-04-16 04:46:15,89
2026-04-16 04:47:15,89
2026-04-16 04:48:16,89
2026-04-16 04:49:17,89
2026-04-16 04:52:20,89
2026-04-12 17:20:28,89
2026-04-12 17:21:29,89
2026-04-12 17:23:31,89
2026-04-11 01:17:52,89
2026-04-11 01:24:58,89
2026-04-11 00:58:35,89
2026-04-11 01:00:37,89
2026-04-12 17:53:56,89
2026-04-11 02:34:58,89
2026-04-11 02:31:55,89
2026-04-11 01:47:17,89
2026-04-07 17:55:33,89
2026-04-07 17:56:34,89
2026-04-07 17:57:35,89
2026-04-07 17:58:36,89
2026-04-12 17:19:27,89
2026-04-03 13:24:51,89
2026-04-15 15:22:11,89
2026-04-08 11:36:17,89
2026-04-15 15:37:34,89
2026-04-15 15:44:40,89
2026-04-15 15:47:42,89
2026-04-15 15:49:44,89
2026-04-15 16:02:56,89
2026-04-09 13:08:36,89
2026-04-15 16:27:19,89
2026-04-09 13:17:44,89
2026-04-03 13:16:45,89
2026-04-03 13:17:46,89
2026-04-03 13:18:46,89
2026-04-03 13:20:48,89
2026-04-03 13:21:49,89
2026-04-06 08:14:24,89
2026-04-09 13:24:51,89
2026-04-06 10:32:26,89
2026-04-06 23:36:01,89
2026-04-09 12:53:22,89
2026-04-09 13:04:33,89
2026-04-09 13:10:38,89
2026-04-09 13:18:45,89
2026-04-09 14:54:12,89
2026-04-06 09:41:41,89
2026-04-06 09:43:43,89
2026-04-15 16:07:00,89
2026-04-07 01:43:44,89
2026-04-09 17:26:25,89
2026-04-09 17:29:28,89
2026-04-09 16:09:18,89
2026-04-09 11:26:08,89
2026-04-09 10:38:25,89
2026-04-09 10:39:26,89
2026-04-09 10:24:12,89
2026-04-06 03:04:45,89
2026-04-06 03:05:46,89
2026-04-06 03:24:01,89
2026-04-06 03:38:13,89
2026-04-15 14:15:07,89
2026-04-09 12:02:38,89
2026-04-06 22:48:21,89
2026-04-06 22:47:20,89
2026-04-06 23:09:39,89
2026-04-06 11:37:21,89
2026-04-09 11:24:06,89
2026-04-09 11:25:07,89
2026-04-16 09:15:46,89
2026-04-06 04:49:15,89
2026-04-09 21:40:40,89
2026-04-15 12:59:59,89
2026-04-15 13:05:04,89
2026-04-15 13:09:08,89
2026-04-15 13:13:11,89
2026-04-15 14:10:02,89
2026-04-15 14:34:25,89
2026-04-15 14:35:26,89
2026-04-15 15:03:52,89
2026-04-07 01:33:36,89
2026-04-07 01:38:40,89
2026-04-15 15:18:06,89
2026-04-06 04:05:36,89
2026-04-09 21:34:35,89
2026-04-06 01:50:42,89
2026-04-06 02:02:52,89
2026-04-06 02:03:53,89
2026-04-06 02:48:31,89
2026-04-06 02:49:32,89
2026-04-06 02:50:33,89
2026-04-06 02:58:40,89
2026-04-07 03:14:59,89
2026-04-06 22:18:57,89
2026-04-09 11:12:56,89
2026-04-15 17:07:54,89
2026-04-06 12:15:52,89
2026-04-06 12:16:53,89
2026-04-09 10:02:53,89
2026-04-09 10:03:54,89
2026-04-06 01:47:40,89
2026-04-09 11:06:51,89
2026-04-09 10:50:36,89
2026-04-09 11:13:57,89
2026-04-09 11:17:00,89
2026-04-09 11:02:47,89
2026-04-06 22:09:50,89
2026-04-06 22:29:05,89
2026-04-06 22:17:56,89
2026-04-07 02:14:09,89
2026-04-08 10:15:12,89
2026-04-07 02:23:17,89
2026-04-08 09:55:53,89
2026-04-15 10:43:59,89
2026-04-15 10:46:01,89
2026-04-09 22:08:03,89
2026-04-09 11:05:50,89
2026-04-15 06:18:08,89
2026-04-15 06:16:06,89
2026-04-07 05:36:59,89
2026-04-07 05:40:02,89
2026-04-07 04:51:20,89
2026-04-07 04:11:46,89
2026-04-07 04:12:46,89
2026-04-07 04:13:47,89
2026-04-07 03:46:25,89
2026-04-09 09:59:50,89
2026-04-09 10:00:51,89
2026-04-09 10:01:52,89
2026-04-15 21:01:50,89
2026-04-09 09:37:31,89
2026-04-05 20:38:36,89
2026-04-15 06:17:07,89
2026-04-10 00:01:44,89
2026-04-06 01:23:20,89
2026-04-06 01:24:21,89
2026-04-15 07:27:07,89
2026-04-07 04:20:53,89
2026-04-07 04:40:10,89
2026-04-07 03:42:22,89
2026-04-07 03:45:24,89
2026-04-07 03:17:01,89
2026-04-07 03:25:08,89
2026-04-15 09:39:00,89
2026-04-15 09:40:01,89
2026-04-15 10:00:20,89
2026-04-07 03:58:35,89
2026-04-07 03:56:33,89
2026-04-07 03:10:56,89
2026-04-16 09:30:59,89
2026-04-16 09:44:11,89
2026-04-05 16:32:16,89
2026-04-15 04:28:36,89
2026-04-05 18:40:00,89
2026-04-05 18:43:03,89
2026-04-10 10:52:43,89
2026-04-13 23:07:42,89
2026-04-16 07:07:17,89
2026-04-16 07:25:33,89
2026-04-06 14:31:43,89
2026-04-05 15:25:19,89
2026-04-16 09:32:00,89
2026-04-16 09:33:01,89
2026-04-16 09:18:49,89
2026-04-16 09:29:58,89
2026-04-07 05:21:46,89
2026-04-07 06:12:29,89
2026-04-07 05:17:42,89
2026-04-05 19:23:36,89
2026-04-05 20:45:42,89
2026-04-05 20:29:29,89
2026-04-09 08:06:11,89
2026-04-16 07:08:18,89
2026-04-05 20:59:53,89
2026-04-15 06:44:30,89
2026-04-15 06:47:33,89
2026-04-15 06:53:38,89
2026-04-15 06:55:39,89
2026-04-05 20:12:15,89
2026-04-07 05:57:16,89
2026-04-07 06:00:19,89
2026-04-16 06:36:50,89
2026-04-16 06:37:51,89
2026-04-16 07:01:12,89
2026-04-05 14:17:24,89
2026-04-10 13:12:51,89
2026-04-07 08:15:14,89
2026-04-07 09:19:15,89
2026-04-13 21:49:00,89
2026-04-06 14:34:46,89
2026-04-06 16:13:13,89
2026-04-06 16:16:16,89
2026-04-09 05:57:15,89
2026-04-06 14:44:54,89
2026-04-09 06:01:19,89
2026-04-16 06:53:04,89
2026-04-16 06:35:50,89
2026-04-13 22:11:13,89
2026-04-13 22:24:24,89
2026-04-13 22:05:08,89
2026-04-13 22:30:29,89
2026-04-13 22:34:32,89
2026-04-13 22:37:35,89
2026-04-10 10:45:36,89
2026-04-10 10:50:41,89
2026-04-10 10:20:12,89
2026-04-07 07:10:17,89
2026-04-07 07:17:23,89
2026-04-10 09:58:50,89
2026-04-05 14:26:32,89
2026-04-05 15:02:00,89
2026-04-10 11:38:23,89
2026-04-10 11:51:35,89
2026-04-06 16:59:53,89
2026-04-03 15:49:52,89
2026-04-07 10:33:24,89
2026-04-13 16:07:38,89
2026-04-13 16:08:39,89
2026-04-13 16:00:32,89
2026-04-13 16:01:33,89
2026-04-13 16:02:34,89
2026-04-08 17:33:17,89
2026-04-16 06:26:42,89
2026-04-06 16:18:18,89
2026-04-06 16:41:37,89
2026-04-06 15:55:58,89
2026-04-06 16:35:32,89
2026-04-06 16:42:38,89
2026-04-15 22:46:15,89
2026-04-13 20:18:48,89
2026-04-13 20:43:08,89
2026-04-05 11:48:29,89
2026-04-13 20:59:20,89
2026-04-10 13:26:04,89
2026-04-13 21:27:43,89
2026-04-16 06:54:05,89
2026-04-16 06:59:10,89
2026-04-10 12:45:24,89
2026-04-10 12:07:49,89
2026-04-10 12:21:02,89
2026-04-10 12:22:02,89
2026-04-10 12:39:18,89
2026-04-13 16:50:18,89
2026-04-13 17:08:35,89
2026-04-13 20:11:42,89
2026-04-07 10:40:30,89
2026-04-07 12:10:44,89
2026-04-07 12:11:45,89
2026-04-07 11:13:57,89
2026-04-07 11:14:58,89
2026-04-07 11:21:03,89
2026-04-07 11:22:04,89
2026-04-10 18:10:08,89
2026-04-09 03:28:16,89
2026-04-09 03:29:16,89
2026-04-09 03:31:18,89
2026-04-09 03:32:19,89
2026-04-16 00:07:22,89
2026-04-16 00:10:25,89
2026-04-13 12:44:19,89
2026-04-13 13:05:39,89
2026-04-06 17:05:58,89
2026-04-09 05:10:35,89
2026-04-16 05:46:06,89
2026-04-16 06:22:38,89
2026-04-16 06:23:39,89
2026-04-16 06:24:40,89
2026-04-16 06:01:19,89
2026-04-09 03:25:13,89
2026-04-13 16:16:47,89
2026-04-13 16:17:47,89
2026-04-13 16:20:50,89
2026-04-13 16:21:51,89
2026-04-13 16:22:52,89
2026-04-13 16:23:53,89
2026-04-06 17:02:55,89
2026-04-06 17:04:57,89
2026-04-07 12:31:01,89
2026-04-07 11:15:59,89
2026-04-07 11:18:01,89
2026-04-07 11:20:03,89
2026-04-07 12:38:08,89
2026-04-13 12:12:50,89
2026-04-13 12:13:51,89
2026-04-13 12:15:53,89
2026-04-09 02:06:14,89
2026-04-09 02:07:14,89
2026-04-09 02:05:13,89
2026-04-09 01:31:44,89
2026-04-13 12:01:40,89
2026-04-13 12:03:42,89
2026-04-13 12:04:43,89
2026-04-13 12:05:44,89
2026-04-16 00:55:02,89
2026-04-16 05:32:55,89
2026-04-16 05:51:11,89
2026-04-16 05:58:17,89
2026-04-16 05:37:59,89
2026-04-16 05:39:00,89
2026-04-16 05:40:01,89
2026-04-16 00:56:03,89
2026-04-13 14:37:11,89
2026-04-13 14:38:12,89
2026-04-13 14:52:26,89
2026-04-13 15:20:53,89
2026-04-13 15:21:54,89
2026-04-03 15:48:51,89
2026-04-16 00:53:00,89
2026-04-16 00:54:01,89
2026-04-10 23:56:40,89
2026-04-11 00:00:43,89
2026-04-12 17:56:58,89
2026-04-10 22:52:39,89
2026-04-10 21:07:59,89
2026-04-10 21:22:12,89
2026-04-10 20:53:45,89
2026-04-10 20:38:30,89
2026-04-16 05:16:41,89
2026-04-09 01:44:55,89
2026-04-09 00:54:13,89
2026-04-12 17:55:58,89
2026-04-12 17:50:53,89
2026-04-12 17:51:54,89
2026-04-11 00:11:53,89
2026-04-11 00:12:54,89
2026-04-09 01:50:00,89
2026-04-16 05:03:29,89
2026-04-16 05:04:30,89
2026-04-16 05:07:33,89
2026-04-16 05:10:35,89
2026-04-16 05:12:37,89
2026-04-16 05:13:38,89
2026-04-16 05:14:39,89
2026-04-13 12:16:54,89
2026-04-13 12:02:41,89
2026-04-13 12:31:07,89
2026-04-13 12:19:56,89
2026-04-13 12:51:25,89
2026-04-10 18:53:50,89
2026-04-09 01:17:33,89
2026-04-09 01:18:33,89
2026-04-16 01:52:51,89
2026-04-08 22:58:35,89
2026-04-08 22:59:36,89
2026-04-08 23:06:42,89
2026-04-08 23:10:45,89
2026-04-03 11:13:02,89
2026-04-03 11:11:01,89
2026-04-11 08:39:37,89
2026-04-11 09:56:47,89
2026-04-09 00:23:47,89
2026-04-09 00:31:54,89
2026-04-16 01:05:11,89
2026-04-16 01:07:12,89
2026-04-16 03:56:33,89
2026-04-16 03:58:35,89
2026-04-16 01:50:49,89
2026-04-03 11:49:32,89
2026-04-03 11:35:20,89
2026-04-07 20:28:40,89
2026-04-07 20:24:37,89
2026-04-11 09:03:59,89
2026-04-11 09:34:27,89
2026-04-11 09:50:42,89
2026-04-11 08:55:52,89
2026-04-11 11:56:11,89
2026-04-11 11:59:14,89
2026-04-11 03:55:07,89
2026-04-11 03:31:46,89
2026-04-11 03:46:59,89
2026-04-11 02:49:10,89
2026-04-12 16:07:24,89
2026-04-07 20:25:37,89
2026-04-09 15:45:57,89
2026-04-09 15:46:58,89
2026-04-07 01:14:20,89
2026-04-07 01:15:21,89
2026-04-06 09:17:20,89
2026-04-09 14:26:47,89
2026-04-09 14:36:56,89
2026-04-06 09:15:19,89
2026-04-09 14:51:09,89
2026-04-06 10:33:27,89
2026-04-09 13:39:04,89
2026-04-16 08:03:06,89
2026-04-16 08:05:08,89
2026-04-16 08:06:09,89
2026-04-09 14:13:35,89
2026-04-09 15:44:56,89
2026-04-16 03:52:30,89
2026-04-16 11:59:12,89
2026-04-16 12:18:30,89
2026-04-16 11:40:56,89
2026-04-16 11:41:57,89
2026-04-16 11:53:07,89
2026-04-16 11:29:46,89
2026-04-16 11:33:50,89
2026-04-07 19:42:00,89
2026-04-07 19:45:02,89
2026-04-07 21:57:49,89
2026-04-07 20:59:07,89
2026-04-07 21:15:18,89
2026-04-08 21:12:06,89
2026-04-08 21:02:58,89
2026-04-16 03:51:29,89
2026-04-03 11:47:30,88
2026-04-16 11:50:04,88
2026-04-16 11:51:05,88
2026-04-16 11:52:06,88
2026-04-16 11:35:51,88
2026-04-16 11:55:09,88
2026-04-16 11:57:11,88
2026-04-09 10:37:24,88
2026-04-09 11:03:48,88
2026-04-09 11:04:49,88
2026-04-09 11:07:52,88
2026-04-09 11:08:52,88
2026-04-09 10:55:40,88
2026-04-09 10:23:11,88
2026-04-06 22:16:55,88
2026-04-06 22:19:58,88
2026-04-06 22:20:59,88
2026-04-11 05:06:12,88
2026-04-11 03:54:06,88
2026-04-12 15:53:13,88
2026-04-11 07:19:23,88
2026-04-11 03:32:47,88
2026-04-11 02:46:08,88
2026-04-11 03:33:48,88
2026-04-11 12:40:47,88
2026-04-16 03:53:30,88
2026-04-11 12:09:22,88
2026-04-03 11:33:19,88
2026-04-11 11:50:06,88
2026-04-08 21:07:02,88
2026-04-07 04:38:08,88
2026-04-07 04:28:00,88
2026-04-05 22:13:51,88
2026-04-15 07:14:56,88
2026-04-15 07:17:59,88
2026-04-07 04:23:56,88
2026-04-06 22:14:54,88
2026-04-06 22:44:18,88
2026-04-07 03:43:22,88
2026-04-07 03:44:23,88
2026-04-15 07:08:51,88
2026-04-15 06:42:28,88
2026-04-15 06:43:29,88
2026-04-09 11:09:53,88
2026-04-09 11:11:55,88
2026-04-09 10:12:01,88
2026-04-05 20:30:30,88
2026-04-15 17:13:59,88
2026-04-06 12:13:50,88
2026-04-15 07:02:46,88
2026-04-08 21:40:29,88
2026-04-11 03:02:21,88
2026-04-11 03:03:22,88
2026-04-15 14:23:14,88
2026-04-08 21:50:38,88
2026-04-12 16:05:23,88
2026-04-12 16:06:23,88
2026-04-12 16:08:25,88
2026-04-08 21:25:17,88
2026-04-08 21:47:35,88
2026-04-12 16:09:26,88
2026-04-08 21:48:36,88
2026-04-08 21:49:37,88
2026-04-11 05:20:25,88
2026-04-08 21:05:00,88
2026-04-08 21:06:01,88
2026-04-08 21:22:15,88
2026-04-08 21:23:15,88
2026-04-08 22:10:54,88
2026-04-11 01:44:15,88
2026-04-15 13:57:51,88
2026-04-11 02:02:30,88
2026-04-11 01:48:18,88
2026-04-08 22:04:49,88
2026-04-15 16:15:09,88
2026-04-15 15:34:30,88
2026-04-15 15:35:31,88
2026-04-15 13:54:48,88
2026-04-15 14:11:03,88
2026-04-15 15:10:59,88
2026-04-15 14:50:40,88
2026-04-15 14:37:28,88
2026-04-15 06:30:18,88
2026-04-15 06:09:00,88
2026-04-06 12:14:51,88
2026-04-06 22:54:26,88
2026-04-07 05:04:31,88
2026-04-06 22:57:29,88
2026-04-09 11:28:09,88
2026-04-06 11:38:22,88
2026-04-15 07:40:19,88
2026-04-15 07:41:19,88
2026-04-05 23:44:01,88
2026-04-09 11:31:12,88
2026-04-15 08:11:46,88
2026-04-05 19:13:28,88
2026-04-16 07:32:39,88
2026-04-15 08:14:48,88
2026-04-07 05:18:43,88
2026-04-06 21:33:20,88
2026-04-06 21:34:21,88
2026-04-06 21:48:32,88
2026-04-07 06:14:31,88
2026-04-07 06:15:32,88
2026-04-05 19:44:53,88
2026-04-05 19:59:05,88
2026-04-05 20:00:06,88
2026-04-05 18:15:41,88
2026-04-05 17:37:10,88
2026-04-05 18:26:50,88
2026-04-05 18:28:51,88
2026-04-07 06:10:27,88
2026-04-16 01:40:40,88
2026-04-11 01:14:49,88
2026-04-11 01:30:02,88
2026-04-08 23:02:39,88
2026-04-08 23:03:39,88
2026-04-08 23:04:40,88
2026-04-11 01:23:57,88
2026-04-08 23:14:49,88
2026-04-16 01:43:43,88
2026-04-16 01:46:45,88
2026-04-11 01:46:16,88
2026-04-11 01:49:19,88
2026-04-08 23:07:43,88
2026-04-15 21:00:50,88
2026-04-15 21:05:54,88
2026-04-15 21:06:55,88
2026-04-07 05:58:17,88
2026-04-15 21:09:57,88
2026-04-09 09:40:34,88
2026-04-05 19:00:17,88
2026-04-15 04:43:49,88
2026-04-06 00:41:47,88
2026-04-06 22:39:14,88
2026-04-15 09:00:27,88
2026-04-09 11:55:32,88
2026-04-07 04:01:37,88
2026-04-07 04:02:38,88
2026-04-07 04:03:39,88
2026-04-15 09:59:19,88
2026-04-07 02:37:29,88
2026-04-12 17:24:32,88
2026-04-12 17:25:33,88
2026-04-11 00:01:44,88
2026-04-12 17:52:55,88
2026-04-12 17:31:38,88
2026-04-15 12:41:42,88
2026-04-16 10:44:04,88
2026-04-16 10:45:05,88
2026-04-07 01:45:46,88
2026-04-16 08:35:12,88
2026-04-09 17:15:15,88
2026-04-07 01:54:53,88
2026-04-07 01:42:43,88
2026-04-16 09:49:15,88
2026-04-05 16:29:13,88
2026-04-05 16:47:29,88
2026-04-07 03:59:36,88
2026-04-05 16:55:35,88
2026-04-05 17:02:41,88
2026-04-05 16:38:21,88
2026-04-06 12:52:22,88
2026-04-06 12:58:27,88
2026-04-09 08:14:18,88
2026-04-05 17:12:49,88
2026-04-15 04:02:15,88
2026-04-15 04:26:35,88
2026-04-15 04:27:36,88
2026-04-09 08:07:12,88
2026-04-09 08:38:40,88
2026-04-05 15:24:18,88
2026-04-05 15:23:18,88
2026-04-10 09:42:33,88
2026-04-05 15:13:09,88
2026-04-16 07:26:34,88
2026-04-09 00:30:53,88
2026-04-16 10:53:12,88
2026-04-16 10:54:13,88
2026-04-15 12:36:38,88
2026-04-16 01:04:10,88
2026-04-10 23:57:40,88
2026-04-10 23:58:41,88
2026-04-16 10:48:07,88
2026-04-16 03:50:28,88
2026-04-12 17:57:59,88
2026-04-09 00:32:55,88
2026-04-09 00:33:55,88
2026-04-16 01:23:26,88
2026-04-16 03:54:31,88
2026-04-16 03:55:32,88
2026-04-05 15:44:35,88
2026-04-16 09:17:48,88
2026-04-16 09:20:51,88
2026-04-15 03:32:51,88
2026-04-16 07:28:35,88
2026-04-05 15:41:33,88
2026-04-16 09:27:56,88
2026-04-16 09:43:10,88
2026-04-16 09:45:12,88
2026-04-16 09:46:13,88
2026-04-05 15:27:21,88
2026-04-05 15:33:26,88
2026-04-15 16:43:33,88
2026-04-06 01:12:11,88
2026-04-06 01:22:19,88
2026-04-15 16:42:32,88
2026-04-15 16:37:28,88
2026-04-15 16:38:29,88
2026-04-15 16:28:20,88
2026-04-16 04:57:24,88
2026-04-09 00:24:48,88
2026-04-16 04:40:09,88
2026-04-09 01:10:27,88
2026-04-08 23:45:14,88
2026-04-10 23:22:08,88
2026-04-16 04:55:22,88
2026-04-09 17:12:12,88
2026-04-09 17:13:13,88
2026-04-09 16:54:57,88
2026-04-09 17:23:22,88
2026-04-09 17:14:14,88
2026-04-09 16:50:54,88
2026-04-09 16:52:56,88
2026-04-10 10:40:31,88
2026-04-10 10:15:07,88
2026-04-06 13:08:36,88
2026-04-05 14:56:56,88
2026-04-10 10:32:24,88
2026-04-07 07:12:19,88
2026-04-05 14:27:32,88
2026-04-10 10:35:26,88
2026-04-09 12:52:21,88
2026-04-16 07:54:58,88
2026-04-05 15:14:10,88
2026-04-05 15:15:11,88
2026-04-06 01:33:28,88
2026-04-09 00:47:07,88
2026-04-10 21:38:28,88
2026-04-10 22:23:11,88
2026-04-16 05:08:34,88
2026-04-16 05:11:36,88
2026-04-09 00:55:14,88
2026-04-09 01:43:54,88
2026-04-03 12:47:20,88
2026-04-03 12:50:23,88
2026-04-03 12:51:24,88
2026-04-03 12:52:24,88
2026-04-09 00:48:08,88
2026-04-09 00:49:08,88
2026-04-09 01:42:53,88
2026-04-12 18:00:01,88
2026-04-16 04:19:52,88
2026-04-16 04:44:13,88
2026-04-10 21:09:00,88
2026-04-06 13:03:32,88
2026-04-15 10:25:43,88
2026-04-09 23:16:02,88
2026-04-10 11:23:10,88
2026-04-10 11:24:11,88
2026-04-06 14:22:36,88
2026-04-06 14:27:40,88
2026-04-06 14:29:41,88
2026-04-13 22:25:25,88
2026-04-13 22:29:28,88
2026-04-05 14:43:45,88
2026-04-13 23:04:51,88
2026-04-13 22:47:58,88
2026-04-13 23:00:21,88
2026-04-05 14:47:49,88
2026-04-10 12:17:59,88
2026-04-06 14:30:42,88
2026-04-16 06:43:57,88
2026-04-16 06:40:54,88
2026-04-09 06:08:25,88
2026-04-07 12:32:02,88
2026-04-09 02:09:16,88
2026-04-09 01:16:32,88
2026-04-09 01:36:48,88
2026-04-09 01:37:49,88
2026-04-07 12:34:04,88
2026-04-07 12:36:06,88
2026-04-07 12:37:07,88
2026-04-09 01:33:46,88
2026-04-09 15:31:44,88
2026-04-06 07:59:10,88
2026-04-09 16:02:11,88
2026-04-09 21:28:30,88
2026-04-09 15:43:55,88
2026-04-09 15:40:52,88
2026-04-09 15:41:53,88
2026-04-09 15:42:54,88
2026-04-07 12:42:11,88
2026-04-13 12:10:48,88
2026-04-13 12:11:49,88
2026-04-13 12:17:55,88
2026-04-13 12:18:56,88
2026-04-13 12:21:58,88
2026-04-13 12:41:16,88
2026-04-13 12:27:03,88
2026-04-16 05:41:02,88
2026-04-09 02:02:10,88
2026-04-09 01:52:01,88
2026-04-13 12:07:45,88
2026-04-09 02:08:15,88
2026-04-13 12:39:14,88
2026-04-09 06:09:26,88
2026-04-09 06:10:26,88
2026-04-16 06:55:06,88
2026-04-16 06:56:07,88
2026-04-10 12:29:09,88
2026-04-10 12:14:56,88
2026-04-10 11:50:34,88
2026-04-07 07:23:28,88
2026-04-10 12:10:52,88
2026-04-10 11:35:20,88
2026-04-06 16:32:30,88
2026-04-09 05:11:36,88
2026-04-16 06:41:55,88
2026-04-03 14:33:48,88
2026-04-07 08:16:15,88
2026-04-16 06:42:56,88
2026-04-16 06:25:41,88
2026-04-06 16:34:31,88
2026-04-06 16:36:33,88
2026-04-16 09:06:38,88
2026-04-16 09:07:39,88
2026-04-16 00:49:58,88
2026-04-16 09:16:47,88
2026-04-16 09:04:37,88
2026-04-09 15:47:59,88
2026-04-09 15:51:01,88
2026-04-09 15:52:02,88
2026-04-09 14:58:16,88
2026-04-09 15:14:30,88
2026-04-09 21:44:43,88
2026-04-07 09:20:16,88
2026-04-07 08:21:20,88
2026-04-13 22:02:04,88
2026-04-10 12:11:53,88
2026-04-07 03:22:05,88
2026-04-07 03:23:06,88
2026-04-07 03:29:11,88
2026-04-07 08:17:16,88
2026-04-06 02:47:31,88
2026-04-09 14:20:41,88
2026-04-06 11:00:51,88
2026-04-06 11:10:59,88
2026-04-09 13:23:50,88
2026-04-09 13:25:52,88
2026-04-07 02:19:13,88
2026-04-06 03:36:12,88
2026-04-09 14:19:40,88
2026-04-06 11:20:07,88
2026-04-09 22:33:25,88
2026-04-09 22:34:26,88
2026-04-09 03:26:14,88
2026-04-16 00:05:20,88
2026-04-09 03:35:21,88
2026-04-09 03:36:22,88
2026-04-16 00:17:31,88
2026-04-15 23:53:10,88
2026-04-15 23:54:11,88
2026-04-13 12:53:27,88
2026-04-13 13:04:38,88
2026-04-16 00:08:23,88
2026-04-16 00:09:24,88
2026-04-16 00:24:37,88
2026-04-16 00:25:37,88
2026-04-13 12:30:06,88
2026-04-07 11:23:05,88
2026-04-16 00:34:45,88
2026-04-16 00:36:47,88
2026-04-16 00:50:59,88
2026-04-16 00:51:59,88
2026-04-06 16:45:41,88
2026-04-09 22:38:29,88
2026-04-06 03:17:56,88
2026-04-06 03:18:57,88
2026-04-15 22:39:09,88
2026-04-15 22:45:14,88
2026-04-15 22:47:16,88
2026-04-15 22:50:18,88
2026-04-06 16:43:39,88
2026-04-13 21:25:41,88
2026-04-06 17:16:06,88
2026-04-06 16:57:51,88
2026-04-09 04:11:45,88
2026-04-16 08:49:24,88
2026-04-16 08:50:24,88
2026-04-06 05:04:28,88
2026-04-06 03:50:23,88
2026-04-07 11:27:09,88
2026-04-07 11:28:09,88
2026-04-13 16:06:38,88
2026-04-07 09:18:14,88
2026-04-10 18:40:37,88
2026-04-03 15:47:51,88
2026-04-13 16:49:17,88
2026-04-13 16:19:49,88
2026-04-13 15:54:26,88
2026-04-09 03:27:15,88
2026-04-09 03:33:20,88
2026-04-09 03:34:20,88
2026-04-07 12:12:46,88
2026-04-16 05:50:10,88
2026-04-13 20:55:17,88
2026-04-09 05:08:34,88
2026-04-07 02:27:20,88
2026-04-07 02:28:21,88
2026-04-05 13:02:26,88
2026-04-09 14:53:11,88
2026-04-09 14:38:58,88
2026-04-06 03:37:12,88
2026-04-06 03:22:00,88
2026-04-06 03:28:05,88
2026-04-08 10:16:13,88
2026-04-15 10:45:00,88
2026-04-16 07:53:58,88
2026-04-16 08:04:07,88
2026-04-16 06:00:19,88
2026-04-16 06:06:24,88
2026-04-15 23:05:31,88
2026-04-16 10:04:28,88
2026-04-16 09:58:23,88
2026-04-09 21:49:47,88
2026-04-09 22:18:12,88
2026-04-09 21:37:37,88
2026-04-16 08:47:22,88
2026-04-16 08:48:23,88
2026-04-09 14:35:55,88
2026-04-09 14:23:44,88
2026-04-07 19:19:41,88
2026-04-07 20:26:38,88
2026-04-16 12:21:33,88
2026-04-16 12:22:34,88
2026-04-16 10:55:14,88
2026-04-16 10:56:15,88
2026-04-11 09:33:26,88
2026-04-11 09:18:13,88
2026-04-11 09:52:43,88
2026-04-11 10:00:51,88
2026-04-16 10:58:17,88
2026-04-16 11:01:20,88
2026-04-16 11:02:21,88
2026-04-16 11:17:35,88
2026-04-16 11:36:52,88
2026-04-07 19:43:01,88
2026-04-07 19:44:02,88
2026-04-03 11:48:31,88
2026-04-08 11:22:05,88
2026-04-08 11:13:58,88
2026-04-15 15:04:53,88
2026-04-11 07:04:08,88
2026-04-11 12:47:53,88
2026-04-07 01:34:37,88
2026-04-07 01:37:39,88
2026-04-16 08:51:25,88
2026-04-15 14:51:41,88
2026-04-15 14:59:49,88
2026-04-08 10:36:29,88
2026-04-08 10:40:32,88
2026-04-16 11:30:47,88
2026-04-16 11:28:45,88
2026-04-07 01:52:51,88
2026-04-11 08:20:20,88
2026-04-16 11:58:12,88
2026-04-03 10:48:43,88
2026-04-11 10:01:52,87
2026-04-07 01:49:49,87
2026-04-11 08:34:33,87
2026-04-08 10:37:30,87
2026-04-08 10:38:31,87
2026-04-08 10:39:31,87
2026-04-07 01:47:47,87
2026-04-08 10:41:33,87
2026-04-08 10:31:25,87
2026-04-08 10:32:25,87
2026-04-16 08:52:26,87
2026-04-15 14:52:42,87
2026-04-08 11:21:04,87
2026-04-06 22:27:04,87
2026-04-06 22:30:06,87
2026-04-07 04:21:54,87
2026-04-15 07:24:05,87
2026-04-07 04:31:02,87
2026-04-04 09:27:35,87
2026-04-04 09:28:36,87
2026-04-04 09:29:37,87
2026-04-08 21:24:16,87
2026-04-09 10:13:02,87
2026-04-09 09:55:47,87
2026-04-15 17:12:59,87
2026-04-15 06:52:37,87
2026-04-09 10:25:13,87
2026-04-15 07:12:54,87
2026-04-05 21:29:16,87
2026-04-11 01:42:13,87
2026-04-08 21:45:33,87
2026-04-08 21:46:34,87
2026-04-08 21:26:18,87
2026-04-08 21:38:27,87
2026-04-08 21:39:28,87
2026-04-08 21:41:30,87
2026-04-11 02:58:18,87
2026-04-08 22:06:51,87
2026-04-08 22:21:03,87
2026-04-11 01:43:14,87
2026-04-08 21:11:05,87
2026-04-08 21:17:10,87
2026-04-08 21:15:09,87
2026-04-11 02:43:05,87
2026-04-11 02:28:53,87
2026-04-13 14:51:25,87
2026-04-13 17:04:31,87
2026-04-13 15:55:27,87
2026-04-13 15:53:25,87
2026-04-15 23:36:57,87
2026-04-07 11:11:55,87
2026-04-09 04:10:44,87
2026-04-15 23:37:58,87
2026-04-16 05:49:09,87
2026-04-13 21:15:33,87
2026-04-13 21:00:21,87
2026-04-09 05:09:35,87
2026-04-07 12:13:47,87
2026-04-07 11:12:56,87
2026-04-07 12:04:39,87
2026-04-10 18:39:36,87
2026-04-16 07:48:53,87
2026-04-06 03:20:59,87
2026-04-07 02:25:18,87
2026-04-13 21:01:22,87
2026-04-13 21:05:25,87
2026-04-13 21:09:28,87
2026-04-13 21:10:29,87
2026-04-10 13:27:05,87
2026-04-16 05:59:18,87
2026-04-16 08:11:13,87
2026-04-07 02:48:38,87
2026-04-16 07:49:54,87
2026-04-16 07:51:55,87
2026-04-16 07:52:57,87
2026-04-06 10:11:08,87
2026-04-16 08:07:10,87
2026-04-16 00:37:48,87
2026-04-10 19:13:08,87
2026-04-07 12:02:37,87
2026-04-07 12:03:38,87
2026-04-07 10:42:32,87
2026-04-13 12:29:05,87
2026-04-10 19:11:06,87
2026-04-13 12:52:26,87
2026-04-15 22:52:20,87
2026-04-15 22:23:56,87
2026-04-15 22:35:05,87
2026-04-15 22:36:06,87
2026-04-07 02:41:32,87
2026-04-09 22:21:15,87
2026-04-16 00:29:41,87
2026-04-16 00:35:46,87
2026-04-10 13:11:50,87
2026-04-03 14:12:31,87
2026-04-13 21:22:39,87
2026-04-13 21:29:45,87
2026-04-13 21:30:46,87
2026-04-13 21:35:50,87
2026-04-13 21:38:52,87
2026-04-15 22:38:08,87
2026-04-15 23:38:58,87
2026-04-16 08:53:27,87
2026-04-06 17:46:30,87
2026-04-16 05:47:07,87
2026-04-16 05:48:08,87
2026-04-13 20:44:08,87
2026-04-13 20:45:09,87
2026-04-06 17:03:56,87
2026-04-16 09:10:42,87
2026-04-16 09:11:43,87
2026-04-16 09:12:44,87
2026-04-16 09:13:44,87
2026-04-16 09:14:45,87
2026-04-16 09:01:34,87
2026-04-16 09:02:35,87
2026-04-16 09:05:38,87
2026-04-09 15:12:28,87
2026-04-09 15:18:33,87
2026-04-09 15:21:36,87
2026-04-09 21:45:44,87
2026-04-09 15:53:03,87
2026-04-06 08:59:04,87
2026-04-16 09:08:40,87
2026-04-16 09:09:41,87
2026-04-09 14:10:32,87
2026-04-06 03:43:18,87
2026-04-07 02:11:07,87
2026-04-13 21:48:00,87
2026-04-16 09:57:22,87
2026-04-03 14:31:47,87
2026-04-03 14:32:48,87
2026-04-09 15:11:27,87
2026-04-16 00:06:21,87
2026-04-16 00:11:26,87
2026-04-16 00:04:20,87
2026-04-06 10:58:49,87
2026-04-06 10:28:23,87
2026-04-06 03:13:53,87
2026-04-07 03:19:03,87
2026-04-06 10:55:47,87
2026-04-16 05:42:03,87
2026-04-09 01:53:02,87
2026-04-09 02:10:17,87
2026-04-13 12:22:59,87
2026-04-13 12:24:00,87
2026-04-13 12:25:01,87
2026-04-13 12:26:02,87
2026-04-16 05:43:04,87
2026-04-10 12:44:23,87
2026-04-07 12:30:01,87
2026-04-13 12:06:44,87
2026-04-13 12:08:46,87
2026-04-13 12:09:47,87
2026-04-13 12:40:15,87
2026-04-13 12:28:04,87
2026-04-16 05:45:05,87
2026-04-16 06:27:42,87
2026-04-16 06:28:43,87
2026-04-06 16:31:29,87
2026-04-07 07:24:29,87
2026-04-07 06:28:42,87
2026-04-10 12:19:00,87
2026-04-10 12:05:47,87
2026-04-10 11:36:21,87
2026-04-16 00:48:57,87
2026-04-07 12:05:40,87
2026-04-07 12:08:42,87
2026-04-07 12:09:43,87
2026-04-03 14:34:49,87
2026-04-07 06:56:05,87
2026-04-06 16:37:34,87
2026-04-06 16:27:26,87
2026-04-07 06:57:06,87
2026-04-07 07:48:50,87
2026-04-13 22:08:11,87
2026-04-15 10:07:26,87
2026-04-15 10:30:47,87
2026-04-06 02:29:15,87
2026-04-09 01:11:27,87
2026-04-16 04:42:11,87
2026-04-09 01:35:47,87
2026-04-09 01:20:35,87
2026-04-06 14:56:04,87
2026-04-06 14:42:52,87
2026-04-16 06:38:52,87
2026-04-10 10:47:38,87
2026-04-10 10:46:37,87
2026-04-13 22:19:20,87
2026-04-09 16:06:15,87
2026-04-09 16:07:16,87
2026-04-07 12:33:03,87
2026-04-07 12:35:05,87
2026-04-07 12:23:55,87
2026-04-16 05:02:28,87
2026-04-09 01:32:45,87
2026-04-09 01:34:47,87
2026-04-16 05:44:04,87
2026-04-10 19:23:17,87
2026-04-13 12:14:52,87
2026-04-06 09:11:15,87
2026-04-06 05:28:49,87
2026-04-09 15:30:44,87
2026-04-09 15:32:45,87
2026-04-07 01:12:18,87
2026-04-05 14:58:58,87
2026-04-07 07:06:14,87
2026-04-15 21:54:32,87
2026-04-09 08:00:06,87
2026-04-07 07:08:15,87
2026-04-06 13:06:34,87
2026-04-06 13:07:35,87
2026-04-09 15:56:06,87
2026-04-09 13:13:41,87
2026-04-09 12:48:18,87
2026-04-07 00:17:35,87
2026-04-09 12:54:23,87
2026-04-10 10:30:22,87
2026-04-10 10:31:23,87
2026-04-05 14:59:59,87
2026-04-05 15:00:59,87
2026-04-03 12:48:21,87
2026-04-03 12:43:17,87
2026-04-03 12:44:18,87
2026-04-09 21:27:29,87
2026-04-15 10:10:29,87
2026-04-15 10:13:32,87
2026-04-15 10:06:26,87
2026-04-09 13:12:40,87
2026-04-16 04:18:52,87
2026-04-16 04:20:53,87
2026-04-10 19:39:33,87
2026-04-07 12:24:56,87
2026-04-07 12:27:59,87
2026-04-09 00:42:02,87
2026-04-09 01:14:30,87
2026-04-09 01:15:31,87
2026-04-07 04:06:41,87
2026-04-07 04:07:42,87
2026-04-16 09:26:56,87
2026-04-16 09:47:13,87
2026-04-16 09:36:04,87
2026-04-05 16:28:12,87
2026-04-11 00:56:33,87
2026-04-16 03:59:36,87
2026-04-16 04:38:08,87
2026-04-15 16:36:27,87
2026-04-06 11:39:23,87
2026-04-09 13:11:39,87
2026-04-15 16:26:18,87
2026-04-06 02:06:56,87
2026-04-09 13:19:46,87
2026-04-09 13:22:49,87
2026-04-06 05:59:17,87
2026-04-08 23:42:11,87
2026-04-10 23:23:09,87
2026-04-09 01:12:28,87
2026-04-16 04:51:19,87
2026-04-16 04:58:25,87
2026-04-09 00:25:49,87
2026-04-16 04:50:18,87
2026-04-09 16:00:10,87
2026-04-09 16:01:11,87
2026-04-15 12:14:18,87
2026-04-09 16:18:26,87
2026-04-09 17:06:07,87
2026-04-09 17:08:09,87
2026-04-09 17:09:10,87
2026-04-09 17:30:28,87
2026-04-16 09:35:03,87
2026-04-05 16:52:33,87
2026-04-09 17:16:16,87
2026-04-15 13:43:38,87
2026-04-16 08:33:10,87
2026-04-16 08:34:11,87
2026-04-07 01:44:45,87
2026-04-16 08:37:13,87
2026-04-16 07:27:34,87
2026-04-05 17:10:48,87
2026-04-15 04:17:27,87
2026-04-09 08:39:41,87
2026-04-05 16:56:36,87
2026-04-05 18:00:29,87
2026-04-16 09:48:14,87
2026-04-16 09:34:02,87
2026-04-16 01:34:35,87
2026-04-16 10:47:07,87
2026-04-16 10:49:08,87
2026-04-16 10:33:55,87
2026-04-16 10:40:00,87
2026-04-15 12:37:39,87
2026-04-15 12:38:40,87
2026-04-16 07:37:43,87
2026-04-12 17:26:34,87
2026-04-12 17:28:35,87
2026-04-16 01:22:25,87
2026-04-16 03:49:27,87
2026-04-11 00:27:07,87
2026-04-11 00:38:17,87
2026-04-12 17:59:00,87
2026-04-16 01:08:13,87
2026-04-09 09:24:19,87
2026-04-09 09:04:02,87
2026-04-09 09:05:03,87
2026-04-15 21:08:56,87
2026-04-11 01:45:16,87
2026-04-07 17:54:32,87
2026-04-07 17:59:37,87
2026-04-08 23:05:41,87
2026-04-15 08:56:23,87
2026-04-09 12:03:39,87
2026-04-15 04:29:37,87
2026-04-15 04:30:38,87
2026-04-15 05:01:04,87
2026-04-15 04:45:51,87
2026-04-15 04:42:48,87
2026-04-15 21:10:58,87
2026-04-16 10:24:47,87
2026-04-16 10:43:03,87
2026-04-16 10:46:06,87
2026-04-12 17:32:39,87
2026-04-12 17:30:37,87
2026-04-07 03:47:26,87
2026-04-15 09:28:51,87
2026-04-07 02:39:30,87
2026-04-16 08:38:14,87
2026-04-16 08:39:15,87
2026-04-16 08:40:16,87
2026-04-16 08:36:12,87
2026-04-16 08:31:08,87
2026-04-15 12:55:55,87
2026-04-15 13:12:10,87
2026-04-15 13:14:12,87
2026-04-06 21:49:33,87
2026-04-05 20:11:15,87
2026-04-05 19:11:26,87
2026-04-16 07:33:40,87
2026-04-16 07:35:41,87
2026-04-05 23:58:12,87
2026-04-09 11:30:11,87
2026-04-09 11:22:04,87
2026-04-05 18:41:01,87
2026-04-05 18:47:06,87
2026-04-05 19:25:38,87
2026-04-15 05:04:06,87
2026-04-06 21:57:40,87
2026-04-07 05:54:14,87
2026-04-06 21:35:22,87
2026-04-06 21:47:32,87
2026-04-16 01:37:38,87
2026-04-16 01:39:39,87
2026-04-11 01:09:45,87
2026-04-11 01:16:51,87
2026-04-11 01:20:55,87
2026-04-11 01:05:41,87
2026-04-16 08:41:17,87
2026-04-05 18:27:50,87
2026-04-16 01:53:51,87
2026-04-08 23:08:44,87
2026-04-08 23:11:46,87
2026-04-08 23:13:48,87
2026-04-16 01:44:44,87
2026-04-16 01:47:46,87
2026-04-11 01:35:07,87
2026-04-11 01:39:10,87
2026-04-15 15:32:28,87
2026-04-12 17:22:30,87
2026-04-12 17:14:23,87
2026-04-12 17:15:24,87
2026-04-07 12:22:54,87
2026-04-07 12:20:53,87
2026-04-08 22:02:47,87
2026-04-08 22:05:50,87
2026-04-06 12:17:53,87
2026-04-15 15:06:55,87
2026-04-15 15:07:56,87
2026-04-15 15:36:32,87
2026-04-15 16:18:11,87
2026-04-15 14:36:27,87
2026-04-07 01:02:10,87
2026-04-15 16:23:16,87
2026-04-07 05:05:32,87
2026-04-05 20:55:50,87
2026-04-05 20:58:52,87
2026-04-05 21:28:15,87
2026-04-05 20:37:35,87
2026-04-15 06:19:08,87
2026-04-07 05:39:01,87
2026-04-07 05:41:03,87
2026-04-15 08:12:46,87
2026-04-15 08:01:37,87
2026-04-06 22:55:27,87
2026-04-06 22:56:28,87
2026-04-09 11:29:10,87
2026-04-06 23:47:11,87
2026-04-06 23:08:38,87
2026-04-06 23:10:40,87
2026-04-16 11:24:41,87
2026-04-16 11:27:44,87
2026-04-03 11:46:29,87
2026-04-16 11:31:48,87
2026-04-16 11:32:49,87
2026-04-16 11:34:50,87
2026-04-03 11:41:25,87
2026-04-11 07:05:09,87
2026-04-07 04:32:03,87
2026-04-07 04:33:04,87
2026-04-06 22:15:54,87
2026-04-05 21:59:40,87
2026-04-15 07:22:03,87
2026-04-09 11:49:27,87
2026-04-16 11:22:40,87
2026-04-16 11:23:40,87
2026-04-11 03:42:56,87
2026-04-11 03:43:57,87
2026-04-11 03:45:58,87
2026-04-11 04:21:30,87
2026-04-11 04:35:44,87
2026-04-11 03:50:02,87
2026-04-08 21:08:03,87
2026-04-08 21:09:04,87
2026-04-11 12:13:25,87
2026-04-11 12:22:33,87
2026-04-11 12:10:23,87
2026-04-11 12:11:24,87
2026-04-11 12:27:37,87
2026-04-16 11:21:39,87
2026-04-03 11:32:18,87
2026-04-16 11:19:37,87
2026-04-13 20:42:07,87
2026-04-16 10:06:30,87
2026-04-16 10:07:31,87
2026-04-16 10:08:32,87
2026-04-16 10:16:40,87
2026-04-16 10:05:29,87
2026-04-16 09:59:24,87
2026-04-16 10:00:25,87
2026-04-06 04:18:47,87
2026-04-16 08:46:21,87
2026-04-09 15:22:37,87
2026-04-15 10:40:56,87
2026-04-05 10:47:42,87
2026-04-05 10:48:43,87
2026-04-13 20:09:40,87
2026-04-13 20:10:41,87
2026-04-16 12:20:32,87
2026-04-16 02:37:28,87
2026-04-16 02:39:30,87
2026-04-07 19:20:42,87
2026-04-07 19:21:43,87
2026-04-07 20:29:41,87
2026-04-07 20:31:42,87
2026-04-06 04:17:47,87
2026-04-04 09:24:32,87
2026-04-16 11:37:53,87
2026-04-16 12:19:31,87
2026-04-03 11:12:02,87
2026-04-03 11:34:19,87
2026-04-16 10:57:16,87
2026-04-16 10:59:18,87
2026-04-16 11:09:28,87
2026-04-07 19:17:39,86
2026-04-07 20:30:42,86
2026-04-16 02:38:29,86
2026-04-15 14:30:21,86
2026-04-15 14:33:24,86
2026-04-15 14:16:07,86
2026-04-11 02:45:07,86
2026-04-11 03:01:21,86
2026-04-11 03:04:23,86
2026-04-11 02:53:14,86
2026-04-08 21:43:32,86
2026-04-08 11:02:49,86
2026-04-07 01:01:09,86
2026-04-07 01:04:12,86
2026-04-08 11:20:03,86
2026-04-09 17:21:21,86
2026-04-15 16:19:12,86
2026-04-15 14:22:13,86
2026-04-15 14:04:57,86
2026-04-11 01:58:27,86
2026-04-11 01:59:28,86
2026-04-11 02:01:29,86
2026-04-11 02:03:31,86
2026-04-11 02:04:32,86
2026-04-15 13:44:39,86
2026-04-15 13:58:52,86
2026-04-15 14:03:56,86
2026-04-08 23:12:47,86
2026-04-11 02:39:01,86
2026-04-08 22:00:46,86
2026-04-08 22:03:48,86
2026-04-08 22:09:54,86
2026-04-07 12:21:54,86
2026-04-07 17:39:19,86
2026-04-07 12:17:50,86
2026-04-15 08:32:03,86
2026-04-05 23:43:00,86
2026-04-16 07:34:41,86
2026-04-16 07:36:42,86
2026-04-06 21:44:29,86
2026-04-09 10:11:00,86
2026-04-06 22:10:51,86
2026-04-07 06:16:32,86
2026-04-06 23:12:41,86
2026-04-06 22:46:19,86
2026-04-06 11:34:19,86
2026-04-09 11:32:13,86
2026-04-09 11:34:15,86
2026-04-05 22:58:25,86
2026-04-15 08:13:47,86
2026-04-05 23:57:11,86
2026-04-09 09:42:35,86
2026-04-09 10:14:03,86
2026-04-15 06:13:03,86
2026-04-15 06:11:01,86
2026-04-07 05:42:03,86
2026-04-05 20:56:51,86
2026-04-05 20:51:47,86
2026-04-06 22:49:22,86
2026-04-15 06:59:43,86
2026-04-15 07:07:50,86
2026-04-15 07:11:54,86
2026-04-05 20:09:13,86
2026-04-15 06:01:54,86
2026-04-15 05:46:41,86
2026-04-09 10:19:08,86
2026-04-09 10:20:09,86
2026-04-10 00:31:11,86
2026-04-07 03:55:32,86
2026-04-07 03:48:27,86
2026-04-16 09:42:09,86
2026-04-09 08:09:14,86
2026-04-06 12:51:22,86
2026-04-09 08:10:15,86
2026-04-09 08:13:17,86
2026-04-06 23:48:11,86
2026-04-06 23:49:12,86
2026-04-06 22:40:14,86
2026-04-06 11:25:12,86
2026-04-06 00:28:36,86
2026-04-15 09:27:50,86
2026-04-15 09:31:54,86
2026-04-15 10:01:21,86
2026-04-05 19:06:22,86
2026-04-07 05:55:14,86
2026-04-15 08:59:26,86
2026-04-15 09:14:39,86
2026-04-15 09:15:40,86
2026-04-06 11:29:15,86
2026-04-09 12:05:41,86
2026-04-09 12:08:43,86
2026-04-07 06:17:33,86
2026-04-07 06:02:20,86
2026-04-07 06:07:25,86
2026-04-05 18:37:59,86
2026-04-09 09:25:20,86
2026-04-09 09:41:34,86
2026-04-05 18:59:16,86
2026-04-15 04:44:50,86
2026-04-15 16:34:25,86
2026-04-15 16:35:26,86
2026-04-15 16:40:31,86
2026-04-06 23:21:49,86
2026-04-14 23:34:39,86
2026-04-13 23:19:58,86
2026-04-13 23:22:01,86
2026-04-10 10:13:05,86
2026-04-06 01:11:10,86
2026-04-09 13:15:43,86
2026-04-09 13:16:43,86
2026-04-09 13:21:48,86
2026-04-09 13:09:37,86
2026-04-15 16:39:30,86
2026-04-15 16:29:21,86
2026-04-15 16:33:24,86
2026-04-15 21:24:08,86
2026-04-16 09:37:05,86
2026-04-16 09:40:07,86
2026-04-16 09:41:08,86
2026-04-07 04:04:40,86
2026-04-07 04:09:44,86
2026-04-06 00:59:00,86
2026-04-06 01:13:12,86
2026-04-09 08:08:13,86
2026-04-05 17:52:22,86
2026-04-05 18:14:40,86
2026-04-06 12:38:11,86
2026-04-16 07:38:44,86
2026-04-06 12:33:07,86
2026-04-06 12:37:10,86
2026-04-15 21:25:09,86
2026-04-06 13:48:08,86
2026-04-06 13:51:10,86
2026-04-06 13:04:32,86
2026-04-06 13:05:33,86
2026-04-06 14:21:35,86
2026-04-13 22:26:25,86
2026-04-13 22:31:30,86
2026-04-10 11:08:57,86
2026-04-15 10:09:28,86
2026-04-06 01:35:30,86
2026-04-15 10:28:46,86
2026-04-15 10:05:24,86
2026-04-09 23:30:15,86
2026-04-09 23:32:17,86
2026-04-09 23:01:49,86
2026-04-13 22:07:10,86
2026-04-16 07:44:49,86
2026-04-16 07:46:51,86
2026-04-06 11:21:08,86
2026-04-16 07:39:45,86
2026-04-16 07:40:46,86
2026-04-09 12:47:17,86
2026-04-09 12:49:19,86
2026-04-09 12:51:21,86
2026-04-15 21:53:32,86
2026-04-15 21:55:33,86
2026-04-09 07:59:05,86
2026-04-15 21:56:34,86
2026-04-07 07:07:15,86
2026-04-07 07:05:13,86
2026-04-10 10:34:26,86
2026-04-07 00:16:34,86
2026-04-15 22:24:57,86
2026-04-15 22:20:54,86
2026-04-06 17:00:53,86
2026-04-15 22:48:16,86
2026-04-05 12:47:14,86
2026-04-03 14:19:37,86
2026-04-13 21:34:49,86
2026-04-13 21:24:41,86
2026-04-10 12:58:37,86
2026-04-03 14:30:46,86
2026-04-07 06:55:04,86
2026-04-06 03:47:21,86
2026-04-06 03:49:23,86
2026-04-07 03:26:08,86
2026-04-09 22:20:14,86
2026-04-15 22:21:55,86
2026-04-10 11:55:39,86
2026-04-10 11:39:24,86
2026-04-10 11:45:29,86
2026-04-07 06:29:43,86
2026-04-06 20:18:21,86
2026-04-06 16:33:31,86
2026-04-05 13:17:38,86
2026-04-10 12:55:34,86
2026-04-10 11:09:58,86
2026-04-10 11:22:09,86
2026-04-10 11:30:16,86
2026-04-13 23:24:04,86
2026-04-05 14:16:23,86
2026-04-06 14:43:53,86
2026-04-10 11:33:19,86
2026-04-10 11:37:22,86
2026-04-07 02:32:24,86
2026-04-15 10:42:58,86
2026-04-16 06:07:25,86
2026-04-15 22:55:22,86
2026-04-15 23:04:30,86
2026-04-15 23:08:33,86
2026-04-16 09:50:16,86
2026-04-16 10:13:37,86
2026-04-09 14:55:13,86
2026-04-06 09:28:30,86
2026-04-09 14:05:28,86
2026-04-16 07:47:52,86
2026-04-16 07:50:55,86
2026-04-16 08:09:11,86
2026-04-16 08:10:12,86
2026-04-07 02:31:23,86
2026-04-06 17:19:08,86
2026-04-06 17:20:09,86
2026-04-13 21:07:27,86
2026-04-13 20:56:18,86
2026-04-13 20:57:19,86
2026-04-13 21:04:24,86
2026-04-05 13:00:24,86
2026-04-07 02:30:23,86
2026-04-03 14:13:31,86
2026-04-03 14:16:34,86
2026-04-03 14:17:35,86
2026-04-06 20:21:24,86
2026-04-13 20:46:10,86
2026-04-06 17:07:59,86
2026-04-06 16:56:50,86
2026-04-06 16:58:52,86
2026-04-03 15:51:54,86
2026-04-03 16:07:06,86
2026-04-15 23:24:47,86
2026-04-15 23:46:04,86
2026-04-15 23:48:06,86
2026-04-15 23:35:56,86
2026-04-07 11:09:54,86
2026-04-07 11:06:51,86
2026-04-09 21:48:47,86
2026-04-09 21:51:49,86
2026-04-16 08:45:20,86
2026-04-16 08:54:28,86
2026-04-16 08:55:29,86
2026-04-16 08:58:32,86
2026-04-16 08:59:33,86
2026-04-03 16:06:06,86
2026-04-06 03:33:09,86
2026-04-15 10:47:02,86
2026-04-15 10:51:06,86
2026-04-15 10:59:13,86
2026-04-16 08:14:16,86
2026-04-16 08:15:17,86
2026-04-09 14:34:54,86
2026-04-09 15:24:38,86
2026-04-16 10:01:26,86
2026-04-16 10:02:27,86
2026-04-16 10:03:27,86
2026-04-16 10:15:39,86
2026-04-16 10:17:40,86
2026-04-16 10:19:42,86
2026-04-05 11:59:38,86
2026-04-13 20:04:36,86
2026-04-16 09:03:36,86
2026-04-09 15:50:00,86
2026-04-09 15:09:25,86
2026-04-09 15:13:29,86
2026-04-07 12:43:12,86
2026-04-16 10:28:50,86
2026-04-03 13:04:34,86
2026-04-09 02:11:18,86
2026-04-10 18:54:50,86
2026-04-13 12:38:13,86
2026-04-10 19:12:07,86
2026-04-07 12:01:36,86
2026-04-16 01:02:08,86
2026-04-07 12:07:41,86
2026-04-07 11:56:32,86
2026-04-16 09:00:33,86
2026-04-09 03:37:23,86
2026-04-09 03:09:00,86
2026-04-15 23:50:08,86
2026-04-15 23:51:08,86
2026-04-03 15:52:55,86
2026-04-03 15:53:56,86
2026-04-03 15:54:56,86
2026-04-03 16:05:05,86
2026-04-07 11:29:10,86
2026-04-07 10:38:28,86
2026-04-03 15:45:49,86
2026-04-03 15:46:50,86
2026-04-03 14:51:04,86
2026-04-16 06:09:26,86
2026-04-13 14:39:13,86
2026-04-15 23:52:09,86
2026-04-09 21:12:17,86
2026-04-09 21:29:30,86
2026-04-09 16:33:39,86
2026-04-03 12:45:19,86
2026-04-03 12:46:19,86
2026-04-09 00:46:06,86
2026-04-09 00:44:04,86
2026-04-09 00:58:16,86
2026-04-06 07:57:09,86
2026-04-09 15:36:49,86
2026-04-09 15:37:50,86
2026-04-06 09:14:18,86
2026-04-15 11:15:28,86
2026-04-09 21:13:17,86
2026-04-09 21:14:18,86
2026-04-09 21:24:26,86
2026-04-16 05:00:27,86
2026-04-16 10:29:51,86
2026-04-07 11:55:31,86
2026-04-09 15:07:24,86
2026-04-09 16:05:14,86
2026-04-09 16:08:17,86
2026-04-06 05:43:03,86
2026-04-06 08:12:22,86
2026-04-09 02:12:19,86
2026-04-09 02:01:09,86
2026-04-07 12:29:00,86
2026-04-09 02:19:25,86
2026-04-09 01:30:43,86
2026-04-09 01:23:38,86
2026-04-09 01:29:42,86
2026-04-16 04:59:26,86
2026-04-15 12:51:52,86
2026-04-16 10:51:10,86
2026-04-16 10:52:11,86
2026-04-16 10:38:59,86
2026-04-16 10:41:01,86
2026-04-16 10:42:02,86
2026-04-16 10:50:09,86
2026-04-16 01:24:27,86
2026-04-15 11:43:52,86
2026-04-15 11:44:53,86
2026-04-15 12:13:17,86
2026-04-15 12:15:19,86
2026-04-15 12:28:31,86
2026-04-15 12:29:32,86
2026-04-15 12:50:51,86
2026-04-15 13:07:06,86
2026-04-09 01:13:29,86
2026-04-08 23:43:12,86
2026-04-08 23:44:13,86
2026-04-13 09:03:05,86
2026-04-13 09:04:06,86
2026-04-09 17:31:29,86
2026-04-09 17:27:26,86
2026-04-09 17:07:08,86
2026-04-10 21:24:14,86
2026-04-13 10:46:34,86
2026-04-13 12:00:39,86
2026-04-10 23:51:35,86
2026-04-16 04:21:54,86
2026-04-16 04:36:06,86
2026-04-16 04:37:07,86
2026-04-16 04:39:09,86
2026-04-16 08:32:09,86
2026-04-07 01:40:41,86
2026-04-15 13:42:37,86
2026-04-11 01:08:44,86
2026-04-11 01:27:00,86
2026-04-11 01:25:59,86
2026-04-16 01:38:39,86
2026-04-16 01:45:45,86
2026-04-15 12:53:53,86
2026-04-15 12:56:56,86
2026-04-15 13:08:07,86
2026-04-15 13:01:00,86
2026-04-15 13:04:03,86
2026-04-15 13:06:05,86
2026-04-15 13:28:25,86
2026-04-16 08:44:19,86
2026-04-12 17:35:41,86
2026-04-12 17:36:42,86
2026-04-12 17:37:43,86
2026-04-12 17:33:39,86
2026-04-16 10:27:49,86
2026-04-16 10:34:56,86
2026-04-16 10:37:58,86
2026-04-16 10:25:48,86
2026-04-16 01:09:14,86
2026-04-16 03:48:26,86
2026-04-16 04:00:36,86
2026-04-16 04:15:49,86
2026-04-08 23:31:03,86
2026-04-11 00:51:29,86
2026-04-11 00:52:30,86
2026-04-12 17:34:40,86
2026-04-07 01:30:33,86
2026-04-15 15:05:54,86
2026-04-15 15:21:10,86
2026-04-07 01:56:55,86
2026-04-07 01:48:48,86
2026-04-11 08:48:46,86
2026-04-07 19:18:40,86
2026-04-16 02:40:31,86
2026-04-11 11:49:05,86
2026-04-16 11:20:38,86
2026-04-11 12:05:19,86
2026-04-11 11:51:07,86
2026-04-11 11:52:08,86
2026-04-11 12:12:24,86
2026-04-11 12:04:18,86
2026-04-11 12:24:34,86
2026-04-08 21:13:07,86
2026-04-08 21:16:10,86
2026-04-11 04:20:30,86
2026-04-11 03:30:46,86
2026-04-11 03:18:35,86
2026-04-11 03:28:44,86
2026-04-16 11:14:32,86
2026-04-11 11:41:59,86
2026-04-12 16:10:27,86
2026-04-12 16:11:27,86
2026-04-11 02:44:06,86
2026-04-11 02:30:54,86
2026-04-08 20:53:51,86
2026-04-08 21:03:59,86
2026-04-08 21:19:12,86
2026-04-08 21:10:04,86
2026-04-15 17:02:50,86
2026-04-15 17:08:55,86
2026-04-15 17:10:57,86
2026-04-05 21:44:28,86
2026-04-15 06:40:27,86
2026-04-15 06:41:27,86
2026-04-15 07:13:55,86
2026-04-15 06:57:41,86
2026-04-05 23:28:49,86
2026-04-06 22:13:53,86
2026-04-06 22:45:19,86
2026-04-06 22:31:07,86
2026-04-15 17:11:58,86
2026-04-15 16:56:45,86
2026-04-15 16:57:45,86
2026-04-15 16:58:46,86
2026-04-03 11:43:27,86
2026-04-03 11:44:28,86
2026-04-16 11:25:42,86
2026-04-16 11:56:10,86
2026-04-09 10:51:37,86
2026-04-15 07:23:04,86
2026-04-07 04:22:55,86
2026-04-07 03:41:21,86
2026-04-16 02:29:21,86
2026-04-16 02:33:25,86
2026-04-16 02:34:26,86
2026-04-16 11:03:22,86
2026-04-11 08:54:51,86
2026-04-07 21:56:48,86
2026-04-07 19:12:35,86
2026-04-16 11:26:43,86
2026-04-07 18:56:22,85
2026-04-03 10:42:38,85
2026-04-07 18:55:22,85
2026-04-07 19:10:34,85
2026-04-07 18:54:21,85
2026-04-03 11:42:26,85
2026-04-03 11:45:28,85
2026-04-07 18:53:20,85
2026-04-11 09:49:41,85
2026-04-07 19:11:35,85
2026-04-08 10:42:34,85
2026-04-15 14:20:11,85
2026-04-07 21:14:18,85
2026-04-09 08:12:16,85
2026-04-06 12:49:20,85
2026-04-06 20:04:10,85
2026-04-15 21:22:07,85
2026-04-06 12:53:23,85
2026-04-09 08:11:16,85
2026-04-07 07:09:16,85
2026-04-14 23:49:51,85
2026-04-15 01:24:08,85
2026-04-15 01:19:04,85
2026-04-05 16:54:35,85
2026-04-05 14:25:31,85
2026-04-10 10:33:25,85
2026-04-07 01:39:41,85
2026-04-04 08:58:11,85
2026-04-16 08:42:17,85
2026-04-16 08:43:18,85
2026-04-16 08:30:07,85
2026-04-15 13:24:21,85
2026-04-08 21:18:11,85
2026-04-08 21:14:08,85
2026-04-08 21:01:58,85
2026-04-15 13:27:24,85
2026-04-04 09:25:33,85
2026-04-08 20:52:50,85
2026-04-15 21:50:29,85
2026-04-15 21:51:30,85
2026-04-15 21:52:31,85
2026-04-09 07:58:04,85
2026-04-15 04:01:14,85
2026-04-15 04:24:33,85
2026-04-05 14:45:47,85
2026-04-13 23:18:57,85
2026-04-13 23:03:07,85
2026-04-10 10:55:45,85
2026-04-06 14:23:36,85
2026-04-10 11:21:08,85
2026-04-10 11:06:55,85
2026-04-10 11:07:56,85
2026-04-10 11:05:54,85
2026-04-05 14:44:46,85
2026-04-11 03:40:54,85
2026-04-11 03:25:41,85
2026-04-11 03:27:43,85
2026-04-11 03:08:27,85
2026-04-11 02:54:14,85
2026-04-08 21:37:27,85
2026-04-15 12:34:36,85
2026-04-03 19:59:04,85
2026-04-11 03:29:45,85
2026-04-11 03:17:34,85
2026-04-11 03:23:39,85
2026-04-11 03:52:04,85
2026-04-12 15:54:14,85
2026-04-15 11:55:02,85
2026-04-15 13:11:09,85
2026-04-15 12:52:52,85
2026-04-03 19:46:55,85
2026-04-03 19:47:55,85
2026-04-03 19:48:56,85
2026-04-15 11:50:58,85
2026-04-15 11:51:59,85
2026-04-13 22:33:31,85
2026-04-06 13:37:59,85
2026-04-05 19:01:18,85
2026-04-09 09:23:19,85
2026-04-15 21:07:55,85
2026-04-15 21:02:51,85
2026-04-05 19:10:25,85
2026-04-05 18:58:15,85
2026-04-06 14:07:23,85
2026-04-05 18:57:14,85
2026-04-13 22:23:23,85
2026-04-13 22:03:06,85
2026-04-06 14:06:22,85
2026-04-06 13:49:09,85
2026-04-11 02:29:53,85
2026-04-11 02:23:48,85
2026-04-11 01:40:11,85
2026-04-11 02:38:00,85
2026-04-09 15:54:04,85
2026-04-09 15:59:09,85
2026-04-12 16:04:22,85
2026-04-12 16:12:28,85
2026-04-11 02:13:40,85
2026-04-09 21:30:31,85
2026-04-09 16:34:40,85
2026-04-09 17:22:22,85
2026-04-09 17:24:23,85
2026-04-15 11:58:04,85
2026-04-08 21:55:42,85
2026-04-08 21:42:31,85
2026-04-08 21:44:32,85
2026-04-08 21:36:26,85
2026-04-11 03:13:31,85
2026-04-11 03:16:33,85
2026-04-08 21:51:38,85
2026-04-09 15:35:48,85
2026-04-06 05:44:04,85
2026-04-06 07:58:09,85
2026-04-15 11:14:27,85
2026-04-09 15:38:51,85
2026-04-09 15:39:51,85
2026-04-07 12:19:52,85
2026-04-09 15:06:23,85
2026-04-09 15:03:20,85
2026-04-09 15:48:59,85
2026-04-07 01:11:18,85
2026-04-06 23:58:20,85
2026-04-08 22:31:12,85
2026-04-08 22:22:04,85
2026-04-08 22:23:05,85
2026-04-09 15:29:43,85
2026-04-09 15:20:35,85
2026-04-08 21:59:45,85
2026-04-07 06:25:40,85
2026-04-07 06:30:44,85
2026-04-06 13:52:11,85
2026-04-06 13:53:12,85
2026-04-10 12:06:48,85
2026-04-08 17:34:17,85
2026-04-10 12:04:47,85
2026-04-15 04:58:01,85
2026-04-06 21:45:30,85
2026-04-06 21:32:19,85
2026-04-06 21:50:34,85
2026-04-06 21:42:27,85
2026-04-05 14:02:12,85
2026-04-06 16:11:12,85
2026-04-15 04:41:48,85
2026-04-05 19:07:23,85
2026-04-05 19:09:25,85
2026-04-07 06:01:20,85
2026-04-06 04:46:12,85
2026-04-16 01:36:37,85
2026-04-16 01:41:41,85
2026-04-11 01:38:09,85
2026-04-11 01:28:00,85
2026-04-09 21:52:50,85
2026-04-16 08:56:30,85
2026-04-16 08:57:31,85
2026-04-06 05:13:36,85
2026-04-06 05:15:38,85
2026-04-09 21:35:35,85
2026-04-12 17:18:27,85
2026-04-09 22:01:58,85
2026-04-09 14:25:46,85
2026-04-09 15:26:40,85
2026-04-09 15:27:41,85
2026-04-06 04:04:36,85
2026-04-11 02:08:35,85
2026-04-07 17:49:28,85
2026-04-11 01:15:50,85
2026-04-12 17:17:26,85
2026-04-05 19:43:53,85
2026-04-13 21:46:59,85
2026-04-13 21:50:01,85
2026-04-10 12:13:55,85
2026-04-05 14:14:22,85
2026-04-05 14:15:23,85
2026-04-07 06:06:24,85
2026-04-15 05:16:16,85
2026-04-05 18:38:59,85
2026-04-15 05:31:29,85
2026-04-05 19:51:59,85
2026-04-03 14:29:45,85
2026-04-03 14:35:50,85
2026-04-07 08:20:19,85
2026-04-07 05:20:45,85
2026-04-06 16:30:28,85
2026-04-06 20:19:22,85
2026-04-06 16:26:25,85
2026-04-05 13:32:49,85
2026-04-16 08:18:19,85
2026-04-06 18:49:13,85
2026-04-06 18:50:14,85
2026-04-16 04:11:46,85
2026-04-16 04:12:47,85
2026-04-12 17:38:43,85
2026-04-15 10:52:07,85
2026-04-07 01:27:31,85
2026-04-16 08:12:14,85
2026-04-16 08:13:15,85
2026-04-16 08:17:18,85
2026-04-16 04:14:48,85
2026-04-16 04:16:50,85
2026-04-16 04:17:51,85
2026-04-16 04:02:38,85
2026-04-11 01:13:48,85
2026-04-16 01:54:52,85
2026-04-16 01:55:53,85
2026-04-16 01:56:54,85
2026-04-16 04:06:42,85
2026-04-16 01:19:22,85
2026-04-16 01:11:16,85
2026-04-07 18:00:38,85
2026-04-06 03:19:58,85
2026-04-16 08:08:10,85
2026-04-16 10:23:46,85
2026-04-16 10:26:49,85
2026-04-07 02:24:17,85
2026-04-07 02:29:22,85
2026-04-06 03:34:10,85
2026-04-09 22:37:28,85
2026-04-12 17:29:36,85
2026-04-12 17:48:52,85
2026-04-12 17:49:52,85
2026-04-16 10:30:52,85
2026-04-16 10:31:53,85
2026-04-16 10:32:54,85
2026-04-16 10:22:45,85
2026-04-13 21:31:47,85
2026-04-13 21:20:37,85
2026-04-06 20:03:09,85
2026-04-03 14:14:32,85
2026-04-03 14:15:33,85
2026-04-09 09:43:36,85
2026-04-15 22:49:17,85
2026-04-03 14:18:36,85
2026-04-13 21:26:42,85
2026-04-05 19:58:04,85
2026-04-15 06:02:55,85
2026-04-09 10:16:05,85
2026-04-09 10:17:06,85
2026-04-09 10:18:07,85
2026-04-15 22:37:07,85
2026-04-15 22:40:10,85
2026-04-05 20:06:11,85
2026-04-05 20:10:14,85
2026-04-10 23:53:37,85
2026-04-08 23:41:11,85
2026-04-13 06:18:50,85
2026-04-13 06:19:51,85
2026-04-10 23:37:22,85
2026-04-06 11:14:02,85
2026-04-06 11:15:03,85
2026-04-06 11:18:06,85
2026-04-07 03:34:15,85
2026-04-11 00:22:02,85
2026-04-11 00:23:03,85
2026-04-11 00:36:15,85
2026-04-07 03:37:17,85
2026-04-07 00:02:23,85
2026-04-07 00:03:24,85
2026-04-16 01:33:34,85
2026-04-16 01:25:28,85
2026-04-11 00:08:50,85
2026-04-12 18:01:02,85
2026-04-12 18:02:03,85
2026-04-12 18:03:04,85
2026-04-05 12:17:52,85
2026-04-05 13:01:25,85
2026-04-05 13:03:27,85
2026-04-15 22:31:02,85
2026-04-15 22:25:58,85
2026-04-13 21:12:31,85
2026-04-13 21:13:32,85
2026-04-13 21:14:32,85
2026-04-05 20:28:28,85
2026-04-05 20:21:23,85
2026-04-15 06:29:17,85
2026-04-15 06:15:05,85
2026-04-07 04:10:45,85
2026-04-13 20:54:16,85
2026-04-09 00:43:03,85
2026-04-03 12:49:22,85
2026-04-13 09:31:29,85
2026-04-06 02:05:55,85
2026-04-06 02:44:28,85
2026-04-09 00:56:14,85
2026-04-09 00:57:15,85
2026-04-09 00:45:05,85
2026-04-09 13:14:42,85
2026-04-15 10:26:44,85
2026-04-06 01:44:37,85
2026-04-15 10:29:46,85
2026-04-07 02:10:06,85
2026-04-13 09:02:04,85
2026-04-15 10:16:35,85
2026-04-15 10:20:38,85
2026-04-15 10:11:30,85
2026-04-15 10:12:31,85
2026-04-06 17:17:07,85
2026-04-13 20:50:13,85
2026-04-05 11:47:28,85
2026-04-06 17:35:21,85
2026-04-06 17:36:22,85
2026-04-05 21:25:13,85
2026-04-05 21:26:14,85
2026-04-06 22:36:11,85
2026-04-13 20:05:37,85
2026-04-05 21:00:54,85
2026-04-05 20:53:48,85
2026-04-05 20:54:49,85
2026-04-15 06:38:25,85
2026-04-03 15:07:18,85
2026-04-03 15:08:19,85
2026-04-05 12:00:39,85
2026-04-05 12:01:39,85
2026-04-13 17:34:58,85
2026-04-05 07:05:59,85
2026-04-13 11:52:32,85
2026-04-13 11:53:33,85
2026-04-09 13:05:33,85
2026-04-06 10:26:21,85
2026-04-16 07:41:47,85
2026-04-16 07:42:48,85
2026-04-16 07:43:49,85
2026-04-16 07:45:50,85
2026-04-13 10:50:38,85
2026-04-06 01:09:08,85
2026-04-06 01:10:09,85
2026-04-15 16:32:23,85
2026-04-13 10:43:31,85
2026-04-13 10:44:32,85
2026-04-13 10:45:33,85
2026-04-13 10:47:35,85
2026-04-13 10:48:36,85
2026-04-13 10:49:37,85
2026-04-09 10:36:23,85
2026-04-09 11:47:25,85
2026-04-09 11:48:26,85
2026-04-03 15:05:17,85
2026-04-03 15:06:17,85
2026-04-16 10:20:43,85
2026-04-16 10:21:44,85
2026-04-16 10:09:33,85
2026-04-05 21:43:27,85
2026-04-15 07:10:53,85
2026-04-15 06:58:42,85
2026-04-15 06:56:40,85
2026-04-16 09:51:17,85
2026-04-16 09:52:18,85
2026-04-16 09:55:20,85
2026-04-07 11:08:53,85
2026-04-16 10:18:41,85
2026-04-06 19:48:58,85
2026-04-06 19:49:59,85
2026-04-15 23:06:32,85
2026-04-15 22:56:23,85
2026-04-15 23:00:26,85
2026-04-06 00:38:44,85
2026-04-06 00:40:46,85
2026-04-07 04:08:43,85
2026-04-03 12:55:27,85
2026-04-06 00:27:35,85
2026-04-10 01:00:39,85
2026-04-15 09:58:18,85
2026-04-09 02:17:23,85
2026-04-07 11:51:28,85
2026-04-07 11:52:29,85
2026-04-07 11:53:29,85
2026-04-07 11:54:30,85
2026-04-07 12:44:13,85
2026-04-16 05:01:28,85
2026-04-09 01:24:38,85
2026-04-09 02:20:25,85
2026-04-13 11:56:36,85
2026-04-09 01:21:36,85
2026-04-09 01:22:37,85
2026-04-09 02:16:22,85
2026-04-09 11:53:30,85
2026-04-16 00:15:29,85
2026-04-07 12:00:35,85
2026-04-16 00:45:54,85
2026-04-09 12:42:13,85
2026-04-09 12:46:16,85
2026-04-06 22:42:16,85
2026-04-09 12:09:44,85
2026-04-09 02:13:20,85
2026-04-09 02:15:21,85
2026-04-09 01:54:03,85
2026-04-09 01:55:04,85
2026-04-15 09:16:40,85
2026-04-09 01:56:05,85
2026-04-13 12:37:12,85
2026-04-03 14:52:05,85
2026-04-03 14:53:06,85
2026-04-03 14:44:58,85
2026-04-06 19:45:56,85
2026-04-16 06:08:26,85
2026-04-16 09:56:21,85
2026-04-15 07:31:11,85
2026-04-07 04:29:01,85
2026-04-07 04:30:01,85
2026-04-15 07:37:16,85
2026-04-03 15:44:48,85
2026-04-06 21:58:40,85
2026-04-06 22:06:47,85
2026-04-06 22:08:49,85
2026-04-15 07:26:07,85
2026-04-07 11:10:55,85
2026-04-05 11:03:55,85
2026-04-05 21:58:39,85
2026-04-13 14:35:09,85
2026-04-16 00:18:31,85
2026-04-03 16:02:02,85
2026-04-03 16:03:03,85
2026-04-15 08:30:01,85
2026-04-15 08:57:24,85
2026-04-13 14:36:10,85
2026-04-15 23:55:12,85
2026-04-07 12:06:41,85
2026-04-15 08:26:58,85
2026-04-05 23:13:37,85
2026-04-16 00:38:49,85
2026-04-16 00:39:49,85
2026-04-16 00:40:50,85
2026-04-07 12:14:47,85
2026-04-15 23:47:05,85
2026-04-15 23:34:55,85
2026-04-15 23:39:59,85
2026-04-07 11:31:12,85
2026-04-07 11:32:13,85
2026-04-06 22:50:23,85
2026-04-15 08:00:36,85
2026-04-05 22:43:14,85
2026-04-15 23:23:46,85
2026-04-15 23:09:34,85
2026-04-15 23:32:53,85
2026-04-09 04:09:43,85
2026-04-07 03:40:20,85
2026-04-05 22:40:11,85
2026-04-03 16:04:04,85
2026-04-15 23:10:35,85
2026-04-07 11:07:52,85
2026-04-03 16:01:01,85
2026-04-16 02:31:23,85
2026-04-16 02:36:27,85
2026-04-07 01:28:32,85
2026-04-15 03:17:38,85
2026-04-16 09:38:05,85
2026-04-16 09:39:06,85
2026-04-16 02:28:20,85
2026-04-05 15:42:34,85
2026-04-15 03:33:51,85
2026-04-15 03:31:50,85
2026-04-15 21:26:10,85
2026-04-05 15:40:32,85
2026-04-11 12:39:46,85
2026-04-11 12:26:36,85
2026-04-04 09:13:23,85
2026-04-04 09:14:24,85
2026-04-15 14:06:59,85
2026-04-15 16:21:14,85
2026-04-11 12:25:35,85
2026-04-11 12:07:20,85
2026-04-11 12:28:38,85
2026-04-11 12:23:33,85
2026-04-04 17:10:43,85
2026-04-15 13:53:47,85
2026-04-15 13:55:49,85
2026-04-07 01:03:11,85
2026-04-15 14:08:00,85
2026-04-15 13:56:50,85
2026-04-15 13:59:52,85
2026-04-11 09:19:13,85
2026-04-03 11:31:17,85
2026-04-16 11:12:30,85
2026-04-16 02:52:41,85
2026-04-11 07:49:51,84
2026-04-11 10:06:56,84
2026-04-16 08:23:23,84
2026-04-09 17:17:17,84
2026-04-07 01:41:42,84
2026-04-03 14:09:28,84
2026-04-04 08:39:56,84
2026-04-16 02:54:42,84
2026-04-11 05:05:11,84
2026-04-07 06:52:02,84
2026-04-08 20:54:52,84
2026-04-08 20:55:53,84
2026-04-08 20:56:54,84
2026-04-08 21:00:57,84
2026-04-16 08:24:24,84
2026-04-15 13:29:26,84
2026-04-16 08:29:07,84
2026-04-16 08:20:21,84
2026-04-06 13:28:52,84
2026-04-15 22:09:45,84
2026-04-07 05:52:12,84
2026-04-04 09:15:25,84
2026-04-04 08:43:59,84
2026-04-04 09:26:34,84
2026-04-04 09:30:37,84
2026-04-04 09:09:20,84
2026-04-05 18:01:29,84
2026-04-05 17:59:28,84
2026-04-05 17:11:49,84
2026-04-15 04:25:34,84
2026-04-15 04:16:26,84
2026-04-15 03:59:12,84
2026-04-07 06:32:46,84
2026-04-07 06:43:55,84
2026-04-15 23:56:13,84
2026-04-15 23:45:03,84
2026-04-03 16:33:27,84
2026-04-16 00:00:16,84
2026-04-07 10:35:25,84
2026-04-07 10:43:33,84
2026-04-07 10:44:33,84
2026-04-07 11:33:13,84
2026-04-07 11:57:33,84
2026-04-15 08:27:59,84
2026-04-15 08:29:00,84
2026-04-05 23:20:42,84
2026-04-15 08:45:14,84
2026-04-15 08:31:02,84
2026-04-15 08:58:25,84
2026-04-13 14:50:24,84
2026-04-09 11:33:14,84
2026-04-15 23:49:07,84
2026-04-07 11:30:11,84
2026-04-16 01:01:07,84
2026-04-16 01:03:09,84
2026-04-16 00:47:56,84
2026-04-05 09:18:35,84
2026-04-07 12:15:48,84
2026-04-15 23:20:44,84
2026-04-15 23:25:48,84
2026-04-05 22:44:14,84
2026-04-05 22:42:13,84
2026-04-06 11:35:20,84
2026-04-06 11:36:21,84
2026-04-06 23:43:07,84
2026-04-15 08:10:45,84
2026-04-16 00:30:42,84
2026-04-07 11:59:34,84
2026-04-16 00:33:44,84
2026-04-09 02:21:26,84
2026-04-09 02:22:27,84
2026-04-13 11:54:34,84
2026-04-06 01:07:07,84
2026-04-15 09:52:12,84
2026-04-09 02:14:20,84
2026-04-10 19:14:09,84
2026-04-09 12:37:08,84
2026-04-15 09:25:48,84
2026-04-09 11:56:33,84
2026-04-09 12:45:15,84
2026-04-09 12:07:43,84
2026-04-09 11:54:31,84
2026-04-03 14:50:03,84
2026-04-03 14:43:57,84
2026-04-13 12:33:08,84
2026-04-10 19:24:18,84
2026-04-09 01:58:07,84
2026-04-16 00:57:04,84
2026-04-16 00:59:05,84
2026-04-13 12:32:08,84
2026-04-06 22:12:52,84
2026-04-05 22:09:48,84
2026-04-15 07:38:17,84
2026-04-15 07:25:06,84
2026-04-15 07:28:08,84
2026-04-15 07:30:10,84
2026-04-07 03:38:18,84
2026-04-05 11:02:54,84
2026-04-05 07:04:58,84
2026-04-13 11:51:31,84
2026-04-13 11:57:36,84
2026-04-13 11:58:37,84
2026-04-13 11:59:38,84
2026-04-09 02:18:24,84
2026-04-03 15:09:20,84
2026-04-03 15:04:16,84
2026-04-09 11:50:28,84
2026-04-13 09:46:42,84
2026-04-13 10:42:31,84
2026-04-13 10:41:30,84
2026-04-06 00:57:59,84
2026-04-15 16:25:17,84
2026-04-06 23:22:50,84
2026-04-06 11:40:24,84
2026-04-16 10:11:35,84
2026-04-16 10:12:36,84
2026-04-16 09:53:19,84
2026-04-16 09:54:20,84
2026-04-16 10:14:38,84
2026-04-16 10:10:34,84
2026-04-09 11:38:18,84
2026-04-09 11:46:25,84
2026-04-15 09:56:16,84
2026-04-15 09:26:49,84
2026-04-07 03:54:31,84
2026-04-06 00:39:45,84
2026-04-15 09:57:17,84
2026-04-03 13:03:34,84
2026-04-03 12:56:28,84
2026-04-15 23:07:32,84
2026-04-10 21:23:13,84
2026-04-13 09:28:27,84
2026-04-06 17:18:07,84
2026-04-06 17:47:30,84
2026-04-05 21:14:04,84
2026-04-15 06:00:53,84
2026-04-09 10:15:04,84
2026-04-15 06:14:04,84
2026-04-09 23:46:30,84
2026-04-15 10:31:48,84
2026-04-13 09:05:07,84
2026-04-03 12:42:16,84
2026-04-16 04:22:55,84
2026-04-13 09:30:28,84
2026-04-13 09:32:30,84
2026-04-13 09:33:31,84
2026-04-15 17:03:51,84
2026-04-13 20:08:39,84
2026-04-05 11:54:34,84
2026-04-06 17:37:23,84
2026-04-13 07:22:42,84
2026-04-13 08:54:58,84
2026-04-15 10:08:27,84
2026-04-15 10:27:45,84
2026-04-05 12:02:40,84
2026-04-13 20:01:34,84
2026-04-13 20:06:38,84
2026-04-05 11:18:06,84
2026-04-06 22:21:59,84
2026-04-06 22:24:01,84
2026-04-06 22:28:05,84
2026-04-15 17:09:56,84
2026-04-15 22:42:11,84
2026-04-15 22:44:13,84
2026-04-05 19:56:02,84
2026-04-15 17:18:03,84
2026-04-15 05:45:40,84
2026-04-06 12:29:03,84
2026-04-09 09:44:37,84
2026-04-09 09:45:38,84
2026-04-06 11:16:04,84
2026-04-06 11:17:05,84
2026-04-09 22:35:27,84
2026-04-07 00:18:36,84
2026-04-09 00:26:50,84
2026-04-13 05:03:53,84
2026-04-13 06:17:50,84
2026-04-15 22:41:11,84
2026-04-13 20:52:15,84
2026-04-15 22:33:04,84
2026-04-15 22:22:55,84
2026-04-15 22:51:19,84
2026-04-16 01:21:24,84
2026-04-12 18:04:05,84
2026-04-07 03:24:07,84
2026-04-07 00:01:22,84
2026-04-05 20:26:27,84
2026-04-05 20:27:27,84
2026-04-07 05:43:04,84
2026-04-07 05:44:05,84
2026-04-07 05:45:06,84
2026-04-07 05:46:07,84
2026-04-07 05:47:08,84
2026-04-13 21:11:30,84
2026-04-16 04:05:41,84
2026-04-15 11:00:14,84
2026-04-15 10:50:05,84
2026-04-07 01:23:28,84
2026-04-16 08:16:17,84
2026-04-16 08:19:20,84
2026-04-12 17:47:51,84
2026-04-06 16:38:35,84
2026-04-16 01:10:15,84
2026-04-09 00:29:52,84
2026-04-07 18:01:39,84
2026-04-16 01:57:55,84
2026-04-16 04:07:42,84
2026-04-16 04:01:37,84
2026-04-16 04:13:47,84
2026-04-16 04:04:40,84
2026-04-06 09:56:55,84
2026-04-06 10:41:34,84
2026-04-07 02:49:39,84
2026-04-06 10:12:09,84
2026-04-06 10:13:10,84
2026-04-09 13:50:14,84
2026-04-15 10:41:57,84
2026-04-07 03:00:47,84
2026-04-05 12:59:23,84
2026-04-13 21:33:48,84
2026-04-13 21:16:34,84
2026-04-13 21:19:36,84
2026-04-06 20:15:19,84
2026-04-06 18:46:10,84
2026-04-07 02:26:19,84
2026-04-06 03:35:11,84
2026-04-15 04:48:54,84
2026-04-05 19:16:30,84
2026-04-15 05:00:03,84
2026-04-07 06:08:26,84
2026-04-10 11:34:20,84
2026-04-10 12:16:58,84
2026-04-06 20:00:07,84
2026-04-10 11:48:32,84
2026-04-09 15:23:38,84
2026-04-09 15:25:39,84
2026-04-06 04:16:46,84
2026-04-09 21:50:48,84
2026-04-06 04:19:48,84
2026-04-07 02:22:16,84
2026-04-11 01:31:03,84
2026-04-06 15:10:17,84
2026-04-05 19:41:51,84
2026-04-05 19:46:55,84
2026-04-05 19:45:54,84
2026-04-07 07:33:37,84
2026-04-07 18:03:41,84
2026-04-07 17:53:32,84
2026-04-11 02:00:28,84
2026-04-07 17:48:27,84
2026-04-03 14:20:37,84
2026-04-03 14:21:38,84
2026-04-03 14:38:53,84
2026-04-03 14:39:54,84
2026-04-07 07:34:38,84
2026-04-03 14:37:52,84
2026-04-07 05:19:44,84
2026-04-05 19:40:50,84
2026-04-09 17:05:06,84
2026-04-12 16:13:29,84
2026-04-11 02:14:40,84
2026-04-11 02:16:42,84
2026-04-11 02:17:43,84
2026-04-11 02:19:45,84
2026-04-13 22:06:09,84
2026-04-10 12:00:43,84
2026-04-09 15:28:42,84
2026-04-06 08:57:02,84
2026-04-06 05:45:04,84
2026-04-08 21:54:41,84
2026-04-08 21:52:39,84
2026-04-15 11:30:40,84
2026-04-15 11:45:54,84
2026-04-09 15:57:07,84
2026-04-08 21:56:42,84
2026-04-08 21:57:43,84
2026-04-08 21:58:44,84
2026-04-08 22:01:47,84
2026-04-08 22:24:06,84
2026-04-08 22:07:52,84
2026-04-08 22:08:53,84
2026-04-09 16:03:12,84
2026-04-07 06:20:36,84
2026-04-07 06:24:39,84
2026-04-07 06:26:41,84
2026-04-07 06:27:42,84
2026-04-07 06:31:45,84
2026-04-11 02:40:02,84
2026-04-11 02:41:03,84
2026-04-08 22:25:07,84
2026-04-12 15:55:15,84
2026-04-11 03:38:52,84
2026-04-06 19:04:24,84
2026-04-10 11:20:07,84
2026-04-10 11:00:50,84
2026-04-10 11:16:04,84
2026-04-10 10:44:35,84
2026-04-05 14:42:44,84
2026-04-15 11:59:05,84
2026-04-15 12:00:06,84
2026-04-15 12:01:07,84
2026-04-15 11:56:03,84
2026-04-15 12:20:24,84
2026-04-15 12:35:37,84
2026-04-15 12:27:30,84
2026-04-15 12:48:49,84
2026-04-15 20:57:47,84
2026-04-15 21:04:53,84
2026-04-06 12:48:19,84
2026-04-09 09:22:18,84
2026-04-13 22:18:19,84
2026-04-13 22:20:21,84
2026-04-13 22:22:22,84
2026-04-06 13:36:58,84
2026-04-06 13:02:31,84
2026-04-06 14:24:37,84
2026-04-06 14:17:32,84
2026-04-06 14:20:34,84
2026-04-06 14:08:24,84
2026-04-05 18:36:58,84
2026-04-05 18:25:49,84
2026-04-15 20:54:45,84
2026-04-07 18:52:19,84
2026-04-07 19:13:36,84
2026-04-07 21:30:31,84
2026-04-07 18:50:18,84
2026-04-03 11:26:13,84
2026-04-07 18:57:23,84
2026-04-07 18:58:24,84
2026-04-16 02:53:42,84
2026-04-05 15:12:08,84
2026-04-06 20:05:11,84
2026-04-15 14:18:09,84
2026-04-15 14:19:10,84
2026-04-11 09:48:40,84
2026-04-07 19:14:37,84
2026-04-08 10:30:24,84
2026-04-15 15:30:26,84
2026-04-05 16:33:16,84
2026-04-05 16:37:20,84
2026-04-05 17:32:06,84
2026-04-06 12:50:21,84
2026-04-06 12:54:24,84
2026-04-06 12:32:06,84
2026-04-06 12:59:28,84
2026-04-06 13:00:29,84
2026-04-06 13:39:00,84
2026-04-05 14:24:30,84
2026-04-07 07:18:24,84
2026-04-07 07:20:26,84
2026-04-07 07:03:11,84
2026-04-14 23:48:51,84
2026-04-05 14:23:29,84
2026-04-05 16:53:34,84
2026-04-16 02:30:22,84
2026-04-16 11:05:24,84
2026-04-16 11:10:28,84
2026-04-16 02:55:43,84
2026-04-07 01:29:32,84
2026-04-05 09:04:25,84
2026-04-15 23:11:36,84
2026-04-15 23:19:43,84
2026-04-05 15:48:39,84
2026-04-15 03:28:47,84
2026-04-15 03:29:48,84
2026-04-15 03:30:49,84
2026-04-16 02:22:15,84
2026-04-11 10:02:52,84
2026-04-11 10:05:55,84
2026-04-07 18:51:18,84
2026-04-04 09:12:22,84
2026-04-15 21:23:08,84
2026-04-06 12:34:07,84
2026-04-06 12:36:09,84
2026-04-15 21:39:20,84
2026-04-15 21:27:11,84
2026-04-05 15:38:30,84
2026-04-15 03:18:39,84
2026-04-16 11:11:29,84
2026-04-16 11:04:23,84
2026-04-08 11:14:59,84
2026-04-15 14:05:58,84
2026-04-15 16:20:13,84
2026-04-04 10:28:25,84
2026-04-04 09:54:57,84
2026-04-04 09:10:21,84
2026-04-03 13:29:56,83
2026-04-07 01:05:13,83
2026-04-16 11:07:25,83
2026-04-16 11:06:25,83
2026-04-15 14:45:35,83
2026-04-16 02:46:36,83
2026-04-16 02:43:33,83
2026-04-16 02:42:32,83
2026-04-16 02:41:31,83
2026-04-16 11:08:26,83
2026-04-15 13:49:44,83
2026-04-16 02:20:14,83
2026-04-07 02:08:04,83
2026-04-06 18:41:07,83
2026-04-07 00:04:25,83
2026-04-16 04:35:05,83
2026-04-13 06:14:47,83
2026-04-16 01:35:36,83
2026-04-16 01:20:23,83
2026-04-13 05:02:52,83
2026-04-13 05:04:53,83
2026-04-09 00:28:51,83
2026-04-06 03:32:08,83
2026-04-07 02:57:45,83
2026-04-07 02:58:46,83
2026-04-16 01:29:31,83
2026-04-05 16:27:11,83
2026-04-15 02:18:52,83
2026-04-06 13:21:46,83
2026-04-06 13:09:37,83
2026-04-05 14:53:54,83
2026-04-05 16:06:54,83
2026-04-05 16:26:11,83
2026-04-06 12:30:04,83
2026-04-06 13:01:30,83
2026-04-16 02:21:14,83
2026-04-11 10:04:54,83
2026-04-05 17:17:54,83
2026-04-12 17:42:47,83
2026-04-12 17:43:48,83
2026-04-09 14:50:08,83
2026-04-06 09:27:29,83
2026-04-09 22:36:28,83
2026-04-16 10:35:56,83
2026-04-16 10:36:57,83
2026-04-12 17:40:45,83
2026-04-12 17:41:46,83
2026-04-13 07:23:43,83
2026-04-13 07:49:04,83
2026-04-13 07:50:05,83
2026-04-10 23:38:23,83
2026-04-13 07:17:38,83
2026-04-11 12:21:32,83
2026-04-11 12:15:27,83
2026-04-04 17:11:44,83
2026-04-16 02:23:16,83
2026-04-16 02:24:17,83
2026-04-11 12:19:30,83
2026-04-15 01:18:03,83
2026-04-11 12:03:17,83
2026-04-11 12:06:19,83
2026-04-07 06:44:56,83
2026-04-15 22:19:53,83
2026-04-15 22:10:46,83
2026-04-15 22:01:38,83
2026-04-10 10:26:18,83
2026-04-13 08:57:00,83
2026-04-13 08:58:01,83
2026-04-09 22:46:36,83
2026-04-09 23:17:03,83
2026-04-06 01:59:50,83
2026-04-06 02:14:02,83
2026-04-13 06:59:23,83
2026-04-13 09:01:04,83
2026-04-15 10:21:39,83
2026-04-15 10:23:41,83
2026-04-12 17:46:50,83
2026-04-12 17:39:44,83
2026-04-16 04:23:56,83
2026-04-16 04:24:57,83
2026-04-13 07:52:06,83
2026-04-15 10:24:42,83
2026-04-16 04:10:45,83
2026-04-16 08:28:06,83
2026-04-07 00:31:46,83
2026-04-12 17:44:48,83
2026-04-14 23:33:38,83
2026-04-13 23:20:59,83
2026-04-13 23:23:02,83
2026-04-13 23:16:54,83
2026-04-05 18:56:14,83
2026-04-05 18:24:48,83
2026-04-05 17:08:46,83
2026-04-05 18:10:37,83
2026-04-05 18:12:38,83
2026-04-05 18:13:39,83
2026-04-05 18:16:42,83
2026-04-15 04:23:32,83
2026-04-05 17:57:26,83
2026-04-05 17:47:18,83
2026-04-15 04:18:28,83
2026-04-15 04:00:13,83
2026-04-15 04:03:16,83
2026-04-11 12:29:38,83
2026-04-04 11:27:14,83
2026-04-04 11:28:15,83
2026-04-16 04:03:39,83
2026-04-07 01:24:28,83
2026-04-07 01:25:29,83
2026-04-15 10:54:08,83
2026-04-15 10:55:09,83
2026-04-13 09:50:46,83
2026-04-13 09:51:47,83
2026-04-15 10:58:12,83
2026-04-13 09:29:28,83
2026-04-13 09:47:43,83
2026-04-13 09:48:44,83
2026-04-13 09:49:45,83
2026-04-13 08:55:59,83
2026-04-03 12:53:25,83
2026-04-03 12:54:26,83
2026-04-13 09:42:39,83
2026-04-04 09:53:56,83
2026-04-04 10:39:35,83
2026-04-04 09:58:00,83
2026-04-04 10:23:21,83
2026-04-04 10:27:25,83
2026-04-09 09:20:16,83
2026-04-09 09:21:17,83
2026-04-15 21:11:59,83
2026-04-05 14:38:41,83
2026-04-06 14:18:32,83
2026-04-15 20:56:46,83
2026-04-10 11:03:53,83
2026-04-06 04:30:58,83
2026-04-16 04:08:43,83
2026-04-09 21:33:34,83
2026-04-06 03:58:31,83
2026-04-16 01:58:56,83
2026-04-16 01:42:42,83
2026-04-11 01:22:56,83
2026-04-11 01:10:46,83
2026-04-12 17:16:25,83
2026-04-11 01:57:26,83
2026-04-13 10:01:56,83
2026-04-13 10:02:57,83
2026-04-13 10:03:57,83
2026-04-13 10:04:58,83
2026-04-15 04:33:41,83
2026-04-07 07:47:49,83
2026-04-08 05:12:33,83
2026-04-08 05:13:34,83
2026-04-06 13:50:09,83
2026-04-10 11:59:42,83
2026-04-07 07:21:27,83
2026-04-07 07:22:27,83
2026-04-07 06:21:37,83
2026-04-10 12:03:46,83
2026-04-08 20:51:50,83
2026-04-08 20:57:54,83
2026-04-04 08:42:58,83
2026-04-10 11:49:33,83
2026-04-10 11:44:29,83
2026-04-13 09:56:51,83
2026-04-13 09:57:52,83
2026-04-07 00:15:33,83
2026-04-15 16:48:38,83
2026-04-15 16:52:41,83
2026-04-05 06:50:48,83
2026-04-15 16:47:37,83
2026-04-15 16:24:17,83
2026-04-06 23:39:04,83
2026-04-06 23:42:06,83
2026-04-07 00:13:32,83
2026-04-13 11:12:57,83
2026-04-15 16:44:34,83
2026-04-16 08:21:22,83
2026-04-03 14:10:29,83
2026-04-04 08:27:46,83
2026-04-16 08:22:23,83
2026-04-16 08:25:25,83
2026-04-15 13:41:36,83
2026-04-15 13:39:35,83
2026-04-06 22:11:51,83
2026-04-06 21:54:37,83
2026-04-06 21:55:38,83
2026-04-06 21:46:31,83
2026-04-06 21:03:57,83
2026-04-06 21:29:17,83
2026-04-06 21:30:18,83
2026-04-15 04:57:00,83
2026-04-15 04:59:02,83
2026-04-10 19:25:19,83
2026-04-09 02:23:28,83
2026-04-13 11:55:35,83
2026-04-06 00:56:59,83
2026-04-06 01:04:04,83
2026-04-13 11:32:14,83
2026-04-13 11:33:15,83
2026-04-13 11:34:16,83
2026-04-13 11:44:25,83
2026-04-13 11:13:58,83
2026-04-13 11:14:59,83
2026-04-13 11:16:00,83
2026-04-13 11:17:01,83
2026-04-13 11:18:02,83
2026-04-13 11:45:26,83
2026-04-07 17:50:29,83
2026-04-07 17:51:30,83
2026-04-07 17:52:31,83
2026-04-07 17:43:22,83
2026-04-06 20:20:23,83
2026-04-03 14:11:30,83
2026-04-13 21:21:38,83
2026-04-13 21:23:40,83
2026-04-15 05:28:26,83
2026-04-05 14:13:21,83
2026-04-05 14:01:11,83
2026-04-05 19:36:47,83
2026-04-05 19:39:49,83
2026-04-04 08:57:10,83
2026-04-05 19:42:52,83
2026-04-05 19:31:43,83
2026-04-07 06:18:34,83
2026-04-15 05:32:30,83
2026-04-09 15:33:46,83
2026-04-06 05:29:50,83
2026-04-06 08:13:23,83
2026-04-07 01:09:16,83
2026-04-07 12:18:51,83
2026-04-07 01:10:17,83
2026-04-06 23:59:20,83
2026-04-15 11:10:23,83
2026-04-15 11:13:26,83
2026-04-13 12:34:09,83
2026-04-07 03:08:54,83
2026-04-09 02:00:08,83
2026-04-09 01:57:06,83
2026-04-06 22:41:15,83
2026-04-07 03:53:31,83
2026-04-07 02:34:26,83
2026-04-09 02:24:29,83
2026-04-16 01:00:06,83
2026-04-04 02:30:06,83
2026-04-15 22:34:05,83
2026-04-04 08:28:47,83
2026-04-04 02:27:04,83
2026-04-03 14:36:51,83
2026-04-03 14:41:56,83
2026-04-03 14:42:56,83
2026-04-03 14:28:44,83
2026-04-06 16:28:26,83
2026-04-06 16:29:27,83
2026-04-05 13:16:37,83
2026-04-10 12:56:35,83
2026-04-07 08:18:17,83
2026-04-16 00:46:55,83
2026-04-16 00:32:43,83
2026-04-16 00:28:40,83
2026-04-06 00:24:32,83
2026-04-06 23:50:13,83
2026-04-15 09:11:36,83
2026-04-16 00:14:28,83
2026-04-06 11:30:16,83
2026-04-09 12:06:42,83
2026-04-09 12:43:14,83
2026-04-03 13:02:33,83
2026-04-16 00:44:54,83
2026-04-15 08:55:22,83
2026-04-05 09:19:36,83
2026-04-09 12:36:08,83
2026-04-09 12:38:09,83
2026-04-06 19:19:36,83
2026-04-06 19:20:37,83
2026-04-15 09:13:38,83
2026-04-15 09:02:28,83
2026-04-11 04:05:16,83
2026-04-03 19:44:53,83
2026-04-03 19:49:57,83
2026-04-09 09:53:45,83
2026-04-06 12:28:02,83
2026-04-05 02:36:48,83
2026-04-05 19:57:03,83
2026-04-15 22:30:01,83
2026-04-15 17:23:08,83
2026-04-05 12:45:12,83
2026-04-05 12:48:15,83
2026-04-05 12:16:51,83
2026-04-15 05:47:42,83
2026-04-11 02:18:44,83
2026-04-11 01:53:22,83
2026-04-11 01:54:23,83
2026-04-11 01:41:12,83
2026-04-11 02:42:04,83
2026-04-12 16:18:33,83
2026-04-11 02:24:49,83
2026-04-05 23:41:59,83
2026-04-15 08:46:15,83
2026-04-12 16:17:32,83
2026-04-05 23:12:36,83
2026-04-05 23:14:38,83
2026-04-05 22:59:26,83
2026-04-15 08:06:41,83
2026-04-13 21:06:26,83
2026-04-07 03:39:19,83
2026-04-15 06:26:15,83
2026-04-15 06:27:15,83
2026-04-05 20:50:46,83
2026-04-15 06:28:16,83
2026-04-15 06:07:59,83
2026-04-15 06:10:01,83
2026-04-15 06:12:02,83
2026-04-15 12:25:28,83
2026-04-06 17:21:10,83
2026-04-06 17:12:03,83
2026-04-06 17:41:26,83
2026-04-15 12:19:23,83
2026-04-15 12:21:24,83
2026-04-15 12:46:47,83
2026-04-15 12:24:27,83
2026-04-15 23:22:45,83
2026-04-15 08:09:44,83
2026-04-07 12:16:49,83
2026-04-03 16:08:07,83
2026-04-03 15:59:00,83
2026-04-03 15:55:57,83
2026-04-03 16:30:25,83
2026-04-03 16:31:26,83
2026-04-03 16:32:27,83
2026-04-07 10:34:25,83
2026-04-07 10:36:26,83
2026-04-16 00:16:30,83
2026-04-16 00:02:18,83
2026-04-16 00:03:19,83
2026-04-03 20:00:05,83
2026-04-03 20:02:06,83
2026-04-06 22:38:13,83
2026-04-05 11:45:27,83
2026-04-13 20:07:39,83
2026-04-13 19:59:32,83
2026-04-03 19:55:01,83
2026-04-05 21:21:10,83
2026-04-05 20:57:51,83
2026-04-15 17:05:52,83
2026-04-15 17:06:53,83
2026-04-06 22:43:17,83
2026-04-15 06:37:24,83
2026-04-13 20:00:33,83
2026-04-05 21:27:14,83
2026-04-05 22:29:03,83
2026-04-06 11:32:17,83
2026-04-06 11:33:18,83
2026-04-06 22:53:25,83
2026-04-06 23:44:08,83
2026-04-15 23:41:00,83
2026-04-06 23:45:09,83
2026-04-06 23:46:10,83
2026-04-05 22:41:12,83
2026-04-05 22:28:02,83
2026-04-09 15:55:05,83
2026-04-05 23:27:48,83
2026-04-05 23:29:50,83
2026-04-07 04:36:07,83
2026-04-09 16:19:27,83
2026-04-15 11:49:57,83
2026-04-09 21:25:27,83
2026-04-09 21:26:28,83
2026-04-09 21:19:22,83
2026-04-03 14:54:07,83
2026-04-03 14:57:09,83
2026-04-09 10:22:10,83
2026-04-09 11:45:24,83
2026-04-05 11:57:36,83
2026-04-05 21:40:24,83
2026-04-09 11:52:30,83
2026-04-09 11:37:17,83
2026-04-06 19:05:25,83
2026-04-11 03:05:24,83
2026-04-11 03:07:26,83
2026-04-11 02:55:15,83
2026-04-03 20:03:07,83
2026-04-11 02:57:17,83
2026-04-11 02:59:19,83
2026-04-11 03:44:58,83
2026-04-11 03:34:49,83
2026-04-08 21:34:24,83
2026-04-09 21:15:19,83
2026-04-15 11:39:48,83
2026-04-15 11:40:49,83
2026-04-15 11:28:39,83
2026-04-09 16:49:53,83
2026-04-05 11:01:53,83
2026-04-11 03:14:32,83
2026-04-08 21:53:40,83
2026-04-08 21:33:23,83
2026-04-15 07:47:25,83
2026-04-15 07:39:18,83
2026-04-05 22:10:48,83
2026-04-05 22:11:49,83
2026-04-05 22:12:50,83
2026-04-05 09:33:47,83
2026-04-05 22:05:44,83
2026-04-05 22:08:47,83
2026-04-05 21:23:11,83
2026-04-05 21:24:12,83
2026-04-03 15:00:12,83
2026-04-03 15:01:13,83
2026-04-05 10:45:41,83
2026-04-05 10:46:41,83
2026-04-05 10:49:44,83
2026-04-05 11:33:17,83
2026-04-15 23:01:27,83
2026-04-05 10:33:31,83
2026-04-06 17:48:31,83
2026-04-06 17:49:32,83
2026-04-06 19:51:00,83
2026-04-05 11:58:37,83
2026-04-06 19:40:52,83
2026-04-05 10:32:31,83
2026-04-16 02:25:18,83
2026-04-16 02:17:11,83
2026-04-16 02:18:12,83
2026-04-16 02:19:13,83
2026-04-07 21:55:47,83
2026-04-16 02:51:40,83
2026-04-08 20:50:49,83
2026-04-12 18:05:06,83
2026-04-07 19:16:39,83
2026-04-07 19:09:33,83
2026-04-16 11:13:31,83
2026-04-11 10:07:57,83
2026-04-06 23:56:18,83
2026-04-07 02:33:25,83
2026-04-07 00:19:37,83
2026-04-07 00:09:29,83
2026-04-07 00:11:30,83
2026-04-15 21:36:18,83
2026-04-15 03:48:03,83
2026-04-15 21:21:06,83
2026-04-05 15:39:31,83
2026-04-16 03:22:05,83
2026-04-09 17:20:20,83
2026-04-15 16:22:15,83
2026-04-15 21:28:12,83
2026-04-08 11:16:00,83
2026-04-08 11:17:01,83
2026-04-08 11:18:02,83
2026-04-08 11:19:02,83
2026-04-07 00:58:07,83
2026-04-03 13:25:52,82
2026-04-03 14:08:27,82
2026-04-03 13:36:01,82
2026-04-08 11:01:48,82
2026-04-16 03:23:06,82
2026-04-16 03:24:07,82
2026-04-03 13:35:00,82
2026-04-15 21:31:14,82
2026-04-15 21:17:03,82
2026-04-15 21:19:04,82
2026-04-06 12:35:08,82
2026-04-05 16:23:08,82
2026-04-15 21:41:22,82
2026-04-15 21:32:15,82
2026-04-15 21:35:17,82
2026-04-15 21:38:20,82
2026-04-15 03:16:37,82
2026-04-15 03:14:36,82
2026-04-15 03:15:36,82
2026-04-15 03:02:26,82
2026-04-07 03:21:04,82
2026-04-07 00:08:28,82
2026-04-06 10:27:22,82
2026-04-07 19:15:38,82
2026-04-07 19:07:31,82
2026-04-03 10:46:41,82
2026-04-07 21:54:47,82
2026-04-06 20:06:12,82
2026-04-05 16:25:10,82
2026-04-15 02:03:40,82
2026-04-06 13:22:47,82
2026-04-15 21:40:21,82
2026-04-07 06:42:54,82
2026-04-09 00:27:50,82
2026-04-07 02:55:43,82
2026-04-05 14:57:57,82
2026-04-06 20:59:54,82
2026-04-06 21:00:55,82
2026-04-06 12:39:12,82
2026-04-06 12:43:15,82
2026-04-05 15:11:08,82
2026-04-05 17:51:22,82
2026-04-05 16:03:52,82
2026-04-06 09:57:56,82
2026-04-09 14:49:07,82
2026-04-11 10:03:53,82
2026-04-07 06:38:51,82
2026-04-15 03:47:02,82
2026-04-06 12:45:17,82
2026-04-05 17:20:56,82
2026-04-05 14:55:55,82
2026-04-13 07:47:02,82
2026-04-13 07:48:03,82
2026-04-13 07:27:46,82
2026-04-13 07:28:47,82
2026-04-13 07:29:48,82
2026-04-06 09:42:42,82
2026-04-07 03:01:48,82
2026-04-07 00:46:58,82
2026-04-15 11:42:51,82
2026-04-09 15:58:08,82
2026-04-09 16:48:52,82
2026-04-15 23:29:51,82
2026-04-05 22:38:10,82
2026-04-05 22:39:10,82
2026-04-15 07:59:35,82
2026-04-09 11:35:16,82
2026-04-03 15:14:24,82
2026-04-03 15:02:14,82
2026-04-03 14:56:09,82
2026-04-05 11:04:56,82
2026-04-09 21:21:24,82
2026-04-09 21:22:25,82
2026-04-11 03:09:27,82
2026-04-11 03:10:28,82
2026-04-08 21:27:19,82
2026-04-11 02:56:16,82
2026-04-15 07:06:49,82
2026-04-15 07:09:52,82
2026-04-15 06:54:39,82
2026-04-05 21:41:25,82
2026-04-05 21:42:26,82
2026-04-09 11:42:21,82
2026-04-15 11:29:40,82
2026-04-11 03:15:33,82
2026-04-08 20:58:55,82
2026-04-09 21:23:26,82
2026-04-09 21:10:15,82
2026-04-11 03:00:20,82
2026-04-11 03:37:52,82
2026-04-11 03:26:42,82
2026-04-03 16:37:31,82
2026-04-03 16:38:31,82
2026-04-05 09:03:24,82
2026-04-03 15:57:59,82
2026-04-03 16:34:28,82
2026-04-15 23:30:52,82
2026-04-15 23:21:44,82
2026-04-03 16:18:15,82
2026-04-11 03:24:40,82
2026-04-03 20:01:06,82
2026-04-07 11:01:47,82
2026-04-07 11:05:50,82
2026-04-15 23:59:15,82
2026-04-15 23:57:14,82
2026-04-15 23:42:01,82
2026-04-03 16:35:29,82
2026-04-15 17:04:52,82
2026-04-05 11:46:28,82
2026-04-05 12:33:03,82
2026-04-03 20:06:10,82
2026-04-03 19:56:02,82
2026-04-03 19:57:02,82
2026-04-11 03:19:36,82
2026-04-11 03:22:39,82
2026-04-06 11:31:16,82
2026-04-05 21:50:32,82
2026-04-15 06:23:12,82
2026-04-05 11:15:03,82
2026-04-05 12:03:41,82
2026-04-06 22:26:03,82
2026-04-05 21:09:00,82
2026-04-15 17:19:04,82
2026-04-03 17:20:04,82
2026-04-05 08:34:02,82
2026-04-05 23:53:08,82
2026-04-05 23:54:09,82
2026-04-03 19:03:22,82
2026-04-03 19:04:22,82
2026-04-03 19:05:23,82
2026-04-12 16:14:30,82
2026-04-05 20:22:23,82
2026-04-13 21:08:28,82
2026-04-07 04:50:19,82
2026-04-15 08:25:57,82
2026-04-05 23:56:11,82
2026-04-05 23:55:10,82
2026-04-05 23:40:58,82
2026-04-15 08:44:13,82
2026-04-06 17:15:05,82
2026-04-05 20:24:25,82
2026-04-05 21:15:05,82
2026-04-09 09:52:44,82
2026-04-06 17:42:26,82
2026-04-06 17:43:27,82
2026-04-06 17:44:28,82
2026-04-06 17:45:29,82
2026-04-03 16:19:16,82
2026-04-15 08:07:42,82
2026-04-15 08:08:43,82
2026-04-07 11:58:34,82
2026-04-15 12:26:29,82
2026-04-09 20:29:43,82
2026-04-03 19:58:03,82
2026-04-15 13:15:13,82
2026-04-11 02:35:59,82
2026-04-06 19:01:22,82
2026-04-08 22:30:11,82
2026-04-06 19:30:44,82
2026-04-15 09:06:32,82
2026-04-15 09:07:33,82
2026-04-09 12:44:15,82
2026-04-15 09:10:35,82
2026-04-06 12:26:00,82
2026-04-05 02:37:49,82
2026-04-11 04:06:17,82
2026-04-09 20:30:43,82
2026-04-15 11:57:04,82
2026-04-03 19:43:52,82
2026-04-03 19:45:54,82
2026-04-03 19:50:58,82
2026-04-05 12:18:52,82
2026-04-05 20:08:12,82
2026-04-15 22:32:03,82
2026-04-15 05:57:50,82
2026-04-05 12:44:12,82
2026-04-05 12:46:13,82
2026-04-09 09:54:46,82
2026-04-09 09:46:39,82
2026-04-12 16:03:21,82
2026-04-11 02:27:52,82
2026-04-11 02:15:41,82
2026-04-03 19:18:33,82
2026-04-11 01:55:24,82
2026-04-15 22:26:59,82
2026-04-05 12:14:49,82
2026-04-05 12:15:50,82
2026-04-06 00:37:43,82
2026-04-15 09:51:11,82
2026-04-07 03:09:55,82
2026-04-03 17:06:53,82
2026-04-10 19:09:04,82
2026-04-09 01:59:08,82
2026-04-07 00:00:21,82
2026-04-09 15:10:26,82
2026-04-04 02:11:52,82
2026-04-04 00:46:44,82
2026-04-04 01:16:08,82
2026-04-03 21:32:16,82
2026-04-03 21:14:02,82
2026-04-03 21:15:03,82
2026-04-03 21:17:05,82
2026-04-07 03:52:30,82
2026-04-03 14:40:55,82
2026-04-03 14:23:40,82
2026-04-04 07:13:47,82
2026-04-04 02:12:52,82
2026-04-04 02:13:53,82
2026-04-04 02:14:54,82
2026-04-04 02:15:55,82
2026-04-04 02:10:51,82
2026-04-09 12:40:11,82
2026-04-16 00:26:38,82
2026-04-06 00:25:33,82
2026-04-06 00:26:34,82
2026-04-03 14:24:41,82
2026-04-05 13:15:36,82
2026-04-05 13:18:38,82
2026-04-07 08:19:18,82
2026-04-07 17:47:26,82
2026-04-07 17:44:23,82
2026-04-07 17:45:24,82
2026-04-13 11:19:03,82
2026-04-13 11:20:04,82
2026-04-13 11:31:13,82
2026-04-13 11:47:27,82
2026-04-05 07:20:09,82
2026-04-06 16:09:10,82
2026-04-05 13:59:10,82
2026-04-05 14:00:11,82
2026-04-06 20:25:27,82
2026-04-06 20:16:20,82
2026-04-06 20:17:21,82
2026-04-10 12:57:36,82
2026-04-15 11:20:32,82
2026-04-15 05:13:14,82
2026-04-15 05:14:15,82
2026-04-15 05:17:17,82
2026-04-07 07:43:46,82
2026-04-05 19:50:58,82
2026-04-05 19:54:01,82
2026-04-15 05:26:25,82
2026-04-15 05:30:28,82
2026-04-06 19:06:26,82
2026-04-06 19:00:21,82
2026-04-07 17:41:20,82
2026-04-07 17:42:21,82
2026-04-07 18:05:43,82
2026-04-04 08:54:07,82
2026-04-04 08:55:08,82
2026-04-04 08:59:12,82
2026-04-15 16:53:42,82
2026-04-15 16:55:44,82
2026-04-09 13:20:47,82
2026-04-06 23:41:06,82
2026-04-07 00:14:33,82
2026-04-13 11:21:04,82
2026-04-05 06:49:47,82
2026-04-13 11:07:53,82
2026-04-15 13:26:23,82
2026-04-16 02:11:06,82
2026-04-03 14:07:26,82
2026-04-04 08:25:44,82
2026-04-13 11:08:54,82
2026-04-13 11:09:54,82
2026-04-13 11:10:55,82
2026-04-13 11:11:56,82
2026-04-06 21:56:39,82
2026-04-06 21:43:28,82
2026-04-06 21:40:26,82
2026-04-06 21:36:23,82
2026-04-15 13:30:27,82
2026-04-16 02:12:07,82
2026-04-16 02:14:09,82
2026-04-15 13:25:22,82
2026-04-13 11:43:24,82
2026-04-09 01:25:39,82
2026-04-09 01:28:42,82
2026-04-13 11:46:27,82
2026-04-06 20:57:53,82
2026-04-06 21:39:25,82
2026-04-06 21:19:09,82
2026-04-15 04:38:45,82
2026-04-13 10:05:59,82
2026-04-13 10:07:00,82
2026-04-13 10:35:24,82
2026-04-13 10:36:25,82
2026-04-13 10:37:26,82
2026-04-13 10:51:38,82
2026-04-11 01:11:47,82
2026-04-11 01:12:47,82
2026-04-06 13:47:07,82
2026-04-08 05:29:45,82
2026-04-06 20:45:43,82
2026-04-06 20:48:45,82
2026-04-06 20:49:46,82
2026-04-06 14:55:03,82
2026-04-06 14:41:51,82
2026-04-05 19:08:24,82
2026-04-04 09:19:28,82
2026-04-04 09:22:31,82
2026-04-10 11:46:30,82
2026-04-10 11:32:18,82
2026-04-10 12:25:05,82
2026-04-07 06:23:38,82
2026-04-07 06:53:03,82
2026-04-07 07:46:48,82
2026-04-13 09:52:48,82
2026-04-13 09:53:48,82
2026-04-13 09:54:49,82
2026-04-13 09:55:50,82
2026-04-13 09:58:53,82
2026-04-13 09:59:54,82
2026-04-13 10:00:55,82
2026-04-08 20:59:56,82
2026-04-04 10:14:14,82
2026-04-04 09:56:59,82
2026-04-05 01:36:03,82
2026-04-04 10:42:37,82
2026-04-04 09:23:31,82
2026-04-04 09:51:55,82
2026-04-13 09:20:20,82
2026-04-13 09:27:26,82
2026-04-09 09:19:15,82
2026-04-05 14:41:44,82
2026-04-05 14:33:37,82
2026-04-10 11:15:03,82
2026-04-10 11:19:06,82
2026-04-10 10:59:49,82
2026-04-04 10:24:22,82
2026-04-04 10:29:26,82
2026-04-13 09:17:17,82
2026-04-13 09:19:19,82
2026-04-06 14:03:20,82
2026-04-15 20:51:42,82
2026-04-15 20:53:44,82
2026-04-15 20:55:46,82
2026-04-06 13:35:58,82
2026-04-05 18:07:34,82
2026-04-11 02:09:36,82
2026-04-06 04:58:23,82
2026-04-06 04:13:43,82
2026-04-15 11:06:19,82
2026-04-06 08:58:03,82
2026-04-16 04:09:44,82
2026-04-16 02:07:03,82
2026-04-13 09:16:16,82
2026-04-10 10:14:06,82
2026-04-05 18:09:36,82
2026-04-16 08:26:26,82
2026-04-07 00:29:45,82
2026-04-07 01:26:30,82
2026-04-12 17:45:49,82
2026-04-13 08:53:57,82
2026-04-13 07:51:06,82
2026-04-11 12:38:45,82
2026-04-05 17:09:47,82
2026-04-05 17:53:23,82
2026-04-05 17:55:25,82
2026-04-13 22:46:49,82
2026-04-15 03:57:11,82
2026-04-05 17:05:44,82
2026-04-05 18:11:37,82
2026-04-15 10:57:11,82
2026-04-15 11:01:15,82
2026-04-15 10:39:56,82
2026-04-07 00:28:44,82
2026-04-07 01:08:15,82
2026-04-16 04:25:58,82
2026-04-04 17:01:36,82
2026-04-04 17:06:40,82
2026-04-13 09:37:35,82
2026-04-13 09:43:40,82
2026-04-13 09:34:32,82
2026-04-13 09:35:33,82
2026-04-13 09:44:41,82
2026-04-13 09:45:42,82
2026-04-13 09:36:34,82
2026-04-15 10:56:10,82
2026-04-13 07:14:35,82
2026-04-13 07:15:36,82
2026-04-13 07:16:37,82
2026-04-13 07:02:25,82
2026-04-13 07:30:48,82
2026-04-13 07:31:49,82
2026-04-13 07:18:38,82
2026-04-13 07:21:41,82
2026-04-16 02:10:05,82
2026-04-11 12:30:39,82
2026-04-11 12:18:29,82
2026-04-11 12:20:31,82
2026-04-11 12:14:26,82
2026-04-11 12:16:28,82
2026-04-04 14:40:47,82
2026-04-04 17:09:42,82
2026-04-06 13:33:56,82
2026-04-07 05:51:11,82
2026-04-07 05:53:13,82
2026-04-15 22:18:52,82
2026-04-15 01:25:09,82
2026-04-15 00:33:27,82
2026-04-11 12:08:21,82
2026-04-11 11:40:59,82
2026-04-06 01:21:18,82
2026-04-13 08:59:02,82
2026-04-13 09:00:03,82
2026-04-15 10:35:52,82
2026-04-15 10:22:40,82
2026-04-13 07:00:24,82
2026-04-15 22:11:46,82
2026-04-15 22:00:37,82
2026-04-07 01:36:38,82
2026-04-16 03:27:09,82
2026-04-15 14:47:37,82
2026-04-16 03:26:08,82
2026-04-16 03:25:07,82
2026-04-11 08:19:19,82
2026-04-03 10:43:39,82
2026-04-07 18:49:17,82
2026-04-15 13:50:44,82
2026-04-15 14:00:53,82
2026-04-07 01:00:09,82
2026-04-07 00:59:08,82
2026-04-16 02:44:34,82
2026-04-16 02:45:35,82
2026-04-16 03:28:10,82
2026-04-15 15:02:52,82
2026-04-13 05:08:56,82
2026-04-13 06:33:02,82
2026-04-13 06:34:03,82
2026-04-07 02:09:05,82
2026-04-11 00:37:16,82
2026-04-11 00:06:49,82
2026-04-06 18:51:14,82
2026-04-06 23:54:16,82
2026-04-16 01:28:30,82
2026-04-16 04:34:04,82
2026-04-13 04:18:56,82
2026-04-13 05:05:54,82
2026-04-13 05:06:55,82
2026-04-13 05:07:56,82
2026-04-13 06:15:48,82
2026-04-13 06:16:49,82
2026-04-05 10:28:28,82
2026-04-05 21:55:36,82
2026-04-05 21:57:38,82
2026-04-03 15:18:27,82
2026-04-15 07:29:09,82
2026-04-03 15:43:47,82
2026-04-05 10:59:52,82
2026-04-05 11:00:52,82
2026-04-15 23:15:39,82
2026-04-15 23:03:29,82
2026-04-05 21:30:17,82
2026-04-05 21:22:10,82
2026-04-03 14:58:10,82
2026-04-03 14:59:11,82
2026-04-03 15:23:31,82
2026-04-05 09:34:48,82
2026-04-03 15:11:22,82
2026-04-03 15:12:22,82
2026-04-03 15:13:23,82
2026-04-06 19:44:55,82
2026-04-15 22:59:26,82
2026-04-06 19:46:57,82
2026-04-06 19:52:00,82
2026-04-05 10:44:40,82
2026-04-16 02:49:38,82
2026-04-16 02:50:39,82
2026-04-07 18:59:25,82
2026-04-16 03:07:53,82
2026-04-16 02:48:38,82
2026-04-16 02:35:26,82
2026-04-15 13:52:46,82
2026-04-03 15:10:21,82
2026-04-08 20:48:47,81
2026-04-07 01:51:51,81
2026-04-03 13:38:02,81
2026-04-03 13:27:54,81
2026-04-03 13:28:55,81
2026-04-03 13:30:56,81
2026-04-15 01:33:16,81
2026-04-15 01:20:05,81
2026-04-15 00:18:15,81
2026-04-15 00:19:15,81
2026-04-15 00:04:03,81
2026-04-15 00:05:04,81
2026-04-07 06:51:01,81
2026-04-06 13:54:13,81
2026-04-04 11:23:10,81
2026-04-04 11:26:13,81
2026-04-04 13:26:47,81
2026-04-04 13:27:48,81
2026-04-04 14:22:32,81
2026-04-04 14:41:47,81
2026-04-11 12:37:45,81
2026-04-11 12:02:16,81
2026-04-07 06:33:47,81
2026-04-07 06:35:48,81
2026-04-15 04:13:24,81
2026-04-15 04:15:26,81
2026-04-15 04:09:21,81
2026-04-05 17:04:43,81
2026-04-05 17:03:42,81
2026-04-05 17:54:24,81
2026-04-15 20:52:43,81
2026-04-15 20:46:38,81
2026-04-15 20:50:42,81
2026-04-05 18:55:13,81
2026-04-05 18:48:07,81
2026-04-05 18:22:46,81
2026-04-06 14:09:25,81
2026-04-06 14:13:28,81
2026-04-07 02:56:44,81
2026-04-07 02:59:47,81
2026-04-07 00:44:56,81
2026-04-06 10:42:35,81
2026-04-13 07:26:45,81
2026-04-13 07:32:50,81
2026-04-13 07:24:43,81
2026-04-13 07:25:44,81
2026-04-13 04:32:06,81
2026-04-13 04:29:03,81
2026-04-13 04:03:44,81
2026-04-12 18:13:12,81
2026-04-06 18:44:09,81
2026-04-16 01:30:32,81
2026-04-16 01:31:33,81
2026-04-16 01:16:20,81
2026-04-13 06:13:46,81
2026-04-13 06:20:52,81
2026-04-13 05:45:24,81
2026-04-13 05:01:51,81
2026-04-13 04:53:45,81
2026-04-16 04:26:58,81
2026-04-16 04:27:59,81
2026-04-13 04:31:05,81
2026-04-07 02:05:02,81
2026-04-12 18:12:11,81
2026-04-13 06:35:03,81
2026-04-13 06:36:04,81
2026-04-13 06:21:53,81
2026-04-13 06:22:54,81
2026-04-13 06:23:54,81
2026-04-13 06:24:55,81
2026-04-07 00:32:47,81
2026-04-07 01:20:25,81
2026-04-07 01:22:27,81
2026-04-15 10:53:07,81
2026-04-15 10:38:55,81
2026-04-13 09:38:35,81
2026-04-13 09:41:38,81
2026-04-13 09:21:21,81
2026-04-13 08:48:53,81
2026-04-13 08:39:45,81
2026-04-13 08:40:46,81
2026-04-13 08:46:51,81
2026-04-13 08:38:44,81
2026-04-13 07:53:07,81
2026-04-06 18:47:11,81
2026-04-06 18:48:12,81
2026-04-07 03:02:49,81
2026-04-06 02:45:29,81
2026-04-06 02:17:04,81
2026-04-06 02:30:16,81
2026-04-06 02:31:17,81
2026-04-15 10:34:51,81
2026-04-06 01:32:27,81
2026-04-13 08:47:52,81
2026-04-13 07:05:28,81
2026-04-13 07:06:28,81
2026-04-13 07:07:29,81
2026-04-13 07:01:24,81
2026-04-13 06:51:16,81
2026-04-13 06:52:17,81
2026-04-13 06:38:06,81
2026-04-13 06:44:11,81
2026-04-13 10:53:40,81
2026-04-13 10:54:41,81
2026-04-13 10:33:23,81
2026-04-13 10:34:24,81
2026-04-13 10:31:21,81
2026-04-13 10:17:09,81
2026-04-13 10:09:02,81
2026-04-13 10:16:08,81
2026-04-09 22:16:10,81
2026-04-06 04:01:33,81
2026-04-15 11:09:22,81
2026-04-03 19:00:19,81
2026-04-13 11:01:47,81
2026-04-13 11:02:48,81
2026-04-13 11:04:50,81
2026-04-13 10:52:39,81
2026-04-16 03:47:25,81
2026-04-06 19:11:30,81
2026-04-06 19:15:33,81
2026-04-16 02:08:04,81
2026-04-06 04:28:56,81
2026-04-06 04:43:09,81
2026-04-06 05:00:24,81
2026-04-07 02:20:14,81
2026-04-13 09:22:22,81
2026-04-13 09:14:15,81
2026-04-13 09:15:16,81
2026-04-13 09:18:18,81
2026-04-13 09:06:08,81
2026-04-13 09:08:10,81
2026-04-13 09:11:12,81
2026-04-16 03:46:24,81
2026-04-09 15:19:34,81
2026-04-09 15:08:24,81
2026-04-03 17:04:52,81
2026-04-03 17:07:54,81
2026-04-13 12:35:10,81
2026-04-09 02:25:30,81
2026-04-03 12:57:29,81
2026-04-06 00:53:56,81
2026-04-13 11:28:11,81
2026-04-13 11:29:12,81
2026-04-07 17:46:25,81
2026-04-07 17:40:19,81
2026-04-07 18:04:42,81
2026-04-07 18:06:43,81
2026-04-15 11:21:33,81
2026-04-15 11:25:36,81
2026-04-09 01:26:40,81
2026-04-09 01:27:41,81
2026-04-13 11:48:28,81
2026-04-13 11:49:29,81
2026-04-13 11:50:30,81
2026-04-05 07:19:09,81
2026-04-13 11:22:05,81
2026-04-13 11:26:09,81
2026-04-13 10:08:01,81
2026-04-05 07:03:57,81
2026-04-13 11:05:51,81
2026-04-13 11:06:52,81
2026-04-06 23:38:03,81
2026-04-06 01:29:25,81
2026-04-06 01:08:08,81
2026-04-13 11:00:47,81
2026-04-03 19:06:24,81
2026-04-03 17:21:05,81
2026-04-03 17:22:05,81
2026-04-05 09:15:33,81
2026-04-05 23:50:06,81
2026-04-06 00:34:41,81
2026-04-15 08:42:11,81
2026-04-15 08:24:57,81
2026-04-08 22:29:10,81
2026-04-08 22:26:07,81
2026-04-06 19:18:35,81
2026-04-06 19:21:37,81
2026-04-11 01:50:20,81
2026-04-11 02:22:47,81
2026-04-11 02:25:50,81
2026-04-11 02:26:51,81
2026-04-07 10:45:34,81
2026-04-06 11:28:14,81
2026-04-09 12:41:12,81
2026-04-09 12:35:07,81
2026-04-15 09:24:47,81
2026-04-15 09:12:37,81
2026-04-15 08:54:21,81
2026-04-07 10:46:35,81
2026-04-07 04:05:41,81
2026-04-07 03:49:27,81
2026-04-06 00:44:49,81
2026-04-15 09:54:14,81
2026-04-15 09:55:15,81
2026-04-15 09:20:44,81
2026-04-16 00:41:51,81
2026-04-16 00:43:53,81
2026-04-11 03:12:30,81
2026-04-09 21:09:14,81
2026-04-15 11:41:50,81
2026-04-08 21:35:25,81
2026-04-03 15:42:47,81
2026-04-05 10:58:51,81
2026-04-07 04:34:05,81
2026-04-07 03:06:52,81
2026-04-07 11:40:19,81
2026-04-07 11:04:50,81
2026-04-15 23:33:54,81
2026-04-05 22:35:07,81
2026-04-05 23:24:45,81
2026-04-05 23:26:47,81
2026-04-15 23:26:49,81
2026-04-11 03:11:29,81
2026-04-05 09:02:23,81
2026-04-03 15:56:58,81
2026-04-03 16:36:30,81
2026-04-03 16:29:24,81
2026-04-16 00:01:17,81
2026-04-03 17:19:03,81
2026-04-05 10:30:29,81
2026-04-05 10:31:30,81
2026-04-05 23:10:35,81
2026-04-15 08:17:51,81
2026-04-05 09:16:34,81
2026-04-05 09:17:35,81
2026-04-03 13:01:32,81
2026-04-09 04:08:43,81
2026-04-06 17:22:11,81
2026-04-15 23:17:41,81
2026-04-08 21:28:20,81
2026-04-06 19:03:24,81
2026-04-11 03:41:55,81
2026-04-12 15:56:15,81
2026-04-03 20:04:08,81
2026-04-03 20:05:09,81
2026-04-03 19:51:58,81
2026-04-03 19:54:00,81
2026-04-03 15:03:15,81
2026-04-09 11:51:29,81
2026-04-09 11:43:22,81
2026-04-09 11:44:23,81
2026-04-05 22:57:24,81
2026-04-05 21:53:35,81
2026-04-15 06:39:26,81
2026-04-05 21:39:24,81
2026-04-05 09:43:54,81
2026-04-06 17:50:33,81
2026-04-06 19:47:57,81
2026-04-06 19:41:53,81
2026-04-06 19:43:54,81
2026-04-03 14:48:01,81
2026-04-03 14:49:02,81
2026-04-05 11:55:35,81
2026-04-07 03:07:53,81
2026-04-15 07:19:00,81
2026-04-05 22:06:45,81
2026-04-05 21:56:37,81
2026-04-03 15:17:27,81
2026-04-03 15:19:28,81
2026-04-03 15:20:29,81
2026-04-03 15:24:32,81
2026-04-09 20:45:56,81
2026-04-09 20:28:42,81
2026-04-15 12:12:17,81
2026-04-03 20:35:32,81
2026-04-03 20:36:33,81
2026-04-03 20:29:27,81
2026-04-03 20:30:28,81
2026-04-09 10:21:10,81
2026-04-06 17:13:03,81
2026-04-13 20:49:12,81
2026-04-13 20:51:14,81
2026-04-15 13:23:20,81
2026-04-15 12:33:35,81
2026-04-15 12:23:26,81
2026-04-15 12:30:32,81
2026-04-09 20:55:03,81
2026-04-13 19:58:32,81
2026-04-13 20:53:16,81
2026-04-15 06:25:14,81
2026-04-05 20:35:34,81
2026-04-05 20:25:26,81
2026-04-05 20:23:24,81
2026-04-06 17:34:20,81
2026-04-06 17:31:18,81
2026-04-05 11:43:25,81
2026-04-05 11:44:26,81
2026-04-05 12:32:02,81
2026-04-15 17:20:05,81
2026-04-06 21:41:27,81
2026-04-06 22:25:02,81
2026-04-05 22:24:59,81
2026-04-05 21:11:02,81
2026-04-04 08:20:40,81
2026-04-03 14:27:43,81
2026-04-05 13:31:49,81
2026-04-05 13:14:35,81
2026-04-06 19:31:45,81
2026-04-06 19:33:46,81
2026-04-06 19:34:47,81
2026-04-06 20:33:34,81
2026-04-04 01:27:17,81
2026-04-04 02:31:07,81
2026-04-04 02:28:05,81
2026-04-04 05:30:26,81
2026-04-04 05:29:25,81
2026-04-04 06:14:01,81
2026-04-04 07:10:45,81
2026-04-04 08:29:47,81
2026-04-05 12:12:48,81
2026-04-03 21:18:05,81
2026-04-03 21:19:06,81
2026-04-03 21:20:07,81
2026-04-03 22:12:47,81
2026-04-04 00:16:21,81
2026-04-04 00:43:42,81
2026-04-04 00:45:43,81
2026-04-06 12:07:45,81
2026-04-15 17:22:07,81
2026-04-15 17:17:02,81
2026-04-15 05:42:38,81
2026-04-15 05:44:40,81
2026-04-05 20:07:11,81
2026-04-05 19:55:02,81
2026-04-15 22:43:12,81
2026-04-15 13:19:17,81
2026-04-15 13:20:17,81
2026-04-15 13:22:19,81
2026-04-06 21:31:19,81
2026-04-15 04:39:46,81
2026-04-06 21:02:56,81
2026-04-06 21:04:58,81
2026-04-06 20:51:48,81
2026-04-04 08:45:00,81
2026-04-05 01:22:53,81
2026-04-04 08:37:54,81
2026-04-15 13:45:40,81
2026-04-03 14:06:25,81
2026-04-15 13:40:36,81
2026-04-15 13:34:30,81
2026-04-15 13:35:31,81
2026-04-15 05:15:16,81
2026-04-05 19:20:34,81
2026-04-07 06:19:35,81
2026-04-07 06:05:23,81
2026-04-07 07:35:39,81
2026-04-07 07:36:40,81
2026-04-04 08:22:42,81
2026-04-04 08:24:43,81
2026-04-06 20:34:34,81
2026-04-05 12:58:22,81
2026-04-07 07:40:43,81
2026-04-07 07:41:44,81
2026-04-07 07:42:45,81
2026-04-07 07:44:46,81
2026-04-15 05:29:27,81
2026-04-15 05:23:22,81
2026-04-04 10:38:34,81
2026-04-04 10:41:36,81
2026-04-04 10:36:32,81
2026-04-04 10:25:23,81
2026-04-04 10:26:24,81
2026-04-10 10:41:32,81
2026-04-10 11:18:05,81
2026-04-09 09:06:04,81
2026-04-16 02:16:10,81
2026-04-04 08:40:56,81
2026-04-04 09:11:21,81
2026-04-04 10:09:10,81
2026-04-04 10:12:12,81
2026-04-04 10:13:13,81
2026-04-04 09:59:01,81
2026-04-04 09:55:58,81
2026-04-07 07:45:47,81
2026-04-08 05:14:35,81
2026-04-07 06:22:37,81
2026-04-10 12:02:45,81
2026-04-10 11:47:31,81
2026-04-10 11:31:17,81
2026-04-08 17:35:18,81
2026-04-06 20:01:07,81
2026-04-06 20:44:42,81
2026-04-06 20:50:47,81
2026-04-06 14:39:50,81
2026-04-06 14:04:21,81
2026-04-06 14:05:22,81
2026-04-06 13:58:16,81
2026-04-10 12:01:44,81
2026-04-07 06:54:03,81
2026-04-15 14:21:12,81
2026-04-15 16:17:11,81
2026-04-03 13:37:01,81
2026-04-15 13:48:43,81
2026-04-16 03:29:11,81
2026-04-16 03:20:03,81
2026-04-16 03:21:04,81
2026-04-15 15:16:04,81
2026-04-07 06:37:50,81
2026-04-15 03:54:08,81
2026-04-15 03:27:46,81
2026-04-15 03:13:35,81
2026-04-15 03:03:27,81
2026-04-05 15:37:29,81
2026-04-15 21:37:19,81
2026-04-15 21:16:02,81
2026-04-05 15:09:06,81
2026-04-05 15:10:07,81
2026-04-06 20:10:15,81
2026-04-06 12:44:16,81
2026-04-06 12:46:17,81
2026-04-06 12:47:18,81
2026-04-05 16:34:17,81
2026-04-15 03:49:04,81
2026-04-06 13:40:01,81
2026-04-15 22:08:44,81
2026-04-15 21:57:35,81
2026-04-06 13:13:40,81
2026-04-07 06:45:57,81
2026-04-05 16:24:09,81
2026-04-15 02:17:51,81
2026-04-15 02:02:39,81
2026-04-12 18:08:08,81
2026-04-12 18:09:09,81
2026-04-06 03:16:55,81
2026-04-06 23:06:36,81
2026-04-06 11:13:01,81
2026-04-06 11:12:00,81
2026-04-07 00:45:57,81
2026-04-07 03:36:17,81
2026-04-07 21:31:32,81
2026-04-07 19:08:32,81
2026-04-03 10:44:40,81
2026-04-12 18:14:13,81
2026-04-12 18:17:16,81
2026-04-12 18:18:16,81
2026-04-12 18:06:06,81
2026-04-12 18:07:07,81
2026-04-16 03:10:56,81
2026-04-16 02:59:47,81
2026-04-16 03:01:48,81
2026-04-16 03:02:49,81
2026-04-16 03:03:50,81
2026-04-03 11:30:16,81
2026-04-07 21:00:08,81
2026-04-04 23:08:12,81
2026-04-15 15:00:50,81
2026-04-16 02:56:44,81
2026-04-16 02:32:24,81
2026-04-08 20:49:48,81
2026-04-16 03:05:52,81
2026-04-16 03:06:52,81
2026-04-16 03:08:54,81
2026-04-16 03:09:55,81
2026-04-13 04:26:01,80
2026-04-13 04:52:44,80
2026-04-03 10:45:40,80
2026-04-13 04:55:46,80
2026-04-07 07:39:42,80
2026-04-07 21:13:17,80
2026-04-07 07:37:41,80
2026-04-07 18:18:54,80
2026-04-13 04:56:47,80
2026-04-07 11:02:48,80
2026-04-04 23:52:46,80
2026-04-07 19:04:29,80
2026-04-03 21:02:54,80
2026-04-13 21:32:47,80
2026-04-05 12:54:19,80
2026-04-04 10:57:49,80
2026-04-03 21:08:58,80
2026-04-03 21:09:59,80
2026-04-03 21:12:01,80
2026-04-05 23:38:57,80
2026-04-05 23:39:57,80
2026-04-03 21:01:53,80
2026-04-04 10:22:21,80
2026-04-04 11:14:03,80
2026-04-05 23:52:07,80
2026-04-15 09:09:34,80
2026-04-04 10:15:15,80
2026-04-04 11:12:01,80
2026-04-04 11:13:02,80
2026-04-06 01:06:06,80
2026-04-07 00:43:56,80
2026-04-07 00:47:59,80
2026-04-07 00:27:43,80
2026-04-08 10:43:35,80
2026-04-06 23:53:15,80
2026-04-07 00:33:48,80
2026-04-07 06:40:52,80
2026-04-07 02:52:41,80
2026-04-07 02:53:42,80
2026-04-08 10:17:14,80
2026-04-07 01:35:37,80
2026-04-08 10:29:23,80
2026-04-13 04:19:56,80
2026-04-07 04:49:18,80
2026-04-07 06:34:47,80
2026-04-07 06:36:49,80
2026-04-15 02:01:38,80
2026-04-15 01:48:28,80
2026-04-05 18:06:33,80
2026-04-15 04:37:44,80
2026-04-15 04:40:47,80
2026-04-13 05:48:27,80
2026-04-13 04:04:45,80
2026-04-05 15:08:05,80
2026-04-13 05:54:31,80
2026-04-11 11:39:58,80
2026-04-11 12:31:40,80
2026-04-13 05:46:25,80
2026-04-13 04:09:49,80
2026-04-06 23:57:19,80
2026-04-07 00:05:25,80
2026-04-06 00:54:57,80
2026-04-06 00:36:42,80
2026-04-03 20:32:30,80
2026-04-06 01:19:16,80
2026-04-06 00:55:58,80
2026-04-04 11:24:11,80
2026-04-06 02:46:30,80
2026-04-03 20:33:31,80
2026-04-03 20:34:31,80
2026-04-03 19:39:49,80
2026-04-03 20:28:27,80
2026-04-09 22:31:23,80
2026-04-13 19:57:31,80
2026-04-11 03:39:53,80
2026-04-04 12:53:20,80
2026-04-09 23:31:16,80
2026-04-06 03:01:43,80
2026-04-04 10:34:30,80
2026-04-04 09:20:29,80
2026-04-12 16:15:31,80
2026-04-15 08:51:19,80
2026-04-06 00:29:37,80
2026-04-03 20:14:16,80
2026-04-05 01:37:04,80
2026-04-04 10:43:38,80
2026-04-05 01:52:15,80
2026-04-03 21:33:17,80
2026-04-03 20:46:41,80
2026-04-03 20:47:42,80
2026-04-05 23:37:56,80
2026-04-07 00:12:31,80
2026-04-06 23:40:05,80
2026-04-06 20:47:45,80
2026-04-06 21:01:56,80
2026-04-06 21:20:10,80
2026-04-06 20:30:31,80
2026-04-06 19:35:48,80
2026-04-13 06:27:58,80
2026-04-13 06:29:59,80
2026-04-06 20:46:44,80
2026-04-06 21:18:09,80
2026-04-05 18:51:10,80
2026-04-05 18:53:11,80
2026-04-05 18:54:12,80
2026-04-05 14:54:54,80
2026-04-03 19:34:45,80
2026-04-06 05:14:37,80
2026-04-15 11:11:24,80
2026-04-15 11:12:25,80
2026-04-04 13:25:46,80
2026-04-15 11:27:38,80
2026-04-15 11:34:44,80
2026-04-15 11:35:45,80
2026-04-03 19:01:20,80
2026-04-09 21:11:16,80
2026-04-13 20:02:35,80
2026-04-13 20:03:35,80
2026-04-05 11:16:04,80
2026-04-05 11:17:05,80
2026-04-11 03:06:25,80
2026-04-15 11:38:48,80
2026-04-15 11:53:00,80
2026-04-13 06:43:10,80
2026-04-13 03:40:28,80
2026-04-06 19:55:03,80
2026-04-06 19:56:04,80
2026-04-13 06:49:15,80
2026-04-13 06:50:15,80
2026-04-13 06:53:18,80
2026-04-13 06:32:01,80
2026-04-13 06:37:05,80
2026-04-04 00:49:47,80
2026-04-04 01:15:07,80
2026-04-04 01:17:09,80
2026-04-15 01:17:02,80
2026-04-15 12:05:11,80
2026-04-04 12:56:23,80
2026-04-09 21:20:23,80
2026-04-05 13:33:50,80
2026-04-05 14:18:25,80
2026-04-05 11:56:35,80
2026-04-03 19:13:29,80
2026-04-03 19:17:32,80
2026-04-05 23:19:42,80
2026-04-05 23:22:44,80
2026-04-15 08:21:54,80
2026-04-03 21:43:24,80
2026-04-03 21:44:25,80
2026-04-05 13:47:00,80
2026-04-04 10:00:02,80
2026-04-15 08:40:10,80
2026-04-15 08:41:10,80
2026-04-13 06:57:21,80
2026-04-13 06:58:22,80
2026-04-13 07:03:26,80
2026-04-13 06:47:13,80
2026-04-08 19:51:03,80
2026-04-13 07:19:39,80
2026-04-03 12:59:30,80
2026-04-03 13:00:31,80
2026-04-16 04:32:03,80
2026-04-16 04:29:00,80
2026-04-16 03:45:24,80
2026-04-06 20:02:08,80
2026-04-13 03:34:23,80
2026-04-03 12:58:29,80
2026-04-05 10:43:39,80
2026-04-09 20:42:53,80
2026-04-03 14:22:39,80
2026-04-03 14:26:42,80
2026-04-09 20:49:59,80
2026-04-09 20:43:54,80
2026-04-09 20:44:55,80
2026-04-04 14:25:34,80
2026-04-03 19:02:21,80
2026-04-11 01:56:25,80
2026-04-09 20:58:05,80
2026-04-12 18:16:15,80
2026-04-12 18:19:17,80
2026-04-12 18:20:18,80
2026-04-04 13:28:48,80
2026-04-13 07:20:40,80
2026-04-13 07:59:12,80
2026-04-13 08:00:13,80
2026-04-13 07:04:27,80
2026-04-04 01:28:17,80
2026-04-04 01:30:19,80
2026-04-04 01:31:20,80
2026-04-04 00:42:41,80
2026-04-04 00:44:43,80
2026-04-04 06:21:06,80
2026-04-04 05:28:24,80
2026-04-05 19:47:56,80
2026-04-13 07:13:34,80
2026-04-04 06:13:00,80
2026-04-04 14:42:48,80
2026-04-03 22:01:38,80
2026-04-03 14:47:00,80
2026-04-05 10:34:32,80
2026-04-05 11:32:17,80
2026-04-05 11:34:18,80
2026-04-03 22:04:41,80
2026-04-03 22:05:41,80
2026-04-03 22:06:42,80
2026-04-15 08:02:38,80
2026-04-03 22:08:44,80
2026-04-03 22:09:45,80
2026-04-15 07:56:32,80
2026-04-15 07:58:34,80
2026-04-03 21:16:04,80
2026-04-03 22:02:39,80
2026-04-03 22:03:40,80
2026-04-13 08:01:14,80
2026-04-13 08:18:28,80
2026-04-15 01:03:51,80
2026-04-16 03:04:51,80
2026-04-16 02:58:46,80
2026-04-16 03:00:47,80
2026-04-16 02:13:08,80
2026-04-08 20:47:46,80
2026-04-16 03:16:00,80
2026-04-16 02:15:09,80
2026-04-16 02:26:19,80
2026-04-13 07:45:00,80
2026-04-13 07:46:01,80
2026-04-16 03:18:01,80
2026-04-16 03:19:02,80
2026-04-16 03:30:11,80
2026-04-16 03:31:12,80
2026-04-03 13:54:16,80
2026-04-04 08:41:57,80
2026-04-05 02:06:26,80
2026-04-05 23:09:34,80
2026-04-05 02:21:37,80
2026-04-03 13:51:13,80
2026-04-15 14:31:22,80
2026-04-15 13:51:45,80
2026-04-12 18:23:20,80
2026-04-12 18:10:10,80
2026-04-12 18:11:11,80
2026-04-12 18:15:14,80
2026-04-03 15:28:36,80
2026-04-09 16:04:13,80
2026-04-03 16:20:17,80
2026-04-03 13:31:57,80
2026-04-03 13:32:58,80
2026-04-15 15:31:27,80
2026-04-04 14:37:44,80
2026-04-15 15:46:41,80
2026-04-16 02:09:04,80
2026-04-08 22:28:09,80
2026-04-06 19:13:31,80
2026-04-13 08:31:39,80
2026-04-13 08:32:39,80
2026-04-08 21:29:20,80
2026-04-08 21:30:21,80
2026-04-08 21:31:22,80
2026-04-08 21:32:23,80
2026-04-05 19:53:00,80
2026-04-04 00:12:17,80
2026-04-04 00:17:21,80
2026-04-04 00:18:22,80
2026-04-15 05:59:52,80
2026-04-15 05:43:39,80
2026-04-15 05:58:51,80
2026-04-15 05:41:37,80
2026-04-09 17:35:33,80
2026-04-03 15:16:26,80
2026-04-09 17:32:30,80
2026-04-03 13:26:53,80
2026-04-09 12:50:20,80
2026-04-05 09:48:58,80
2026-04-05 09:01:22,80
2026-04-05 09:45:56,80
2026-04-05 09:32:46,80
2026-04-03 15:29:36,80
2026-04-05 09:44:55,80
2026-04-09 15:05:22,80
2026-04-03 16:39:32,80
2026-04-05 09:46:57,80
2026-04-05 09:47:57,80
2026-04-09 11:40:20,80
2026-04-15 16:59:47,80
2026-04-06 09:12:16,80
2026-04-13 08:34:41,80
2026-04-13 08:35:42,80
2026-04-13 08:36:43,80
2026-04-13 08:37:44,80
2026-04-13 08:41:47,80
2026-04-15 00:03:02,80
2026-04-14 23:46:49,80
2026-04-16 00:31:42,80
2026-04-16 01:18:22,80
2026-04-13 08:33:40,80
2026-04-13 08:45:50,80
2026-04-13 08:49:54,80
2026-04-16 01:14:18,80
2026-04-06 18:45:10,80
2026-04-16 01:59:57,80
2026-04-16 02:01:58,80
2026-04-13 08:43:49,80
2026-04-13 09:39:36,80
2026-04-13 09:40:37,80
2026-04-15 23:02:28,80
2026-04-04 07:09:44,80
2026-04-15 23:16:40,80
2026-04-15 23:18:42,80
2026-04-15 23:31:53,80
2026-04-15 23:44:03,80
2026-04-13 09:25:24,80
2026-04-15 00:02:02,80
2026-04-04 07:12:46,80
2026-04-10 10:27:19,80
2026-04-05 20:52:47,80
2026-04-14 23:47:50,80
2026-04-14 23:50:52,80
2026-04-14 23:45:48,80
2026-04-15 00:01:01,80
2026-04-03 16:00:01,80
2026-04-03 16:15:13,80
2026-04-03 16:16:14,80
2026-04-03 16:17:14,80
2026-04-04 16:40:19,80
2026-04-04 08:56:09,80
2026-04-05 02:22:38,80
2026-04-05 22:07:46,80
2026-04-03 22:11:46,80
2026-04-03 22:13:48,80
2026-04-05 01:21:52,80
2026-04-05 23:25:46,80
2026-04-03 21:46:27,80
2026-04-03 22:10:45,80
2026-04-13 10:38:27,80
2026-04-06 14:16:31,80
2026-04-06 14:19:33,80
2026-04-06 13:46:06,80
2026-04-06 14:26:39,80
2026-04-06 13:34:57,80
2026-04-06 16:55:49,80
2026-04-13 10:19:10,80
2026-04-13 10:20:11,80
2026-04-13 10:21:12,80
2026-04-06 17:09:00,80
2026-04-06 17:14:04,80
2026-04-13 08:52:56,80
2026-04-13 09:26:25,80
2026-04-13 09:07:09,80
2026-04-13 09:09:10,80
2026-04-13 09:10:11,80
2026-04-13 10:18:10,80
2026-04-13 10:15:07,80
2026-04-13 09:13:14,80
2026-04-13 09:24:23,80
2026-04-13 08:50:55,80
2026-04-15 17:15:00,80
2026-04-09 11:39:19,80
2026-04-03 17:05:53,80
2026-04-03 17:08:55,80
2026-04-15 20:39:33,80
2026-04-15 20:40:34,80
2026-04-04 17:07:41,80
2026-04-03 17:18:02,80
2026-04-04 08:30:48,80
2026-04-04 08:35:52,80
2026-04-10 12:40:19,80
2026-04-05 21:54:35,80
2026-04-05 22:00:40,80
2026-04-13 22:17:18,80
2026-04-04 08:26:45,80
2026-04-13 10:28:18,80
2026-04-13 10:29:19,80
2026-04-13 10:30:20,80
2026-04-13 10:32:22,80
2026-04-13 10:55:42,80
2026-04-10 11:29:15,80
2026-04-05 14:40:43,80
2026-04-15 22:05:41,80
2026-04-13 11:03:49,80
2026-04-15 21:48:27,80
2026-04-15 21:49:28,80
2026-04-06 13:20:46,80
2026-04-09 02:26:30,80
2026-04-06 14:14:29,80
2026-04-10 11:01:51,80
2026-04-10 11:04:54,80
2026-04-04 08:19:39,80
2026-04-13 11:41:22,80
2026-04-05 07:35:20,80
2026-04-13 11:30:13,80
2026-04-10 19:10:05,80
2026-04-15 20:47:39,80
2026-04-15 20:48:40,80
2026-04-15 21:46:26,80
2026-04-06 12:57:27,80
2026-04-06 12:31:05,80
2026-04-15 22:15:50,80
2026-04-15 22:16:51,80
2026-04-06 13:43:04,80
2026-04-13 11:36:18,80
2026-04-13 11:37:19,80
2026-04-13 11:38:20,80
2026-04-06 13:15:42,80
2026-04-15 06:51:36,80
2026-04-13 11:35:17,80
2026-04-10 10:42:33,80
2026-04-13 23:17:55,80
2026-04-05 21:13:03,80
2026-04-14 23:32:37,80
2026-04-15 06:06:58,80
2026-04-05 20:16:19,80
2026-04-10 11:25:12,80
2026-04-15 03:53:07,80
2026-04-07 11:34:14,80
2026-04-07 07:04:12,80
2026-04-13 04:54:46,80
2026-04-07 18:48:16,80
2026-04-07 21:01:09,80
2026-04-07 21:53:46,80
2026-04-07 18:20:55,80
2026-04-07 18:23:58,80
2026-04-03 19:41:51,80
2026-04-03 19:42:51,80
2026-04-06 00:12:23,80
2026-04-07 11:49:26,80
2026-04-07 11:50:27,80
2026-04-07 18:02:40,80
2026-04-04 10:59:51,80
2026-04-15 09:22:46,80
2026-04-06 00:13:24,80
2026-04-04 11:38:23,80
2026-04-13 04:30:04,80
2026-04-13 04:33:06,80
2026-04-07 06:41:53,80
2026-04-07 05:48:09,80
2026-04-11 10:08:58,80
2026-04-04 02:25:02,80
2026-04-05 16:18:04,80
2026-04-15 03:58:11,80
2026-04-13 04:23:59,80
2026-04-13 04:25:00,80
2026-04-05 17:56:25,80
2026-04-05 17:58:27,80
2026-04-05 16:51:32,80
2026-04-15 04:12:23,80
2026-04-15 04:14:25,80
2026-04-04 02:16:56,80
2026-04-05 16:22:07,80
2026-04-15 03:09:32,80
2026-04-15 02:48:15,80
2026-04-13 04:27:02,79
2026-04-07 11:35:15,79
2026-04-13 05:44:23,79
2026-04-05 15:34:27,79
2026-04-15 03:12:34,79
2026-04-15 03:01:25,79
2026-04-15 02:16:51,79
2026-04-04 04:44:50,79
2026-04-04 02:07:48,79
2026-04-15 04:11:22,79
2026-04-13 04:22:59,79
2026-04-13 04:28:03,79
2026-04-13 04:34:07,79
2026-04-07 06:46:57,79
2026-04-04 10:58:50,79
2026-04-04 11:33:19,79
2026-04-15 09:34:57,79
2026-04-03 19:40:50,79
2026-04-05 13:43:58,79
2026-04-07 18:07:44,79
2026-04-07 18:21:56,79
2026-04-07 18:22:57,79
2026-04-15 03:43:59,79
2026-04-15 03:45:00,79
2026-04-15 03:56:10,79
2026-04-07 10:37:27,79
2026-04-13 04:01:43,79
2026-04-07 00:30:45,79
2026-04-07 00:34:49,79
2026-04-07 01:07:14,79
2026-04-08 11:00:47,79
2026-04-07 00:49:00,79
2026-04-07 00:50:01,79
2026-04-07 00:26:42,79
2026-04-05 17:36:09,79
2026-04-04 05:11:11,79
2026-04-13 04:20:57,79
2026-04-13 04:21:58,79
2026-04-07 03:51:29,79
2026-04-07 06:03:21,79
2026-04-07 03:03:50,79
2026-04-07 02:07:03,79
2026-04-13 06:00:36,79
2026-04-13 06:01:37,79
2026-04-13 05:47:26,79
2026-04-13 05:49:27,79
2026-04-13 04:02:44,79
2026-04-05 15:18:14,79
2026-04-15 02:00:38,79
2026-04-05 18:08:35,79
2026-04-15 09:53:13,79
2026-04-13 04:08:48,79
2026-04-06 23:55:17,79
2026-04-06 22:23:00,79
2026-04-06 22:51:24,79
2026-04-06 22:07:48,79
2026-04-13 05:55:32,79
2026-04-06 21:28:16,79
2026-04-04 08:14:35,79
2026-04-04 08:09:31,79
2026-04-04 08:34:52,79
2026-04-10 11:56:40,79
2026-04-10 11:58:41,79
2026-04-04 08:13:34,79
2026-04-03 16:21:18,79
2026-04-03 16:22:19,79
2026-04-13 10:57:44,79
2026-04-13 10:40:29,79
2026-04-05 07:02:57,79
2026-04-13 10:58:45,79
2026-04-13 10:59:46,79
2026-04-13 10:56:43,79
2026-04-05 22:56:23,79
2026-04-13 22:21:21,79
2026-04-15 22:06:42,79
2026-04-06 13:29:53,79
2026-04-06 13:30:53,79
2026-04-06 13:32:55,79
2026-04-15 22:03:40,79
2026-04-06 13:18:44,79
2026-04-06 13:23:48,79
2026-04-06 13:24:49,79
2026-04-10 11:10:59,79
2026-04-03 22:17:51,79
2026-04-04 08:15:36,79
2026-04-05 22:55:23,79
2026-04-16 00:12:26,79
2026-04-16 00:58:05,79
2026-04-06 14:02:19,79
2026-04-06 14:12:27,79
2026-04-05 22:26:00,79
2026-04-05 22:27:01,79
2026-04-04 08:51:05,79
2026-04-15 07:21:02,79
2026-04-15 07:32:12,79
2026-04-15 07:36:15,79
2026-04-05 23:23:45,79
2026-04-05 22:04:44,79
2026-04-15 22:27:59,79
2026-04-03 21:45:26,79
2026-04-05 14:12:20,79
2026-04-10 12:12:54,79
2026-04-10 12:26:06,79
2026-04-10 12:27:07,79
2026-04-04 09:00:12,79
2026-04-03 22:14:48,79
2026-04-13 10:13:05,79
2026-04-13 10:14:06,79
2026-04-13 09:23:22,79
2026-04-13 08:51:55,79
2026-04-13 10:39:28,79
2026-04-13 10:23:14,79
2026-04-13 10:26:17,79
2026-04-04 19:24:25,79
2026-04-03 16:23:19,79
2026-04-15 17:56:33,79
2026-04-04 17:08:42,79
2026-04-15 17:21:06,79
2026-04-15 17:24:08,79
2026-04-09 11:36:16,79
2026-04-05 09:13:31,79
2026-04-13 10:12:04,79
2026-04-06 18:43:08,79
2026-04-16 01:15:19,79
2026-04-08 23:40:10,79
2026-04-09 02:32:35,79
2026-04-09 02:33:36,79
2026-04-16 01:17:21,79
2026-04-16 01:26:28,79
2026-04-16 01:32:33,79
2026-04-13 10:11:04,79
2026-04-13 09:12:13,79
2026-04-06 19:12:30,79
2026-04-16 02:04:00,79
2026-04-16 02:06:02,79
2026-04-16 02:00:57,79
2026-04-06 18:58:20,79
2026-04-13 08:44:49,79
2026-04-10 10:28:20,79
2026-04-15 06:22:11,79
2026-04-05 20:20:22,79
2026-04-04 07:11:46,79
2026-04-06 17:51:33,79
2026-04-13 10:24:15,79
2026-04-13 10:25:16,79
2026-04-13 10:10:03,79
2026-04-15 07:20:01,79
2026-04-05 09:05:26,79
2026-04-03 16:09:08,79
2026-04-15 00:16:13,79
2026-04-10 10:29:21,79
2026-04-14 23:55:56,79
2026-04-14 23:58:59,79
2026-04-04 06:29:13,79
2026-04-06 19:16:34,79
2026-04-06 19:28:43,79
2026-04-06 18:36:03,79
2026-04-08 22:27:08,79
2026-04-06 18:59:20,79
2026-04-06 19:10:29,79
2026-04-09 17:03:04,79
2026-04-03 15:40:45,79
2026-04-15 05:53:47,79
2026-04-04 00:19:23,79
2026-04-04 00:23:26,79
2026-04-15 00:34:28,79
2026-04-04 00:13:18,79
2026-04-04 00:14:19,79
2026-04-04 00:15:20,79
2026-04-05 04:36:13,79
2026-04-15 16:50:39,79
2026-04-15 16:51:40,79
2026-04-05 09:49:59,79
2026-04-03 15:30:37,79
2026-04-03 15:21:30,79
2026-04-03 15:22:31,79
2026-04-15 16:00:54,79
2026-04-04 00:27:29,79
2026-04-13 08:42:48,79
2026-04-04 16:41:20,79
2026-04-06 11:49:31,79
2026-04-06 11:52:34,79
2026-04-15 16:54:43,79
2026-04-09 15:34:47,79
2026-04-06 09:13:17,79
2026-04-15 16:49:39,79
2026-04-15 00:48:39,79
2026-04-04 09:39:45,79
2026-04-15 07:57:33,79
2026-04-03 22:16:50,79
2026-04-03 22:07:43,79
2026-04-03 22:00:38,79
2026-04-05 10:04:10,79
2026-04-05 11:31:16,79
2026-04-16 02:27:19,79
2026-04-16 03:11:56,79
2026-04-16 03:12:57,79
2026-04-08 20:21:26,79
2026-04-13 08:02:15,79
2026-04-16 02:47:37,79
2026-04-16 02:57:45,79
2026-04-15 01:04:52,79
2026-04-05 02:07:27,79
2026-04-15 07:55:32,79
2026-04-13 07:55:09,79
2026-04-08 20:40:41,79
2026-04-08 20:41:42,79
2026-04-16 03:17:01,79
2026-04-08 20:25:29,79
2026-04-08 20:26:30,79
2026-04-03 15:25:33,79
2026-04-03 15:27:35,79
2026-04-12 18:21:19,79
2026-04-12 18:22:20,79
2026-04-03 14:05:25,79
2026-04-15 13:33:29,79
2026-04-03 13:52:14,79
2026-04-03 13:53:15,79
2026-04-13 07:58:11,79
2026-04-13 07:08:30,79
2026-04-04 14:57:00,79
2026-04-05 10:57:50,79
2026-04-12 18:24:21,79
2026-04-15 13:21:18,79
2026-04-11 02:12:39,79
2026-04-11 00:07:49,79
2026-04-15 05:27:26,79
2026-04-15 05:09:11,79
2026-04-15 05:11:12,79
2026-04-04 06:11:59,79
2026-04-04 00:31:33,79
2026-04-04 00:40:40,79
2026-04-13 07:33:51,79
2026-04-13 07:56:10,79
2026-04-13 06:48:14,79
2026-04-04 05:36:31,79
2026-04-04 05:26:23,79
2026-04-04 04:27:37,79
2026-04-04 06:15:02,79
2026-04-15 05:24:23,79
2026-04-04 06:16:02,79
2026-04-04 00:47:45,79
2026-04-15 13:37:33,79
2026-04-15 13:38:34,79
2026-04-03 13:39:03,79
2026-04-03 15:41:46,79
2026-04-03 14:45:59,79
2026-04-04 14:26:35,79
2026-04-04 14:55:59,79
2026-04-09 20:27:41,79
2026-04-13 06:56:20,79
2026-04-16 03:41:20,79
2026-04-16 03:43:22,79
2026-04-13 06:45:11,79
2026-04-13 06:46:12,79
2026-04-15 08:33:04,79
2026-04-15 08:37:07,79
2026-04-04 09:52:55,79
2026-04-16 04:31:02,79
2026-04-16 04:33:04,79
2026-04-16 03:44:23,79
2026-04-08 19:50:02,79
2026-04-08 19:52:04,79
2026-04-08 19:53:04,79
2026-04-13 06:54:19,79
2026-04-13 06:55:20,79
2026-04-15 08:43:12,79
2026-04-05 14:03:13,79
2026-04-03 14:25:42,79
2026-04-06 20:13:17,79
2026-04-13 03:19:13,79
2026-04-13 06:11:45,79
2026-04-13 06:25:56,79
2026-04-16 04:30:01,79
2026-04-11 02:05:33,79
2026-04-09 20:57:04,79
2026-04-09 20:59:06,79
2026-04-09 20:34:47,79
2026-04-09 20:54:02,79
2026-04-09 20:56:04,79
2026-04-13 17:52:12,79
2026-04-03 14:55:08,79
2026-04-15 04:55:59,79
2026-04-04 05:53:45,79
2026-04-13 06:31:00,79
2026-04-13 06:39:07,79
2026-04-06 20:14:18,79
2026-04-06 19:42:53,79
2026-04-11 12:36:44,79
2026-04-09 21:31:32,79
2026-04-15 01:26:10,79
2026-04-05 19:37:48,79
2026-04-05 19:38:48,79
2026-04-15 05:08:10,79
2026-04-04 01:25:15,79
2026-04-04 01:12:04,79
2026-04-04 05:46:39,79
2026-04-04 05:47:40,79
2026-04-15 12:08:13,79
2026-04-15 12:09:14,79
2026-04-09 20:39:51,79
2026-04-04 12:57:24,79
2026-04-04 02:33:09,79
2026-04-04 01:13:05,79
2026-04-04 01:14:06,79
2026-04-15 01:16:02,79
2026-04-03 20:43:38,79
2026-04-03 20:44:39,79
2026-04-15 08:22:55,79
2026-04-03 21:42:24,79
2026-04-05 13:30:48,79
2026-04-03 20:42:38,79
2026-04-03 19:14:30,79
2026-04-15 12:06:11,79
2026-04-06 19:32:46,79
2026-04-07 00:10:29,79
2026-04-06 23:07:37,79
2026-04-06 20:26:28,79
2026-04-15 01:30:13,79
2026-04-15 01:31:14,79
2026-04-15 01:15:01,79
2026-04-03 21:30:15,79
2026-04-05 18:32:55,79
2026-04-04 01:46:32,79
2026-04-04 02:26:03,79
2026-04-04 02:29:05,79
2026-04-06 21:27:15,79
2026-04-13 06:26:57,79
2026-04-06 21:21:11,79
2026-04-06 21:05:59,79
2026-04-15 11:26:37,79
2026-04-04 13:11:35,79
2026-04-15 11:36:46,79
2026-04-03 19:19:34,79
2026-04-15 11:23:35,79
2026-04-03 21:29:14,79
2026-04-05 18:52:10,79
2026-04-05 18:23:47,79
2026-04-15 12:10:15,79
2026-04-15 11:54:01,79
2026-04-11 02:07:34,79
2026-04-11 02:10:37,79
2026-04-03 18:59:19,79
2026-04-05 12:31:02,79
2026-04-09 21:04:10,79
2026-04-04 13:23:44,79
2026-04-06 01:20:17,79
2026-04-04 11:29:15,79
2026-04-04 10:54:47,79
2026-04-06 00:48:52,79
2026-04-06 00:49:53,79
2026-04-15 09:50:10,79
2026-04-13 21:02:23,79
2026-04-05 02:35:48,79
2026-04-06 01:46:39,79
2026-04-06 02:01:52,79
2026-04-13 19:56:30,79
2026-04-11 02:50:11,79
2026-04-06 03:46:20,79
2026-04-03 20:27:26,79
2026-04-03 20:31:29,79
2026-04-06 01:18:16,79
2026-04-12 16:16:31,79
2026-04-05 11:42:24,79
2026-04-05 13:12:34,79
2026-04-15 11:08:21,79
2026-04-09 21:47:46,79
2026-04-09 22:17:11,79
2026-04-15 11:05:18,79
2026-04-09 22:32:24,79
2026-04-03 21:31:15,79
2026-04-03 20:45:40,79
2026-04-03 20:48:42,79
2026-04-15 08:52:20,79
2026-04-06 00:33:40,79
2026-04-04 09:42:47,79
2026-04-05 01:35:03,79
2026-04-05 11:41:24,79
2026-04-07 18:19:55,79
2026-04-07 18:42:11,79
2026-04-10 23:52:36,79
2026-04-13 04:50:30,79
2026-04-13 04:51:43,79
2026-04-03 11:27:14,79
2026-04-07 18:43:12,79
2026-04-05 00:07:57,79
2026-04-07 11:48:25,79
2026-04-07 19:05:30,79
2026-04-07 11:03:49,79
2026-04-07 18:41:11,79
2026-04-13 04:58:49,79
2026-04-13 04:59:49,79
2026-04-13 05:00:50,79
2026-04-07 19:06:30,79
2026-04-15 09:05:31,79
2026-04-03 21:07:57,79
2026-04-03 20:57:50,79
2026-04-03 21:00:52,79
2026-04-05 12:57:22,79
2026-04-13 21:18:36,79
2026-04-05 13:44:59,79
2026-04-04 10:56:49,79
2026-04-07 00:53:03,79
2026-04-13 04:00:42,79
2026-04-04 10:53:46,79
2026-04-04 10:19:18,79
2026-04-04 11:08:59,79
2026-04-04 11:10:00,79
2026-04-05 23:49:05,79
2026-04-05 23:35:54,79
2026-04-04 16:12:58,79
2026-04-04 17:03:38,79
2026-04-06 12:08:46,79
2026-04-13 11:42:23,79
2026-04-05 07:18:08,79
2026-04-13 12:36:11,79
2026-04-13 22:32:30,79
2026-04-10 10:58:48,79
2026-04-13 11:40:21,79
2026-04-06 13:16:42,79
2026-04-13 11:25:08,79
2026-04-06 13:27:51,79
2026-04-15 22:17:51,79
2026-04-03 18:14:45,79
2026-04-15 20:59:49,79
2026-04-06 12:03:42,79
2026-04-05 22:20:56,79
2026-04-15 06:48:33,79
2026-04-03 22:21:54,79
2026-04-03 22:27:59,79
2026-04-05 21:06:58,79
2026-04-05 21:07:59,79
2026-04-05 07:01:56,79
2026-04-13 11:39:20,79
2026-04-14 23:31:36,79
2026-04-14 23:35:40,79
2026-04-05 21:36:21,79
2026-04-10 11:17:04,79
2026-04-10 10:43:34,79
2026-04-05 21:12:03,79
2026-04-05 21:38:23,79
2026-04-05 21:45:29,79
2026-04-03 11:28:15,78
2026-04-13 05:37:18,78
2026-04-13 04:57:48,78
2026-04-07 07:38:41,78
2026-04-07 10:56:43,78
2026-04-05 00:08:58,78
2026-04-07 11:00:46,78
2026-04-04 23:07:11,78
2026-04-07 11:36:16,78
2026-04-07 11:39:18,78
2026-04-07 11:41:20,78
2026-04-07 10:57:44,78
2026-04-07 10:58:45,78
2026-04-05 16:36:19,78
2026-04-15 03:46:01,78
2026-04-04 04:01:17,78
2026-04-15 03:55:09,78
2026-04-05 17:18:54,78
2026-04-07 18:24:59,78
2026-04-07 18:25:59,78
2026-04-07 21:02:09,78
2026-04-13 05:22:07,78
2026-04-13 05:23:07,78
2026-04-13 05:24:08,78
2026-04-13 05:33:15,78
2026-04-06 20:42:41,78
2026-04-06 21:51:35,78
2026-04-06 21:10:02,78
2026-04-13 04:06:47,78
2026-04-13 04:07:48,78
2026-04-07 00:42:55,78
2026-04-07 00:25:41,78
2026-04-07 01:50:50,78
2026-04-13 05:53:30,78
2026-04-13 04:10:50,78
2026-04-13 05:58:34,78
2026-04-13 05:59:35,78
2026-04-13 05:56:33,78
2026-04-13 05:57:34,78
2026-04-04 23:51:45,78
2026-04-06 21:15:06,78
2026-04-04 05:12:12,78
2026-04-04 04:28:38,78
2026-04-04 04:29:39,78
2026-04-04 02:09:50,78
2026-04-13 04:05:46,78
2026-04-13 05:50:28,78
2026-04-13 05:51:29,78
2026-04-13 05:52:30,78
2026-04-13 06:03:39,78
2026-04-04 01:47:32,78
2026-04-04 01:48:33,78
2026-04-04 02:32:08,78
2026-04-04 01:51:36,78
2026-04-05 18:49:08,78
2026-04-05 18:21:45,78
2026-04-05 19:05:21,78
2026-04-15 11:24:35,78
2026-04-06 04:59:24,78
2026-04-04 13:12:36,78
2026-04-04 13:13:36,78
2026-04-03 19:31:43,78
2026-04-03 19:32:44,78
2026-04-03 19:33:45,78
2026-04-05 11:19:07,78
2026-04-04 10:40:35,78
2026-04-04 10:44:39,78
2026-04-05 01:48:12,78
2026-04-05 01:51:15,78
2026-04-03 21:27:12,78
2026-04-03 20:15:17,78
2026-04-03 19:27:40,78
2026-04-15 11:16:28,78
2026-04-12 16:02:20,78
2026-04-03 19:07:25,78
2026-04-05 11:49:30,78
2026-04-04 10:30:27,78
2026-04-04 09:41:46,78
2026-04-04 09:43:48,78
2026-04-05 01:34:02,78
2026-04-04 10:37:33,78
2026-04-03 20:21:21,78
2026-04-06 03:44:18,78
2026-04-15 10:19:37,78
2026-04-15 10:36:53,78
2026-04-15 10:37:54,78
2026-04-04 12:50:18,78
2026-04-05 11:39:22,78
2026-04-05 11:40:23,78
2026-04-09 20:52:00,78
2026-04-15 12:22:25,78
2026-04-15 12:31:33,78
2026-04-04 14:24:34,78
2026-04-04 14:11:23,78
2026-04-11 02:11:38,78
2026-04-11 02:37:00,78
2026-04-11 01:07:43,78
2026-04-04 10:04:05,78
2026-04-04 09:49:53,78
2026-04-13 17:51:11,78
2026-04-03 15:15:25,78
2026-04-11 01:21:55,78
2026-04-13 17:54:13,78
2026-04-09 20:48:58,78
2026-04-09 20:35:48,78
2026-04-03 19:28:41,78
2026-04-03 19:15:31,78
2026-04-03 19:16:32,78
2026-04-05 13:29:47,78
2026-04-05 23:21:43,78
2026-04-15 08:23:56,78
2026-04-15 08:36:06,78
2026-04-15 08:38:08,78
2026-04-05 11:10:00,78
2026-04-13 19:01:50,78
2026-04-13 18:59:49,78
2026-04-13 19:00:49,78
2026-04-15 12:11:16,78
2026-04-15 12:04:10,78
2026-04-09 20:38:50,78
2026-04-03 19:20:35,78
2026-04-03 15:38:43,78
2026-04-03 15:39:44,78
2026-04-03 15:26:34,78
2026-04-03 15:33:39,78
2026-04-03 15:34:40,78
2026-04-03 15:35:41,78
2026-04-03 15:36:42,78
2026-04-05 10:25:25,78
2026-04-05 23:11:35,78
2026-04-03 13:47:10,78
2026-04-03 13:48:11,78
2026-04-03 13:49:12,78
2026-04-03 13:56:17,78
2026-04-03 13:50:12,78
2026-04-15 15:17:05,78
2026-04-03 15:37:43,78
2026-04-05 13:27:45,78
2026-04-05 13:28:46,78
2026-04-05 02:03:24,78
2026-04-05 22:36:08,78
2026-04-05 22:37:09,78
2026-04-05 23:59:13,78
2026-04-04 09:40:46,78
2026-04-04 08:38:55,78
2026-04-04 14:27:36,78
2026-04-04 14:38:45,78
2026-04-04 14:39:46,78
2026-04-04 14:49:54,78
2026-04-04 14:52:56,78
2026-04-03 13:40:04,78
2026-04-05 10:03:09,78
2026-04-05 11:30:15,78
2026-04-03 17:03:51,78
2026-04-03 17:09:56,78
2026-04-05 08:31:00,78
2026-04-03 17:16:00,78
2026-04-15 17:01:49,78
2026-04-15 17:55:32,78
2026-04-04 16:55:31,78
2026-04-04 16:56:32,78
2026-04-04 08:52:06,78
2026-04-04 08:53:06,78
2026-04-04 08:50:04,78
2026-04-04 09:07:18,78
2026-04-04 09:08:19,78
2026-04-03 22:15:49,78
2026-04-03 21:47:28,78
2026-04-05 09:14:32,78
2026-04-05 09:31:45,78
2026-04-03 15:32:39,78
2026-04-05 09:40:52,78
2026-04-05 09:00:22,78
2026-04-06 11:44:27,78
2026-04-06 11:51:33,78
2026-04-06 11:43:26,78
2026-04-03 16:14:12,78
2026-04-03 13:33:59,78
2026-04-04 15:55:45,78
2026-04-15 15:45:41,78
2026-04-12 19:01:51,78
2026-04-12 19:02:51,78
2026-04-12 18:56:47,78
2026-04-12 18:58:48,78
2026-04-05 09:30:44,78
2026-04-05 01:20:52,78
2026-04-03 18:15:46,78
2026-04-03 17:49:26,78
2026-04-03 17:47:25,78
2026-04-03 17:48:26,78
2026-04-03 16:59:48,78
2026-04-03 17:02:50,78
2026-04-06 14:01:18,78
2026-04-04 17:02:37,78
2026-04-06 12:06:45,78
2026-04-06 12:09:47,78
2026-04-15 20:41:35,78
2026-04-15 20:42:35,78
2026-04-15 20:49:41,78
2026-04-15 21:13:00,78
2026-04-06 12:12:49,78
2026-04-10 11:43:28,78
2026-04-10 11:57:40,78
2026-04-04 08:10:32,78
2026-04-04 08:12:34,78
2026-04-10 11:02:52,78
2026-04-03 22:32:02,78
2026-04-05 07:07:00,78
2026-04-05 07:34:20,78
2026-04-03 17:25:08,78
2026-04-03 16:48:39,78
2026-04-03 16:24:20,78
2026-04-03 16:25:21,78
2026-04-03 16:26:22,78
2026-04-03 16:27:22,78
2026-04-10 12:28:08,78
2026-04-10 12:41:20,78
2026-04-05 06:48:46,78
2026-04-06 13:19:45,78
2026-04-15 22:12:47,78
2026-04-06 13:44:04,78
2026-04-04 18:10:29,78
2026-04-15 22:57:24,78
2026-04-16 00:13:27,78
2026-04-06 14:15:30,78
2026-04-05 21:05:58,78
2026-04-05 22:23:58,78
2026-04-05 21:35:20,78
2026-04-05 14:48:50,78
2026-04-05 14:39:42,78
2026-04-13 10:27:18,78
2026-04-05 07:49:30,78
2026-04-05 07:12:03,78
2026-04-06 13:17:43,78
2026-04-13 11:23:06,78
2026-04-13 11:24:07,78
2026-04-13 11:27:10,78
2026-04-05 07:00:55,78
2026-04-03 22:22:55,78
2026-04-03 22:26:58,78
2026-04-03 22:35:04,78
2026-04-09 09:17:13,78
2026-04-09 09:08:06,78
2026-04-15 21:45:25,78
2026-04-04 17:26:56,78
2026-04-15 21:30:13,78
2026-04-15 21:33:16,78
2026-04-15 21:47:27,78
2026-04-06 13:12:39,78
2026-04-06 18:40:06,78
2026-04-06 18:42:07,78
2026-04-08 20:27:31,78
2026-04-16 02:05:01,78
2026-04-06 19:17:34,78
2026-04-06 19:25:40,78
2026-04-06 18:37:03,78
2026-04-06 19:02:23,78
2026-04-14 23:54:56,78
2026-04-04 00:26:29,78
2026-04-15 00:30:24,78
2026-04-15 00:31:25,78
2026-04-15 00:32:26,78
2026-04-09 02:28:32,78
2026-04-09 02:31:35,78
2026-04-09 02:27:31,78
2026-04-09 03:38:23,78
2026-04-15 06:24:13,78
2026-04-15 06:33:21,78
2026-04-05 20:31:31,78
2026-04-04 07:14:48,78
2026-04-05 21:51:33,78
2026-04-04 07:31:01,78
2026-04-04 06:28:12,78
2026-04-06 16:24:23,78
2026-04-04 18:39:51,78
2026-04-04 19:23:24,78
2026-04-06 16:40:36,78
2026-04-05 07:17:07,78
2026-04-05 05:20:45,78
2026-04-15 23:14:38,78
2026-04-06 17:32:19,78
2026-04-08 20:20:25,78
2026-04-08 20:22:27,78
2026-04-08 20:23:28,78
2026-04-08 20:28:32,78
2026-04-08 20:30:33,78
2026-04-08 20:19:25,78
2026-04-08 20:36:38,78
2026-04-08 20:37:39,78
2026-04-04 05:56:47,78
2026-04-15 00:49:40,78
2026-04-04 00:28:30,78
2026-04-15 01:02:51,78
2026-04-13 08:03:16,78
2026-04-13 08:17:27,78
2026-04-13 08:19:29,78
2026-04-06 19:07:27,78
2026-04-04 00:22:25,78
2026-04-04 00:24:27,78
2026-04-04 00:25:28,78
2026-04-05 20:01:07,78
2026-04-04 05:27:24,78
2026-04-15 05:48:43,78
2026-04-15 05:55:49,78
2026-04-15 05:56:50,78
2026-04-06 19:14:32,78
2026-04-06 19:26:41,78
2026-04-13 08:27:35,78
2026-04-13 08:28:36,78
2026-04-13 08:29:37,78
2026-04-13 08:30:38,78
2026-04-12 23:12:02,78
2026-04-15 00:17:14,78
2026-04-04 05:45:38,78
2026-04-13 07:12:33,78
2026-04-16 03:40:19,78
2026-04-08 20:18:24,78
2026-04-08 19:49:01,78
2026-04-13 06:10:44,78
2026-04-13 06:12:46,78
2026-04-13 03:35:24,78
2026-04-15 05:12:13,78
2026-04-04 06:10:58,78
2026-04-15 05:22:21,78
2026-04-04 06:08:57,78
2026-04-04 05:35:30,78
2026-04-04 06:25:10,78
2026-04-04 05:25:22,78
2026-04-04 04:55:59,78
2026-04-13 07:37:54,78
2026-04-13 07:38:55,78
2026-04-13 07:09:31,78
2026-04-13 07:43:59,78
2026-04-13 07:54:08,78
2026-04-13 07:34:52,78
2026-04-13 07:57:11,78
2026-04-04 01:29:18,78
2026-04-08 20:38:39,78
2026-04-08 20:39:40,78
2026-04-08 20:24:29,78
2026-04-08 20:46:45,78
2026-04-16 03:13:58,78
2026-04-16 03:14:59,78
2026-04-16 03:36:16,78
2026-04-16 03:37:17,78
2026-04-06 20:35:35,78
2026-04-06 19:36:49,78
2026-04-06 20:43:41,78
2026-04-06 20:54:50,78
2026-04-06 20:55:51,78
2026-04-06 21:07:00,78
2026-04-13 06:28:58,78
2026-04-13 06:02:38,78
2026-04-15 01:28:12,78
2026-04-15 01:34:17,78
2026-04-04 02:34:09,78
2026-04-04 01:32:21,78
2026-04-07 00:20:38,78
2026-04-07 00:51:01,78
2026-04-06 20:27:29,78
2026-04-06 20:29:30,78
2026-04-13 03:41:28,78
2026-04-15 04:54:58,78
2026-04-04 04:57:00,78
2026-04-04 04:59:02,78
2026-04-15 05:18:18,78
2026-04-05 19:35:46,78
2026-04-04 01:08:01,78
2026-04-04 01:18:09,78
2026-04-13 03:36:25,78
2026-04-13 03:33:23,78
2026-04-11 12:35:43,78
2026-04-06 19:57:04,78
2026-04-13 06:41:08,78
2026-04-13 06:42:09,78
2026-04-13 03:37:25,78
2026-04-13 03:38:26,78
2026-04-05 15:49:39,78
2026-04-04 23:37:34,78
2026-04-04 23:38:35,78
2026-04-13 05:39:20,78
2026-04-04 22:48:57,78
2026-04-13 05:38:19,78
2026-04-03 11:29:15,78
2026-04-13 05:34:16,78
2026-04-04 04:42:49,78
2026-04-04 04:43:50,78
2026-04-15 02:47:14,78
2026-04-15 02:34:04,78
2026-04-15 02:15:50,78
2026-04-04 03:42:01,78
2026-04-04 03:27:50,78
2026-04-15 03:00:24,78
2026-04-07 03:35:16,78
2026-04-07 02:50:39,78
2026-04-07 06:50:00,78
2026-04-13 03:59:41,78
2026-04-04 02:06:48,78
2026-04-05 16:05:53,78
2026-04-05 16:04:53,78
2026-04-05 18:35:57,78
2026-04-07 00:57:06,78
2026-04-08 10:44:35,78
2026-04-13 04:15:53,78
2026-04-13 04:16:54,78
2026-04-13 04:17:55,78
2026-04-07 02:51:40,78
2026-04-07 03:04:51,78
2026-04-07 02:21:15,78
2026-04-05 12:13:49,78
2026-04-03 20:07:10,78
2026-04-06 00:35:42,78
2026-04-04 10:55:48,78
2026-04-06 00:51:55,78
2026-04-06 00:52:55,78
2026-04-06 01:45:38,78
2026-04-04 11:25:12,78
2026-04-03 20:58:50,78
2026-04-03 20:59:51,78
2026-04-03 21:03:54,78
2026-04-03 21:04:55,78
2026-04-03 21:05:56,78
2026-04-03 21:06:57,78
2026-04-04 11:00:52,78
2026-04-15 09:08:34,78
2026-04-15 09:48:09,78
2026-04-04 11:34:19,78
2026-04-04 11:39:24,78
2026-04-06 00:22:31,78
2026-04-04 11:41:25,78
2026-04-05 13:45:59,78
2026-04-03 20:52:46,78
2026-04-03 20:56:49,78
2026-04-13 05:35:17,78
2026-04-13 05:21:06,78
2026-04-07 10:47:36,78
2026-04-05 12:43:11,78
2026-04-06 00:09:21,78
2026-04-15 09:21:45,78
2026-04-06 01:05:05,78
2026-04-15 09:32:55,78
2026-04-07 18:13:50,77
2026-04-04 23:23:23,77
2026-04-07 11:37:17,77
2026-04-07 18:44:13,77
2026-04-07 10:59:45,77
2026-04-07 18:40:10,77
2026-04-07 18:27:00,77
2026-04-05 00:06:57,77
2026-04-13 05:36:17,77
2026-04-13 05:30:13,77
2026-04-07 03:20:03,77
2026-04-05 10:26:26,77
2026-04-05 10:29:28,77
2026-04-03 16:10:09,77
2026-04-03 16:11:10,77
2026-04-07 18:16:52,77
2026-04-03 16:12:10,77
2026-04-05 09:11:30,77
2026-04-04 16:26:08,77
2026-04-06 10:57:48,77
2026-04-09 11:41:20,77
2026-04-06 11:50:32,77
2026-04-05 08:35:03,77
2026-04-03 17:23:06,77
2026-04-04 17:05:39,77
2026-04-05 08:59:21,77
2026-04-13 04:13:52,77
2026-04-13 04:14:53,77
2026-04-07 00:56:05,77
2026-04-15 02:33:03,77
2026-04-07 00:23:40,77
2026-04-07 00:24:41,77
2026-04-07 00:54:04,77
2026-04-13 03:55:39,77
2026-04-15 02:19:53,77
2026-04-04 04:40:47,77
2026-04-04 03:30:53,77
2026-04-04 03:31:53,77
2026-04-15 04:10:22,77
2026-04-04 03:24:48,77
2026-04-15 02:14:49,77
2026-04-15 17:25:09,77
2026-04-15 20:36:31,77
2026-04-15 18:07:42,77
2026-04-03 16:28:23,77
2026-04-12 19:00:50,77
2026-04-12 19:03:52,77
2026-04-12 18:55:46,77
2026-04-09 17:34:32,77
2026-04-09 17:36:33,77
2026-04-04 16:09:56,77
2026-04-12 18:57:47,77
2026-04-12 18:59:49,77
2026-04-15 16:01:55,77
2026-04-09 17:18:18,77
2026-04-09 17:19:19,77
2026-04-04 01:57:40,77
2026-04-04 01:58:41,77
2026-04-04 01:59:42,77
2026-04-04 02:00:43,77
2026-04-04 02:01:44,77
2026-04-04 05:13:13,77
2026-04-04 05:14:13,77
2026-04-15 01:59:37,77
2026-04-15 01:54:33,77
2026-04-04 02:08:49,77
2026-04-06 21:14:05,77
2026-04-04 05:10:10,77
2026-04-05 17:35:08,77
2026-04-05 18:50:09,77
2026-04-15 01:47:27,77
2026-04-04 04:30:39,77
2026-04-13 06:06:41,77
2026-04-13 06:07:42,77
2026-04-03 18:29:57,77
2026-04-03 17:00:49,77
2026-04-03 17:01:49,77
2026-04-09 12:39:10,77
2026-04-05 08:32:01,77
2026-04-05 08:33:02,77
2026-04-03 18:17:48,77
2026-04-03 18:18:48,77
2026-04-03 17:46:24,77
2026-04-03 17:50:27,77
2026-04-03 14:04:24,77
2026-04-12 18:25:22,77
2026-04-12 18:26:23,77
2026-04-03 18:16:47,77
2026-04-03 13:42:06,77
2026-04-03 13:43:07,77
2026-04-03 13:44:07,77
2026-04-15 13:36:32,77
2026-04-15 14:17:08,77
2026-04-15 14:32:23,77
2026-04-03 13:59:20,77
2026-04-07 00:38:52,77
2026-04-13 06:04:39,77
2026-04-11 12:34:42,77
2026-04-06 21:25:14,77
2026-04-04 01:45:31,77
2026-04-04 01:33:21,77
2026-04-06 20:56:52,77
2026-04-06 20:58:53,77
2026-04-06 20:28:30,77
2026-04-15 01:32:15,77
2026-04-04 01:52:36,77
2026-04-04 01:53:37,77
2026-04-04 01:55:39,77
2026-04-04 01:56:40,77
2026-04-04 01:23:13,77
2026-04-15 01:45:26,77
2026-04-15 01:46:26,77
2026-04-04 05:38:32,77
2026-04-15 05:05:07,77
2026-04-05 20:46:43,77
2026-04-04 05:43:36,77
2026-04-04 05:44:37,77
2026-04-04 04:26:36,77
2026-04-04 06:26:11,77
2026-04-04 04:58:01,77
2026-04-13 03:32:22,77
2026-04-04 06:20:06,77
2026-04-15 05:25:24,77
2026-04-13 03:24:16,77
2026-04-13 03:18:12,77
2026-04-13 03:20:13,77
2026-04-13 03:42:29,77
2026-04-13 03:43:30,77
2026-04-13 03:44:31,77
2026-04-03 15:31:38,77
2026-04-12 19:05:54,77
2026-04-03 13:55:17,77
2026-04-03 13:41:05,77
2026-04-11 01:37:09,77
2026-04-05 10:42:38,77
2026-04-04 14:51:55,77
2026-04-04 14:54:58,77
2026-04-13 17:35:59,77
2026-04-03 18:06:39,77
2026-04-03 18:07:40,77
2026-04-04 14:47:52,77
2026-04-13 06:40:07,77
2026-04-13 03:39:27,77
2026-04-06 20:11:15,77
2026-04-06 20:12:16,77
2026-04-06 19:58:05,77
2026-04-16 03:42:21,77
2026-04-08 17:52:32,77
2026-04-08 17:53:33,77
2026-04-08 17:54:33,77
2026-04-06 19:59:06,77
2026-04-06 19:39:51,77
2026-04-08 17:55:34,77
2026-04-15 01:14:00,77
2026-04-15 05:10:11,77
2026-04-04 00:30:32,77
2026-04-15 06:03:55,77
2026-04-15 00:47:38,77
2026-04-04 05:55:46,77
2026-04-04 06:41:22,77
2026-04-05 01:19:51,77
2026-04-09 09:51:43,77
2026-04-05 07:50:31,77
2026-04-13 18:58:48,77
2026-04-06 12:04:43,77
2026-04-04 16:11:57,77
2026-04-05 01:18:50,77
2026-04-11 02:20:46,77
2026-04-11 01:06:42,77
2026-04-11 01:36:08,77
2026-04-04 14:32:40,77
2026-04-04 14:23:33,77
2026-04-09 21:00:07,77
2026-04-03 18:49:11,77
2026-04-16 03:34:15,77
2026-04-16 03:35:15,77
2026-04-03 23:56:05,77
2026-04-03 23:58:07,77
2026-04-15 05:38:35,77
2026-04-15 05:40:36,77
2026-04-05 19:49:57,77
2026-04-04 21:08:44,77
2026-04-14 23:40:44,77
2026-04-14 23:43:46,77
2026-04-15 00:15:12,77
2026-04-08 19:48:00,77
2026-04-13 07:11:33,77
2026-04-05 04:50:23,77
2026-04-15 00:00:00,77
2026-04-14 23:51:53,77
2026-04-09 20:51:00,77
2026-04-09 20:40:52,77
2026-04-09 20:41:52,77
2026-04-13 19:13:59,77
2026-04-13 19:15:00,77
2026-04-03 19:12:29,77
2026-04-13 19:02:51,77
2026-04-04 17:24:54,77
2026-04-04 17:25:55,77
2026-04-15 21:18:04,77
2026-04-15 21:29:12,77
2026-04-05 06:59:54,77
2026-04-13 19:55:29,77
2026-04-09 09:18:14,77
2026-04-06 13:59:17,77
2026-04-15 21:34:16,77
2026-04-05 11:14:03,77
2026-04-03 18:32:59,77
2026-04-03 19:29:42,77
2026-04-03 19:30:42,77
2026-04-04 13:22:43,77
2026-04-03 19:22:36,77
2026-04-15 11:31:41,77
2026-04-15 11:37:47,77
2026-04-15 11:19:31,77
2026-04-04 07:25:57,77
2026-04-15 06:36:23,77
2026-04-14 23:44:47,77
2026-04-05 21:20:09,77
2026-04-04 05:59:50,77
2026-04-03 22:58:22,77
2026-04-13 07:10:32,77
2026-04-16 03:32:13,77
2026-04-16 03:33:14,77
2026-04-08 20:42:42,77
2026-04-13 08:05:17,77
2026-04-13 08:06:18,77
2026-04-13 07:35:53,77
2026-04-13 21:03:24,77
2026-04-09 21:46:45,77
2026-04-03 18:30:57,77
2026-04-03 18:31:58,77
2026-04-03 19:21:36,77
2026-04-05 13:09:31,77
2026-04-05 12:40:08,77
2026-04-05 12:41:09,77
2026-04-03 19:09:26,77
2026-04-03 19:10:27,77
2026-04-03 19:11:28,77
2026-04-04 12:54:21,77
2026-04-04 12:55:22,77
2026-04-15 10:48:03,77
2026-04-03 20:39:35,77
2026-04-03 19:35:46,77
2026-04-03 19:36:47,77
2026-04-03 19:37:48,77
2026-04-06 03:29:06,77
2026-04-08 20:31:34,77
2026-04-04 20:24:10,77
2026-04-13 08:04:16,77
2026-04-14 23:30:36,77
2026-04-10 10:56:46,77
2026-04-03 22:41:09,77
2026-04-04 19:25:26,77
2026-04-08 20:29:32,77
2026-04-15 07:03:47,77
2026-04-05 22:19:55,77
2026-04-03 22:43:10,77
2026-04-04 07:59:23,77
2026-04-05 21:10:01,77
2026-04-04 07:30:00,77
2026-04-03 22:44:11,77
2026-04-06 01:03:04,77
2026-04-03 19:38:48,77
2026-04-03 20:25:24,77
2026-04-06 01:14:13,77
2026-04-15 10:02:22,77
2026-04-03 20:24:24,77
2026-04-11 03:51:03,77
2026-04-04 11:22:10,77
2026-04-13 10:22:13,77
2026-04-04 18:11:29,77
2026-04-04 18:09:28,77
2026-04-04 18:51:00,77
2026-04-15 22:04:41,77
2026-04-15 22:07:43,77
2026-04-06 17:11:02,77
2026-04-04 18:40:52,77
2026-04-04 18:24:40,77
2026-04-05 06:51:48,77
2026-04-05 07:13:04,77
2026-04-04 08:21:41,77
2026-04-04 08:23:43,77
2026-04-03 22:18:52,77
2026-04-03 22:19:52,77
2026-04-04 07:01:38,77
2026-04-04 07:05:41,77
2026-04-04 07:08:43,77
2026-04-04 07:58:23,77
2026-04-10 12:43:22,77
2026-04-13 08:26:34,77
2026-04-12 23:15:04,77
2026-04-06 18:34:01,77
2026-04-06 18:35:02,77
2026-04-13 08:20:30,77
2026-04-13 08:21:30,77
2026-04-13 08:22:31,77
2026-04-13 08:24:33,77
2026-04-13 08:25:34,77
2026-04-16 00:42:52,77
2026-04-04 19:20:22,77
2026-04-06 17:29:16,77
2026-04-06 17:30:17,77
2026-04-05 23:45:02,77
2026-04-05 23:51:07,77
2026-04-03 20:51:45,77
2026-04-03 20:54:47,77
2026-04-03 20:55:48,77
2026-04-05 12:55:20,77
2026-04-05 12:56:21,77
2026-04-04 11:15:04,77
2026-04-05 13:38:54,77
2026-04-06 00:23:32,77
2026-04-03 21:48:28,77
2026-04-03 21:49:29,77
2026-04-04 09:04:16,77
2026-04-04 09:05:17,77
2026-04-10 11:40:25,77
2026-04-10 11:42:27,77
2026-04-04 09:34:41,77
2026-04-04 08:05:28,77
2026-04-05 01:33:01,77
2026-04-05 01:23:54,77
2026-04-05 01:29:59,77
2026-04-05 02:52:00,77
2026-04-03 22:24:56,77
2026-04-03 22:25:57,77
2026-04-03 22:28:59,77
2026-04-05 22:15:52,77
2026-04-05 02:18:35,77
2026-04-04 08:36:53,77
2026-04-03 22:20:53,77
2026-04-03 22:23:56,77
2026-04-05 22:53:21,77
2026-04-05 22:54:22,77
2026-04-03 22:33:03,77
2026-04-03 22:34:03,77
2026-04-03 22:39:07,77
2026-04-04 09:16:26,77
2026-04-04 10:21:20,77
2026-04-04 11:11:00,77
2026-04-05 02:05:25,77
2026-04-04 09:36:42,77
2026-04-04 09:38:44,77
2026-04-15 08:20:53,77
2026-04-15 07:51:28,77
2026-04-03 21:13:01,77
2026-04-03 21:58:36,77
2026-04-03 21:59:37,77
2026-04-05 02:02:23,77
2026-04-05 14:11:19,77
2026-04-05 23:05:31,77
2026-04-05 13:57:08,77
2026-04-05 13:26:45,77
2026-04-04 09:21:30,77
2026-04-09 03:07:59,77
2026-04-09 04:07:42,77
2026-04-15 23:43:02,77
2026-04-06 17:33:19,77
2026-04-04 18:55:03,77
2026-04-06 00:10:22,77
2026-04-09 02:29:33,77
2026-04-09 02:30:34,77
2026-04-09 02:34:37,77
2026-04-12 23:16:05,77
2026-04-06 18:56:18,77
2026-04-06 18:57:19,77
2026-04-05 23:08:33,77
2026-04-03 20:40:36,77
2026-04-03 21:21:08,77
2026-04-06 18:52:15,77
2026-04-16 01:27:29,77
2026-04-04 10:10:10,77
2026-04-04 10:11:11,77
2026-04-03 21:28:13,77
2026-04-15 08:53:21,77
2026-04-13 05:15:01,77
2026-04-07 18:08:45,77
2026-04-07 10:48:37,77
2026-04-07 02:36:28,77
2026-04-04 23:53:47,77
2026-04-08 05:28:44,77
2026-04-07 07:19:25,77
2026-04-08 05:15:36,77
2026-04-13 05:09:57,77
2026-04-13 05:28:11,77
2026-04-07 18:15:51,77
2026-04-13 04:44:15,77
2026-04-05 04:35:12,77
2026-04-07 18:17:53,77
2026-04-07 18:46:14,77
2026-04-07 18:39:09,77
2026-04-13 05:41:21,77
2026-04-13 05:42:22,77
2026-04-13 05:29:12,77
2026-04-04 04:00:16,77
2026-04-04 04:02:17,77
2026-04-05 17:19:55,77
2026-04-05 16:35:18,77
2026-04-04 03:26:50,77
2026-04-15 03:39:56,77
2026-04-15 03:26:45,77
2026-04-15 03:11:33,77
2026-04-13 05:20:05,77
2026-04-04 03:41:00,77
2026-04-04 03:29:52,77
2026-04-15 02:59:24,77
2026-04-05 15:36:28,77
2026-04-05 15:51:41,77
2026-04-05 15:35:28,77
2026-04-04 03:44:03,77
2026-04-07 02:54:43,77
2026-04-07 06:48:59,77
2026-04-13 03:58:41,77
2026-04-13 03:45:31,77
2026-04-07 18:14:50,76
2026-04-07 06:47:58,76
2026-04-13 03:57:40,76
2026-04-13 03:48:33,76
2026-04-13 03:49:34,76
2026-04-13 03:50:35,76
2026-04-15 03:41:58,76
2026-04-15 03:23:43,76
2026-04-15 03:24:44,76
2026-04-15 03:10:32,76
2026-04-05 17:33:07,76
2026-04-05 16:48:29,76
2026-04-15 02:23:56,76
2026-04-07 18:47:15,76
2026-04-13 05:43:23,76
2026-04-07 19:03:28,76
2026-04-13 04:42:13,76
2026-04-13 04:43:14,76
2026-04-13 04:41:12,76
2026-04-13 05:40:20,76
2026-04-13 05:27:10,76
2026-04-13 05:14:00,76
2026-04-13 05:16:02,76
2026-04-13 05:17:03,76
2026-04-13 05:18:04,76
2026-04-13 05:19:04,76
2026-04-04 10:45:39,76
2026-04-03 20:12:14,76
2026-04-03 20:13:15,76
2026-04-03 20:16:17,76
2026-04-13 03:56:39,76
2026-04-08 10:28:22,76
2026-04-08 10:45:36,76
2026-04-06 20:36:36,76
2026-04-06 20:40:39,76
2026-04-05 08:29:59,76
2026-04-05 08:56:19,76
2026-04-03 16:46:38,76
2026-04-05 16:19:05,76
2026-04-04 03:45:04,76
2026-04-04 03:46:05,76
2026-04-04 04:41:48,76
2026-04-04 04:45:51,76
2026-04-04 03:32:54,76
2026-04-04 03:33:55,76
2026-04-07 00:41:54,76
2026-04-15 20:37:31,76
2026-04-15 20:38:32,76
2026-04-03 16:49:40,76
2026-04-03 16:40:33,76
2026-04-04 02:22:00,76
2026-04-04 02:23:00,76
2026-04-04 04:32:41,76
2026-04-05 18:17:42,76
2026-04-04 15:37:31,76
2026-04-04 16:06:54,76
2026-04-12 18:53:44,76
2026-04-12 18:54:45,76
2026-04-15 18:09:43,76
2026-04-15 17:52:30,76
2026-04-15 17:57:33,76
2026-04-15 17:58:34,76
2026-04-04 08:31:49,76
2026-04-04 08:16:37,76
2026-04-04 08:07:30,76
2026-04-03 22:31:01,76
2026-04-05 06:47:45,76
2026-04-05 07:14:05,76
2026-04-05 07:16:06,76
2026-04-06 17:52:34,76
2026-04-12 23:18:06,76
2026-04-12 23:08:59,76
2026-04-12 23:10:00,76
2026-04-12 23:11:01,76
2026-04-12 23:13:02,76
2026-04-04 08:11:33,76
2026-04-04 07:06:42,76
2026-04-04 07:07:42,76
2026-04-04 18:25:40,76
2026-04-06 16:10:11,76
2026-04-06 14:40:51,76
2026-04-06 13:57:15,76
2026-04-04 19:21:23,76
2026-04-15 22:29:00,76
2026-04-13 08:23:32,76
2026-04-12 23:17:06,76
2026-04-06 00:19:29,76
2026-04-03 20:50:44,76
2026-04-03 20:53:46,76
2026-04-13 21:17:35,76
2026-04-05 23:34:53,76
2026-04-05 23:36:55,76
2026-04-03 21:11:00,76
2026-04-03 20:49:43,76
2026-04-06 19:29:43,76
2026-04-06 18:31:59,76
2026-04-03 20:38:35,76
2026-04-06 03:45:19,76
2026-04-06 02:59:41,76
2026-04-04 12:49:17,76
2026-04-06 03:31:07,76
2026-04-15 10:49:04,76
2026-04-04 08:01:25,76
2026-04-04 06:59:36,76
2026-04-04 07:00:37,76
2026-04-10 10:57:47,76
2026-04-10 11:26:12,76
2026-04-04 20:23:10,76
2026-04-04 20:25:11,76
2026-04-06 19:27:42,76
2026-04-05 13:42:57,76
2026-04-03 23:05:27,76
2026-04-04 06:27:11,76
2026-04-05 22:22:58,76
2026-04-04 07:28:59,76
2026-04-04 07:55:20,76
2026-04-04 07:56:21,76
2026-04-05 21:37:22,76
2026-04-06 13:31:54,76
2026-04-15 21:59:36,76
2026-04-06 02:15:03,76
2026-04-15 10:17:36,76
2026-04-03 20:26:25,76
2026-04-03 20:17:18,76
2026-04-03 20:18:19,76
2026-04-03 20:20:20,76
2026-04-05 20:49:45,76
2026-04-03 23:16:35,76
2026-04-03 19:25:39,76
2026-04-15 11:22:34,76
2026-04-06 04:29:57,76
2026-04-06 04:44:10,76
2026-04-11 02:52:13,76
2026-04-05 12:29:00,76
2026-04-04 05:58:49,76
2026-04-04 06:00:50,76
2026-04-04 06:01:51,76
2026-04-04 06:55:33,76
2026-04-04 07:24:56,76
2026-04-04 07:15:49,76
2026-04-04 07:16:50,76
2026-04-05 21:52:34,76
2026-04-04 21:24:56,76
2026-04-13 08:07:19,76
2026-04-13 07:36:54,76
2026-04-03 22:59:23,76
2026-04-03 23:01:24,76
2026-04-03 23:02:25,76
2026-04-03 23:03:26,76
2026-04-03 23:04:26,76
2026-04-05 12:39:08,76
2026-04-05 13:10:32,76
2026-04-05 13:11:33,76
2026-04-05 13:13:34,76
2026-04-05 12:09:45,76
2026-04-05 12:11:47,76
2026-04-15 11:07:20,76
2026-04-08 20:45:45,76
2026-04-13 19:17:01,76
2026-04-03 19:26:39,76
2026-04-13 19:43:20,76
2026-04-13 19:44:21,76
2026-04-13 19:45:22,76
2026-04-13 19:46:23,76
2026-04-13 19:40:18,76
2026-04-15 12:16:20,76
2026-04-09 21:18:21,76
2026-04-09 20:37:49,76
2026-04-04 13:37:56,76
2026-04-04 13:40:58,76
2026-04-04 13:41:59,76
2026-04-13 19:09:56,76
2026-04-13 19:12:58,76
2026-04-13 19:16:01,76
2026-04-05 06:56:52,76
2026-04-06 13:14:41,76
2026-04-04 17:21:52,76
2026-04-05 08:49:13,76
2026-04-05 08:19:52,76
2026-04-05 08:04:41,76
2026-04-09 20:31:44,76
2026-04-15 11:46:55,76
2026-04-05 12:30:01,76
2026-04-09 09:07:05,76
2026-04-09 09:09:07,76
2026-04-06 14:00:17,76
2026-04-15 21:42:23,76
2026-04-06 12:55:25,76
2026-04-15 21:20:05,76
2026-04-09 09:16:12,76
2026-04-13 19:08:55,76
2026-04-13 18:57:47,76
2026-04-03 18:48:10,76
2026-04-06 11:58:38,76
2026-04-04 16:10:57,76
2026-04-04 17:04:38,76
2026-04-05 01:07:42,76
2026-04-12 21:41:53,76
2026-04-16 03:39:19,76
2026-04-09 20:33:46,76
2026-04-04 14:21:31,76
2026-04-04 14:12:24,76
2026-04-03 18:50:12,76
2026-04-03 18:51:13,76
2026-04-11 01:51:21,76
2026-04-11 02:06:34,76
2026-04-04 00:11:17,76
2026-04-08 20:16:22,76
2026-04-08 20:17:23,76
2026-04-04 21:09:44,76
2026-04-08 20:32:35,76
2026-04-08 20:34:36,76
2026-04-08 20:35:37,76
2026-04-16 03:38:18,76
2026-04-15 12:32:34,76
2026-04-08 19:46:59,76
2026-04-03 23:27:44,76
2026-04-03 23:28:45,76
2026-04-15 00:25:20,76
2026-04-15 00:28:23,76
2026-04-03 23:29:45,76
2026-04-03 23:26:43,76
2026-04-05 10:54:48,76
2026-04-05 10:55:48,76
2026-04-09 20:24:38,76
2026-04-13 17:55:14,76
2026-04-13 17:56:15,76
2026-04-13 17:53:13,76
2026-04-05 10:40:37,76
2026-04-05 09:41:53,76
2026-04-03 18:03:37,76
2026-04-03 18:04:38,76
2026-04-03 18:05:39,76
2026-04-15 13:03:02,76
2026-04-09 20:25:39,76
2026-04-09 20:26:40,76
2026-04-04 14:58:00,76
2026-04-04 14:50:55,76
2026-04-15 01:09:56,76
2026-04-15 01:10:57,76
2026-04-04 00:41:40,76
2026-04-04 00:48:46,76
2026-04-04 00:37:37,76
2026-04-04 01:26:16,76
2026-04-06 20:32:33,76
2026-04-08 19:54:05,76
2026-04-12 21:42:54,76
2026-04-12 21:43:54,76
2026-04-03 18:02:36,76
2026-04-15 05:52:46,76
2026-04-04 06:58:35,76
2026-04-04 06:54:32,76
2026-04-04 06:40:21,76
2026-04-04 00:29:31,76
2026-04-05 14:52:53,76
2026-04-15 01:44:25,76
2026-04-15 01:29:13,76
2026-04-06 20:24:26,76
2026-04-06 20:31:32,76
2026-04-07 00:37:51,76
2026-04-13 06:05:40,76
2026-04-13 03:21:14,76
2026-04-04 05:41:35,76
2026-04-05 19:17:31,76
2026-04-04 06:43:24,76
2026-04-04 02:03:45,76
2026-04-04 00:59:55,76
2026-04-15 01:23:08,76
2026-04-04 01:19:10,76
2026-04-04 01:07:00,76
2026-04-13 03:31:21,76
2026-04-04 06:23:08,76
2026-04-04 06:09:58,76
2026-04-04 05:31:27,76
2026-04-04 06:17:03,76
2026-04-04 05:51:43,76
2026-04-04 05:37:32,76
2026-04-04 05:40:34,76
2026-04-05 09:42:54,76
2026-04-12 19:04:53,76
2026-04-12 19:06:55,76
2026-04-03 13:57:18,76
2026-04-13 03:25:17,76
2026-04-04 22:38:49,76
2026-04-13 03:29:20,76
2026-04-13 03:30:20,76
2026-04-15 02:09:45,76
2026-04-15 02:12:47,76
2026-04-04 02:02:44,76
2026-04-03 17:17:01,76
2026-04-04 14:35:42,76
2026-04-04 15:54:44,76
2026-04-04 15:56:46,76
2026-04-15 16:16:10,76
2026-04-06 22:52:24,76
2026-04-07 00:07:27,76
2026-04-06 21:13:04,76
2026-04-06 21:53:36,76
2026-04-04 05:15:14,76
2026-04-04 04:31:40,76
2026-04-15 01:57:35,76
2026-04-15 01:49:29,76
2026-04-12 21:09:29,76
2026-04-03 17:51:28,76
2026-04-03 18:28:56,76
2026-04-03 17:13:59,76
2026-04-03 17:15:00,76
2026-04-11 12:17:29,76
2026-04-13 06:09:43,76
2026-04-07 00:39:53,76
2026-04-13 03:22:15,76
2026-04-13 03:23:15,76
2026-04-03 13:58:19,76
2026-04-03 14:00:21,76
2026-04-12 18:27:24,76
2026-04-12 18:28:24,76
2026-04-03 17:26:08,76
2026-04-03 18:23:52,76
2026-04-05 00:03:54,76
2026-04-04 23:09:13,76
2026-04-07 18:09:46,76
2026-04-07 18:10:47,76
2026-04-07 18:11:48,76
2026-04-07 18:12:49,76
2026-04-07 11:38:17,76
2026-04-05 23:07:32,76
2026-04-07 06:39:52,76
2026-04-13 05:25:09,76
2026-04-13 05:26:10,76
2026-04-07 03:05:52,76
2026-04-04 22:49:58,76
2026-04-04 22:53:00,76
2026-04-04 22:39:50,76
2026-04-07 11:47:24,76
2026-04-12 20:01:37,76
2026-04-12 20:02:38,76
2026-04-12 19:41:21,76
2026-04-05 10:27:27,76
2026-04-05 09:28:43,76
2026-04-05 10:18:20,76
2026-04-13 05:31:13,76
2026-04-13 05:32:14,76
2026-04-04 16:25:08,76
2026-04-04 16:27:09,76
2026-04-15 16:30:22,76
2026-04-09 15:04:21,76
2026-04-06 11:45:28,76
2026-04-06 11:48:30,76
2026-04-03 16:13:11,76
2026-04-05 09:12:31,76
2026-04-05 01:27:57,76
2026-04-05 22:34:06,76
2026-04-03 21:50:30,76
2026-04-05 22:50:19,76
2026-04-15 09:23:47,76
2026-04-05 12:42:10,76
2026-04-04 11:44:28,76
2026-04-06 00:14:25,76
2026-04-04 09:18:27,76
2026-04-04 10:33:30,76
2026-04-04 10:35:31,76
2026-04-05 01:49:13,76
2026-04-05 01:50:14,76
2026-04-03 22:38:06,76
2026-04-05 02:19:36,76
2026-04-05 02:20:37,76
2026-04-05 13:58:09,76
2026-04-04 10:05:06,76
2026-04-04 10:08:09,76
2026-04-05 01:59:21,76
2026-04-05 02:01:22,76
2026-04-05 02:04:24,76
2026-04-04 09:35:41,76
2026-04-15 07:52:29,76
2026-04-03 20:41:37,76
2026-04-03 21:25:11,76
2026-04-16 01:13:17,76
2026-04-05 06:05:16,76
2026-04-04 18:54:02,76
2026-04-06 00:11:22,76
2026-04-05 02:50:59,76
2026-04-05 00:52:31,76
2026-04-07 18:45:14,75
2026-04-04 23:03:08,75
2026-04-04 23:04:09,75
2026-04-04 22:47:56,75
2026-04-07 05:50:10,75
2026-04-13 04:12:51,75
2026-04-08 10:18:15,75
2026-04-07 00:55:05,75
2026-04-13 03:53:37,75
2026-04-15 02:44:12,75
2026-04-15 02:45:13,75
2026-04-15 02:46:13,75
2026-04-04 03:47:05,75
2026-04-04 05:09:09,75
2026-04-05 19:02:19,75
2026-04-05 17:34:08,75
2026-04-07 00:40:53,75
2026-04-06 21:12:04,75
2026-04-04 23:50:44,75
2026-04-13 06:08:43,75
2026-04-13 04:11:51,75
2026-04-15 01:58:36,75
2026-04-15 02:04:41,75
2026-04-15 01:55:34,75
2026-04-05 15:22:17,75
2026-04-04 01:49:34,75
2026-04-04 05:21:19,75
2026-04-04 04:17:29,75
2026-04-04 05:17:16,75
2026-04-04 01:24:14,75
2026-04-04 01:10:03,75
2026-04-04 01:00:55,75
2026-04-04 02:24:01,75
2026-04-04 02:52:24,75
2026-04-04 02:53:24,75
2026-04-04 02:58:28,75
2026-04-15 02:13:48,75
2026-04-12 18:30:26,75
2026-04-15 14:46:36,75
2026-04-15 15:01:51,75
2026-04-03 14:01:21,75
2026-04-03 14:02:22,75
2026-04-03 13:45:08,75
2026-04-03 13:46:09,75
2026-04-05 09:29:44,75
2026-04-03 17:53:29,75
2026-04-03 17:57:33,75
2026-04-03 16:53:43,75
2026-04-03 17:45:23,75
2026-04-03 17:27:09,75
2026-04-03 18:19:49,75
2026-04-03 18:08:41,75
2026-04-12 18:29:25,75
2026-04-12 19:39:20,75
2026-04-12 19:40:20,75
2026-04-05 09:25:41,75
2026-04-03 17:10:57,75
2026-04-03 17:11:57,75
2026-04-03 17:12:58,75
2026-04-03 16:58:47,75
2026-04-03 17:52:29,75
2026-04-09 17:38:35,75
2026-04-09 17:40:37,75
2026-04-04 15:51:42,75
2026-04-04 14:34:42,75
2026-04-12 18:40:34,75
2026-04-12 18:46:39,75
2026-04-12 18:47:40,75
2026-04-12 19:38:19,75
2026-04-06 11:59:39,75
2026-04-06 12:01:41,75
2026-04-06 12:02:41,75
2026-04-13 19:07:55,75
2026-04-03 18:58:18,75
2026-04-03 18:46:09,75
2026-04-03 18:47:10,75
2026-04-03 18:52:13,75
2026-04-03 17:59:34,75
2026-04-12 21:46:57,75
2026-04-12 21:39:51,75
2026-04-12 21:40:52,75
2026-04-05 01:08:43,75
2026-04-05 01:06:41,75
2026-04-04 16:46:24,75
2026-04-15 20:45:38,75
2026-04-04 14:43:49,75
2026-04-15 12:47:48,75
2026-04-04 13:29:49,75
2026-04-05 10:56:49,75
2026-04-12 18:38:33,75
2026-04-12 18:39:33,75
2026-04-03 18:13:45,75
2026-04-03 18:01:36,75
2026-04-12 19:07:55,75
2026-04-13 17:47:08,75
2026-04-13 17:50:10,75
2026-04-05 11:28:13,75
2026-04-05 11:29:14,75
2026-04-05 10:02:08,75
2026-04-04 14:07:20,75
2026-04-04 14:53:57,75
2026-04-05 01:17:49,75
2026-04-15 22:14:49,75
2026-04-11 03:36:51,75
2026-04-13 19:54:28,75
2026-04-05 12:27:59,75
2026-04-05 11:12:01,75
2026-04-05 11:13:02,75
2026-04-09 21:05:11,75
2026-04-12 21:36:49,75
2026-04-05 08:48:13,75
2026-04-05 08:05:42,75
2026-04-05 07:31:18,75
2026-04-05 07:32:18,75
2026-04-05 07:33:19,75
2026-04-04 17:20:51,75
2026-04-09 09:10:08,75
2026-04-04 12:58:24,75
2026-04-04 13:38:56,75
2026-04-04 13:43:00,75
2026-04-15 11:48:56,75
2026-04-09 21:08:13,75
2026-04-09 21:16:20,75
2026-04-09 21:32:33,75
2026-04-12 21:45:56,75
2026-04-04 14:19:29,75
2026-04-04 14:10:22,75
2026-04-04 14:13:25,75
2026-04-09 20:53:01,75
2026-04-13 19:38:17,75
2026-04-13 19:41:19,75
2026-04-13 19:10:57,75
2026-04-09 20:36:48,75
2026-04-05 02:32:45,75
2026-04-05 02:33:46,75
2026-04-15 22:02:39,75
2026-04-05 07:48:30,75
2026-04-06 17:28:15,75
2026-04-04 18:38:50,75
2026-04-06 16:39:36,75
2026-04-04 11:06:57,75
2026-04-03 20:19:20,75
2026-04-03 20:23:23,75
2026-04-06 02:16:04,75
2026-04-04 11:21:09,75
2026-04-04 11:30:16,75
2026-04-04 11:19:07,75
2026-04-06 00:50:54,75
2026-04-15 10:04:24,75
2026-04-06 03:59:31,75
2026-04-04 12:51:19,75
2026-04-04 12:52:20,75
2026-04-04 12:48:16,75
2026-04-06 03:14:54,75
2026-04-03 19:08:26,75
2026-04-05 13:41:56,75
2026-04-05 12:24:57,75
2026-04-04 13:24:45,75
2026-04-04 13:08:32,75
2026-04-04 13:10:34,75
2026-04-06 04:45:11,75
2026-04-05 02:34:47,75
2026-04-05 12:10:46,75
2026-04-05 13:08:30,75
2026-04-13 20:47:11,75
2026-04-03 21:35:18,75
2026-04-03 20:09:12,75
2026-04-05 01:46:11,75
2026-04-05 01:47:12,75
2026-04-05 01:38:05,75
2026-04-04 09:45:50,75
2026-04-04 09:48:52,75
2026-04-06 00:04:17,75
2026-04-12 22:51:46,75
2026-04-12 22:52:47,75
2026-04-05 06:35:37,75
2026-04-05 05:19:44,75
2026-04-08 23:32:03,75
2026-04-08 23:34:05,75
2026-04-06 18:55:17,75
2026-04-03 21:34:18,75
2026-04-04 19:55:49,75
2026-04-04 18:56:04,75
2026-04-15 23:58:14,75
2026-04-16 00:27:39,75
2026-04-09 03:06:58,75
2026-04-15 23:27:49,75
2026-04-15 23:28:50,75
2026-04-15 23:12:37,75
2026-04-04 11:42:26,75
2026-04-04 11:35:20,75
2026-04-04 11:37:22,75
2026-04-04 11:40:24,75
2026-04-06 00:20:29,75
2026-04-06 00:05:18,75
2026-04-05 13:39:55,75
2026-04-04 19:22:24,75
2026-04-04 08:08:30,75
2026-04-12 23:14:03,75
2026-04-12 23:05:57,75
2026-04-06 19:22:38,75
2026-04-04 19:53:47,75
2026-04-04 19:54:48,75
2026-04-12 23:54:35,75
2026-04-14 23:28:34,75
2026-04-04 08:04:27,75
2026-04-04 08:46:01,75
2026-04-05 02:16:33,75
2026-04-05 02:17:34,75
2026-04-03 22:40:08,75
2026-04-03 22:30:00,75
2026-04-04 07:35:04,75
2026-04-04 07:40:08,75
2026-04-15 08:47:16,75
2026-04-05 23:18:41,75
2026-04-05 23:04:30,75
2026-04-10 11:41:26,75
2026-04-10 12:42:21,75
2026-04-05 14:10:19,75
2026-04-05 01:58:20,75
2026-04-04 09:06:17,75
2026-04-04 10:20:19,75
2026-04-15 07:53:30,75
2026-04-03 21:57:35,75
2026-04-04 09:31:38,75
2026-04-04 10:07:08,75
2026-04-04 09:50:54,75
2026-04-05 00:51:30,75
2026-04-15 08:39:09,75
2026-04-08 19:45:59,75
2026-04-08 19:30:47,75
2026-04-08 19:31:48,75
2026-04-08 19:21:40,75
2026-04-08 19:22:41,75
2026-04-08 20:15:21,75
2026-04-15 05:37:34,75
2026-04-05 19:48:57,75
2026-04-03 23:11:32,75
2026-04-03 23:00:23,75
2026-04-03 23:54:03,75
2026-04-03 22:50:16,75
2026-04-04 21:23:55,75
2026-04-04 21:04:41,75
2026-04-04 20:39:21,75
2026-04-08 20:33:35,75
2026-04-05 21:04:57,75
2026-04-03 22:45:12,75
2026-04-03 22:46:13,75
2026-04-03 23:13:33,75
2026-04-03 23:14:34,75
2026-04-03 23:15:35,75
2026-04-04 06:30:14,75
2026-04-04 07:20:53,75
2026-04-14 23:29:35,75
2026-04-10 11:27:13,75
2026-04-03 22:42:10,75
2026-04-04 08:00:24,75
2026-04-04 07:50:16,75
2026-04-04 07:57:22,75
2026-04-04 07:43:10,75
2026-04-05 22:21:57,75
2026-04-08 17:58:37,75
2026-04-08 17:51:31,75
2026-04-04 22:37:49,75
2026-04-04 00:39:39,75
2026-04-04 00:32:33,75
2026-04-15 01:12:59,75
2026-04-15 00:55:45,75
2026-04-15 00:45:37,75
2026-04-06 19:53:01,75
2026-04-08 18:04:41,75
2026-04-08 18:05:42,75
2026-04-04 22:23:38,75
2026-04-04 22:24:39,75
2026-04-04 22:08:27,75
2026-04-08 17:56:35,75
2026-04-08 17:57:36,75
2026-04-15 00:13:11,75
2026-04-03 23:30:46,75
2026-04-03 23:31:47,75
2026-04-14 23:56:57,75
2026-04-14 23:57:58,75
2026-04-08 19:55:06,75
2026-04-05 04:51:24,75
2026-04-06 20:22:25,75
2026-04-04 00:20:24,75
2026-04-04 00:09:15,75
2026-04-04 00:10:16,75
2026-04-04 00:08:14,75
2026-04-04 00:57:53,75
2026-04-04 00:58:54,75
2026-04-03 23:57:06,75
2026-04-03 23:59:07,75
2026-04-06 21:16:07,75
2026-04-06 21:17:08,75
2026-04-06 19:37:50,75
2026-04-04 01:43:29,75
2026-04-04 01:44:30,75
2026-04-04 01:34:22,75
2026-04-15 01:43:24,75
2026-04-04 01:22:13,75
2026-04-04 05:42:36,75
2026-04-04 04:25:36,75
2026-04-04 06:22:07,75
2026-04-04 06:06:55,75
2026-04-15 05:33:31,75
2026-04-13 03:26:18,75
2026-04-04 23:48:43,75
2026-04-06 21:26:15,75
2026-04-04 00:53:50,75
2026-04-04 00:55:52,75
2026-04-04 00:56:52,75
2026-04-04 00:38:38,75
2026-04-15 05:07:09,75
2026-04-15 04:53:58,75
2026-04-04 05:00:02,75
2026-04-04 05:50:42,75
2026-04-15 00:46:38,75
2026-04-04 06:56:34,75
2026-04-04 05:57:48,75
2026-04-04 06:42:23,75
2026-04-04 06:44:24,75
2026-04-04 06:45:25,75
2026-04-04 06:46:26,75
2026-04-15 05:54:48,75
2026-04-13 04:38:10,75
2026-04-11 10:09:59,75
2026-04-11 10:13:01,75
2026-04-11 10:14:02,75
2026-04-07 03:50:28,75
2026-04-04 23:05:09,75
2026-04-04 23:06:10,75
2026-04-13 05:10:58,75
2026-04-04 03:43:02,75
2026-04-04 03:28:51,75
2026-04-13 03:46:32,75
2026-04-13 03:47:33,75
2026-04-13 03:51:36,75
2026-04-13 03:52:36,75
2026-04-13 04:35:08,75
2026-04-13 04:37:09,75
2026-04-15 03:25:45,75
2026-04-15 03:04:28,75
2026-04-05 15:50:40,75
2026-04-04 02:45:18,75
2026-04-04 02:37:12,75
2026-04-04 02:38:13,75
2026-04-04 02:42:16,75
2026-04-04 02:43:17,75
2026-04-04 04:36:44,75
2026-04-15 04:22:31,75
2026-04-05 17:50:21,75
2026-04-04 03:25:49,75
2026-04-04 04:16:28,75
2026-04-04 04:11:24,75
2026-04-04 02:17:56,75
2026-04-15 03:42:59,75
2026-04-05 00:22:08,75
2026-04-05 00:23:09,75
2026-04-15 18:08:42,75
2026-04-15 18:10:44,75
2026-04-15 18:02:38,75
2026-04-12 19:11:58,75
2026-04-12 18:52:44,75
2026-04-09 17:41:37,75
2026-04-12 20:00:36,75
2026-04-05 08:58:20,75
2026-04-03 16:50:41,75
2026-04-03 16:44:36,75
2026-04-03 16:45:37,75
2026-04-03 16:47:38,75
2026-04-04 16:51:28,75
2026-04-04 16:57:33,75
2026-04-05 09:10:29,75
2026-04-12 19:58:34,75
2026-04-12 19:59:35,75
2026-04-04 16:42:21,75
2026-04-04 15:40:33,75
2026-04-04 16:39:19,75
2026-04-15 16:31:23,75
2026-04-06 10:56:47,75
2026-04-13 05:11:59,75
2026-04-13 04:39:11,75
2026-04-13 04:40:12,75
2026-04-07 19:01:26,75
2026-04-07 19:00:26,75
2026-04-04 23:34:32,75
2026-04-04 23:36:33,75
2026-04-04 23:22:22,75
2026-04-07 02:35:27,74
2026-04-13 04:36:09,74
2026-04-06 02:00:51,74
2026-04-13 05:13:00,74
2026-04-05 00:04:55,74
2026-04-07 10:54:42,74
2026-04-11 10:11:00,74
2026-04-05 10:01:07,74
2026-04-12 18:31:27,74
2026-04-04 02:04:46,74
2026-04-04 01:38:25,74
2026-04-15 02:32:02,74
2026-04-06 18:30:59,74
2026-04-12 18:34:29,74
2026-04-12 18:35:30,74
2026-04-12 18:36:31,74
2026-04-13 08:16:26,74
2026-04-13 07:42:59,74
2026-04-13 00:21:56,74
2026-04-13 00:22:57,74
2026-04-13 00:23:58,74
2026-04-13 00:24:58,74
2026-04-06 20:41:40,74
2026-04-06 00:07:19,74
2026-04-04 23:49:43,74
2026-04-06 21:11:03,74
2026-04-11 12:32:41,74
2026-04-11 12:33:41,74
2026-04-06 21:38:24,74
2026-04-13 00:20:55,74
2026-04-04 10:18:17,74
2026-04-04 01:42:28,74
2026-04-05 15:19:14,74
2026-04-05 10:41:38,74
2026-04-12 18:37:32,74
2026-04-06 18:28:57,74
2026-04-13 17:57:16,74
2026-04-15 18:06:41,74
2026-04-12 19:42:22,74
2026-04-12 19:23:07,74
2026-04-12 19:24:08,74
2026-04-11 03:20:37,74
2026-04-11 03:21:38,74
2026-04-03 22:47:14,74
2026-04-06 13:10:38,74
2026-04-03 20:22:22,74
2026-04-03 21:39:21,74
2026-04-03 21:40:22,74
2026-04-03 21:41:23,74
2026-04-03 22:54:19,74
2026-04-03 22:56:20,74
2026-04-04 16:54:30,74
2026-04-04 17:12:45,74
2026-04-03 22:53:18,74
2026-04-04 11:36:21,74
2026-04-04 11:43:27,74
2026-04-15 20:58:48,74
2026-04-06 12:00:40,74
2026-04-06 12:05:44,74
2026-04-06 00:08:20,74
2026-04-04 11:07:58,74
2026-04-04 11:18:06,74
2026-04-06 00:21:30,74
2026-04-15 09:33:56,74
2026-04-12 19:32:14,74
2026-04-12 19:08:56,74
2026-04-12 19:09:57,74
2026-04-12 19:10:58,74
2026-04-04 02:20:59,74
2026-04-05 09:35:48,74
2026-04-12 18:41:35,74
2026-04-04 02:40:14,74
2026-04-04 02:41:15,74
2026-04-04 02:44:18,74
2026-04-15 17:26:10,74
2026-04-06 11:26:12,74
2026-04-15 17:16:01,74
2026-04-04 02:18:57,74
2026-04-05 10:19:21,74
2026-04-12 20:06:41,74
2026-04-12 19:18:03,74
2026-04-04 02:39:14,74
2026-04-04 14:08:20,74
2026-04-04 14:17:28,74
2026-04-12 23:51:33,74
2026-04-12 23:52:33,74
2026-04-12 23:53:34,74
2026-04-08 18:07:44,74
2026-04-08 18:08:44,74
2026-04-05 05:21:46,74
2026-04-15 12:18:22,74
2026-04-15 12:02:08,74
2026-04-15 12:07:12,74
2026-04-04 13:39:57,74
2026-04-09 21:06:12,74
2026-04-09 21:07:12,74
2026-04-04 10:06:07,74
2026-04-03 20:37:34,74
2026-04-05 03:21:20,74
2026-04-04 09:44:49,74
2026-04-05 01:44:09,74
2026-04-05 23:33:53,74
2026-04-15 08:50:18,74
2026-04-05 23:06:31,74
2026-04-04 14:20:30,74
2026-04-08 18:02:40,74
2026-04-04 22:09:28,74
2026-04-08 17:49:29,74
2026-04-05 06:03:14,74
2026-04-05 06:04:15,74
2026-04-12 23:03:55,74
2026-04-12 23:20:08,74
2026-04-12 23:21:09,74
2026-04-12 23:22:10,74
2026-04-12 23:23:10,74
2026-04-08 18:01:39,74
2026-04-12 23:04:56,74
2026-04-12 23:06:58,74
2026-04-12 19:22:06,74
2026-04-03 16:51:42,74
2026-04-03 16:52:42,74
2026-04-04 20:38:21,74
2026-04-04 20:40:22,74
2026-04-12 19:53:30,74
2026-04-12 19:54:31,74
2026-04-12 19:55:32,74
2026-04-12 19:56:33,74
2026-04-03 16:43:35,74
2026-04-15 02:49:16,74
2026-04-04 03:38:59,74
2026-04-12 19:57:34,74
2026-04-12 20:03:38,74
2026-04-12 20:04:39,74
2026-04-12 20:05:40,74
2026-04-04 18:06:26,74
2026-04-06 14:25:38,74
2026-04-04 18:08:27,74
2026-04-15 13:31:28,74
2026-04-03 14:03:23,74
2026-04-10 11:14:02,74
2026-04-10 11:28:14,74
2026-04-05 14:09:18,74
2026-04-03 23:24:42,74
2026-04-14 23:53:55,74
2026-04-03 23:23:41,74
2026-04-04 17:19:50,74
2026-04-04 17:23:54,74
2026-04-05 02:23:39,74
2026-04-04 09:37:43,74
2026-04-03 23:25:42,74
2026-04-03 16:55:45,74
2026-04-03 16:56:45,74
2026-04-06 11:41:25,74
2026-04-06 11:46:29,74
2026-04-06 11:47:30,74
2026-04-03 17:54:30,74
2026-04-04 04:03:18,74
2026-04-15 03:38:55,74
2026-04-04 04:09:23,74
2026-04-05 08:26:57,74
2026-04-03 17:55:31,74
2026-04-03 17:56:32,74
2026-04-15 16:46:36,74
2026-04-16 02:02:59,74
2026-04-06 18:26:56,74
2026-04-05 08:57:19,74
2026-04-05 07:15:06,74
2026-04-12 22:48:44,74
2026-04-12 22:49:44,74
2026-04-12 22:45:41,74
2026-04-12 22:46:42,74
2026-04-12 22:47:43,74
2026-04-12 22:50:45,74
2026-04-15 14:02:55,74
2026-04-04 07:22:54,74
2026-04-04 07:26:58,74
2026-04-05 01:28:58,74
2026-04-05 22:49:18,74
2026-04-08 17:50:30,74
2026-04-15 13:47:42,74
2026-04-04 07:54:19,74
2026-04-15 07:54:31,74
2026-04-05 01:32:00,74
2026-04-04 08:49:03,74
2026-04-15 13:18:16,74
2026-04-04 01:04:59,74
2026-04-04 01:09:02,74
2026-04-04 19:10:15,74
2026-04-15 01:22:07,74
2026-04-15 01:27:11,74
2026-04-04 00:52:49,74
2026-04-04 00:54:51,74
2026-04-04 01:01:56,74
2026-04-04 01:02:57,74
2026-04-04 01:03:58,74
2026-04-15 01:42:23,74
2026-04-05 15:03:01,74
2026-04-04 01:11:04,74
2026-04-06 17:23:11,74
2026-04-04 00:34:35,74
2026-04-15 02:58:23,74
2026-04-05 16:49:30,74
2026-04-05 16:50:31,74
2026-04-04 21:05:41,74
2026-04-04 21:19:52,74
2026-04-05 12:34:04,74
2026-04-05 11:11:00,74
2026-04-03 19:23:37,74
2026-04-03 23:53:03,74
2026-04-03 23:17:36,74
2026-04-03 23:18:37,74
2026-04-15 00:29:23,74
2026-04-13 19:20:04,74
2026-04-13 19:21:04,74
2026-04-13 19:22:05,74
2026-04-13 19:24:07,74
2026-04-06 13:45:05,74
2026-04-13 19:42:20,74
2026-04-05 11:53:33,74
2026-04-05 13:04:27,74
2026-04-11 03:35:50,74
2026-04-03 19:24:38,74
2026-04-12 22:53:47,74
2026-04-12 22:54:48,74
2026-04-12 22:55:49,74
2026-04-05 22:30:03,74
2026-04-04 14:36:43,74
2026-04-05 21:49:32,74
2026-04-08 19:43:57,74
2026-04-08 19:44:58,74
2026-04-04 06:02:52,74
2026-04-04 06:50:29,74
2026-04-04 07:27:59,74
2026-04-04 06:31:14,74
2026-04-15 06:49:34,74
2026-04-15 07:05:48,74
2026-04-04 06:05:54,74
2026-04-04 14:33:41,74
2026-04-08 19:07:30,74
2026-04-04 07:44:11,74
2026-04-15 00:10:08,74
2026-04-04 04:35:43,74
2026-04-05 08:28:59,74
2026-04-03 17:24:07,74
2026-04-15 04:04:17,74
2026-04-15 04:36:43,74
2026-04-04 16:07:54,74
2026-04-12 21:10:29,74
2026-04-08 20:43:43,74
2026-04-04 20:50:30,74
2026-04-04 20:53:32,74
2026-04-11 01:52:22,74
2026-04-03 18:45:08,74
2026-04-09 03:05:57,74
2026-04-06 17:40:25,74
2026-04-15 22:58:25,74
2026-04-13 18:55:46,74
2026-04-04 00:21:25,74
2026-04-15 00:40:33,74
2026-04-04 00:00:08,74
2026-04-13 19:06:54,74
2026-04-13 19:11:58,74
2026-04-08 20:14:21,74
2026-04-03 18:00:35,74
2026-04-04 00:01:09,74
2026-04-04 00:02:10,74
2026-04-15 01:00:49,74
2026-04-15 01:01:50,74
2026-04-12 21:38:51,74
2026-04-03 18:20:50,74
2026-04-03 18:21:51,74
2026-04-04 03:56:13,74
2026-04-04 05:32:28,74
2026-04-04 04:24:35,74
2026-04-04 05:39:33,74
2026-04-05 08:01:39,74
2026-04-15 05:39:35,74
2026-04-04 06:57:35,74
2026-04-05 06:57:53,74
2026-04-04 06:53:31,74
2026-04-04 07:19:52,74
2026-04-05 07:29:16,74
2026-04-05 07:47:29,74
2026-04-05 19:03:20,74
2026-04-05 19:04:20,74
2026-04-04 15:52:43,74
2026-04-04 15:53:43,74
2026-04-03 18:22:51,74
2026-04-03 18:24:53,74
2026-04-03 18:27:55,74
2026-04-08 19:29:47,74
2026-04-08 19:24:43,74
2026-04-08 19:25:43,74
2026-04-04 04:53:58,74
2026-04-04 04:54:58,74
2026-04-04 05:01:03,74
2026-04-04 05:02:04,74
2026-04-04 04:22:33,74
2026-04-05 19:19:33,74
2026-04-04 18:21:37,74
2026-04-04 03:59:15,74
2026-04-04 04:47:53,74
2026-04-15 04:34:42,74
2026-04-04 18:35:48,74
2026-04-13 19:35:15,74
2026-04-13 19:36:15,74
2026-04-15 00:14:11,74
2026-04-06 16:54:48,74
2026-04-04 18:23:39,74
2026-04-04 15:36:30,74
2026-04-05 20:05:10,74
2026-04-05 08:02:40,74
2026-04-05 08:03:40,74
2026-04-07 00:22:39,74
2026-04-15 10:03:23,74
2026-04-07 01:06:14,74
2026-04-07 01:21:26,74
2026-04-06 01:31:26,74
2026-04-13 03:54:38,74
2026-04-04 22:51:59,74
2026-04-04 22:54:01,74
2026-04-04 22:45:55,74
2026-04-04 11:20:08,74
2026-04-13 03:27:18,74
2026-04-03 21:24:10,74
2026-04-05 02:00:21,74
2026-04-05 02:48:57,74
2026-04-03 20:10:13,74
2026-04-05 02:43:54,74
2026-04-07 10:55:42,74
2026-04-03 21:26:12,74
2026-04-05 13:40:56,74
2026-04-07 21:52:45,74
2026-04-04 23:30:29,74
2026-04-05 00:05:56,74
2026-04-04 23:35:33,74
2026-04-07 19:02:27,74
2026-04-06 04:15:45,74
2026-04-07 11:42:21,74
2026-04-06 03:30:07,73
2026-04-07 10:49:38,73
2026-04-07 18:38:08,73
2026-04-15 11:02:16,73
2026-04-04 23:54:47,73
2026-04-04 13:09:33,73
2026-04-03 21:38:21,73
2026-04-04 23:32:30,73
2026-04-04 23:33:31,73
2026-04-03 22:49:15,73
2026-04-03 21:51:31,73
2026-04-05 13:55:07,73
2026-04-05 02:47:57,73
2026-04-15 01:56:34,73
2026-04-15 17:53:30,73
2026-04-15 17:54:31,73
2026-04-13 17:48:08,73
2026-04-04 01:54:38,73
2026-04-12 19:30:13,73
2026-04-04 19:35:34,73
2026-04-05 13:23:42,73
2026-04-15 18:05:40,73
2026-04-15 02:10:46,73
2026-04-04 19:17:20,73
2026-04-04 19:09:14,73
2026-04-04 02:54:25,73
2026-04-04 02:59:28,73
2026-04-04 03:00:29,73
2026-04-05 15:20:15,73
2026-04-04 17:40:06,73
2026-04-12 19:26:09,73
2026-04-12 18:43:37,73
2026-04-12 18:44:37,73
2026-04-12 18:45:38,73
2026-04-15 18:01:37,73
2026-04-15 18:03:38,73
2026-04-15 18:04:39,73
2026-04-05 00:38:21,73
2026-04-06 21:24:13,73
2026-04-13 08:14:25,73
2026-04-04 13:19:41,73
2026-04-06 12:10:48,73
2026-04-06 12:27:01,73
2026-04-05 03:22:21,73
2026-04-10 11:12:00,73
2026-04-05 18:20:45,73
2026-04-05 18:33:55,73
2026-04-03 18:26:54,73
2026-04-05 07:27:15,73
2026-04-05 07:28:15,73
2026-04-05 07:30:17,73
2026-04-05 07:46:28,73
2026-04-05 06:46:45,73
2026-04-12 21:33:47,73
2026-04-12 21:34:47,73
2026-04-12 21:35:48,73
2026-04-12 21:37:50,73
2026-04-08 19:26:44,73
2026-04-08 19:27:45,73
2026-04-08 19:28:46,73
2026-04-05 18:19:44,73
2026-04-04 04:46:52,73
2026-04-04 03:48:06,73
2026-04-15 04:35:43,73
2026-04-04 04:21:32,73
2026-04-05 19:18:32,73
2026-04-05 19:34:45,73
2026-04-08 19:20:40,73
2026-04-08 19:23:42,73
2026-04-04 18:22:38,73
2026-04-04 18:26:41,73
2026-04-04 18:30:44,73
2026-04-04 18:31:45,73
2026-04-04 18:49:59,73
2026-04-06 16:25:24,73
2026-04-04 18:20:36,73
2026-04-04 04:39:46,73
2026-04-04 18:53:01,73
2026-04-03 18:56:16,73
2026-04-03 18:57:17,73
2026-04-13 18:53:44,73
2026-04-03 18:44:07,73
2026-04-13 19:03:52,73
2026-04-08 20:44:44,73
2026-04-04 21:06:42,73
2026-04-12 21:47:57,73
2026-04-12 21:48:58,73
2026-04-04 03:54:11,73
2026-04-04 03:57:13,73
2026-04-15 20:35:30,73
2026-04-15 00:43:35,73
2026-04-13 18:56:46,73
2026-04-03 23:55:04,73
2026-04-05 08:50:14,73
2026-04-05 08:18:51,73
2026-04-05 08:20:53,73
2026-04-04 05:23:20,73
2026-04-04 05:24:21,73
2026-04-04 04:23:34,73
2026-04-05 08:00:38,73
2026-04-15 05:19:19,73
2026-04-08 18:18:52,73
2026-04-08 18:19:53,73
2026-04-08 19:09:31,73
2026-04-08 19:10:32,73
2026-04-05 06:58:53,73
2026-04-04 05:52:44,73
2026-04-04 05:08:09,73
2026-04-04 05:16:15,73
2026-04-08 19:08:31,73
2026-04-08 18:54:20,73
2026-04-04 07:45:12,73
2026-04-08 18:57:22,73
2026-04-08 18:58:23,73
2026-04-08 18:59:23,73
2026-04-08 19:00:24,73
2026-04-05 21:34:20,73
2026-04-05 08:25:56,73
2026-04-08 18:09:45,73
2026-04-08 18:10:46,73
2026-04-08 19:01:25,73
2026-04-08 19:03:27,73
2026-04-08 18:17:52,73
2026-04-08 19:05:28,73
2026-04-08 19:06:29,73
2026-04-15 04:52:57,73
2026-04-04 15:57:47,73
2026-04-04 16:01:50,73
2026-04-04 16:02:50,73
2026-04-09 17:04:05,73
2026-04-04 16:08:55,73
2026-04-15 03:08:31,73
2026-04-05 18:18:43,73
2026-04-12 21:07:27,73
2026-04-12 21:08:28,73
2026-04-08 19:19:39,73
2026-04-08 20:12:19,73
2026-04-03 17:43:22,73
2026-04-03 17:41:20,73
2026-04-12 21:01:22,73
2026-04-12 21:03:24,73
2026-04-08 23:33:04,73
2026-04-04 09:01:13,73
2026-04-04 14:48:53,73
2026-04-04 14:28:37,73
2026-04-04 13:32:52,73
2026-04-04 08:06:29,73
2026-04-05 01:30:59,73
2026-04-04 22:22:37,73
2026-04-04 21:07:43,73
2026-04-09 04:06:41,73
2026-04-15 01:21:06,73
2026-04-04 00:50:48,73
2026-04-15 01:08:56,73
2026-04-04 00:33:34,73
2026-04-06 18:25:55,73
2026-04-04 19:19:21,73
2026-04-13 19:18:02,73
2026-04-13 19:19:03,73
2026-04-03 18:34:00,73
2026-04-06 13:42:03,73
2026-04-13 19:51:26,73
2026-04-05 17:48:19,73
2026-04-05 17:49:20,73
2026-04-04 20:54:33,73
2026-04-05 21:01:55,73
2026-04-04 06:51:30,73
2026-04-04 07:41:09,73
2026-04-05 22:52:20,73
2026-04-04 07:04:40,73
2026-04-12 22:43:40,73
2026-04-13 19:25:07,73
2026-04-12 16:01:19,73
2026-04-04 09:33:40,73
2026-04-05 02:08:27,73
2026-04-03 23:32:48,73
2026-04-04 17:39:05,73
2026-04-04 17:18:50,73
2026-04-04 17:22:53,73
2026-04-14 23:41:45,73
2026-04-14 23:42:46,73
2026-04-04 16:24:07,73
2026-04-15 16:45:35,73
2026-04-04 04:12:25,73
2026-04-03 16:54:44,73
2026-04-03 16:57:46,73
2026-04-06 11:42:26,73
2026-04-09 20:46:56,73
2026-04-05 23:00:27,73
2026-04-06 11:54:35,73
2026-04-04 16:36:16,73
2026-04-04 16:38:18,73
2026-04-03 16:41:34,73
2026-04-04 04:14:27,73
2026-04-04 04:15:28,73
2026-04-04 15:39:32,73
2026-04-04 16:22:05,73
2026-04-08 17:59:37,73
2026-04-15 13:02:01,73
2026-04-04 07:21:54,73
2026-04-12 22:56:50,73
2026-04-12 22:42:39,73
2026-04-12 22:44:40,73
2026-04-08 23:35:06,73
2026-04-06 11:53:34,73
2026-04-12 23:27:13,73
2026-04-12 23:28:14,73
2026-04-12 23:29:15,73
2026-04-12 23:30:16,73
2026-04-12 23:02:54,73
2026-04-12 23:19:07,73
2026-04-04 22:07:26,73
2026-04-05 06:34:36,73
2026-04-12 19:12:59,73
2026-04-04 20:22:09,73
2026-04-04 20:20:07,73
2026-04-04 20:21:08,73
2026-04-12 19:15:01,73
2026-04-12 19:14:00,73
2026-04-12 23:56:36,73
2026-04-12 23:24:11,73
2026-04-04 03:37:58,73
2026-04-12 19:52:30,73
2026-04-03 16:42:35,73
2026-04-12 19:46:25,73
2026-04-12 19:17:02,73
2026-04-12 19:37:18,73
2026-04-12 19:21:06,73
2026-04-05 09:27:42,73
2026-04-14 23:52:54,73
2026-04-03 23:12:33,73
2026-04-03 23:19:38,73
2026-04-14 23:39:43,73
2026-04-05 02:31:45,73
2026-04-03 23:09:30,73
2026-04-15 02:42:10,73
2026-04-05 16:20:06,73
2026-04-04 03:01:30,73
2026-04-04 03:03:32,73
2026-04-12 19:43:23,73
2026-04-12 18:42:36,73
2026-04-12 18:49:41,73
2026-04-12 18:50:42,73
2026-04-12 18:51:43,73
2026-04-12 19:31:13,73
2026-04-12 23:07:58,73
2026-04-12 23:55:36,73
2026-04-12 20:07:41,73
2026-04-12 19:19:04,73
2026-04-12 19:20:05,73
2026-04-04 03:40:00,73
2026-04-15 02:57:22,73
2026-04-04 02:19:58,73
2026-04-05 23:46:02,73
2026-04-08 18:03:41,73
2026-04-08 18:06:43,73
2026-04-05 00:37:20,73
2026-04-06 20:07:12,73
2026-04-06 20:09:14,73
2026-04-05 05:35:56,73
2026-04-04 14:18:29,73
2026-04-05 06:06:17,73
2026-04-04 13:33:52,73
2026-04-05 00:50:29,73
2026-04-05 00:53:32,73
2026-04-05 23:15:38,73
2026-04-15 08:34:05,73
2026-04-03 19:52:59,73
2026-04-04 13:52:07,73
2026-04-07 05:49:09,73
2026-04-04 13:14:37,73
2026-04-11 10:12:00,73
2026-04-05 04:34:11,73
2026-04-07 18:28:01,73
2026-04-15 10:32:49,73
2026-04-06 03:00:42,73
2026-04-04 17:16:48,73
2026-04-12 18:32:28,73
2026-04-12 19:28:11,73
2026-04-12 19:29:12,73
2026-04-06 18:33:00,73
2026-04-05 09:39:51,73
2026-04-15 02:29:00,73
2026-04-15 02:31:02,73
2026-04-05 04:33:11,73
2026-04-13 00:00:40,73
2026-04-13 00:01:40,73
2026-04-13 08:15:25,73
2026-04-13 07:39:56,73
2026-04-13 07:40:57,73
2026-04-04 13:20:42,73
2026-04-04 13:21:43,73
2026-04-13 07:41:58,73
2026-04-05 13:48:01,73
2026-04-05 01:16:49,73
2026-04-06 12:40:13,73
2026-04-06 20:39:38,73
2026-04-15 09:17:41,73
2026-04-04 11:01:53,73
2026-04-05 00:48:28,73
2026-04-05 05:05:34,73
2026-04-04 10:48:42,73
2026-04-04 06:07:56,73
2026-04-04 06:24:09,73
2026-04-05 07:59:38,73
2026-04-15 00:12:10,73
2026-04-03 23:49:00,73
2026-04-06 17:27:15,73
2026-04-04 16:52:29,73
2026-04-15 10:18:37,73
2026-04-06 01:30:25,73
2026-04-04 10:49:43,73
2026-04-08 10:46:37,73
2026-04-06 04:00:32,73
2026-04-06 04:14:44,73
2026-04-04 10:51:44,73
2026-04-04 10:52:45,73
2026-04-05 04:48:22,73
2026-04-05 04:49:23,73
2026-04-13 03:16:10,73
2026-04-13 00:05:43,73
2026-04-13 03:17:11,73
2026-04-06 23:51:14,73
2026-04-06 23:52:15,73
2026-04-07 00:35:49,73
2026-04-05 13:56:07,73
2026-04-04 16:48:26,73
2026-04-04 16:50:27,73
2026-04-05 02:49:58,73
2026-04-07 04:35:06,73
2026-04-04 22:50:59,73
2026-04-04 23:02:07,73
2026-04-13 03:28:19,73
2026-04-04 23:19:20,72
2026-04-06 00:47:51,72
2026-04-04 11:05:56,72
2026-04-07 00:21:38,72
2026-04-06 23:37:02,72
2026-04-06 21:52:36,72
2026-04-08 10:59:46,72
2026-04-13 00:04:43,72
2026-04-04 22:44:54,72
2026-04-04 23:01:06,72
2026-04-04 11:32:18,72
2026-04-06 03:15:55,72
2026-04-07 06:04:22,72
2026-04-11 10:15:03,72
2026-04-05 04:32:10,72
2026-04-10 11:13:01,72
2026-04-03 22:57:21,72
2026-04-05 14:37:41,72
2026-04-09 09:47:40,72
2026-04-13 08:13:24,72
2026-04-12 23:32:17,72
2026-04-12 23:33:18,72
2026-04-12 23:34:19,72
2026-04-06 20:52:49,72
2026-04-15 09:03:29,72
2026-04-05 01:53:16,72
2026-04-04 13:53:08,72
2026-04-04 18:52:00,72
2026-04-06 13:11:38,72
2026-04-14 23:27:33,72
2026-04-03 22:48:14,72
2026-04-13 00:02:41,72
2026-04-13 00:03:42,72
2026-04-12 23:48:30,72
2026-04-12 23:49:31,72
2026-04-12 23:50:32,72
2026-04-12 23:57:37,72
2026-04-12 23:59:39,72
2026-04-05 05:31:53,72
2026-04-04 22:34:46,72
2026-04-12 23:00:53,72
2026-04-12 23:31:17,72
2026-04-12 23:26:13,72
2026-04-04 13:57:11,72
2026-04-04 13:58:12,72
2026-04-04 12:59:25,72
2026-04-04 14:09:21,72
2026-04-15 01:40:22,72
2026-04-15 01:41:22,72
2026-04-04 20:55:34,72
2026-04-04 21:03:40,72
2026-04-04 21:22:54,72
2026-04-04 21:10:45,72
2026-04-09 17:33:31,72
2026-04-09 17:37:34,72
2026-04-15 03:40:57,72
2026-04-04 16:23:06,72
2026-04-04 16:37:17,72
2026-04-04 15:38:32,72
2026-04-05 03:51:42,72
2026-04-15 18:19:51,72
2026-04-15 01:11:58,72
2026-04-15 01:39:21,72
2026-04-12 19:50:28,72
2026-04-12 19:51:29,72
2026-04-12 20:38:05,72
2026-04-04 03:36:57,72
2026-04-04 15:41:34,72
2026-04-05 08:27:58,72
2026-04-05 09:20:37,72
2026-04-15 03:34:52,72
2026-04-12 19:16:02,72
2026-04-04 20:35:18,72
2026-04-12 19:35:16,72
2026-04-12 19:36:17,72
2026-04-12 19:45:24,72
2026-04-12 19:47:26,72
2026-04-12 19:48:26,72
2026-04-12 19:49:27,72
2026-04-13 18:54:45,72
2026-04-15 00:58:47,72
2026-04-15 00:59:48,72
2026-04-12 21:49:59,72
2026-04-08 20:13:20,72
2026-04-03 17:58:33,72
2026-04-03 18:09:42,72
2026-04-12 21:44:55,72
2026-04-08 19:56:07,72
2026-04-12 20:25:55,72
2026-04-04 20:51:31,72
2026-04-04 20:52:31,72
2026-04-03 18:55:16,72
2026-04-13 19:04:52,72
2026-04-13 19:05:53,72
2026-04-09 03:04:56,72
2026-04-04 04:33:42,72
2026-04-05 09:26:41,72
2026-04-03 17:44:22,72
2026-04-12 21:00:21,72
2026-04-12 21:02:23,72
2026-04-03 17:42:21,72
2026-04-12 21:04:24,72
2026-04-08 19:18:38,72
2026-04-05 18:02:30,72
2026-04-04 04:37:45,72
2026-04-04 04:38:46,72
2026-04-05 18:05:33,72
2026-04-15 04:08:20,72
2026-04-15 04:19:29,72
2026-04-04 03:22:46,72
2026-04-15 03:50:05,72
2026-04-08 19:32:49,72
2026-04-08 19:33:50,72
2026-04-08 19:34:50,72
2026-04-08 19:42:56,72
2026-04-05 07:56:35,72
2026-04-15 05:21:21,72
2026-04-04 05:22:20,72
2026-04-04 05:48:41,72
2026-04-05 00:21:08,72
2026-04-15 20:34:29,72
2026-04-03 23:41:54,72
2026-04-03 23:42:55,72
2026-04-03 23:43:56,72
2026-04-03 23:44:57,72
2026-04-03 23:45:57,72
2026-04-03 23:46:58,72
2026-04-05 19:32:44,72
2026-04-04 03:58:14,72
2026-04-13 19:50:25,72
2026-04-13 19:37:16,72
2026-04-13 19:39:18,72
2026-04-04 18:47:57,72
2026-04-06 17:10:01,72
2026-04-06 17:26:14,72
2026-04-03 18:12:44,72
2026-04-03 18:25:54,72
2026-04-03 17:28:10,72
2026-04-03 17:29:11,72
2026-04-04 05:07:08,72
2026-04-05 18:34:56,72
2026-04-12 21:30:44,72
2026-04-12 21:31:45,72
2026-04-11 02:51:12,72
2026-04-04 07:02:39,72
2026-04-04 08:33:51,72
2026-04-04 07:36:05,72
2026-04-12 22:57:51,72
2026-04-12 22:58:51,72
2026-04-05 07:11:03,72
2026-04-15 14:01:54,72
2026-04-08 19:02:26,72
2026-04-08 18:16:51,72
2026-04-15 00:26:21,72
2026-04-15 00:27:22,72
2026-04-15 00:11:09,72
2026-04-05 11:08:59,72
2026-04-13 19:23:06,72
2026-04-13 19:26:08,72
2026-04-05 22:51:20,72
2026-04-04 07:42:10,72
2026-04-04 07:46:13,72
2026-04-08 18:56:21,72
2026-04-08 19:04:27,72
2026-04-08 18:53:19,72
2026-04-08 18:55:20,72
2026-04-08 18:11:47,72
2026-04-05 08:47:12,72
2026-04-08 19:11:33,72
2026-04-05 07:26:14,72
2026-04-04 05:54:46,72
2026-04-05 20:17:20,72
2026-04-05 20:34:33,72
2026-04-15 06:34:21,72
2026-04-15 07:04:47,72
2026-04-05 00:49:29,72
2026-04-08 17:46:27,72
2026-04-08 17:47:28,72
2026-04-08 17:48:28,72
2026-04-08 18:00:38,72
2026-04-05 05:18:43,72
2026-04-04 22:36:48,72
2026-04-04 22:19:35,72
2026-04-03 23:06:28,72
2026-04-03 23:08:29,72
2026-04-03 23:10:31,72
2026-04-15 00:06:05,72
2026-04-03 23:36:51,72
2026-04-05 14:08:17,72
2026-04-04 17:27:57,72
2026-04-05 02:14:32,72
2026-04-04 14:46:51,72
2026-04-09 20:15:32,72
2026-04-09 20:19:35,72
2026-04-09 20:20:35,72
2026-04-15 13:32:28,72
2026-04-15 13:46:41,72
2026-04-04 07:51:17,72
2026-04-04 18:07:26,72
2026-04-09 19:44:08,72
2026-04-09 19:45:09,72
2026-04-04 07:23:55,72
2026-04-08 18:32:03,72
2026-04-08 18:20:54,72
2026-04-04 21:39:06,72
2026-04-15 13:16:14,72
2026-04-05 22:45:15,72
2026-04-15 21:15:01,72
2026-04-04 16:47:25,72
2026-04-03 20:08:11,72
2026-04-04 23:39:36,72
2026-04-04 13:07:32,72
2026-04-15 11:33:43,72
2026-04-15 11:04:18,72
2026-04-05 00:02:54,72
2026-04-06 22:37:12,72
2026-04-06 21:37:23,72
2026-04-04 11:04:55,72
2026-04-15 09:19:43,72
2026-04-06 00:06:18,72
2026-04-05 13:19:39,72
2026-04-03 20:11:14,72
2026-04-05 13:24:43,72
2026-04-13 00:09:47,72
2026-04-13 00:10:47,72
2026-04-13 00:25:59,72
2026-04-13 00:15:51,72
2026-04-13 00:17:53,72
2026-04-05 05:06:35,72
2026-04-13 00:19:54,72
2026-04-05 00:47:27,72
2026-04-12 23:35:20,72
2026-04-12 23:36:20,72
2026-04-12 23:37:21,72
2026-04-12 23:38:22,72
2026-04-12 23:39:23,72
2026-04-13 00:18:54,72
2026-04-12 23:47:29,72
2026-04-13 00:08:46,72
2026-04-12 19:25:09,72
2026-04-12 18:48:40,72
2026-04-12 19:33:15,72
2026-04-12 19:34:16,72
2026-04-12 19:44:23,72
2026-04-04 02:05:47,72
2026-04-04 02:51:23,72
2026-04-12 20:08:42,72
2026-04-05 11:27:13,72
2026-04-05 11:35:19,72
2026-04-04 21:01:38,72
2026-04-04 19:50:45,72
2026-04-04 01:40:27,72
2026-04-04 01:50:35,72
2026-04-04 02:35:10,72
2026-04-04 02:36:11,72
2026-04-12 18:33:28,72
2026-04-12 19:27:10,72
2026-04-04 19:38:36,72
2026-04-04 19:39:37,72
2026-04-05 10:16:19,72
2026-04-05 10:17:19,72
2026-04-05 11:25:11,72
2026-04-13 17:37:00,72
2026-04-07 10:53:41,72
2026-04-15 02:24:57,72
2026-04-04 01:37:24,72
2026-04-15 02:30:01,72
2026-04-06 19:24:40,72
2026-04-04 21:00:37,72
2026-04-05 03:36:31,72
2026-04-04 20:10:00,72
2026-04-04 23:24:24,71
2026-04-04 23:21:22,71
2026-04-05 00:09:59,71
2026-04-04 23:58:51,71
2026-04-04 23:59:51,71
2026-04-04 23:20:21,71
2026-04-04 13:06:31,71
2026-04-04 10:50:43,71
2026-04-06 01:17:15,71
2026-04-05 00:33:17,71
2026-04-05 00:34:17,71
2026-04-09 21:17:21,71
2026-04-12 23:58:38,71
2026-04-12 23:40:23,71
2026-04-12 23:41:24,71
2026-04-12 23:46:29,71
2026-04-05 05:32:53,71
2026-04-05 05:34:55,71
2026-04-04 10:03:04,71
2026-04-04 13:36:55,71
2026-04-05 00:36:19,71
2026-04-05 14:36:40,71
2026-04-03 22:36:05,71
2026-04-05 12:25:58,71
2026-04-04 17:00:35,71
2026-04-03 22:52:17,71
2026-04-05 01:04:40,71
2026-04-05 01:05:40,71
2026-04-05 13:25:44,71
2026-04-06 12:56:26,71
2026-04-05 00:17:04,71
2026-04-05 23:48:04,71
2026-04-05 01:43:08,71
2026-04-05 01:45:10,71
2026-04-04 09:17:26,71
2026-04-04 09:47:51,71
2026-04-04 22:33:45,71
2026-04-04 13:56:10,71
2026-04-12 23:25:12,71
2026-04-12 22:59:52,71
2026-04-12 23:01:54,71
2026-04-15 12:17:21,71
2026-04-04 17:54:17,71
2026-04-04 17:55:17,71
2026-04-03 23:37:51,71
2026-04-03 23:22:40,71
2026-04-03 23:20:39,71
2026-04-05 14:19:26,71
2026-04-05 14:22:28,71
2026-04-04 17:32:00,71
2026-04-04 17:36:03,71
2026-04-03 23:33:48,71
2026-04-05 12:26:58,71
2026-04-05 12:19:53,71
2026-04-15 21:58:36,71
2026-04-15 22:13:48,71
2026-04-05 06:36:38,71
2026-04-05 05:17:43,71
2026-04-05 06:02:14,71
2026-04-08 18:33:03,71
2026-04-08 18:35:05,71
2026-04-12 22:30:30,71
2026-04-12 22:31:31,71
2026-04-04 21:38:05,71
2026-04-12 22:32:31,71
2026-04-12 22:33:32,71
2026-04-04 13:31:51,71
2026-04-04 22:04:24,71
2026-04-08 18:36:06,71
2026-04-08 18:37:06,71
2026-04-08 18:38:07,71
2026-04-09 20:23:38,71
2026-04-04 14:06:19,71
2026-04-15 08:05:40,71
2026-04-04 07:52:18,71
2026-04-06 13:55:13,71
2026-04-03 23:47:59,71
2026-04-03 23:38:52,71
2026-04-13 19:28:10,71
2026-04-13 19:29:10,71
2026-04-13 19:30:11,71
2026-04-13 19:31:12,71
2026-04-13 19:53:28,71
2026-04-03 18:35:00,71
2026-04-13 19:47:23,71
2026-04-13 19:27:09,71
2026-04-05 02:38:50,71
2026-04-13 20:48:12,71
2026-04-04 07:37:06,71
2026-04-04 07:38:07,71
2026-04-04 07:39:07,71
2026-04-08 18:26:59,71
2026-04-05 06:20:26,71
2026-04-12 22:41:38,71
2026-04-08 18:12:48,71
2026-04-08 18:21:55,71
2026-04-08 18:22:56,71
2026-04-08 18:24:57,71
2026-04-15 06:50:35,71
2026-04-05 22:18:55,71
2026-04-12 22:03:09,71
2026-04-12 22:04:10,71
2026-04-12 22:05:11,71
2026-04-04 15:12:12,71
2026-04-04 15:11:11,71
2026-04-05 06:55:51,71
2026-04-05 07:21:10,71
2026-04-12 22:01:08,71
2026-04-05 06:45:44,71
2026-04-05 06:31:34,71
2026-04-12 22:07:12,71
2026-04-12 21:55:03,71
2026-04-04 00:04:11,71
2026-04-04 00:07:13,71
2026-04-15 20:07:09,71
2026-04-05 12:04:42,71
2026-04-05 12:08:45,71
2026-04-15 00:54:44,71
2026-04-04 18:41:53,71
2026-04-04 18:45:56,71
2026-04-04 18:32:46,71
2026-04-04 18:36:49,71
2026-04-13 19:49:25,71
2026-04-04 16:53:30,71
2026-04-04 18:37:50,71
2026-04-05 20:18:20,71
2026-04-05 20:19:21,71
2026-04-08 19:35:51,71
2026-04-04 15:32:27,71
2026-04-04 07:17:50,71
2026-04-15 06:21:10,71
2026-04-08 18:52:18,71
2026-04-05 08:15:49,71
2026-04-15 05:49:44,71
2026-04-04 05:20:18,71
2026-04-05 21:16:06,71
2026-04-05 08:46:11,71
2026-04-04 05:49:41,71
2026-04-08 19:36:52,71
2026-04-08 19:37:53,71
2026-04-08 19:38:53,71
2026-04-15 18:21:52,71
2026-04-05 03:50:41,71
2026-04-13 18:51:43,71
2026-04-04 18:48:58,71
2026-04-04 00:36:36,71
2026-04-04 00:51:48,71
2026-04-03 18:54:15,71
2026-04-03 18:43:06,71
2026-04-11 02:21:46,71
2026-04-06 17:38:23,71
2026-04-15 23:13:38,71
2026-04-15 19:56:00,71
2026-04-15 19:55:00,71
2026-04-04 19:56:50,71
2026-04-04 04:48:54,71
2026-04-04 05:03:05,71
2026-04-04 04:49:54,71
2026-04-04 04:50:55,71
2026-04-04 04:51:56,71
2026-04-12 21:54:02,71
2026-04-08 19:16:37,71
2026-04-04 03:52:09,71
2026-04-15 04:49:54,71
2026-04-03 17:30:11,71
2026-04-03 18:10:42,71
2026-04-04 15:46:38,71
2026-04-04 15:47:39,71
2026-04-04 15:50:41,71
2026-04-09 17:42:38,71
2026-04-12 21:06:26,71
2026-04-12 21:11:30,71
2026-04-12 20:58:20,71
2026-04-12 20:59:21,71
2026-04-12 20:24:55,71
2026-04-12 20:26:56,71
2026-04-12 20:27:57,71
2026-04-12 20:28:58,71
2026-04-08 19:17:37,71
2026-04-08 20:11:18,71
2026-04-12 21:05:25,71
2026-04-04 21:16:50,71
2026-04-04 20:59:37,71
2026-04-12 20:22:53,71
2026-04-12 20:23:54,71
2026-04-05 15:21:16,71
2026-04-04 01:41:28,71
2026-04-04 19:08:13,71
2026-04-15 18:22:53,71
2026-04-15 18:17:49,71
2026-04-04 19:11:15,71
2026-04-04 19:16:19,71
2026-04-04 19:02:08,71
2026-04-16 01:12:17,71
2026-04-09 02:37:39,71
2026-04-09 02:38:40,71
2026-04-09 02:35:38,71
2026-04-09 02:36:38,71
2026-04-04 03:18:43,71
2026-04-04 21:18:51,71
2026-04-04 21:14:48,71
2026-04-04 03:23:47,71
2026-04-04 03:15:41,71
2026-04-04 03:17:43,71
2026-04-12 21:19:36,71
2026-04-12 20:39:05,71
2026-04-12 20:40:06,71
2026-04-15 03:19:40,71
2026-04-12 21:15:33,71
2026-04-12 21:16:34,71
2026-04-04 01:36:24,71
2026-04-15 02:39:08,71
2026-04-05 03:35:30,71
2026-04-04 20:05:57,71
2026-04-04 20:08:59,71
2026-04-04 20:00:53,71
2026-04-04 20:01:54,71
2026-04-04 19:36:34,71
2026-04-05 10:00:07,71
2026-04-13 17:46:07,71
2026-04-05 10:39:36,71
2026-04-05 10:15:18,71
2026-04-05 11:24:10,71
2026-04-05 11:26:12,71
2026-04-04 16:33:14,71
2026-04-04 16:35:15,71
2026-04-04 04:13:26,71
2026-04-12 20:32:00,71
2026-04-12 20:33:01,71
2026-04-12 20:34:02,71
2026-04-12 20:35:02,71
2026-04-12 20:37:04,71
2026-04-04 02:46:19,71
2026-04-15 02:43:11,71
2026-04-04 03:34:56,71
2026-04-04 15:42:35,71
2026-04-12 20:16:48,71
2026-04-15 02:54:20,71
2026-04-04 02:48:21,71
2026-04-04 20:48:28,71
2026-04-04 20:49:29,71
2026-04-15 17:00:48,71
2026-04-15 02:27:59,71
2026-04-13 00:07:45,71
2026-04-05 04:47:21,71
2026-04-07 00:52:02,71
2026-04-11 11:38:57,71
2026-04-06 21:09:01,71
2026-04-13 00:11:48,71
2026-04-13 00:12:49,71
2026-04-13 00:14:51,71
2026-04-13 00:16:52,71
2026-04-13 00:06:44,71
2026-04-15 09:04:30,71
2026-04-04 11:02:54,71
2026-04-04 11:03:54,71
2026-04-07 00:06:26,71
2026-04-04 23:47:42,71
2026-04-06 00:18:28,71
2026-04-04 11:45:28,71
2026-04-05 13:54:06,71
2026-04-04 16:49:27,71
2026-04-04 17:17:49,71
2026-04-05 12:49:16,71
2026-04-05 02:45:55,71
2026-04-05 02:46:56,71
2026-04-03 21:56:34,71
2026-04-05 02:42:53,71
2026-04-04 22:46:55,71
2026-04-03 21:36:19,71
2026-04-07 02:06:03,71
2026-04-15 10:33:50,71
2026-04-04 23:00:05,71
2026-04-06 19:38:50,70
2026-04-09 09:11:08,70
2026-04-05 00:35:18,70
2026-04-08 10:27:21,70
2026-04-09 21:03:09,70
2026-04-13 00:13:50,70
2026-04-04 03:11:38,70
2026-04-04 12:23:58,70
2026-04-06 00:03:16,70
2026-04-04 10:16:16,70
2026-04-04 23:45:40,70
2026-04-15 21:44:24,70
2026-04-04 18:19:36,70
2026-04-04 13:18:40,70
2026-04-04 22:35:47,70
2026-04-04 13:48:04,70
2026-04-04 13:49:04,70
2026-04-04 13:51:06,70
2026-04-05 23:30:50,70
2026-04-05 23:47:03,70
2026-04-05 12:53:19,70
2026-04-12 20:36:03,70
2026-04-04 20:45:26,70
2026-04-04 16:31:12,70
2026-04-04 16:32:13,70
2026-04-05 10:24:25,70
2026-04-12 20:15:48,70
2026-04-05 16:21:06,70
2026-04-05 14:51:52,70
2026-04-15 02:56:21,70
2026-04-04 02:47:20,70
2026-04-12 20:11:45,70
2026-04-12 20:12:45,70
2026-04-12 20:13:46,70
2026-04-04 20:46:27,70
2026-04-04 20:37:20,70
2026-04-04 20:30:15,70
2026-04-04 23:18:19,70
2026-04-12 20:09:43,70
2026-04-12 20:10:44,70
2026-04-15 02:35:05,70
2026-04-12 20:21:52,70
2026-04-12 21:12:31,70
2026-04-05 10:10:14,70
2026-04-05 10:50:45,70
2026-04-05 03:37:32,70
2026-04-04 20:06:57,70
2026-04-04 20:04:56,70
2026-04-04 19:52:46,70
2026-04-12 20:19:51,70
2026-04-12 20:20:52,70
2026-04-13 17:58:17,70
2026-04-13 17:59:17,70
2026-04-04 19:40:38,70
2026-04-04 16:16:01,70
2026-04-04 04:10:24,70
2026-04-04 03:12:39,70
2026-04-12 20:17:49,70
2026-04-05 02:15:33,70
2026-04-04 13:03:28,70
2026-04-09 20:47:57,70
2026-04-04 13:47:03,70
2026-04-05 04:37:14,70
2026-04-04 22:30:43,70
2026-04-04 22:32:45,70
2026-04-04 18:16:33,70
2026-04-04 18:17:34,70
2026-04-04 17:51:14,70
2026-04-08 18:39:08,70
2026-04-05 02:13:31,70
2026-04-04 17:30:59,70
2026-04-03 23:34:49,70
2026-04-05 14:21:28,70
2026-04-06 14:10:26,70
2026-04-08 17:43:24,70
2026-04-06 13:25:50,70
2026-04-06 13:26:50,70
2026-04-04 17:41:07,70
2026-04-04 17:37:04,70
2026-04-15 18:25:55,70
2026-04-15 18:11:45,70
2026-04-15 18:12:45,70
2026-04-15 18:13:46,70
2026-04-15 02:08:44,70
2026-04-15 02:11:46,70
2026-04-04 01:39:26,70
2026-04-13 18:52:43,70
2026-04-06 18:38:04,70
2026-04-04 19:06:11,70
2026-04-04 03:16:42,70
2026-04-04 03:21:46,70
2026-04-04 21:20:53,70
2026-04-12 21:14:32,70
2026-04-12 21:18:35,70
2026-04-12 20:49:13,70
2026-04-12 20:41:07,70
2026-04-04 04:34:43,70
2026-04-08 18:31:02,70
2026-04-08 18:34:04,70
2026-04-05 06:12:21,70
2026-04-12 22:28:28,70
2026-04-12 22:29:29,70
2026-04-05 06:44:43,70
2026-04-08 18:29:00,70
2026-04-08 18:30:01,70
2026-04-04 21:53:16,70
2026-04-12 22:34:33,70
2026-04-12 22:35:34,70
2026-04-09 20:09:27,70
2026-04-09 20:10:28,70
2026-04-09 20:13:30,70
2026-04-04 13:34:53,70
2026-04-04 13:35:54,70
2026-04-04 05:06:07,70
2026-04-03 17:33:14,70
2026-04-03 18:11:43,70
2026-04-12 21:52:01,70
2026-04-12 21:53:01,70
2026-04-09 17:43:39,70
2026-04-04 15:07:08,70
2026-04-04 16:03:51,70
2026-04-04 16:04:52,70
2026-04-12 20:57:19,70
2026-04-03 17:40:19,70
2026-04-09 17:39:36,70
2026-04-04 19:51:46,70
2026-04-13 17:45:06,70
2026-04-04 21:15:49,70
2026-04-04 22:06:26,70
2026-04-04 07:53:18,70
2026-04-04 14:04:17,70
2026-04-06 13:56:14,70
2026-04-15 00:20:16,70
2026-04-03 23:50:00,70
2026-04-05 22:01:41,70
2026-04-04 08:18:38,70
2026-04-05 11:37:20,70
2026-04-05 11:38:21,70
2026-04-05 11:50:31,70
2026-04-05 11:52:32,70
2026-04-03 18:36:01,70
2026-04-05 22:03:43,70
2026-04-15 07:48:26,70
2026-04-05 13:07:30,70
2026-04-08 19:39:54,70
2026-04-12 21:29:44,70
2026-04-12 21:32:46,70
2026-04-12 21:22:38,70
2026-04-04 00:35:36,70
2026-04-04 19:26:27,70
2026-04-04 04:52:57,70
2026-04-15 19:41:50,70
2026-04-09 03:03:56,70
2026-04-03 18:41:05,70
2026-04-15 19:42:50,70
2026-04-08 19:15:36,70
2026-04-04 03:53:10,70
2026-04-04 03:55:12,70
2026-04-05 19:33:44,70
2026-04-15 19:51:57,70
2026-04-08 18:25:58,70
2026-04-08 18:27:59,70
2026-04-05 06:18:25,70
2026-04-05 06:19:26,70
2026-04-08 18:13:49,70
2026-04-08 18:14:49,70
2026-04-04 06:38:20,70
2026-04-09 19:43:07,70
2026-04-08 18:23:56,70
2026-04-12 22:24:25,70
2026-04-08 18:15:50,70
2026-04-08 19:12:34,70
2026-04-08 19:13:34,70
2026-04-12 21:56:04,70
2026-04-12 21:59:06,70
2026-04-12 22:00:07,70
2026-04-12 22:02:08,70
2026-04-05 06:32:35,70
2026-04-05 06:33:35,70
2026-04-08 18:51:17,70
2026-04-08 19:40:55,70
2026-04-08 19:41:56,70
2026-04-04 15:35:29,70
2026-04-08 18:46:13,70
2026-04-15 05:20:20,70
2026-04-12 22:25:26,70
2026-04-05 08:11:46,70
2026-04-05 08:14:48,70
2026-04-12 21:28:43,70
2026-04-04 04:18:30,70
2026-04-15 05:51:45,70
2026-04-15 06:05:57,70
2026-04-04 06:39:20,70
2026-04-04 06:47:27,70
2026-04-04 15:26:22,70
2026-04-04 15:27:23,70
2026-04-12 22:06:11,70
2026-04-12 22:08:13,70
2026-04-12 22:09:14,70
2026-04-12 22:10:15,70
2026-04-15 00:57:47,70
2026-04-15 00:44:36,70
2026-04-15 00:50:41,70
2026-04-15 00:56:46,70
2026-04-04 00:03:10,70
2026-04-03 23:40:54,70
2026-04-05 00:19:06,70
2026-04-05 00:20:07,70
2026-04-15 20:33:28,70
2026-04-04 18:46:57,70
2026-04-04 18:34:47,70
2026-04-15 06:35:22,70
2026-04-04 06:52:31,70
2026-04-03 23:39:53,70
2026-04-03 22:55:20,70
2026-04-05 14:34:38,70
2026-04-05 14:35:39,70
2026-04-05 03:20:20,70
2026-04-04 10:01:03,70
2026-04-05 13:34:51,70
2026-04-05 13:22:42,70
2026-04-14 23:36:41,70
2026-04-06 12:42:14,70
2026-04-05 01:14:47,70
2026-04-15 21:14:00,70
2026-04-05 01:03:39,70
2026-04-04 03:06:34,70
2026-04-04 03:07:35,70
2026-04-15 17:51:29,70
2026-04-06 11:27:13,70
2026-04-06 00:32:39,70
2026-04-04 13:05:30,70
2026-04-04 11:53:35,70
2026-04-15 11:03:17,70
2026-04-05 00:32:16,70
2026-04-04 12:25:59,70
2026-04-04 12:27:00,70
2026-04-06 01:02:03,70
2026-04-05 04:31:09,70
2026-04-15 11:32:42,70
2026-04-05 05:27:50,70
2026-04-12 23:42:25,70
2026-04-12 23:45:28,70
2026-04-05 04:06:52,70
2026-04-04 12:22:57,70
2026-04-04 23:43:39,70
2026-04-07 10:50:38,70
2026-04-04 23:29:28,70
2026-04-06 20:23:26,70
2026-04-07 18:29:02,69
2026-04-07 21:03:10,69
2026-04-05 05:33:54,69
2026-04-05 05:26:49,69
2026-04-12 23:43:26,69
2026-04-05 04:05:52,69
2026-04-13 08:08:20,69
2026-04-05 04:30:09,69
2026-04-04 10:46:40,69
2026-04-05 04:21:02,69
2026-04-15 11:18:30,69
2026-04-04 11:54:36,69
2026-04-04 11:56:37,69
2026-04-07 18:37:07,69
2026-04-15 17:50:28,69
2026-04-06 11:55:36,69
2026-04-06 00:30:38,69
2026-04-05 00:59:36,69
2026-04-09 09:12:09,69
2026-04-09 09:13:10,69
2026-04-05 01:15:48,69
2026-04-05 13:35:52,69
2026-04-05 13:20:40,69
2026-04-09 09:49:41,69
2026-04-09 09:50:42,69
2026-04-15 20:43:36,69
2026-04-03 22:51:17,69
2026-04-05 14:49:50,69
2026-04-03 22:37:06,69
2026-04-05 21:46:29,69
2026-04-05 21:19:08,69
2026-04-04 06:03:53,69
2026-04-04 15:22:19,69
2026-04-04 15:25:22,69
2026-04-15 20:31:27,69
2026-04-04 18:33:47,69
2026-04-05 11:05:57,69
2026-04-04 00:05:12,69
2026-04-15 00:41:34,69
2026-04-15 20:06:08,69
2026-04-15 20:10:11,69
2026-04-05 08:42:08,69
2026-04-04 06:49:28,69
2026-04-05 20:04:09,69
2026-04-04 05:34:29,69
2026-04-05 20:47:43,69
2026-04-12 22:26:27,69
2026-04-05 08:17:51,69
2026-04-05 07:44:27,69
2026-04-05 07:58:37,69
2026-04-05 07:41:25,69
2026-04-08 18:45:13,69
2026-04-08 18:47:14,69
2026-04-08 18:50:17,69
2026-04-08 18:43:11,69
2026-04-08 18:44:12,69
2026-04-04 15:31:26,69
2026-04-15 06:20:09,69
2026-04-12 21:58:05,69
2026-04-12 22:21:23,69
2026-04-12 22:22:24,69
2026-04-12 22:23:24,69
2026-04-04 07:49:15,69
2026-04-04 06:35:17,69
2026-04-04 06:36:18,69
2026-04-05 21:03:56,69
2026-04-04 06:32:15,69
2026-04-09 19:13:45,69
2026-04-09 19:36:02,69
2026-04-05 06:16:24,69
2026-04-09 19:38:03,69
2026-04-15 05:06:08,69
2026-04-15 19:57:01,69
2026-04-15 19:52:58,69
2026-04-15 19:40:49,69
2026-04-03 18:53:14,69
2026-04-04 01:21:12,69
2026-04-15 01:35:18,69
2026-04-15 18:26:56,69
2026-04-15 18:27:57,69
2026-04-15 18:18:50,69
2026-04-05 03:49:40,69
2026-04-05 03:52:42,69
2026-04-12 21:23:39,69
2026-04-12 21:24:40,69
2026-04-12 21:25:41,69
2026-04-12 21:27:42,69
2026-04-04 17:56:18,69
2026-04-05 02:28:42,69
2026-04-05 02:30:44,69
2026-04-05 13:05:28,69
2026-04-05 13:06:29,69
2026-04-05 11:51:31,69
2026-04-05 03:19:19,69
2026-04-13 19:52:27,69
2026-04-03 18:37:02,69
2026-04-15 00:24:19,69
2026-04-04 08:17:38,69
2026-04-04 08:32:50,69
2026-04-04 07:34:03,69
2026-04-09 20:21:36,69
2026-04-09 20:22:37,69
2026-04-04 14:03:16,69
2026-04-09 20:14:31,69
2026-04-13 17:44:05,69
2026-04-04 22:05:25,69
2026-04-04 20:56:34,69
2026-04-12 20:29:58,69
2026-04-12 20:55:18,69
2026-04-12 20:51:15,69
2026-04-12 20:52:15,69
2026-04-03 17:39:18,69
2026-04-04 21:17:50,69
2026-04-04 16:05:53,69
2026-04-04 15:10:10,69
2026-04-04 15:48:39,69
2026-04-04 15:49:40,69
2026-04-05 08:41:08,69
2026-04-03 17:31:12,69
2026-04-12 21:51:00,69
2026-04-09 20:16:32,69
2026-04-15 07:50:27,69
2026-04-09 19:58:19,69
2026-04-15 13:17:15,69
2026-04-08 17:38:21,69
2026-04-04 22:03:24,69
2026-04-04 21:54:17,69
2026-04-12 22:36:34,69
2026-04-12 22:27:27,69
2026-04-05 05:50:05,69
2026-04-04 21:37:05,69
2026-04-04 21:35:03,69
2026-04-04 22:20:36,69
2026-04-04 22:21:37,69
2026-04-04 22:18:34,69
2026-04-05 05:16:42,69
2026-04-12 21:17:35,69
2026-04-12 20:42:08,69
2026-04-15 04:05:17,69
2026-04-05 18:03:31,69
2026-04-04 03:14:40,69
2026-04-04 03:20:45,69
2026-04-04 21:21:53,69
2026-04-04 21:11:46,69
2026-04-13 18:50:42,69
2026-04-04 19:18:21,69
2026-04-04 19:03:09,69
2026-04-04 19:04:10,69
2026-04-04 19:07:12,69
2026-04-15 18:16:49,69
2026-04-08 17:44:25,69
2026-04-05 13:36:52,69
2026-04-04 17:33:00,69
2026-04-03 23:35:50,69
2026-04-05 14:20:27,69
2026-04-14 23:37:42,69
2026-04-04 18:15:33,69
2026-04-04 18:05:25,69
2026-04-08 17:45:26,69
2026-04-08 18:40:09,69
2026-04-04 13:55:09,69
2026-04-04 03:13:39,69
2026-04-15 03:52:06,69
2026-04-04 04:07:21,69
2026-04-15 03:37:55,69
2026-04-05 11:36:20,69
2026-04-04 19:37:35,69
2026-04-06 18:27:56,69
2026-04-06 18:29:58,69
2026-04-04 20:03:55,69
2026-04-06 19:09:28,69
2026-04-15 02:22:55,69
2026-04-15 02:25:58,69
2026-04-12 21:21:38,69
2026-04-12 21:13:32,69
2026-04-07 21:32:33,69
2026-04-05 00:01:53,69
2026-04-05 00:00:52,69
2026-04-07 11:43:21,69
2026-04-03 21:23:09,69
2026-04-04 20:36:19,69
2026-04-04 20:31:16,69
2026-04-12 20:14:47,69
2026-04-15 02:40:09,69
2026-04-15 02:41:09,69
2026-04-04 03:35:57,69
2026-04-12 20:30:59,69
2026-04-05 08:55:18,69
2026-04-03 21:37:20,69
2026-04-05 02:44:54,69
2026-04-03 21:53:32,69
2026-04-03 21:54:33,69
2026-04-04 23:31:29,69
2026-04-04 13:17:39,69
2026-04-15 09:49:09,69
2026-04-15 09:18:42,69
2026-04-05 00:46:26,69
2026-04-05 05:04:33,69
2026-04-08 10:19:15,69
2026-04-05 04:46:20,69
2026-04-05 00:29:14,69
2026-04-06 01:00:01,69
2026-04-04 03:09:36,69
2026-04-04 03:02:31,69
2026-04-09 21:01:08,69
2026-04-04 12:20:55,69
2026-04-04 12:38:09,69
2026-04-04 23:17:18,69
2026-04-06 19:54:02,69
2026-04-08 17:36:19,69
2026-04-09 04:05:40,68
2026-04-03 18:42:06,68
2026-04-13 19:32:12,68
2026-04-04 12:18:54,68
2026-04-04 13:54:09,68
2026-04-05 04:29:08,68
2026-04-04 19:05:11,68
2026-04-04 19:01:08,68
2026-04-15 05:36:33,68
2026-04-05 08:44:10,68
2026-04-05 08:13:48,68
2026-04-05 08:16:50,68
2026-04-12 22:11:15,68
2026-04-05 06:15:23,68
2026-04-05 06:17:24,68
2026-04-05 07:57:36,68
2026-04-09 17:56:49,68
2026-04-09 17:58:50,68
2026-04-15 05:34:31,68
2026-04-15 03:05:28,68
2026-04-04 15:08:08,68
2026-04-04 04:20:31,68
2026-04-04 03:51:09,68
2026-04-12 21:26:41,68
2026-04-08 18:42:10,68
2026-04-08 18:49:16,68
2026-04-05 18:04:32,68
2026-04-15 04:06:18,68
2026-04-15 04:51:56,68
2026-04-12 23:44:27,68
2026-04-13 00:27:00,68
2026-04-15 00:35:28,68
2026-04-14 23:38:42,68
2026-04-04 09:03:15,68
2026-04-04 13:44:00,68
2026-04-04 12:24:58,68
2026-04-04 23:44:39,68
2026-04-09 20:32:45,68
2026-04-04 14:14:25,68
2026-04-15 08:03:39,68
2026-04-15 08:35:05,68
2026-04-15 08:18:52,68
2026-04-06 00:00:14,68
2026-04-06 21:22:12,68
2026-04-15 11:17:29,68
2026-04-04 13:04:29,68
2026-04-04 10:47:41,68
2026-04-08 10:47:38,68
2026-04-04 13:50:05,68
2026-04-15 08:48:16,68
2026-04-15 08:49:17,68
2026-04-04 09:32:39,68
2026-04-06 20:53:49,68
2026-04-04 14:31:39,68
2026-04-05 03:34:30,68
2026-04-04 01:20:11,68
2026-04-05 04:43:18,68
2026-04-04 22:29:42,68
2026-04-05 05:15:41,68
2026-04-05 06:41:41,68
2026-04-13 17:43:05,68
2026-04-04 19:30:30,68
2026-04-04 19:31:30,68
2026-04-09 19:59:20,68
2026-04-05 10:35:33,68
2026-04-15 20:32:28,68
2026-04-04 19:34:33,68
2026-04-05 20:03:08,68
2026-04-05 20:48:44,68
2026-04-04 06:04:54,68
2026-04-09 17:55:48,68
2026-04-04 15:17:16,68
2026-04-05 06:30:33,68
2026-04-05 07:45:27,68
2026-04-05 20:02:07,68
2026-04-04 16:21:04,68
2026-04-04 16:34:15,68
2026-04-15 04:20:30,68
2026-04-12 20:56:18,68
2026-04-03 17:32:13,68
2026-04-04 17:35:02,68
2026-04-04 17:38:04,68
2026-04-04 04:06:20,68
2026-04-04 04:08:22,68
2026-04-04 16:17:01,68
2026-04-08 19:14:35,68
2026-04-08 17:39:21,68
2026-04-08 17:41:23,68
2026-04-08 17:42:24,68
2026-04-04 21:52:16,68
2026-04-08 18:41:10,68
2026-04-04 20:02:54,68
2026-04-15 01:06:54,68
2026-04-05 09:58:05,68
2026-04-04 20:33:17,68
2026-04-08 23:39:09,68
2026-04-05 03:32:28,68
2026-04-05 10:13:16,68
2026-04-04 19:59:52,68
2026-04-04 06:37:19,68
2026-04-05 21:31:17,68
2026-04-04 21:50:14,68
2026-04-04 17:15:47,68
2026-04-04 17:34:01,68
2026-04-09 19:14:46,68
2026-04-12 22:37:35,68
2026-04-03 21:55:34,68
2026-04-04 16:13:59,68
2026-04-06 18:39:05,68
2026-04-03 23:21:39,68
2026-04-06 18:20:51,68
2026-04-06 18:22:53,68
2026-04-15 17:41:21,68
2026-04-04 01:35:23,68
2026-04-09 19:46:10,68
2026-04-15 07:33:13,68
2026-04-09 19:35:01,68
2026-04-05 03:18:18,68
2026-04-09 19:55:16,68
2026-04-15 19:36:46,68
2026-04-12 20:53:16,68
2026-04-12 20:54:17,68
2026-04-15 18:24:55,68
2026-04-15 01:51:30,68
2026-04-15 01:53:32,68
2026-04-09 20:12:29,68
2026-04-04 20:44:25,68
2026-04-04 20:19:06,68
2026-04-05 09:51:00,68
2026-04-15 19:39:48,68
2026-04-03 21:22:08,68
2026-04-04 17:42:08,68
2026-04-05 01:13:46,68
2026-04-09 09:15:12,68
2026-04-05 13:21:41,68
2026-04-04 21:29:59,68
2026-04-04 21:36:04,68
2026-04-05 20:32:31,68
2026-04-05 20:33:32,68
2026-04-12 21:20:37,68
2026-04-05 09:59:06,68
2026-04-12 20:43:09,68
2026-04-15 17:49:27,68
2026-04-03 17:38:17,68
2026-04-12 20:50:14,68
2026-04-12 20:18:50,68
2026-04-04 21:02:39,68
2026-04-04 21:25:56,68
2026-04-08 19:57:08,68
2026-04-15 02:26:58,68
2026-04-05 02:29:43,68
2026-04-04 17:53:16,68
2026-04-07 11:44:22,68
2026-04-07 18:36:07,68
2026-04-05 00:58:35,68
2026-04-06 01:01:02,68
2026-04-06 14:11:27,68
2026-04-03 18:40:04,68
2026-04-04 18:02:23,68
2026-04-04 18:04:24,68
2026-04-05 06:14:22,68
2026-04-13 03:15:10,68
2026-04-05 04:45:20,68
2026-04-05 11:06:57,68
2026-04-04 10:31:28,68
2026-04-04 10:32:29,68
2026-04-12 21:57:04,68
2026-04-12 22:40:37,68
2026-04-04 15:33:28,68
2026-04-05 05:30:52,68
2026-04-05 00:44:25,68
2026-04-06 00:45:50,68
2026-04-04 22:43:53,68
2026-04-15 20:08:10,68
2026-04-15 20:12:13,68
2026-04-15 20:13:13,68
2026-04-15 19:50:56,68
2026-04-15 19:53:59,68
2026-04-15 19:58:02,68
2026-04-04 12:39:09,68
2026-04-04 23:15:17,68
2026-04-15 00:39:32,68
2026-04-15 00:42:34,68
2026-04-07 11:46:24,68
2026-04-08 10:26:20,68
2026-04-07 10:51:39,68
2026-04-04 12:47:16,67
2026-04-07 11:45:23,67
2026-04-11 10:17:05,67
2026-04-04 11:31:17,67
2026-04-04 12:11:48,67
2026-04-07 10:52:40,67
2026-04-05 00:14:02,67
2026-04-05 00:16:04,67
2026-04-04 23:14:16,67
2026-04-15 20:11:12,67
2026-04-15 00:53:43,67
2026-04-15 01:05:53,67
2026-04-05 00:45:26,67
2026-04-05 04:04:51,67
2026-04-06 21:08:00,67
2026-04-05 08:10:45,67
2026-04-05 07:36:21,67
2026-04-05 06:13:21,67
2026-04-09 18:43:23,67
2026-04-09 18:44:24,67
2026-04-04 11:16:05,67
2026-04-04 12:08:46,67
2026-04-06 00:15:25,67
2026-04-05 04:52:25,67
2026-04-04 10:17:16,67
2026-04-05 02:27:42,67
2026-04-04 17:52:15,67
2026-04-04 09:46:50,67
2026-04-12 20:48:12,67
2026-04-12 20:44:09,67
2026-04-12 20:45:10,67
2026-04-05 15:07:04,67
2026-04-04 03:04:32,67
2026-04-04 03:10:37,67
2026-04-05 06:43:43,67
2026-04-04 21:40:07,67
2026-04-05 12:52:18,67
2026-04-05 00:18:05,67
2026-04-05 01:02:38,67
2026-04-09 02:39:41,67
2026-04-04 20:16:04,67
2026-04-05 15:04:02,67
2026-04-15 19:47:54,67
2026-04-04 01:05:59,67
2026-04-15 01:50:30,67
2026-04-05 12:23:56,67
2026-04-05 13:37:53,67
2026-04-05 03:06:10,67
2026-04-12 16:00:19,67
2026-04-09 19:54:16,67
2026-04-09 19:40:05,67
2026-04-09 18:55:32,67
2026-04-09 19:41:06,67
2026-04-09 19:42:06,67
2026-04-05 22:16:53,67
2026-04-09 19:22:52,67
2026-04-06 18:21:52,67
2026-04-06 18:24:54,67
2026-04-15 18:20:52,67
2026-04-15 18:23:54,67
2026-04-04 16:43:22,67
2026-04-05 03:48:40,67
2026-04-05 14:50:51,67
2026-04-09 18:29:13,67
2026-04-09 19:15:47,67
2026-04-09 19:16:48,67
2026-04-09 18:45:25,67
2026-04-09 18:46:25,67
2026-04-05 05:51:06,67
2026-04-12 22:38:36,67
2026-04-09 19:10:43,67
2026-04-04 21:51:15,67
2026-04-13 18:00:18,67
2026-04-04 20:07:58,67
2026-04-05 03:33:29,67
2026-04-05 10:12:16,67
2026-04-06 19:08:27,67
2026-04-15 01:07:55,67
2026-04-05 10:05:11,67
2026-04-04 20:34:18,67
2026-04-06 19:23:39,67
2026-04-04 15:04:05,67
2026-04-04 14:02:15,67
2026-04-04 14:05:18,67
2026-04-09 19:28:56,67
2026-04-04 07:32:02,67
2026-04-05 05:12:39,67
2026-04-05 06:01:13,67
2026-04-04 15:03:05,67
2026-04-08 17:37:20,67
2026-04-08 17:40:22,67
2026-04-12 22:39:37,67
2026-04-04 02:49:21,67
2026-04-04 16:18:02,67
2026-04-04 16:20:04,67
2026-04-04 16:28:10,67
2026-04-15 03:51:05,67
2026-04-05 08:43:09,67
2026-04-12 22:20:22,67
2026-04-05 06:52:49,67
2026-04-05 07:08:00,67
2026-04-04 06:18:04,67
2026-04-04 07:18:51,67
2026-04-04 15:13:13,67
2026-04-04 15:09:10,67
2026-04-15 00:09:07,67
2026-04-15 20:09:10,67
2026-04-15 00:22:18,67
2026-04-04 19:33:32,67
2026-04-05 10:14:17,67
2026-04-15 20:25:22,67
2026-04-03 21:52:31,67
2026-04-13 17:38:01,67
2026-04-09 20:00:20,67
2026-04-09 20:05:24,67
2026-04-09 19:57:18,67
2026-04-05 23:03:29,67
2026-04-15 07:35:14,67
2026-04-09 19:25:54,67
2026-04-07 00:36:50,67
2026-04-05 23:32:52,67
2026-04-04 11:55:36,67
2026-04-04 11:57:38,67
2026-04-04 13:02:28,67
2026-04-04 12:28:01,67
2026-04-04 23:46:41,67
2026-04-06 20:37:37,67
2026-04-05 05:03:33,67
2026-04-05 04:03:50,67
2026-04-03 23:07:29,67
2026-04-03 23:52:02,67
2026-04-08 18:48:15,67
2026-04-15 04:07:19,67
2026-04-15 04:21:31,67
2026-04-15 03:06:29,67
2026-04-15 02:55:20,67
2026-04-09 17:44:40,67
2026-04-04 15:43:35,67
2026-04-15 05:50:45,67
2026-04-15 06:04:56,67
2026-04-09 17:59:51,67
2026-04-09 18:00:52,67
2026-04-15 11:47:55,67
2026-04-15 12:03:09,67
2026-04-05 00:30:14,67
2026-04-12 15:57:16,67
2026-04-04 12:40:10,67
2026-04-04 12:41:11,67
2026-04-04 19:15:18,67
2026-04-04 12:12:49,67
2026-04-05 04:28:07,67
2026-04-13 19:34:14,67
2026-04-04 12:19:54,67
2026-04-04 22:59:05,67
2026-04-05 11:20:07,67
2026-04-04 17:50:14,66
2026-04-04 23:16:18,66
2026-04-05 05:29:51,66
2026-04-11 10:16:04,66
2026-04-04 12:21:56,66
2026-04-15 00:23:19,66
2026-04-15 20:03:06,66
2026-04-15 20:04:07,66
2026-04-04 23:28:27,66
2026-04-05 04:18:00,66
2026-04-05 04:20:01,66
2026-04-04 22:40:51,66
2026-04-05 00:15:03,66
2026-04-15 19:34:44,66
2026-04-05 10:11:15,66
2026-04-05 10:51:45,66
2026-04-04 12:13:50,66
2026-04-04 12:14:51,66
2026-04-04 12:17:53,66
2026-04-05 21:17:06,66
2026-04-09 18:14:01,66
2026-04-09 18:15:02,66
2026-04-09 18:16:03,66
2026-04-04 15:23:20,66
2026-04-04 15:24:21,66
2026-04-04 03:19:44,66
2026-04-15 04:50:55,66
2026-04-04 15:06:07,66
2026-04-12 22:19:21,66
2026-04-05 06:21:27,66
2026-04-05 07:51:32,66
2026-04-04 06:19:05,66
2026-04-04 05:33:28,66
2026-04-12 22:18:21,66
2026-04-05 00:54:32,66
2026-04-09 19:56:17,66
2026-04-04 19:49:44,66
2026-04-05 10:53:47,66
2026-04-04 22:17:34,66
2026-04-05 05:36:56,66
2026-04-13 17:39:01,66
2026-04-04 19:32:31,66
2026-04-09 19:24:53,66
2026-04-09 19:27:56,66
2026-04-04 22:31:44,66
2026-04-04 21:33:02,66
2026-04-04 21:34:03,66
2026-04-05 09:09:28,66
2026-04-05 04:42:17,66
2026-04-05 04:44:19,66
2026-04-05 05:22:46,66
2026-04-04 21:48:13,66
2026-04-05 06:42:42,66
2026-04-08 20:01:11,66
2026-04-08 20:02:12,66
2026-04-08 20:10:18,66
2026-04-04 04:04:19,66
2026-04-09 17:46:41,66
2026-04-05 03:43:36,66
2026-04-05 03:46:38,66
2026-04-05 03:47:39,66
2026-04-05 05:49:05,66
2026-04-09 09:48:40,66
2026-04-04 17:46:11,66
2026-04-05 05:45:02,66
2026-04-05 21:02:55,66
2026-04-09 18:50:28,66
2026-04-15 02:53:19,66
2026-04-09 17:45:40,66
2026-04-09 18:28:12,66
2026-04-09 17:54:47,66
2026-04-15 17:42:22,66
2026-04-05 01:01:37,66
2026-04-05 13:53:05,66
2026-04-05 12:20:54,66
2026-04-05 12:22:55,66
2026-04-04 18:18:35,66
2026-04-15 18:43:08,66
2026-04-15 21:43:24,66
2026-04-05 21:47:30,66
2026-04-05 21:48:31,66
2026-04-15 17:47:26,66
2026-04-05 03:04:09,66
2026-04-05 03:05:09,66
2026-04-05 03:28:25,66
2026-04-04 02:50:22,66
2026-04-06 18:53:16,66
2026-04-05 02:58:04,66
2026-04-05 12:50:16,66
2026-04-05 12:51:17,66
2026-04-09 09:14:11,66
2026-04-06 12:41:13,66
2026-04-09 20:07:25,66
2026-04-15 17:59:35,66
2026-04-15 19:43:51,66
2026-04-15 19:37:47,66
2026-04-15 19:38:47,66
2026-04-05 06:11:20,66
2026-04-05 06:00:12,66
2026-04-05 10:20:22,66
2026-04-15 01:38:20,66
2026-04-04 20:47:27,66
2026-04-04 07:03:39,66
2026-04-05 09:57:04,66
2026-04-09 20:08:26,66
2026-04-09 20:11:29,66
2026-04-05 22:31:04,66
2026-04-05 22:33:06,66
2026-04-04 08:02:26,66
2026-04-09 20:18:34,66
2026-04-03 17:37:17,66
2026-04-05 22:02:42,66
2026-04-09 19:37:03,66
2026-04-15 17:48:26,66
2026-04-04 03:05:33,66
2026-04-04 03:08:35,66
2026-04-12 20:46:11,66
2026-04-09 19:31:59,66
2026-04-03 17:34:14,66
2026-04-05 03:03:08,66
2026-04-15 18:28:58,66
2026-04-15 01:52:31,66
2026-04-09 19:19:50,66
2026-04-09 19:20:51,66
2026-04-09 19:29:57,66
2026-04-06 12:11:49,66
2026-04-15 17:37:18,66
2026-04-09 18:54:31,66
2026-04-09 18:58:34,66
2026-04-07 18:35:06,66
2026-04-03 18:39:03,66
2026-04-06 17:25:13,66
2026-04-05 04:02:49,66
2026-04-05 03:31:27,66
2026-04-04 12:09:47,66
2026-04-04 15:34:28,66
2026-04-04 19:00:07,66
2026-04-05 01:39:06,66
2026-04-05 03:30:27,66
2026-04-12 22:12:16,66
2026-04-04 18:01:22,66
2026-04-06 01:16:14,66
2026-04-04 11:17:05,66
2026-04-13 08:09:21,66
2026-04-05 08:06:43,66
2026-04-05 07:43:26,66
2026-04-05 08:45:10,66
2026-04-09 18:01:52,66
2026-04-04 13:16:39,66
2026-04-15 20:24:22,66
2026-04-13 17:41:03,66
2026-04-13 17:42:04,66
2026-04-13 17:49:09,66
2026-04-05 23:17:40,66
2026-04-05 14:04:14,66
2026-04-15 00:21:17,66
2026-04-13 08:12:23,66
2026-04-04 11:48:31,66
2026-04-06 00:46:51,66
2026-04-15 08:19:52,66
2026-04-05 02:12:30,66
2026-04-05 22:48:17,66
2026-04-04 18:12:30,66
2026-04-06 00:31:38,66
2026-04-04 11:47:30,66
2026-04-05 11:21:08,65
2026-04-06 13:41:02,65
2026-04-04 11:52:34,65
2026-04-04 11:58:39,65
2026-04-04 11:59:39,65
2026-04-04 11:49:32,65
2026-04-05 01:26:56,65
2026-04-04 08:47:01,65
2026-04-15 07:49:27,65
2026-04-05 23:16:39,65
2026-04-05 05:02:32,65
2026-04-06 00:17:27,65
2026-04-04 13:15:38,65
2026-04-04 12:29:02,65
2026-04-04 19:46:42,65
2026-04-13 08:10:21,65
2026-04-13 08:11:22,65
2026-04-05 07:55:35,65
2026-04-12 22:13:17,65
2026-04-09 18:10:59,65
2026-04-06 01:15:13,65
2026-04-04 12:03:42,65
2026-04-04 12:10:48,65
2026-04-05 01:00:37,65
2026-04-04 12:33:05,65
2026-04-03 18:38:03,65
2026-04-05 03:17:18,65
2026-04-13 19:48:24,65
2026-04-06 11:57:37,65
2026-04-04 22:00:21,65
2026-04-09 18:57:33,65
2026-04-09 18:59:35,65
2026-04-09 19:39:04,65
2026-04-09 19:30:58,65
2026-04-09 19:01:36,65
2026-04-09 19:52:14,65
2026-04-05 08:24:56,65
2026-04-05 08:36:04,65
2026-04-03 17:35:15,65
2026-04-03 17:36:16,65
2026-04-04 21:31:00,65
2026-04-12 20:47:12,65
2026-04-04 21:13:47,65
2026-04-05 09:24:40,65
2026-04-04 22:01:22,65
2026-04-04 22:02:23,65
2026-04-04 15:02:04,65
2026-04-05 09:56:04,65
2026-04-05 22:32:05,65
2026-04-05 01:24:55,65
2026-04-04 20:41:23,65
2026-04-04 20:17:05,65
2026-04-04 20:18:06,65
2026-04-04 20:26:12,65
2026-04-15 02:05:42,65
2026-04-06 18:54:17,65
2026-04-15 17:43:23,65
2026-04-15 18:41:07,65
2026-04-15 18:42:07,65
2026-04-15 18:00:36,65
2026-04-15 02:20:54,65
2026-04-15 02:21:54,65
2026-04-15 17:40:20,65
2026-04-05 14:07:16,65
2026-04-04 16:58:34,65
2026-04-04 16:45:23,65
2026-04-04 05:18:17,65
2026-04-09 18:25:10,65
2026-04-09 17:51:45,65
2026-04-09 17:53:46,65
2026-04-15 20:44:37,65
2026-04-09 19:09:42,65
2026-04-09 19:12:45,65
2026-04-09 18:40:21,65
2026-04-09 18:41:22,65
2026-04-05 05:47:03,65
2026-04-04 21:49:13,65
2026-04-04 04:05:20,65
2026-04-09 20:04:23,65
2026-04-04 20:29:14,65
2026-04-04 17:47:11,65
2026-04-09 19:26:55,65
2026-04-04 22:14:31,65
2026-04-04 22:15:32,65
2026-04-04 22:25:40,65
2026-04-15 01:36:18,65
2026-04-15 01:37:19,65
2026-04-15 19:31:42,65
2026-04-08 23:38:08,65
2026-04-04 13:30:50,65
2026-04-04 20:32:16,65
2026-04-05 10:52:46,65
2026-04-05 09:38:51,65
2026-04-15 20:27:24,65
2026-04-05 00:24:10,65
2026-04-15 20:22:20,65
2026-04-05 06:26:31,65
2026-04-05 06:29:33,65
2026-04-09 18:31:14,65
2026-04-04 15:18:16,65
2026-04-04 15:28:24,65
2026-04-04 15:20:18,65
2026-04-04 15:21:19,65
2026-04-05 07:09:01,65
2026-04-04 05:05:06,65
2026-04-04 16:00:49,65
2026-04-05 21:18:07,65
2026-04-09 18:30:13,65
2026-04-09 17:57:49,65
2026-04-04 15:58:47,65
2026-04-04 12:44:13,65
2026-04-04 12:42:12,65
2026-04-05 04:27:06,65
2026-04-04 18:27:42,65
2026-04-05 04:19:01,65
2026-04-04 12:35:06,65
2026-04-15 19:48:55,65
2026-04-15 20:05:07,65
2026-04-15 20:16:16,65
2026-04-15 00:38:31,65
2026-04-15 00:51:42,65
2026-04-06 20:08:13,65
2026-04-05 00:31:15,65
2026-04-05 05:25:48,65
2026-04-05 05:28:51,65
2026-04-05 03:58:47,65
2026-04-05 11:07:58,65
2026-04-06 18:19:51,65
2026-04-05 05:00:31,64
2026-04-05 05:01:31,64
2026-04-05 04:57:28,64
2026-04-05 04:22:03,64
2026-04-05 03:29:26,64
2026-04-04 23:55:48,64
2026-04-05 04:15:58,64
2026-04-05 04:16:59,64
2026-04-15 20:17:16,64
2026-04-15 00:52:43,64
2026-04-15 20:02:05,64
2026-04-15 19:49:56,64
2026-04-03 23:51:01,64
2026-04-15 20:26:23,64
2026-04-15 20:30:26,64
2026-04-15 20:21:19,64
2026-04-13 17:40:02,64
2026-04-05 02:41:52,64
2026-04-05 02:53:01,64
2026-04-15 19:27:39,64
2026-04-15 19:28:40,64
2026-04-15 19:32:43,64
2026-04-15 19:33:44,64
2026-04-15 19:25:38,64
2026-04-15 19:26:38,64
2026-04-04 20:11:01,64
2026-04-04 19:48:43,64
2026-04-15 19:02:22,64
2026-04-04 20:15:03,64
2026-04-15 19:46:53,64
2026-04-15 19:35:45,64
2026-04-04 20:58:36,64
2026-04-08 19:58:09,64
2026-04-15 02:38:07,64
2026-04-05 15:05:03,64
2026-04-05 15:06:04,64
2026-04-15 17:33:15,64
2026-04-15 17:38:19,64
2026-04-05 14:06:15,64
2026-04-05 03:45:37,64
2026-04-08 23:37:07,64
2026-04-13 18:49:41,64
2026-04-13 18:01:19,64
2026-04-15 17:27:11,64
2026-04-15 03:22:42,64
2026-04-15 03:35:53,64
2026-04-15 03:36:54,64
2026-04-05 08:40:07,64
2026-04-08 20:07:16,64
2026-04-08 20:08:16,64
2026-04-08 19:59:09,64
2026-04-08 20:00:10,64
2026-04-08 20:04:13,64
2026-04-08 20:05:14,64
2026-04-15 03:07:30,64
2026-04-04 15:45:37,64
2026-04-04 04:19:31,64
2026-04-15 05:35:32,64
2026-04-09 18:13:01,64
2026-04-09 18:05:55,64
2026-04-09 18:12:00,64
2026-04-05 08:12:47,64
2026-04-12 22:14:18,64
2026-04-09 18:35:17,64
2026-04-05 07:25:13,64
2026-04-05 06:27:31,64
2026-04-12 22:16:19,64
2026-04-12 22:17:20,64
2026-04-05 07:10:02,64
2026-04-04 15:16:15,64
2026-04-09 17:50:44,64
2026-04-09 18:37:19,64
2026-04-09 18:42:22,64
2026-04-05 05:42:00,64
2026-04-05 05:43:00,64
2026-04-05 05:44:01,64
2026-04-05 05:48:04,64
2026-04-04 21:45:10,64
2026-04-05 01:12:46,64
2026-04-09 18:56:33,64
2026-04-09 19:00:36,64
2026-04-09 19:53:15,64
2026-04-09 18:51:29,64
2026-04-09 18:52:30,64
2026-04-09 19:49:12,64
2026-04-09 19:34:00,64
2026-04-04 07:47:14,64
2026-04-09 18:20:06,64
2026-04-04 08:03:26,64
2026-04-05 22:17:54,64
2026-04-04 14:44:50,64
2026-04-05 05:14:41,64
2026-04-04 21:55:18,64
2026-04-04 22:16:33,64
2026-04-04 22:10:29,64
2026-04-15 07:34:13,64
2026-04-05 23:01:27,64
2026-04-05 23:02:28,64
2026-04-04 13:59:13,64
2026-04-15 08:04:39,64
2026-04-05 22:46:16,64
2026-04-05 00:43:24,64
2026-04-06 21:23:12,64
2026-04-04 11:46:29,64
2026-04-04 11:50:32,64
2026-04-08 10:58:45,64
2026-04-05 00:28:13,64
2026-04-05 01:42:08,64
2026-04-04 18:57:05,64
2026-04-05 04:00:48,64
2026-04-05 04:01:49,64
2026-04-05 03:57:46,64
2026-04-09 04:04:40,64
2026-04-05 12:07:44,64
2026-04-05 03:16:17,64
2026-04-05 11:22:09,64
2026-04-04 11:51:33,64
2026-04-04 23:40:36,64
2026-04-04 12:43:13,64
2026-04-08 05:16:36,64
2026-04-05 04:14:58,63
2026-04-05 06:28:32,63
2026-04-12 22:15:18,63
2026-04-05 06:54:51,63
2026-04-09 18:09:58,63
2026-04-08 20:03:13,63
2026-04-08 20:06:15,63
2026-04-08 20:09:17,63
2026-04-05 07:52:33,63
2026-04-05 08:21:53,63
2026-04-04 12:04:43,63
2026-04-04 12:05:44,63
2026-04-06 17:24:12,63
2026-04-06 17:39:24,63
2026-04-04 18:44:55,63
2026-04-04 12:07:45,63
2026-04-15 18:14:47,63
2026-04-04 03:50:08,63
2026-04-15 17:28:12,63
2026-04-06 17:53:35,63
2026-04-15 18:38:04,63
2026-04-15 18:40:06,63
2026-04-05 08:51:15,63
2026-04-05 09:21:38,63
2026-04-15 19:22:36,63
2026-04-09 18:36:18,63
2026-04-09 18:26:10,63
2026-04-09 17:52:46,63
2026-04-04 14:29:38,63
2026-04-04 17:48:12,63
2026-04-04 21:32:01,63
2026-04-05 23:31:51,63
2026-04-04 14:16:27,63
2026-04-05 02:09:28,63
2026-04-06 20:38:38,63
2026-04-15 18:37:04,63
2026-04-05 04:58:29,63
2026-04-05 04:59:30,63
2026-04-05 04:07:53,63
2026-04-04 23:10:13,63
2026-04-04 18:03:23,63
2026-04-05 12:37:06,63
2026-04-09 19:07:41,63
2026-04-09 19:05:39,63
2026-04-09 19:50:13,63
2026-04-05 07:42:25,63
2026-04-04 12:34:06,63
2026-04-04 12:37:08,63
2026-04-05 12:38:07,63
2026-04-09 18:49:28,63
2026-04-15 17:34:16,63
2026-04-15 18:44:09,63
2026-04-04 08:48:02,63
2026-04-04 09:02:14,63
2026-04-05 09:06:26,63
2026-04-05 09:36:49,63
2026-04-15 19:21:35,63
2026-04-15 19:24:37,63
2026-04-05 10:23:24,63
2026-04-05 05:57:10,63
2026-04-04 13:00:26,63
2026-04-09 20:06:25,63
2026-04-09 20:01:21,63
2026-04-05 12:21:55,63
2026-04-05 03:01:06,63
2026-04-05 03:07:11,63
2026-04-05 05:46:03,63
2026-04-04 21:46:11,63
2026-04-15 00:36:29,63
2026-04-05 09:55:03,63
2026-04-15 18:50:13,63
2026-04-09 19:11:44,63
2026-04-04 06:34:17,63
2026-04-09 19:21:51,63
2026-04-04 22:55:02,63
2026-04-09 18:21:07,63
2026-04-09 18:04:55,63
2026-04-05 10:38:35,63
2026-04-15 00:07:06,63
2026-04-05 01:09:43,63
2026-04-15 20:18:17,63
2026-04-04 17:57:19,63
2026-04-05 07:40:24,63
2026-04-05 21:32:18,63
2026-04-09 18:53:31,63
2026-04-05 01:54:17,63
2026-04-05 06:07:17,63
2026-04-04 15:05:06,63
2026-04-09 19:23:53,63
2026-04-05 05:13:40,63
2026-04-05 11:23:10,63
2026-04-04 19:41:38,63
2026-04-05 21:33:19,63
2026-04-04 19:47:43,63
2026-04-04 19:45:41,63
2026-04-05 14:05:15,63
2026-04-15 02:50:17,62
2026-04-04 16:19:03,62
2026-04-08 10:48:38,62
2026-04-05 04:56:28,62
2026-04-15 02:06:42,62
2026-04-04 05:04:06,62
2026-04-04 03:49:07,62
2026-04-05 12:35:05,62
2026-04-05 03:59:47,62
2026-04-05 07:37:22,62
2026-04-15 17:29:12,62
2026-04-04 06:48:27,62
2026-04-04 23:13:15,62
2026-04-05 02:59:05,62
2026-04-04 21:47:12,62
2026-04-09 18:27:11,62
2026-04-12 15:59:18,62
2026-04-05 03:02:07,62
2026-04-06 18:23:54,62
2026-04-09 02:40:41,62
2026-04-06 00:16:26,62
2026-04-09 03:02:55,62
2026-04-04 14:30:38,62
2026-04-04 17:49:13,62
2026-04-04 13:01:27,62
2026-04-05 00:39:21,62
2026-04-15 17:39:20,62
2026-04-05 05:07:36,62
2026-04-04 21:12:47,62
2026-04-15 02:36:06,62
2026-04-15 17:32:14,62
2026-04-15 18:57:18,62
2026-04-09 18:34:16,62
2026-04-04 15:19:17,62
2026-04-09 17:47:42,62
2026-04-09 17:49:43,62
2026-04-05 01:57:19,62
2026-04-15 00:08:06,62
2026-04-15 19:45:52,62
2026-04-15 20:23:21,62
2026-04-05 10:21:22,62
2026-04-06 00:01:15,62
2026-04-15 19:59:03,62
2026-04-04 17:13:46,62
2026-04-04 00:06:13,62
2026-04-15 00:37:30,62
2026-04-05 09:37:50,62
2026-04-05 03:42:35,62
2026-04-04 16:59:34,62
2026-04-05 13:49:02,62
2026-04-04 16:44:23,62
2026-04-15 20:01:04,62
2026-04-09 19:04:39,62
2026-04-05 10:36:34,62
2026-04-06 00:02:15,62
2026-04-04 17:28:57,62
2026-04-04 14:45:51,62
2026-04-04 23:57:50,62
2026-04-05 05:58:11,62
2026-04-05 05:59:12,62
2026-04-09 18:02:53,62
2026-04-05 03:13:15,62
2026-04-09 18:08:58,62
2026-04-09 18:07:57,62
2026-04-11 10:25:11,62
2026-04-04 18:29:43,62
2026-04-05 03:15:16,62
2026-04-11 10:23:09,62
2026-04-04 23:25:25,61
2026-04-04 12:02:42,61
2026-04-15 02:52:18,61
2026-04-06 11:56:37,61
2026-04-04 18:14:32,61
2026-04-15 02:07:43,61
2026-04-04 05:19:17,61
2026-04-15 18:39:05,61
2026-04-06 18:18:50,61
2026-04-04 13:46:02,61
2026-04-09 19:08:42,61
2026-04-05 04:12:56,61
2026-04-04 19:29:29,61
2026-04-05 10:37:35,61
2026-04-09 19:06:40,61
2026-04-04 14:59:01,61
2026-04-09 20:17:33,61
2026-04-05 06:40:40,61
2026-04-09 19:51:13,61
2026-04-15 20:20:19,61
2026-04-04 16:15:00,61
2026-04-04 21:59:21,61
2026-04-15 18:56:18,61
2026-04-15 18:58:19,61
2026-04-09 21:02:08,61
2026-04-04 19:12:16,61
2026-04-05 03:44:37,61
2026-04-05 12:36:05,61
2026-04-08 10:25:20,61
2026-04-05 10:09:13,61
2026-04-15 19:30:41,61
2026-04-05 04:13:57,61
2026-04-05 10:22:23,61
2026-04-07 21:12:16,61
2026-04-04 22:28:42,61
2026-04-04 21:44:10,61
2026-04-05 05:40:59,61
2026-04-05 01:25:56,61
2026-04-15 19:23:36,61
2026-04-05 22:47:17,61
2026-04-09 18:22:07,61
2026-04-09 18:39:20,61
2026-04-04 20:57:35,61
2026-04-15 19:10:27,61
2026-04-09 18:38:19,61
2026-04-05 09:22:38,61
2026-04-13 18:02:19,61
2026-04-15 19:01:21,61
2026-04-04 17:14:46,61
2026-04-08 23:36:06,61
2026-04-04 18:42:54,61
2026-04-05 12:05:42,61
2026-04-09 18:06:56,61
2026-04-11 10:26:12,61
2026-04-05 12:06:43,61
2026-04-05 07:53:33,61
2026-04-15 03:20:41,61
2026-04-04 12:36:07,61
2026-04-05 06:53:50,61
2026-04-11 11:37:56,61
2026-04-04 10:02:04,61
2026-04-05 01:40:06,61
2026-04-11 10:27:12,61
2026-04-15 03:21:41,61
2026-04-05 06:22:28,61
2026-04-15 19:09:27,60
2026-04-15 18:15:48,60
2026-04-05 03:53:43,60
2026-04-05 02:39:51,60
2026-04-04 15:59:48,60
2026-04-15 02:51:17,60
2026-04-04 12:00:40,60
2026-04-05 04:11:56,60
2026-04-04 07:48:14,60
2026-04-05 00:13:01,60
2026-04-09 19:18:49,60
2026-04-09 19:32:59,60
2026-04-04 15:01:03,60
2026-04-04 13:45:01,60
2026-04-15 17:36:17,60
2026-04-15 18:33:01,60
2026-04-15 18:35:02,60
2026-04-15 20:14:14,60
2026-04-05 13:51:04,60
2026-04-15 20:19:18,60
2026-04-04 19:44:40,60
2026-04-04 21:28:58,60
2026-04-15 02:37:06,60
2026-04-05 09:08:28,60
2026-04-05 09:07:27,60
2026-04-15 19:07:25,60
2026-04-04 17:29:58,60
2026-04-05 06:10:19,60
2026-04-05 03:00:06,60
2026-04-09 20:03:22,60
2026-04-05 09:23:39,60
2026-04-15 19:11:28,60
2026-04-09 18:24:09,60
2026-04-04 23:42:38,60
2026-04-05 01:41:07,60
2026-04-05 08:54:17,60
2026-04-04 12:15:52,60
2026-04-09 18:17:04,60
2026-04-04 16:30:12,60
2026-04-05 08:37:05,60
2026-04-04 15:30:25,60
2026-04-05 07:54:34,60
2026-04-13 19:33:13,60
2026-04-11 10:29:14,60
2026-04-11 10:28:13,60
2026-04-04 18:00:21,60
2026-04-05 03:14:15,60
2026-04-11 10:21:08,60
2026-04-08 10:20:16,60
2026-04-11 10:20:07,59
2026-04-04 18:13:31,59
2026-04-05 00:57:34,59
2026-04-05 08:38:05,59
2026-04-05 08:39:06,59
2026-04-04 16:29:11,59
2026-04-05 01:11:45,59
2026-04-05 03:23:22,59
2026-04-05 03:27:25,59
2026-04-05 04:41:16,59
2026-04-04 20:43:24,59
2026-04-05 02:24:40,59
2026-04-09 02:41:42,59
2026-04-15 18:52:15,59
2026-04-05 08:09:45,59
2026-04-05 07:22:11,59
2026-04-04 15:44:36,59
2026-04-05 08:53:16,59
2026-04-05 02:40:51,59
2026-04-04 06:33:16,59
2026-04-15 17:35:17,59
2026-04-04 07:33:03,59
2026-04-04 12:06:45,59
2026-04-05 03:56:45,59
2026-04-15 18:32:00,59
2026-04-05 08:52:16,59
2026-04-12 15:58:17,59
2026-04-04 18:58:05,59
2026-04-05 00:11:00,59
2026-04-15 17:46:25,59
2026-04-09 18:23:08,59
2026-04-09 18:47:26,59
2026-04-05 08:22:54,59
2026-04-15 19:12:29,59
2026-04-15 19:04:23,59
2026-04-15 19:06:24,59
2026-04-05 05:11:38,59
2026-04-05 13:50:03,59
2026-04-04 19:58:51,59
2026-04-05 10:06:11,59
2026-04-04 19:27:27,59
2026-04-04 14:15:26,59
2026-04-15 18:55:17,59
2026-04-15 18:48:12,59
2026-04-04 19:57:51,59
2026-04-15 20:15:15,59
2026-04-08 10:49:39,58
2026-04-05 08:07:43,58
2026-04-11 10:24:10,58
2026-04-11 10:22:09,58
2026-04-15 19:19:33,58
2026-04-15 18:47:11,58
2026-04-15 19:08:26,58
2026-04-15 17:44:24,58
2026-04-15 20:28:25,58
2026-04-04 17:45:10,58
2026-04-15 18:53:15,58
2026-04-04 12:16:52,58
2026-04-09 19:47:10,58
2026-04-05 04:38:14,58
2026-04-09 19:17:48,58
2026-04-08 10:57:45,58
2026-04-13 00:28:00,58
2026-04-05 00:42:23,58
2026-04-04 22:42:53,58
2026-04-04 18:59:06,58
2026-04-15 18:51:14,58
2026-04-04 23:41:37,58
2026-04-05 05:23:47,58
2026-04-07 21:51:44,58
2026-04-05 07:23:12,58
2026-04-05 07:24:12,58
2026-04-05 06:25:30,58
2026-04-15 19:03:22,58
2026-04-04 23:27:26,57
2026-04-05 04:23:04,57
2026-04-05 04:53:26,57
2026-04-13 03:14:09,57
2026-04-05 08:08:44,57
2026-04-09 18:03:54,57
2026-04-08 10:21:17,57
2026-04-05 13:52:04,57
2026-04-04 21:26:57,57
2026-04-05 06:08:18,57
2026-04-09 18:19:05,57
2026-04-09 19:02:37,57
2026-04-04 14:01:14,57
2026-04-05 02:26:41,57
2026-04-15 18:36:03,57
2026-04-05 02:10:29,57
2026-04-15 18:46:10,57
2026-04-05 05:37:57,57
2026-04-05 02:11:30,57
2026-04-04 12:32:04,57
2026-04-15 18:34:01,57
2026-04-05 08:23:55,57
2026-04-09 17:48:43,57
2026-04-05 10:07:12,57
2026-04-05 05:52:07,57
2026-04-04 21:41:08,57
2026-04-04 22:13:31,57
2026-04-05 09:52:01,57
2026-04-09 18:32:15,57
2026-04-04 14:00:13,57
2026-04-15 18:49:12,57
2026-04-05 06:23:29,57
2026-04-09 02:42:43,57
2026-04-15 19:20:34,57
2026-04-05 02:57:03,57
2026-04-05 03:38:32,57
2026-04-04 17:43:08,57
2026-04-05 01:10:44,57
2026-04-05 01:56:18,57
2026-04-11 10:30:14,57
2026-04-07 21:04:11,56
2026-04-04 12:45:14,56
2026-04-04 18:43:54,56
2026-04-05 07:39:23,56
2026-04-04 15:15:14,56
2026-04-04 15:29:25,56
2026-04-04 22:26:40,56
2026-04-04 15:14:13,56
2026-04-05 02:25:40,56
2026-04-15 19:29:41,56
2026-04-04 20:42:24,56
2026-04-04 20:27:13,56
2026-04-05 09:53:01,56
2026-04-15 19:13:29,56
2026-04-15 19:18:33,56
2026-04-05 03:08:11,56
2026-04-15 19:05:24,56
2026-04-04 22:58:04,56
2026-04-05 05:24:48,56
2026-04-04 23:56:49,56
2026-04-15 18:45:09,56
2026-04-15 18:54:16,56
2026-04-04 12:30:03,56
2026-04-05 00:40:22,56
2026-04-05 06:09:19,56
2026-04-05 02:54:01,56
2026-04-09 19:48:11,56
2026-04-09 19:03:38,56
2026-04-15 17:30:13,56
2026-04-05 04:55:27,56
2026-04-11 11:36:56,56
2026-04-11 10:19:06,56
2026-04-15 19:44:52,55
2026-04-15 20:29:25,55
2026-04-15 20:00:04,55
2026-04-04 20:14:03,55
2026-04-09 20:02:22,55
2026-04-04 19:13:17,55
2026-04-04 12:01:41,55
2026-04-08 10:56:44,55
2026-04-05 00:27:12,55
2026-04-05 07:38:23,55
2026-04-15 18:29:58,55
2026-04-09 18:48:27,55
2026-04-09 18:33:16,55
2026-04-08 10:22:18,55
2026-04-08 10:23:18,55
2026-04-04 17:58:20,55
2026-04-05 06:37:38,55
2026-04-04 22:41:52,55
2026-04-05 00:12:01,55
2026-04-04 12:46:15,55
2026-04-04 18:28:43,55
2026-04-05 03:41:34,55
2026-04-05 04:40:16,55
2026-04-05 05:56:09,55
2026-04-05 01:55:18,55
2026-04-04 19:14:17,55
2026-04-05 00:55:33,55
2026-04-04 20:28:13,55
2026-04-05 02:56:03,55
2026-04-05 10:08:13,55
2026-04-04 23:26:26,54
2026-04-04 22:56:02,54
2026-04-04 23:11:14,54
2026-04-05 03:24:23,54
2026-04-04 15:00:02,54
2026-04-05 03:54:44,54
2026-04-05 00:25:11,54
2026-04-07 21:11:15,54
2026-04-04 23:12:15,54
2026-04-06 18:17:49,54
2026-04-06 18:16:49,54
2026-04-05 04:39:15,54
2026-04-05 00:41:23,54
2026-04-05 06:24:29,54
2026-04-15 19:17:32,54
2026-04-09 03:39:24,54
2026-04-11 11:35:55,54
2026-04-15 18:30:59,54
2026-04-15 17:45:24,54
2026-04-04 22:11:29,54
2026-04-05 02:55:02,54
2026-04-13 00:29:01,54
2026-04-05 00:56:34,54
2026-04-05 05:39:58,54
2026-04-13 18:48:41,54
2026-04-04 20:12:01,53
2026-04-05 09:54:02,53
2026-04-09 04:03:39,53
2026-04-05 04:08:54,53
2026-04-05 04:54:26,53
2026-04-13 03:13:08,53
2026-04-04 21:58:20,53
2026-04-04 21:56:19,53
2026-04-09 02:43:43,53
2026-04-04 12:31:03,53
2026-04-04 21:27:58,53
2026-04-04 21:43:09,53
2026-04-05 05:38:58,53
2026-04-05 05:08:36,53
2026-04-05 04:26:06,53
2026-04-05 04:24:04,53
2026-04-05 03:25:23,53
2026-04-04 17:59:20,53
2026-04-08 05:17:37,53
2026-04-05 03:12:14,53
2026-04-11 10:31:15,53
2026-04-04 22:57:03,53
2026-04-08 05:27:44,52
2026-04-05 05:10:38,52
2026-04-05 06:38:39,52
2026-04-05 05:09:37,52
2026-04-05 06:39:40,52
2026-04-04 19:42:39,52
2026-04-04 19:43:40,52
2026-04-05 05:55:09,52
2026-04-04 19:28:28,52
2026-04-04 22:27:41,52
2026-04-09 02:44:44,52
2026-04-05 04:25:05,52
2026-04-08 10:24:19,52
2026-04-05 00:26:11,52
2026-04-05 03:55:44,52
2026-04-07 18:34:05,52
2026-04-04 17:44:09,52
2026-04-09 18:18:04,52
2026-04-15 18:59:20,52
2026-04-04 21:42:08,52
2026-04-15 19:16:31,52
2026-04-08 10:50:40,51
2026-04-08 10:55:43,51
2026-04-11 11:34:54,51
2026-04-15 19:00:20,51
2026-04-07 18:30:03,51
2026-04-05 03:26:24,51
2026-04-04 22:12:30,51
2026-04-15 17:31:14,51
2026-04-09 02:45:45,51
2026-04-11 10:18:06,50
2026-04-05 03:11:13,50
2026-04-11 10:32:16,50
2026-04-04 20:13:02,50
2026-04-05 05:53:07,50
2026-04-13 00:30:02,50
2026-04-05 03:39:33,50
2026-04-15 19:14:30,49
2026-04-13 18:46:39,49
2026-04-13 18:47:40,49
2026-04-13 18:03:20,49
2026-04-04 21:57:19,49
2026-04-05 03:40:34,49
2026-04-05 04:10:55,49
2026-04-15 19:15:31,49
2026-04-05 05:54:08,48
2026-04-05 04:09:54,48
2026-04-13 03:12:08,48
2026-04-07 21:33:33,48
2026-04-11 10:40:21,48
2026-04-06 18:15:48,48
2026-04-08 05:18:38,48
2026-04-11 10:44:24,48
2026-04-11 10:39:20,47
2026-04-09 03:01:54,47
2026-04-11 10:45:24,47
2026-04-11 10:43:23,47
2026-04-05 03:10:13,47
2026-04-11 10:58:32,47
2026-04-09 04:02:38,47
2026-04-13 18:45:39,47
2026-04-05 03:09:12,47
2026-04-11 10:38:20,46
2026-04-08 05:26:43,46
2026-04-07 18:33:04,46
2026-04-11 10:41:22,46
2026-04-11 10:46:25,46
2026-04-07 21:05:12,46
2026-04-11 10:59:33,46
2026-04-08 10:54:43,46
2026-04-08 05:19:38,45
2026-04-07 21:50:44,45
2026-04-06 17:54:36,45
2026-04-11 10:42:22,45
2026-04-11 10:47:26,45
2026-04-08 10:52:41,45
2026-04-08 10:51:41,45
2026-04-11 10:36:18,45
2026-04-08 05:21:40,44
2026-04-11 10:37:19,44
2026-04-11 11:00:34,44
2026-04-08 10:53:42,44
2026-04-11 10:35:18,44
2026-04-06 17:55:36,44
2026-04-09 03:57:35,44
2026-04-08 05:24:42,44
2026-04-11 10:57:32,44
2026-04-09 03:54:33,44
2026-04-09 04:01:38,44
2026-04-13 18:44:38,44
2026-04-06 17:56:37,44
2026-04-11 11:07:38,43
2026-04-09 02:46:45,43
2026-04-06 17:57:38,43
2026-04-08 05:20:39,43
2026-04-11 11:04:36,43
2026-04-11 11:01:34,43
2026-04-09 03:56:34,43
2026-04-11 11:33:54,43
2026-04-13 03:11:07,43
2026-04-08 05:22:40,43
2026-04-11 11:05:37,43
2026-04-08 05:23:41,43
2026-04-09 03:53:33,43
2026-04-09 03:59:36,43
2026-04-11 10:34:17,42
2026-04-11 11:02:35,42
2026-04-11 11:06:37,42
2026-04-08 05:25:42,42
2026-04-09 03:45:28,42
2026-04-09 04:00:37,42
2026-04-09 03:49:30,42
2026-04-09 03:00:54,42
2026-04-09 03:50:31,42
2026-04-07 21:10:15,42
2026-04-13 00:31:02,41
2026-04-09 03:58:36,41
2026-04-09 03:51:31,41
2026-04-09 03:55:34,41
2026-04-09 03:48:30,41
2026-04-09 02:47:46,41
2026-04-09 03:44:27,41
2026-04-07 21:09:14,40
2026-04-09 03:47:29,40
2026-04-07 21:34:34,40
2026-04-11 11:31:52,40
2026-04-11 11:32:53,40
2026-04-09 03:42:26,40
2026-04-06 18:14:47,40
2026-04-07 18:32:04,40
2026-04-09 03:46:28,40
2026-04-07 21:49:43,40
2026-04-09 03:52:32,40
2026-04-07 18:31:03,40
2026-04-07 21:48:42,40
2026-04-07 21:47:42,39
2026-04-07 21:46:41,39
2026-04-13 18:43:37,39
2026-04-11 10:33:16,39
2026-04-09 03:41:25,39
2026-04-09 03:40:25,39
2026-04-09 03:43:27,39
2026-04-11 11:13:42,38
2026-04-07 21:06:12,38
2026-04-06 17:58:38,38
2026-04-11 11:03:35,38
2026-04-07 21:37:36,38
2026-04-09 02:48:47,38
2026-04-07 21:08:13,38
2026-04-07 21:36:35,37
2026-04-07 21:35:35,37
2026-04-11 10:50:27,37
2026-04-13 23:27:14,37
2026-04-07 21:44:40,37
2026-04-07 21:45:41,37
2026-04-11 11:12:41,37
2026-04-11 11:14:42,37
2026-04-11 11:16:44,37
2026-04-11 11:15:43,37
2026-04-11 10:55:31,37
2026-04-07 21:41:38,36
2026-04-11 11:10:40,36
2026-04-09 02:54:50,36
2026-04-09 02:52:49,36
2026-04-09 02:50:48,36
2026-04-09 02:49:47,36
2026-04-09 02:51:49,36
2026-04-07 21:39:37,36
2026-04-07 21:43:39,36
2026-04-11 11:28:51,36
2026-04-11 11:17:44,36
2026-04-11 11:18:45,36
2026-04-11 11:30:52,36
2026-04-11 10:51:28,36
2026-04-11 10:52:29,36
2026-04-11 10:54:30,36
2026-04-11 10:56:31,36
2026-04-07 21:40:38,35
2026-04-07 21:42:39,35
2026-04-11 10:49:27,35
2026-04-07 21:38:36,35
2026-04-11 11:11:40,35
2026-04-11 11:27:50,35
2026-04-11 11:29:51,35
2026-04-06 18:13:47,35
2026-04-06 18:05:42,35
2026-04-11 11:09:39,35
2026-04-07 21:07:13,35
2026-04-09 02:53:50,35
2026-04-09 02:59:53,34
2026-04-11 11:26:49,34
2026-04-06 18:04:42,34
2026-04-06 18:01:40,34
2026-04-11 10:53:29,34
2026-04-13 00:32:03,34
2026-04-06 18:06:43,34
2026-04-06 17:59:39,33
2026-04-11 11:25:49,33
2026-04-06 18:07:43,33
2026-04-11 11:19:45,33
2026-04-11 11:24:48,33
2026-04-11 11:08:39,32
2026-04-11 11:20:46,32
2026-04-06 18:12:46,32
2026-04-06 18:02:40,32
2026-04-06 18:00:39,32
2026-04-06 18:03:41,32
2026-04-09 02:55:51,31
2026-04-06 18:11:46,31
2026-04-11 11:22:47,30
2026-04-13 03:10:06,30
2026-04-13 18:42:37,29
2026-04-13 18:04:21,29
2026-04-11 10:48:26,29
2026-04-11 11:23:48,29
2026-04-11 11:21:46,29
2026-04-09 02:58:52,28
2026-04-09 02:56:51,28
2026-04-06 18:10:45,28
2026-04-09 02:57:52,26
2026-04-06 18:08:44,24
2026-04-13 00:33:04,23
2026-04-06 18:09:44,22
2026-04-13 18:41:36,17
2026-04-13 18:40:36,11
