mmsi,name,split,target_tte_h,reference_eta_status,destination_norm,prediction_tte_h,shap__track_lat,shap__track_lon,shap__track_sog,shap__track_cog,shap__track_heading,shap__track_draught,shap__track_msg_count,shap__destination_norm,shap__ship_type_cat,shap__nav_status_cat,shap__flag_cat,shap__last_hour_sin,shap__last_hour_cos,shap__last_dow,shap__expected_value
210627000,MOLVIK,train,-20.609444444444446,PAST_1_24H,ITAUG,-41.5724050188893,-6.271476451710544,-12.879092574472992,-19.993442917356422,-0.2903047225641602,-2.5218594211544834,0.710833638466874,-0.04212892814831298,-14.89400336133152,2.500199487524392,-16.802653022510704,-0.3361243627258954,-2.5440132872175862,-2.5040218375060994,-6.117529952950928,40.41321269476912
210688000,AMAZONITH,train,54.3475,FUTURE_0_7D,IT LIV,-26.170932105336604,-17.05601692192935,-15.622352903310828,2.218686286492826,-1.6678293809048919,-6.63309188057621,0.25199305799108895,0.6202337359198762,-35.347492364543065,-2.485682771066767,1.6953170558467865,3.7806150730582515,-1.0772932615785356,7.555888405722373,-2.817118931227276,40.41321269476912
212690000,CEMBROOK,train,-0.6519444444444444,PAST_LT1H,AUGUSTA,7.037947185619359,-10.920319152397925,-7.167213037759803,-5.621204584866152,-0.10826768761911965,6.1903949206334765,-0.1010454529893069,-0.600406407756726,-18.453859657946953,2.434268841478771,-0.2452010462514226,2.133507095661197,-2.0882958090220836,-2.4012820228695406,3.573658492555824,40.41321269476912
215035000,VALVERDE,train,43.60444444444445,FUTURE_0_7D,RAVENNA,33.137619208377274,-5.13701597074539,4.525020919557526,13.290822881507847,-8.541561885955584,1.1728994172766531,0.9871131132309824,-0.7236164524737213,-17.97604635455149,-0.5832740125615234,3.8978254051765866,6.019930935521659,0.45583747854953016,-1.707995535356757,-2.9555334255681553,40.41321269476912
215054000,VALTELLINA,train,12.346944444444444,FUTURE_0_7D,IT SPA,1.3069987969895607,-0.017657272297740445,5.1456986745351845,-18.469102316349193,0.19690864804529662,-6.381077263397646,2.8062695493461742,0.16489833031616055,-16.515894130789476,1.0798929109318558,-7.930794487081804,-0.2896741899916071,-0.6988242804177703,-1.726837487910793,3.529979417281793,40.41321269476912
215178000,MURRAY STAR,train,84.33666666666667,FUTURE_0_7D,TR TUT,62.88556559544031,11.317200379674247,7.278090151882411,3.5932478783619204,-2.629191047175333,-0.6595799790294645,0.7909480580665323,0.7190516106053816,-5.309169624352208,2.7853519410320664,4.849244907822789,0.829479596515673,-0.7073919603609593,-0.17337332915062517,-0.21155568322124194,40.41321269476912
215232000,SEA BUFFALO,train,-100.13583333333334,PAST_GT24H,CATANIA SICILY,28.251644283210712,-3.325447541859341,-12.351095581374421,-21.086764697868865,-0.9748229565836926,16.519538129066802,-3.5461765586504113,4.279673038385995,-14.148393771903768,-6.754756123903555,24.13453755787334,-2.584882991679807,0.5671319396785006,5.9514332931530145,1.1584578541078052,40.41321269476912
215270000,RED OPAL,train,69.08055555555555,FUTURE_0_7D,ESCAR,-10.946298975754047,-11.230884332794751,17.670972498989002,3.6606679605236296,-1.5522680837535074,-6.405816865812328,1.0070883524548813,0.7880651387346096,-32.91621051001459,-13.764200357572893,2.470849601562678,-10.065091084840558,-0.29947064674506035,0.256363654147512,-0.979576995401806,40.41321269476912
215282000,APNOIA,train,64.01833333333333,FUTURE_0_7D,EGPSD,63.2305862957232,8.6048031144124,5.286041119123354,3.710407416688073,-2.683800155288558,-1.733703636600432,1.0070883524548813,1.1493236620058742,-2.876013273982454,3.1205850709082315,3.246196687838454,0.8150043047672163,1.2170113021701658,0.37685483956704013,1.577574796889832,40.41321269476912
215481000,FT NERVI,train,97.62138888888889,FUTURE_0_7D,GIGIB,-10.155577750366902,-12.79551906240682,-11.669228308623362,2.038132106732771,-1.74921101865864,-7.178413672245348,0.16209814497780245,-0.43762176721156454,-35.566339842859776,5.834784839710914,9.08524960386715,0.5075574525840401,-0.016667638116503875,3.1028148938699864,-1.8864261767566939,40.41321269476912
215498000,MED CANARY,train,-117.64305555555555,PAST_GT24H,ITSPA,-52.04582480870826,-9.296501810909586,-9.209567322550832,-23.649762734831974,4.449314383287957,-1.8149771286244483,0.6197110270518588,-0.5201498236387236,-19.64894926495326,-1.6798909599396366,-19.026836412944057,-1.379142519820245,-2.269091267767071,-2.8678633717261715,-6.1653302961111764,40.41321269476912
215826000,YM VENUS,train,70.87777777777778,FUTURE_0_7D,IT AUG > TR DER,-15.383449552193163,-17.75547741218763,-12.438149403196817,4.730687279611627,-1.3542280877925723,-6.246889868990305,0.25199305799108895,0.9549923032186398,-37.63077671104244,9.910865631799583,6.6203891993601705,-0.20922345261827321,-0.9507773304462548,-0.1194690772769956,-1.5605983753921029,40.41321269476912
215867000,IVYAN,train,61.99111111111111,FUTURE_0_7D,ITAUG>ESVLC,-5.228339324022187,-9.988282430515508,-11.669367264365107,5.630727462723386,-2.3389921762335537,-0.9960164682860468,0.25199305799108895,1.1040475597506516,-35.19283453126608,5.4370270896889625,2.290206929890273,0.2428610221012002,1.393326050827862,0.22946133925580345,-2.035709660354254,40.41321269476912
215909000,SB AVANTEA,train,9.765,FUTURE_0_7D,IT VVA,0.8957282682097158,-4.165199414117925,-0.28786132851500085,-2.237275838928081,-2.7778548822095814,-6.252041023732563,-0.4171688231427241,0.598518172793805,-20.47206405942927,-2.544896518493908,0.5521785891634897,-2.1605881077913347,0.2258605512552967,1.0379342393119568,-0.6170259827235667,40.41321269476912
215958000,HISTRIA PERLA,train,27.31388888888889,FUTURE_0_7D,ITFCO,8.699967103390136,-3.7207108503140893,0.8306317713725792,4.027251429037177,-4.00679085556909,-6.252073805816333,-3.6948072044598965,4.7996245903402475,-19.58992409748881,0.5205386884953817,0.7115608157439636,-2.3607260201787135,-0.682878105576363,-0.68549353342905,-1.6094484135359888,40.41321269476912
215993000,USICHEM,train,22.084444444444443,FUTURE_0_7D,ITMNP,31.76036026351589,-5.663660364706341,5.110119995837602,4.26825075548583,-7.001287092036225,-6.33291488242737,0.9871131132309824,-0.863982155981532,-17.08295304935563,0.4070662814921152,11.632141353298126,6.365944467060301,-0.6523833734880966,0.38948562198789893,-0.21579310165088691,40.41321269476912
219110000,VAYENGA MAERSK,train,175.0561111111111,FUTURE_7_14D,EGPSD>GBTBY,96.38380657702865,16.9190147596321,5.299459898058615,4.505271736493697,16.254755818575894,5.456148816057633,0.6809791742850417,2.2611198274371564,-4.732441236538397,2.9349552514693054,2.5619825135977465,4.079220603832724,0.5735723820141666,-0.47380786746374165,-0.34963779519242844,40.41321269476912
219133000,VUOKSI MAERSK,train,58.214166666666664,FUTURE_0_7D,BEANR>ILHFA,55.97279186675911,11.039696407619957,5.952134470253146,0.2574643481197738,-3.5068281389816107,-1.5455230715672224,1.1375007204577392,-1.483772824476731,-4.577257822991346,5.54457555947221,3.0012011206805265,1.1945972780262912,-0.8081577036889609,-0.5005888706607099,-0.14546230027306695,40.41321269476912
219210000,MAERSK ESSEN,train,692.9413888888889,FUTURE_14_30D,EGDAM>>SGSIN,104.22787068268693,30.839115513056715,-1.6420604843287094,1.7739117701977736,19.00307434395911,5.788273371975723,2.928140609791793,2.496906283228203,-12.537695933709582,3.7434465102722725,2.1596718393584444,3.5304397581980673,5.861976414715327,0.08119123646186377,-0.21173324525919993,40.41321269476912
219303000,TORM SPLENDID,train,1.7791666666666666,FUTURE_0_7D,MESSINA>MILAZZO,32.50296587052023,-13.564819686563986,4.192338516585708,9.540308860181597,2.2035257724592903,2.132351736167455,0.8959905018159672,-0.03878875151853309,-14.694836716703113,2.093491157614641,0.8286439031113915,1.9482352428779581,-0.42924655536161693,-1.4778597441031471,-1.5395810608125022,40.41321269476912
219432000,TASING SWAN,train,-79.64361111111111,PAST_GT24H,ITAUG,-59.248528528978994,-9.314234196297036,-14.865104575461828,-23.782138286434193,2.01959216473656,-2.194116478318503,0.6197110270518588,-0.8117251929691474,-19.857536256681538,-3.6212036126746914,-16.42163175214594,0.4979421020667877,-2.8247020453620486,-3.0597623605155597,-6.046831760742833,40.41321269476912
219550000,ICELAND BULKER,train,6.195833333333334,FUTURE_0_7D,MALTA,59.399016841907894,7.642411167722592,8.478329568727595,4.212912536462984,-2.4114207748675245,1.3628582263181244,0.9871131132309824,0.24921896878156016,-20.821032263782392,5.5835919048267435,12.99409661913426,2.3580128897360573,-0.6550981467108352,-0.4614940293082236,-0.5336956331331515,40.41321269476912
219608000,ASTRID MAERSK,train,41.25138888888889,FUTURE_0_7D,OMSLV>>EGPSD,-46.2385503989192,-18.596918563976395,7.207234360213247,-18.15544783420731,-10.235527784104013,-1.747768432152232,0.9824686259516663,-0.028743285576536493,-41.34346577888879,-14.867248347894073,2.9797118642333014,4.140099210396966,2.3316911234896427,0.5542641236673649,0.1278876251588253,40.41321269476912
228481700,AMARYLLIS KNUTSEN,train,57.51361111111111,FUTURE_0_7D,ESALG,88.46887598950441,24.14371167363076,-1.195592942220804,-0.7193083802188845,11.62929903308223,5.9267407099898906,2.928140609791793,-2.1280494153350387,-10.545880936687853,-0.7476297055431564,4.2555298212401516,7.538219422921923,5.691109963395551,2.1982544908777077,-0.9188810501889826,40.41321269476912
229370000,YM MIRANDA,train,65.57138888888889,FUTURE_0_7D,EG ALY,49.90994809933431,-9.690943114442359,18.781875067149766,4.1153852601874235,-1.9048266357606742,-6.8684743654632845,0.7010531450532458,-2.3551919013414633,-10.442209895395946,11.74448391442115,6.795820533537455,-0.45725907008110833,-0.7920885957985538,0.5617192232206283,-0.6926081607210911,40.41321269476912
229412000,CASTILLO DE PAMBRE,train,68.01027777777777,FUTURE_0_7D,FRLAV,-79.29931035004856,-8.026990078510899,-38.84523035833718,8.570798606355089,-3.542471343368785,-1.3851213118422046,0.7010531450532458,-1.9915261555804578,-58.672602910726475,3.6085423240618195,0.5311779709914164,-15.355918544295866,-1.100355656188649,0.49176220422242567,-4.695640936651096,40.41321269476912
229456000,AMBER BEE,train,85.90194444444444,FUTURE_0_7D,ESALG,59.40789866349076,-8.92494880984522,-0.8869258522400743,10.272822977935345,-1.9827469748062878,-7.5892957190231805,1.0070883524548813,1.0411302671485356,-4.93883472018916,3.4803945441537976,6.73694174699524,0.5173299318474553,1.622631285206306,-0.49867572120823517,19.137774660292237,40.41321269476912
229471000,CORCOVADO LNG,train,256.14972222222224,FUTURE_7_14D,ATLANTIC OCEAN,55.92237337696957,26.162284597324525,-2.644130211384767,1.308558120926186,-4.809434783791136,-1.6193203815279058,1.4556928014202661,-1.6662678216287157,-10.285424545675506,3.8865544256433,1.4620383012204703,0.31513024431332637,2.6128754863983112,0.1738951691800234,-0.8432907202179243,40.41321269476912
229548000,VALENCE,train,-3047.7183333333332,PAST_GT24H,ESVLC,53.62909791875161,5.772636995826178,-2.16897031794991,2.3532859697402495,12.929686812729082,6.897690702690259,0.4280622798325864,-1.2650608523922178,-25.633861231374517,3.2023988473900635,11.345741092839877,0.8447889102126891,-1.432043559039926,0.6825480412828554,-0.7410184678047712,40.41321269476912
229648000,LEONIDIO,train,68.20944444444444,FUTURE_0_7D,TANGER MED2,68.4259421687859,26.40302100041837,-1.7237570113940468,0.15610142128028537,5.099937658996618,5.382852231731978,0.9012864553011862,0.23880025853215067,-13.33834763238788,0.3516985811584543,2.6684068029750536,2.7851435862679343,-0.8897696534144512,0.5336647753462465,-0.5563090007951179,40.41321269476912
232012490,BERGE SNAEFELL,train,205.64833333333334,FUTURE_7_14D,NL TNZ,86.50621387178467,24.960356246024322,-1.5380076201358894,3.4238417661476555,9.547039070286743,7.232263773160943,0.7708740872983283,0.45013402273912084,-8.776007401364694,5.16103149998611,5.328490403733077,1.4691033723837181,-1.171910806046829,0.13101650100881526,-0.8952237382058825,40.41321269476912
232026551,SPIRIT OF ADVENTURE,train,26.895555555555557,FUTURE_0_7D,MT MLA > GR GYT,38.80383869037142,4.816667371220273,7.159395148610908,6.237958460220213,-4.42918746570877,-3.810896761843915,0.41498727899930177,-1.746270971224539,-16.742683812364707,0.6618009715159859,4.7150852610588885,1.616337402394365,-0.18546187148423782,1.8064376858272992,-2.1235427016187582,40.41321269476912
232058998,FURE VANGUARD,train,85.62027777777777,FUTURE_0_7D,GBGIB,74.73065745323665,22.86550267977874,-0.49604887959366845,3.659344945788427,-1.0460205071676627,5.013500344241204,0.7708740872983283,0.8366004535385316,-7.477242149124125,3.5878692559729592,5.13687729996732,3.068636783300312,-1.8650034047104032,0.634960378147827,-0.37240652897025617,40.41321269476912
232061535,CMA CGM QUEST,train,4.878333333333333,FUTURE_0_7D,MTMLA,29.437313255376928,5.249249785219196,-1.8295867763556808,2.8165277569371807,-5.340305825480422,-2.4416462483919794,0.9493196543501776,-2.3132432807008105,-22.21380754227707,-2.952348075833548,2.4221564939420097,4.4008108206107,2.54095283342363,1.019494747061226,6.716526218103204,40.41321269476912
232062004,JILL C,train,290.70972222222224,FUTURE_7_14D,GBBRS,89.18283914002139,18.84091102224572,0.44804687445068053,-2.2356611310874053,10.548039314017826,6.035295553304456,0.9059234776033954,0.49426009268793236,-3.421281605552105,4.252542245364271,5.551277951769932,2.0832238792781905,0.9695325727248698,-0.3608364475728042,4.658352646017303,40.41321269476912
232063279,OM BORNEO,train,502.5205555555556,FUTURE_14_30D,AR SLO,94.8049010227394,15.777399159597428,-0.008656002956188652,3.5310243334254596,15.11120671069517,6.549597572340236,0.8160285645901089,1.5867049080452589,-4.687811439846772,4.030593359255102,4.035673885032405,2.2536363075459187,0.9695325727248698,-0.05346543295754011,4.480223830478819,40.41321269476912
235010170,SIDER AMY,train,27.593055555555555,FUTURE_0_7D,GR STN,35.1061835231864,-5.847264290542503,5.158793689348435,4.691030750746262,-0.15542604406496724,-7.03126580742985,0.9871131132309824,0.7249780153486106,-16.051763388874132,3.1157432735923702,8.489220369492692,1.251743774558947,-0.9062796556275048,0.5408322150537614,-0.2744851864158201,40.41321269476912
236623000,IVER BLESSING,train,38.715,FUTURE_0_7D,FO,38.418769855315645,6.88582664873194,4.071075842208987,1.1310067470900353,-2.179344721717812,-1.4787491718443901,-0.009922841574291727,-2.0975752835792196,-16.624204090178466,0.7604414363980339,5.483482731072363,1.1252838219048205,-0.14329063365965905,1.0193876437454374,0.06213903194874158,40.41321269476912
238066000,IDASSA,train,30.701666666666668,FUTURE_0_7D,TRCKZ,37.326603000550385,5.833088034238198,3.44642992994302,3.364796248839932,-4.416718559938864,-2.0402958870545733,1.2353855204041215,-0.221824862038191,-15.150655536627868,0.31727711503417855,3.349663786147575,-0.5748381374958471,2.3711716056482195,-0.26253020606400523,-0.33755874525463236,40.41321269476912
240544000,SEAVEN GLORY,train,50.193888888888885,FUTURE_0_7D,TRIZM,53.396616044169775,-9.075402807857728,19.551567659099167,5.143878214501503,-1.7148485138628695,-6.830744438179742,0.25199305799108895,0.951619075902684,-6.385473833221381,-1.7858674628828313,6.233447995401573,5.6616857305394985,0.6924070667453062,-0.5945924166305078,0.8837340218548982,40.41321269476912
240633000,AEGEAN HARMONY,train,115.34138888888889,FUTURE_0_7D,GBGIB,79.30494848785412,15.114058061184313,-0.23307547408716295,0.5643579111143913,10.020306666910043,6.391625602580387,0.8160285645901089,-1.348134944820295,-4.3829545032634725,-0.5127406793557794,4.5297115823387815,2.4524230966511547,0.986141188699944,0.024684649200512367,4.469304071342085,40.41321269476912
240788000,MINERVA JOANNA,train,40.06361111111111,FUTURE_0_7D,PIRAEUS,28.91667539865999,-6.69572068448857,5.018977313886598,3.3845965094685977,-1.7646359167590997,-7.195867341511455,0.41498727899930177,-1.9076167628863723,-14.576645515115032,2.2598805054563376,8.440350916474799,1.4543704872306178,-0.3538123082168741,-0.8215143054404994,0.8461125267925215,40.41321269476912
240878000,APOLYTARES,train,428.97333333333336,FUTURE_14_30D,GALVESTON FOR ORDER,78.63815390405952,10.9458301273681,4.870810985035944,2.8998812210702893,9.839949160154728,5.72688729114548,0.7708740872983283,-0.946716886357322,-3.8019871643580516,2.9958307854807065,4.202811364411263,2.2610936271570328,-1.0856428830876537,0.023096205884929305,-0.47777671191336124,40.41321269476912
240893000,MARAN PYTHIA,train,298.9636111111111,FUTURE_7_14D,CO CVE,-7.002281955044609,-9.355736568451603,-19.085370599789982,4.354161307638732,-2.280857425745514,-1.9834394633654675,1.0070883524548813,1.0580078427320496,-35.670634433530026,3.469400397912722,4.3600192694562905,10.452312656660903,-0.10541546572558408,-0.299926592791701,-3.3351039272694427,40.41321269476912
240942000,KRITI JADE,train,18.49388888888889,FUTURE_0_7D,IT NAP,14.25387304402922,-9.776858946589467,1.5772734220809108,11.076220793345533,-4.290095846790878,-8.654264231740585,0.9171934394415947,-1.2559791619810248,-15.402747754749223,-0.31723977316813984,-0.2519292095365146,0.039918316250930896,-0.5615876719610007,-1.816003576369193,2.556760551027164,40.41321269476912
241287000,MARAN GAS DELPHI,train,390.6113888888889,FUTURE_14_30D,FOR ORDERS,61.57185170304855,-3.8818762920195917,17.480137301166348,4.0019141028005505,-1.9369503341327203,-0.658362413057595,1.0070883524548813,0.9172097490364707,-6.194885288302586,3.648656554266705,5.383498706169145,2.34394961931459,-0.19365553901693425,0.20332080901921254,-0.961406319419035,40.41321269476912
241298000,NEPTUNE GALENE,train,40.97972222222222,FUTURE_0_7D,FRMRS,40.575686749021365,-10.553695233229465,2.9662604221672746,3.81507745721294,6.403073347225435,2.557940918731581,0.9272859904416906,0.24191060178062399,-12.702888220509378,3.282504758341127,1.1938191867212222,1.6673489878543157,-0.410098059534563,0.8537036792076178,-0.07976978215817059,40.41321269476912
241618000,SEA PANTHER,train,175.41666666666666,FUTURE_7_14D,GBPTL,80.94681826793557,25.539805786724973,-2.3277462713147687,3.1019131160391877,7.807882453675909,6.462556706709051,1.1535075449340475,-0.7759559127999622,-8.363180234150743,2.315051039346259,4.80318079779603,2.5405998020382095,-0.7794565530013031,-0.659512648664233,-0.2850400541662068,40.41321269476912
241689000,MINERVA KALLISTO,train,232.38833333333332,FUTURE_7_14D,SKAW FOR ORDERS,85.32299590068067,24.36734465939842,-1.128834432971154,4.754199366913399,10.3731906618634,5.524381210268618,0.9059234776033954,0.5237395017831156,-10.582257261299892,4.291483159769008,5.120142916587981,1.481699585840582,-0.13758966939639655,0.8302724779846649,-1.4139124484335854,40.41321269476912
241745000,MARAN GAS ITHACA,train,48.46361111111111,FUTURE_0_7D,FOR ORDERS,72.56473470492257,23.725636723194242,-2.0579092743248255,0.5426015549603785,6.733336542657336,6.6136965294114844,1.1535075449340475,0.5337808317887801,-10.909519443962859,1.9981339994763505,4.636060584708425,1.4615404262024463,-1.4725491516648772,0.15943811483798834,-0.9662329720654663,40.41321269476912
241751000,KRITI ADMIRAL,train,32.66861111111111,FUTURE_0_7D,ITPFX,36.78934444664889,5.6622563369641865,4.14185663521106,3.78134610885592,-3.905444159295776,-1.625447786458151,0.7909480580665323,0.6250317833742236,-14.886777804874724,-0.26884132068004085,5.0417905096788385,-0.13957267775372995,-0.8443111009378206,-1.8654434896583418,-0.13125934061241065,40.41321269476912
241859000,NEPTUNE THALASSA,train,42.17027777777778,FUTURE_0_7D,SIKOP,31.128806248644338,-4.383608013708339,5.2443210944153575,3.5133320078375028,-6.494575306223527,-6.976492883163173,0.41498727899930177,-2.680267904797188,-17.79792096377256,3.205460763394288,10.851781331440693,6.919565584406939,0.027545288135964366,-0.7077977830514661,-0.4207369400385709,40.41321269476912
241929000,SAMPATIKI,train,91.735,FUTURE_0_7D,ORAN ALGERIA,75.28377090916297,7.942261547947987,2.885116923591537,3.964932307794179,4.332513785738424,4.361525261585136,0.2770735645146655,0.07744701153037559,-0.5734619792237645,3.4464848587303103,4.035688105256321,2.6928423052726416,-0.2970180855365364,0.12019863091442666,1.6049539762781526,40.41321269476912
241953000,SEAVEN CREST,train,26.44611111111111,FUTURE_0_7D,GRPIR,37.93916301082205,4.38841303511877,7.145754087851828,1.6929763744865147,-2.2125522887261297,-1.7798760760772243,0.5622029926573888,-0.13504085044026146,-19.400791412266067,-1.1569937294685142,4.1789382841383045,1.9922060279562808,1.1487046208547862,-0.14238588012785247,1.2443951300951053,40.41321269476912
242494400,CMA CGM SAHARA,train,-3043.8594444444443,PAST_GT24H,MTMLA,-52.13334496954117,-17.934737013065384,6.440723472369686,-18.573474658192588,-7.478526628140925,-0.9258145851787004,1.2032534076193313,-0.26224989034487445,-45.957563599043084,-16.646873051597353,4.55634698750888,3.4833421687124897,-0.31955979376496574,0.49768982449851984,-0.62911430569134,40.41321269476912
244090800,MALTA CEMENT,train,33.01861111111111,FUTURE_0_7D,TNLGN,23.916832803496483,-4.496911756036659,-0.5921717009355105,-2.124304350048769,1.5306949543949315,-7.358300044031589,-3.6948072044598965,3.868345337965857,-18.531339561959754,2.095181738137425,8.702220276655764,0.930434372253582,-0.997849623438835,2.145060784000283,2.0273668862305194,40.41321269476912
245278000,EEMSBORG,train,230.65333333333334,FUTURE_7_14D,NLMOE,73.33003181041454,14.521342558510504,-5.793289308318141,3.286311767307692,6.3561574455002905,5.879015810829344,0.8160285645901089,-1.231963956114706,-10.724354440262521,4.007707988573119,1.7617412900043816,9.027256767873162,-0.03736356191725876,0.841720055541805,4.206508133527643,40.41321269476912
246518000,DEO VOLENTE,train,18.93611111111111,FUTURE_0_7D,NAPLES,23.371981915501657,-5.401359260139439,-2.90222111177043,1.3668487818305506,-3.633522960010674,-2.268146144314031,-0.009922841574291727,6.808242903083719,-15.983655379827834,3.3001622544283897,-0.4440962614749096,1.2860437045286979,1.0037131332755587,-1.471579147328752,1.308261550025976,40.41321269476912
247018700,GRANDE SCANDINAVIA,train,47.5175,FUTURE_0_7D,FOR ORDER,27.94569950680857,0.665278217736498,4.9503065301988665,3.959925146024054,-4.117882418206494,-1.3093898366793135,1.4165637946693512,0.0643310669910702,-21.798665417619908,13.403064318451323,1.5130611986377231,-9.145387835719957,-0.41806685354942574,-1.9813758443993952,0.3307247455050476,40.41321269476912
247045300,SIBLLA,train,10.703055555555556,FUTURE_0_7D,IT PALERMO,19.953040194902908,-4.930361812892916,-2.866494259283061,4.282394320908459,8.115142443062856,-6.355565546295085,-3.6948072044598965,12.094067312614968,-17.063425805232665,-5.979375461464269,3.042758868400119,-8.700563400221592,1.7817412938284163,0.34229702822121155,-0.5279802770527633,40.41321269476912
247055200,F.LLI FAZIO,train,30.1,FUTURE_0_7D,PALERMO,-21.167408476666424,7.317902041646738,-1.0333505045804479,-27.584096605540864,-4.0629296599777085,-4.050596864063295,-3.6948072044598965,-4.918227122782073,-27.248438812792077,-11.813175394654658,30.42785538530105,-10.435218736065316,0.594502361941548,-11.77429247098404,6.6942524155755105,40.41321269476912
247069600,LUCA IEVOLI,train,27.925,FUTURE_0_7D,TNLGN,-26.863259301025792,8.247318038486586,0.007132234750155411,3.7712793411949117,-9.569556078711939,4.863979171714731,1.1020885327678456,-0.1210304565147696,-20.138412065312277,-17.79961742625926,-8.522013792335962,-30.137088866745668,0.9976147256097426,0.5140070516068638,-0.49217240604592416,40.41321269476912
247077700,PUNTA AZZURRA,train,-595.0886111111112,PAST_GT24H,AUGUSTA,-123.14918772161579,-6.949976677234557,-14.726049400225575,-22.967189273829458,-11.412171971237465,-15.949764079667624,-10.265802704086296,-3.2375185354355027,-20.14993619334733,-19.298962111217808,-12.281545373017739,-32.267533348780304,-2.3914565099312393,5.914659740077049,2.4208460215489733,40.41321269476912
247095300,SYN ACRAB,train,42.12833333333333,FUTURE_0_7D,IT RAN,-16.648142284631007,-6.317017003890939,4.209196152987306,3.696253580865102,-4.290353218232051,-6.95046676747495,0.41498727899930177,-6.72991438868945,-27.19003968227773,-1.9565722506830312,-2.0767902740664903,-9.70789174145186,0.3709900070171338,-0.38212213669784856,-0.15161453580463263,40.41321269476912
247100900,SEBASTIANO,train,-136.65222222222224,PAST_GT24H,AUGUSTA,-47.76435442205717,0.653281402632704,-19.818570830149174,-20.359222422203363,12.127250566690805,-16.54287440964927,0.2828118323217311,-0.8864342523703819,-13.1093015308692,-10.138453109465628,-18.046855318751806,-8.208272724822807,-0.647484253023997,6.7305715160621045,-0.21401358322801653,40.41321269476912
247101700,TORRE AVOLOS,train,-2010.4322222222222,PAST_GT24H,SANTA PANAGIA,-144.13472317937135,-29.62888212973767,-3.543755870041306,-27.235010987407847,-14.399192329678108,-15.987372264851157,0.4710803812423736,-1.0772206265318371,-15.853094320038014,-20.893011513546316,-11.48771688076963,-33.60221287786867,0.929422816812104,3.725748734840728,-15.966718006565104,40.41321269476912
247131100,LIONE,train,-201.61388888888888,PAST_GT24H,ITAUG,6.644426963168286,-4.52765928801174,-8.248599726499375,-20.776664275314506,3.6049390015197766,15.894287726267212,0.710833638466874,-0.4646439324986314,-20.985411635008152,-10.526593486597402,24.77990022963747,-9.619955203840233,-0.647484253023997,6.90017955361638,-9.86191408031452,40.41321269476912
247147120,MP STELLA MARINA,train,-2422.8705555555557,PAST_GT24H,UNKNOWN,-197.71372394254172,-15.637775194679465,-40.53000219421557,-75.82357260822933,-12.893536746775208,0.9062689979281942,-9.975446444322207,7.965337008513646,-76.12310533563156,6.654740249789117,27.827716764060867,-11.82244972942976,-2.8678340358667107,-27.21463047874679,-8.592646889706074,40.41321269476912
247153450,ALBA CHIARA,train,2378.2522222222224,FUTURE_GT30D,MARE,-40.28332012443521,-12.533667379080544,-14.76507432197382,1.3607417554459593,1.3684547535971183,-10.372614822741326,-4.043232502878005,-0.13430973761903653,-35.16422911001069,13.019446725671514,-18.02754501880136,-8.756064476857949,-1.1129938601895153,6.31813411894124,2.146421057292061,40.41321269476912
247219700,RINELLA M,train,15.916666666666666,FUTURE_0_7D,ITNAP,14.267152603344691,-3.2091685358034203,0.8248073768961831,3.4948168731913607,7.285232077191631,-3.722474476251888,0.6311275733876507,7.428473301729886,-20.467083494470725,-5.578688885637609,-2.374094797348868,-10.537553529497316,0.33356365815797334,-0.44375559736814896,0.1887383643988456,40.41321269476912
247231200,SYN ZANIA,train,2885.25,FUTURE_GT30D,ESTAR,68.24707698770189,11.657875225241245,7.984834224389582,4.707628304724224,-0.4078257895502636,5.355951968319573,0.36696847752795203,0.4862748542957536,-6.504555306345661,13.11810009436556,2.101482678567224,-10.518354520051565,-1.2367989452165826,1.079856982457576,-0.35757395579185425,40.41321269476912
247241800,EUROCARGO PALERMO,train,-10.610555555555555,PAST_1_24H,ITSAL>ITCTA,-22.316394451999287,-3.69862987463699,-12.054022337167074,-17.932960742807516,0.36223541359395095,-0.7893716560163497,1.17772884942213,-0.7669214258818505,-12.378952688609846,5.017623910952436,-15.396992836825893,-3.8765461724907273,-1.5524540469033723,-2.5040218375060994,1.6636782981088043,40.41321269476912
247268300,BRAVO,train,229.34777777777776,FUTURE_7_14D,AUGUSTA,-8.72662932387324,-4.7384469871733454,-13.648229408339292,-0.2647454544635598,8.44332716588865,-9.784050525866991,-0.009922841574291727,8.94036170660631,-16.111967043553918,-7.765137931203607,-3.7985666630035135,-9.502785693391619,0.36257718195376437,-1.1538009689579092,-0.10845455556306602,40.41321269476912
247278300,CAPO PASSERO,train,3786.3544444444447,FUTURE_GT30D,IN PORT,-57.483339306997564,-21.311995491360516,-24.13552203314857,-29.304215712274882,-4.515962158721919,21.380687745297067,0.14217794191477684,-0.045133932636463314,-67.4531963403164,-23.732684171520578,86.4030431346655,-26.071828684766626,-0.6758227901893555,0.5238636723113732,-9.099963181020128,40.41321269476912
247296500,EUROCARGO ALEXANDRIA,train,40.4125,FUTURE_0_7D,ITLIV,17.671366479527702,-1.8770293078522364,-1.8975449557736463,14.596909175642985,5.012728640723941,-6.584320612266381,0.44813625060079043,7.195894128297884,-13.071610139082225,-5.121426117048667,-4.52775011777621,-12.091995160040705,0.06081845289925761,-0.9742144778262647,-3.9104419757399422,40.41321269476912
247298300,KORAL,train,-393.1436111111111,PAST_GT24H,IT AUG,-75.67461434203747,-4.561543619031126,-13.139458731160973,-20.697950778084856,-8.5783599350676,-1.487234185788468,0.710833638466874,-3.1738432741423535,-21.436910108097393,-9.596022569818729,-12.140993198126178,-8.114088169284212,-2.7456220205826867,-1.747174565832123,-9.379459520256763,40.41321269476912
247305480,COLOMBA III,train,-2525.7755555555555,PAST_GT24H,UNKNOWN,-216.19059857723516,1.2835785405216327,-21.613511227600675,-66.48939432843194,-13.425475522556383,-35.392717181380036,-10.382692425890639,6.396055971698166,-113.47644594826042,29.338258068070992,9.83017779583822,-33.75224927207203,0.8520674183985981,-12.192309181888648,2.4208460215489733,40.41321269476912
247306670,BESCIRA 3SR1048,train,-2395.4880555555555,PAST_GT24H,UNKNOWN,-75.42743183170282,3.167714961160205,-21.388378423811403,0.5927011729645367,-11.918447552428766,-10.697694109990799,-9.951644676614977,6.7210960502524975,-81.51962768076353,31.535747129140265,8.438793255800721,-32.994901939131545,-0.5395267479454363,1.1072969759898155,1.6062270589064438,40.41321269476912
247310200,CDRY BLACK,train,25.046388888888888,FUTURE_0_7D,TNSFA,27.06207840685122,1.5213479491570134,-6.586821434652779,-2.653277260034721,-2.1481706708835255,-0.7046192738443734,0.5622029926573888,-0.06114438686809374,-17.16311751896776,13.897915395629266,4.0572326249555495,-6.725057192845846,0.5209474223140884,-1.5983188502765717,3.729745915742453,40.41321269476912
247313600,MARMED,train,54.793055555555554,FUTURE_0_7D,IT CHI,50.405948788328594,-9.947999607119165,21.25213762292937,1.7829108837692818,-0.8563704023258738,-6.982107839544437,0.25199305799108895,0.5205161662588424,-9.503020139397272,14.472865538065461,5.7039857879676195,-7.498932863335571,0.5746655978277457,0.3148054100628568,-0.09271311959047435,40.41321269476912
247319800,EUROCARGO LIVORNO,train,11.987222222222222,FUTURE_0_7D,ITCTA>ITSAL,20.408735583763267,3.2139257537890766,-2.1816868434937993,4.639413277005334,6.851112971677473,-4.135727404853477,0.41498727899930177,7.08853296027729,-17.534456887903872,-4.8586032665493075,-3.727083749333903,-10.464488579100166,0.4036215395861968,1.386852825269479,-1.1008769863754884,40.41321269476912
247355500,DOMENICO IEVOLI,train,21.2675,FUTURE_0_7D,ITTOA,-18.97400602196393,-3.6543137469769524,-0.732197442661575,11.559348363989379,-5.509902541734904,-8.82008695359192,0.9871131132309824,-6.152112197270654,-27.702481999272297,-2.60141950057014,-7.195154303965807,-10.50944710531463,-0.8563114886965069,-0.462158916799917,2.261906002901908,40.41321269476912
247362500,AUGUSTA III,train,-1851.1530555555555,PAST_GT24H,AUG,17.05852446627686,8.801292597156362,-35.866833828535626,-10.402687016381865,-14.372676793935524,-9.767431259968912,-12.016353763763355,0.4281351590968398,-11.802816690159958,43.63288360135218,32.54083402122822,-11.616867220707928,-0.6259878922828094,-1.0797431275494407,-1.2064360140404387,40.41321269476912
247382800,SANTA PANAGIA,train,-2281.4333333333334,PAST_GT24H,S PANAGIA,-81.15316369406011,-3.433143738205134,-4.738655519263324,-12.03580980118777,-6.935337143609097,-16.485620274740047,0.4710803812423736,-0.5376633668890323,-22.053717440122263,-20.435545743306953,-10.929918695019614,-33.508261362132686,0.929422816812104,5.536142437733042,2.5906510598591304,40.41321269476912
247383400,ECO BARCELONA,train,32.51166666666666,FUTURE_0_7D,ITCTA>ITGOA,16.749316072342687,-3.407619280793571,-0.9933000127279402,14.257433015146667,-5.371049176881748,-6.556907622626064,0.44813625060079043,6.409525584038886,-18.045047968559707,5.445939928606425,-2.02430838311318,-7.991993230544209,-0.590355147475352,-0.9483487970332142,-4.296001781064224,40.41321269476912
247392600,GNV ALLEGRA,train,15.504444444444445,FUTURE_0_7D,ITNAP,13.54454742966611,-3.8485888547157567,1.5083055829865593,5.882998504145724,6.843412751944819,-7.782408747622264,-0.06395981442447946,7.646541218868353,-19.954673763630204,-6.166887645645778,-2.9526554179365254,-9.569101863212506,-1.6025048205412522,-0.3677153550582072,3.558572959738492,40.41321269476912
247407900,SPAZZAMARE II,train,1902.665,FUTURE_GT30D,UNKNOWN,-183.30037192066916,-5.309703082556367,-8.94166595039648,-56.83101896801085,-17.25788203349394,-12.678364889397312,-10.029483417172395,-10.237435992525354,-87.07114415451025,4.909984728632077,-10.134315633794243,-9.102357380774796,0.3490699848259601,-0.6566828158757365,-0.7225850103885172,40.41321269476912
247408700,MERSEY SPIRIT,train,-120.6463888888889,PAST_GT24H,AUGUSTA,-72.29776184078338,-9.644722714512342,-14.955427060920302,-23.46140959263999,1.9291582826705393,-1.8149771286244483,-9.928903509356168,-2.8485947841040105,-23.910951138436563,1.7923217651423644,-14.331397566531145,-4.070275752543709,-2.432601667859375,-2.8678633717261715,-6.1653302961111764,40.41321269476912
247415100,URBANO MONTI,train,-174.64944444444444,PAST_GT24H,ITCTA,-48.587906175290115,-10.197352275904185,-14.19363914806111,-22.588716193661956,0.6779230412363662,-0.8619837829888763,0.04758519282017834,0.6897062799445489,-19.252261936803876,-6.498229112005076,-4.686841666967314,-8.931571174583715,-1.7601056307292202,-3.0597623605155597,1.6141298981605279,40.41321269476912
247425900,CITTA' DI AUGUSTA,train,-1542.9027777777778,PAST_GT24H,AUGUSTA,-54.443667429367665,-5.012834106334928,-13.968870423841896,6.118211542175379,-5.477137548790053,-9.784050525866991,-0.009922841574291727,-6.79643704900046,-27.05946417134031,-10.070565959236191,-9.917106863304038,-10.848660514336729,0.36257718195376437,-1.3145077422077889,-1.078111102432247,40.41321269476912
247426100,CITTA' DI SIRACUSA,train,-166.65083333333334,PAST_GT24H,AUGUSTA,-50.96541795247853,-4.781345075627086,-13.648229408339292,5.686687401301322,-5.414054960911595,-9.784050525866991,-0.009922841574291727,-5.916703428598208,-27.05946417134031,-7.979793189416501,-9.610781613185889,-10.840573369378026,0.36257718195376437,-1.3048655438322732,-1.078111102432247,40.41321269476912
247432200,FENICUSA M,train,24.102222222222224,FUTURE_0_7D,IT PFX,31.353127417655905,-0.9644575694254952,0.3378253589275934,3.7694332688558845,-4.1824885222436095,-6.561215626317938,0.41498727899930177,-0.7959715039347462,-15.606509497755887,12.874524279441445,7.53589567773077,-8.253603919114767,1.9122098863806298,0.7598346033499721,-0.30054899200636875,40.41321269476912
247453600,ECO NAPOLI,train,-0.8875,PAST_LT1H,MTMLA>ITCTA,-14.32749178875875,-2.17294989822137,-11.008864066438926,-17.21042071581019,-0.2999440271713635,-0.28258975449308393,0.13870780423519352,0.7971342449053797,-11.288695059026907,-4.945830244690518,-2.0635292576008024,-8.644437779646394,0.30164723822611406,2.8314775987247143,-0.892410566519737,40.41321269476912
247488900,JOLLY CLIVIA,train,29.508333333333333,FUTURE_0_7D,EGALY,45.851133162515346,1.0044974490217764,4.575427557289145,0.3541723741075482,-2.5630134959877777,-0.43669306956795073,1.0284508652931763,0.21274858614913297,-18.533823338421406,24.806094449573408,0.9322367026385809,-7.90576039139969,1.0787161709772475,-0.8249956666115277,1.7098622746845675,40.41321269476912
247530400,VALTEVERE,train,39.395833333333336,FUTURE_0_7D,ITGOA,12.803651034837316,-3.646200656160379,-0.06123952685334354,13.171055690726238,5.057511255798445,-6.167989573870566,0.6311275733876507,7.377439037149074,-20.968213018712518,-2.1654224005654825,-2.065481151323407,-12.107738544182968,-0.6604130289035754,-1.707995535356757,-4.296001781064224,40.41321269476912
248089000,CAPE SOUNIO,train,26.388055555555557,FUTURE_0_7D,ITCVV,22.712297118416238,-4.028490724852671,0.21119037480398595,12.458299012060259,-4.578701003065562,-9.26082519167877,0.7173780716108823,0.36027376257330945,-16.084851244635864,-2.520331624110652,0.2682283072334395,0.33698241769214893,0.6771757932768067,-0.31145645848087955,4.054212931220675,40.41321269476912
248105000,PIERRE A,train,47.153055555555554,FUTURE_0_7D,ITAOI,27.45130389389772,-4.402426446477386,3.0846752456444575,4.044548590850937,-6.142779621166768,-6.854283566375913,1.2032534076193313,-0.8484910100389587,-17.048666544201,-1.5743623322880325,9.108175263620149,6.103364130983766,-0.4379058154061144,0.5872893722947636,0.21570052406935858,40.41321269476912
248159000,ZAPPHIRE,train,6.3725,FUTURE_0_7D,ITMLZ,25.643456038805073,-11.875420433524056,2.9667064537841146,4.013303496068801,2.463247555425169,3.72995154401496,0.8959905018159672,-0.22001665510904536,-15.306569943669185,-1.8820060186857113,0.3513119192061572,0.5163314327144191,-0.1636546243282641,-1.2423109957929017,0.9833791121155335,40.41321269476912
248333000,SILENDI,train,-27.9525,PAST_GT24H,ITAUG,4.413799699919444,-5.512006117055831,-12.444471855160543,-14.261772932839815,-0.20051403799237535,-7.0542645409119755,3.4795602584293404,0.03462402592537458,-11.887963187841153,-0.6649138164668938,6.422067029020433,2.1068895134749184,0.20423331974153025,2.900570318745359,0.8785490280819317,40.41321269476912
248507000,YM MERCURY,train,68.9125,FUTURE_0_7D,ITAUG>EGEDK,52.87125877728974,-11.231526744234786,8.609837741088224,-1.6973771981688934,4.869369997477429,-6.1827620449462835,0.16209814497780245,-2.5545102886380597,-5.679502421807893,12.30098290980608,6.772145893753217,-0.4383708908591606,-0.7920885957985538,9.869097621543157,-1.549348041671655,40.41321269476912
249004000,ALONDRA,train,43.87972222222222,FUTURE_0_7D,ALEXANDRIA,37.875133943157365,3.9496003282431436,1.611703939288409,4.115035426483004,-2.8232919448920604,-0.1553652899486857,0.6311275733876507,-2.42643612531014,-17.671036152339543,3.2896363308757417,6.279635644489247,0.620682847704886,-0.4137312984954735,-0.6600530618121834,1.1144130307142464,40.41321269476912
249087000,CMA CGM SALAMANQUE,train,-17.431944444444444,PAST_1_24H,ITAUG,-31.47120318393948,-4.177620643050739,-7.2899226091623515,-33.4723393178337,1.3465767713380097,-2.5462115096631237,1.9659949780421597,-0.5513783700623414,-22.558788094853057,-7.4555497104861574,18.255953018601083,-1.0635293484775379,-1.1527798422214053,-11.263470174368964,-1.921351026510461,40.41321269476912
249146000,EUROCARGO TRIESTE,train,-5.642222222222222,PAST_1_24H,ITCTA,-25.296723028705713,-2.171241593621753,-12.207627147072273,-16.28581410458442,2.9173489133622152,-0.8619837829888763,1.17772884942213,0.7971342449053797,-15.611505533801648,-2.252854944908148,-16.226400155311453,-0.20402145739177016,-1.5310058278801886,-1.747174565832123,-1.5025186177719276,40.41321269476912
249281000,EUROCARGO VALENCIA,train,-17.361944444444443,PAST_1_24H,ITCTA,-19.79896000542827,-1.3936296879216061,-11.924256789203318,-17.767487581404925,2.0939109517505288,0.07065967885631402,1.7498546836538107,-0.04212892814831298,-13.621501581700329,2.4692833943479586,-16.080905555268195,-0.9031633771825506,0.35118646119422325,0.4528584176754378,-5.666852786846438,40.41321269476912
249414000,PAOLO,train,2.261111111111111,FUTURE_0_7D,TRALI>MTMLA,40.50669470661566,4.223832466086273,-1.3782450363507308,3.788880276247016,-0.6279933590256805,5.388801200680586,0.3949133082310977,-1.2379533113686956,-28.135933256879458,4.885299274818989,12.151909512689816,1.3415209309377683,0.28590670897034076,0.3950972360733672,-1.382553939264144,40.41321269476912
249433000,REMAH,train,81.29305555555555,FUTURE_0_7D,ALGECIRAS,70.48482498867205,25.58374418271222,-1.6060117782177816,4.404296570383803,2.0868587987495117,1.8999482729389956,0.8160285645901089,-0.08812278913404889,-9.393603368866623,-0.39303420041601544,2.939834741758176,3.3589783168149223,1.6534893419088514,-0.2604491145956589,-0.9303452447235407,40.41321269476912
249596000,CLIO,train,10.150277777777777,FUTURE_0_7D,MTMLA,3.4576527099308336,-0.8776417336348161,-3.4471701623537583,0.02682286931599115,-1.681848415526992,-6.56367944194135,-9.986411543750638,-2.106378237483399,-23.828488338616722,-1.8972078681261801,6.913814801915451,3.7421256062431345,-1.572050185512621,2.3477117132543253,1.9748409513792768,40.41321269476912
249611000,ANTIGUA I,train,97.4713888888889,FUTURE_0_7D,GIGIB,77.59821518478554,9.404665943870935,3.204225740705488,3.716381872893226,6.7405281237444346,5.962970670653325,1.1535075449340475,0.4077396656976125,-3.711501501115756,4.733454517531821,3.6769033209494655,0.7492458760515123,-0.39950175136733074,-0.047107316275947796,1.5934897817435945,40.41321269476912
249697000,GREEN HEART,train,92.25972222222222,FUTURE_0_7D,TRDRC,40.59941377068626,6.531462569066881,4.585023618937437,3.060242932652567,-1.9529072903753764,-1.5070310167019487,0.25199305799108895,0.9270211768484649,-15.178372144746136,1.0311677389865597,5.257504052715959,-0.5027909368543092,-0.7073919603609593,-1.5795748783792007,-0.03014584386388977,40.41321269476912
249962000,CHEMICAL FIGHTER,train,79.1775,FUTURE_0_7D,ESCAR,80.0521486472727,11.838971994360548,3.4825865693019455,3.059132365327698,9.670490870998904,4.828640603632832,0.7708740872983283,-0.9025908164085104,-3.664286030322612,4.316296959151421,3.584790215366207,0.8021409326674787,0.29855762173333567,-0.047107316275947796,1.6004378956719556,40.41321269476912
249974000,DICK RABBIT,train,5.338888888888889,FUTURE_0_7D,VALLETTA,33.25001127930642,6.483683582546975,1.640151166801272,4.96777235088728,-3.459401559484794,-7.665822873887188,-3.6948072044598965,3.5026934034067065,-15.29865830117769,-4.890626944664863,6.879874756959946,3.0574038151258014,2.039217936465548,-0.9526387506070964,0.22795720662529873,40.41321269476912
253000158,SEA CARYATIS,train,54.05916666666667,FUTURE_0_7D,TRYAR,60.730450117888395,7.628209588217355,5.752438897879511,3.564557550864962,-3.446810679366239,-1.5620428090526601,0.25199305799108895,0.8081030769885098,-2.04418055999805,3.515398273816455,5.252866448892892,2.695553633229218,-0.017612485409212994,-1.5696314179840283,-0.5116051529505268,40.41321269476912
255779000,SIDER LUCK,train,-15.340277777777779,PAST_1_24H,ESCAR,-15.049585766938137,-20.837745829729123,-9.522735195604985,10.047430300702606,-2.383525284727864,-7.563127154328533,0.25199305799108895,0.31479944507140084,-38.474175442890385,13.41158117806517,7.646540422465257,-2.778601259525696,-1.268991498315507,0.2835274244634011,-4.58976862534409,40.41321269476912
255805849,ULANGA,train,97.98555555555555,FUTURE_0_7D,MAPTM,76.06583137805886,27.19193071958401,1.223010864960004,2.869781289395101,8.891835409609639,5.820984641481084,0.6809791742850417,-1.4232146539252144,-12.051116780753125,3.3499561044360604,3.1655990662127524,-1.6273116910737753,-2.0127756957305154,0.5921821524925094,-1.019221917683843,40.41321269476912
255805866,MSC ELMA,train,52.16583333333333,FUTURE_0_7D,ITNAP,36.24354483530693,-12.48172611708293,2.7116478598584397,4.403147003696536,5.533762111284572,3.0476868280170346,0.83231407236875,0.5240741717476374,-13.887959281418452,1.8545006246201186,-0.6056266576002634,0.4511028267001974,1.7304966032515272,0.5750787932959472,1.141833301798701,40.41321269476912
255805951,INDI,train,20.465,FUTURE_0_7D,GR STN,27.82067821718477,-5.954386154558604,5.636797374387228,-0.08561038807712881,0.8323328012578088,-7.90502991246187,-0.009922841574291727,-1.6709006281849574,-15.725091404061253,2.7791672518549753,7.698202608484206,0.4070188329478874,1.3628400851115752,-0.5247867601791703,0.566834657469244,40.41321269476912
255805968,MSC LUNA F,train,21.861666666666668,FUTURE_0_7D,LYTIP,10.764403907058416,4.646886862600482,-4.6683131454757065,0.5868986419339721,-3.8506482936314623,-2.0027092710723586,0.6311275733876507,-0.9155497108303227,-27.102748414295974,-3.6179844388231683,5.202895665284676,3.0864015789392236,-1.2756336396668466,1.1123645911582547,-1.4817967872191147,40.41321269476912
255806044,BREB COURTESY,train,59.57388888888889,FUTURE_0_7D,ITRAN,52.73659443193585,-8.443823141592096,21.3642653328658,0.42307034450275416,-4.716799443242401,-6.488182271679179,0.7909480580665323,0.5205161662588424,-9.217942532747033,13.154243283639376,5.63963502513841,-2.7601300739808883,-0.6983081899269149,-0.6050458043258086,3.36093498418933,40.41321269476912
255806427,MAYAR,train,5.843055555555556,FUTURE_0_7D,ITGIT,22.548553150489973,-3.736964229318639,1.1452218453119107,4.732039166825173,-6.01616997491796,-7.393903618416972,-0.06395981442447946,6.872499449633128,-18.30139285544709,2.756998444112633,-0.05077785397733518,2.1989269504582016,0.8591099025624243,-0.1928449511620865,-0.6734420055180534,40.41321269476912
255915592,RACHEL BORCHARD,train,38.32833333333333,FUTURE_0_7D,FRMRS,34.10044716160985,-10.529740353437441,2.3554205027428905,5.4901869633399905,8.325525883281866,2.4389194036434545,0.7922366001366234,-0.39057354546706874,-12.515046831603573,-3.6451799047216378,-0.5385285796409711,2.7838715345119978,0.12992110592307624,-1.1581441864685569,0.14836587460009437,40.41321269476912
255915609,TRIPLE S,train,16.461666666666666,FUTURE_0_7D,MT MLA,15.397502376728937,6.408827240810826,5.368828167166241,-6.260383751283258,-0.647667759801023,-1.5810363881513756,-9.986411543750638,-2.2217768272310967,-25.94992144664446,4.193952113226382,7.4329005007373725,0.5961351200588276,-0.7040009751491796,-1.2202851215129435,-0.44486964651585975,40.41321269476912
255915693,SIDER ONDA,train,55.111666666666665,FUTURE_0_7D,ITRAN,53.63775571911332,-13.108968212489863,11.954977636582871,-2.121142739911045,4.318130787830005,-6.892572732394086,1.3252804334174082,0.65731750108508,-4.277197140515698,12.440235732519174,4.481521987791325,-2.8330655916544205,1.5027910704005114,6.31949075843876,-0.5422564667558167,40.41321269476912
255915737,GLOBE PEGASUS,train,-82.50583333333333,PAST_GT24H,AUGUSTA,10.536277944317696,7.4853012921714575,-5.38111714634071,-21.706263795339158,-0.9337773949986918,-2.0133101935536812,-0.12443414924670126,-1.1925346128246777,-24.74273249559873,4.3186421561868915,12.186100152617868,1.6112316692224848,1.643203231630448,0.3840597470797851,-1.4113032114580126,40.41321269476912
255915759,WHITE SKY,train,-566.8155555555555,PAST_GT24H,FOR ORDER,25.483032712508496,10.249677202243932,3.648924359757821,-0.19418211757768522,-3.4737165021500287,-2.3435670686907937,0.8031002083754765,-2.387755599753671,-25.827762301361112,1.9837213181550561,3.241622707075065,-0.455572395741021,1.5051477890038911,-1.7091173508207067,0.029299769223146574,40.41321269476912
255915798,MSC ROSSELLA III,train,72.305,FUTURE_0_7D,TRMER,62.843148853013034,11.285580059876056,10.084815309867787,3.7528491828037756,-2.6479936430214375,-1.1186605694420233,1.0070883524548813,0.6959289021052665,-6.3144303197773635,1.4241461807855338,2.643524246476574,-0.8060597914456782,1.6582097517352805,0.002882057370758917,0.7620564384545121,40.41321269476912
255915967,CLARABELLE,train,37.58972222222222,FUTURE_0_7D,ALIAGA,42.02135402640404,4.716825318759142,4.761926068705762,3.3511778833986585,-0.5328736447222986,-1.4061154432561853,1.2032534076193313,0.30616271474233975,-18.738941716221376,2.9343696289997934,6.798564680204477,0.16539909931228047,-0.9022797525633971,-0.42123908576349267,-0.6280878275801158,40.41321269476912
255916537,MSC BAHRAIN II,train,25.523611111111112,FUTURE_0_7D,EGAKI>ITCVV,34.47797012625451,-12.28361768716017,3.1076275231348562,4.164075811823134,3.662285166549615,2.615755914488804,1.371290934998942,0.10022557004494059,-15.931343534852575,3.815966150197531,0.9518431074150354,0.08151371253481499,1.6579423401570137,0.6028265475533621,0.14836587460009437,40.41321269476912
256049000,NEPTUNE THELISIS,train,46.69861111111111,FUTURE_0_7D,FRSET,40.609406803275974,-10.485413581716497,3.829075189100637,4.33478313559987,6.1959537008271806,3.1302271159607304,0.5023758698680971,0.22511336200574042,-12.325626364742627,3.275890605443286,0.7341765842997557,1.0175549184892332,-0.785564384830255,0.5795683557265551,-0.031920397524847086,40.41321269476912
256251000,CHEMICAL MARINER,train,59.871944444444445,FUTURE_0_7D,TR IZT,61.3523479694379,-2.933731108764543,9.11972439061204,8.880158073236077,-2.650744912342998,-0.5690847890926324,0.7909480580665323,1.0116835732751368,-3.580398423955275,5.084934820686996,2.7437941350384376,0.9301168903532234,-0.7920885957985538,0.34163567548584695,2.5621874878684965,40.41321269476912
256436000,ARTEMIS,train,26.4025,FUTURE_0_7D,ITMNP,-57.961373787851656,-8.660460323774027,4.337221200140705,-12.163316719036459,-13.747031846571232,-5.3919215498670985,-9.986411543750638,-1.8383135446959937,-19.13705050022746,-2.1858065678035157,4.813739170023347,0.7664590467826637,0.5785622125821208,-14.671084026629222,-21.089171489794005,40.41321269476912
256515000,HISTRIA GEMMA,train,-139.61027777777778,PAST_GT24H,ITSPA,-52.60254552990716,-9.296501810909586,-9.209567322550832,-22.86232627112401,4.449314383287957,-1.8149771286244483,1.6587320722387957,-0.5201498236387236,-20.583855839624505,-1.6798909599396366,-20.475108068366612,-1.379142519820245,-2.269091267767071,-2.8678633717261715,-6.1653302961111764,40.41321269476912
256714000,MED NORDIC,train,44.43416666666667,FUTURE_0_7D,ITGOA,30.854834174036327,-10.95602530872336,3.465879404969135,3.71411568397603,2.834648839542641,2.707166715435407,0.8959905018159672,0.1712619884750303,-16.027829575294547,0.9056239531539053,0.7163185319935841,1.1376376174569618,-0.5340168043742244,0.8880690166305114,0.5227809142101667,40.41321269476912
256885000,BARBARICA,train,46.40472222222222,FUTURE_0_7D,ITGOA,30.381785144554893,-10.355803567576675,-0.32515077836694817,3.4806788361819843,3.192011702380897,4.747941617452873,0.32386466758428656,-0.6669569033360371,-15.728864558626787,2.2772565057070264,0.22924899033236243,0.11075253683483875,1.0620181509702196,0.8946865997959901,0.7268886504517481,40.41321269476912
256891000,AMISOS,train,-0.9938888888888889,PAST_LT1H,ITAUG,18.108648908031874,-6.873238709187933,-3.0700410544038865,-1.1396785773717037,-2.562964557277892,-7.266502423967514,0.41498727899930177,-1.2041042739682022,-17.072883017608188,3.648723449902849,9.460562814778196,0.5910556869351841,-1.465838906835538,0.6951615828926532,3.5401969203754238,40.41321269476912
257824000,AUTO WAY,train,121.1986111111111,FUTURE_0_7D,ESVGO,81.56186100859999,24.533706672215565,-0.8969263072905093,0.6268274473621742,3.944986311947799,5.166888205516508,0.9012864553011862,-0.7901155517083153,-9.199523984977365,4.436277373527739,5.0125544101527515,6.536118368620577,0.4282680161929212,1.4680548866627654,-1.0197539896929242,40.41321269476912
268251804,LADY SHAM,train,70.67194444444445,FUTURE_0_7D,ITVCE,49.214224931813696,-8.201192069909228,17.825743722036044,-0.15420835435412605,-4.317845553206924,-6.495449562026291,0.7010531450532458,-1.6301231850438855,-6.386376207673548,4.058229658759743,7.256826095025189,3.665109294439581,-0.046702397564241216,-0.7098410780794931,3.2357887295885046,40.41321269476912
271000677,VENTO DI MELTEMI,train,60.91972222222222,FUTURE_0_7D,LBBEY,43.15461351541112,-9.597365127571663,20.22170147488584,2.8326851736138465,-1.3865150972320097,-6.488680860176263,0.9213604260693903,-1.638681797409201,-13.758915422667874,8.502348314760605,4.928732445278313,0.3013732846426376,-1.2165140423448892,0.661963420080799,-1.5420913712875388,40.41321269476912
271000748,ARTEMIS SEAWAYS,train,35.147777777777776,FUTURE_0_7D,FRSET,36.910669001310374,-10.361549189163654,3.2068206028016237,4.311424776604099,9.211564102652375,2.207636790166914,-1.4363823143837617,-0.5247989260062237,-13.496562306078424,-1.9654449775492924,-0.7938225862987693,3.09409180587112,1.364935368127966,0.8344555815800461,0.8450875782172427,40.41321269476912
271040948,GALATA SEAWAYS,train,37.880833333333335,FUTURE_0_7D,FRSET,37.1475468894394,-9.602235324770538,3.0409960527799385,4.585838940119665,9.00923142170409,2.2804455111708806,0.5023758698680971,-0.5247989260062237,-13.520193667854436,-1.7430878415277848,-0.8580208617240515,2.9929020836353852,-1.0647895364040605,0.8344555815800461,0.8012148920992788,40.41321269476912
271044383,GULLUK,train,67.055,FUTURE_0_7D,ESCAS,5.323184569344761,-4.4709312930888565,-10.515943550032642,3.719968589549445,5.275216742306505,7.0096586759702015,0.7708740872983283,0.6561585370023227,-37.62413626047712,4.346027988849893,1.9800922393376803,-1.3808157655181568,-2.0302009344080822,0.3342027058934245,-3.160199888107306,40.41321269476912
271051063,ULUC KA,train,8.886388888888888,FUTURE_0_7D,MTMAR,20.42500326288236,-2.190846613694163,-0.4378647032112961,-1.9400146848174806,-2.7572449459885067,-7.53338280936636,0.6311275733876507,-1.2436912338358086,-18.486632071651645,0.8912887572535232,10.538651225978043,0.7939562606138089,-1.8764082104710043,-0.11218439398612051,3.735036417902588,40.41321269476912
271051219,MED URLA,train,5.891666666666667,FUTURE_0_7D,ITGIT,27.061821258114293,-3.7657121969938214,-0.22761770955469623,0.6939993833922569,-5.2371439232879275,-7.354795222527564,-0.009922841574291727,7.3936987878500835,-17.472750796659902,2.220819559223482,5.605171557055995,0.38534861477399873,0.6244861972454558,-0.04237222990760797,3.835399384309711,40.41321269476912
273271070,ANTARES,train,328.8072222222222,FUTURE_7_14D,FOR ORDERS,89.0732705287028,23.325823349023775,-0.7616993225292954,2.4185741378205265,8.967420448031787,6.086478715643502,0.9059234776033954,0.5879775719904595,-9.232032738130524,2.874784096931116,5.697562978424082,6.366614690921102,0.986141188699944,1.3317129777097063,-0.8952237382058825,40.41321269476912
273276260,VESNA,train,78.95194444444445,FUTURE_0_7D,GIBRALTAR FOR ORDER,82.337354837206,23.40864798349682,-0.6002004842850677,2.598625540664587,8.321064711189981,5.678479170197189,0.7708740872983283,0.5879775719904595,-8.42082021901201,2.177020887120823,5.694507862351114,3.989936579573871,0.5455257308594562,-1.9114144820176198,-0.9160827969910672,40.41321269476912
273277260,KLEVER,train,322.3691666666667,FUTURE_7_14D,RUMKK,85.64414585902709,9.337286776113274,4.648424822102737,3.493415106053043,8.867410796080245,5.020514205278236,0.7708740872983283,0.21271043234460632,-3.2614582498493307,3.0575647744314467,5.674958578703754,6.076797890532114,0.3860973147193163,1.3317129777097063,-0.38537634725951164,40.41321269476912
273277840,TRIUMF,train,314.25805555555553,FUTURE_7_14D,FOR ORDERS,94.5390631787067,25.104817868937307,0.8998083372009028,5.283033513889529,9.554783099395006,6.729835760878632,0.7708740872983283,0.07169234794272815,-8.940311428909784,2.8517386530700404,4.907427980965717,8.283753367211455,-1.8650034047104032,1.439633272833592,-0.9662329720654663,40.41321269476912
275488000,MOONRAY,train,71.39277777777778,FUTURE_0_7D,FR FOS,-15.605557480727569,-17.211094018370606,-10.919918828232527,0.05840053123554097,-2.7113653333348937,-1.2970486729701245,-2.39956463436465,1.0671990640115157,-31.122724948691943,4.279784116788232,2.403399719445857,4.297783711734499,-0.461364699698552,0.08024595860866807,-2.0825021416577143,40.41321269476912
275497000,EURICA,train,102.3086111111111,FUTURE_0_7D,TRGEM,63.25606908547472,12.27487914609196,4.815043662144671,-1.4457183243052276,-3.82336943558796,-1.45887908554013,-3.9521098914629893,0.513541215878382,2.1364760966317,3.54541333051334,6.670760620445063,2.169857366144018,-0.9746739410670295,1.6481864774220418,0.7234491533977705,40.41321269476912
304204000,AK ANA,train,57.4575,FUTURE_0_7D,TRCKZ,55.96125210484793,5.994133083154218,3.757573160425622,3.7978263653757005,-4.034858021399607,-1.512890639410932,0.7010531450532458,-0.053229064195943226,-4.855327741578632,0.9735008192876718,7.177755268318476,5.22492168064138,-0.9453225076628036,-0.5513088138520914,-0.12578732407749435,40.41321269476912
304578000,GULF ANGEL,train,25.587777777777777,FUTURE_0_7D,GR GPA,30.165072839084615,-6.899259522916602,3.957327342417881,-5.805833449416931,8.997662895877646,-1.840081304721054,-0.009922841574291727,-1.696436368309771,-14.686940589438997,2.754038481646614,2.3128882239850084,0.6928555412282011,1.3428713901050777,5.03514799686209,-4.4024576514293745,40.41321269476912
304610000,BBC DUBAI,train,65.35916666666667,FUTURE_0_7D,GI GIB,-7.073379188688065,-8.787816125034809,-18.92450731377993,4.2834383208141045,-2.63956589472501,-1.9978348736139737,0.7010531450532458,-2.4873949808191416,-34.7031346103562,3.7635705979495664,5.321660673959118,12.377722564057406,-0.4132125967519495,-0.8434262552589598,-3.137144534950643,40.41321269476912
304785000,ELENA,train,103.85638888888889,FUTURE_0_7D,ITCHI,41.201393695976456,-10.04458521104851,18.696617305328434,-9.36236676062731,-0.3511190989123505,-7.204457530023198,0.25199305799108895,1.0047971917219847,-5.731952315528365,3.6931766179062944,8.8468152993514,0.48510266801186186,0.5696823327127155,0.01572636937921864,-0.08124892505591619,40.41321269476912
305690000,BBC LONDON,train,51.460277777777776,FUTURE_0_7D,ITSVN,60.981794773685024,16.250198639285696,1.6778353869256724,-5.81972567062827,-2.606870167226712,-1.7861088064608208,0.25199305799108895,0.9259790227965039,-2.3976897213597903,1.8611994625707153,4.83909447079981,2.6863196071341777,1.5174286767494356,-0.46307614402666014,3.6320042643650625,40.41321269476912
305715000,HADELAND,train,320.2963888888889,FUTURE_7_14D,PLSZZ,90.45914483945239,10.320241641202253,5.541304173430884,3.7757748048753546,9.743011669674644,5.770521855559917,0.9059234776033954,0.4594609150841788,-3.1103012135246564,5.308734331084654,5.598587741105859,5.083354203673141,-0.2970180855365364,1.3317129777097063,-0.38537634725951164,40.41321269476912
308628000,SILVER SHADOW,train,2.0980555555555553,FUTURE_0_7D,ITMSN,24.85563097377138,-11.493172731769295,-0.3813586887819911,3.8325563569932446,2.905078286414827,3.0992459242300847,-0.1010454529893069,-0.09100873259452189,-13.762668417212987,-2.6923500280607042,-0.772765001471041,2.619464011325666,0.6073337150559497,1.085872766937376,-0.41276372907503467,40.41321269476912
309467000,FRI OCEAN,train,52.2075,FUTURE_0_7D,ITSPE,54.05224748697073,-16.735766128921007,9.683567133098316,-0.09636433435859641,11.098285239571137,-3.7013305140852846,-3.837134471926126,-0.4048519149895196,-5.443619683262814,12.085741715173727,4.26629294996383,-2.3506475320446416,0.7105622449584756,10.255398059128591,-1.8910979701044799,40.41321269476912
310610000,AZURA,train,-786.1441666666667,PAST_GT24H,HRDBV>MTMLA,35.931404644241184,3.2523729682714957,3.595096557897565,3.121323143851508,-0.4317085858779697,-7.136658171363385,0.8123105709048275,0.08160125549226395,-14.095861219538017,-1.299762933985209,5.347841845009951,3.1349615377418845,-1.1760013343968918,0.7009454521256246,-0.38826913666157353,40.41321269476912
310772000,GASLOG HOUSTON,train,360.72333333333336,FUTURE_14_30D,USCMU,64.87029997230144,26.409470374937555,3.4098593012354366,0.7902156656579782,-2.6331450241946692,8.424180164738244,2.024527239052911,0.708709968178247,-16.00609804130989,0.936324515586543,3.4073897079775675,-0.9764808865139822,0.7860535836595518,-1.6597875302076475,-1.1641317612655349,40.41321269476912
310841000,SUN PRINCESS,train,22.386666666666667,FUTURE_0_7D,GR CHQ,34.3884252010855,-0.06975956737448019,3.967613781244722,2.9322308687921774,0.2654187704913048,-7.0839928669377965,0.4050645893363951,0.08422363606774476,-12.337220426951475,-2.8393621664325215,4.555117390092869,2.8495928837708053,0.9562526399741215,0.7156212202495592,-0.42558824600703804,40.41321269476912
311000231,ANTARES,train,-125.62722222222222,PAST_GT24H,IT SPA,-64.0434630450453,-5.044797028346257,-8.733029633984463,-20.924507877171038,-8.211424221004009,-2.5218594211544834,1.7498546836538107,-2.9690023423756404,-27.009115211854816,0.2821477207163964,-17.65903724950415,-0.055655309641005915,-2.5440132872175862,-1.5552755770427344,-9.260960984888419,40.41321269476912
311000451,SYDNEY SPIRIT,train,-434.63444444444445,PAST_GT24H,ITSPA,-60.18417769846171,-6.411195820694098,-8.733029633984463,-20.37314929448528,-0.26069261698665264,-2.5218594211544834,1.9659949780421597,-0.2598030007319175,-18.439607052322895,-6.299550913910536,-27.053330806733893,-0.9755438511659128,-2.6140711686458094,-2.5040218375060994,-6.117529952950928,40.41321269476912
311000516,PRIMERO,train,43.09388888888889,FUTURE_0_7D,LYESI>HROMI,-20.36969604153552,-6.684969629679689,6.3696038423160815,7.1055449321971045,-16.84436687511544,-6.894549130224832,1.289503905842563,-6.093955616709287,-27.808019274817248,-4.028793230889802,-7.9697378733315105,1.4257539016489498,-0.7318627285590728,0.41710167441710044,-0.33416263339956165,40.41321269476912
311000621,KEDROS,train,60.98861111111111,FUTURE_0_7D,KOPER,53.73911425176502,-8.457520218726625,12.067105346519295,5.076335263376519,-1.2674645146116639,-6.7907098257882685,1.0070883524548813,1.041474162276115,-7.289906353061443,12.732328050719046,4.440171954940199,-3.010763036756635,-1.1034653850715601,1.5463342644299065,3.334893496296128,40.41321269476912
311001060,LADY DIMINE,train,5.451666666666667,FUTURE_0_7D,MALTA,58.86485686329821,7.723272798198838,8.83901752821126,3.8590932996438516,-1.5454608883341145,-1.9742576631110027,1.5214454885818582,0.1944272525447088,-21.315567446083776,5.037855520048115,12.394760007079418,1.5671941389405184,2.0893217027991966,0.6926007438481088,-0.6320583138378905,40.41321269476912
311001144,UNITY MOON,train,103.04972222222223,FUTURE_0_7D,GIGIB 0004,-4.846759264082138,-24.24888581993877,4.648703628213478,26.370017602304106,3.529719153627756,4.307859700586237,0.9059234776033954,0.14012930578991079,-5.0447305219932375,0.6653587825346696,-57.10455626923915,-1.0472456570976145,-0.19679197805739862,1.774359497197249,0.04016713961811727,40.41321269476912
311085000,STAR LEGEND,train,10.553611111111111,FUTURE_0_7D,IT CRV,20.34760353914541,-6.2280544782598195,4.159183881325074,3.4668227589758587,-0.550591257500055,-7.168778060166304,-0.009922841574291727,-1.3526262311238957,-13.395091055897518,-4.036354367487018,5.77228139198184,-0.30410657348738374,-2.0781052642960924,0.8574931012113307,0.8022398406745577,40.41321269476912
312120000,NS ARLECCHINO,train,17.4525,FUTURE_0_7D,IT TRI,11.708860651143532,-3.704260087741813,-0.34479393522492535,1.5845842108710124,-4.0012086961232605,-6.6226265896571,-3.6948072044598965,12.77427049791829,-18.1258969051928,-6.314141400846093,-1.3118019248583073,1.2189097732527274,-2.2474470835673594,1.7013569072452026,0.38351039475872606,40.41321269476912
314001113,C. ATLAS,train,272.90972222222223,FUTURE_7_14D,GB PTB,84.68516015958922,28.006727419795634,-0.9179801085295514,1.2109123045023014,5.611934330035287,4.666621759606521,0.36696847752795203,0.5146689171138235,-7.580635238851979,4.548454718417835,5.235986858169519,1.6720183517783584,0.9695325727248698,0.5746542476865717,-0.6079171451570555,40.41321269476912
314432000,TC GLORY,train,38.3425,FUTURE_0_7D,ITPNG,32.00560538928843,-6.2844018843321,4.339084146808409,0.9465365168264076,-0.9786838995849083,-7.028879360620554,0.5622029926573888,0.4750589670241714,-14.792110016187344,1.8927025075458572,7.026795890326551,1.195991222629314,0.5559941544779833,-0.04237222990760797,3.7244736868557378,40.41321269476912
314496000,BERKAY N,train,59.729166666666664,FUTURE_0_7D,ITRAN,52.366828160890776,-12.632354907922933,18.753151549023396,-1.9714804461102995,8.822631910241274,-6.7907098257882685,1.0070883524548813,1.0320451817315937,-6.627774350132273,2.507212466566071,6.0020833444012585,2.162505678896138,-0.9917737729100962,5.721714358672655,-5.040724073001723,40.41321269476912
314509000,OTHRYS,train,4.225,FUTURE_0_7D,MTMLA,20.058039540192464,3.2162764775678965,-2.3137492320906516,3.714685492579495,-2.95161180408456,-2.0994580382321884,-0.009922841574291727,-0.6957481433368448,-18.726570819101266,-5.197475556444009,3.749421126033049,3.8587880367162364,-1.782185437135284,-1.2512747414667822,0.13365232599253857,40.41321269476912
314900000,GOLDEN EMAN,train,94.14194444444445,FUTURE_0_7D,ROCND,60.8637486806543,-1.7683000334568406,8.049894731859606,6.348751681698391,-2.376111875502117,-1.647405918258215,0.25199305799108895,1.0539262664756943,-1.6104848754112648,3.203524610141906,1.5209782641405691,2.3754969460765127,1.366423932863799,0.38978713469525683,3.292062062570787,40.41321269476912
319076100,EQUINOX EAGLE,train,17.376666666666665,FUTURE_0_7D,IT TAR,30.467908602714083,-5.565129454651827,4.242922419053072,4.437537512939131,-7.543458180406892,-9.682021286643256,0.6311275733876507,-2.137503842106356,-17.406329722060196,2.9115948071943816,10.779763423462622,5.894643428439075,-0.042512593292259135,3.41070716709831,0.1233546555315132,40.41321269476912
319301000,KEY WIND,train,87.42138888888888,FUTURE_0_7D,TOROS GABRE,65.03791098235496,8.484550125762022,6.988130632693327,3.7158778122607705,-2.8130149014485384,-0.019330856193914517,0.7909480580665323,1.1379754699305589,-3.5700430485699304,1.5970952377886891,5.3102443335049205,1.838477629115554,-1.0348087839418392,1.8300753049991625,0.3685212736185135,40.41321269476912
338619000,ALLIANCE NORFOLK,train,50.75805555555556,FUTURE_0_7D,EGPSD,58.18671127491839,7.906381554322931,5.513498698544395,-0.3476924003534213,-3.0036555974115586,-1.5896532311983922,1.8083869446645622,0.20159707459412177,-2.328219059313227,2.912781492511681,4.540630778217842,3.886548482223777,-0.7674512556649633,-0.7043967785428503,-0.2552581224456352,40.41321269476912
351656000,METIN DADAYLI,train,91.7725,FUTURE_0_7D,ROCND,54.45315260918591,-9.155902239632276,19.192249909440335,5.5710834192674366,-1.8324114724569185,-7.042455460431675,0.25199305799108895,0.891679478223783,-5.819453996179766,2.7640918739357896,7.198281764275365,3.994916236084551,-0.9217158914818726,-0.22351533601183945,-0.8289014286072008,40.41321269476912
352001323,MSC AUBE F,train,18.59,FUTURE_0_7D,ITNAP,25.99596251223257,-14.624479454465916,2.1965969950189184,3.97804720392845,4.141050798646354,2.5855697844682077,1.3496726000984975,-0.05283697420364891,-18.05299816995176,-2.7582184851831926,-0.7089404855860493,5.783612483983669,0.42985240086759113,1.3776758513618672,-0.06185473151953639,40.41321269476912
352001352,JC NATURE,train,81.38055555555556,FUTURE_0_7D,GIBRALTAR,90.28296705560953,24.58749229787154,-1.3708116264371941,4.318180854530687,9.697764488216153,6.3114285505840915,-1.457744827222057,0.5337808317887801,-9.045119137691266,4.7427894591036335,5.654140306956239,3.6192745724201143,1.7245943459449065,1.4700670417658463,-0.9160827969910672,40.41321269476912
352002243,ANIKA,train,303.2316666666667,FUTURE_7_14D,BALTIC SEA FOR ORDER,89.17993029156231,23.303147972642464,-1.3317951837807895,4.624784185664484,9.497876178819995,6.409701700487688,0.9059234776033954,0.38235696689292414,-9.275389247233349,2.7460741052119935,5.514695305048021,4.895194473279958,0.986141188699944,1.2551513388672368,-1.1471448654107699,40.41321269476912
352002310,LADY MERAL,train,104.6475,FUTURE_0_7D,MACAS,12.212547390416432,-8.700795882170933,-18.785267323002266,4.431644004336381,5.652621409407676,5.206642671587939,0.7708740872983283,0.7652503440842423,-37.0215268137682,4.403693424968983,3.872641826843759,13.411723607763609,-0.5615965112618102,1.6428194777182015,-3.2893896281586037,40.41321269476912
352003272,TRANS FJORD,train,53.69888888888889,FUTURE_0_7D,ESBCN,86.38880911190236,24.872401751292895,-1.7156459404153015,4.134688794899533,9.337672351485063,7.140657820478626,0.7708740872983283,-0.7516620276708456,-10.827186233173872,-0.7115446233145473,4.726017223992417,7.837490998793553,-0.8022299604284706,2.50195886622808,-0.5378966923321986,40.41321269476912
352004307,XIN YONG CHANG 19,train,111.59333333333333,FUTURE_0_7D,GIGIB,75.73897076170705,7.132852543264376,2.640400166929936,3.546216182507448,8.793407741166366,5.115606453479755,0.9059234776033954,0.40917618115676796,-1.8864571226215958,2.8548195718060785,4.298602388698708,2.7841272500648944,-0.2804094695614623,-2.600409387763248,1.6119020902065138,40.41321269476912
352004590,ORIONI,train,71.56416666666667,FUTURE_0_7D,LB SEL,64.82781564659041,5.95582235727122,4.758747653780803,3.7909386835430174,-2.7277922139779833,-1.404180685581523,1.0070883524548813,1.1493236620058742,-0.7555631948850656,3.5598220723944385,5.543301154192541,2.7070208288272735,-0.10427898281251063,-0.9843081936358744,1.918661458244199,40.41321269476912
352004593,SHEN MI,train,274.72055555555556,FUTURE_7_14D,BALTIC SEA FOR ORDER,81.6813900243304,24.104584685423728,-2.161815202319691,3.879293680281619,10.443966209164083,6.081803274854378,0.2770735645146655,-1.314636052568336,-8.713504993934949,-1.3669417661246255,4.584599445147956,5.281660829947201,-1.2337738774429232,2.1336135508370915,-0.7277460182189082,40.41321269476912
352004690,GREEN NAGOYA,train,533.3925,FUTURE_14_30D,P P URUGUAY,89.14728922836328,11.622715742474343,0.5801368189960993,4.650058417327306,9.686025853904596,6.064512693950243,0.9059234776033954,0.5779069017375916,-4.7672988355934605,3.3542103575470263,5.527296272669402,3.638632516231488,0.9695325727248698,1.2551513388672368,4.669272405154036,40.41321269476912
352004810,PASCO STAR,train,74.85194444444444,FUTURE_0_7D,GI GIB,83.99028161600842,24.78224556363423,-0.9411761493979174,3.8012308416095104,5.505235099904139,14.474002006645296,0.8160285645901089,-0.587191314817237,-13.348226267300724,-0.3136797243942871,3.744558446011853,5.455269757883492,1.734076946219264,-0.39815998393766994,-1.1471448654107699,40.41321269476912
352005357,SWIFT GALAXY,train,250.3113888888889,FUTURE_7_14D,SKAGEN,89.88771106845535,24.798017877699326,-0.17631334111563862,3.940361398602182,9.34242468811971,14.867460171273914,0.9059234776033954,-0.42833165035989035,-12.966801984249672,-1.1726580891314053,5.192081474122163,5.0455778219627385,1.6002106155776545,-0.4858299835585213,-0.9876241028597321,40.41321269476912
352005660,MH HOTAKA,train,84.285,FUTURE_0_7D,GIBRALTAR FOR ORDERS,76.64220080066517,22.647841333915892,-0.004967713931091355,4.168295156307512,-0.6973600192348113,4.291596441345234,0.9059234776033954,0.6952179186483403,-7.38296562113366,2.815599024530353,5.379127978147179,3.187940034280768,0.9695325727248698,-0.43844706826890156,-0.3083454090390335,40.41321269476912
352006086,ACQUA STELLA,train,74.67333333333333,FUTURE_0_7D,TRTEK,61.53876592289928,8.690831898805838,5.382136749433395,1.143964133499691,-3.65745346983956,-0.019330856193914517,0.7909480580665323,1.2401707849193222,-2.1714440706252196,-1.777957432651086,5.219800217722802,3.0430890858040094,-1.0348087839418392,3.552157759732423,0.7234491533977705,40.41321269476912
352506000,PRIME ACE,train,640.1088888888889,FUTURE_14_30D,SGSIN PEBGA,62.19799243910376,25.121393619343536,-2.2608225932634856,0.9926864821263552,-2.798749990368364,-2.522782815185862,1.1375007204577392,0.5482063649327025,-7.948956723389715,3.2923109290356396,4.271971809575748,2.207593025018673,1.447370795321212,-0.7767655643223635,-0.9261763149471739,40.41321269476912
352604000,GENEVA STAR,train,70.13944444444445,FUTURE_0_7D,EG EDK,66.8243454392152,8.533486530865067,7.316807063774221,4.132422124555336,-5.03990787855976,-1.2899163464002565,1.0070883524548813,0.8821406110766815,-2.230778405426872,4.2866177684436915,5.230703669877452,2.483696750255031,1.3045509951561465,0.35610551403977375,-0.5618840056653142,40.41321269476912
354562000,CANKA,train,58.29972222222222,FUTURE_0_7D,TRAMR,60.95724846757887,-4.229460701902515,19.039783310709627,7.648654086766628,-2.691325791219472,-1.2284075818421059,-3.9521098914629893,0.4266173187543406,-4.71293517056095,3.321841171041549,5.241965054366786,3.465480203397597,-0.3816459412947726,-0.3374554195238425,-1.0669648744201254,40.41321269476912
355860000,SAKIZAYA WISDOM,train,57.43638888888889,FUTURE_0_7D,ITVCE,54.27103012683669,-8.862827613039252,18.37660680439771,4.512330667569882,-5.41145760111182,-6.145484175305153,1.0070883524548813,1.0269201951342688,-5.984168813925322,4.428402932227511,6.907669110659734,4.034712474508904,-0.9917737729100962,-0.03278672695044444,0.9925855983567763,40.41321269476912
356680000,ZHENG RUN,train,75.55444444444444,FUTURE_0_7D,ISKENDERUN,63.45413437343582,9.113593975231947,7.109988668713034,3.62807361178152,-3.6119410042090987,-1.4259834977255634,0.9171934394415947,0.06497937050357337,-2.3914982114653918,3.472317962698579,5.934118652823224,1.7088684529258606,-1.0153803890910271,-0.04720910660113744,-0.41620024636041475,40.41321269476912
356755000,DUCHESS ROSARIO,train,90.58361111111111,FUTURE_0_7D,GIBRALTAR,89.43579033616402,24.331895456051534,-1.5407229582810709,4.408822264829711,9.612833921238042,5.869400925446875,0.9059234776033954,0.5237395017831156,-8.406863518002726,4.570935728070119,5.382245341979208,3.6184733565933516,-1.4409965628449894,2.1698328770485347,-0.9829421701202052,40.41321269476912
356794000,VON ADLER,train,11.739166666666666,FUTURE_0_7D,MTMLA,17.595701193247457,-4.949711469235154,-0.908930939297962,-1.97586714342915,-2.1471047828585994,-7.324605539359882,-3.6948072044598965,4.295987670075676,-18.631732232792885,2.1915071123037655,6.92613335086018,1.5639514597948647,-1.565944668926007,-0.2550825699403833,3.658695455743767,40.41321269476912
357463000,EVER GRADE,train,50.909166666666664,FUTURE_0_7D,GRPIR>>>ITGOA,55.96857498769416,-16.553476342703433,15.487525786159955,1.1764747891419631,7.844938616591553,3.6833477948129025,0.6809791742850417,-1.0293932619390957,-6.014374166661415,3.856761813393781,-0.07814297953661842,4.416914675705608,0.07677473032551603,1.9587785791068555,0.04825308424242786,40.41321269476912
357983000,GRAND RACE,train,44.8425,FUTURE_0_7D,ES VLC,52.66336693764897,6.828515850182677,-0.5201683622026456,3.0418322362285495,6.653909705488284,4.5957493872474915,0.5631116701376535,-2.0241555639382187,-18.834076258039353,3.104859789459093,3.2782189015014898,0.4631913509315462,0.8100702267642075,-2.5270722102415455,6.816167519360623,40.41321269476912
372119000,BREEZE,train,66.61888888888889,FUTURE_0_7D,PORT SAID,65.21661830158388,7.848072264001193,6.351054162570739,4.247660694654901,-5.129199391945371,-0.7924487713340621,1.0070883524548813,0.8300573177880303,-2.729421830631297,3.8651686290174427,5.984954825512172,3.8401349084845697,-0.22153669747904564,0.35610551403977375,-0.6542843703191639,40.41321269476912
372668000,GAZ FRATERNITY,train,59.96388888888889,FUTURE_0_7D,DZAZW,81.29821993840488,10.461531366295421,3.993321431929279,3.7258087080185387,8.05647526468768,14.72135112557623,-1.457744827222057,-0.6927807629725741,-7.077076728237272,-2.2696145682571482,5.169477074401837,5.706893962492225,1.5013971822484018,-0.45539621462626706,-0.4986357706985459,40.41321269476912
373026000,ORIENTAL COSMOS,train,-36.782222222222224,PAST_GT24H,ITAUG,-55.07230506771366,-6.473289612115136,-12.712999883288784,-24.066872699800474,-9.57764421570216,-2.7055775097785517,0.08467083138500578,-4.538271810925185,-20.086923160671017,-0.14688124950701853,-10.527517928420826,-1.7226196185337976,-0.25545750266525735,-1.4387518901172054,-1.3173815123423789,40.41321269476912
373808000,SK AUDACE,train,18.75611111111111,FUTURE_0_7D,FOR ORDERS,48.153906911834646,5.613709598710619,3.7248780490663953,0.41320911125948,-3.2046770631959163,-1.4883168408562792,1.1375007204577392,-3.1555748040054166,-1.3253455786462123,1.2542747329605737,2.3438615479323,2.6888317718659196,-0.0876703668374365,-1.1675764091003036,0.9935897474540687,40.41321269476912
374194000,NORTH STAR 1,train,-2439.3480555555557,PAST_GT24H,ORDER,30.30325065565789,4.2700838483235595,4.5241797735018805,-2.1312472127496327,-1.1333491931695407,-1.1005261271426805,0.5622029926573888,0.3659359386328366,-16.32184736760453,-3.7543838632448607,3.936014340056179,0.9869473228793645,-0.7613094253879182,0.9909359897509245,-0.543599055614195,40.41321269476912
376304000,AV,train,45.8775,FUTURE_0_7D,HRZAD,-12.888395407074285,-6.185851689582762,4.302692760377331,-0.3720344750953001,-19.051988500414268,-1.1112205386253042,0.5622029926573888,-5.961941605259499,-28.36841310892899,3.7821865725088637,-5.32610227788901,0.0765779345844988,-0.10170794716945433,-0.04237222990760797,4.496364010900715,40.41321269476912
403532001,BAHRI YANBU,train,51.76972222222222,FUTURE_0_7D,EG PSD,63.54611216480528,5.667788841151706,4.0770713581393,3.442914251416489,-5.1281929093631575,-1.4383894952479928,0.7909480580665323,0.3543558560861499,-0.18844519578400776,4.015068979675848,5.457004711180869,4.310512756909379,-0.9453225076628036,1.114345123376482,1.603239642091369,40.41321269476912
428002000,ZIM VIRGINIA,train,81.04722222222222,FUTURE_0_7D,DAMIETTA,64.59432511738454,8.065840815394253,6.466534015905085,3.6280610384353422,-3.094546616961932,-2.128011370921135,1.0070883524548813,0.8245380379168333,-2.1163666400355967,3.3303085164126727,4.5996141450564245,3.551420250582678,1.2879423791810722,-0.6585674363546521,-0.5827430644504988,40.41321269476912
431048000,ENERGY INNOVATOR,train,426.02972222222223,FUTURE_14_30D,FOR ORDERS,105.87118245048906,23.599533982107427,1.6670313895188218,4.938474760796583,11.762873097480197,6.279721878898884,2.797728241788935,1.2877409534761464,-9.09715973379018,1.6904856258609138,5.683495026428827,8.612525035130119,5.691109963395551,1.439633272833592,-0.8952237382058825,40.41321269476912
431476000,TETHYS HIGHWAY,train,49.283611111111114,FUTURE_0_7D,TR DRC,57.29314693311022,8.47959449441094,4.816144436292008,0.07425669324898315,-3.293474830601425,-1.539190080477505,2.024527239052911,0.5551500576547932,-3.1600902939128157,3.225831119940876,5.1520849130714685,2.8034537817223453,-1.0153803890910271,-0.6603585161603399,-0.5826143868101106,40.41321269476912
440252000,GLOVIS SYMPHONY,train,33.715833333333336,FUTURE_0_7D,TRDRC,35.78301407324241,6.840434764603855,-0.1648376299327452,1.1382463935617744,-3.3228643196798004,-1.4014798643485633,2.024527239052911,0.5218604999539898,-14.127371711073142,2.1539219163065115,5.174695353430979,-1.3444011898396027,-1.1925041135153656,-0.8896125149967649,-0.04081344505074738,40.41321269476912
461000256,PRIMAVERA,train,391.84805555555556,FUTURE_14_30D,FOR ORDER,85.4942671018009,7.816866191633867,2.5736146688791997,4.43361843357283,12.16027157323419,5.543000199477021,1.4902014621440203,0.3560524864232577,-13.863058374213152,2.529063792083423,8.341591774219562,8.199315892947997,-0.2500966646210789,5.608491123180821,0.1421218480698146,40.41321269476912
461000284,BARQ,train,334.89,FUTURE_7_14D,FOR ORDER,73.52326395855746,8.812922275241657,5.448103140839539,7.020643941221804,6.456092047626704,3.252570649685494,1.4902014621440203,1.336203644341737,-17.29998073813545,3.4750297537017953,6.273356233572581,7.784500532719792,0.8570255775001874,-2.353790476185815,0.5571732195143038,40.41321269476912
477630800,JOSCO LANZHOU,train,98.55222222222223,FUTURE_0_7D,ES ALG,76.07281574110102,12.224711685016393,5.076863273257652,3.443732305257444,8.781054449937184,5.304653682782136,0.7708740872983283,0.2649257469358492,-6.290724285901057,5.0647974038571855,4.419763428131595,-1.0565873999586646,-1.602027372702739,-0.4972693530898809,-0.2451646044895285,40.41321269476912
477856500,JIN CHAO,train,3.5855555555555556,FUTURE_0_7D,MALTA,54.968010017630704,7.821951830532742,2.1787387931251785,4.301441760826141,-2.6186166213167437,1.7445870447950709,0.41498727899930177,-2.3214256397303,-22.608518672779535,4.542768012902162,11.057613031782209,1.8778163037465303,1.4581924382679112,0.21061530210701185,6.494646459603903,40.41321269476912
477963900,GOLDEN SAPLING,train,3.0555555555555554,FUTURE_0_7D,MALTA,39.22925541269703,0.4475263460098913,-3.6751399140628904,5.74342776053731,7.008301934417401,5.086949829590159,0.6771784121942519,-0.02140028932020023,-28.571721089839574,2.8347153514626804,6.120051878387378,0.6209029240595285,-0.19682590787792098,4.522901931862751,-1.7808264494928492,40.41321269476912
511100560,SAFFET AGA,train,14.895,FUTURE_0_7D,ITNAP,31.73628431686432,-15.697601024968346,4.270226047529801,-7.004483811729004,14.493194012209507,2.325749577197673,-1.6864898926312004,-0.11979380350324732,-17.189026796923418,3.6605115106760224,0.6879312271131118,0.7461454795397916,1.4353272239687058,10.815154406588936,-5.413772532973123,40.41321269476912
538001657,SUNBELT SPIRIT,train,15.0325,FUTURE_0_7D,GR AST,30.648673890126076,-5.068334089970454,4.560755602066496,3.236117876330742,-1.5557727481563357,-7.862251621798178,0.6642765449891394,-1.9060740015012916,-12.21804337062126,2.6742107771050723,6.290100233109491,0.9265829629310214,1.2002592455823407,-0.2807784413666553,-0.4255877733431781,40.41321269476912
538002883,TEQUILA,train,79.47305555555556,FUTURE_0_7D,TR ISK,64.83898738708123,7.840769625922949,6.351054162570739,4.8608307672857585,-3.1144207142221583,-1.7838357990281977,-0.15525292357734344,0.9938760732743125,-2.2732249285108335,3.079090431747534,3.994175846940075,2.46379558596457,1.6321739330414202,0.724105005519609,-0.18736237461631744,40.41321269476912
538003678,STRENGTH,train,-186.6536111111111,PAST_GT24H,ITAUG>ITSPA,-58.91262767665421,-6.5803222898440215,-8.579424824079265,-20.29352567641657,-0.2888338515712766,-2.5218594211544834,1.7498546836538107,-0.2598030007319175,-17.85381351627153,-6.279402009068719,-27.12755769073112,-0.2890980976259283,-2.3805028871252825,-2.5040218375060994,-6.117529952950928,40.41321269476912
538004558,ASPHALT SPIRIT,train,56.191944444444445,FUTURE_0_7D,ITPFX,62.2883687371504,-1.9571957148035306,26.051041123374862,-6.745606239599619,16.55551774858702,6.366071832731811,0.9059234776033954,-1.2194932969368935,-5.5427593908261965,6.355597465064224,-21.62675797044605,4.761510987602039,-1.0903830826920224,-1.0138454094306375,0.07553451215287882,40.41321269476912
538005431,PALAIS,train,5.761388888888889,FUTURE_0_7D,MALTA,32.22278768929319,3.3093574708777456,0.39549882968802896,3.8176441526055838,-3.053645778608006,-2.1686666923125717,0.41498727899930177,-2.9264643778160107,-22.51049591220129,3.35584063234899,3.4857577487486533,0.2753221551138505,1.3579663307887735,-0.6600530618121834,6.716526218103204,40.41321269476912
538005496,ECO CHIOS,train,-163.31416666666667,PAST_GT24H,IT SPA,-48.527138793072965,-6.5803222898440215,-8.733029633984463,-21.87310573474723,4.633187446893336,-2.5218594211544834,0.710833638466874,-0.2598030007319175,-18.51761259323991,-1.178897694653215,-23.35989569119988,-0.2577918360648548,-2.3805028871252825,-2.5040218375060994,-6.117529952950928,40.41321269476912
538005853,LORIENT,train,6.677222222222222,FUTURE_0_7D,IT PZL,26.685738122570896,2.078747028746617,-6.351832568040588,-1.2351808343057271,-2.984712846105614,-2.3874713434109927,0.41498727899930177,-2.1125537131926997,-15.303721345146329,3.2195207476957037,3.6797485870272744,2.2011348168868494,1.9130993527569866,-1.7148166752169087,4.8555769411078975,40.41321269476912
538006774,LORENZO,train,103.6511111111111,FUTURE_0_7D,GIGIB,78.27096532746229,25.489344109280086,-2.0092633517242584,0.9819145147897472,8.056979363525098,6.485409435284205,0.7708740872983283,0.4400926927334562,-8.513164342104172,3.079384663349066,5.112960628892211,0.9775341044135648,-1.8650034047104032,-0.8235467746674477,-0.3257630936663036,40.41321269476912
538007198,STORMHARBOUR,train,234.3486111111111,FUTURE_7_14D,GN KMR,-9.12719694485321,-14.922025021346965,-11.188396962999418,4.19006428863906,-2.0631414346731107,-7.589037950252579,0.7909480580665323,0.9445415529839143,-32.39567448163001,4.153931543844169,11.095534485010116,2.4449717253531658,-1.105481098223203,-0.5829315479188398,-3.313712796475177,40.41321269476912
538007504,BRIGHT IMABARI,train,73.28611111111111,FUTURE_0_7D,TRYAR,63.57422669238584,8.492666278644867,6.796323451385165,3.0396363921690646,-2.984851229602748,-1.606364285382877,1.0070883524548813,0.8821406110766815,-1.958560066560415,3.0765499027407586,6.019124890022844,2.0398055189236564,-0.8375091370931868,-0.45450232976660804,-0.35053435139535905,40.41321269476912
538007661,STAR CALYPSO,train,50.219166666666666,FUTURE_0_7D,TR ERE,64.0856292545406,10.100791197893207,6.227419250970602,5.704424591788741,-4.525356794175356,-0.6137928356339651,1.0070883524548813,0.9938760732743125,-2.758055096508779,3.7485791411340394,5.806258487542341,1.8692552013310548,-1.0153803890910271,-1.1537014428280943,-1.7189891783804614,40.41321269476912
538008070,BLUE PRINCE,train,89.00027777777778,FUTURE_0_7D,GIGIB,80.6123336505492,23.471417303802347,-1.636511798315267,3.9566710174760695,8.478207966802065,5.968982637536793,0.7708740872983283,0.5237395017831156,-8.765364584304058,2.5929407213271607,5.1489515076526144,1.7890674876231185,-1.1553021900717548,-0.659512648664233,-0.2850400541662068,40.41321269476912
538009008,GOLDEN DAY,train,334.99083333333334,FUTURE_7_14D,RU ULU,86.08276436018474,25.140797075598915,-1.7045467371897811,3.6683144787270505,10.020526547773956,6.805002619756349,-1.457744827222057,0.45013402273912084,-8.872562689913355,4.581209536009891,5.396292525938958,0.6887759102767287,1.7079857299698322,0.16145026994106945,-0.9160827969910672,40.41321269476912
538009052,SSI DAUNTLESS,train,-741.2886111111111,PAST_GT24H,MT MLA,23.542395553175197,-0.42368674643587756,-2.642620658907796,3.977045740475911,-2.260822609506594,3.9527517669211814,1.2032534076193313,0.4199799423389199,-30.37780394484442,3.835228466237085,5.390738595402647,0.4882488674114913,0.7864532522656578,-0.5512719244015136,-0.6683112961699365,40.41321269476912
538009159,SHANDONG DE FENG,train,88.15666666666667,FUTURE_0_7D,TR ISK,61.10675582134273,9.218135347009289,6.416100718802525,2.0266137485350386,-3.6894202300016894,-1.3081630948860903,1.2353855204041215,-2.6402714754511774,-2.621032202579886,3.2770036950279864,3.6219334035490047,1.9081460303664146,2.2875541141441555,0.44312095624565,0.518436595408266,40.41321269476912
538009532,OCTONAUT,train,91.97083333333333,FUTURE_0_7D,GI GIB,67.41994362228985,8.832900458210037,6.35342690592159,3.863855294236562,-2.9840817116114953,1.2093527277627014,1.0070883524548813,0.598468871541732,-0.8813369986764091,1.501821659576823,4.52183539302927,2.5718793968517732,1.1872932804896115,-0.26077969062335216,-0.5149930116430115,40.41321269476912
538009615,EASTERLY AS OLIVIA,train,190.4086111111111,FUTURE_7_14D,ROTTERDAM,72.4363195935093,9.108227667292113,6.285623421593925,3.773631470268483,-0.4281583262381015,3.5421519419166425,0.9059234776033954,0.6658394799811719,-2.201700013928299,3.0918975556990484,4.425320556638195,2.5517548314884713,0.692846441918195,0.12474140614996444,-0.5149930116430115,40.41321269476912
538009987,DIMITRI,train,84.06027777777778,FUTURE_0_7D,GRPIR>GIGIB,79.73379991106884,22.926442283067637,-1.9473814865517216,3.9605610546819796,7.190711234045717,6.863671221149079,1.0636126319207608,-0.23059083091196056,-10.911279821561063,2.9377497297706063,5.14136808598307,1.8908949418709668,-0.1691422582162844,1.148815237311497,-0.5448448062605598,40.41321269476912
538010211,VELOS RUBINI,train,-12.614444444444445,PAST_1_24H,ITSPA,-73.7480821475691,-5.293259824915322,-8.733029633984463,-21.441677887650826,-8.55198569995841,-2.5218594211544834,1.7498546836538107,-2.9690023423756404,-25.979486831945405,-7.051666566920935,-20.673406460187184,0.5009645921571115,-2.3805028871252825,-1.5552755770427344,-9.260960984888419,40.41321269476912
538010262,CHEMICAL FRONTIER,train,64.9925,FUTURE_0_7D,TR GEB,64.2127643943829,9.921527225667472,6.351054162570739,5.704424591788741,-4.770968520954475,-1.1386101485450828,1.0070883524548813,0.9938760732743125,-2.9395365231265096,3.6960789152543003,4.005203049621361,2.4831535297759437,1.2879423791810722,-1.1537014428280943,-1.6479799445208776,40.41321269476912
538010653,CHARIANA L,train,90.68333333333334,FUTURE_0_7D,FOR ORDERS,67.28257055747471,22.946656285728437,-0.4989713942752329,4.7061346304097045,-2.906688235685768,3.1999966181071784,-0.24514783659062994,-1.9726068856587147,-7.808694069494532,3.6077423164388374,4.045949908930011,0.9002865740384192,1.79160234918156,0.03833589270978094,-0.9352382911334483,40.41321269476912
538011225,IRENES POWER,train,13.526944444444444,FUTURE_0_7D,ES VLC > ITTAR,30.83407646111723,-0.8959458707960977,5.403652695508075,5.716102565138152,-3.574672476062992,-7.0086183401018145,0.6311275733876507,0.18100708909491756,-13.979634709740646,-2.1305679718349038,4.456120942910836,2.459111139967213,-0.4890371106897482,-0.0004492332617109518,-0.3473325271708149,40.41321269476912
538011969,UGR AL REEF,train,34.53916666666667,FUTURE_0_7D,HR RJK,34.77834738117921,-4.037569449618888,5.43294876680199,12.088691432787531,-3.4253918225463047,-7.005479659158003,0.44813625060079043,-1.9553192163595703,-11.062373386352759,3.0222695235278407,5.560986678409755,1.0425678473368032,-0.8293843956030352,-1.7410190057880537,-3.1739288776280103,40.41321269476912
538012456,ANGERONA,train,-5.651111111111111,PAST_1_24H,FOR ORDER,11.147031024624205,-8.994766131833803,1.9641253900939553,3.982129550283353,-0.78004547205966,-7.578280133592628,0.8031002083754765,0.7328270799412953,-25.548813926774418,-0.9126491738162675,8.665431418387644,-0.12700037775088888,-1.7258213677511305,-1.7836466028579951,2.0372278692101533,40.41321269476912
538071393,HORIZONS III,train,-2.3222222222222224,PAST_1_24H,ITSIR,0.5534711492900186,-5.264181675652823,-3.7525291527543545,-17.058236816599155,2.5232662476536976,-8.597822600546786,-3.974198364795554,4.008379847255962,-13.153848957740783,-4.589032397037776,6.414770751011555,2.373315250023542,2.2925489775102834,-1.6413097637311604,0.5591371099242403,40.41321269476912
538090701,MALAMIR,train,297.19944444444445,FUTURE_7_14D,RULED,87.27129829777604,25.108602315714613,-1.7045467371897811,3.4238417661476555,9.870087520395536,6.805002619756349,0.9059234776033954,0.45013402273912084,-8.872562689913355,4.581209536009891,5.396292525938958,0.6887759102767287,0.9695325727248698,0.13101650100881526,-0.8952237382058825,40.41321269476912
544203120,FRI W,train,102.05722222222222,FUTURE_0_7D,ESCAS,60.87358464129946,-17.84964697390836,16.208399150107724,-5.867283054520287,11.102396580920823,2.9008136093353287,0.16087044657607377,0.6531279729508069,-4.7609914714406765,5.726098265992813,1.6965354756412434,5.559745307942963,0.6282126417620082,10.247259395286232,-5.945165400116346,40.41321269476912
548651000,EVA USUKI,train,-76.65305555555555,PAST_GT24H,IT AUG,12.641208287947187,-7.195162977369652,5.3661884277598695,-10.816684411453515,1.7430069006060167,-7.033083239484045,1.2032534076193313,0.10035178020263699,-18.135429318303615,-1.7741822456764893,7.570515521862488,0.6472196728444043,-1.2050148581926827,-1.7859019922218715,3.542918924985186,40.41321269476912
563003300,CSK VANGUARD,train,46.57694444444444,FUTURE_0_7D,NLRTM>EGSKT,42.92785581848097,2.9910510423001324,7.089080297566294,4.2230892032275325,-2.1468278948994564,-1.6182969764418371,1.2032534076193313,0.41343680658841847,-19.17908543432682,3.656458358981173,6.168648557713074,1.4771323417624889,-0.26390591551085824,-0.867332357029728,-0.6320583138378905,40.41321269476912
563162400,BW CASSIA,train,372.9822222222222,FUTURE_14_30D,USNSS,67.83578058186413,9.98209092006832,4.288295698564525,-1.1753562614094588,8.476927580048477,4.887435344833598,1.7883129738963583,0.01637869984237991,-5.846966163222081,1.9216017556371667,2.933710542260791,2.1481464190833264,-1.4249036482784005,-0.3279413697404697,-0.2451646044895285,40.41321269476912
563186100,HAFNIA AXINITE,train,82.6511111111111,FUTURE_0_7D,ESALG,81.25785521490944,24.01861793884577,-1.9473814865517216,3.9605610546819796,9.09449629875268,6.819555951225565,0.8160285645901089,-0.24573127381112683,-12.234237717908037,3.5383413160009236,4.485433752167999,1.3398154228252332,-0.12098105342132241,1.8219338909037117,-0.5018101381614457,40.41321269476912
563205300,MAC TOKYO,train,67.03444444444445,FUTURE_0_7D,BANDIRMA TR,53.20219976414043,-9.43102934815977,17.924089451716803,6.451020609343039,-1.6012302076242144,-5.745817015101006,0.25199305799108895,1.2171007720528069,-9.238714569074368,2.815952894252377,6.552819329030353,3.334907615200863,-0.9290929835356787,2.2795523393692134,-1.0925648760901954,40.41321269476912
563279900,SEASPAN EMISSARY,train,34.41777777777778,FUTURE_0_7D,ITLIV,32.09375586506275,-13.472505163107215,2.6825659277735863,9.344491366629475,5.777291195297735,2.2427686336227977,0.9670391424627783,-0.3257036806955298,-13.437336938360726,-2.3969131414246134,-0.903293123529112,3.8285844376341727,-1.3252859781771702,0.2755108761762773,-1.5766703840088183,40.41321269476912
563280700,SEASPAN LUMACO,train,49.86805555555556,FUTURE_0_7D,EGPSD,56.09514678017216,6.03194780837363,3.713536951887503,-0.7965763015807882,-3.970546742164764,-1.2598570174024641,2.024527239052911,0.5943812491979167,0.9993725134850329,-1.625347072759583,3.401151031299072,4.890723168065357,-0.19388164551451975,-0.046158554780463,1.918661458244199,40.41321269476912
564724000,THOR INFINITY,train,14.084166666666667,FUTURE_0_7D,AL DRZ,35.27833863687999,-6.63492588671287,4.269596194719526,12.710526395965484,-8.88022515449322,-7.040580015923554,0.6311275733876507,-1.1887777494449374,-15.793324949143454,3.1787581602486115,11.179220127715734,6.335805218381769,0.4859362730497598,-1.6608942433689298,-2.7271160022707006,40.41321269476912
565712000,ASHLEY LADY,train,53.44861111111111,FUTURE_0_7D,IT NAP,54.31716827929137,7.332011378650165,1.919103736128448,3.5036225441699305,10.338784337524,3.3510560526159665,0.7708740872983283,0.3583383548966913,-14.705050163647272,1.7882683853876338,3.046056442741505,-0.43683347353766877,-1.6321263336804668,-1.588857465986153,-0.14129229803884621,40.41321269476912
566453000,EAGLE SAN ANTONIO,train,83.80083333333333,FUTURE_0_7D,GIBRALTAR,61.45363257982407,23.320276148688603,-1.6694410779144098,3.566041102615102,-2.9502340608660664,-1.3932382625663076,0.9171934394415947,-2.6465515836340505,-8.804210286866516,4.043990709256035,5.053661459591526,1.6418607339996971,0.0717580493027034,0.07338809881080702,-0.1840745848037667,40.41321269476912
566579000,HAFNIA SUNDA,train,3.888611111111111,FUTURE_0_7D,MTMLA,17.638376709495006,0.5534812390401087,-4.807578877143707,3.9686400107798034,-2.1089318894052234,-2.5369922222089873,0.9871131132309824,0.5543197176710111,-29.16184180789119,3.1648427366915257,5.453022930724738,1.507297311293363,1.3579663307887735,-0.24667012238917413,-1.459504456456134,40.41321269476912
566722000,KINGSTON,train,36.44361111111111,FUTURE_0_7D,GRKLX,26.149035027210118,-6.628670090256156,3.3718303698471,1.346060357271679,-0.21392160722318249,-7.0224813095624175,0.9871131132309824,0.510116846979851,-17.10568625224901,-0.9778644512810497,6.871972582092845,1.7536477106842359,-0.1145168929331558,2.336246951141669,0.6219750046976045,40.41321269476912
577339000,GENESIS CEMENT,train,88.02972222222222,FUTURE_0_7D,TRGEM,-10.928431448512058,-17.594131787239657,-11.194144406425094,0.5314736398828177,-0.9315914390837916,-8.286336686975051,0.25199305799108895,0.7708811178459384,-31.921367234675202,4.61460044954444,10.709623882995468,4.686031553819495,-0.3937551105443412,0.08024595860866807,-2.665167139025955,40.41321269476912
578001200,LE DUMONT D'URVILLE,train,7.663611111111111,FUTURE_0_7D,MA VALLETTA,21.565060893131285,1.7782753892062801,-5.049690450132229,-2.2463740922339976,-0.26475329925882424,-1.7005748299767784,0.5622029926573888,0.038732994960045855,-18.08054177735178,-1.8585851329890266,1.683394785170283,3.7017700786717342,-1.9125616077198637,2.4072136606113155,2.0933394867476203,40.41321269476912
605026210,RHOURD EL ADRA,train,34.407222222222224,FUTURE_0_7D,AL ROM,27.070197754463717,-4.650627884577682,4.643782891488756,3.7670246732103334,-0.8193820004369989,-7.239454413367871,0.6311275733876507,-0.5181717442478512,-15.626004206048211,-2.122717526828142,6.780556891523518,1.3878723886699775,-0.2571290374558929,0.5872893722947636,0.09281808208224651,40.41321269476912
605076070,OUGARTA,train,69.56166666666667,FUTURE_0_7D,DZORN,76.42692390256293,24.921370543342352,-1.7605600392476153,4.417348655264302,3.594103400798509,4.679889525666426,0.7708740872983283,0.5375592838752538,-6.8574794332507505,0.5850795062363049,4.146413844449475,1.5049223327020869,0.7330007981543063,-0.3427285005041039,-0.9160827969910672,40.41321269476912
613404821,INA,train,368.4555555555556,FUTURE_14_30D,TALLINN,84.97310477161666,23.11687578803678,-0.8880284932591567,4.957289218678449,8.81004644218764,6.0745866131422455,0.9059234776033954,-1.071317897889907,-8.3417071457946,2.177020887120823,5.637764328116142,4.654864866392762,0.9695325727248698,-1.524077530022915,-0.9188810501889826,40.41321269476912
613992601,MERT L,train,64.60444444444444,FUTURE_0_7D,TRHAY,62.35295854965439,9.344616524643701,5.220296984632257,4.76314070507117,-3.8361334936064715,-1.5548576928216606,0.25199305799108895,0.7089804097726207,-0.8361481076237114,-0.30668952086662316,3.8717646099181686,6.604056143273462,-1.0515337863398868,-0.6571255923487387,-0.5826143868101106,40.41321269476912
630001201,MARIONA STAR,train,29.086944444444445,FUTURE_0_7D,LB BEY,35.3285391042087,8.021834071550058,4.284237967519279,-6.600099180669342,-0.5926165130951981,-1.5890707301653695,0.5622029926573888,0.29852130300260177,-19.211795811179062,2.1809247705730144,4.0164251061173015,0.9173381290582951,1.248930728333924,-0.16411419681070505,1.5426077725473866,40.41321269476912
636011638,ZHEN HUA 36,train,63.58138888888889,FUTURE_0_7D,SUEZ EG,59.64129369398789,8.88638650312917,6.204723417695822,3.405040064527019,-3.2391718425797262,-0.6318313391210741,0.7010531450532458,-2.552354713223486,-3.901473652913973,4.48221879478111,4.510857083967484,1.1500397891241425,-0.1217607943702678,0.020045931541257583,0.31430861160804596,40.41321269476912
636012378,RHOURD ENOUSS,train,44.86805555555556,FUTURE_0_7D,DZ AZW>TR CKZ,42.868010482248906,3.523878249205555,4.02679082500652,4.280371924106357,-2.0161673136374447,0.002110065300393607,1.2032534076193313,0.5541276901053116,-17.93323332463033,1.3227203169350805,5.500046432464407,0.9415654698361245,-0.3556764288409145,0.024770666144636744,1.3802398078647589,40.41321269476912
636013095,BLUE DIAMOND,train,64.73305555555555,FUTURE_0_7D,ITVCE,52.746370199676996,-11.204454027767351,9.724362311821011,-2.6031308176258,6.190662741808579,-6.630889815222373,1.0070883524548813,0.8766436334047268,-1.7410266828586076,3.995848912336348,4.905708937451973,2.9155291191225494,-0.08704225731191034,5.537577758584232,-0.5537206612903742,40.41321269476912
636014168,AITOLIKOS,train,12.546111111111111,FUTURE_0_7D,MTMAR,39.04045465135239,2.376809526667939,4.877972420679858,9.516062312063536,-1.6943945912195204,1.7586308097897045,0.9670391424627783,0.16205345277092603,-22.658309695056865,-2.085521856353734,2.623700721234488,3.4636470208156975,-1.0735068096557028,0.5929009863802319,-0.19984148399606477,40.41321269476912
636015710,KYRA PANAGHIA,train,100.48944444444444,FUTURE_0_7D,EG EDK,62.06040979318644,9.539504995686235,5.293160439600932,-0.7760223279904085,-2.670450139769822,-1.2317390522644696,1.0070883524548813,0.9862346615345744,-1.459788445918697,2.9811295208344957,4.430972088167602,2.0098120877924486,-0.17521005982341714,0.04449128876184325,1.6680136893511197,40.41321269476912
636015940,NAVIGATOR SCORPIO,train,38.69138888888889,FUTURE_0_7D,DZSKI,35.88344070033239,1.464620892769605,-3.7677148928411177,3.8785589881331437,10.146937612060075,6.390440569470536,0.6771784121942519,0.1171603205891684,-29.346186483408104,2.6851066774524877,5.492447517648583,0.2544407209517965,-0.550383056401794,-0.9585048792389694,-1.013874393816393,40.41321269476912
636016014,MSC ALIX 3,train,94.43583333333333,FUTURE_0_7D,GBPTI,60.35755556016413,8.876209886237254,6.48287465476576,3.3425252449459775,-3.5512374589844597,-0.9661685152280296,0.38370207649809995,1.0884483826074234,-4.1817584942094665,2.3763274537403998,3.005967673986927,0.9657041496552184,1.5280256240803654,0.09451796285602207,0.4992042244435111,40.41321269476912
636016205,POLARIS MILA,train,45.02638888888889,FUTURE_0_7D,ES TAR,25.345339339641093,4.115879498151592,-7.034218185612407,4.869836052893693,-5.06882107028685,-0.9401448634476404,0.9824686259516663,-0.552710944187751,-16.44077284972221,1.8410376159641784,0.29621194308705684,-0.2442742308462808,2.72588791438832,0.49484140836857965,-0.11309426982997947,40.41321269476912
636017773,NEW PRIDE,train,87.84777777777778,FUTURE_0_7D,GIBRALTAR,75.18044362999746,9.477873896568907,4.900489331085151,3.5725640057331085,8.606545248892848,5.255901757037425,0.7708740872983283,0.25929038917043185,-4.529954818124599,3.1479676062744706,3.6714854153899767,1.5196884142323865,-1.039316245432025,-0.43262841304926436,-0.41354973984880883,40.41321269476912
636018276,MSC GAYANE,train,10.644444444444444,FUTURE_0_7D,ITGIT,11.896058547969837,3.0292407942501747,0.5015600846533853,12.699322728835426,-4.8618214795768715,-12.886237558711406,0.750527043212371,0.2106409905315412,-19.865553289068938,-2.9950745039006934,-1.5165063520902138,-2.288143630178549,-0.9093841066294188,-0.561531776846613,0.17580690872052804,40.41321269476912
636018323,MSC CAITLIN II,train,47.15222222222222,FUTURE_0_7D,MTMAR SIKOP,28.734158559063,-5.691645074243808,2.771240348238309,5.7689464517035915,-7.042241520072849,-5.384930324481811,1.5214454885818582,-0.7602085998197992,-18.322106094579482,-1.1572039841748012,7.829356905445699,6.24107462586037,1.4915074501419066,1.624585401925073,-0.5688752102303758,40.41321269476912
636018629,SIMPLE HONESTY,train,47.757222222222225,FUTURE_0_7D,IT CAG,72.27966641152399,11.079623515548997,4.516477126290068,-0.9812714127442757,8.125564315520837,5.253667988111633,0.7708740872983283,0.36505011120795644,-4.216244641672176,3.3581123061734135,3.8803624866396125,1.8822491444543588,-1.3941957863786225,-0.4465277622628932,-0.32728776143236726,40.41321269476912
636019542,ML HERON,train,65.57388888888889,FUTURE_0_7D,EG DAM,63.475207375184006,9.671442400564665,6.618976194344841,0.22896357261038422,-2.578065949695962,-0.6595799790294645,1.0070883524548813,0.8821406110766815,-3.896563233054163,4.760878016572067,5.2866722196122575,1.9637542324122883,-0.7774498417891829,0.7475241598660423,-0.19378607553045304,40.41321269476912
636019819,FEDERAL OSAKA,train,95.22361111111111,FUTURE_0_7D,ESALG,80.40639331797125,12.649808444297902,0.5801368189960993,4.446198287156818,7.43588645428368,6.236954327267296,1.1535075449340475,0.5779069017375916,-5.9841550955811424,3.8280676922418064,4.574510348939914,-0.9770327856279013,0.8670489068940757,-0.05346543295754011,4.6578082106194785,40.41321269476912
636019983,YM TRUTH,train,760.6208333333333,FUTURE_GT30D,SGSIN,92.19701097816697,15.6580043987135,-13.21749590675011,5.3325243129719295,24.41425050136741,6.814920137783243,2.928140609791793,-25.624085743454078,-16.190918111582086,16.93242090735275,12.163966763689738,11.842564530296318,5.774436721729346,0.2580457103220295,4.697023451166048,40.41321269476912
636020064,CONTSHIP JOY,train,70.42555555555556,FUTURE_0_7D,EGPSW,52.19013081875645,-8.897445425016517,19.551567659099167,4.086610303325452,-1.7603444578055512,-7.558004705230729,0.7909480580665323,0.7880651387346096,-8.28369760662014,0.2383578174726052,6.529690036821247,5.82563414801499,1.4919669627465195,-0.21568890302266983,-0.8107409025981845,40.41321269476912
636020328,MEL GRACE,train,124.72472222222223,FUTURE_0_7D,PT AVE,69.72275004404345,13.369172288482416,-0.20201848012049367,3.5655720729519804,5.414801707106437,5.090500180739625,0.8160285645901089,-2.3867197748503894,-6.507998595290859,-2.430759873431314,2.992292502392598,4.100262918967923,1.0694679470337394,-0.27808756046348754,4.697023451166048,40.41321269476912
636020540,SACURA,train,92.99916666666667,FUTURE_0_7D,BG VAR,63.676259385964904,10.919623554853787,6.796323451385165,2.495805660991588,-3.1714319439805108,-0.9361511608706168,0.25199305799108895,1.0459593665629636,-3.2437644187059274,3.7147451210519273,5.109815870354548,1.133265193563487,-0.7906187398858553,1.2893221171257259,-1.3518404392415866,40.41321269476912
636021078,MSC AZURIT F,train,25.80527777777778,FUTURE_0_7D,ITGIT>LYMRA,27.419159713651506,-0.9330479366900406,-0.11088826382477913,0.6281461020608815,-2.4805867171762546,-0.49326050019112955,0.6311275733876507,-1.3715339466756935,-16.55953493452171,-2.6945181982624957,2.2881074152186196,3.018531505219471,2.0196703119264656,2.3215711830177344,0.7421634253936664,40.41321269476912
636021161,MSC HONG KONG V,train,182.79611111111112,FUTURE_7_14D,GBFXT,65.58377868145948,12.636898267833919,-5.130850589899773,1.0654737764698972,-0.94242209207572,4.980360609015321,1.7883129738963583,0.5482166143055424,-9.441250710861663,-0.1807206906485066,2.908406534794612,11.768459271566377,0.6454611051683257,-0.20926624988910147,4.733487167014764,40.41321269476912
636021246,MSC PAMIRA III,train,7.108611111111111,FUTURE_0_7D,MARSAXLOKK,23.22972839030422,3.480352656296169,-5.372765293706849,3.721682311013533,-2.746641947608649,-1.8741564203051817,1.2032534076193313,0.10069712480250466,-18.041101744632858,-2.6079483177113856,2.507997549465771,3.89987231393226,-1.3594932704209288,-0.551059144303357,0.45582647109474717,40.41321269476912
636021362,ZIM PACIFIC,train,22.850555555555555,FUTURE_0_7D,IT LVN VIA MESSINA,29.912363550697076,-12.836363451312446,3.451875659113503,3.1158171227563396,5.41034616170619,3.256795659528071,0.3949133082310977,0.11578238867141126,-13.648604366494267,-2.619772648353668,-1.1612999061851603,3.2309367817648234,-0.8775888797791472,1.1335104798622906,0.5328025464189157,40.41321269476912
636021365,MSC WASHINGTON,train,41.725833333333334,FUTURE_0_7D,ABU QIR,-52.05024049100547,-17.656233678009407,4.623622174906597,-17.85888974541211,-10.166319575499289,-0.041523478236187183,0.6642765449891394,-2.476776484830074,-39.466779463092465,-15.277766188170776,2.258412157557587,2.9776569174501737,-0.397719607021881,-0.7598257911201519,1.1144130307142464,40.41321269476912
636021513,MEDI AMALFI,train,81.255,FUTURE_0_7D,TR ZON,61.90901032719487,9.54552705820269,6.796323451385165,2.922111206033822,-3.2442780172104655,-1.42012387501658,1.0070883524548813,0.8821406110766815,-3.4345538270942475,3.710386096390608,5.324186747310635,1.1018857031460314,-0.7774498417891829,-0.45450232976660804,-0.4629437026976847,40.41321269476912
636021596,MSC MADISON II,train,48.72277777777778,FUTURE_0_7D,ITGIT>>>>>ITRAN,48.74990617712546,-9.323827262609289,9.922275222367109,5.308626297484425,0.05296293157122553,-6.633748889520408,1.0070883524548813,0.27168026618751373,-3.407334659414919,0.44028573920515346,5.025581097487697,3.13181445206713,-0.927313398271428,0.3266615510499488,3.1419417822972977,40.41321269476912
636021700,DELTA BLUE,train,-356.4627777777778,PAST_GT24H,AUGUSTA,-24.281478232919397,-7.6113034958176105,-17.62152555095984,-21.96936650756072,-1.2152884343995642,-7.610500704267258,3.4795602584293404,-1.2920822007059412,-15.666054089817251,-0.45363217092644625,5.091780581354409,0.8385415570609576,-1.5358967882637615,-2.540795390582065,3.4118720087672316,40.41321269476912
636021702,CURIOUS JOEL,train,17.00861111111111,FUTURE_0_7D,ITBDS,34.62354106635631,-5.094020578895608,4.2281130069347,12.862172414017088,-8.78516364711935,-5.385443654496468,0.9871131132309824,-0.7236164524737213,-16.10054755874852,0.7493345840898629,9.475498800340777,6.2376032975141324,0.45583747854953016,-1.7410190057880537,-2.9555334255681553,40.41321269476912
636021733,COROSSOL,train,16.735277777777778,FUTURE_0_7D,IT TAR,30.114625645635932,-11.136477994309232,5.65864697717695,4.137905610026702,3.1924698477720255,3.4557356180631595,1.3496726000984975,-0.14999679516963899,-17.75131567501881,0.6246324530705109,0.46017188077146914,0.6114470027329866,-0.541807324282904,-1.1930503621804411,0.9833791121155335,40.41321269476912
636021739,ZIM CHINA,train,1.4180555555555556,FUTURE_0_7D,ITMEI,45.43747655484255,-10.940151344030559,2.0163591085435537,4.514275628143112,9.433884491197784,3.985812787822317,2.81909075462723,-0.13937373071215942,-12.527909273185749,-2.233416609378532,-0.5746149770631666,2.9304183914829167,5.138771351549146,0.542595529337418,0.05852175174012024,40.41321269476912
636021781,LIPARI,train,76.26527777777778,FUTURE_0_7D,TRCEY,64.07849592518937,6.8926497307631305,5.0911207521845645,3.710407416688073,-3.63011414661842,-0.8208329153666158,1.0070883524548813,1.1493236620058742,-1.5759727790833156,3.9257959303365926,4.878767963996608,1.7903080764222623,-0.8606766213140788,0.5586538101647279,1.5487639977859655,40.41321269476912
636022183,ASTRAIOS,train,3.9358333333333335,FUTURE_0_7D,MTMLA,43.422863096319695,3.7148349282824245,-0.1632458088916514,4.456569851402845,-0.3300868334612015,2.7116408774148444,0.9670391424627783,0.40057725678919376,-23.365777955245434,1.8072014088190802,4.3617015863318205,0.6705165764856315,0.7873619060652328,0.21061530210701185,6.780702162988,40.41321269476912
636022522,PANORMOS,train,75.98416666666667,FUTURE_0_7D,PORTSAID,64.84039841808726,9.147461786053356,6.425933472422866,3.843584771541897,-2.160075611375524,-0.9731597406133166,1.0070883524548813,1.0459593665629636,-3.9061340773884403,4.433989377909798,3.434504613856104,1.4397096435398327,1.2004026861950916,-0.08498853346870142,-0.4270903843726629,40.41321269476912
636022541,TIVY GOLD,train,18.011111111111113,FUTURE_0_7D,GRGPA,31.432120325232326,-5.09739601656357,5.616882650964828,3.222050678506169,-0.7914128965312534,-5.744641905751936,0.6311275733876507,-1.3886636190295467,-13.565396561943007,0.7216281500169693,6.354127353714904,0.7221534774400101,0.38577959712130666,-0.8215143054404994,0.7741834545711815,40.41321269476912
636022867,COURAGE,train,67.50583333333333,FUTURE_0_7D,TRTUZ,60.317253977655625,11.060574442226645,5.0911207521845645,-5.767732706711521,-3.340427080577817,-0.8809720783523209,0.7909480580665323,1.1493236620058742,-0.3860783674816987,4.00780438201164,5.3652267842814965,1.8038986147416376,-0.7906187398858553,0.16177067013008167,1.6392028902472535,40.41321269476912
636022905,SERENITY DIVA,train,57.46805555555556,FUTURE_0_7D,SI KOP,44.47952388035575,-8.965884443075781,18.34140731701546,3.332026153498331,-4.8168932019165265,-6.659697095456807,0.9171934394415947,-2.1243549601603,-7.8071426026491855,5.141677214847569,5.774597505870803,2.5729217604026156,-0.785251217202308,0.15409863681297692,-1.0083873218418125,40.41321269476912
636023127,VENTO DI LEVANTE,train,14.973333333333333,FUTURE_0_7D,ITSAL,33.11643344902332,-11.567169823875844,3.11110351867176,4.411362041923482,3.717142242416031,2.7874879248730395,1.3496726000984975,0.3713184173773015,-15.949373864756014,3.6970666434017274,1.2224788541753806,0.6001079149932529,-0.390519353070817,-1.057029590168992,0.39957322819539837,40.41321269476912
636023250,YM WELLSPRING,train,46.22472222222222,FUTURE_0_7D,EGDAM,47.62077711604038,0.37804464135557625,7.396197108391703,-0.17074197481611186,-3.0983161473728,-1.2202794066112157,1.0284508652931763,0.2569804020309642,-18.41406086923344,14.740720153897175,4.853305874341719,1.2377308077669873,-0.27745892974103553,0.5235555052915704,-0.02656360932300275,40.41321269476912
636023526,ANJI SOUNDNESS,train,38.32111111111111,FUTURE_0_7D,SIKOP,38.48922776970253,-4.358359493977531,5.606460994532564,3.716549624945021,-1.2063443468338488,-6.0198542835842765,0.8123105709048275,0.6595669069515986,-12.16519565725088,3.685456664181701,5.591180329987081,0.617714288891546,-0.6523833734880966,0.3630797347220808,1.4258331149516283,40.41321269476912
636023809,CSPC MERCURY,train,75.89111111111112,FUTURE_0_7D,GIBRALTAR,73.14112878686396,10.813353169312176,5.096491345734974,2.4947415949929828,6.3579603126573945,4.432159505900445,0.9059234776033954,0.4955520956544128,-4.787417045753933,5.0170636981115555,2.771752140468949,-0.06791362696172133,-0.41504334022982287,0.05151781971410239,-0.43822505511007914,40.41321269476912
636024536,TG LEO,train,52.445277777777775,FUTURE_0_7D,IT GOA,76.54655039434888,10.339002308829857,3.4124829157301724,3.1053856514389517,9.210251300741582,6.050119564516349,0.7708740872983283,-0.8936895240909403,-3.026594955858669,-0.9358205109399726,3.1254802475632557,4.514310522886023,-1.049198069554591,-0.08970373465254464,1.6004378956719556,40.41321269476912
636024606,DELTA HELLAS,train,36.40694444444444,FUTURE_0_7D,DARDANELLES,35.13436646408263,2.8386442420345945,4.020908198841224,9.941961899769687,-3.8353229383722907,-0.1534397518366851,0.6311275733876507,-2.6376809345911187,-19.370744990657393,-1.1766756632171989,3.717216782228781,0.6527008169138652,-0.4137312984954735,-0.27860073058656465,0.7847905638944375,40.41321269476912
636024786,MAUI,train,74.39222222222222,FUTURE_0_7D,EGPSD,65.1972695489217,7.047628752094314,4.99596313262015,3.8035628561097092,-2.7991081524494956,-0.8138416899813289,1.0070883524548813,1.097240368717223,-1.55109016711918,3.8433002005629042,4.718587670540138,1.7222621151961761,-0.8900280547183047,0.724105005519609,1.8783864646057744,40.41321269476912
636024824,MED LIGURIA,train,647.1338888888889,FUTURE_14_30D,US LCH,77.02466780094548,12.95305854551767,0.11159642555291184,3.62293923812873,6.016360603857468,5.285523689648174,0.7708740872983283,0.7204804691662486,-5.260823318928139,4.223563354439534,4.10161638197725,0.06482095001160107,-0.6491362042477908,-0.23549114208689073,4.8860720258412655,40.41321269476912
636024855,LOTUS,train,72.78805555555556,FUTURE_0_7D,GIGIB,80.13561000812673,24.74791661562035,-1.2084252927175398,3.382732707213014,7.096427652458025,6.141902020896076,0.5930013992713261,0.45013402273912084,-10.504320148725384,3.8280676922418064,4.715422335222004,-0.3645770159612347,1.7690915652715657,0.023096205884929305,-0.94807244605645,40.41321269476912
636024939,MSC NAMIBIA,train,54.13,FUTURE_0_7D,ILASH,57.526563903629565,8.706568970092933,5.098082067461126,-0.813119723291254,-2.7714943422228515,-0.5760887260752138,2.024527239052911,0.5771042984543137,-4.388897787366056,5.016205443719929,4.082539740093987,1.4266510197158426,-0.7774498417891829,0.021945406426432813,-0.5132225554124721,40.41321269476912
636025061,CHARLESTON,train,58.68333333333333,FUTURE_0_7D,ILHFA,61.58672414803125,8.755415625691356,6.034376529048627,2.462003763391325,-4.2697385521994216,-1.0153205598158117,1.3252804334174082,0.8300573177880303,-3.6032396280563463,4.78077781932359,3.047327232360839,1.283047151901258,2.1363116275007212,0.021945406426432813,-0.6147327135158817,40.41321269476912
636025912,CERRO ALTO EXPLORER,train,21.863888888888887,FUTURE_0_7D,GRKLX,41.6226665713166,4.821529320974052,7.8274159169704385,3.2164291614785827,-2.4984954370036028,-0.8151143039589437,0.6642765449891394,-1.1351202879922546,-15.635907854831911,1.2773079582078342,4.404474593068188,1.0512041489528778,-0.54815500602412,-0.8455983442696338,-0.5747925340131641,40.41321269476912
636092313,OCEAN7 REVOLUTION,train,39.059444444444445,FUTURE_0_7D,US PEF > TR MRM,41.664428509759745,4.935537922817518,6.305699018760457,2.9749701330628717,-2.8498506300471522,-0.4280129189857543,0.15495701108895643,0.41343680658841847,-18.393745759336596,2.6755752150230006,4.0704061240747,0.13886687915237522,1.306113001383383,0.5980275366063348,-0.6507645251978926,40.41321269476912
636092552,ARIANE,train,90.64888888888889,FUTURE_0_7D,ESALG,73.51808913348164,24.593149357604013,-1.3342835877593455,3.562523185834253,6.672885894381127,4.110359877342578,0.8160285645901089,-2.526384252013735,-9.982518210785763,3.440580923372781,3.1140200949044816,1.0434908892506798,0.8986014957139634,-0.43262841304926436,-0.8709493806733575,40.41321269476912
636093132,AMSTERDAM EXPRESS,train,74.08666666666667,FUTURE_0_7D,TRIST,57.068968217669116,11.065863161335875,5.250126543652867,-5.338739290495638,-2.6687329531358097,-0.8201396631275131,0.7909480580665323,0.8994175618202844,-1.3231738534410145,-0.6409385044755437,5.152002513257451,1.8988465325773416,-0.8968300185629385,2.532922041809181,0.7541833936189297,40.41321269476912
636093171,AL MURABBA,train,46.42888888888889,FUTURE_0_7D,MYTPP>EGPSE,-47.19526424993789,-18.540285986530733,7.616077874109603,-17.832008299217065,-8.746264258671573,-0.041523478236187183,1.0284508652931763,-0.4867544069479095,-41.50320879905807,-15.152013950782985,4.523242043062137,3.2542911795715517,-0.397719607021881,-0.7598257911201519,-0.5709343291569293,40.41321269476912
636093368,NEW YORK EXPRESS,train,52.7875,FUTURE_0_7D,MYTPP>>EGPSD,55.71445048483693,6.393465513337686,3.713536951887503,-0.7965763015807882,-4.049594846072635,-1.623271579157835,2.024527239052911,0.5943812491979167,0.8856473463683545,-1.3253368393708933,1.7763300191578515,4.376646377048403,1.470443951270162,-0.046158554780463,1.9071972637096408,40.41321269476912
647553008,GUANYIN,train,69.07194444444444,FUTURE_0_7D,SUEZ FOR ORDER,61.4040051731441,8.772709912074964,4.9102571167450915,1.0817810585970409,-3.0405867706767036,-1.568202764223882,0.9171934394415947,-0.23172412695109537,-0.5107325796731476,1.9774258156225595,5.128471297466982,3.1148521107104994,-0.10427898281251063,-0.8914383495388457,1.435065301592432,40.41321269476912
667002240,BULLAR,train,60.24888888888889,FUTURE_0_7D,EGPSD,64.85578152480959,7.489133724739394,6.142485047524389,3.692838023543351,-2.967483328964778,-1.2590184861170801,1.0070883524548813,0.9938760732743125,-2.211885579837314,3.3015978564917803,5.467274666228071,2.7336570196644505,-1.044731822495253,0.7292160099157469,0.3685212736185135,40.41321269476912
667002260,DESTAN,train,318.0202777777778,FUTURE_7_14D,FOR ORDERS,85.76701598443547,24.512651322848903,-0.9095318056698258,3.516296767159311,8.980574448161871,7.159539967947838,0.9059234776033954,-0.5220197894152143,-9.938524616266108,1.2261778127731529,4.686747123133572,3.0511164129545216,1.734076946219264,1.23581527638189,-0.2850400541662068,40.41321269476912
667002373,ANUNNAKI,train,-128.24416666666667,PAST_GT24H,W AFRICA,16.285253858088726,0.8625854300777291,-2.812931658291715,-0.06455839164300059,-2.852377884046321,-0.5510428669613417,0.9871131132309824,0.2764623602648007,-28.25939899329191,2.2976633756092673,6.512349484588086,2.5019659758849624,-0.3884363794144878,-1.2081341405907875,-1.429218262096647,40.41321269476912
671500100,URANUS II,train,101.82638888888889,FUTURE_0_7D,FOR ORD,62.99316621998075,9.398608507700576,6.932291729527368,3.9412381090846242,-2.4883794300191746,-1.3014045810553114,-3.9521098914629893,0.14087173763773736,-1.2082703659595673,3.2119515988291627,3.957434701737173,2.294302593820369,1.2407425459427608,0.7475241598660423,-0.3348478904371448,40.41321269476912
671562100,EDRO IV,train,40.60583333333334,FUTURE_0_7D,SHENGJIN,28.53643188880659,-6.040201244900037,5.687483287378668,-2.011772189481216,-5.758625836898403,-1.2164031634211536,-3.6948072044598965,1.8417413741838282,-18.294343436205736,3.3688920953532047,5.293219629135428,7.940139530751363,-0.26216594155133033,0.8512376346011785,0.41882465955157855,40.41321269476912
672296000,ISKANDER,train,42.23416666666667,FUTURE_0_7D,TN BIZ,21.038552846878822,-0.8807205306522966,3.582097943730062,-1.9265715170936204,0.35933500632386317,-1.036283949211916,-9.986411543750638,-2.210172897257927,-20.289171199691882,3.5534293636337884,5.597994291001569,1.021313449797041,-0.02842237895496602,2.129927212798311,0.7389969014383013,40.41321269476912
677089900,CEYO,train,85.11222222222223,FUTURE_0_7D,TR IST,60.65917798231638,10.767945159897536,6.482229480786733,4.618977944893362,-5.216674564597232,-7.324848777216643,-3.9521098914629893,0.24635816494918913,-0.5294598531487702,7.828296143232305,5.424816520263575,3.4236240312289765,-0.37810136916262194,-2.133192228361992,0.9881045262458298,40.41321269476912
219028212,ALONDRA,calibration,78.69666666666667,FUTURE_0_7D,RO MID,57.4517823336744,6.097920596068681,-1.23964557123283,3.588537622021381,-2.832121202422368,-2.1559371531004836,-0.022074991883235903,0.5929135224453442,3.5046981846135576,2.3903730949904514,4.84977827131513,1.3912913004827496,1.3580002606092958,-0.4772280165675676,-0.007936278434823543,40.41321269476912
219031822,C-INSTALLER,calibration,9.267222222222221,FUTURE_0_7D,WORKSITE,35.35386198066234,-8.916580086184384,-0.5105007870582603,-0.1481713656106577,-3.4124057538193804,-1.345335381752697,-0.11196990489652238,-2.511034013211585,4.7888630431765,-0.34098315892654213,-0.9934486427810444,2.275281099648259,-1.0101907600443845,-0.31954531884809434,7.496670316202009,40.41321269476912
229331000,CMA CGM DON PASCUALE,calibration,1.5558333333333334,FUTURE_0_7D,MTMLA,41.4106123480281,3.1813771507017394,0.2186892757346685,11.01318788478068,-1.0999053292324315,-0.5894370797352115,0.9670391424627783,0.5990608442083613,-25.246843432514986,-3.580827307419156,3.871477986246747,3.024493980191712,1.0574031711403031,0.5699007920633765,7.011782574630399,40.41321269476912
230723000,NORDIS,calibration,37.97888888888889,FUTURE_0_7D,ITMNF,39.351390184368896,-8.377531794509514,3.1062349790309614,0.26968237399634454,-3.92129869958437,-7.203730091009436,0.52908051006542,-1.7784585475229069,3.530962066368559,2.8270164480677837,6.521338910777538,0.43716429005856505,-0.9399549849792562,-0.21077583799242383,4.148447866832507,40.41321269476912
244865000,VELSERDIJK,calibration,54.16833333333334,FUTURE_0_7D,BEJAIA,80.15643694044911,8.492208184956967,11.950473848525922,-1.1811670839332602,1.3349954674043727,3.200577727506912,0.09290042765362722,0.5590248181660539,2.383109179105815,4.803204994279126,10.564389995128602,2.170820181014386,-1.3852432162393913,-0.4022004050744617,-2.8398698728146794,40.41321269476912
247104500,DIEGO,calibration,30.851666666666667,FUTURE_0_7D,GRPIR,35.5882446926976,4.404308997849589,7.153605115175275,3.012869883135701,12.60690258637723,-1.6450189891303815,0.9871131132309824,-0.10756214092953227,-20.301422327356903,-5.625548269362795,2.4376314147129503,-8.25590227332968,1.2656409523642593,-0.4478730160656018,-0.3097130487426144,40.41321269476912
247144750,MARIA LUCIA,calibration,-2424.5397222222223,PAST_GT24H,UNKNOWN,-263.83983596629514,-1.8976297150711108,-21.618911324817912,-81.37320400974383,-22.483450692791365,-35.13074044091263,-9.975446444322207,0.23703462830000943,-123.68141517296917,41.71297457543051,11.837665544245231,-13.328153132182752,0.594502361941548,-26.95258118736646,-22.19369365080401,40.41321269476912
247176900,SUPERGABBIANO SETTE,calibration,23.030555555555555,FUTURE_0_7D,SIRACUSA,-58.36223680408017,-12.722948406733536,-5.896609920446065,-20.323258119678478,-15.069136477525731,-8.326645200407311,-2.9530238445746324,2.619773447600732,12.73773292058773,-11.694788637890527,-12.42714469194043,-30.312901455128454,0.047743248413981226,-0.34864419514418177,5.894401834017631,40.41321269476912
247282600,ODOARDO AMORETTI,calibration,-2.3475,PAST_1_24H,IT AUG,-55.68528864795317,-6.386326943244371,-17.59558103010514,-18.359523330037447,-1.5539100335794087,-1.8149771286244483,0.710833638466874,-0.17204388142139831,-14.52828991744228,-5.271544502361815,-15.876374261561395,-4.143701361883423,-2.3670122651026473,-2.5040218375060994,-6.236028488319271,40.41321269476912
247324900,SALINA M,calibration,11.960555555555555,FUTURE_0_7D,ITGEA,47.17363514267473,-4.135780259590135,-0.21992511015385258,0.8349322761571245,-4.211000010397833,-1.874977238667532,-0.11196990489652238,0.08231458079881668,4.26737601428555,10.289351897528784,2.3444930893901805,-7.743562159050642,-0.059677809424173306,3.5477714973826178,3.751075584543229,40.41321269476912
247333600,TAORMINA,calibration,4084.7630555555556,FUTURE_GT30D,AUGUSTA,16.34874620188344,1.592352298724592,-9.821324854916968,-23.28982954270887,-6.111917261060876,-9.54361199750946,-10.319839676936484,0.10023329347377193,-35.665508741510585,46.860985436878174,34.13859416130605,-11.152407820018428,-0.6259878922828094,-0.012190313095749694,-0.21401358322801653,40.41321269476912
247343900,CAPO BOEO,calibration,-2457.653333333333,PAST_GT24H,AUGUSTA,-53.39543846891833,-5.0394872129688295,-13.664930981774068,7.022351783655766,-5.477137548790053,-9.818515118344601,0.5622029926573888,-6.787466028260452,-27.66441303637886,-10.070565959236191,-9.69743610104614,-11.014887378906934,0.36257718195376437,-1.3145077422077889,-1.2064360140404387,40.41321269476912
247349400,ANTONIO MEUCCI,calibration,-648.6363888888889,PAST_GT24H,ITCTA,-37.26360939605165,-2.015418978043854,-11.962283096789207,-16.879757476643434,2.711991355433829,-0.9161012909127448,0.13870780423519352,0.11111812184098134,-12.63840758244712,-6.994598523804962,-15.201487899177362,-8.875249570287675,-2.215769813849409,-1.4370465226030582,-1.5025186177719276,40.41321269476912
247351700,GABBIANO,calibration,4051.849722222222,FUTURE_GT30D,AUGUSTA,16.34874620188344,1.592352298724592,-9.821324854916968,-23.28982954270887,-6.111917261060876,-9.54361199750946,-10.319839676936484,0.10023329347377193,-35.665508741510585,46.860985436878174,34.13859416130605,-11.152407820018428,-0.6259878922828094,-0.012190313095749694,-0.21401358322801653,40.41321269476912
247415600,PRYSMIAN MONNA LISA,calibration,18.578333333333333,FUTURE_0_7D,POZZUOLI S A F,-25.52623014323143,-26.521047751410556,-8.408943175648323,14.39202972521999,6.873655991071032,-7.075960900789177,-0.11196990489652238,-1.3827367988615213,-5.282531190088861,-2.983168940219608,-2.4341140288359955,-9.386773508221516,-1.7923733299339921,-2.6324063518321226,-19.193102673553412,40.41321269476912
247483800,LIPARI M,calibration,-3742.032222222222,PAST_GT24H,ITTRS,34.98008930471835,-8.027089697155967,3.305334989821998,3.1989083857359892,8.239910282003734,-2.720552624162577,0.3129402156770711,-0.5792079204856379,8.754274068283696,-4.862298347415246,-2.0541407402006517,-9.58465353845968,-1.633684595286291,0.5291950167459774,-0.31205888515319313,40.41321269476912
248422000,ELBELLA,calibration,-738.6,PAST_GT24H,MTMLA,29.152535401845785,-0.6941884350317715,-2.1677969816142153,8.087751162805235,-3.9984126626915066,-0.5012904619545178,0.6311275733876507,-1.3970557052263448,-12.749739282266946,-3.242343751682331,4.114106822082841,3.0623698720158856,0.24445215472964393,-1.403901724909218,-1.2457558725677282,40.41321269476912
249022000,CHEMICAL SAILOR,calibration,157.51916666666668,FUTURE_0_7D,ROTTERDAM,75.1633471585931,26.46688295866255,-1.2988427010924917,4.875636176199775,4.24599273882945,5.567796182060478,0.9059234776033954,0.38613541897939785,-10.064766879339762,0.6089553563996973,3.0320185425529402,2.3759482302375496,-1.0760771063340564,-0.11685887098962022,-1.158609059945328,40.41321269476912
249172000,CMA CGM TOKYO,calibration,10.320833333333333,FUTURE_0_7D,MTMAR,59.004423449772545,5.814449152257796,4.05273988972955,3.1288762863606134,9.962021691905463,5.198470224672558,0.9670391424627783,-0.05157039999165529,-20.406819011601016,2.873824437244978,5.893202151860758,1.3203854620039996,-0.8942048743304751,0.5828525533452722,0.14994404908279982,40.41321269476912
249742000,OBORISHTE,calibration,247.04694444444445,FUTURE_7_14D,IMMINGHAM,96.4651822571167,14.607809515501108,2.4106371643344873,2.6238728485090004,5.425559780826072,4.994762303124201,2.3197203993994737,-2.1192969205060255,3.605859105451105,3.445543237543577,11.400249777899743,0.8697417867774792,5.586961654434496,0.5238884587483249,0.35666045030452853,40.41321269476912
255801270,CORAL ESSBERGER,calibration,88.04194444444444,FUTURE_0_7D,ESCEU,46.51993292713996,-5.7225666787233065,0.12914810631165535,4.193387482232361,-2.7754197832168632,-8.092212892351526,0.3129402156770711,-0.1667699662042475,4.591379937807522,-1.5859623113672918,7.685972315743769,2.9541915622623054,1.7261722523233887,0.6359578523569622,2.2205021395190405,40.41321269476912
255915683,WES MADITA,calibration,83.2125,FUTURE_0_7D,IT RAN,-31.530849570451565,-6.910891204820174,4.664604769897212,-11.610628319582519,-19.255613986185583,-6.952793178613375,0.15495701108895643,-5.978738845034382,-32.325163584517696,3.4655192179753347,1.3764548955712792,-0.7946177961895767,0.9060821690360443,0.8734060069881586,0.4433605791656594,40.41321269476912
255915800,ADIYAMAN,calibration,-62.65,PAST_GT24H,ITAUG,-36.01964281104061,-10.374729948496265,-19.542707638648668,-27.78043957539586,4.941871096561386,-8.317382996797294,0.19168922090671595,-1.8235218709451082,-17.095937309589672,-0.5134153859118885,5.154554908714462,-0.09732808594955102,-1.8719397317995083,-2.904636924802137,3.6010687363436698,40.41321269476912
255970000,SIDER UNICORN,calibration,22.89138888888889,FUTURE_0_7D,ITTAR,39.97536092598424,-10.086968857560008,0.036555768346076996,-0.42205555185010146,-1.9134666648927867,-7.903362428082419,-0.11196990489652238,-0.36180460589000807,3.701449522740602,2.898164677952485,6.184982041875182,-0.08603103240289639,0.25806259994574005,0.9383684002696445,6.430224265660139,40.41321269476912
256227000,NQ ROSA,calibration,-80.62444444444445,PAST_GT24H,IT AUG,-43.5256894760673,-6.315869306733269,-12.969415059931466,-19.20083026509856,-0.385042137057346,-1.8149771286244483,1.7498546836538107,-0.17204388142139831,-14.724585544245286,0.3044185238880609,-18.458592039494448,-1.0082678249363335,-2.2035018650103435,-2.5040218375060994,-6.236028488319271,40.41321269476912
256286000,HISTRIA IVORY,calibration,44.58888888888889,FUTURE_0_7D,ITGOA,13.963867551386826,-3.732210198145119,-0.10431338842478889,2.670050450607775,-2.0316756545774246,-7.27141854083041,0.6311275733876507,1.0429881314162306,-17.174227708505043,-3.566454983373325,0.49640789324507184,0.8380635248298666,-0.9049211511015466,-0.20700858180832743,2.864247489897097,40.41321269476912
256392000,QUARTZ,calibration,19.25611111111111,FUTURE_0_7D,IT TARANTO,37.279056915292465,-8.55039032382616,3.690814678972782,3.271569582741446,-3.6749852178762725,-0.47066688807240437,0.3129402156770711,-2.0198261193205345,4.930675071433136,-1.8989593448965945,-0.511510009043343,0.48560899084279524,0.6048673737593255,0.265608870994889,0.4300973391372148,40.41321269476912
256607000,ST ELMO,calibration,6.985277777777778,FUTURE_0_7D,GIOIA TAURO,32.32014037975105,-10.052253530054987,-0.5104449453883846,5.704982508927526,-2.8894038188744617,-8.860121736283379,-0.4128163583661571,-1.0197378225635598,6.319133179425679,-3.5389539857556795,-0.359832724785904,0.40426395303651425,1.758427596557149,-1.064994811676261,6.428680180783837,40.41321269476912
256812000,VALPIAVE,calibration,80.78138888888888,FUTURE_0_7D,TR CEY,58.257499044233306,6.376438066919306,2.0878957082741314,3.227867193008257,-3.5164210862126093,-0.9559056346449382,0.40283512869035765,1.0311152273063575,4.107910544318028,0.6016014848702101,4.15261659686985,0.9234669896987742,-0.7906187398858553,0.3289060268521277,-0.1334211565998107,40.41321269476912
271002572,ZEUGMA SEAWAYS,calibration,40.78472222222222,FUTURE_0_7D,TRYAL,42.81714840907767,-12.386263236036998,12.347863964209042,5.730299327291522,-2.152921735109187,-7.002857769645167,0.9953638947147941,0.5645863624381553,2.0334866112640935,-1.745501276260249,5.633328310846524,3.0164831285368767,-0.27807654720430974,-1.1177564249866172,-3.234098895749929,40.41321269476912
271052090,MEHMET IMAMOGLU,calibration,65.5586111111111,FUTURE_0_7D,ITGOA,9.590537867099457,-11.529885735642281,0.4826268549681579,-9.771026260291602,2.5006446678923724,-7.290558560540219,0.41498727899930177,6.922265609339597,-17.210354513103912,2.5852324443856,-0.14520264469197813,2.604650225549181,-1.241917000828989,5.391799355590858,-4.535936549295756,40.41321269476912
273267690,ARIA,calibration,65.63694444444444,FUTURE_0_7D,EGPSD,65.52356875658748,7.384429307382846,6.084811996283271,4.265611049816681,-3.015498513054061,-1.3560568900725807,1.0070883524548813,0.971921832474792,-1.8412039711968358,3.290514473304665,5.761161078253974,3.298894733794521,-1.044731822495253,-0.06510683874705682,0.3685212736185135,40.41321269476912
304427000,TONY STARK,calibration,19.404166666666665,FUTURE_0_7D,ITTAR,45.91909971661392,-14.397756912920507,11.413000745398358,-1.9057311533065255,5.954399771656634,-0.4182185215235968,-0.022074991883235903,0.9383214389513937,1.6046639662941637,1.1820570521720297,-0.7927331698012089,2.098648825249092,0.5696823327127155,5.774286150443093,-6.4926585115975906,40.41321269476912
311775000,LALLA FATMA N'SOUMER,calibration,77.9036111111111,FUTURE_0_7D,DZ AZW,59.783709405515594,7.568874199539439,-0.5964102382171009,1.3367496611944838,-3.1068821035603107,-1.9058139380338515,1.6364143096767365,0.7000699991105647,7.029660820292963,1.1383265672385652,4.099511509603718,0.25192362776119137,0.903311298326087,0.8339317351476316,-0.5191707373336389,40.41321269476912
312107000,QUEEN LILA,calibration,52.70944444444444,FUTURE_0_7D,TRIST,56.64824708019884,9.976647752203354,4.936424907777116,4.643985896078583,-4.019176606017753,-2.0667814527612056,0.16209814497780245,-2.634089094445357,-3.960432126531777,4.594490333742613,3.4387845656328473,-1.2800677935627285,1.4582263680884338,-0.00866625720627649,0.9935897474540687,40.41321269476912
312333000,SAHIN 3,calibration,121.9675,FUTURE_0_7D,ES CAS,68.33298500323824,10.732810257181846,-2.035274224288325,-1.6219892392612638,7.911838137172035,4.226452542306815,0.0030055146403407326,-1.7550815738360677,4.047883225279349,1.8419757175310174,4.199667056808544,1.323354136102751,-0.19679197805739862,-0.2595620498975337,-0.4985152132130004,40.41321269476912
314652000,ANTARI,calibration,-270.8877777777778,PAST_GT24H,ORDER,-48.99928938545632,-31.46699749952126,4.444760024227486,-14.264723627492895,-3.7388108160575904,2.1644980659268374,-10.077534155165653,-2.264905035946692,-19.44686867909907,3.711504080969777,1.0989197440022285,1.9137109387943094,-0.42924655536161693,-6.180334880024759,-14.876473685476538,40.41321269476912
352002170,TOKUGAWA,calibration,31.070833333333333,FUTURE_0_7D,ITBRI,50.361018409308855,-4.548145556499471,3.688468107377378,3.589242801258435,-5.004510356663514,-7.911122762627593,0.6189754230787066,0.9146378176233579,3.7665904390313636,2.7186369095524654,9.461970537859123,2.0470731601721486,1.2865016869115864,-0.6199818731609555,-0.06053061937329807,40.41321269476912
352002473,RITI,calibration,54.09638888888889,FUTURE_0_7D,ALIAGA TURKEY,57.46561506595327,5.384009239501251,2.0297900788861636,2.8036514444532674,-4.032461918403428,-1.5420614889327031,0.6189754230787066,0.9270211768484649,3.6169501579360603,0.7956490716924269,5.378375321686915,1.4751271362269982,-0.4688969384982142,0.12847824255325405,-0.06220457584501324,40.41321269476912
352003495,KAI RUI,calibration,214.04666666666665,FUTURE_7_14D,NL RTM,67.44565261300434,7.312915224501235,0.4982730309335685,3.7846294713677504,-1.0933029563320629,4.907078232924135,0.29286624490886703,-0.2838999785261164,4.081715448554094,2.575397059505826,4.316712349281846,0.6322142766105885,0.5455257308594562,-0.9093573477169575,0.37167313136297964,40.41321269476912
353589000,GOODNESS 2,calibration,67.30972222222222,FUTURE_0_7D,PORT SAID,64.76247567612108,7.8071294031875675,7.094640459308738,3.029222962440086,-3.18884307972679,-1.1825184585481163,0.7909480580665323,0.9938760732743125,-1.8020164129697362,4.2289274953661415,5.088770653801753,2.1768632421310175,-0.9453225076628036,-0.11093618093525504,0.3685212736185135,40.41321269476912
356324000,SUNLIT,calibration,55.225,FUTURE_0_7D,ITGOA,30.719020006020408,1.2011295812777418,-3.0675030142000472,3.5111499056488036,6.727397244651552,5.976403427337553,0.6771784121942519,0.25973388801782543,-30.648298393447863,3.1992064100420903,5.242209472805303,1.8192591841628787,-0.2970520153570588,-3.012009993831415,-1.2829967980503312,40.41321269476912
403660000,RAWAN,calibration,83.1661111111111,FUTURE_0_7D,ES ALG,89.24763066179133,10.997371701860786,3.9098681256689014,5.663384795029014,8.397403690365513,5.197862497732847,0.7708740872983283,1.3318670234249579,-4.060676894274802,2.6281328593779185,5.376954839221944,6.742523368964817,-1.171910806046829,-1.8467735419770033,4.897536220375824,40.41321269476912
461000370,ELYTE,calibration,301.9436111111111,FUTURE_7_14D,FOR ORDERS,76.60742998130152,7.122294962940898,2.9653905846645787,3.7841913414634627,8.497413342317053,4.792859956602667,0.9059234776033954,0.25683650229341787,-1.3277436273336398,2.597342021744225,4.950099840286047,3.0741627071059328,-0.2804094695614623,-2.7560464438006917,1.6119020902065138,40.41321269476912
538004518,ALATAU,calibration,50.46111111111111,FUTURE_0_7D,GI GIB>TR CKZ,50.360724915634755,5.539258909869953,1.833937302501624,2.8162310548568987,-3.34284233232736,-1.6789623972404109,0.3129402156770711,-3.3096192210236177,3.5493765420319914,0.5649964934322227,4.273749748895303,1.3755681568415403,-0.9453225076628036,-0.2821951041954834,-0.7596046407912914,40.41321269476912
538005330,GENCO LION,calibration,68.48722222222223,FUTURE_0_7D,BRPMA>TRISK,59.40883770842217,5.447711846527568,1.1567024436375561,3.1228803905353177,-4.965993957643176,-1.8882228661437237,0.9371675040412335,1.1942042277776577,3.5957956017835437,2.216467055395315,3.7487520637954193,1.28207096170911,2.2709454981690818,0.9702904070295283,-0.09314616296138623,40.41321269476912
538007511,OLYMPIC FIGHTER,calibration,79.24527777777777,FUTURE_0_7D,GIGIB,8.951140679852998,23.79597029981736,-26.99503105163022,3.830288586565614,5.982870119046164,5.331346426279287,0.7708740872983283,0.7600012082670965,-34.26210476785348,4.210136469354972,1.9630099626277728,-14.588516199738784,-1.657780719308337,0.13101650100881526,-0.7341529366507147,40.41321269476912
538009183,FRONT FUTURE,calibration,284.9025,FUTURE_7_14D,PLGDN,77.25353721448072,7.491255846030537,0.4680024098727963,3.066126139816984,8.209695298479183,4.521126251037456,0.7653946155578727,0.3583383548966913,4.054615302596088,1.536505868463947,5.109995593351335,1.2133765323849912,0.7785515677648422,-0.6623761963618648,-0.07028306417926242,40.41321269476912
538009214,ECO MALIBU,calibration,79.08444444444444,FUTURE_0_7D,GIGIB,67.04725633315662,24.228160144951055,-2.0193413596371568,3.4701402355341107,-2.554304967358447,-2.25722621507861,1.0070883524548813,0.821884972338611,-7.119266172631747,3.279841146435053,6.53022179823924,2.618943406033775,-0.04549966536383164,-0.14160721747870855,-1.1849908200507195,40.41321269476912
538009968,NOLDE,calibration,68.24361111111111,FUTURE_0_7D,EG PSD,68.03421905270969,22.688663329708625,0.17599553531387457,4.276283410285587,-2.963215792226698,-1.0740448506660631,1.0070883524548813,0.9709402288706229,-8.433891022315706,3.9608607601676082,6.659971548753506,2.195003793679117,-0.6724225761239246,-0.00609459869533327,-1.1641317612655349,40.41321269476912
538010540,ATHANASIA,calibration,96.84388888888888,FUTURE_0_7D,GI GIB,82.09328578495834,24.453552168326866,-1.0469264544733121,3.0874679826868583,8.452402766323033,5.295882085185719,0.7708740872983283,0.4400926927334562,-8.650564756613297,2.599404239317608,5.326281542158216,0.978335320240327,0.5621343468345303,-0.30382287566291555,-0.2850400541662068,40.41321269476912
538010874,ARS ET LABOR,calibration,2.937777777777778,FUTURE_0_7D,MTMLA,23.489781746881604,0.04863187998122798,-3.451824002650063,3.7024039706346112,-0.5792344826306501,4.065417318784881,0.10505257796257139,-1.3208492898735151,-28.985464006925863,3.1019079347148253,4.671537857476794,1.609062877477348,0.8100702267642075,0.5006852352663544,-1.200829044870236,40.41321269476912
538011848,ASTROLIGHT,calibration,-79.60666666666667,PAST_GT24H,FOR ORDERS,61.08689414092139,8.98984059210168,7.149663957537882,3.3051082291537837,-2.1804682632127053,-1.5186517040909682,0.7909480580665323,0.6669683173167303,-2.467983020759729,-0.14867845542549035,5.403001512884075,2.651941816547618,-0.9746739410670295,-0.4107212660900014,-0.5826143868101106,40.41321269476912
563246500,LOWLANDS MUZE,calibration,-654.6719444444444,PAST_GT24H,GIGIB,77.5935394812453,24.883753426964493,-1.8744580690336579,2.921696177331343,5.665554934788729,6.362974994619133,0.7708740872983283,0.6663130692117725,-9.846569042917574,4.581623719209654,4.429459418249719,0.11391378563744656,-1.8650034047104032,0.7262429778529862,-0.3560492880257905,40.41321269476912
613471602,OCEAN WINGS,calibration,367.8183333333333,FUTURE_14_30D,PRIMORSK,84.97644912810858,11.044171311500236,0.8065565367254007,3.0050240168747195,15.24755565671196,5.460395795577136,0.42791563521393416,1.8088687257995693,3.5889485814472075,2.5312766513761833,2.485918989817936,1.4745810382745101,-0.2970180855365364,-2.761626781588325,-0.2593316388544795,40.41321269476912
629009126,PRIMA,calibration,96.38555555555556,FUTURE_0_7D,ITMFR,26.84807906633189,-11.226791800838686,-4.1620667502498945,-7.404117601121546,-1.9260339489259342,-1.928252872520792,-3.080878665807407,-0.37376401108740864,6.232414972018833,2.918307305411715,0.7634657149423667,1.3517474291340428,0.8062054753624899,1.4338539988308312,3.0307771264141623,40.41321269476912
636018926,VEGA SONG,calibration,75.9636111111111,FUTURE_0_7D,ESCEU,80.41993237161536,8.388718951730178,1.223464292394363,3.3861303390322117,10.749578733235978,4.959864339490548,-1.8458577565982317,0.4120970897655412,4.948799183126239,1.3086860823865218,5.205689021347155,-0.4209848380964276,1.5733518593014717,0.417366172218314,-0.3001837924876289,40.41321269476912
636020938,VELIKA,calibration,78.18888888888888,FUTURE_0_7D,MACAS,64.92322537438562,25.39282464185141,-2.4511150397446175,-0.003693790344851511,2.819639833140305,6.020298254238362,0.9012864553011862,-0.7513264207072282,-10.202514344719209,-0.9648148194699224,2.579845830795037,4.236008340934686,-1.921581652695889,-0.2157527955502698,-0.9290918134125005,40.41321269476912
636020986,GSL TRIPOLI,calibration,61.695,FUTURE_0_7D,MAPTM EGPSE,57.37027587486122,5.426595945383763,1.9159437382723732,1.7051667516211653,-4.482256090560027,-1.7536512866794154,0.6189754230787066,0.25544406084496285,8.218353949264346,-2.1915030274251297,2.3735195613993243,3.18528177281653,1.4233497735877818,0.419748259270988,-0.1579056507832654,40.41321269476912
636021665,MSC BERANGERE,calibration,41.39361111111111,FUTURE_0_7D,ITTRS,36.214030922871615,-8.275862726251086,4.337183718666504,2.3059586948228996,-3.0580787253237363,-7.040224542620798,0.52908051006542,-2.634453538210858,3.253046513056494,0.961036125913006,4.44351787427171,0.02797544936914935,0.41208475829851127,-0.6845186023840816,1.2240727184293654,40.41321269476912
636024336,BAM BAM,calibration,711.4619444444445,FUTURE_14_30D,FIUMICINO ITALY,-10.545988806712366,-34.06168193746948,-8.605589381009422,4.954995966769675,3.6680174367997855,2.9643109442335693,0.7653946155578727,0.40341679955317955,-8.47337594972503,2.3864690467069307,-0.17414011041481156,0.3629210518433729,0.6232531805256287,1.4629094033016865,-17.23610256815445,40.41321269476912
636024805,PAGE,calibration,27.54138888888889,FUTURE_0_7D,TRIZT,53.975375920575374,5.111894399822344,1.1404106975139128,-0.42162243840367175,-5.105589467292382,-1.63228997987242,1.9546063906392634,0.8891679151552899,3.6765199326896116,2.1583772003976462,2.793991492451882,0.025159222059316897,2.183405805183101,0.892742412958307,-0.10461035749594438,40.41321269476912
636025888,ARCHANGEL GABRIEL,calibration,12.133888888888889,FUTURE_0_7D,MALTA,36.564084553565166,-3.396728447840348,4.0820744894639684,8.78441165657636,-1.999170819089613,0.26593578266630535,0.9871131132309824,0.5465441374684473,-17.73886858032664,2.598049596273102,3.585233566534923,1.0611369339417476,-0.14950664781695833,-1.1030374634070674,-1.3723154588791664,40.41321269476912
636093237,ROSTRUM CYNIC,calibration,208.74416666666667,FUTURE_7_14D,BEGNE,73.22364042178347,7.452532642478196,0.37261098476712984,3.1554505472543504,6.748636581735722,3.8618625034976084,0.3827611579221536,0.6802771234068676,4.178445608451236,2.7197674203745055,3.8581270199080286,0.46438873415249987,-1.4774225659035183,0.5235480267872713,-0.11055805781768696,40.41321269476912
667001639,GAMMA STAR,calibration,48.32972222222222,FUTURE_0_7D,TR CKZ,56.651856503308515,5.404625562383917,0.9324378637095566,3.055066546681825,-3.6058483527402707,-2.041217989195808,-0.022074991883235903,1.1942042277776577,3.183574294510235,2.3873659948567267,3.804516414533409,1.0570354107466078,1.3580002606092958,-0.3758952704891331,-0.09314616296138623,40.41321269476912
219278000,HULDA MAERSK,final_test,46.50666666666667,FUTURE_0_7D,DZALG,61.26623904267658,7.777672295872745,0.40167561122054224,3.4881264873489806,-1.3656094077815972,4.698228265027261,-2.3606627901851116,-2.057187162485644,4.548086223270685,-0.5605264433424634,3.056199351571079,0.9998543325501967,1.8954607972646824,0.4771327161349715,-0.14542392855886674,40.41321269476912
220530000,KIRSTEN MAERSK,final_test,18.27888888888889,FUTURE_0_7D,SANTA PANAGIA,25.319931265502216,-3.666425601891579,0.5598985876009468,3.789362527920996,-6.482409079654819,-1.3788065718184965,0.6311275733876507,-2.1785753252136386,-18.123757640754377,-0.45812575138802747,4.50047016416466,7.7481647912477225,0.3126834274043052,-0.68549353342905,0.3386050031567952,40.41321269476912
228391700,LNG ADVENTURE,final_test,41.09111111111111,FUTURE_0_7D,FOR ORDERS,56.89994482779375,5.4733571252609865,4.116233578200072,1.3669574420427573,-3.0381570255960595,-1.417727836582773,1.0070883524548813,1.0752861279177024,-1.5598088652086997,1.479424530056436,4.396503426596407,3.2537830623962707,-0.0876703668374365,-1.1675764091003036,1.58903899142439,40.41321269476912
229603000,KIRAN ISTANBUL,final_test,62.52388888888889,FUTURE_0_7D,EG DAM,65.38386118426978,11.226680532931193,4.446892759402454,3.635593600489376,-3.046531432872649,-1.3048056295125794,1.0070883524548813,0.8821406110766815,-4.177917256321123,5.897654585000588,6.253851843766667,0.8020679135930192,-0.7774498417891829,0.6594640654789925,-0.5340816141976568,40.41321269476912
229705000,CMA CGM MARLIN,final_test,14.144166666666667,FUTURE_0_7D,MTMAR ITSAL,32.446072350393585,-16.596673964763877,-0.7625292948950697,3.412608179296809,2.3139644621793263,-6.3821925308251055,0.9174253184611751,-1.4336020869011632,5.149946803057736,2.810867986359679,-1.572106379181772,0.09862119983754745,1.9404527213290765,-0.30806404572691,2.444141287397022,40.41321269476912
232051710,OCEAN BAY,final_test,45.06805555555555,FUTURE_0_7D,GR KLL,62.39153495592667,6.833090184085286,2.243442628698392,4.21323543526144,-2.9381160981009047,-2.4601378156124087,0.6189754230787066,1.015820794642406,4.228368436540463,2.3793251773151143,4.809537495759967,0.5418506757709147,1.447370795321212,-0.5418689566081841,-0.41257191499485657,40.41321269476912
247141630,GIUSEPPE PADRE I,final_test,-2386.7766666666666,PAST_GT24H,PESCA,-87.85123141091049,-13.128028483842497,-32.89173900081381,-19.58938427774978,-15.123626043891413,-8.45961064622995,-8.12803824178551,-16.82196963900694,11.97219745558125,11.129695486347597,-35.315499381734995,-5.964776850792347,2.7572980676501024,-0.12492944488824367,1.4239668954769678,40.41321269476912
247164180,GIOVANNI E TOMMASO,final_test,-2514.8552777777777,PAST_GT24H,LICATA,6.361629978617856,-16.283646776325053,-10.231864367766885,-18.497391884801484,10.812210021228687,-11.992184071797414,-3.00706081742482,-5.413775039284068,20.354799644636557,-0.7818878835200067,0.673251088980466,-9.889795128758065,-2.780938404170566,10.18955358419849,2.797147318652894,40.41321269476912
247187200,CAPO MOLINI,final_test,-1791.3636111111111,PAST_GT24H,AUGUSTA,-109.5367382082203,9.9105100779017,-9.5777842580971,-25.746765999864877,-6.1240970961985495,-18.722466557336137,0.22877485947154338,-7.704463312286048,-37.78148834306729,-10.633409592131455,-38.31516635024662,-12.569501181280202,0.949595432863891,6.7305715160621045,-0.5942600987803253,40.41321269476912
247190400,DANTE A,final_test,13.348611111111111,FUTURE_0_7D,ITPMO,27.59433798677215,-9.538996805010326,0.37835174998327176,4.275137517387096,8.490448861871162,-7.973246228741474,0.3129402156770711,-1.0047251316094046,6.380232453064853,-3.0513360888989705,-1.6070790209187675,-9.642024648752887,-1.650311148864872,0.007008678975797182,1.8047248878404714,40.41321269476912
247209600,DURO,final_test,-3055.031388888889,PAST_GT24H,ITSP,8.16109817436616,-10.599711412125233,-6.520031703737643,-19.857490555966685,11.126527823833227,-12.427613181116245,-0.4453980380823678,-0.3065189967302516,15.375901023463072,-6.672681306727247,-0.6697154689264367,-9.36922916486652,-1.8788344742713654,7.195533616197822,2.797147318652894,40.41321269476912
247243700,IEVOLI FAST,final_test,45.184444444444445,FUTURE_0_7D,ITVDL,44.42288406612733,-3.183999426736048,-1.8588452706293903,2.8149007138783224,-4.434268665164389,-1.8794241302249894,0.3129402156770711,-1.4831970871912192,4.818422816707836,11.664373782920531,2.333799619331478,-7.676410045298391,-0.4180936961609083,0.6980342346099739,2.301438309638332,40.41321269476912
247427400,BEPPE,final_test,-528.6538888888889,PAST_GT24H,IT CTA,51.51994800859554,-8.466124167593476,-10.882209183767005,-17.565943907461055,1.7289395607217464,17.49405530021472,-2.5250020384294896,0.7291839475726796,15.268324614917207,-8.301708187909297,24.95950590519526,-7.751525888048308,-1.7923733299339921,7.290983991961148,0.9206286963862746,40.41321269476912
247484800,JOLLY VERDE,final_test,1.5058333333333334,FUTURE_0_7D,ITGIT,18.142270357495956,-3.010389008548411,-0.27093846334101684,4.806585588399827,-3.3065212036353264,-6.732713354145196,0.6311275733876507,7.1446142408470195,-18.581715765535662,5.643329326960691,-2.051129244134064,-6.218195228476634,0.4756258392270936,0.3002543480963448,-1.1008769863754884,40.41321269476912
248912000,TOSCANA,final_test,85.36472222222223,FUTURE_0_7D,PT SET,90.00802702954098,12.85316992051984,1.7514485672140392,0.8589500079748098,7.714620130795153,4.994115876435232,0.6482229162300787,0.5061227486957766,4.448965950691349,4.510358331193676,11.64046974834881,1.0619557815252356,-0.835443657167396,-0.9347081654576245,0.37656617777288703,40.41321269476912
249157000,CMA CGM ALTAMIRA,final_test,9.241944444444444,FUTURE_0_7D,HRRJK>MTMAR,52.76840192829413,-3.2183097193004766,3.1087172699487087,-1.2910951854004473,-2.6045694834310464,-1.7143322927363753,0.6189754230787066,1.049677757493768,3.238026923622772,3.1190914996920944,4.251461874515002,0.9697186159564165,-0.20000361951906226,3.503244640290812,1.52458552931414,40.41321269476912
249689000,BC MIKLAGARD,final_test,6.559722222222222,FUTURE_0_7D,MTMAR,36.2614437324355,-4.058515592184907,-2.0134386797746626,8.700658144776908,-2.5252124529738507,-0.8430687298890416,0.15495701108895643,0.5348074233374548,-11.881886187267128,2.365256065178643,3.302157259284729,0.7817789909698535,2.070507733285584,0.275425229943698,-1.0151951781098447,40.41321269476912
255915616,MSC LAGOS X,final_test,15.706666666666667,FUTURE_0_7D,ITNAP,35.05408419094542,-11.937988694393626,3.6110832500518697,4.191593417777764,5.311401946475789,1.9685527076709972,1.1748700577723425,-0.14351459351344037,-13.837020187897036,3.396465565987639,0.3552033596823912,0.11023162530805636,-1.1576283958573852,0.5861859388920339,1.0114354982189095,40.41321269476912
255916020,JAGUAR,final_test,-53.63861111111111,PAST_GT24H,ITAUG,-6.413818334690291,-7.7228647340731715,-15.008820990430086,-24.778740611115946,4.33426487586018,18.18028064602709,-9.72280547840429,-2.8649332848994553,-24.97472028730947,-7.770033388207789,25.12238684348103,1.3490290221022665,-2.4018454955755937,5.587591758932942,-6.155819905847142,40.41321269476912
255916596,LODUR,final_test,51.02055555555555,FUTURE_0_7D,FRFOS,68.64362627164114,7.972157115632917,0.40757132540607116,3.262599856367381,3.4628326727157757,4.646593561397401,0.3827611579221536,0.5416684092954726,4.912832636641859,0.3094144473251943,3.44891607668402,-0.3553302534868748,-1.071684698567691,0.5252864673422,-0.2152051978038693,40.41321269476912
256389000,EXPLORA I,final_test,29.825,FUTURE_0_7D,GRCFU,39.078431732478506,-7.062161460551269,1.5734894345261883,-2.4932626376410076,-0.6225603868132119,-7.054442729903398,0.40283512869035765,0.8999678966494888,5.1211901789975585,-0.9723605632855522,4.494950345898227,0.7182360322328363,-0.23546258536678433,-0.16624898090061793,4.061049365176572,40.41321269476912
273277650,STRATEG,final_test,398.5286111111111,FUTURE_14_30D,EG SUZ > RU MMK,93.82774410283885,7.712190472144192,3.3631673299517306,5.211179710141149,10.519859929603971,5.987214268665277,0.5178105482272207,1.3326215192479298,4.633130535452207,1.8126891726707322,5.152769356015353,7.088633558211718,-1.4116451294407635,1.7811245688424642,-0.28621443166345306,40.41321269476912
305032300,REK BRAVE,final_test,108.20694444444445,FUTURE_0_7D,TRISK,58.20390329867566,5.361005660764169,1.4888478654360526,3.195529064091814,-3.7411261379344056,-1.695056611984787,0.40283512869035765,0.9270211768484649,3.415473285457125,2.6414288100452326,5.794887772000413,1.609331870492811,-0.3988390570699906,-0.8970556276092547,-0.313592595321456,40.41321269476912
305177000,RMS FRATERNITY,final_test,52.62833333333333,FUTURE_0_7D,ROCND,61.35054385598772,6.382556832092895,4.512771177923584,4.694462287984857,-5.4773232003116235,-1.7568949945398513,0.38370207649809995,0.8473342685316332,-0.42898983391879,-1.0114218591272088,3.856757950863324,3.9308379591086635,1.9022151981164905,1.5122843065721407,1.58903899142439,40.41321269476912
305559000,BBC SHANGHAI,final_test,164.9413888888889,FUTURE_0_7D,NLEEM,47.181703634012884,-0.49897511445328696,-2.113955964884669,2.639739668413878,-5.894537135172311,-2.458368737635444,0.1260015151247832,-2.633016898632517,3.630599236377087,2.3619091285208316,2.383799183940249,3.1391068669219497,1.7749937332064858,0.7341703940800988,3.5770250634366265,40.41321269476912
311001819,WILSON NANJING,final_test,55.49722222222222,FUTURE_0_7D,SIKOP,-12.55526541057069,-5.827271882988387,5.412624346439148,1.197781351692321,-15.8562168001959,-7.231342016637204,0.57986713166255,-6.091856558532584,-28.670030454074162,2.177069580276776,0.26197431483384137,-1.0671182881632073,0.8335279059415308,0.8512376346011785,0.4612756298042935,40.41321269476912
314778000,JANET,final_test,75.30361111111111,FUTURE_0_7D,GRSKG,54.72342105449289,5.795435226617755,1.815812148726141,-0.09846676685003446,-2.5726467724626727,-2.081702950816749,-0.022074991883235903,0.7639321763771648,3.962302698885852,1.0205725442197178,3.5197586149741515,1.0116665962750644,1.2407425459427608,0.12608494848843657,-0.17120765877058147,40.41321269476912
341559000,PRINCESS BANA,final_test,-89.71888888888888,PAST_GT24H,LY TIP,37.29368716471346,-11.087054777435444,-0.02041465780554806,-2.351453335878457,-3.211631104054775,-7.713712136688598,0.52908051006542,-2.3804757444152775,3.819495392571797,3.369964749561501,8.565385265776259,1.3561931398892597,-1.1755389796514266,-0.25929465078152303,7.439930798791159,40.41321269476912
341945001,MERCY,final_test,38.64333333333333,FUTURE_0_7D,ITBLT,-22.971618413504018,-10.808652005160887,11.071957982221258,-15.472722745682631,-16.637029708814133,-6.9656567960522695,-0.022074991883235903,0.6445954936970152,4.977545302343257,3.174137645696766,5.809258168257323,0.2669781690816705,-0.8698971035510327,-15.037291385020902,-23.51597913340538,40.41321269476912
374608000,STEFANY,final_test,79.99555555555555,FUTURE_0_7D,MALTA,42.34072542406237,10.751140624463952,0.1515800128133532,-8.46289141959453,1.0636341291645826,4.467193834875966,0.6771784121942519,0.5233442377818306,-23.529007370590346,4.210506789427093,5.944308170963384,0.04595108134526267,0.8100702267642075,-0.23409972669844198,5.50860372638268,40.41321269476912
374676000,CHALLENGER 1,final_test,39.55083333333334,FUTURE_0_7D,ME BAR,-32.5301693773107,-8.595987094749738,2.6369190051681963,-17.099492376179214,-16.845359208746295,-7.263645969894729,-2.673632684238975,-1.689777645872781,4.082219580824376,2.536945849625797,7.121853671594549,0.726201971635914,0.5696823327127155,-15.194865329099098,-21.2544441748606,40.41321269476912
414665000,COSCOSHIPPINGFANRONG,final_test,68.03472222222223,FUTURE_0_7D,MARTAS,57.94646602446038,6.419687931712049,-0.7887604250584149,3.095854946021616,-4.0149848439784614,-2.1100889671473726,0.6189754230787066,0.7692942394165094,4.0487368896472535,2.900149954711298,4.693606518117772,0.3617468579976404,1.2879423791810722,0.22089663718275954,0.030195788808836416,40.41321269476912
477712800,CSCL PACIFIC OCEAN,final_test,30.37527777777778,FUTURE_0_7D,ITSPE,47.6642647610148,-16.958562904623307,18.923266705341447,4.65266077585459,3.8269664584530823,2.5374416038564376,1.1535075449340475,0.21081183978016257,-12.011016896492972,7.1524546067755255,-2.3238585911238907,0.6982791476981406,0.6086178002978478,-0.8253573442453234,-0.3941586802601153,40.41321269476912
538005400,STI FULHAM,final_test,22.146944444444443,FUTURE_0_7D,IT FCO,47.47716517351693,-16.258501643981937,1.5477583741129848,8.889309330130889,4.043885609439899,2.797315371833105,0.6754997025445861,0.043434624475578554,3.4225807443220715,2.464591015236225,0.20320651530713454,1.23388881681395,-1.0346307037130789,0.17025551326526317,-1.1346407910388563,40.41321269476912
538005410,STI HAMMERSMITH,final_test,7.234166666666667,FUTURE_0_7D,ITMLZ,35.52736310459356,-14.481113350955379,3.3217219174027512,8.716078280214113,5.769542101936767,1.9685527076709972,1.1020885327678456,-0.23888658098123985,-12.489268605891665,1.851184138332351,0.14508036241218428,1.687030140900415,-0.9625654069451935,0.3013765569693278,-1.5766703840088183,40.41321269476912
538006702,GH HOLIDAY,final_test,85.56611111111111,FUTURE_0_7D,GIGIB,72.81619799571536,22.907661039167444,-0.3363778840191958,3.751595900260848,-0.8929944127881583,4.406211068384585,0.7708740872983283,0.8466417835441963,-7.4804632123917445,3.400180685417291,5.108900048597483,2.288309321193323,-1.8650034047104032,0.5008995527873501,-1.0034492717951164,40.41321269476912
538010036,REACHY SUMMER,final_test,8.831388888888888,FUTURE_0_7D,MALTA,58.799426986525816,5.115615709677754,6.224823324671936,3.348616281667992,10.211997910846042,4.897343512842113,1.1020885327678456,-0.05157039999165529,-20.90226079409636,2.6992103150223947,4.887446898406252,1.3168319494154035,-0.7896742348770904,0.624393467873613,-0.29864818246954405,40.41321269476912
538010765,EXELIXSEA,final_test,42.000277777777775,FUTURE_0_7D,TR ALI,59.93790474934838,5.163061938332142,1.7131124453640527,2.7365503528971398,-3.2016631760199457,-1.4010824307806893,0.6189754230787066,1.090839932334747,3.942844939157162,2.1597542178521283,5.483682401339366,0.8984412187355916,-1.0153803890910271,0.6054830739784807,0.7300721074014059,40.41321269476912
538012016,MIDEA,final_test,3553.2683333333334,FUTURE_GT30D,MALTA,34.82990961001765,2.921478406810314,-3.370535620058012,0.6827637176619967,9.604840703147588,5.549142273932959,1.1020885327678456,0.03351351153950906,-30.740730017097253,2.5637362618845105,5.850080375125654,1.7397526810682318,0.8100702267642075,-1.0767935346081694,-1.2527106036908442,40.41321269476912
538090448,AVIVA,final_test,51.04055555555556,FUTURE_0_7D,TRIST,63.04545125507048,8.586269826690055,6.901616897413279,3.912653824087027,-4.3565292650915595,-1.1186605694420233,0.7909480580665323,0.7960532663773737,-3.1394770477270826,-0.9723046020345174,3.6321463795119677,5.3121297701336605,1.628041525684366,-0.10270594182222836,0.7620564384545121,40.41321269476912
563039700,MAERSK HANOI,final_test,565.4658333333333,FUTURE_14_30D,EGPSD>>OMSLL,83.98911499087188,10.302460744182454,-0.06706902627760711,2.961090251247046,13.37969758543938,6.871315536673816,0.5131735259250115,-1.6300322276677488,5.450775702194003,0.3647786687533473,3.404002806772796,3.1807324541809305,-2.0762854204728374,0.5833814979191344,0.3378801972330462,40.41321269476912
563281900,YM WINDOW,final_test,55.653888888888886,FUTURE_0_7D,DAMIETTA,60.08663142138547,8.815061283042265,6.80440021906941,2.5167601658329457,-2.7634289884063046,-1.5228730324286264,1.0070883524548813,0.9246296271211413,-3.283707128225356,2.855886665654687,3.950808118991056,2.0992122807552476,-0.8081577036889609,-0.5005888706607099,-0.4216722628953311,40.41321269476912
563947000,STRATEGIC UNITY,final_test,511.2925,FUTURE_14_30D,US BRO,84.07816751075654,9.355827607253351,0.2387446321959535,3.608538985691204,11.379542895169541,6.5990564735896715,0.3827611579221536,0.3484695493064568,5.2760226417743965,3.3653317605526754,5.01194697004134,-0.6030552598295812,-1.171910806046829,0.3408045333758446,-0.4671263250087567,40.41321269476912
566598000,HAFNIA TORRES,final_test,5.362777777777778,FUTURE_0_7D,MALTA FOR ORDERS,62.103981891421355,6.3175390492819234,0.8704345541060897,3.214955696225366,-1.6485340960222992,0.8747307809956612,0.3827611579221536,0.6433494373135152,4.396574108685629,0.66867899289328,4.051912241469564,1.1221826522621794,0.7702947971476732,0.22961085494640904,-0.2037210305749064,40.41321269476912
566619000,SV ADELAIDE,final_test,94.78305555555555,FUTURE_0_7D,ALGECIRAS,69.99346132584868,26.714216882170064,-2.0404301926222983,0.9499914652664553,4.460493097388371,6.572393978902074,0.6809791742850417,-0.4154786845466567,-11.134040146306782,1.3247823636074176,3.1706537876230203,2.074056999345286,-2.79046357664999,1.002029205941921,-0.9889357233243562,40.41321269476912
566716000,THOR BRAVE,final_test,93.10305555555556,FUTURE_0_7D,GIBRALTAR,79.89493931462499,25.403578612635066,-1.7045467371897811,3.0890176164063092,5.691177626045653,5.912861112639385,0.7708740872983283,0.6663130692117725,-9.801020416671134,4.09055991199108,4.620330563523721,0.44661374500596707,0.5621343468345303,0.01887313629117278,-0.2850400541662068,40.41321269476912
636016017,HISTRIA  AMBRA,final_test,14.698611111111111,FUTURE_0_7D,ITGAE,39.283536779366834,-20.932275797739695,9.54394427924931,7.798004124775085,3.3779951789224434,2.971240869756482,0.3827611579221536,0.3543146101036115,1.787803005355827,0.22697863100481563,-0.5034356943844397,0.5384124626614313,-1.2723811889816563,-1.4887624980070695,-3.914275056040583,40.41321269476912
636016125,TRAIGUEN,final_test,143.1136111111111,FUTURE_0_7D,TRALI>GBFXT,63.14143476625799,7.089393434396871,1.7147191751722985,-0.5447526061656056,-1.4049215216775535,4.966777182955952,1.4002000445201837,0.7222161390319225,4.782462892347946,2.8390743572348676,4.046984702199158,-1.29709885651065,-1.6809482035292287,0.36595276389946807,-0.2718374323867594,40.41321269476912
636018088,ASL TIA,final_test,62.4425,FUTURE_0_7D,EG ALY,65.02432042404041,9.754551079508893,7.295640099362281,3.705705045181566,-2.804858105009743,-1.073474907955217,1.0070883524548813,0.8300573177880303,-2.647936933922804,4.354754860432241,5.899852525503714,0.22818260380296457,-0.8606766213140788,-0.4547595284725117,-0.6230180580889234,40.41321269476912
636021231,MSC LILA F,final_test,54.15083333333333,FUTURE_0_7D,ITGIT,-16.010455946154615,-4.795797659555295,-0.5062960517202107,-12.380047414754959,-6.729808007521418,-5.53804972828906,0.41498727899930177,0.6093583095763736,-26.315769712239355,-2.0748930374939665,0.06883103963512933,-1.9334547068800276,-0.03170450520175337,0.1248884295549727,2.6640871249665112,40.41321269476912
636021767,HONG G,final_test,321.9913888888889,FUTURE_7_14D,FOR ORDERS,79.37193407443061,12.694505824105773,0.7425231527157536,3.9749178098608473,7.1428508264845325,5.876323263949087,0.6998254466515171,0.49426009268793236,-6.063268168798553,3.8280676922418064,4.588578300935168,-0.3957383435973325,0.8794529998869096,-0.16138572808142612,4.6578082106194785,40.41321269476912
636022969,HAN WU KOU,final_test,49.81,FUTURE_0_7D,ALEXANDRIA,25.46918049800488,-3.4436403703887866,-1.7230197704804397,0.9985249978502049,-4.2290974098069904,-0.7096089983177551,1.3466429462557032,0.5206302941061935,-28.249279595727362,15.895599672111993,4.401833246674586,-0.9459278470080349,2.1707548924201063,0.5539892742238246,-1.5314335286774738,40.41321269476912
636024011,POPI SAZAKLIS,final_test,183.4025,FUTURE_7_14D,FRLEH,83.20372798443195,10.31320769697921,1.796245008787511,1.0186756792312033,10.3400647532532,5.684853886676532,0.29286624490886703,-1.2264724479231577,5.151484255698454,1.5469376548831124,4.738134751042327,0.33205661405729786,1.2059217953927954,0.879677680235398,0.7168617164400908,40.41321269476912
