mmsi,m16a_outer_fold,target_tte_h,canonical_destination,destination_norm,ship_type_cat,reference_eta_status,confidence_tier,physics_eligible,m16d_gate_used,m16d_neighbour_count,outer_train_destination_support,destination_support_bucket,pred_m16g_selected_h,pred_m16e_physics_gate_h,p10_h,p50_h,p90_h,covered_80,ae_m16g_h,ae_best_single_h,gain_h_vs_best_single,pred_official_m16g_h,pred_best_single_m16e_h,pred_no_physics_structural_h,pred_no_route_structural_h,pred_no_canonical_destination_proxy_h,pred_no_longitudinal_history_proxy_h,pred_global_route_no_destination_gate_h
210627000,1,-20.6094444444,ITAUG,ITAUG,Cargo 📦,PAST_1_24H,LOW,False,destination,9,22,SUPPORTED_6PLUS,-131.524088008,-166.650833333,-354.062399314,-131.524088008,91.0142232982,1,110.914643564,146.041388889,35.126745325,-131.524088008,-166.650833333,-96.3973426829,-31.3823036859,-59.0636831295,-45.2229934077,-120.646388889
210688000,4,54.3475,ITLIV,IT LIV,Tanker — Hazardous cat. B,FUTURE_0_7D,MEDIUM,False,destination_fallback_global,5,2,RARE_1_2,44.9947106481,-79.6436111111,-10.2409516371,44.9947106481,100.230372933,1,9.3527893519,133.991111111,124.638321759,44.9947106481,-79.6436111111,44.9947106481,44.9947106481,48.3297222222,44.9947106481,-79.6436111111
212690000,3,-0.651944444444,ITAUG,AUGUSTA,Cargo 📦,PAST_LT1H,LOW,False,destination,9,17,SUPPORTED_6PLUS,-62.768948114,-36.7822222222,-203.686348787,-62.768948114,78.1484525595,1,62.1170036696,36.1302777778,-25.9867258918,-62.768948114,-36.7822222222,-62.768948114,-62.768948114,41.2856133462,41.2856133462,10.1502777778
215035000,1,43.6044444444,ITRAN,RAVENNA,Tanker — No info,FUTURE_0_7D,HIGH,True,destination,5,5,LOW_3_5,43.6720331675,35.2951260601,7.90646649253,43.6720331675,79.4375998425,1,0.0675887231,8.3093183843,8.2417296612,43.6720331675,35.2951260601,49.502962963,37.841103372,41.3936111111,45.1971109818,41.3936111111
215054000,3,12.3469444444,ITSPA,IT SPA,Tanker — No info,FUTURE_0_7D,LOW,False,destination,5,5,LOW_3_5,-61.8418667344,-186.653611111,-135.632207364,-61.8418667344,11.9484738952,0,74.1888111788,199.000555555,124.811744377,-61.8418667344,-186.653611111,-61.8418667344,-61.8418667344,14.8109767371,14.8109767371,36.4436111111
215178000,4,84.3366666667,TRTUT,TR TUT,Tanker — No info,FUTURE_0_7D,MEDIUM,False,destination_fallback_global,5,0,COLD_0,75.5544444444,75.5544444444,25.5661794943,75.5544444444,125.542709395,1,8.7822222223,8.7822222223,0,75.5544444444,75.5544444444,75.5544444444,48.3297222222,75.5544444444,55.0434748187,75.5544444444
215232000,0,-100.135833333,ITCTA,CATANIA SICILY,Rimorchiatore,PAST_GT24H,LOW,False,destination,3,3,LOW_3_5,-17.3619444444,-17.3619444444,-114.255547757,-17.3619444444,79.5316588683,1,82.7738888886,82.7738888886,0,-17.3619444444,-17.3619444444,-17.3619444444,27.7754306377,10.5536111111,13.3027748136,10.5536111111
215270000,2,69.0805555556,ESCAR,ESCAR,Tanker — Hazardous cat. A,FUTURE_0_7D,MEDIUM,False,global,9,1,RARE_1_2,49.8680555556,64.7330555556,-10.5261640105,49.8680555556,110.262275122,1,19.2125,4.3475,-14.865,49.8680555556,64.7330555556,49.8680555556,49.8680555556,-15.3402777778,49.8680555556,64.7330555556
215282000,1,64.0183333333,EGPSD,EGPSD,Petroliera/Tanker 🛢️,FUTURE_0_7D,HIGH,True,destination,9,12,SUPPORTED_6PLUS,59.7473063973,65.0885056982,26.6551903096,59.7473063973,92.839422485,1,4.271026936,1.0701723649,-3.2008545711,59.7473063973,65.0885056982,59.2457239057,59.2457239057,60.2488888889,58.2292376003,60.2488888889
215481000,4,97.6213888889,GIGIB,GIGIB,Petroliera/Tanker 🛢️,FUTURE_0_7D,HIGH,True,destination,5,18,SUPPORTED_6PLUS,98.8652680464,98.8652680464,72.5552494239,98.8652680464,125.175286669,1,1.2438791575,1.2438791575,0,98.8652680464,98.8652680464,74.8519444444,98.8652680464,33.0186111111,33.4929696019,33.0186111111
215498000,0,-117.643055556,ITSPA,ITSPA,Petroliera/Tanker 🛢️,PAST_GT24H,LOW,False,destination,8,8,SUPPORTED_6PLUS,-163.314166667,-163.314166667,-284.649027246,-163.314166667,-41.9793060875,1,45.671111111,45.671111111,0,-163.314166667,-163.314166667,-163.314166667,-130.83350823,-139.610277778,-76.5187505889,-139.610277778
215826000,0,70.8777777778,TRDER,IT AUG > TR DER,Tanker — No info,FUTURE_0_7D,MEDIUM,False,destination_fallback_global,9,0,COLD_0,50.8336111111,27.3138888889,-5.72842835069,50.8336111111,107.395650573,1,20.0441666667,43.5638888889,23.5197222222,50.8336111111,27.3138888889,50.8336111111,50.8336111111,50.8336111111,50.8336111111,27.3138888889
215867000,4,61.9911111111,ESVLC,ITAUG>ESVLC,Petroliera/Tanker 🛢️,FUTURE_0_7D,MEDIUM,True,destination_fallback_global,5,2,RARE_1_2,62.4724017845,62.4724017845,26.7570520059,62.4724017845,98.1877515631,1,0.4812906734,0.4812906734,0,62.4724017845,62.4724017845,39.4214156566,62.4724017845,48.3297222222,-192.15797315,68.9125
215909000,2,9.765,ITVVA,IT VVA,Tanker — Hazardous cat. A,FUTURE_0_7D,MEDIUM,False,global,9,0,COLD_0,18.4938888889,18.4938888889,-42.9008286316,18.4938888889,79.8886064094,1,8.7288888889,8.7288888889,0,18.4938888889,18.4938888889,18.4938888889,49.8680555556,18.4938888889,42.4831111541,18.4938888889
215958000,4,27.3138888889,ITFCO,ITFCO,Petroliera/Tanker 🛢️,FUTURE_0_7D,HIGH,False,destination_fallback_global,5,0,COLD_0,18.5783333333,18.5783333333,-12.7727511438,18.5783333333,49.9294178104,1,8.7355555556,8.7355555556,0,18.5783333333,18.5783333333,18.5783333333,48.3297222222,18.5783333333,37.9894303604,18.5783333333
215993000,4,22.0844444444,ITMNP,ITMNP,Petroliera/Tanker 🛢️,FUTURE_0_7D,MEDIUM,False,destination_fallback_global,5,1,RARE_1_2,54.7930555556,54.7930555556,12.5247473891,54.7930555556,97.0613637221,1,32.7086111112,32.7086111112,0,54.7930555556,54.7930555556,54.7930555556,48.3297222222,54.7930555556,16.5196161271,54.7930555556
219028212,1,78.6966666667,ROMID,RO MID,Cargo 📦,FUTURE_0_7D,MEDIUM,False,destination_fallback_global,9,0,COLD_0,52.5459870742,52.7094444444,-0.648418451192,52.5459870742,105.7403926,1,26.1506795925,25.9872222223,-0.1634573702,52.5459870742,52.7094444444,52.382529704,46.6986111111,52.7094444444,51.9245005464,52.7094444444
219031822,1,9.26722222222,NON_SPECIFIC,WORKSITE,Non disponibile,FUTURE_0_7D,LOW,False,destination_fallback_global,9,2,RARE_1_2,36.5624394463,21.2675,-206.168419332,36.5624394463,279.293298225,1,27.2952172241,12.0002777778,-15.2949394463,36.5624394463,21.2675,51.8573788927,258.44900463,38.7045668908,148.57678576,21.2675
219110000,1,175.056111111,GBTBY,EGPSD>GBTBY,Cargo — Hazardous cat. A,FUTURE_7_14D,LOW,False,destination_fallback_global,9,0,COLD_0,57.5136111111,57.5136111111,-72.5684581924,57.5136111111,187.595680415,1,117.5425,117.5425,0,57.5136111111,57.5136111111,57.5136111111,46.6986111111,57.5136111111,60.2622503119,57.5136111111
219133000,2,58.2141666667,ILHFA,BEANR>ILHFA,Cargo — No info,FUTURE_0_7D,LOW,False,global,9,1,RARE_1_2,52.7875,52.7875,-22.2214214685,52.7875,127.796421469,1,5.4266666667,5.4266666667,0,52.7875,52.7875,52.7875,49.8680555556,52.7875,50.7523776975,52.7875
219210000,0,692.941388889,SGSIN,EGDAM>>SGSIN,Cargo — Hazardous cat. A,FUTURE_14_30D,LOW,False,destination_fallback_global,9,1,RARE_1_2,301.943611111,301.943611111,145.883303239,301.943611111,458.003918983,0,390.997777778,390.997777778,0,301.943611111,301.943611111,301.943611111,50.8336111111,301.943611111,74.1666872592,301.943611111
219303000,0,1.77916666667,ITMLZ,MESSINA>MILAZZO,Petroliera/Tanker 🛢️,FUTURE_0_7D,HIGH,True,destination_fallback_global,9,1,RARE_1_2,5.05277716038,5.05277716038,-36.0389389453,5.05277716038,46.144493266,1,3.27361049371,3.27361049371,0,5.05277716038,5.05277716038,40.9797222222,5.05277716038,50.8336111111,52.2801922189,40.9797222222
219432000,0,-79.6436111111,ITAUG,ITAUG,Tanker — Hazardous cat. B,PAST_GT24H,LOW,False,destination,9,19,SUPPORTED_6PLUS,-36.7822222222,-36.7822222222,-143.542468278,-36.7822222222,69.9780238335,1,42.8613888889,42.8613888889,0,-36.7822222222,-36.7822222222,-36.7822222222,-23.1539699644,23.0305555556,-31.6953388816,23.0305555556
219550000,2,6.19583333333,AMBIGUOUS:MALTA,MALTA,Cargo 📦,FUTURE_0_7D,MEDIUM,False,global,9,3,LOW_3_5,30.8468811714,92.2597222222,-22.2181206463,30.8468811714,83.9118829891,1,24.6510478381,86.0638888889,61.4128410508,30.8468811714,92.2597222222,30.8468811714,30.8468811714,5.45166666667,30.8468811714,92.2597222222
219608000,0,41.2513888889,EGPSD,OMSLV>>EGPSD,Cargo — Hazardous cat. A,FUTURE_0_7D,HIGH,True,destination,9,10,SUPPORTED_6PLUS,44.1185332069,44.1185332069,7.80475713549,44.1185332069,80.4323092783,1,2.867144318,2.867144318,0,44.1185332069,44.1185332069,56.8700231481,44.1185332069,56.3113370155,56.5906800818,58.6833333333
228481700,3,57.5136111111,ESALG,ESALG,Petroliera/Tanker 🛢️,FUTURE_0_7D,HIGH,True,destination,6,6,SUPPORTED_6PLUS,58.1809699039,58.1809699039,21.21123501,58.1809699039,95.1507047978,1,0.6673587928,0.6673587928,0,58.1809699039,58.1809699039,83.1661111111,58.1809699039,90.6488888889,100.948484529,75.9636111111
229331000,1,1.55583333333,MTMLA,MTMLA,Cargo — Hazardous cat. A,FUTURE_0_7D,HIGH,True,destination,9,12,SUPPORTED_6PLUS,4.12338961236,5.98566811361,-30.7596504861,4.12338961236,39.0064297109,1,2.56755627903,4.42983478028,1.86227850125,4.12338961236,5.98566811361,2.26111111111,5.98566811361,4.05680555556,-54.8883218771,3.58555555556
229370000,3,65.5713888889,EGALY,EG ALY,Tanker — No info,FUTURE_0_7D,MEDIUM,False,destination_fallback_global,9,0,COLD_0,59.5738888889,59.5738888889,13.3783347086,59.5738888889,105.769443069,1,5.9975,5.9975,0,59.5738888889,59.5738888889,59.5738888889,48.3297222222,59.5738888889,42.1619977589,59.5738888889
229412000,1,68.0102777778,FRLAV,FRLAV,Tanker — Hazardous cat. A,FUTURE_0_7D,MEDIUM,False,destination_fallback_global,9,0,COLD_0,65.3591666667,65.3591666667,5.46548023708,65.3591666667,125.252853096,1,2.6511111111,2.6511111111,0,65.3591666667,65.3591666667,65.3591666667,46.6986111111,50.0833965822,48.3910038467,65.3591666667
229456000,0,85.9019444444,ESALG,ESALG,Tanker — Hazardous cat. A,FUTURE_0_7D,HIGH,True,destination,6,6,SUPPORTED_6PLUS,88.3558926546,88.3558926546,49.751519556,88.3558926546,126.960265753,1,2.4539482102,2.4539482102,0,88.3558926546,88.3558926546,74.9296746001,88.3558926546,61.9911111111,59.6893598956,61.9911111111
229471000,0,256.149722222,NON_SPECIFIC,ATLANTIC OCEAN,Tanker — Hazardous cat. A,FUTURE_7_14D,LOW,False,destination,3,3,LOW_3_5,88.3597981434,2378.25222222,-75.8510688149,88.3597981434,252.570665102,0,167.789924079,2122.1025,1954.31257592,88.3597981434,2378.25222222,88.3597981434,88.3597981434,60.2819262951,60.2819262951,77.9036111111
229548000,0,-3047.71833333,ESVLC,ESVLC,Cargo 📦,PAST_GT24H,HIGH,True,destination_fallback_global,9,2,RARE_1_2,49.9563422215,49.9563422215,13.239089522,49.9563422215,86.673594921,0,3097.67467555,3097.67467555,0,49.9563422215,49.9563422215,94.7054169309,49.9563422215,102.727283989,77.1751022568,232.388333333
229648000,1,68.2094444444,TEXT:TANGER MED2,TANGER MED2,Cargo — Hazardous cat. A,FUTURE_0_7D,LOW,False,destination_fallback_global,9,0,COLD_0,90.5836111111,90.5836111111,22.6454918129,90.5836111111,158.521730409,1,22.3741666667,22.3741666667,0,90.5836111111,90.5836111111,90.5836111111,46.6986111111,86.4893817197,66.5939964154,90.5836111111
230723000,2,37.9788888889,ITMNF,ITMNF,Cargo 📦,FUTURE_0_7D,LOW,False,global,9,0,COLD_0,49.8680555556,45.8775,-37.8685048431,49.8680555556,137.604615954,1,11.8891666667,7.8986111111,-3.9905555556,49.8680555556,45.8775,49.8680555556,49.8680555556,49.8680555556,49.8680555556,45.8775
232012490,0,205.648333333,NLTNZ,NL TNZ,Cargo 📦,FUTURE_7_14D,LOW,False,destination_fallback_global,9,0,COLD_0,99.9887688328,72.7880555556,3.16174385181,99.9887688328,196.815793814,0,105.6595645,132.860277777,27.2007132772,99.9887688328,72.7880555556,99.9887688328,99.9887688328,87.2500708884,87.2500708884,72.7880555556
232026551,0,26.8955555556,GRGYT,MT MLA > GR GYT,Non disponibile,FUTURE_0_7D,MEDIUM,False,destination_fallback_global,9,0,COLD_0,50.8336111111,54.0591666667,-20.5940433155,50.8336111111,122.261265538,1,23.9380555555,27.1636111111,3.2255555556,50.8336111111,54.0591666667,50.8336111111,50.8336111111,50.8336111111,50.8336111111,54.0591666667
232058998,3,85.6202777778,GIGIB,GBGIB,Petroliera/Tanker 🛢️,FUTURE_0_7D,HIGH,True,destination,9,14,SUPPORTED_6PLUS,87.078356905,87.078356905,61.6011359757,87.078356905,112.555577834,1,1.4580791272,1.4580791272,0,87.078356905,87.078356905,81.5162195276,87.078356905,64.8767729756,73.1964962516,90.6488888889
232061535,0,4.87833333333,MTMLA,MTMLA,Cargo — Hazardous cat. A,FUTURE_0_7D,HIGH,True,destination,9,11,SUPPORTED_6PLUS,4.33229027834,4.33229027834,-32.1985719787,4.33229027834,40.8631525354,1,0.54604305499,0.54604305499,0,4.33229027834,4.33229027834,4.08990457196,4.33229027834,3.88861111111,-26.4479504906,77.9036111111
232062004,0,290.709722222,GBBRS,GBBRS,Cargo 📦,FUTURE_7_14D,LOW,False,destination_fallback_global,9,0,COLD_0,230.653333333,230.653333333,42.6504432953,230.653333333,418.656223371,1,60.056388889,60.056388889,0,230.653333333,230.653333333,230.653333333,50.8336111111,230.653333333,57.0877906096,230.653333333
232063279,3,502.520555556,ARSLO,AR SLO,Tanker — No info,FUTURE_14_30D,LOW,False,destination_fallback_global,9,0,COLD_0,303.231666667,303.231666667,56.1576276023,303.231666667,550.305705732,1,199.288888889,199.288888889,0,303.231666667,303.231666667,303.231666667,48.3297222222,303.231666667,29.2220654545,303.231666667
235010170,4,27.5930555556,GRSTN,GR STN,Cargo 📦,FUTURE_0_7D,MEDIUM,False,destination_fallback_global,5,0,COLD_0,34.4072222222,34.4072222222,0.0420928688094,34.4072222222,68.7723515756,1,6.8141666666,6.8141666666,0,34.4072222222,34.4072222222,34.4072222222,48.3297222222,34.4072222222,48.0428241086,34.4072222222
236623000,0,38.715,FOR_ORDERS,FO,Petroliera/Tanker 🛢️,FUTURE_0_7D,LOW,False,destination,9,21,SUPPORTED_6PLUS,38.3047745097,232.388333333,-120.303370314,38.3047745097,196.912919333,1,0.4102254903,193.673333333,193.263107843,38.3047745097,232.388333333,38.3047745097,38.3047745097,54.1973527581,54.1973527581,48.3297222222
238066000,0,30.7016666667,TRCKZ,TRCKZ,Petroliera/Tanker 🛢️,FUTURE_0_7D,MEDIUM,False,destination_fallback_global,9,2,RARE_1_2,49.5396682099,72.305,-5.57994617515,49.5396682099,104.659282595,1,18.8380015432,41.6033333333,22.7653317901,49.5396682099,72.305,49.5396682099,49.5396682099,50.8336111111,49.5396682099,72.305
240544000,1,50.1938888889,TRIZM,TRIZM,Altro,FUTURE_0_7D,MEDIUM,False,destination_fallback_global,9,0,COLD_0,40.7847222222,40.7847222222,-10.7373852564,40.7847222222,92.3068297008,1,9.4091666667,9.4091666667,0,40.7847222222,40.7847222222,40.7847222222,46.6986111111,40.7847222222,42.9790463146,40.7847222222
240633000,3,115.341388889,GIGIB,GBGIB,Petroliera/Tanker 🛢️,FUTURE_0_7D,HIGH,True,destination,9,14,SUPPORTED_6PLUS,96.3095729183,96.3095729183,67.6198963483,96.3095729183,124.999249488,1,19.0318159707,19.0318159707,0,96.3095729183,96.3095729183,84.0602777778,96.3095729183,87.1966261354,84.3564228315,250.311388889
240788000,2,40.0636111111,GRPIR,PIRAEUS,Petroliera/Tanker 🛢️,FUTURE_0_7D,HIGH,False,global,9,2,RARE_1_2,49.8680555556,25.8052777778,11.3394637385,49.8680555556,88.3966473727,1,9.8044444445,14.2583333333,4.4538888888,49.8680555556,25.8052777778,49.8680555556,49.8680555556,49.8680555556,49.8680555556,25.8052777778
240878000,4,428.973333333,FOR_ORDERS,GALVESTON FOR ORDER,Tanker — No info,FUTURE_14_30D,LOW,False,destination,5,18,SUPPORTED_6PLUS,112.773011165,69.0719444444,31.9909788106,112.773011165,193.555043519,0,316.200322168,359.901388889,43.7010667206,112.773011165,69.0719444444,112.773011165,112.773011165,76.7299694539,76.7299694539,79.1775
240893000,3,298.963611111,COCVE,CO CVE,Petroliera/Tanker 🛢️,FUTURE_7_14D,MEDIUM,False,destination_fallback_global,9,0,COLD_0,48.3297222222,10.1502777778,0.924086544407,48.3297222222,95.7353579,0,250.633888889,288.813333333,38.1794444444,48.3297222222,10.1502777778,48.3297222222,48.3297222222,48.3297222222,48.3297222222,10.1502777778
240942000,1,18.4938888889,ITNAP,IT NAP,Petroliera/Tanker 🛢️,FUTURE_0_7D,HIGH,True,destination,5,5,LOW_3_5,24.0156250281,19.1043980184,-8.26277943093,24.0156250281,56.2940294871,1,5.5217361392,0.6105091295,-4.9112270097,24.0156250281,19.1043980184,28.9268520378,28.9268520378,34.7512387353,35.5946008491,21.2675
241287000,0,390.611388889,FOR_ORDERS,FOR ORDERS,Petroliera/Tanker 🛢️,FUTURE_14_30D,LOW,False,destination,9,21,SUPPORTED_6PLUS,-5.65111111111,-5.65111111111,-112.448787536,-5.65111111111,101.146565314,0,396.2625,396.2625,0,-5.65111111111,-5.65111111111,-5.65111111111,272.870095568,69.0805555556,162.279907841,69.0805555556
241298000,4,40.9797222222,FRMRS,FRMRS,Cargo 📦,FUTURE_0_7D,MEDIUM,False,destination_fallback_global,5,1,RARE_1_2,34.4177777778,34.4177777778,-4.87452967054,34.4177777778,73.7100852261,1,6.5619444444,6.5619444444,0,34.4177777778,34.4177777778,34.4177777778,48.3297222222,34.4177777778,42.4807969745,34.4177777778
241618000,1,175.416666667,GBPTL,GBPTL,Tanker — No info,FUTURE_7_14D,LOW,False,destination_fallback_global,9,0,COLD_0,93.8390002413,95.2236111111,15.5378644931,93.8390002413,172.140135989,0,81.5776664257,80.1930555559,-1.3846108698,93.8390002413,95.2236111111,92.4543893715,46.6986111111,71.3702166002,59.0344138557,95.2236111111
241689000,2,232.388333333,FOR_ORDERS,SKAW FOR ORDERS,Petroliera/Tanker 🛢️,FUTURE_7_14D,LOW,False,global,9,18,SUPPORTED_6PLUS,170.472201393,84.285,-61.8131180609,170.472201393,402.757520847,1,61.91613194,148.103333333,86.187201393,170.472201393,84.285,170.472201393,170.472201393,83.8971328648,83.8971328648,84.285
241745000,0,48.4636111111,FOR_ORDERS,FOR ORDERS,Petroliera/Tanker 🛢️,FUTURE_0_7D,LOW,False,destination,9,21,SUPPORTED_6PLUS,164.166401438,303.231666667,1.58648750841,164.166401438,326.746315368,1,115.702790327,254.768055556,139.065265229,164.166401438,303.231666667,164.166401438,164.166401438,80.5799493874,80.5799493874,318.020277778
241751000,4,32.6686111111,ITPFX,ITPFX,Tanker — Hazardous cat. A,FUTURE_0_7D,MEDIUM,False,destination_fallback_global,5,2,RARE_1_2,45.8294714506,16.4616666667,-2.75287901929,45.8294714506,94.4118219205,1,13.1608603395,16.2069444444,3.0460841049,45.8294714506,16.4616666667,45.8294714506,45.8294714506,56.1919444444,45.8294714506,16.4616666667
241859000,1,42.1702777778,SIKOP,SIKOP,Cargo 📦,FUTURE_0_7D,MEDIUM,False,destination_fallback_global,9,1,RARE_1_2,24.0293472831,22.0844444444,-27.677481902,24.0293472831,75.7361764682,1,18.1409304947,20.0858333334,1.9449028387,24.0293472831,22.0844444444,25.9742501217,46.6986111111,41.7273516702,44.2129813907,22.0844444444
241929000,2,91.735,TEXT:ORAN ALGERIA,ORAN ALGERIA,Petroliera/Tanker 🛢️,FUTURE_0_7D,LOW,False,global,9,0,COLD_0,103.236229976,47.5175,-6.6591348366,103.236229976,213.131594789,1,11.501229976,44.2175,32.716270024,103.236229976,47.5175,103.236229976,103.236229976,73.7956748374,73.7956748374,47.5175
241953000,3,26.4461111111,GRPIR,GRPIR,Tanker — No info,FUTURE_0_7D,HIGH,True,destination_fallback_global,9,1,RARE_1_2,24.7714035819,24.7714035819,-8.91931135954,24.7714035819,58.4621185233,1,1.6747075292,1.6747075292,0,24.7714035819,24.7714035819,48.3297222222,24.7714035819,48.3297222222,53.5358062004,48.3297222222
242494400,4,-3043.85944444,MTMLA,MTMLA,Cargo — Hazardous cat. A,PAST_GT24H,HIGH,True,destination,5,12,SUPPORTED_6PLUS,2.26111111111,4.29654521872,-17.7151317712,2.26111111111,22.2373539934,0,3046.12055555,3048.15598966,2.03543410761,2.26111111111,4.29654521872,2.26111111111,16.6949021465,3.58555555556,27.4162506804,3.58555555556
244090800,3,33.0186111111,TNLGN,TNLGN,Cargo — No info,FUTURE_0_7D,MEDIUM,False,destination_fallback_global,9,1,RARE_1_2,25.8052777778,25.8052777778,-30.8435657585,25.8052777778,82.4541213141,1,7.2133333333,7.2133333333,0,25.8052777778,25.8052777778,25.8052777778,48.3297222222,25.8052777778,40.7921304099,25.8052777778
244865000,1,54.1683333333,TEXT:BEJAIA,BEJAIA,Cargo 📦,FUTURE_0_7D,LOW,False,destination_fallback_global,9,0,COLD_0,94.3649500012,104.6475,17.1474814671,94.3649500012,171.582418535,1,40.1966166679,50.4791666667,10.2825499988,94.3649500012,104.6475,84.0824000025,46.6986111111,58.2269206844,52.4627658978,104.6475
245278000,2,230.653333333,NLMOE,NLMOE,Cargo — No info,FUTURE_7_14D,LOW,False,global,9,0,COLD_0,122.614075495,121.198611111,-8.19057667059,122.614075495,253.418727661,1,108.039257838,109.454722222,1.415464384,122.614075495,121.198611111,122.614075495,122.614075495,78.2051009875,78.2051009875,121.198611111
246518000,1,18.9361111111,ITNAP,NAPLES,Cargo 📦,FUTURE_0_7D,HIGH,True,destination,5,5,LOW_3_5,31.2136796993,25.9893964355,-2.17616476902,31.2136796993,64.6035241676,1,12.2775685882,7.0532853244,-5.2242832638,31.2136796993,25.9893964355,36.437962963,36.437962963,42.7909584749,39.6144607189,-10.6105555556
247018700,4,47.5175,FOR_ORDERS,FOR ORDER,Cargo 📦,FUTURE_0_7D,LOW,False,destination,5,18,SUPPORTED_6PLUS,36.1887100981,38.715,-68.0674658502,36.1887100981,140.444886046,1,11.3287899019,8.8025,-2.5262899019,36.1887100981,38.715,36.1887100981,36.1887100981,-82.1639804316,-82.1639804316,37.5897222222
247045300,4,10.7030555556,ITPMO,IT PALERMO,Passeggeri — No info,FUTURE_0_7D,HIGH,True,destination_fallback_global,5,1,RARE_1_2,9.44820488809,9.44820488809,-14.1301168709,9.44820488809,33.0265266471,1,1.25485066751,1.25485066751,0,9.44820488809,9.44820488809,18.5783333333,9.44820488809,18.5783333333,-119.25937399,18.5783333333
247055200,2,30.1,ITPMO,PALERMO,Rimorchiatore 🚢,FUTURE_0_7D,HIGH,True,global,9,1,RARE_1_2,29.0959989029,29.0959989029,-11.5646056842,29.0959989029,69.75660349,1,1.0040010971,1.0040010971,0,29.0959989029,29.0959989029,21.2675,29.0959989029,21.2675,24.3470731751,21.2675
247069600,1,27.925,TNLGN,TNLGN,Tanker — Hazardous cat. B,FUTURE_0_7D,LOW,False,destination_fallback_global,9,1,RARE_1_2,89.4271340906,104.6475,18.9823068406,89.4271340906,159.871961341,1,61.5021340906,76.7225,15.2203659094,89.4271340906,104.6475,74.2067681812,46.6986111111,41.2208821257,43.9597466184,104.6475
247077700,4,-595.088611111,ITAUG,AUGUSTA,Tanker — Hazardous cat. B,PAST_GT24H,LOW,True,destination,5,16,SUPPORTED_6PLUS,2.57409048802,2.57409048802,-71.4819842846,2.57409048802,76.6301652606,0,597.662701599,597.662701599,0,2.57409048802,2.57409048802,-61.0168974359,2.57409048802,-166.650833333,-213.543349213,-136.652222222
247095300,0,42.1283333333,ITRAN,IT RAN,Tanker — Hazardous cat. D,FUTURE_0_7D,HIGH,True,destination,6,6,SUPPORTED_6PLUS,39.483656691,39.483656691,3.30395367724,39.483656691,75.6633597048,1,2.6446766423,2.6446766423,0,39.483656691,39.483656691,54.8001345486,39.483656691,18.4938888889,12.2522829281,18.4938888889
247100900,0,-136.652222222,ITAUG,AUGUSTA,Rimorchiatore,PAST_GT24H,LOW,False,destination,9,19,SUPPORTED_6PLUS,-201.613888889,-201.613888889,-407.407579718,-201.613888889,4.17980194,1,64.961666667,64.961666667,0,-201.613888889,-201.613888889,-201.613888889,-154.553343731,-5.65111111111,-132.584504267,-5.65111111111
247101700,4,-2010.43222222,ITSPA,SANTA PANAGIA,Rimorchiatore,PAST_GT24H,MEDIUM,True,destination,5,8,SUPPORTED_6PLUS,-139.610277778,3.27045196388,-192.054309073,-139.610277778,-87.1662464827,0,1870.82194444,2013.70267418,142.880729742,-139.610277778,3.27045196388,-139.610277778,-36.9810807711,-139.610277778,-169.253995889,-139.610277778
247104500,3,30.8516666667,GRPIR,GRPIR,Tanker — Hazardous cat. B,FUTURE_0_7D,HIGH,True,destination_fallback_global,9,1,RARE_1_2,28.9754880499,28.9754880499,5.27116971077,28.9754880499,52.679806389,1,1.8761786168,1.8761786168,0,28.9754880499,28.9754880499,48.3297222222,28.9754880499,49.2836111111,50.9854117045,49.2836111111
247131100,3,-201.613888889,ITAUG,ITAUG,Rimorchiatore,PAST_GT24H,LOW,False,destination,9,17,SUPPORTED_6PLUS,-45.0754026846,-36.7822222222,-169.076080745,-45.0754026846,78.9252753754,0,156.538486204,164.831666667,8.2931804624,-45.0754026846,-36.7822222222,-45.0754026846,-45.0754026846,68.5688049776,68.5688049776,-17.4319444444
247144750,4,-2424.53972222,UNKNOWN,UNKNOWN,Pesca 🎣,PAST_GT24H,LOW,False,destination,4,4,LOW_3_5,-2395.48805556,-2395.48805556,-2653.91593198,-2395.48805556,-2137.06017914,1,29.05166666,29.05166666,0,-2395.48805556,-2395.48805556,-2395.48805556,-1447.85333508,-100.135833333,-968.169216597,-100.135833333
247147120,2,-2422.87055556,UNKNOWN,UNKNOWN,Pesca 🎣,PAST_GT24H,LOW,False,global,9,2,RARE_1_2,49.8680555556,-163.314166667,-71.2289196812,49.8680555556,170.965030792,0,2472.73861112,2259.55638889,-213.182222223,49.8680555556,-163.314166667,49.8680555556,49.8680555556,-2410.01388889,49.8680555556,-163.314166667
247153450,4,2378.25222222,NON_SPECIFIC,MARE,Non disponibile,FUTURE_GT30D,LOW,False,destination,3,3,LOW_3_5,42.7396940584,256.149722222,-55.4476681429,42.7396940584,140.92705626,0,2335.51252816,2122.1025,-213.410028164,42.7396940584,256.149722222,42.7396940584,42.7396940584,-199.12836704,-199.12836704,-0.651944444444
247176900,3,23.0305555556,ITSIR,SIRACUSA,Anti-inquinamento,FUTURE_0_7D,LOW,False,destination_fallback_global,9,1,RARE_1_2,48.3297222222,-17.4319444444,-137.175115679,48.3297222222,233.834560123,1,25.2991666666,40.4625,15.1633333334,48.3297222222,-17.4319444444,48.3297222222,48.3297222222,48.3297222222,48.3297222222,-17.4319444444
247219700,3,15.9166666667,ITNAP,ITNAP,Tanker — Hazardous cat. A,FUTURE_0_7D,HIGH,True,destination,7,7,SUPPORTED_6PLUS,18.5401119103,18.5401119103,-4.42204014901,18.5401119103,41.5022639696,1,2.6234452436,2.6234452436,0,18.5401119103,18.5401119103,18.4938888889,18.5401119103,17.0472222222,3.15018308585,21.2675
247231200,4,2885.25,ESTAR,ESTAR,Tanker — Hazardous cat. D,FUTURE_GT30D,MEDIUM,False,destination_fallback_global,5,1,RARE_1_2,73.9179513478,54.1683333333,29.8227077442,73.9179513478,118.013194951,0,2811.33204865,2831.08166667,19.7496180145,73.9179513478,54.1683333333,73.9179513478,73.9179513478,49.1594686837,49.1594686837,54.1683333333
247241800,0,-10.6105555556,ITCTA,ITSAL>ITCTA,Cargo 📦,PAST_1_24H,LOW,False,destination,3,3,LOW_3_5,-5.64222222222,-5.64222222222,-100.089536565,-5.64222222222,88.8050921206,1,4.96833333338,4.96833333338,0,-5.64222222222,-5.64222222222,-5.64222222222,27.7754306377,-17.3619444444,17.9363103026,-17.3619444444
247268300,4,229.347777778,ITAUG,AUGUSTA,Rimorchiatore,FUTURE_7_14D,LOW,False,destination,5,16,SUPPORTED_6PLUS,-70.8730648893,-62.65,-389.444590152,-70.8730648893,247.698460374,1,300.220842667,291.997777778,-8.2230648893,-70.8730648893,-62.65,-70.8730648893,-70.8730648893,-334.308024853,-334.308024853,-36.7822222222
247278300,1,3786.35444444,NON_SPECIFIC,IN PORT,Rimorchiatore,FUTURE_GT30D,LOW,False,destination_fallback_global,9,2,RARE_1_2,-79.8803689043,-120.646388889,-362.39524719,-79.8803689043,202.634509381,0,3866.23481334,3907.00083333,40.7660199847,-79.8803689043,-120.646388889,-39.1143489197,258.44900463,-37.8028439833,110.323080323,-120.646388889
247282600,3,-2.3475,ITAUG,IT AUG,Petroliera/Tanker 🛢️,PAST_1_24H,LOW,True,destination,9,17,SUPPORTED_6PLUS,2.31209655775,2.31209655775,-250.76903111,2.31209655775,255.393224226,1,4.65959655775,4.65959655775,0,2.31209655775,2.31209655775,-55.0081391385,2.31209655775,-17.4319444444,-26.4486992446,-17.4319444444
247296500,2,40.4125,ITLIV,ITLIV,Cargo — Hazardous cat. C,FUTURE_0_7D,HIGH,False,global,9,2,RARE_1_2,49.8680555556,11.9872222222,8.90003672822,49.8680555556,90.836074383,1,9.4555555556,28.4252777778,18.9697222222,49.8680555556,11.9872222222,49.8680555556,49.8680555556,34.4177777778,49.8680555556,11.9872222222
247298300,3,-393.143611111,ITAUG,IT AUG,Rimorchiatore,PAST_GT24H,LOW,False,destination,9,17,SUPPORTED_6PLUS,-78.8541901822,-62.65,-164.726343452,-78.8541901822,7.01796308785,0,314.289420929,330.493611111,16.2041901822,-78.8541901822,-62.65,-78.8541901822,-78.8541901822,-78.63875,-78.8541901822,-20.6094444444
247305480,2,-2525.77555556,UNKNOWN,UNKNOWN,Pesca 🎣,PAST_GT24H,LOW,False,global,9,2,RARE_1_2,49.8680555556,-100.135833333,-88.6135940541,49.8680555556,188.349705165,0,2575.64361112,2425.63972223,-150.003888889,49.8680555556,-100.135833333,49.8680555556,49.8680555556,-2410.01388889,49.8680555556,-100.135833333
247306670,1,-2395.48805556,UNKNOWN,UNKNOWN,Pesca 🎣,PAST_GT24H,LOW,False,destination,4,4,LOW_3_5,-1745.53637973,-2424.53972222,-1982.20327506,-1745.53637973,-1508.8694844,0,649.95167583,29.05166666,-620.90000917,-1745.53637973,-2424.53972222,-1066.53303724,-1066.53303724,-174.649444444,-612.110158125,-174.649444444
247310200,2,25.0463888889,TNSFA,TNSFA,Cargo 📦,FUTURE_0_7D,HIGH,False,global,9,0,COLD_0,10.1502777778,10.1502777778,-35.0318595007,10.1502777778,55.3324150563,1,14.8961111111,14.8961111111,0,10.1502777778,10.1502777778,10.1502777778,49.8680555556,10.1502777778,49.2703591879,10.1502777778
247313600,2,54.7930555556,ITCHI,IT CHI,Cargo 📦,FUTURE_0_7D,HIGH,False,global,9,1,RARE_1_2,22.0844444444,22.0844444444,-21.8710715769,22.0844444444,66.0399604657,1,32.7086111112,32.7086111112,0,22.0844444444,22.0844444444,22.0844444444,49.8680555556,22.0844444444,44.7854078587,22.0844444444
247319800,0,11.9872222222,ITSAL,ITCTA>ITSAL,Cargo — Hazardous cat. A,FUTURE_0_7D,LOW,False,destination_fallback_global,9,1,RARE_1_2,50.8336111111,18.9361111111,-37.00796293,50.8336111111,138.675185152,1,38.8463888889,6.9488888889,-31.8975,50.8336111111,18.9361111111,50.8336111111,50.8336111111,50.8336111111,50.8336111111,18.9361111111
247324900,2,11.9605555556,ITGEA,ITGEA,Tanker — Hazardous cat. A,FUTURE_0_7D,HIGH,False,global,9,0,COLD_0,10.1502777778,10.1502777778,-37.0302726446,10.1502777778,57.3308282002,1,1.8102777778,1.8102777778,0,10.1502777778,10.1502777778,10.1502777778,49.8680555556,10.1502777778,57.6774201664,10.1502777778
247333600,4,4084.76305556,ITAUG,AUGUSTA,Passeggeri — No info,FUTURE_GT30D,LOW,False,destination,5,16,SUPPORTED_6PLUS,-62.65,-62.65,-151.413267202,-62.65,26.1132672017,0,4147.41305556,4147.41305556,0,-62.65,-62.65,-62.65,-61.0168974359,-62.65,-160.362687297,-62.65
247343900,2,-2457.65333333,ITAUG,AUGUSTA,Rimorchiatore,PAST_GT24H,LOW,False,global,9,22,SUPPORTED_6PLUS,-108.749118616,-20.6094444444,-244.097950156,-108.749118616,26.5997129236,0,2348.90421471,2437.04388889,88.1396741716,-108.749118616,-20.6094444444,-108.749118616,-108.749118616,-165.889453478,-165.889453478,-20.6094444444
247349400,0,-648.636388889,ITCTA,ITCTA,Altro — No info,PAST_GT24H,LOW,False,destination,3,3,LOW_3_5,-17.3619444444,-17.3619444444,-112.332965905,-17.3619444444,77.6090770162,0,631.274444445,631.274444445,0,-17.3619444444,-17.3619444444,-17.3619444444,27.7754306377,-17.3619444444,15.92154663,-17.3619444444
247351700,4,4051.84972222,ITAUG,AUGUSTA,Passeggeri — No info,FUTURE_GT30D,LOW,False,destination,5,16,SUPPORTED_6PLUS,-201.613888889,-201.613888889,-494.610154289,-201.613888889,91.3823765105,0,4253.46361111,4253.46361111,0,-201.613888889,-201.613888889,-201.613888889,-61.0168974359,-201.613888889,-160.362687297,-201.613888889
247355500,0,21.2675,ITTOA,ITTOA,Petroliera/Tanker 🛢️,FUTURE_0_7D,MEDIUM,False,destination_fallback_global,9,0,COLD_0,50.8336111111,15.9166666667,-2.56730549097,50.8336111111,104.234527713,1,29.5661111111,5.3508333333,-24.2152777778,50.8336111111,15.9166666667,50.8336111111,50.8336111111,50.8336111111,50.8336111111,15.9166666667
247362500,2,-1851.15305556,TEXT:AUG,AUG,Passeggeri — No info,PAST_GT24H,LOW,False,global,9,0,COLD_0,49.8680555556,-5.65111111111,-32.4796382793,49.8680555556,132.215749391,0,1901.02111112,1845.50194445,-55.5191666667,49.8680555556,-5.65111111111,49.8680555556,49.8680555556,49.8680555556,49.8680555556,-5.65111111111
247382800,0,-2281.43333333,ITSPA,S PANAGIA,Rimorchiatore,PAST_GT24H,LOW,True,destination,8,8,SUPPORTED_6PLUS,2.97894945733,2.97894945733,-151.362410827,2.97894945733,157.320309741,0,2284.41228279,2284.41228279,0,2.97894945733,2.97894945733,-90.2326851852,2.97894945733,-20.7623479161,-55.4975165506,-125.627222222
247383400,4,32.5116666667,ITGOA,ITCTA>ITGOA,Cargo 📦,FUTURE_0_7D,MEDIUM,False,destination,5,7,SUPPORTED_6PLUS,44.5888888889,44.5888888889,9.62820698503,44.5888888889,79.5495707928,1,12.0772222222,12.0772222222,0,44.5888888889,44.5888888889,44.5888888889,46.5543464052,11.9872222222,-96.9090101804,11.9872222222
247392600,2,15.5044444444,ITNAP,ITNAP,Passeggeri 🚢,FUTURE_0_7D,HIGH,True,global,9,6,SUPPORTED_6PLUS,14.6579045065,14.6579045065,-21.4279084448,14.6579045065,50.7437174578,1,0.8465399379,0.8465399379,0,14.6579045065,14.6579045065,33.0820593585,14.6579045065,15.9166666667,-22.4388361994,26.3880555556
247407900,2,1902.665,UNKNOWN,UNKNOWN,Anti-inquinamento,FUTURE_GT30D,LOW,False,global,9,2,RARE_1_2,49.8680555556,-20.6094444444,-60.9700165407,49.8680555556,160.706127652,0,1852.79694444,1923.27444444,70.4775,49.8680555556,-20.6094444444,49.8680555556,49.8680555556,-2410.01388889,49.8680555556,-20.6094444444
247408700,4,-120.646388889,ITAUG,AUGUSTA,Tanker — No info,PAST_GT24H,LOW,False,destination,5,16,SUPPORTED_6PLUS,-79.6436111111,-79.6436111111,-247.779748644,-79.6436111111,88.4925264218,1,41.0027777779,41.0027777779,0,-79.6436111111,-79.6436111111,-79.6436111111,-61.0168974359,-36.7822222222,-98.277273438,-36.7822222222
247415100,0,-174.649444444,ITCTA,ITCTA,Altro,PAST_GT24H,LOW,False,destination,3,3,LOW_3_5,-5.64222222222,-5.64222222222,-118.034016554,-5.64222222222,106.749572109,0,169.007222222,169.007222222,0,-5.64222222222,-5.64222222222,-5.64222222222,27.7754306377,-17.3619444444,-8.67772423655,-17.3619444444
247415600,2,18.5783333333,TEXT:POZZUOLI S A F,POZZUOLI S A F,Altro,FUTURE_0_7D,LOW,False,global,9,0,COLD_0,49.8680555556,21.2675,-32.7858926576,49.8680555556,132.522003769,1,31.2897222223,2.6891666667,-28.6005555556,49.8680555556,21.2675,49.8680555556,49.8680555556,49.8680555556,49.8680555556,21.2675
247425900,3,-1542.90277778,ITAUG,AUGUSTA,Rimorchiatore,PAST_GT24H,LOW,False,destination,9,17,SUPPORTED_6PLUS,-99.6389181553,-36.7822222222,-284.945101905,-99.6389181553,85.6672655941,0,1443.26385962,1506.12055556,62.8566959331,-99.6389181553,-36.7822222222,-99.6389181553,-99.6389181553,-84.4309410271,-84.4309410271,-17.4319444444
247426100,2,-166.650833333,ITAUG,AUGUSTA,Rimorchiatore,PAST_GT24H,LOW,False,global,9,22,SUPPORTED_6PLUS,-65.3041984127,-80.6244444444,-165.595853627,-65.3041984127,34.987456802,0,101.34663492,86.0263888886,-15.3202460317,-65.3041984127,-80.6244444444,-65.3041984127,-65.3041984127,-101.576111111,-65.3041984127,-80.6244444444
247432200,0,24.1022222222,ITPFX,IT PFX,Petroliera/Tanker 🛢️,FUTURE_0_7D,MEDIUM,False,destination_fallback_global,9,2,RARE_1_2,7.10861111111,7.10861111111,-46.6797659212,7.10861111111,60.8969881434,1,16.9936111111,16.9936111111,0,7.10861111111,7.10861111111,7.10861111111,48.877037037,7.10861111111,48.661253246,7.10861111111
247453600,2,-0.8875,ITCTA,MTMLA>ITCTA,Cargo — Hazardous cat. A,PAST_LT1H,HIGH,False,global,9,6,SUPPORTED_6PLUS,15.9166666667,15.9166666667,-29.3868934963,15.9166666667,61.2202268297,1,16.8041666667,16.8041666667,0,15.9166666667,15.9166666667,15.9166666667,5.52149243918,15.9166666667,-1.20775239374,15.9166666667
247483800,1,-3742.03222222,ITTRS,ITTRS,Tanker — Hazardous cat. A,PAST_GT24H,HIGH,True,destination_fallback_global,9,1,RARE_1_2,39.0219018375,38.0761731457,5.88120375273,39.0219018375,72.1625999223,0,3781.05412406,3780.10839537,-0.9457286918,39.0219018375,38.0761731457,39.9676305292,39.9676305292,23.4855872855,35.0920991983,22.0844444444
247488900,3,29.5083333333,EGALY,EGALY,Cargo — No info,FUTURE_0_7D,LOW,False,destination_fallback_global,9,0,COLD_0,104.239390629,71.5641666667,30.3899518546,104.239390629,178.088829403,0,74.7310572957,42.0558333334,-32.6752239623,104.239390629,71.5641666667,104.239390629,104.239390629,59.4199332262,59.4199332262,71.5641666667
247530400,0,39.3958333333,ITGOA,ITGOA,Petroliera/Tanker 🛢️,FUTURE_0_7D,HIGH,True,destination,6,6,SUPPORTED_6PLUS,40.1963755407,40.1963755407,4.03232079202,40.1963755407,76.3604302894,1,0.8005422074,0.8005422074,0,40.1963755407,40.1963755407,44.5888888889,40.1963755407,23.0326370202,35.9228925841,18.4938888889
248089000,1,26.3880555556,ITCVV,ITCVV,Cargo — Hazardous cat. A,FUTURE_0_7D,MEDIUM,False,destination_fallback_global,9,1,RARE_1_2,30.6408109248,17.4525,-14.8707985776,30.6408109248,76.1524204272,1,4.2527553692,8.9355555556,4.6828001864,30.6408109248,17.4525,43.8291218496,46.6986111111,36.3607194377,41.5296652744,17.4525
248105000,1,47.1530555556,ITAOI,ITAOI,Cargo — Hazardous cat. C,FUTURE_0_7D,MEDIUM,False,destination_fallback_global,9,0,COLD_0,32.9773611111,19.2561111111,-22.5101451987,32.9773611111,88.4648674209,1,14.1756944445,27.8969444445,13.72125,32.9773611111,19.2561111111,46.6986111111,46.6986111111,37.3185671197,42.0085891154,19.2561111111
248159000,2,6.3725,ITMLZ,ITMLZ,Tanker — Hazardous cat. A,FUTURE_0_7D,MEDIUM,True,global,9,1,RARE_1_2,5.56734303704,5.56734303704,-45.0030879756,5.56734303704,56.1377740497,1,0.80515696296,0.80515696296,0,5.56734303704,5.56734303704,38.3283333333,5.56734303704,47.1625619927,48.5153087742,38.3283333333
248333000,3,-27.9525,ITAUG,ITAUG,Tanker — No info,PAST_GT24H,LOW,False,destination,9,17,SUPPORTED_6PLUS,-75.694217596,-80.6244444444,-164.180927684,-75.694217596,12.7924924919,1,47.741717596,52.6719444444,4.9302268484,-75.694217596,-80.6244444444,-75.694217596,-75.694217596,14.137744217,14.137744217,-5.65111111111
248422000,2,-738.6,MTMLA,MTMLA,Cargo — Hazardous cat. A,PAST_GT24H,HIGH,True,global,9,11,SUPPORTED_6PLUS,6.09667570977,6.09667570977,-28.9535432115,6.09667570977,41.146894631,0,744.69667571,744.69667571,0,6.09667570977,6.09667570977,11.49560397,6.09667570977,10.1502777778,25.0749420037,10.1502777778
248507000,3,68.9125,EGEDK,ITAUG>EGEDK,Tanker — No info,FUTURE_0_7D,HIGH,False,destination_fallback_global,9,2,RARE_1_2,59.6306095679,61.9911111111,15.3600286386,59.6306095679,103.901190497,1,9.2818904321,6.9213888889,-2.3605015432,59.6306095679,61.9911111111,59.6306095679,59.6306095679,48.3297222222,59.6306095679,61.9911111111
249004000,1,43.8797222222,TEXT:ALEXANDRIA,ALEXANDRIA,Cargo 📦,FUTURE_0_7D,MEDIUM,False,destination_fallback_global,9,0,COLD_0,62.6524528565,71.5641666667,10.336943264,62.6524528565,114.967962449,1,18.7727306343,27.6844444445,8.9117138102,62.6524528565,71.5641666667,53.7407390463,46.6986111111,56.2905110203,51.4945610657,71.5641666667
249022000,0,157.519166667,NLRTM,ROTTERDAM,Tanker — Hazardous cat. B,FUTURE_0_7D,HIGH,True,destination_fallback_global,9,2,RARE_1_2,86.4865151824,86.4865151824,48.7567311132,86.4865151824,124.216299252,0,71.0326514846,71.0326514846,0,86.4865151824,86.4865151824,97.0928973765,86.4865151824,84.285,83.0532186383,84.285
249087000,4,-17.4319444444,ITAUG,ITAUG,Cargo — Hazardous cat. A,PAST_1_24H,LOW,False,destination,5,16,SUPPORTED_6PLUS,-45.8298315434,-393.143611111,-338.263849395,-45.8298315434,246.604186308,1,28.397887099,375.711666667,347.313779568,-45.8298315434,-393.143611111,-45.8298315434,-45.8298315434,-78.0077554189,-78.0077554189,-393.143611111
249146000,4,-5.64222222222,ITCTA,ITCTA,Cargo — Hazardous cat. A,PAST_1_24H,LOW,False,destination,5,5,LOW_3_5,-56.6769271214,-100.135833333,-205.364183739,-56.6769271214,92.0103294959,1,51.0347048992,94.4936111108,43.4589062116,-56.6769271214,-100.135833333,-56.6769271214,-56.6769271214,-89.4726086422,-89.4726086422,-174.649444444
249172000,3,10.3208333333,MTMAR,MTMAR,Cargo 📦,FUTURE_0_7D,HIGH,True,destination,3,3,LOW_3_5,12.7292390269,12.7292390269,-9.63424048569,12.7292390269,35.0927185395,1,2.4084056936,2.4084056936,0,12.7292390269,12.7292390269,32.225639382,12.7292390269,67.1699153623,49.6977773722,75.9841666667
249281000,4,-17.3619444444,ITCTA,ITCTA,Cargo 📦,PAST_1_24H,LOW,False,destination,5,5,LOW_3_5,-174.649444444,-174.649444444,-357.905624791,-174.649444444,8.60673590258,1,157.2875,157.2875,0,-174.649444444,-174.649444444,-174.649444444,-34.1511419753,-174.649444444,-45.1205166693,-174.649444444
249414000,2,2.26111111111,MTMLA,TRALI>MTMLA,Cargo 📦,FUTURE_0_7D,HIGH,True,global,9,11,SUPPORTED_6PLUS,4.83729491084,4.83729491084,-30.9405381203,4.83729491084,40.615127942,1,2.57618379973,2.57618379973,0,4.83729491084,4.83729491084,5.12182681577,4.83729491084,49.8680555556,47.8696611991,3.58555555556
249433000,1,81.2930555556,ESALG,ALGECIRAS,Cargo — Hazardous cat. A,FUTURE_0_7D,HIGH,True,destination,7,7,SUPPORTED_6PLUS,76.5967304074,84.8752894968,42.5221147722,76.5967304074,110.671346043,1,4.6963251482,3.5822339412,-1.114091207,76.5967304074,84.8752894968,70.0273497038,70.0273497038,61.0200318369,61.9305959838,90.6833333333
249596000,0,10.1502777778,MTMLA,MTMLA,Passeggeri 🚢,FUTURE_0_7D,HIGH,True,destination,9,11,SUPPORTED_6PLUS,8.41353819592,8.41353819592,-28.0547752552,8.41353819592,44.8818516471,1,1.73673958188,1.73673958188,0,8.41353819592,8.41353819592,5.54066925498,8.41353819592,3.88861111111,-17.9195004147,7.66361111111
249611000,1,97.4713888889,GIGIB,GIGIB,Petroliera/Tanker 🛢️,FUTURE_0_7D,HIGH,True,destination,9,19,SUPPORTED_6PLUS,83.8273297483,86.9865893016,48.9683091587,83.8273297483,118.686350338,1,13.6440591406,10.4847995873,-3.1592595533,83.8273297483,86.9865893016,80.6680701951,80.6680701951,71.5641666667,73.6285491445,71.5641666667
249697000,1,92.2597222222,TRDRC,TRDRC,Petroliera/Tanker 🛢️,FUTURE_0_7D,MEDIUM,False,destination_fallback_global,9,2,RARE_1_2,53.7707387274,56.1919444444,1.21586795786,53.7707387274,106.325609497,1,38.4889834948,36.0677777778,-2.421205717,53.7707387274,56.1919444444,51.3495330105,45.8321296296,37.8374153504,41.83477249,56.1919444444
249742000,3,247.046944444,TEXT:IMMINGHAM,IMMINGHAM,Cargo 📦,FUTURE_7_14D,LOW,False,destination_fallback_global,9,0,COLD_0,103.613354203,124.724722222,-23.8835774033,103.613354203,231.110285809,0,143.433590241,122.322222222,-21.111368019,103.613354203,124.724722222,103.613354203,103.613354203,-20.5473783863,-20.5473783863,124.724722222
249962000,2,79.1775,ESCAR,ESCAR,Tanker — No info,FUTURE_0_7D,LOW,False,global,9,1,RARE_1_2,95.9258717441,76.2652777778,-18.43544072,95.9258717441,210.287184208,1,16.7483717441,2.9122222222,-13.8361495219,95.9258717441,76.2652777778,95.9258717441,95.9258717441,55.2764344351,55.2764344351,76.2652777778
249974000,3,5.33888888889,MTMLA,VALLETTA,Imbarcazione da diporto,FUTURE_0_7D,HIGH,True,destination,9,14,SUPPORTED_6PLUS,5.50013364742,5.50013364742,-17.7023834517,5.50013364742,28.7026507465,1,0.16124475853,0.16124475853,0,5.50013364742,5.50013364742,8.22628405182,5.50013364742,24.1022222222,-44.4351376115,24.1022222222
253000158,1,54.0591666667,TRYAR,TRYAR,Cargo 📦,FUTURE_0_7D,MEDIUM,False,destination_fallback_global,9,1,RARE_1_2,48.7283333334,50.7580555556,-13.8617594411,48.7283333334,111.318426108,1,5.3308333333,3.3011111111,-2.0297222222,48.7283333334,50.7580555556,46.6986111111,46.6986111111,55.0643426226,50.8814768669,50.7580555556
255779000,3,-15.3402777778,ESCAR,ESCAR,Cargo 📦,PAST_1_24H,MEDIUM,False,destination_fallback_global,9,2,RARE_1_2,61.9911111111,61.9911111111,13.2615632995,61.9911111111,110.720658923,0,77.3313888889,77.3313888889,0,61.9911111111,61.9911111111,61.9911111111,56.2128433642,61.9911111111,45.551943476,61.9911111111
255801270,4,88.0419444444,ESCEU,ESCEU,Tanker — Hazardous cat. B,FUTURE_0_7D,MEDIUM,False,destination_fallback_global,5,0,COLD_0,68.9125,68.9125,22.6331239696,68.9125,115.19187603,1,19.1294444444,19.1294444444,0,68.9125,68.9125,68.9125,48.3297222222,68.9125,44.6022207133,68.9125
255805849,0,97.9855555556,MAPTM,MAPTM,Cargo — No info,FUTURE_0_7D,LOW,False,destination_fallback_global,9,0,COLD_0,123.550317848,89.0002777778,21.6540467391,123.550317848,225.446588957,1,25.5647622924,8.9852777778,-16.5794845146,123.550317848,89.0002777778,123.550317848,123.550317848,74.1357651416,74.1357651416,89.0002777778
255805866,1,52.1658333333,ITNAP,ITNAP,Cargo — Hazardous cat. D,FUTURE_0_7D,HIGH,True,destination,5,5,LOW_3_5,14.8569904821,13.5719131652,-18.9224390204,14.8569904821,48.6364199846,0,37.3088428512,38.5939201681,1.2850773169,14.8569904821,13.5719131652,15.9166666667,13.7973142975,25.5236111111,31.8045775036,25.5236111111
255805951,4,20.465,GRSTN,GR STN,Cargo 📦,FUTURE_0_7D,MEDIUM,False,destination_fallback_global,5,0,COLD_0,44.4816302891,50.1938888889,7.52450133391,44.4816302891,81.4387592443,1,24.0166302891,29.7288888889,5.7122585998,44.4816302891,50.1938888889,44.4816302891,44.4816302891,36.5406708885,36.5406708885,50.1938888889
255805968,1,21.8616666667,LYTIP,LYTIP,Cargo — Hazardous cat. A,FUTURE_0_7D,LOW,False,destination_fallback_global,9,0,COLD_0,26.9036111111,7.10861111111,-39.2702166704,26.9036111111,93.0774388926,1,5.0419444444,14.7530555556,9.71111111119,26.9036111111,7.10861111111,46.6986111111,46.6986111111,46.6986111111,50.3463167817,7.10861111111
255806044,1,59.5738888889,ITRAN,ITRAN,Cargo 📦,FUTURE_0_7D,HIGH,True,destination,5,5,LOW_3_5,52.8187701746,47.8113758366,15.3764043843,52.8187701746,90.2611359649,1,6.7551187143,11.7625130523,5.007394338,52.8187701746,47.8113758366,52.8580573245,52.7794830247,54.7930555556,46.2714650903,54.7930555556
255806427,1,5.84305555556,ITGIT,ITGIT,Cargo 📦,FUTURE_0_7D,HIGH,True,destination_fallback_global,9,2,RARE_1_2,11.8429768944,5.31578804274,-20.6629813055,11.8429768944,44.3489350943,1,5.99992133884,0.52726751282,-5.47265382602,11.8429768944,5.31578804274,17.4525,6.2334537888,17.4525,37.3324289658,17.4525
255915592,3,38.3283333333,FRMRS,FRMRS,Cargo — Hazardous cat. B,FUTURE_0_7D,MEDIUM,False,destination_fallback_global,9,1,RARE_1_2,22.8505555556,22.8505555556,-26.5289688288,22.8505555556,72.23007994,1,15.4777777777,15.4777777777,0,22.8505555556,22.8505555556,22.8505555556,48.3297222222,22.8505555556,42.308601396,22.8505555556
255915609,1,16.4616666667,MTMLA,MT MLA,Cargo 📦,FUTURE_0_7D,HIGH,True,destination,9,12,SUPPORTED_6PLUS,3.19716721843,26.1665864851,-34.9020990147,3.19716721843,41.2964334516,1,13.2644994483,9.7049198184,-3.55957962987,3.19716721843,26.1665864851,2.26111111111,4.13322332575,41.0557199523,-0.6447925912,54.0963888889
255915683,2,83.2125,ITRAN,IT RAN,Cargo 📦,FUTURE_0_7D,HIGH,True,global,9,6,SUPPORTED_6PLUS,67.0732862745,67.0732862745,20.4167273502,67.0732862745,113.729845199,1,16.1392137255,16.1392137255,0,67.0732862745,67.0732862745,55.1116666667,67.0732862745,42.1283333333,36.1226156721,55.1116666667
255915693,3,55.1116666667,ITRAN,ITRAN,Cargo 📦,FUTURE_0_7D,HIGH,True,destination,6,6,SUPPORTED_6PLUS,49.3583283635,49.3583283635,19.5393821007,49.3583283635,79.1772746263,1,5.7533383032,5.7533383032,0,49.3583283635,49.3583283635,57.8391971692,49.3583283635,42.4702934538,50.1547453115,37.9788888889
255915737,0,-82.5058333333,ITAUG,AUGUSTA,Cargo 📦,PAST_GT24H,HIGH,False,destination,9,19,SUPPORTED_6PLUS,-6.56986590038,-27.9525,-49.1158923823,-6.56986590038,35.9761605815,0,75.9359674329,54.5533333333,-21.3826340996,-6.56986590038,-27.9525,-6.56986590038,-6.56986590038,-143.648611111,-6.56986590038,11.9605555556
255915759,4,-566.815555556,FOR_ORDERS,FOR ORDER,Petroliera/Tanker 🛢️,PAST_GT24H,LOW,False,destination,5,18,SUPPORTED_6PLUS,318.020277778,318.020277778,42.2522862677,318.020277778,593.788269288,0,884.835833334,884.835833334,0,318.020277778,318.020277778,318.020277778,242.869148418,2.93777777778,154.181691921,2.93777777778
255915798,2,72.305,TRMER,TRMER,Cargo — Hazardous cat. A,FUTURE_0_7D,MEDIUM,False,global,9,0,COLD_0,49.8680555556,52.7094444444,-0.270986586952,49.8680555556,100.007097698,1,22.4369444444,19.5955555556,-2.8413888888,49.8680555556,52.7094444444,49.8680555556,49.8680555556,49.8680555556,49.8680555556,52.7094444444
255915800,0,-62.65,ITAUG,ITAUG,Petroliera/Tanker 🛢️,PAST_GT24H,LOW,False,destination,9,19,SUPPORTED_6PLUS,-63.8724801242,-36.7822222222,-184.77288824,-63.8724801242,57.0279279913,1,1.2224801242,25.8677777778,24.6452976536,-63.8724801242,-36.7822222222,-63.8724801242,-63.8724801242,8.45107859016,8.45107859016,-36.7822222222
255915967,0,37.5897222222,TEXT:ALIAGA,ALIAGA,Cargo 📦,FUTURE_0_7D,MEDIUM,False,destination_fallback_global,9,0,COLD_0,50.8336111111,47.5175,-11.2790574918,50.8336111111,112.946279714,1,13.2438888889,9.9277777778,-3.3161111111,50.8336111111,47.5175,50.8336111111,50.8336111111,50.8336111111,50.8336111111,47.5175
255916537,0,25.5236111111,ITCVV,EGAKI>ITCVV,Cargo 📦,FUTURE_0_7D,MEDIUM,False,destination_fallback_global,9,1,RARE_1_2,18.59,18.59,-41.2931353865,18.59,78.4731353865,1,6.9336111111,6.9336111111,0,18.59,18.59,18.59,50.8336111111,18.59,50.1731584205,18.59
255970000,3,22.8913888889,ITTAR,ITTAR,Cargo 📦,FUTURE_0_7D,HIGH,True,destination,3,3,LOW_3_5,22.2682857008,22.2682857008,-3.94418650864,22.2682857008,48.4807579102,1,0.6231031881,0.6231031881,0,22.2682857008,22.2682857008,35.1465793007,22.2682857008,26.3880555556,37.3643503927,26.3880555556
256049000,2,46.6986111111,FRSET,FRSET,Cargo 📦,FUTURE_0_7D,HIGH,True,global,9,1,RARE_1_2,46.5137125752,46.5137125752,12.9837862674,46.5137125752,80.043638883,1,0.1848985359,0.1848985359,0,46.5137125752,46.5137125752,49.8680555556,46.5137125752,35.1477777778,40.3012851232,50.1938888889
256227000,0,-80.6244444444,ITAUG,IT AUG,Petroliera/Tanker 🛢️,PAST_GT24H,LOW,False,destination,9,19,SUPPORTED_6PLUS,-166.650833333,-166.650833333,-438.612045718,-166.650833333,105.310379052,1,86.0263888886,86.0263888886,0,-166.650833333,-166.650833333,-166.650833333,-28.7181676318,-20.6094444444,-28.0747242878,-20.6094444444
256251000,3,59.8719444444,TRIZT,TR IZT,Petroliera/Tanker 🛢️,FUTURE_0_7D,MEDIUM,False,destination_fallback_global,9,1,RARE_1_2,48.3297222222,39.0594444444,-7.02897416404,48.3297222222,103.688418608,1,11.5422222222,20.8125,9.2702777778,48.3297222222,39.0594444444,48.3297222222,48.3297222222,48.3297222222,48.3297222222,39.0594444444
256286000,3,44.5888888889,ITGOA,ITGOA,Tanker — Hazardous cat. A,FUTURE_0_7D,HIGH,True,destination,6,6,SUPPORTED_6PLUS,47.5486803768,47.5486803768,22.2718490421,47.5486803768,72.8255117115,1,2.9597914879,2.9597914879,0,47.5486803768,47.5486803768,46.3036342593,47.5486803768,33.396829586,39.8502319226,21.2675
256392000,0,19.2561111111,TEXT:IT TARANTO,IT TARANTO,Tanker — Hazardous cat. A,FUTURE_0_7D,MEDIUM,False,destination_fallback_global,9,0,COLD_0,50.8336111111,41.3936111111,-5.8568414392,50.8336111111,107.524063661,1,31.5775,22.1375,-9.44,50.8336111111,41.3936111111,50.8336111111,50.8336111111,50.8336111111,50.8336111111,41.3936111111
256436000,0,26.4025,ITMNP,ITMNP,Passeggeri 🚢,FUTURE_0_7D,MEDIUM,False,destination_fallback_global,9,1,RARE_1_2,50.8336111111,40.6058333333,-5.68091910868,50.8336111111,107.348141331,1,24.4311111111,14.2033333333,-10.2277777778,50.8336111111,40.6058333333,50.8336111111,50.8336111111,22.0844444444,50.8336111111,40.6058333333
256515000,1,-139.610277778,ITSPA,ITSPA,Petroliera/Tanker 🛢️,PAST_GT24H,LOW,False,destination,9,9,SUPPORTED_6PLUS,-142.361878233,-163.314166667,-333.745746239,-142.361878233,49.021989773,1,2.751600455,23.703888889,20.952288434,-142.361878233,-163.314166667,-121.4095898,-89.6254727096,-117.643055556,-70.5532375772,-125.627222222
256607000,2,6.98527777778,ITGIT,GIOIA TAURO,Rimorchiatore,FUTURE_0_7D,HIGH,True,global,9,3,LOW_3_5,8.40106694649,8.40106694649,-26.9102254141,8.40106694649,43.7123593071,1,1.41578916871,1.41578916871,0,8.40106694649,8.40106694649,21.2675,8.40106694649,34.1693418786,36.6567382571,21.2675
256714000,0,44.4341666667,ITGOA,ITGOA,Tanker — No info,FUTURE_0_7D,HIGH,True,destination,6,6,SUPPORTED_6PLUS,45.0425163455,45.0425163455,9.17587356877,45.0425163455,80.9091591222,1,0.6083496788,0.6083496788,0,45.0425163455,45.0425163455,50.7175609101,45.0425163455,40.852480883,44.8328145155,18.59
256812000,2,80.7813888889,TRCEY,TR CEY,Tanker — No info,FUTURE_0_7D,LOW,False,global,9,1,RARE_1_2,74.6733333333,74.6733333333,2.59926584986,74.6733333333,146.747400817,1,6.1080555556,6.1080555556,0,74.6733333333,74.6733333333,74.6733333333,49.8680555556,74.6733333333,54.6919985338,74.6733333333
256885000,1,46.4047222222,ITGOA,ITGOA,Petroliera/Tanker 🛢️,FUTURE_0_7D,HIGH,True,destination,8,8,SUPPORTED_6PLUS,44.4533522126,44.3178155363,11.457972346,44.4533522126,77.4487320792,1,1.9513700096,2.0869066859,0.1355366763,44.4533522126,44.3178155363,44.5888888889,44.3178155363,19.2561111111,9.26462927765,19.2561111111
256891000,4,-0.993888888889,ITAUG,ITAUG,Cargo 📦,PAST_LT1H,MEDIUM,True,destination,5,16,SUPPORTED_6PLUS,-136.652222222,4.09047253597,-184.879470892,-136.652222222,-88.4249735523,0,135.658333333,5.08436142486,-130.573971908,-136.652222222,4.09047253597,-136.652222222,-9.99842845158,8.88638888889,-19.4898924646,8.88638888889
257824000,1,121.198611111,ESVGO,ESVGO,Cargo 📦,FUTURE_0_7D,LOW,False,destination_fallback_global,9,0,COLD_0,113.561969557,124.724722222,-46.151093072,113.561969557,273.275032186,1,7.636641554,3.526111111,-4.110530443,113.561969557,124.724722222,102.399216892,46.6986111111,66.109333272,56.4039721915,124.724722222
268251804,2,70.6719444444,ITVCE,ITVCE,Cargo 📦,FUTURE_0_7D,MEDIUM,False,global,9,2,RARE_1_2,57.4363888889,57.4363888889,-11.034969919,57.4363888889,125.907747697,1,13.2355555555,13.2355555555,0,57.4363888889,57.4363888889,57.4363888889,49.8680555556,57.4363888889,49.5048553858,57.4363888889
271000677,1,60.9197222222,LBBEY,LBBEY,Cargo — Hazardous cat. A,FUTURE_0_7D,MEDIUM,False,destination_fallback_global,9,0,COLD_0,46.6986111111,46.6986111111,-9.1921998826,46.6986111111,102.589422105,1,14.2211111111,14.2211111111,0,46.6986111111,46.6986111111,46.6986111111,46.6986111111,46.6986111111,43.1953487105,46.6986111111
271000748,0,35.1477777778,FRSET,FRSET,Cargo — Hazardous cat. A,FUTURE_0_7D,HIGH,True,destination_fallback_global,9,2,RARE_1_2,37.208768655,37.208768655,1.95771016143,37.208768655,72.4598271486,1,2.0609908772,2.0609908772,0,37.208768655,37.208768655,38.3211111111,37.208768655,38.3211111111,31.2231506413,38.3211111111
271002572,0,40.7847222222,TRYAL,TRYAL,Cargo — Hazardous cat. A,FUTURE_0_7D,MEDIUM,False,destination_fallback_global,9,0,COLD_0,67.7751080445,58.2997222222,11.7586307936,67.7751080445,123.791585295,1,26.9903858223,17.515,-9.4753858223,67.7751080445,58.2997222222,67.7751080445,67.7751080445,21.3261746728,21.3261746728,58.2997222222
271040948,2,37.8808333333,FRSET,FRSET,Cargo — Hazardous cat. A,FUTURE_0_7D,HIGH,True,global,9,1,RARE_1_2,37.5504945514,37.5504945514,2.55310335811,37.5504945514,72.5478857447,1,0.3303387819,0.3303387819,0,37.5504945514,37.5504945514,49.8680555556,37.5504945514,34.4177777778,39.059591047,34.4177777778
271044383,1,67.055,ESCAS,ESCAS,Cargo — No info,FUTURE_0_7D,LOW,False,destination_fallback_global,9,1,RARE_1_2,104.6475,104.6475,16.5266929532,104.6475,192.768307047,1,37.5925,37.5925,0,104.6475,104.6475,104.6475,46.6986111111,60.6900685521,53.6943398316,104.6475
271051063,1,8.88638888889,MTMAR,MTMAR,Tanker — No info,FUTURE_0_7D,HIGH,True,destination,3,3,LOW_3_5,23.7558077324,12.9357756942,-9.23525765421,23.7558077324,56.746873119,1,14.8694188435,4.04938680531,-10.8200320382,23.7558077324,12.9357756942,34.5758397705,34.5758397705,21.7312407841,30.0174900502,70.8777777778
271051219,4,5.89166666667,ITGIT,ITGIT,Cargo — No info,FUTURE_0_7D,HIGH,True,destination,3,3,LOW_3_5,7.2300578244,7.2300578244,-15.4681122293,7.2300578244,29.9282278781,1,1.33839115773,1.33839115773,0,7.2300578244,7.2300578244,6.98527777778,7.2300578244,12.1004129957,21.7749295419,18.4938888889
271052090,4,65.5586111111,ITGOA,ITGOA,Cargo 📦,FUTURE_0_7D,HIGH,True,destination,5,7,SUPPORTED_6PLUS,65.282783018,65.282783018,42.9199661831,65.282783018,87.6455998529,1,0.2758280931,0.2758280931,0,65.282783018,65.282783018,45.1355853037,65.282783018,9.26722222222,22.3866600342,9.26722222222
273267690,3,65.6369444444,EGPSD,EGPSD,Petroliera/Tanker 🛢️,FUTURE_0_7D,HIGH,True,destination,8,8,SUPPORTED_6PLUS,63.129662978,63.129662978,37.1623308942,63.129662978,89.0969950618,1,2.5072814664,2.5072814664,0,63.129662978,63.129662978,64.7392339106,63.129662978,64.0183333333,60.7260072854,69.0719444444
273271070,2,328.807222222,FOR_ORDERS,FOR ORDERS,Petroliera/Tanker 🛢️,FUTURE_7_14D,LOW,False,global,9,18,SUPPORTED_6PLUS,157.519166667,157.519166667,-19.5258196029,157.519166667,334.564152937,1,171.288055555,171.288055555,0,157.519166667,157.519166667,157.519166667,75.2653230481,157.519166667,84.6201174218,157.519166667
273276260,3,78.9519444444,FOR_ORDERS,GIBRALTAR FOR ORDER,Petroliera/Tanker 🛢️,FUTURE_0_7D,LOW,False,destination,9,22,SUPPORTED_6PLUS,289.007761688,318.020277778,-32.5192941231,289.007761688,610.534817499,1,210.055817244,239.068333334,29.01251609,289.007761688,318.020277778,289.007761688,289.007761688,48.3297222222,289.007761688,250.311388889
273277260,3,322.369166667,RUMKK,RUMKK,Petroliera/Tanker 🛢️,FUTURE_7_14D,LOW,False,destination_fallback_global,9,0,COLD_0,126.317065122,83.1661111111,30.7069602989,126.317065122,221.927169945,0,196.052101545,239.203055556,43.1509540109,126.317065122,83.1661111111,126.317065122,126.317065122,91.1830090702,91.1830090702,83.1661111111
273277840,2,314.258055556,FOR_ORDERS,FOR ORDERS,Tanker — No info,FUTURE_7_14D,LOW,False,global,9,18,SUPPORTED_6PLUS,112.185330011,214.046666667,-173.041041819,112.185330011,397.411701841,1,202.072725545,100.211388889,-101.861336656,112.185330011,214.046666667,112.185330011,112.185330011,97.992617708,97.992617708,214.046666667
275488000,4,71.3927777778,FRFOS,FR FOS,Cargo 📦,FUTURE_0_7D,MEDIUM,False,destination_fallback_global,5,0,COLD_0,9.26722222222,9.26722222222,-26.4300530751,9.26722222222,44.9644975195,0,62.1255555556,62.1255555556,0,9.26722222222,9.26722222222,9.26722222222,48.3297222222,9.26722222222,37.2039283721,9.26722222222
275497000,4,102.308611111,TRGEM,TRGEM,Cargo 📦,FUTURE_0_7D,MEDIUM,False,destination_fallback_global,5,0,COLD_0,45.9507323212,42.2341666667,-0.96430461438,45.9507323212,92.8657692568,0,56.3578787898,60.0744444443,3.7165656545,45.9507323212,42.2341666667,45.9507323212,45.9507323212,52.759380763,52.759380763,42.2341666667
304204000,0,57.4575,TRCKZ,TRCKZ,Tanker — No info,FUTURE_0_7D,MEDIUM,False,destination_fallback_global,9,2,RARE_1_2,64.9925,64.9925,8.59969344618,64.9925,121.385306554,1,7.535,7.535,0,64.9925,64.9925,64.9925,49.5396682099,64.9925,52.7650435014,64.9925
304427000,4,19.4041666667,ITTAR,ITTAR,Cargo — No info,FUTURE_0_7D,HIGH,True,destination,3,3,LOW_3_5,18.0255560673,18.0255560673,-3.17495063369,18.0255560673,39.2260627683,1,1.3786105994,1.3786105994,0,18.0255560673,18.0255560673,17.3766666667,18.0255560673,22.8913888889,10.894099269,37.9788888889
304578000,1,25.5877777778,GRGPA,GR GPA,Cargo 📦,FUTURE_0_7D,MEDIUM,False,destination_fallback_global,9,1,RARE_1_2,44.89625,43.0938888889,-15.6898286267,44.89625,105.482328627,1,19.3084722222,17.5061111111,-1.8023611111,44.89625,43.0938888889,46.6986111111,46.6986111111,44.1830690484,45.4408400798,43.0938888889
304610000,2,65.3591666667,GIGIB,GI GIB,Cargo 📦,FUTURE_0_7D,HIGH,True,global,9,15,SUPPORTED_6PLUS,69.4199588217,69.4199588217,29.4308703063,69.4199588217,109.409047337,1,4.060792155,4.060792155,0,69.4199588217,69.4199588217,73.0202253212,69.4199588217,54.8278233852,65.7251581779,45.0263888889
304785000,4,103.856388889,ITCHI,ITCHI,Cargo 📦,FUTURE_0_7D,LOW,False,destination_fallback_global,5,1,RARE_1_2,59.5738888889,59.5738888889,-6.8686058601,59.5738888889,126.016383638,1,44.2825000001,44.2825000001,0,59.5738888889,59.5738888889,59.5738888889,48.3297222222,59.5738888889,42.4819397517,59.5738888889
305690000,3,51.4602777778,ITSVN,ITSVN,Cargo — No info,FUTURE_0_7D,LOW,False,destination_fallback_global,9,0,COLD_0,48.3297222222,95.2236111111,-20.9368157334,48.3297222222,117.596260178,1,3.1305555556,43.7633333333,40.6327777777,48.3297222222,95.2236111111,48.3297222222,48.3297222222,48.3297222222,48.3297222222,95.2236111111
305715000,3,320.296388889,PLSZZ,PLSZZ,Cargo 📦,FUTURE_7_14D,LOW,False,destination_fallback_global,9,0,COLD_0,110.697045332,91.9708333333,2.49602354697,110.697045332,218.898067117,0,209.599343557,228.325555556,18.7262119987,110.697045332,91.9708333333,110.697045332,110.697045332,78.8298093821,78.8298093821,91.9708333333
308628000,2,2.09805555556,ITMSN,ITMSN,Passeggeri 🚢,FUTURE_0_7D,HIGH,False,global,9,0,COLD_0,26.3880555556,26.3880555556,-16.9921530424,26.3880555556,69.7682641536,1,24.29,24.29,0,26.3880555556,26.3880555556,26.3880555556,49.8680555556,26.3880555556,-10.1514576525,26.3880555556
309467000,4,52.2075,ITSPE,ITSPE,Cargo — No info,FUTURE_0_7D,MEDIUM,False,destination_fallback_global,5,0,COLD_0,22.8505555556,22.8505555556,-13.7891485231,22.8505555556,59.4902596343,1,29.3569444444,29.3569444444,0,22.8505555556,22.8505555556,22.8505555556,48.3297222222,22.8505555556,44.2502071094,22.8505555556
310610000,2,-786.144166667,MTMLA,HRDBV>MTMLA,Passeggeri 🚢,PAST_GT24H,HIGH,True,global,9,11,SUPPORTED_6PLUS,7.00267552696,7.00267552696,-25.4320647099,7.00267552696,39.4374157638,0,793.146842194,793.146842194,0,7.00267552696,7.00267552696,33.3391554606,7.00267552696,49.8680555556,35.0687412339,64.7330555556
310772000,2,360.723333333,USCMU,USCMU,Tanker — Hazardous cat. D,FUTURE_14_30D,MEDIUM,False,global,9,0,COLD_0,83.8008333333,83.8008333333,12.9422970238,83.8008333333,154.659369643,0,276.9225,276.9225,0,83.8008333333,83.8008333333,83.8008333333,49.8680555556,83.8008333333,50.6317968351,83.8008333333
310841000,4,22.3866666667,GRCHQ,GR CHQ,Passeggeri 🚢,FUTURE_0_7D,HIGH,False,destination_fallback_global,5,0,COLD_0,38.3211111111,38.3211111111,6.35707950388,38.3211111111,70.2851427183,1,15.9344444444,15.9344444444,0,38.3211111111,38.3211111111,38.3211111111,48.3297222222,38.3211111111,31.1687332541,38.3211111111
311000231,3,-125.627222222,ITSPA,IT SPA,Tanker — No info,PAST_GT24H,LOW,False,destination,5,5,LOW_3_5,-88.6524708882,-186.653611111,-322.934207644,-88.6524708882,145.629265867,1,36.9747513338,61.026388889,24.0516375552,-88.6524708882,-186.653611111,-88.6524708882,-88.6524708882,5.78702471218,5.78702471218,-80.6244444444
311000451,3,-434.634444444,ITSPA,ITSPA,Petroliera/Tanker 🛢️,PAST_GT24H,LOW,False,destination,5,5,LOW_3_5,-64.1355574334,-186.653611111,-409.508590082,-64.1355574334,281.237475215,0,370.498887011,247.980833333,-122.518053678,-64.1355574334,-186.653611111,-64.1355574334,-64.1355574334,8.33329104535,8.33329104535,-117.643055556
311000516,3,43.0938888889,HROMI,LYESI>HROMI,Tanker — Hazardous cat. A,FUTURE_0_7D,MEDIUM,False,destination_fallback_global,9,0,COLD_0,40.7847222222,40.7847222222,-10.4997977772,40.7847222222,92.0692422216,1,2.3091666667,2.3091666667,0,40.7847222222,40.7847222222,40.7847222222,48.3297222222,40.7847222222,79.3711477036,40.7847222222
311000621,1,60.9886111111,KOPER,KOPER,Cargo 📦,FUTURE_0_7D,MEDIUM,False,destination_fallback_global,9,0,COLD_0,40.5529166666,34.4072222222,-10.7471551429,40.5529166666,91.8529884761,1,20.4356944445,26.5813888889,6.1456944444,40.5529166666,34.4072222222,46.6986111111,46.6986111111,45.7666684219,46.2326397665,34.4072222222
311001060,3,5.45166666667,AMBIGUOUS:MALTA,MALTA,Cargo 📦,FUTURE_0_7D,LOW,False,destination,3,3,LOW_3_5,31.1271285339,3.05555555556,-91.8621042789,31.1271285339,154.116361347,1,25.6754618672,2.39611111111,-23.2793507561,31.1271285339,3.05555555556,31.1271285339,31.1271285339,6.19583333333,31.1271285339,59.9638888889
311001144,4,103.049722222,TEXT:GIGIB 0004,GIGIB 0004,Cargo 📦,FUTURE_0_7D,LOW,False,destination_fallback_global,5,0,COLD_0,99.1677163045,55.225,20.4571977018,99.1677163045,177.878234907,1,3.8820059175,47.824722222,43.9427163045,99.1677163045,55.225,99.1677163045,99.1677163045,3.4254295376,3.4254295376,55.225
311085000,1,10.5536111111,ITCRV,IT CRV,Passeggeri — No info,FUTURE_0_7D,MEDIUM,False,destination_fallback_global,9,0,COLD_0,28.2980766956,15.9166666667,-16.8513320424,28.2980766956,73.4474854336,1,17.7444655845,5.3630555556,-12.3814100289,28.2980766956,15.9166666667,40.6794867245,46.6986111111,41.0514864279,43.8750487695,15.9166666667
311775000,2,77.9036111111,DZAZW,DZ AZW,Tanker — Hazardous cat. D,FUTURE_0_7D,MEDIUM,False,global,9,1,RARE_1_2,83.8008333333,83.8008333333,17.9695763397,83.8008333333,149.632090327,1,5.8972222222,5.8972222222,0,83.8008333333,83.8008333333,83.8008333333,49.8680555556,83.8008333333,52.2174971297,83.8008333333
312107000,4,52.7094444444,TRIST,TRIST,Cargo 📦,FUTURE_0_7D,MEDIUM,False,destination_fallback_global,5,2,RARE_1_2,50.2191666667,50.2191666667,11.0295685947,50.2191666667,89.4087647387,1,2.4902777777,2.4902777777,0,50.2191666667,50.2191666667,50.2191666667,57.8843595679,50.2191666667,23.0368093971,50.2191666667
312120000,3,17.4525,ITTRI,IT TRI,Tipo 75,FUTURE_0_7D,HIGH,False,destination_fallback_global,9,0,COLD_0,18.5783333333,18.5783333333,-19.1983554577,18.5783333333,56.3550221243,1,1.1258333333,1.1258333333,0,18.5783333333,18.5783333333,18.5783333333,48.3297222222,18.5783333333,41.5377661889,18.5783333333
312333000,4,121.9675,ESCAS,ES CAS,Cargo 📦,FUTURE_0_7D,LOW,False,destination_fallback_global,5,2,RARE_1_2,95.2080893098,72.305,32.6621765967,95.2080893098,157.754002023,1,26.7594106902,49.6625,22.9030893098,95.2080893098,72.305,95.2080893098,95.2080893098,62.9042767319,62.9042767319,72.305
314001113,1,272.909722222,GBPTB,GB PTB,Cargo 📦,FUTURE_7_14D,LOW,False,destination_fallback_global,9,0,COLD_0,158.198720254,230.653333333,-94.039797378,158.198720254,410.437237886,1,114.711001968,42.256388889,-72.454613079,158.198720254,230.653333333,85.7441071749,46.6986111111,59.0595356646,52.8790733878,230.653333333
314432000,1,38.3425,ITPNG,ITPNG,Cargo — No info,FUTURE_0_7D,MEDIUM,False,destination_fallback_global,9,0,COLD_0,33.4254274808,26.4025,-18.7631149878,33.4254274808,85.6139699494,1,4.9170725192,11.94,7.0229274808,33.4254274808,26.4025,40.4483549615,46.6986111111,42.5517440251,44.6251775681,26.4025
314496000,4,59.7291666667,ITRAN,ITRAN,Cargo — No info,FUTURE_0_7D,HIGH,True,destination,5,5,LOW_3_5,45.2317620782,45.2317620782,24.1180425258,45.2317620782,66.3454816306,1,14.4974045885,14.4974045885,0,45.2317620782,45.2317620782,52.0974691358,45.2317620782,45.0273374842,48.56240331,38.3211111111
314509000,2,4.225,MTMLA,MTMLA,Tipo 75,FUTURE_0_7D,HIGH,True,global,9,11,SUPPORTED_6PLUS,6.31029449307,6.31029449307,-30.83912637,6.31029449307,43.4597153561,1,2.08529449307,2.08529449307,0,6.31029449307,6.31029449307,28.8856756272,6.31029449307,18.9530121623,23.9193438947,45.0263888889
314652000,4,-270.887777778,FOR_ORDERS,ORDER,Cargo 📦,PAST_GT24H,LOW,False,destination,5,18,SUPPORTED_6PLUS,53.0020341941,232.388333333,-95.8603678174,53.0020341941,201.864436206,0,323.889811972,503.276111111,179.386299139,53.0020341941,232.388333333,53.0020341941,53.0020341941,27.2291401907,27.2291401907,44.4341666667
314900000,4,94.1419444444,ROCND,ROCND,Cargo 📦,FUTURE_0_7D,MEDIUM,False,destination_fallback_global,5,1,RARE_1_2,48.3297222222,50.2191666667,13.670852974,48.3297222222,82.9885914704,0,45.8122222222,43.9227777777,-1.8894444445,48.3297222222,50.2191666667,48.3297222222,48.3297222222,91.7725,48.3297222222,50.2191666667
319076100,3,17.3766666667,ITTAR,IT TAR,Cargo 📦,FUTURE_0_7D,HIGH,True,destination,3,3,LOW_3_5,13.5269444444,17.821963559,-7.90002907179,13.5269444444,34.9539179606,1,3.8497222223,0.4452968923,-3.40442533,13.5269444444,17.821963559,13.5269444444,17.821963559,37.9788888889,37.7832298227,37.9788888889
319301000,1,87.4213888889,TEXT:TOROS GABRE,TOROS GABRE,Tanker — Hazardous cat. C,FUTURE_0_7D,MEDIUM,False,destination_fallback_global,9,0,COLD_0,54.0963888889,54.0963888889,0.366987250995,54.0963888889,107.825790527,1,33.325,33.325,0,54.0963888889,54.0963888889,54.0963888889,46.6986111111,54.0963888889,50.7805620816,54.0963888889
338619000,3,50.7580555556,EGPSD,EGPSD,Cargo — No info,FUTURE_0_7D,HIGH,True,destination,8,8,SUPPORTED_6PLUS,50.7038025794,50.7038025794,24.2903359589,50.7038025794,77.1172691999,1,0.0542529762,0.0542529762,0,50.7038025794,50.7038025794,67.3097222222,50.7038025794,55.4135975611,57.7443622236,54.0591666667
351656000,3,91.7725,ROCND,ROCND,Cargo — No info,FUTURE_0_7D,MEDIUM,False,destination_fallback_global,9,1,RARE_1_2,38.3211111111,38.3211111111,-7.31804754416,38.3211111111,83.9602697664,0,53.4513888889,53.4513888889,0,38.3211111111,38.3211111111,38.3211111111,48.3297222222,38.3211111111,44.7657672958,38.3211111111
352001323,2,18.59,ITNAP,ITNAP,Cargo — Hazardous cat. C,FUTURE_0_7D,HIGH,True,global,9,6,SUPPORTED_6PLUS,17.644610601,17.644610601,-20.8994453793,17.644610601,56.1886665813,1,0.945389399,0.945389399,0,17.644610601,17.644610601,38.3283333333,17.644610601,35.4907486583,36.319754671,38.3283333333
352001352,4,81.3805555556,GIGIB,GIBRALTAR,Cargo 📦,FUTURE_0_7D,HIGH,True,destination,5,18,SUPPORTED_6PLUS,82.0479066374,82.0479066374,59.0909857202,82.0479066374,105.004827555,1,0.6673510818,0.6673510818,0,82.0479066374,82.0479066374,85.6202777778,82.0479066374,87.8477777778,83.7235265452,90.6488888889
352002170,0,31.0708333333,ITBRI,ITBRI,Cargo 📦,FUTURE_0_7D,MEDIUM,False,destination_fallback_global,9,0,COLD_0,50.8336111111,46.4047222222,-6.85973993683,50.8336111111,108.526962159,1,19.7627777778,15.3338888889,-4.4288888889,50.8336111111,46.4047222222,50.8336111111,50.8336111111,50.8336111111,50.8336111111,46.4047222222
352002243,2,303.231666667,FOR_ORDERS,BALTIC SEA FOR ORDER,Petroliera/Tanker 🛢️,FUTURE_7_14D,LOW,False,global,9,18,SUPPORTED_6PLUS,217.078678283,89.0002777778,-14.2443241399,217.078678283,448.401680706,1,86.152988384,214.231388889,128.078400505,217.078678283,89.0002777778,217.078678283,217.078678283,80.9067568326,80.9067568326,89.0002777778
352002310,0,104.6475,MACAS,MACAS,Cargo 📦,FUTURE_0_7D,LOW,False,destination_fallback_global,9,1,RARE_1_2,121.198611111,121.198611111,26.119448288,121.198611111,216.277773934,1,16.551111111,16.551111111,0,121.198611111,121.198611111,121.198611111,50.8336111111,121.198611111,54.7013038767,121.198611111
352002473,3,54.0963888889,TEXT:ALIAGA TURKEY,ALIAGA TURKEY,Petroliera/Tanker 🛢️,FUTURE_0_7D,MEDIUM,False,destination_fallback_global,9,0,COLD_0,50.9663266252,75.9841666667,-7.17334751629,50.9663266252,109.106000767,1,3.1300622637,21.8877777778,18.7577155141,50.9663266252,75.9841666667,50.9663266252,50.9663266252,58.9997005986,58.9997005986,75.9841666667
352003272,1,53.6988888889,ESBCN,ESBCN,Tanker — Hazardous cat. B,FUTURE_0_7D,LOW,False,destination_fallback_global,9,0,COLD_0,84.0602777778,84.0602777778,-22.1945853719,84.0602777778,190.315140927,1,30.3613888889,30.3613888889,0,84.0602777778,84.0602777778,84.0602777778,46.6986111111,84.0602777778,67.9366740174,84.0602777778
352003495,1,214.046666667,NLRTM,NL RTM,Cargo 📦,FUTURE_7_14D,HIGH,True,destination_fallback_global,9,1,RARE_1_2,84.3073623277,95.2691320371,49.700165734,84.3073623277,118.914558921,0,129.739304339,118.77753463,-10.9617697094,84.3073623277,95.2691320371,77.9313913221,77.9313913221,71.0942856486,58.8964483798,90.6833333333
352004307,2,111.593333333,GIGIB,GIGIB,Cargo 📦,FUTURE_0_7D,HIGH,True,global,9,15,SUPPORTED_6PLUS,107.354076208,107.354076208,69.9819819309,107.354076208,144.726170485,1,4.239257125,4.239257125,0,107.354076208,107.354076208,76.6224929705,107.354076208,78.4244116098,77.5234522902,71.5641666667
352004590,0,71.5641666667,LBSEL,LB SEL,Cargo 📦,FUTURE_0_7D,MEDIUM,False,destination_fallback_global,9,0,COLD_0,70.7678710319,58.6833333333,12.9608717207,70.7678710319,128.574870343,1,0.7962956348,12.8808333334,12.0845376986,70.7678710319,58.6833333333,70.7678710319,70.7678710319,59.7618476685,59.7618476685,58.6833333333
352004593,4,274.720555556,FOR_ORDERS,BALTIC SEA FOR ORDER,Petroliera/Tanker 🛢️,FUTURE_7_14D,LOW,False,destination,5,18,SUPPORTED_6PLUS,318.020277778,318.020277778,34.0132814951,318.020277778,602.027274061,1,43.299722222,43.299722222,0,318.020277778,318.020277778,318.020277778,242.869148418,368.455555556,164.302447558,368.455555556
352004690,1,533.3925,TEXT:P P URUGUAY,P P URUGUAY,Cargo 📦,FUTURE_14_30D,LOW,False,destination_fallback_global,9,0,COLD_0,95.2236111111,95.2236111111,-80.1068726612,95.2236111111,270.554094883,0,438.168888889,438.168888889,0,95.2236111111,95.2236111111,95.2236111111,46.6986111111,85.8514194642,66.2750152877,95.2236111111
352004810,3,74.8519444444,GIGIB,GI GIB,Tipo 85,FUTURE_0_7D,HIGH,True,destination,9,14,SUPPORTED_6PLUS,74.3044606209,74.3044606209,47.8722935747,74.3044606209,100.736627667,1,0.5474838235,0.5474838235,0,74.3044606209,74.3044606209,81.3805555556,74.3044606209,91.4092513439,84.579553334,90.6488888889
352005357,0,250.311388889,TEXT:SKAGEN,SKAGEN,Non disponibile,FUTURE_7_14D,LOW,False,destination_fallback_global,9,0,COLD_0,112.551141777,78.9519444444,-0.409850220103,112.551141777,225.512133774,0,137.760247112,171.359444445,33.5991973326,112.551141777,78.9519444444,112.551141777,112.551141777,50.5693025886,50.5693025886,78.9519444444
352005660,3,84.285,FOR_ORDERS,GIBRALTAR FOR ORDERS,Petroliera/Tanker 🛢️,FUTURE_0_7D,LOW,False,destination,9,22,SUPPORTED_6PLUS,318.020277778,318.020277778,33.8986378946,318.020277778,602.141917661,1,233.735277778,233.735277778,0,318.020277778,318.020277778,318.020277778,289.007761688,84.0602777778,188.418636976,84.0602777778
352006086,0,74.6733333333,TRTEK,TRTEK,Non disponibile,FUTURE_0_7D,MEDIUM,False,destination_fallback_global,9,0,COLD_0,75.5544444444,75.5544444444,15.6164279412,75.5544444444,135.492460948,1,0.8811111111,0.8811111111,0,75.5544444444,75.5544444444,75.5544444444,50.8336111111,75.5544444444,53.6920701507,75.5544444444
352506000,4,640.108888889,TEXT:SGSIN PEBGA,SGSIN PEBGA,Cargo 📦,FUTURE_14_30D,MEDIUM,False,destination_fallback_global,5,0,COLD_0,45.0263888889,45.0263888889,11.1976775579,45.0263888889,78.8551002199,0,595.0825,595.0825,0,45.0263888889,45.0263888889,45.0263888889,48.3297222222,45.0263888889,63.3303775144,45.0263888889
352604000,0,70.1394444444,EGEDK,EG EDK,Cargo 📦,FUTURE_0_7D,MEDIUM,False,destination_fallback_global,9,1,RARE_1_2,50.8336111111,68.2436111111,-2.17029528351,50.8336111111,103.837517506,1,19.3058333333,1.8958333333,-17.41,50.8336111111,68.2436111111,50.8336111111,50.8336111111,50.8336111111,50.8336111111,68.2436111111
353589000,0,67.3097222222,EGPSD,PORT SAID,Cargo 📦,FUTURE_0_7D,HIGH,True,destination,9,10,SUPPORTED_6PLUS,62.4336266782,62.4336266782,26.0859235263,62.4336266782,98.7813298301,1,4.876095544,4.876095544,0,62.4336266782,62.4336266782,54.1344384054,62.4336266782,63.8531562327,61.5808836719,52.7875
354562000,4,58.2997222222,TRAMR,TRAMR,Cargo 📦,FUTURE_0_7D,MEDIUM,False,destination_fallback_global,5,0,COLD_0,59.8719444444,59.8719444444,16.970849915,59.8719444444,102.773038974,1,1.5722222222,1.5722222222,0,59.8719444444,59.8719444444,59.8719444444,48.3297222222,59.8719444444,46.3701830592,59.8719444444
355860000,4,57.4363888889,ITVCE,ITVCE,Cargo 📦,FUTURE_0_7D,MEDIUM,False,destination_fallback_global,5,2,RARE_1_2,38.0057372696,43.6044444444,3.29554139272,38.0057372696,72.7159331465,1,19.4306516193,13.8319444445,-5.5987071748,38.0057372696,43.6044444444,38.0057372696,38.0057372696,44.7110810283,44.7110810283,43.6044444444
356324000,0,55.225,ITGOA,ITGOA,Petroliera/Tanker 🛢️,FUTURE_0_7D,HIGH,True,destination,6,6,SUPPORTED_6PLUS,51.8668375126,51.8668375126,13.7855456878,51.8668375126,89.9481293374,1,3.3581624874,3.3581624874,0,51.8668375126,51.8668375126,50.0173611111,51.8668375126,65.6489162002,57.8331386557,230.653333333
356680000,3,75.5544444444,TEXT:ISKENDERUN,ISKENDERUN,Cargo 📦,FUTURE_0_7D,MEDIUM,False,destination_fallback_global,9,0,COLD_0,54.2834044153,70.1394444444,-5.55069824592,54.2834044153,114.117507077,1,21.2710400291,5.415,-15.8560400291,54.2834044153,70.1394444444,54.2834044153,54.2834044153,56.6179808263,56.6179808263,70.1394444444
356755000,3,90.5836111111,GIGIB,GIBRALTAR,Cargo 📦,FUTURE_0_7D,HIGH,True,destination,9,14,SUPPORTED_6PLUS,81.0091306626,81.0091306626,56.1961628582,81.0091306626,105.822098467,1,9.5744804485,9.5744804485,0,81.0091306626,81.0091306626,81.3805555556,81.0091306626,81.3805555556,89.1792787872,81.3805555556
356794000,4,11.7391666667,MTMLA,MTMLA,Cargo — No info,FUTURE_0_7D,HIGH,True,destination,5,12,SUPPORTED_6PLUS,11.4775963905,11.4775963905,-9.62712241954,11.4775963905,32.5823152005,1,0.2615702762,0.2615702762,0,11.4775963905,11.4775963905,5.33888888889,11.4775963905,3.93583333333,8.99552591393,22.8913888889
357463000,3,50.9091666667,ITGOA,GRPIR>>>ITGOA,Cargo — Hazardous cat. D,FUTURE_0_7D,HIGH,True,destination,6,6,SUPPORTED_6PLUS,44.8245080764,44.8245080764,19.8235750241,44.8245080764,69.8254411287,1,6.0846585903,6.0846585903,0,44.8245080764,44.8245080764,46.3036342593,44.8245080764,29.4799068516,37.8917705554,22.8505555556
357983000,3,44.8425,ESVLC,ES VLC,Cargo 📦,FUTURE_0_7D,MEDIUM,True,destination_fallback_global,9,2,RARE_1_2,44.7597669433,44.7597669433,-0.780539539407,44.7597669433,90.300073426,1,0.0827330567,0.0827330567,0,44.7597669433,44.7597669433,90.6488888889,44.7597669433,90.6488888889,-164.165275082,90.6488888889
372119000,2,66.6188888889,EGPSD,PORT SAID,Petroliera/Tanker 🛢️,FUTURE_0_7D,HIGH,True,global,9,11,SUPPORTED_6PLUS,66.6135907807,66.6135907807,27.6228470238,66.6135907807,105.604334538,1,0.00529810820001,0.00529810820001,0,66.6135907807,66.6135907807,60.8210011835,66.6135907807,67.3097222222,63.6588688062,75.9841666667
372668000,1,59.9638888889,DZAZW,DZAZW,Tanker — Hazardous cat. D,FUTURE_0_7D,LOW,False,destination_fallback_global,9,1,RARE_1_2,72.7880555556,72.7880555556,-35.9631036476,72.7880555556,181.539214759,1,12.8241666667,12.8241666667,0,72.7880555556,72.7880555556,72.7880555556,46.6986111111,72.7880555556,62.1590663617,72.7880555556
373026000,1,-36.7822222222,ITAUG,ITAUG,Petroliera/Tanker 🛢️,PAST_GT24H,LOW,False,destination,9,22,SUPPORTED_6PLUS,-74.9040773306,-79.6436111111,-162.552070374,-74.9040773306,12.7439157127,1,38.1218551084,42.8613888889,4.7395337805,-74.9040773306,-79.6436111111,-70.1645435502,-49.3955121528,-62.65,-71.5631478822,-62.65
373808000,1,18.7561111111,FOR_ORDERS,FOR ORDERS,Petroliera/Tanker 🛢️,FUTURE_0_7D,LOW,False,destination,9,21,SUPPORTED_6PLUS,84.285,84.285,-65.0795646716,84.285,233.649564672,1,65.5288888889,65.5288888889,0,84.285,84.285,84.285,188.535406732,47.5175,111.13309049,47.5175
374194000,2,-2439.34805556,FOR_ORDERS,ORDER,Altro,PAST_GT24H,MEDIUM,False,global,9,18,SUPPORTED_6PLUS,74.6733333333,74.6733333333,11.243720859,74.6733333333,138.102945808,0,2514.02138889,2514.02138889,0,74.6733333333,74.6733333333,74.6733333333,67.3238865805,74.6733333333,50.1877129162,74.6733333333
376304000,4,45.8775,HRZAD,HRZAD,Cargo 📦,FUTURE_0_7D,MEDIUM,False,destination_fallback_global,5,0,COLD_0,38.4142430108,54.7930555556,-4.1666173655,38.4142430108,80.9951033871,1,7.4632569892,8.9155555556,1.4522985664,38.4142430108,54.7930555556,38.4142430108,38.4142430108,40.0052994243,40.0052994243,54.7930555556
403532001,3,51.7697222222,EGPSD,EG PSD,Cargo 📦,FUTURE_0_7D,HIGH,True,destination,8,8,SUPPORTED_6PLUS,59.3250384786,59.3250384786,32.1734654875,59.3250384786,86.4766114697,1,7.5553162564,7.5553162564,0,59.3250384786,59.3250384786,66.6188888889,59.3250384786,56.0090235848,59.8099918069,66.6188888889
403660000,4,83.1661111111,ESALG,ES ALG,Petroliera/Tanker 🛢️,FUTURE_0_7D,HIGH,True,destination,5,7,SUPPORTED_6PLUS,77.0839658272,77.0839658272,54.9952477483,77.0839658272,99.1726839061,1,6.0821452839,6.0821452839,0,77.0839658272,77.0839658272,82.6511111111,77.0839658272,98.5522222222,87.7360322572,59.9638888889
428002000,1,81.0472222222,TEXT:DAMIETTA,DAMIETTA,Cargo 📦,FUTURE_0_7D,LOW,False,destination_fallback_global,9,0,COLD_0,50.7580555556,50.7580555556,-17.2955359091,50.7580555556,118.81164702,1,30.2891666666,30.2891666666,0,50.7580555556,50.7580555556,50.7580555556,46.6986111111,50.7580555556,52.0914144794,50.7580555556
431048000,2,426.029722222,FOR_ORDERS,FOR ORDERS,Petroliera/Tanker 🛢️,FUTURE_14_30D,LOW,False,global,9,18,SUPPORTED_6PLUS,156.42055994,89.0002777778,28.4751542642,156.42055994,284.365965616,0,269.609162282,337.029444444,67.4202821622,156.42055994,89.0002777778,156.42055994,156.42055994,79.8805842871,79.8805842871,89.0002777778
431476000,0,49.2836111111,TRDRC,TR DRC,Cargo 📦,FUTURE_0_7D,MEDIUM,False,destination_fallback_global,9,1,RARE_1_2,50.8336111111,75.5544444444,1.45070457956,50.8336111111,100.216517643,1,1.55,26.2708333333,24.7208333333,50.8336111111,75.5544444444,50.8336111111,50.8336111111,50.8336111111,50.8336111111,75.5544444444
440252000,0,33.7158333333,TRDRC,TRDRC,Cargo 📦,FUTURE_0_7D,MEDIUM,False,destination_fallback_global,9,1,RARE_1_2,54.5319296183,75.5544444444,4.22928864094,54.5319296183,104.834570596,1,20.816096285,41.8386111111,21.0225148261,54.5319296183,75.5544444444,54.5319296183,54.5319296183,56.3368923722,56.3368923722,75.5544444444
461000256,1,391.848055556,FOR_ORDERS,FOR ORDER,Petroliera/Tanker 🛢️,FUTURE_14_30D,LOW,False,destination,9,21,SUPPORTED_6PLUS,95.5272192912,90.6833333333,-82.098257919,95.5272192912,273.152696501,0,296.320836265,301.164722223,4.8438859579,95.5272192912,90.6833333333,100.371105249,188.535406732,84.0602777778,144.253320904,84.0602777778
461000284,2,334.89,FOR_ORDERS,FOR ORDER,Petroliera/Tanker 🛢️,FUTURE_7_14D,LOW,False,global,9,18,SUPPORTED_6PLUS,164.080263857,81.3805555556,-68.6303897323,164.080263857,396.790917446,1,170.809736143,253.509444444,82.6997083014,164.080263857,81.3805555556,164.080263857,164.080263857,77.0202937486,77.0202937486,81.3805555556
461000370,4,301.943611111,FOR_ORDERS,FOR ORDERS,Petroliera/Tanker 🛢️,FUTURE_7_14D,LOW,False,destination,5,18,SUPPORTED_6PLUS,328.807222222,328.807222222,93.6090370589,328.807222222,564.005407385,1,26.863611111,26.863611111,0,328.807222222,328.807222222,328.807222222,242.869148418,284.9025,180.501964476,284.9025
477630800,2,98.5522222222,ESALG,ES ALG,Cargo 📦,FUTURE_0_7D,HIGH,True,global,9,6,SUPPORTED_6PLUS,101.493603935,101.493603935,63.6299211368,101.493603935,139.357286733,1,2.9413817128,2.9413817128,0,101.493603935,101.493603935,76.2652777778,101.493603935,79.9465854583,71.6522859902,76.2652777778
477856500,3,3.58555555556,AMBIGUOUS:MALTA,MALTA,Cargo 📦,FUTURE_0_7D,LOW,False,destination,3,3,LOW_3_5,31.1271285339,3.05555555556,-92.9908550283,31.1271285339,155.245112096,1,27.5415729783,0.53,-27.0115729783,31.1271285339,3.05555555556,31.1271285339,31.1271285339,6.19583333333,31.1271285339,3.93583333333
477963900,2,3.05555555556,AMBIGUOUS:MALTA,MALTA,Petroliera/Tanker 🛢️,FUTURE_0_7D,LOW,False,global,9,3,LOW_3_5,90.5836111111,90.5836111111,-14.7614966681,90.5836111111,195.92871889,1,87.5280555555,87.5280555555,0,90.5836111111,90.5836111111,90.5836111111,39.0368378492,90.5836111111,50.5849133406,90.5836111111
511100560,0,14.895,ITNAP,ITNAP,Cargo 📦,FUTURE_0_7D,HIGH,True,destination,6,6,SUPPORTED_6PLUS,26.6983329895,26.6983329895,-11.3913701527,26.6983329895,64.7880361317,1,11.8033329895,11.8033329895,0,26.6983329895,26.6983329895,31.1558767361,26.6983329895,17.2533333333,-3.49296478045,38.3283333333
538001657,0,15.0325,GRAST,GR AST,Cargo 📦,FUTURE_0_7D,HIGH,False,destination_fallback_global,9,0,COLD_0,34.4072222222,34.4072222222,-11.2310460393,34.4072222222,80.0454904837,1,19.3747222222,19.3747222222,0,34.4072222222,34.4072222222,34.4072222222,50.8336111111,34.4072222222,44.8654739534,34.4072222222
538002883,3,79.4730555556,TRISK,TR ISK,Petroliera/Tanker 🛢️,FUTURE_0_7D,MEDIUM,False,destination_fallback_global,9,2,RARE_1_2,57.4940123457,58.2141666667,1.69086524542,57.4940123457,113.297159446,1,21.9790432099,21.2588888889,-0.720154321,57.4940123457,58.2141666667,57.4940123457,57.4940123457,88.1566666667,57.4940123457,58.2141666667
538003678,4,-186.653611111,ITSPA,ITAUG>ITSPA,Petroliera/Tanker 🛢️,PAST_GT24H,MEDIUM,False,destination,5,8,SUPPORTED_6PLUS,-139.610277778,-139.610277778,-193.772504989,-139.610277778,-85.448050567,1,47.043333333,47.043333333,0,-139.610277778,-139.610277778,-139.610277778,-111.50087731,-139.610277778,-69.6558121834,-139.610277778
538004518,0,50.4611111111,TRCKZ,GI GIB>TR CKZ,Petroliera/Tanker 🛢️,FUTURE_0_7D,MEDIUM,False,destination_fallback_global,9,2,RARE_1_2,64.9925,64.9925,11.6642307757,64.9925,118.320769224,1,14.5313888889,14.5313888889,0,64.9925,64.9925,64.9925,49.5396682099,64.9925,52.2088977296,64.9925
538004558,2,56.1919444444,ITPFX,ITPFX,Tipo 85,FUTURE_0_7D,MEDIUM,False,global,9,2,RARE_1_2,81.0472222222,81.0472222222,25.1691748362,81.0472222222,136.925269608,1,24.8552777778,24.8552777778,0,81.0472222222,81.0472222222,81.0472222222,49.8680555556,81.0472222222,-3.416353699,81.0472222222
538005330,2,68.4872222222,TRISK,BRPMA>TRISK,Cargo 📦,FUTURE_0_7D,MEDIUM,False,global,9,2,RARE_1_2,49.8680555556,52.7094444444,-8.30066680926,49.8680555556,108.03677792,1,18.6191666666,15.7777777778,-2.8413888888,49.8680555556,52.7094444444,49.8680555556,49.8680555556,49.8680555556,49.8680555556,52.7094444444
538005431,3,5.76138888889,AMBIGUOUS:MALTA,MALTA,Cargo 📦,FUTURE_0_7D,LOW,False,destination,3,3,LOW_3_5,31.1271285339,3.05555555556,-91.3866751112,31.1271285339,153.640932179,1,25.365739645,2.70583333333,-22.6599063117,31.1271285339,3.05555555556,31.1271285339,31.1271285339,6.19583333333,31.1271285339,124.724722222
538005496,3,-163.314166667,ITSPA,IT SPA,Petroliera/Tanker 🛢️,PAST_GT24H,LOW,False,destination,5,5,LOW_3_5,-59.3790186318,-186.653611111,-299.98077422,-59.3790186318,181.222736956,1,103.935148035,23.339444444,-80.5957035912,-59.3790186318,-186.653611111,-59.3790186318,-59.3790186318,6.46395652769,6.46395652769,-117.643055556
538005853,1,6.67722222222,ITPZL,IT PZL,Cargo 📦,FUTURE_0_7D,MEDIUM,False,destination_fallback_global,9,0,COLD_0,65.3591666667,65.3591666667,11.0730607079,65.3591666667,119.645272626,0,58.6819444445,58.6819444445,0,65.3591666667,65.3591666667,65.3591666667,46.6986111111,46.6986111111,46.6215640239,65.3591666667
538006774,0,103.651111111,GIGIB,GIGIB,Cargo 📦,FUTURE_0_7D,HIGH,True,destination,9,18,SUPPORTED_6PLUS,99.1734022856,99.1734022856,60.0684770327,99.1734022856,138.278327539,1,4.4777088254,4.4777088254,0,99.1734022856,99.1734022856,81.6484923872,99.1734022856,84.1227777778,80.1648040975,115.341388889
538007198,3,234.348611111,GNKMR,GN KMR,Cargo 📦,FUTURE_7_14D,HIGH,False,destination_fallback_global,9,0,COLD_0,48.3297222222,22.8505555556,5.09129906083,48.3297222222,91.5681453836,0,186.018888889,211.498055555,25.4791666666,48.3297222222,22.8505555556,48.3297222222,48.3297222222,48.3297222222,48.3297222222,22.8505555556
538007504,0,73.2861111111,TRYAR,TRYAR,Cargo 📦,FUTURE_0_7D,MEDIUM,False,destination_fallback_global,9,1,RARE_1_2,50.8336111111,66.6188888889,-2.17633650436,50.8336111111,103.843558727,1,22.4525,6.6672222222,-15.7852777778,50.8336111111,66.6188888889,50.8336111111,50.8336111111,54.0591666667,50.8336111111,66.6188888889
538007511,2,79.2452777778,GIGIB,GIGIB,Petroliera/Tanker 🛢️,FUTURE_0_7D,HIGH,True,global,9,15,SUPPORTED_6PLUS,75.8483512268,75.8483512268,37.7081237105,75.8483512268,113.988578743,1,3.396926551,3.396926551,0,75.8483512268,75.8483512268,82.0048026615,75.8483512268,90.5836111111,78.8285146649,90.5836111111
538007661,1,50.2191666667,TRERE,TR ERE,Cargo 📦,FUTURE_0_7D,MEDIUM,False,destination_fallback_global,9,0,COLD_0,52.3320435111,52.7094444444,-2.58681507036,52.3320435111,107.250902093,1,2.1128768444,2.4902777777,0.3774009333,52.3320435111,52.7094444444,51.9546425778,46.6986111111,52.7094444444,51.2401607767,52.7094444444
538008070,3,89.0002777778,GIGIB,GIGIB,Petroliera/Tanker 🛢️,FUTURE_0_7D,HIGH,True,destination,9,14,SUPPORTED_6PLUS,85.1763902417,85.1763902417,58.0541418565,85.1763902417,112.298638627,1,3.8238875361,3.8238875361,0,85.1763902417,85.1763902417,84.0602777778,85.1763902417,97.4713888889,84.3940246544,103.651111111
538009008,4,334.990833333,RUULU,RU ULU,Cargo 📦,FUTURE_7_14D,LOW,False,destination_fallback_global,5,0,COLD_0,117.621996486,69.5616666667,8.07357690635,117.621996486,227.170416066,0,217.368836847,265.429166666,48.0603298193,117.621996486,69.5616666667,117.621996486,117.621996486,90.4643865916,90.4643865916,69.5616666667
538009052,0,-741.288611111,MTMLA,MT MLA,Cargo 📦,PAST_GT24H,HIGH,True,destination,9,11,SUPPORTED_6PLUS,5.05406798766,5.05406798766,-30.6381512975,5.05406798766,40.7462872729,0,746.342679099,746.342679099,0,5.05406798766,5.05406798766,3.32039605968,5.05406798766,49.5759913989,34.5998947924,75.9636111111
538009159,0,88.1566666667,TRISK,TR ISK,Cargo 📦,FUTURE_0_7D,MEDIUM,False,destination_fallback_global,9,2,RARE_1_2,60.5900687771,54.13,0.777975550077,60.5900687771,120.402162004,1,27.5665978896,34.0266666667,6.4600687771,60.5900687771,54.13,60.5900687771,60.5900687771,-16.664182537,-16.664182537,54.13
538009183,2,284.9025,PLGDN,PLGDN,Petroliera/Tanker 🛢️,FUTURE_7_14D,LOW,False,global,9,0,COLD_0,204.084816857,83.1661111111,-65.2934160467,204.084816857,473.463049761,1,80.817683143,201.736388889,120.918705746,204.084816857,83.1661111111,204.084816857,204.084816857,86.0540393034,86.0540393034,83.1661111111
538009214,1,79.0844444444,GIGIB,GIGIB,Petroliera/Tanker 🛢️,FUTURE_0_7D,HIGH,True,destination,9,19,SUPPORTED_6PLUS,80.0197876757,84.7320806902,46.064877844,80.0197876757,113.974697507,1,0.9353432313,5.6476362458,4.7122930145,80.0197876757,84.7320806902,78.6590197957,78.6590197957,89.0002777778,71.6073795952,104.6475
538009532,2,91.9708333333,GIGIB,GI GIB,Tanker — No info,FUTURE_0_7D,HIGH,True,global,9,15,SUPPORTED_6PLUS,90.7691546678,90.7691546678,47.5311765171,90.7691546678,134.007132818,1,1.2016786655,1.2016786655,0,90.7691546678,90.7691546678,79.1845108393,90.7691546678,74.8519444444,71.9115868274,90.6833333333
538009615,1,190.408611111,NLRTM,ROTTERDAM,Petroliera/Tanker 🛢️,FUTURE_7_14D,HIGH,True,destination_fallback_global,9,1,RARE_1_2,81.7987719183,82.2150490886,47.6607274008,81.7987719183,115.936816436,0,108.609839193,108.193562022,-0.4162771703,81.7987719183,82.2150490886,81.382494748,81.382494748,103.049722222,55.9659488941,103.049722222
538009968,3,68.2436111111,EGPSD,EG PSD,Petroliera/Tanker 🛢️,FUTURE_0_7D,HIGH,True,destination,8,8,SUPPORTED_6PLUS,72.2356208832,72.2356208832,45.6849475164,72.2356208832,98.78629425,1,3.9920097721,3.9920097721,0,72.2356208832,72.2356208832,67.3097222222,72.2356208832,58.1385652221,60.3909646398,70.1394444444
538009987,0,84.0602777778,GIGIB,GRPIR>GIGIB,Petroliera/Tanker 🛢️,FUTURE_0_7D,HIGH,True,destination,9,18,SUPPORTED_6PLUS,83.1151487318,83.1151487318,46.7586895221,83.1151487318,119.471607942,1,0.945129046,0.945129046,0,83.1151487318,83.1151487318,86.2708013847,83.1151487318,72.7880555556,84.9249140854,72.7880555556
538010211,3,-12.6144444444,ITSPA,ITSPA,Petroliera/Tanker 🛢️,PAST_1_24H,LOW,False,destination,5,5,LOW_3_5,-76.6613697777,-139.610277778,-240.7351686,-76.6613697777,87.4124290442,1,64.0469253333,126.995833334,62.9489080003,-76.6613697777,-139.610277778,-76.6613697777,-76.6613697777,8.54460559842,8.54460559842,-79.6436111111
538010262,1,64.9925,TRGEB,TR GEB,Petroliera/Tanker 🛢️,FUTURE_0_7D,MEDIUM,False,destination_fallback_global,9,0,COLD_0,70.1394444444,70.1394444444,9.70141831376,70.1394444444,130.577470575,1,5.1469444444,5.1469444444,0,70.1394444444,70.1394444444,70.1394444444,46.6986111111,57.3381512904,52.0183812007,70.1394444444
538010540,2,96.8438888889,GIGIB,GI GIB,Cargo 📦,FUTURE_0_7D,HIGH,True,global,9,15,SUPPORTED_6PLUS,97.606199775,97.606199775,55.34725956,97.606199775,139.86513999,1,0.7623108861,0.7623108861,0,97.606199775,97.606199775,92.88427996,97.606199775,81.1417332502,78.8821131104,115.341388889
538010653,3,90.6833333333,FOR_ORDERS,FOR ORDERS,Cargo 📦,FUTURE_0_7D,LOW,False,destination,9,22,SUPPORTED_6PLUS,318.020277778,318.020277778,78.3174849456,318.020277778,557.72307061,1,227.336944445,227.336944445,0,318.020277778,318.020277778,318.020277778,128.03576844,84.0602777778,95.5750050643,84.0602777778
538010874,0,2.93777777778,MTMLA,MTMLA,Petroliera/Tanker 🛢️,FUTURE_0_7D,HIGH,True,destination,9,11,SUPPORTED_6PLUS,4.31070311757,4.31070311757,-32.0508972196,4.31070311757,40.6723034547,1,1.37292533979,1.37292533979,0,4.31070311757,4.31070311757,5.72480529231,4.31070311757,3.88861111111,23.42648463,3.58555555556
538011225,0,13.5269444444,ITTAR,ES VLC > ITTAR,Cargo — Hazardous cat. C,FUTURE_0_7D,HIGH,True,destination,4,4,LOW_3_5,14.496273423,14.496273423,-19.6127175241,14.496273423,48.6052643701,1,0.9693289786,0.9693289786,0,14.496273423,14.496273423,19.4041666667,14.496273423,41.3936111111,36.0865794672,41.3936111111
538011848,4,-79.6066666667,FOR_ORDERS,FOR ORDERS,Tanker — No info,PAST_GT24H,LOW,False,destination,5,18,SUPPORTED_6PLUS,90.6833333333,90.6833333333,-3.17445703745,90.6833333333,184.541123704,0,170.29,170.29,0,90.6833333333,90.6833333333,90.6833333333,115.240189356,75.5544444444,87.5900061828,75.5544444444
538011969,3,34.5391666667,HRRJK,HR RJK,Cargo 📦,FUTURE_0_7D,MEDIUM,False,destination_fallback_global,9,0,COLD_0,27.9486580542,35.1477777778,-21.444379292,27.9486580542,77.3416954004,1,6.5905086125,0.6086111111,-5.9818975014,27.9486580542,35.1477777778,27.9486580542,27.9486580542,40.5476953803,40.5476953803,35.1477777778
538012456,1,-5.65111111111,FOR_ORDERS,FOR ORDER,Tanker — No info,PAST_1_24H,LOW,False,destination,9,21,SUPPORTED_6PLUS,84.285,84.285,-94.6015052984,84.285,263.171505298,1,89.9361111111,89.9361111111,0,84.285,84.285,84.285,109.400509473,36.8959415478,73.1482255104,-17.4319444444
538071393,2,-2.32222222222,ITSIR,ITSIR,Imbarcazione da diporto,PAST_1_24H,HIGH,False,global,9,1,RARE_1_2,24.1022222222,24.1022222222,-23.7979491204,24.1022222222,72.0023935648,1,26.4244444444,26.4244444444,0,24.1022222222,24.1022222222,24.1022222222,49.8680555556,24.1022222222,7.20514919055,24.1022222222
538090701,3,297.199444444,RULED,RULED,Cargo 📦,FUTURE_7_14D,LOW,False,destination_fallback_global,9,0,COLD_0,169.335930796,90.6488888889,-68.9955946202,169.335930796,407.667456212,1,127.863513648,206.550555555,78.6870419071,169.335930796,90.6488888889,169.335930796,169.335930796,88.1468204587,88.1468204587,90.6488888889
544203120,1,102.057222222,ESCAS,ESCAS,Cargo 📦,FUTURE_0_7D,MEDIUM,False,destination_fallback_global,9,1,RARE_1_2,43.8391666667,40.9797222222,-17.6239527337,43.8391666667,105.302286067,1,58.2180555553,61.0774999998,2.8594444445,43.8391666667,40.9797222222,46.6986111111,46.6986111111,40.9797222222,42.7692796379,40.9797222222
548651000,4,-76.6530555556,ITAUG,IT AUG,Tanker — Hazardous cat. A,PAST_GT24H,LOW,False,destination,5,16,SUPPORTED_6PLUS,-356.462777778,-356.462777778,-479.574959531,-356.462777778,-233.350596025,0,279.809722222,279.809722222,0,-356.462777778,-356.462777778,-356.462777778,-31.6055769231,22.8913888889,-25.9919695139,22.8913888889
563003300,1,46.5769444444,EGSKT,NLRTM>EGSKT,Petroliera/Tanker 🛢️,FUTURE_0_7D,MEDIUM,False,destination_fallback_global,9,0,COLD_0,59.1436646664,65.5738888889,8.30507844337,59.1436646664,109.982250889,1,12.566720222,18.9969444445,6.4302242225,59.1436646664,65.5738888889,52.7134404439,46.6986111111,57.5612922611,52.1299516861,65.5738888889
563162400,1,372.982222222,USNSS,USNSS,Petroliera/Tanker 🛢️,FUTURE_14_30D,MEDIUM,False,destination_fallback_global,9,0,COLD_0,78.9813633621,79.1775,22.8774673973,78.9813633621,135.085259327,0,294.00085886,293.804722222,-0.1961366379,78.9813633621,79.1775,78.7852267242,46.6986111111,65.1886770431,55.9436440771,79.1775
563186100,3,82.6511111111,ESALG,ESALG,Petroliera/Tanker 🛢️,FUTURE_0_7D,HIGH,True,destination,6,6,SUPPORTED_6PLUS,82.2913206581,82.2913206581,54.5954211278,82.2913206581,109.987220188,1,0.359790453,0.359790453,0,82.2913206581,82.2913206581,90.6488888889,82.2913206581,90.6488888889,80.7297436049,303.231666667
563205300,3,67.0344444444,TEXT:BANDIRMA TR,BANDIRMA TR,Tanker — Hazardous cat. D,FUTURE_0_7D,MEDIUM,False,destination_fallback_global,9,0,COLD_0,53.8078515269,61.9911111111,4.51987437602,53.8078515269,103.095828678,1,13.2265929175,5.0433333333,-8.1832595842,53.8078515269,61.9911111111,53.8078515269,53.8078515269,38.956306214,38.956306214,61.9911111111
563246500,2,-654.671944444,GIGIB,GIGIB,Cargo 📦,PAST_GT24H,HIGH,True,global,9,15,SUPPORTED_6PLUS,94.4681643045,94.4681643045,48.2982167083,94.4681643045,140.638111901,0,749.140108748,749.140108748,0,94.4681643045,94.4681643045,87.86187461,94.4681643045,93.2358333333,80.2208862404,247.046944444
563279900,3,34.4177777778,ITLIV,ITLIV,Cargo — Hazardous cat. A,FUTURE_0_7D,HIGH,True,destination_fallback_global,9,2,RARE_1_2,30.5078787407,30.5078787407,3.52879765711,30.5078787407,57.4869598243,1,3.9098990371,3.9098990371,0,30.5078787407,30.5078787407,42.4737719889,30.5078787407,40.4125,49.8103500121,22.8505555556
563280700,3,49.8680555556,EGPSD,EGPSD,Cargo — Hazardous cat. A,FUTURE_0_7D,HIGH,True,destination,8,8,SUPPORTED_6PLUS,52.5094897844,52.5094897844,25.5140723399,52.5094897844,79.5049072289,1,2.6414342288,2.6414342288,0,52.5094897844,52.5094897844,67.3097222222,52.5094897844,64.0183333333,56.6722876203,64.9925
564724000,2,14.0841666667,ALDRZ,AL DRZ,Cargo 📦,FUTURE_0_7D,LOW,False,global,9,0,COLD_0,49.8680555556,47.1522222222,-21.9186414822,49.8680555556,121.654752593,1,35.7838888889,33.0680555555,-2.7158333334,49.8680555556,47.1522222222,49.8680555556,49.8680555556,49.8680555556,49.8680555556,47.1522222222
565712000,0,53.4486111111,ITNAP,IT NAP,Petroliera/Tanker 🛢️,FUTURE_0_7D,HIGH,True,destination,6,6,SUPPORTED_6PLUS,25.2217423979,25.2217423979,-11.6850650548,25.2217423979,62.1285498506,1,28.2268687132,28.2268687132,0,25.2217423979,25.2217423979,31.1558767361,25.2217423979,68.1924441965,49.6741604663,175.056111111
566453000,4,83.8008333333,GIGIB,GIBRALTAR,Petroliera/Tanker 🛢️,FUTURE_0_7D,HIGH,True,destination,5,18,SUPPORTED_6PLUS,82.9705919133,82.9705919133,60.0585116794,82.9705919133,105.882672147,1,0.83024142,0.83024142,0,82.9705919133,82.9705919133,79.0844444444,82.9705919133,77.9036111111,80.6443318935,77.9036111111
566579000,4,3.88861111111,MTMLA,MTMLA,Petroliera/Tanker 🛢️,FUTURE_0_7D,HIGH,True,destination,5,12,SUPPORTED_6PLUS,4.87833333333,4.02450821724,-14.3788496854,4.87833333333,24.135516352,1,0.98972222222,0.13589710613,-0.85382511609,4.87833333333,4.02450821724,4.87833333333,15.8764646465,77.9036111111,26.4026253721,77.9036111111
566722000,4,36.4436111111,GRKLX,GRKLX,Tanker — Hazardous cat. A,FUTURE_0_7D,MEDIUM,False,destination_fallback_global,5,1,RARE_1_2,48.3297222222,9.765,0.400045398774,48.3297222222,96.2593990456,1,11.8861111111,26.6786111111,14.7925,48.3297222222,9.765,48.3297222222,48.3297222222,21.8638888889,48.3297222222,9.765
577339000,4,88.0297222222,TRGEM,TRGEM,Cargo 📦,FUTURE_0_7D,LOW,False,destination_fallback_global,5,0,COLD_0,-166.650833333,-166.650833333,-306.663824037,-166.650833333,-26.6378426288,0,254.680555555,254.680555555,0,-166.650833333,-166.650833333,-166.650833333,48.3297222222,-166.650833333,45.3780746697,-166.650833333
578001200,4,7.66361111111,TEXT:MA VALLETTA,MA VALLETTA,Passeggeri 🚢,FUTURE_0_7D,MEDIUM,False,destination_fallback_global,5,0,COLD_0,11.9605555556,11.9605555556,-23.6696900827,11.9605555556,47.5908011939,1,4.29694444449,4.29694444449,0,11.9605555556,11.9605555556,11.9605555556,48.3297222222,11.9605555556,14.9009206314,11.9605555556
605026210,3,34.4072222222,ALROM,AL ROM,Tanker — Hazardous cat. B,FUTURE_0_7D,MEDIUM,False,destination_fallback_global,9,0,COLD_0,27.5930555556,27.5930555556,-23.0147132261,27.5930555556,78.2008243373,1,6.8141666666,6.8141666666,0,27.5930555556,27.5930555556,27.5930555556,48.3297222222,27.5930555556,44.5846475831,27.5930555556
605076070,2,69.5616666667,DZORN,DZORN,Tanker — Hazardous cat. A,FUTURE_0_7D,LOW,False,global,9,0,COLD_0,135.559073383,90.6833333333,-0.554057945956,135.559073383,271.672204712,1,65.9974067163,21.1216666666,-44.8757400497,135.559073383,90.6833333333,135.559073383,135.559073383,92.4146593031,92.4146593031,90.6833333333
613404821,1,368.455555556,TEXT:TALLINN,TALLINN,Petroliera/Tanker 🛢️,FUTURE_14_30D,LOW,False,destination_fallback_global,9,0,COLD_0,96.8438888889,96.8438888889,-73.8579448569,96.8438888889,267.545722635,0,271.611666667,271.611666667,0,96.8438888889,96.8438888889,96.8438888889,46.6986111111,76.0216222062,61.3601166586,96.8438888889
613471602,1,367.818333333,TEXT:PRIMORSK,PRIMORSK,Tanker — No info,FUTURE_14_30D,LOW,False,destination_fallback_global,9,0,COLD_0,87.8477777778,87.8477777778,5.50019555056,87.8477777778,170.195360005,0,279.970555555,279.970555555,0,87.8477777778,87.8477777778,87.8477777778,46.6986111111,55.7128690254,51.2057400683,87.8477777778
613992601,2,64.6044444444,TRHAY,TRHAY,Passeggeri 🚢,FUTURE_0_7D,MEDIUM,False,global,9,0,COLD_0,49.8680555556,67.055,-1.35591486034,49.8680555556,101.092025972,1,14.7363888888,2.4505555556,-12.2858333332,49.8680555556,67.055,49.8680555556,49.8680555556,49.8680555556,49.8680555556,67.055
629009126,3,96.3855555556,ITMFR,ITMFR,Cargo 📦,FUTURE_0_7D,LOW,False,destination_fallback_global,9,0,COLD_0,48.3297222222,9.765,-23.4206056262,48.3297222222,120.080050071,1,48.0558333334,86.6205555556,38.5647222222,48.3297222222,9.765,48.3297222222,48.3297222222,48.3297222222,48.3297222222,9.765
630001201,1,29.0869444444,LBBEY,LB BEY,Cargo — No info,FUTURE_0_7D,MEDIUM,False,destination_fallback_global,9,0,COLD_0,58.3914047927,60.2488888889,-0.599765905633,58.3914047927,117.382575491,1,29.3044603483,31.1619444445,1.8574840962,58.3914047927,60.2488888889,56.5339206965,46.6986111111,58.3992627883,52.5489369497,60.2488888889
636011638,3,63.5813888889,TEXT:SUEZ EG,SUEZ EG,Cargo 📦,FUTURE_0_7D,MEDIUM,False,destination_fallback_global,9,0,COLD_0,77.4554049719,79.1775,14.596011749,77.4554049719,140.314798195,1,13.874016083,15.5961111111,1.7220950281,77.4554049719,79.1775,77.4554049719,77.4554049719,54.076918523,54.076918523,79.1775
636012378,2,44.8680555556,TRCKZ,DZ AZW>TR CKZ,Tanker — Hazardous cat. D,FUTURE_0_7D,MEDIUM,False,global,9,3,LOW_3_5,50.0126759084,64.9925,-8.00870080052,50.0126759084,108.034052617,1,5.1446203528,20.1244444444,14.9798240916,50.0126759084,64.9925,50.0126759084,50.0126759084,49.8680555556,50.0126759084,64.9925
636013095,1,64.7330555556,ITVCE,ITVCE,Cargo — No info,FUTURE_0_7D,MEDIUM,False,destination_fallback_global,9,2,RARE_1_2,52.1921296296,54.7930555556,-6.76843032052,52.1921296296,111.15268958,1,12.540925926,9.94,-2.600925926,52.1921296296,54.7930555556,49.5912037037,49.5912037037,54.7930555556,43.4861696974,54.7930555556
636014168,2,12.5461111111,MTMAR,MTMAR,Cargo — Hazardous cat. C,FUTURE_0_7D,HIGH,True,global,9,3,LOW_3_5,13.7176446819,13.7176446819,-19.5620504714,13.7176446819,46.9973398352,1,1.1715335708,1.1715335708,0,13.7176446819,13.7176446819,39.8744166142,13.7176446819,28.8583898099,34.3664032121,63.5813888889
636015710,0,100.489444444,EGEDK,EG EDK,Cargo — No info,FUTURE_0_7D,MEDIUM,False,destination_fallback_global,9,1,RARE_1_2,64.9925,64.9925,8.18975256664,64.9925,121.795247433,1,35.496944444,35.496944444,0,64.9925,64.9925,64.9925,50.8336111111,64.9925,53.3445000416,64.9925
636015940,4,38.6913888889,DZSKI,DZSKI,Petroliera/Tanker 🛢️,FUTURE_0_7D,LOW,False,destination_fallback_global,5,0,COLD_0,150.094767496,115.341388889,-102.40506072,150.094767496,402.594595712,1,111.403378607,76.6500000001,-34.753378607,150.094767496,115.341388889,150.094767496,150.094767496,73.9800282876,73.9800282876,115.341388889
636016014,1,94.4358333333,GBPTI,GBPTI,Cargo — Hazardous cat. D,FUTURE_0_7D,MEDIUM,False,destination_fallback_global,9,0,COLD_0,52.9824845925,54.0963888889,-1.37956620958,52.9824845925,107.344535395,1,41.4533487408,40.3394444444,-1.1139042964,52.9824845925,54.0963888889,51.8685802961,46.6986111111,52.9101579628,49.8043845369,54.0963888889
636016205,3,45.0263888889,ESTAR,ES TAR,Cargo — No info,FUTURE_0_7D,LOW,False,destination_fallback_global,9,1,RARE_1_2,80.0667431167,25.0463888889,8.65581645971,80.0667431167,151.477669774,1,35.0403542278,19.98,-15.0603542278,80.0667431167,25.0463888889,80.0667431167,80.0667431167,47.7200538849,47.7200538849,25.0463888889
636017773,3,87.8477777778,GIGIB,GIBRALTAR,Petroliera/Tanker 🛢️,FUTURE_0_7D,HIGH,True,destination,9,14,SUPPORTED_6PLUS,83.1908217786,83.1908217786,57.3068774014,83.1908217786,109.074766156,1,4.6569559992,4.6569559992,0,83.1908217786,83.1908217786,81.5162195276,83.1908217786,81.3805555556,85.3911461046,46.4288888889
636018276,1,10.6444444444,ITGIT,ITGIT,Cargo — Hazardous cat. A,FUTURE_0_7D,HIGH,True,destination_fallback_global,9,2,RARE_1_2,10.0311792468,4.5579140492,-22.6261706522,10.0311792468,42.6885291458,1,0.6132651976,6.0865303952,5.4732651976,10.0311792468,4.5579140492,15.5044444444,4.5579140492,15.5044444444,34.2653028986,15.5044444444
636018323,1,47.1522222222,TEXT:MTMAR SIKOP,MTMAR SIKOP,Cargo — Hazardous cat. C,FUTURE_0_7D,MEDIUM,False,destination_fallback_global,9,0,COLD_0,31.1731191198,22.0844444444,-17.5917695566,31.1731191198,79.9380077962,1,15.9791031024,25.0677777778,9.0886746754,31.1731191198,22.0844444444,40.2617937952,46.6986111111,39.5887309784,43.1436710448,22.0844444444
636018629,2,47.7572222222,ITCAG,IT CAG,Cargo 📦,FUTURE_0_7D,MEDIUM,False,global,9,0,COLD_0,90.9571353943,76.2652777778,23.6622972719,90.9571353943,158.251973517,1,43.1999131721,28.5080555556,-14.6918576165,90.9571353943,76.2652777778,90.9571353943,90.9571353943,75.5008110879,75.5008110879,76.2652777778
636018926,4,75.9636111111,ESCEU,ESCEU,Petroliera/Tanker 🛢️,FUTURE_0_7D,LOW,False,destination_fallback_global,5,0,COLD_0,134.799585029,59.9638888889,-69.8874477531,134.799585029,339.486617811,1,58.8359739179,15.9997222222,-42.8362516957,134.799585029,59.9638888889,134.799585029,134.799585029,83.1386634878,83.1386634878,59.9638888889
636019542,3,65.5738888889,EGDAM,EG DAM,Cargo 📦,FUTURE_0_7D,MEDIUM,False,destination_fallback_global,9,1,RARE_1_2,46.5769444444,46.5769444444,-8.53755693177,46.5769444444,101.691445821,1,18.9969444445,18.9969444445,0,46.5769444444,46.5769444444,46.5769444444,48.3297222222,46.5769444444,53.8195113822,46.5769444444
636019819,2,95.2236111111,ESALG,ESALG,Cargo 📦,FUTURE_0_7D,HIGH,True,global,9,6,SUPPORTED_6PLUS,81.000889834,81.000889834,44.5739420545,81.000889834,117.427837613,1,14.2227212771,14.2227212771,0,81.000889834,81.000889834,89.0002777778,81.000889834,87.6186386981,75.4883126101,89.0002777778
636019983,4,760.620833333,SGSIN,SGSIN,Cargo — Hazardous cat. C,FUTURE_GT30D,LOW,False,destination_fallback_global,5,1,RARE_1_2,110.559153238,53.6988888889,-14.275334113,110.559153238,235.393640589,0,650.061680095,706.921944444,56.8602643491,110.559153238,53.6988888889,110.559153238,110.559153238,68.5661074451,68.5661074451,53.6988888889
636020064,4,70.4255555556,EGPSW,EGPSW,Cargo — Hazardous cat. A,FUTURE_0_7D,MEDIUM,False,destination_fallback_global,5,0,COLD_0,62.2880300616,40.7847222222,19.2853930692,62.2880300616,105.290667054,1,8.137525494,29.6408333334,21.5033078394,62.2880300616,40.7847222222,62.2880300616,62.2880300616,44.5827428277,44.5827428277,40.7847222222
636020328,2,124.724722222,PTAVE,PT AVE,Cargo — Hazardous cat. B,FUTURE_0_7D,LOW,False,global,9,0,COLD_0,189.737264319,90.5836111111,-33.1913362296,189.737264319,412.665864868,1,65.012542097,34.1411111109,-30.8714309861,189.737264319,90.5836111111,189.737264319,189.737264319,77.5030787049,77.5030787049,90.5836111111
636020540,1,92.9991666667,BGVAR,BG VAR,Cargo 📦,FUTURE_0_7D,MEDIUM,False,destination_fallback_global,9,0,COLD_0,47.5175,47.5175,-12.5124627057,47.5175,107.547462706,1,45.4816666667,45.4816666667,0,47.5175,47.5175,47.5175,46.6986111111,47.5175,50.5650734885,47.5175
636020938,1,78.1888888889,MACAS,MACAS,Cargo — Hazardous cat. A,FUTURE_0_7D,LOW,False,destination_fallback_global,9,1,RARE_1_2,124.724722222,124.724722222,-32.0272017456,124.724722222,281.47664619,1,46.5358333331,46.5358333331,0,124.724722222,124.724722222,124.724722222,46.6986111111,104.6475,59.013593366,124.724722222
636020986,1,61.695,TEXT:MAPTM EGPSE,MAPTM EGPSE,Cargo — Hazardous cat. A,FUTURE_0_7D,MEDIUM,False,destination_fallback_global,9,0,COLD_0,67.6643700413,70.1394444444,11.7616939245,67.6643700413,123.567046158,1,5.9693700413,8.4444444444,2.4750744031,67.6643700413,70.1394444444,65.1892956382,46.6986111111,57.2850357381,51.9918234246,70.1394444444
636021078,0,25.8052777778,LYMRA,ITGIT>LYMRA,Cargo — Hazardous cat. A,FUTURE_0_7D,MEDIUM,False,destination_fallback_global,9,0,COLD_0,50.8336111111,7.10861111111,-13.1739058076,50.8336111111,114.84112803,1,25.0283333333,18.6966666667,-6.33166666661,50.8336111111,7.10861111111,50.8336111111,50.8336111111,50.8336111111,50.8336111111,7.10861111111
636021161,0,182.796111111,GBFXT,GBFXT,Cargo — Hazardous cat. A,FUTURE_7_14D,LOW,False,destination_fallback_global,9,0,COLD_0,111.459381466,79.2452777778,-3.12139089998,111.459381466,226.040153832,1,71.336729645,103.550833333,32.2141036882,111.459381466,79.2452777778,111.459381466,111.459381466,73.9454432199,73.9454432199,79.2452777778
636021246,4,7.10861111111,MTMAR,MARSAXLOKK,Cargo — Hazardous cat. C,FUTURE_0_7D,HIGH,True,destination,3,3,LOW_3_5,6.77705512169,6.77705512169,-13.6023887909,6.77705512169,27.1564990343,1,0.33155598942,0.33155598942,0,6.77705512169,6.77705512169,8.88638888889,6.77705512169,31.2511791963,32.0312396639,6.67722222222
636021362,0,22.8505555556,TEXT:IT LVN VIA MESSINA,IT LVN VIA MESSINA,Cargo — Hazardous cat. A,FUTURE_0_7D,MEDIUM,False,destination_fallback_global,9,0,COLD_0,34.4177777778,34.4177777778,-33.0373770922,34.4177777778,101.872932648,1,11.5672222222,11.5672222222,0,34.4177777778,34.4177777778,34.4177777778,50.8336111111,34.4177777778,48.1939094896,34.4177777778
636021365,3,41.7258333333,TEXT:ABU QIR,ABU QIR,Cargo — Hazardous cat. A,FUTURE_0_7D,MEDIUM,False,destination_fallback_global,9,0,COLD_0,84.1813704836,64.0183333333,33.9125203567,84.1813704836,134.450220611,1,42.4555371503,22.2925,-20.1630371503,84.1813704836,64.0183333333,84.1813704836,84.1813704836,51.1579520636,51.1579520636,64.0183333333
636021513,0,81.255,TRZON,TR ZON,Cargo 📦,FUTURE_0_7D,MEDIUM,False,destination_fallback_global,9,0,COLD_0,81.0472222222,81.0472222222,22.1597542448,81.0472222222,139.9346902,1,0.2077777778,0.2077777778,0,81.0472222222,81.0472222222,81.0472222222,50.8336111111,81.0472222222,56.1489420505,81.0472222222
636021596,4,48.7227777778,ITRAN,ITGIT>>>>>ITRAN,Cargo — Hazardous cat. A,FUTURE_0_7D,HIGH,True,destination,5,5,LOW_3_5,43.5716299342,43.5716299342,22.8022208136,43.5716299342,64.3410390548,1,5.1511478436,5.1511478436,0,43.5716299342,43.5716299342,52.0974691358,43.5716299342,41.8387702701,46.9681197029,38.3211111111
636021665,4,41.3936111111,ITTRS,ITTRS,Cargo — Hazardous cat. D,FUTURE_0_7D,HIGH,True,destination_fallback_global,5,1,RARE_1_2,36.2982009177,34.9104767259,15.0465286421,36.2982009177,57.5498731933,1,5.0954101934,6.4831343852,1.3877241918,36.2982009177,34.9104767259,36.2982009177,36.2982009177,32.1385949011,32.1385949011,43.6044444444
636021700,3,-356.462777778,ITAUG,AUGUSTA,Petroliera/Tanker 🛢️,PAST_GT24H,LOW,False,destination,9,17,SUPPORTED_6PLUS,-69.1033788421,-120.646388889,-186.537733554,-69.1033788421,48.3309758702,0,287.359398936,235.816388889,-51.5430100469,-69.1033788421,-120.646388889,-69.1033788421,-69.1033788421,17.7601239552,17.7601239552,-20.6094444444
636021702,4,17.0086111111,ITBDS,ITBDS,Petroliera/Tanker 🛢️,FUTURE_0_7D,MEDIUM,False,destination_fallback_global,5,0,COLD_0,47.1522222222,47.1522222222,12.5413808769,47.1522222222,81.7630635675,1,30.1436111111,30.1436111111,0,47.1522222222,47.1522222222,47.1522222222,48.3297222222,47.1522222222,44.1935994896,47.1522222222
636021733,4,16.7352777778,ITTAR,IT TAR,Tanker — No info,FUTURE_0_7D,HIGH,True,destination,3,3,LOW_3_5,16.7041404182,16.7041404182,-4.12516482449,16.7041404182,37.5334456609,1,0.0311373596,0.0311373596,0,16.7041404182,16.7041404182,20.0862718467,16.7041404182,38.9845043492,37.3382942522,46.6986111111
636021739,1,1.41805555556,ITMEI,ITMEI,Cargo — Hazardous cat. A,FUTURE_0_7D,MEDIUM,False,destination_fallback_global,9,0,COLD_0,41.2637151436,38.3283333333,-10.959317412,41.2637151436,93.4867476992,1,39.845659588,36.9102777777,-2.9353818103,41.2637151436,38.3283333333,44.1990969539,46.6986111111,38.4293476534,42.5639793822,38.3283333333
636021781,4,76.2652777778,TRCEY,TRCEY,Petroliera/Tanker 🛢️,FUTURE_0_7D,MEDIUM,False,destination_fallback_global,5,1,RARE_1_2,37.5897222222,37.5897222222,2.93933977453,37.5897222222,72.2401046699,0,38.6755555556,38.6755555556,0,37.5897222222,37.5897222222,37.5897222222,48.3297222222,37.5897222222,55.9642647995,37.5897222222
636022183,1,3.93583333333,MTMLA,MTMLA,Cargo — Hazardous cat. D,FUTURE_0_7D,HIGH,True,destination,9,12,SUPPORTED_6PLUS,4.16097386897,6.06083662684,-29.8751967018,4.16097386897,38.1971444398,1,0.22514053564,2.12500329351,1.89986275787,4.16097386897,6.06083662684,2.26111111111,6.06083662684,4.05680555556,30.5201471981,3.58555555556
636022522,0,75.9841666667,EGPSD,PORTSAID,Cargo 📦,FUTURE_0_7D,HIGH,False,destination,9,10,SUPPORTED_6PLUS,64.0741714967,52.7875,24.7141505611,64.0741714967,103.434192432,1,11.90999517,23.1966666667,11.2866714967,64.0741714967,52.7875,64.0741714967,64.0741714967,62.099606248,62.099606248,66.6188888889
636022541,2,18.0111111111,GRGPA,GRGPA,Petroliera/Tanker 🛢️,FUTURE_0_7D,MEDIUM,False,global,9,1,RARE_1_2,49.8680555556,35.1477777778,-3.12314190532,49.8680555556,102.859253017,1,31.8569444445,17.1366666667,-14.7202777778,49.8680555556,35.1477777778,49.8680555556,49.8680555556,49.8680555556,49.8680555556,35.1477777778
636022867,1,67.5058333333,TRTUZ,TRTUZ,Petroliera/Tanker 🛢️,FUTURE_0_7D,LOW,False,destination_fallback_global,9,0,COLD_0,58.8431573215,65.6369444444,-14.3049625752,58.8431573215,131.991277218,1,8.6626760118,1.8688888889,-6.7937871229,58.8431573215,65.6369444444,52.0493701987,46.6986111111,54.0664900256,50.3825505683,65.6369444444
636022905,0,57.4680555556,SIKOP,SI KOP,Cargo 📦,FUTURE_0_7D,MEDIUM,False,destination_fallback_global,9,2,RARE_1_2,34.225253533,47.1522222222,-21.2645568449,34.225253533,89.7150639109,1,23.2428020226,10.3158333334,-12.9269686892,34.225253533,47.1522222222,34.225253533,34.225253533,39.2808489957,39.2808489957,47.1522222222
636023127,2,14.9733333333,ITSAL,ITSAL,Cargo 📦,FUTURE_0_7D,LOW,False,global,9,1,RARE_1_2,88.07821713,40.9797222222,-28.4688929929,88.07821713,204.625327253,1,73.1048837967,26.0063888889,-47.0984949078,88.07821713,40.9797222222,88.07821713,88.07821713,45.1994626821,45.1994626821,40.9797222222
636023250,0,46.2247222222,EGDAM,EGDAM,Cargo — Hazardous cat. D,FUTURE_0_7D,MEDIUM,False,destination_fallback_global,9,1,RARE_1_2,48.395523488,54.0591666667,-14.8224284001,48.395523488,111.613475376,1,2.1708012658,7.8344444445,5.6636431787,48.395523488,54.0591666667,48.395523488,48.395523488,39.9447519714,39.9447519714,54.0591666667
636023526,1,38.3211111111,SIKOP,SIKOP,Cargo 📦,FUTURE_0_7D,MEDIUM,False,destination_fallback_global,9,1,RARE_1_2,40.9797222222,40.9797222222,-10.4602191716,40.9797222222,92.419663616,1,2.6586111111,2.6586111111,0,40.9797222222,40.9797222222,40.9797222222,46.6986111111,41.1176430367,43.9081270739,40.9797222222
636023809,0,75.8911111111,GIGIB,GIBRALTAR,Cargo 📦,FUTURE_0_7D,HIGH,True,destination,9,18,SUPPORTED_6PLUS,75.0880292036,75.0880292036,38.9763022179,75.0880292036,111.199756189,1,0.8030819075,0.8030819075,0,75.0880292036,75.0880292036,81.6484923872,75.0880292036,85.8243055556,77.9334322531,103.049722222
636024336,1,711.461944444,TEXT:FIUMICINO ITALY,FIUMICINO ITALY,Petroliera/Tanker 🛢️,FUTURE_14_30D,MEDIUM,False,destination_fallback_global,9,0,COLD_0,39.2072414797,38.3283333333,-14.6667777731,39.2072414797,93.0812607325,0,672.254702964,673.133611111,0.8789081464,39.2072414797,38.3283333333,40.0861496262,46.6986111111,43.5734496708,45.1360303909,38.3283333333
636024536,3,52.4452777778,ITGOA,IT GOA,Tanker — Hazardous cat. B,FUTURE_0_7D,HIGH,True,destination,6,6,SUPPORTED_6PLUS,54.4937940966,54.4937940966,19.9315718163,54.4937940966,89.0560163769,1,2.0485163188,2.0485163188,0,54.4937940966,54.4937940966,47.2383680556,54.4937940966,72.1855703052,59.7119691804,92.2597222222
636024606,3,36.4069444444,TEXT:DARDANELLES,DARDANELLES,Tanker — No info,FUTURE_0_7D,MEDIUM,False,destination_fallback_global,9,0,COLD_0,75.1804619233,74.0866666667,20.4509347177,75.1804619233,129.909989129,1,38.7735174789,37.6797222223,-1.0937952566,75.1804619233,74.0866666667,75.1804619233,75.1804619233,50.6671556004,50.6671556004,74.0866666667
636024786,4,74.3922222222,EGPSD,EGPSD,Petroliera/Tanker 🛢️,FUTURE_0_7D,HIGH,True,destination,5,11,SUPPORTED_6PLUS,69.603998073,69.603998073,47.0649179822,69.603998073,92.1430781638,1,4.7882241492,4.7882241492,0,69.603998073,69.603998073,63.336446978,69.603998073,61.695,65.0279525052,61.695
636024805,1,27.5413888889,TRIZT,TRIZT,Cargo 📦,FUTURE_0_7D,MEDIUM,False,destination_fallback_global,9,1,RARE_1_2,59.1313888889,71.5641666667,9.71355209622,59.1313888889,108.549225682,1,31.59,44.0227777778,12.4327777778,59.1313888889,71.5641666667,46.6986111111,46.6986111111,52.2073362559,49.4529736835,71.5641666667
636024824,4,647.133888889,USLCH,US LCH,Cargo 📦,FUTURE_14_30D,LOW,False,destination_fallback_global,5,0,COLD_0,147.13978405,85.6202777778,-49.2822285876,147.13978405,343.561796688,0,499.994104839,561.513611111,61.5195062722,147.13978405,85.6202777778,147.13978405,147.13978405,81.779068578,81.779068578,85.6202777778
636024855,3,72.7880555556,GIGIB,GIGIB,Cargo 📦,FUTURE_0_7D,HIGH,True,destination,9,14,SUPPORTED_6PLUS,86.0197092116,86.0197092116,59.0999509725,86.0197092116,112.939467451,1,13.231653656,13.231653656,0,86.0197092116,86.0197092116,84.0602777778,86.0197092116,96.8438888889,84.5031794584,96.8438888889
636024939,2,54.13,ILASH,ILASH,Cargo 📦,FUTURE_0_7D,HIGH,False,global,9,0,COLD_0,43.1153263165,65.5738888889,-2.92802158331,43.1153263165,89.1586742163,1,11.0146736835,11.4438888889,0.4292152054,43.1153263165,65.5738888889,43.1153263165,43.1153263165,56.8924602959,56.8924602959,65.5738888889
636025061,3,58.6833333333,ILHFA,ILHFA,Cargo 📦,FUTURE_0_7D,MEDIUM,False,destination_fallback_global,9,1,RARE_1_2,48.3297222222,76.2652777778,2.44235458004,48.3297222222,94.2170898644,1,10.3536111111,17.5819444445,7.2283333334,48.3297222222,76.2652777778,48.3297222222,48.3297222222,48.3297222222,48.3297222222,76.2652777778
636025888,2,12.1338888889,AMBIGUOUS:MALTA,MALTA,Petroliera/Tanker 🛢️,FUTURE_0_7D,MEDIUM,False,global,9,3,LOW_3_5,39.0368378492,59.5738888889,-9.09619215028,39.0368378492,87.1698678487,1,26.9029489603,47.44,20.5370510397,39.0368378492,59.5738888889,39.0368378492,39.0368378492,5.45166666667,39.0368378492,59.5738888889
636025912,2,21.8638888889,GRKLX,GRKLX,Petroliera/Tanker 🛢️,FUTURE_0_7D,MEDIUM,False,global,9,1,RARE_1_2,54.1254672478,70.1394444444,3.0661515115,54.1254672478,105.184782984,1,32.2615783589,48.2755555555,16.0139771966,54.1254672478,70.1394444444,54.1254672478,54.1254672478,32.3063524995,32.3063524995,70.1394444444
636092313,0,39.0594444444,TRMRM,US PEF > TR MRM,Cargo 📦,FUTURE_0_7D,MEDIUM,False,destination_fallback_global,9,0,COLD_0,50.8336111111,81.0472222222,-3.00529678493,50.8336111111,104.672519007,1,11.7741666667,41.9877777778,30.2136111111,50.8336111111,81.0472222222,50.8336111111,50.8336111111,50.8336111111,50.8336111111,81.0472222222
636092552,0,90.6488888889,ESALG,ESALG,Petroliera/Tanker 🛢️,FUTURE_0_7D,HIGH,True,destination,6,6,SUPPORTED_6PLUS,82.5747423128,82.5747423128,45.3918006674,82.5747423128,119.757683958,1,8.0741465761,8.0741465761,0,82.5747423128,82.5747423128,81.2930555556,82.5747423128,82.6511111111,77.0113831338,124.724722222
636093132,0,74.0866666667,TRIST,TRIST,Cargo — Hazardous cat. A,FUTURE_0_7D,MEDIUM,False,destination_fallback_global,9,1,RARE_1_2,50.8336111111,47.5175,-17.8512527508,50.8336111111,119.518474973,1,23.2530555556,26.5691666667,3.3161111111,50.8336111111,47.5175,50.8336111111,50.8336111111,52.7094444444,50.8336111111,47.5175
636093171,0,46.4288888889,EGPSE,MYTPP>EGPSE,Cargo — Hazardous cat. A,FUTURE_0_7D,MEDIUM,False,destination_fallback_global,9,0,COLD_0,51.576455785,54.13,-10.1616090158,51.576455785,113.314520586,1,5.1475668961,7.7011111111,2.553544215,51.576455785,54.13,51.576455785,51.576455785,57.3803901438,57.3803901438,54.13
636093237,4,208.744166667,BEGNE,BEGNE,Cargo 📦,FUTURE_7_14D,MEDIUM,False,destination_fallback_global,5,0,COLD_0,74.0866666667,74.0866666667,35.0880962633,74.0866666667,113.08523707,0,134.6575,134.6575,0,74.0866666667,74.0866666667,74.0866666667,48.3297222222,74.0866666667,57.8793798099,74.0866666667
636093368,4,52.7875,EGPSD,MYTPP>>EGPSD,Cargo — Hazardous cat. A,FUTURE_0_7D,HIGH,True,destination,5,11,SUPPORTED_6PLUS,50.6956510234,50.6956510234,30.9707353077,50.6956510234,70.4205667391,1,2.0918489766,2.0918489766,0,50.6956510234,50.6956510234,51.7697222222,50.6956510234,50.7580555556,54.154636221,50.7580555556
647553008,0,69.0719444444,FOR_ORDERS,SUEZ FOR ORDER,Tanker — No info,FUTURE_0_7D,LOW,False,destination,9,21,SUPPORTED_6PLUS,303.231666667,303.231666667,107.717240656,303.231666667,498.746092678,0,234.159722223,234.159722223,0,303.231666667,303.231666667,303.231666667,184.50377341,66.6188888889,119.831366542,66.6188888889
667001639,2,48.3297222222,TRCKZ,TR CKZ,Cargo 📦,FUTURE_0_7D,MEDIUM,False,global,9,3,LOW_3_5,69.4283383627,50.2191666667,16.0024291584,69.4283383627,122.854247567,1,21.0986161405,1.8894444445,-19.209171696,69.4283383627,50.2191666667,69.4283383627,69.4283383627,56.3662168762,56.3662168762,50.2191666667
667002240,2,60.2488888889,EGPSD,EGPSD,Petroliera/Tanker 🛢️,FUTURE_0_7D,HIGH,True,global,9,11,SUPPORTED_6PLUS,56.9866766151,56.9866766151,20.4221160076,56.9866766151,93.5512372226,1,3.2622122738,3.2622122738,0,56.9866766151,56.9866766151,60.8210011835,56.9866766151,64.0183333333,62.440667608,43.8797222222
667002260,1,318.020277778,FOR_ORDERS,FOR ORDERS,Tanker — Hazardous cat. D,FUTURE_7_14D,LOW,False,destination,9,21,SUPPORTED_6PLUS,204.951351096,274.720555556,-89.6504076972,204.951351096,499.553109889,1,113.068926682,43.299722222,-69.76920446,204.951351096,274.720555556,135.182146637,76.4947132616,115.341388889,79.8741328603,115.341388889
667002373,2,-128.244166667,TEXT:W AFRICA,W AFRICA,Cargo — No info,PAST_GT24H,MEDIUM,False,global,9,0,COLD_0,49.8680555556,78.9519444444,-2.68852529391,49.8680555556,102.424636405,0,178.112222223,207.196111111,29.0838888888,49.8680555556,78.9519444444,49.8680555556,49.8680555556,49.8680555556,49.8680555556,78.9519444444
671500100,2,101.826388889,TEXT:FOR ORD,FOR ORD,Cargo — No info,FUTURE_0_7D,MEDIUM,False,global,9,0,COLD_0,81.0472222222,81.0472222222,24.9817330777,81.0472222222,137.112711367,1,20.7791666668,20.7791666668,0,81.0472222222,81.0472222222,81.0472222222,49.8680555556,81.0472222222,51.9282131169,81.0472222222
671562100,4,40.6058333333,TEXT:SHENGJIN,SHENGJIN,Cargo 📦,FUTURE_0_7D,MEDIUM,False,destination_fallback_global,5,0,COLD_0,37.9788888889,37.9788888889,-7.96899760547,37.9788888889,83.9267753833,1,2.6269444444,2.6269444444,0,37.9788888889,37.9788888889,37.9788888889,48.3297222222,37.9788888889,41.3735104876,37.9788888889
672296000,2,42.2341666667,TNBIZ,TN BIZ,Cargo 📦,FUTURE_0_7D,MEDIUM,False,global,9,0,COLD_0,66.5371375339,54.1683333333,5.41704327595,66.5371375339,127.657231792,1,24.3029708672,11.9341666666,-12.3688042006,66.5371375339,54.1683333333,66.5371375339,66.5371375339,56.3984928242,56.3984928242,54.1683333333
677089900,0,85.1122222222,TRIST,TR IST,Cargo 📦,FUTURE_0_7D,MEDIUM,False,destination_fallback_global,9,1,RARE_1_2,50.8336111111,81.0472222222,-3.46150493373,50.8336111111,105.128727156,1,34.2786111111,4.065,-30.2136111111,50.8336111111,81.0472222222,50.8336111111,50.8336111111,50.8336111111,50.8336111111,81.0472222222
