mmsi,window_end_at,history_cutoff_at,raw_points,observed_span_h
210627000,2026-04-04T04:15:28,2026-04-16T12:43:53,2,0.016944444444444446
210627000,2026-04-05T14:03:13,2026-04-16T12:43:53,29,1.2325
210627000,2026-04-05T19:45:54,2026-04-16T12:43:53,277,5.846388888888889
210627000,2026-04-15T18:32:00,2026-04-16T12:43:53,231,3.8919444444444444
210627000,2026-04-15T23:03:29,2026-04-16T12:43:53,356,5.993888888888889
210627000,2026-04-16T03:34:15,2026-04-16T12:43:53,356,5.999722222222222
210627000,2026-04-16T08:06:09,2026-04-16T12:43:53,355,5.985
210627000,2026-04-16T12:43:53,2026-04-16T12:43:53,350,5.998888888888889
210688000,2026-04-07T01:28:32,2026-04-16T12:43:53,2,0.016944444444444446
210688000,2026-04-08T07:41:46,2026-04-16T12:43:53,172,2.8930555555555557
210688000,2026-04-08T12:39:18,2026-04-16T12:43:53,349,5.991388888888889
210688000,2026-04-09T19:26:55,2026-04-16T12:43:53,5,0.0675
210688000,2026-04-15T12:11:16,2026-04-16T12:43:53,28,0.45666666666666667
210688000,2026-04-15T22:44:13,2026-04-16T12:43:53,68,1.8583333333333334
210688000,2026-04-16T12:43:53,2026-04-16T12:43:53,116,5.998888888888889
212690000,2026-04-16T12:18:30,2026-04-16T12:26:38,2,0.016666666666666666
212690000,2026-04-16T12:19:31,2026-04-16T12:26:38,3,0.03361111111111111
212690000,2026-04-16T12:20:32,2026-04-16T12:26:38,4,0.050555555555555555
212690000,2026-04-16T12:21:33,2026-04-16T12:26:38,5,0.0675
212690000,2026-04-16T12:22:34,2026-04-16T12:26:38,6,0.08444444444444445
212690000,2026-04-16T12:23:35,2026-04-16T12:26:38,7,0.10138888888888889
212690000,2026-04-16T12:24:36,2026-04-16T12:26:38,8,0.11833333333333333
212690000,2026-04-16T12:26:38,2026-04-16T12:26:38,10,0.15222222222222223
215035000,2026-04-10T19:15:09,2026-04-11T03:23:39,2,0.016666666666666666
215035000,2026-04-10T20:11:03,2026-04-11T03:23:39,57,0.9483333333333334
215035000,2026-04-10T21:07:59,2026-04-11T03:23:39,113,1.8972222222222221
215035000,2026-04-10T22:04:54,2026-04-11T03:23:39,169,2.845833333333333
215035000,2026-04-10T23:00:47,2026-04-11T03:23:39,224,3.777222222222222
215035000,2026-04-10T23:57:40,2026-04-11T03:23:39,280,4.7252777777777775
215035000,2026-04-11T00:54:32,2026-04-11T03:23:39,336,5.673055555555556
215035000,2026-04-11T03:23:39,2026-04-11T03:23:39,264,5.990277777777778
215054000,2026-04-07T12:36:06,2026-04-16T12:43:53,2,0.016944444444444446
215054000,2026-04-08T05:52:06,2026-04-16T12:43:53,355,5.9925
215054000,2026-04-08T16:03:49,2026-04-16T12:43:53,355,5.996666666666667
215054000,2026-04-09T02:16:22,2026-04-16T12:43:53,354,6.0
215054000,2026-04-09T12:54:23,2026-04-16T12:43:53,353,5.9880555555555555
215054000,2026-04-09T23:04:52,2026-04-16T12:43:53,356,5.996111111111111
215054000,2026-04-15T18:40:06,2026-04-16T12:43:53,268,4.568888888888889
215054000,2026-04-16T12:43:53,2026-04-16T12:43:53,188,5.998888888888889
215178000,2026-04-07T16:49:30,2026-04-07T20:38:48,2,0.016944444444444446
215178000,2026-04-07T17:13:53,2026-04-07T20:38:48,26,0.42333333333333334
215178000,2026-04-07T17:38:17,2026-04-07T20:38:48,50,0.83
215178000,2026-04-07T18:59:25,2026-04-07T20:38:48,74,2.1822222222222223
215178000,2026-04-07T19:24:45,2026-04-07T20:38:48,99,2.6044444444444443
215178000,2026-04-07T19:49:06,2026-04-07T20:38:48,123,3.0102777777777776
215178000,2026-04-07T20:13:27,2026-04-07T20:38:48,147,3.4161111111111113
215178000,2026-04-07T20:38:48,2026-04-07T20:38:48,172,3.838611111111111
215232000,2026-04-03T10:52:46,2026-04-16T12:43:53,2,0.016944444444444446
215232000,2026-04-07T11:32:13,2026-04-16T12:43:53,217,5.988333333333333
215232000,2026-04-08T20:38:39,2026-04-16T12:43:53,347,5.988611111111111
215232000,2026-04-10T03:12:53,2026-04-16T12:43:53,355,5.993333333333333
215232000,2026-04-11T23:25:25,2026-04-16T12:43:53,354,5.995
215232000,2026-04-13T05:23:07,2026-04-16T12:43:53,196,5.9991666666666665
215232000,2026-04-15T09:32:55,2026-04-16T12:43:53,355,5.984444444444445
215232000,2026-04-16T12:43:53,2026-04-16T12:43:53,355,5.998888888888889
215270000,2026-04-08T22:52:30,2026-04-08T23:54:22,2,0.016944444444444446
215270000,2026-04-08T22:59:36,2026-04-08T23:54:22,9,0.13527777777777777
215270000,2026-04-08T23:18:52,2026-04-08T23:54:22,16,0.4563888888888889
215270000,2026-04-08T23:25:58,2026-04-08T23:54:22,23,0.5747222222222222
215270000,2026-04-08T23:33:04,2026-04-08T23:54:22,30,0.6930555555555555
215270000,2026-04-08T23:40:10,2026-04-08T23:54:22,37,0.8113888888888889
215270000,2026-04-08T23:47:16,2026-04-08T23:54:22,44,0.9297222222222222
215270000,2026-04-08T23:54:22,2026-04-08T23:54:22,51,1.0480555555555555
215282000,2026-04-12T08:12:56,2026-04-12T11:58:12,2,0.017222222222222222
215282000,2026-04-12T08:30:22,2026-04-12T11:58:12,19,0.30777777777777776
215282000,2026-04-12T08:58:04,2026-04-12T11:58:12,37,0.7694444444444445
215282000,2026-04-12T09:24:44,2026-04-12T11:58:12,54,1.2138888888888888
215282000,2026-04-12T10:55:47,2026-04-12T11:58:12,72,2.731388888888889
215282000,2026-04-12T11:13:11,2026-04-12T11:58:12,89,3.0213888888888887
215282000,2026-04-12T11:39:48,2026-04-12T11:58:12,107,3.465
215282000,2026-04-12T11:58:12,2026-04-12T11:58:12,125,3.7716666666666665
215481000,2026-04-05T08:06:43,2026-04-13T00:21:56,2,0.016944444444444446
215481000,2026-04-05T09:24:40,2026-04-13T00:21:56,62,1.316111111111111
215481000,2026-04-05T10:26:26,2026-04-13T00:21:56,123,2.3455555555555554
215481000,2026-04-05T11:28:13,2026-04-13T00:21:56,184,3.375277777777778
215481000,2026-04-12T21:16:34,2026-04-13T00:21:56,50,0.9452777777777778
215481000,2026-04-12T22:18:21,2026-04-13T00:21:56,111,1.975
215481000,2026-04-12T23:20:08,2026-04-13T00:21:56,172,3.004722222222222
215481000,2026-04-13T00:21:56,2026-04-13T00:21:56,233,4.034722222222222
215498000,2026-04-12T05:21:58,2026-04-16T12:43:53,2,0.017222222222222222
215498000,2026-04-12T16:17:32,2026-04-16T12:43:53,352,5.993055555555555
215498000,2026-04-13T05:51:29,2026-04-16T12:43:53,197,5.998888888888889
215498000,2026-04-13T16:42:10,2026-04-16T12:43:53,350,5.994166666666667
215498000,2026-04-15T04:27:36,2026-04-16T12:43:53,297,5.0008333333333335
215498000,2026-04-15T15:13:01,2026-04-16T12:43:53,355,5.989722222222222
215498000,2026-04-16T01:57:55,2026-04-16T12:43:53,356,5.998055555555555
215498000,2026-04-16T12:43:53,2026-04-16T12:43:53,355,5.998888888888889
215826000,2026-04-03T15:24:32,2026-04-03T20:07:10,2,0.016944444444444446
215826000,2026-04-03T15:55:57,2026-04-03T20:07:10,26,0.5405555555555556
215826000,2026-04-03T17:05:53,2026-04-03T20:07:10,50,1.7061111111111111
215826000,2026-04-03T18:25:54,2026-04-03T20:07:10,75,3.039722222222222
215826000,2026-04-03T18:50:12,2026-04-03T20:07:10,99,3.444722222222222
215826000,2026-04-03T19:15:31,2026-04-03T20:07:10,124,3.8666666666666667
215826000,2026-04-03T19:41:51,2026-04-03T20:07:10,148,4.305555555555555
215826000,2026-04-03T20:07:10,2026-04-03T20:07:10,173,4.7275
215867000,2026-04-06T14:29:41,2026-04-10T00:59:38,2,0.016666666666666666
215867000,2026-04-06T18:55:17,2026-04-10T00:59:38,188,4.443333333333333
215867000,2026-04-08T00:27:06,2026-04-10T00:59:38,97,1.6252777777777778
215867000,2026-04-08T03:38:07,2026-04-10T00:59:38,284,4.808888888888889
215867000,2026-04-09T04:04:40,2026-04-10T00:59:38,160,4.6786111111111115
215867000,2026-04-09T07:14:24,2026-04-10T00:59:38,244,5.998333333333333
215867000,2026-04-09T21:39:39,2026-04-10T00:59:38,104,1.8072222222222223
215867000,2026-04-10T00:59:38,2026-04-10T00:59:38,291,5.1402777777777775
215909000,2026-04-04T07:01:38,2026-04-15T06:14:04,2,0.016944444444444446
215909000,2026-04-05T10:50:45,2026-04-15T06:14:04,288,5.989166666666667
215909000,2026-04-06T17:00:53,2026-04-15T06:14:04,120,4.6658333333333335
215909000,2026-04-08T01:49:23,2026-04-15T06:14:04,217,3.673611111111111
215909000,2026-04-10T23:42:27,2026-04-15T06:14:04,355,5.996666666666667
215909000,2026-04-12T00:59:07,2026-04-15T06:14:04,354,5.996944444444445
215909000,2026-04-13T03:30:20,2026-04-15T06:14:04,198,5.993333333333333
215909000,2026-04-15T06:14:04,2026-04-15T06:14:04,356,5.998055555555555
215958000,2026-04-13T16:55:23,2026-04-16T12:43:53,2,0.016944444444444446
215958000,2026-04-15T02:32:02,2026-04-16T12:43:53,183,3.0747222222222224
215958000,2026-04-15T08:14:48,2026-04-16T12:43:53,352,5.999722222222222
215958000,2026-04-15T13:52:46,2026-04-16T12:43:53,355,5.987777777777778
215958000,2026-04-15T19:47:54,2026-04-16T12:43:53,339,5.9863888888888885
215958000,2026-04-16T01:25:28,2026-04-16T12:43:53,353,5.946666666666666
215958000,2026-04-16T07:04:14,2026-04-16T12:43:53,355,5.984166666666667
215958000,2026-04-16T12:43:53,2026-04-16T12:43:53,355,5.998888888888889
215993000,2026-04-08T14:13:54,2026-04-08T19:54:05,2,0.016944444444444446
215993000,2026-04-08T14:58:41,2026-04-08T19:54:05,46,0.7633333333333333
215993000,2026-04-08T15:44:30,2026-04-08T19:54:05,91,1.5269444444444444
215993000,2026-04-08T16:35:22,2026-04-08T19:54:05,136,2.374722222222222
215993000,2026-04-08T17:27:11,2026-04-08T19:54:05,180,3.2383333333333333
215993000,2026-04-08T18:22:56,2026-04-08T19:54:05,225,4.1675
215993000,2026-04-08T19:08:31,2026-04-08T19:54:05,270,4.927222222222222
215993000,2026-04-08T19:54:05,2026-04-08T19:54:05,315,5.6866666666666665
219028212,2026-04-11T16:35:49,2026-04-12T11:17:17,2,0.016944444444444446
219028212,2026-04-11T19:38:59,2026-04-12T11:17:17,125,3.069722222222222
219028212,2026-04-11T21:44:29,2026-04-12T11:17:17,248,5.161388888888889
219028212,2026-04-11T23:49:53,2026-04-12T11:17:17,308,5.995833333333334
219028212,2026-04-12T04:43:08,2026-04-12T11:17:17,190,5.991388888888889
219028212,2026-04-12T06:48:55,2026-04-12T11:17:17,230,3.8983333333333334
219028212,2026-04-12T09:10:22,2026-04-12T11:17:17,337,5.984166666666667
219028212,2026-04-12T11:17:17,2026-04-12T11:17:17,337,5.990277777777778
219031822,2026-04-09T07:24:33,2026-04-10T20:43:35,2,0.016944444444444446
219031822,2026-04-09T12:43:14,2026-04-10T20:43:35,316,5.328333333333333
219031822,2026-04-09T18:02:53,2026-04-10T20:43:35,355,5.987222222222222
219031822,2026-04-09T23:22:08,2026-04-10T20:43:35,356,5.996111111111111
219031822,2026-04-10T04:42:24,2026-04-10T20:43:35,355,5.9975
219031822,2026-04-10T10:02:54,2026-04-10T20:43:35,354,5.985833333333333
219031822,2026-04-10T15:23:05,2026-04-10T20:43:35,355,5.9975
219031822,2026-04-10T20:43:35,2026-04-10T20:43:35,354,5.9863888888888885
219110000,2026-04-10T16:32:22,2026-04-11T09:55:46,2,0.016944444444444446
219110000,2026-04-10T22:09:58,2026-04-11T09:55:46,58,5.643611111111111
219110000,2026-04-10T23:24:10,2026-04-11T09:55:46,105,4.5055555555555555
219110000,2026-04-11T06:04:08,2026-04-11T09:55:46,48,0.7961111111111111
219110000,2026-04-11T07:02:06,2026-04-11T09:55:46,105,1.7622222222222221
219110000,2026-04-11T08:00:01,2026-04-11T09:55:46,162,2.7275
219110000,2026-04-11T08:57:54,2026-04-11T09:55:46,219,3.692222222222222
219110000,2026-04-11T09:55:46,2026-04-11T09:55:46,276,4.656666666666666
219133000,2026-04-13T10:42:31,2026-04-13T15:16:49,2,0.016944444444444446
219133000,2026-04-13T11:20:04,2026-04-13T15:16:49,39,0.6427777777777778
219133000,2026-04-13T11:58:37,2026-04-13T15:16:49,77,1.2852777777777777
219133000,2026-04-13T12:43:18,2026-04-13T15:16:49,115,2.03
219133000,2026-04-13T13:20:55,2026-04-13T15:16:49,152,2.6569444444444446
219133000,2026-04-13T13:59:35,2026-04-13T15:16:49,190,3.301388888888889
219133000,2026-04-13T14:38:12,2026-04-13T15:16:49,228,3.945
219133000,2026-04-13T15:16:49,2026-04-13T15:16:49,266,4.588611111111111
219210000,2026-04-09T23:57:40,2026-04-10T05:33:16,2,0.016944444444444446
219210000,2026-04-10T00:45:25,2026-04-10T05:33:16,49,0.8127777777777778
219210000,2026-04-10T01:33:09,2026-04-10T05:33:16,96,1.6083333333333334
219210000,2026-04-10T02:20:57,2026-04-10T05:33:16,143,2.405
219210000,2026-04-10T03:08:49,2026-04-10T05:33:16,190,3.202777777777778
219210000,2026-04-10T03:56:38,2026-04-10T05:33:16,237,3.999722222222222
219210000,2026-04-10T04:44:26,2026-04-10T05:33:16,284,4.796388888888889
219210000,2026-04-10T05:33:16,2026-04-10T05:33:16,332,5.610277777777778
219303000,2026-04-04T13:03:28,2026-04-04T14:12:24,2,0.016666666666666666
219303000,2026-04-04T13:12:36,2026-04-04T14:12:24,11,0.1688888888888889
219303000,2026-04-04T13:22:43,2026-04-04T14:12:24,21,0.3375
219303000,2026-04-04T13:32:52,2026-04-04T14:12:24,31,0.5066666666666667
219303000,2026-04-04T13:41:59,2026-04-04T14:12:24,40,0.6586111111111111
219303000,2026-04-04T13:52:07,2026-04-04T14:12:24,50,0.8275
219303000,2026-04-04T14:02:15,2026-04-04T14:12:24,60,0.9963888888888889
219303000,2026-04-04T14:12:24,2026-04-04T14:12:24,70,1.1655555555555555
219432000,2026-04-03T10:43:39,2026-04-16T12:43:53,2,0.016944444444444446
219432000,2026-04-13T10:13:05,2026-04-16T12:43:53,350,5.986944444444444
219432000,2026-04-13T19:08:55,2026-04-16T12:43:53,314,5.986666666666666
219432000,2026-04-15T03:46:01,2026-04-16T12:43:53,256,4.307777777777778
219432000,2026-04-15T12:00:06,2026-04-16T12:43:53,355,5.986944444444444
219432000,2026-04-15T20:14:14,2026-04-16T12:43:53,355,5.985277777777778
219432000,2026-04-16T04:27:59,2026-04-16T12:43:53,356,6.0
219432000,2026-04-16T12:43:53,2026-04-16T12:43:53,355,5.998888888888889
219550000,2026-04-08T12:56:35,2026-04-08T16:18:04,2,0.016944444444444446
219550000,2026-04-08T13:25:04,2026-04-08T16:18:04,30,0.49166666666666664
219550000,2026-04-08T13:53:33,2026-04-08T16:18:04,58,0.9663888888888889
219550000,2026-04-08T14:22:02,2026-04-08T16:18:04,86,1.441111111111111
219550000,2026-04-08T14:51:33,2026-04-08T16:18:04,115,1.9330555555555555
219550000,2026-04-08T15:20:04,2026-04-08T16:18:04,143,2.408333333333333
219550000,2026-04-08T15:48:34,2026-04-08T16:18:04,171,2.8833333333333333
219550000,2026-04-08T16:18:04,2026-04-08T16:18:04,200,3.375
219608000,2026-04-09T23:54:37,2026-04-10T06:45:28,2,0.016944444444444446
219608000,2026-04-10T00:41:21,2026-04-10T06:45:28,48,0.7958333333333333
219608000,2026-04-10T01:28:05,2026-04-10T06:45:28,94,1.5747222222222221
219608000,2026-04-10T02:14:51,2026-04-10T06:45:28,140,2.3541666666666665
219608000,2026-04-10T03:01:41,2026-04-10T06:45:28,186,3.1347222222222224
219608000,2026-04-10T03:48:30,2026-04-10T06:45:28,232,3.915
219608000,2026-04-10T05:58:41,2026-04-10T06:45:28,273,6.0
219608000,2026-04-10T06:45:28,2026-04-10T06:45:28,272,5.984166666666667
228481700,2026-04-10T16:31:21,2026-04-11T07:28:31,2,0.016944444444444446
228481700,2026-04-10T23:22:08,2026-04-11T07:28:31,53,5.2
228481700,2026-04-11T01:23:57,2026-04-11T07:28:31,104,3.7919444444444443
228481700,2026-04-11T02:26:51,2026-04-11T07:28:31,166,4.840277777777778
228481700,2026-04-11T04:20:30,2026-04-11T07:28:31,208,5.3625
228481700,2026-04-11T05:23:28,2026-04-11T07:28:31,246,5.006944444444445
228481700,2026-04-11T06:25:30,2026-04-11T07:28:31,304,5.99
228481700,2026-04-11T07:28:31,2026-04-11T07:28:31,304,5.991666666666666
229331000,2026-04-11T13:49:51,2026-04-12T02:26:32,2,0.016944444444444446
229331000,2026-04-11T15:19:25,2026-04-12T02:26:32,90,1.5097222222222222
229331000,2026-04-11T16:49:03,2026-04-12T02:26:32,178,3.0036111111111112
229331000,2026-04-11T20:17:42,2026-04-12T02:26:32,237,5.989444444444445
229331000,2026-04-11T21:48:34,2026-04-12T02:26:32,237,5.993611111111111
229331000,2026-04-11T23:18:17,2026-04-12T02:26:32,238,4.028333333333333
229331000,2026-04-12T00:47:55,2026-04-12T02:26:32,326,5.522222222222222
229331000,2026-04-12T02:26:32,2026-04-12T02:26:32,346,5.994166666666667
229370000,2026-04-05T08:00:38,2026-04-08T17:25:10,2,0.016666666666666666
229370000,2026-04-05T17:15:52,2026-04-08T17:25:10,356,5.996666666666667
229370000,2026-04-06T02:03:53,2026-04-08T17:25:10,356,5.995555555555556
229370000,2026-04-06T10:55:47,2026-04-08T17:25:10,352,5.990555555555556
229370000,2026-04-07T09:24:20,2026-04-08T17:25:10,52,0.9991666666666666
229370000,2026-04-07T23:02:47,2026-04-08T17:25:10,185,5.984444444444445
229370000,2026-04-08T08:22:24,2026-04-08T17:25:10,338,5.9911111111111115
229370000,2026-04-08T17:25:10,2026-04-08T17:25:10,354,5.983611111111111
229412000,2026-04-11T11:35:55,2026-04-11T17:59:18,2,0.016944444444444446
229412000,2026-04-11T12:29:38,2026-04-11T17:59:18,55,0.9122222222222223
229412000,2026-04-11T13:24:27,2026-04-11T17:59:18,109,1.8258333333333334
229412000,2026-04-11T14:19:21,2026-04-11T17:59:18,163,2.7408333333333332
229412000,2026-04-11T15:14:20,2026-04-11T17:59:18,217,3.6572222222222224
229412000,2026-04-11T16:09:20,2026-04-11T17:59:18,271,4.573888888888889
229412000,2026-04-11T17:04:20,2026-04-11T17:59:18,325,5.490555555555556
229412000,2026-04-11T17:59:18,2026-04-11T17:59:18,354,5.984444444444445
229456000,2026-04-03T12:03:43,2026-04-05T11:04:56,2,0.016666666666666666
229456000,2026-04-03T13:22:50,2026-04-05T11:04:56,80,1.3352777777777778
229456000,2026-04-03T14:41:56,2026-04-05T11:04:56,158,2.653611111111111
229456000,2026-04-03T16:01:01,2026-04-05T11:04:56,236,3.9716666666666667
229456000,2026-04-04T01:56:40,2026-04-05T11:04:56,21,0.3547222222222222
229456000,2026-04-05T08:11:46,2026-04-05T11:04:56,78,1.3833333333333333
229456000,2026-04-05T09:44:55,2026-04-05T11:04:56,156,2.9358333333333335
229456000,2026-04-05T11:04:56,2026-04-05T11:04:56,235,4.269444444444445
229471000,2026-04-05T06:56:52,2026-04-11T06:51:56,2,0.016944444444444446
229471000,2026-04-10T23:43:28,2026-04-11T06:51:56,4,0.050833333333333335
229471000,2026-04-11T00:50:28,2026-04-11T06:51:56,58,1.1675
229471000,2026-04-11T03:12:30,2026-04-11T06:51:56,112,3.5347222222222223
229471000,2026-04-11T04:06:17,2026-04-11T06:51:56,165,4.431111111111111
229471000,2026-04-11T05:02:08,2026-04-11T06:51:56,219,5.361944444444444
229471000,2026-04-11T05:57:01,2026-04-11T06:51:56,257,5.9383333333333335
229471000,2026-04-11T06:51:56,2026-04-11T06:51:56,268,5.990555555555556
229548000,2026-04-10T03:16:57,2026-04-10T21:42:32,2,0.016944444444444446
229548000,2026-04-10T14:03:41,2026-04-10T21:42:32,18,0.28805555555555556
229548000,2026-04-10T15:20:02,2026-04-10T21:42:32,93,1.5605555555555555
229548000,2026-04-10T16:36:27,2026-04-10T21:42:32,168,2.8341666666666665
229548000,2026-04-10T17:52:50,2026-04-10T21:42:32,243,4.107222222222222
229548000,2026-04-10T19:09:04,2026-04-10T21:42:32,318,5.377777777777778
229548000,2026-04-10T20:25:17,2026-04-10T21:42:32,354,5.986666666666666
229548000,2026-04-10T21:42:32,2026-04-10T21:42:32,354,5.9847222222222225
229648000,2026-04-09T22:11:06,2026-04-10T00:47:26,2,0.016944444444444446
229648000,2026-04-09T22:29:22,2026-04-10T00:47:26,20,0.3213888888888889
229648000,2026-04-09T22:48:38,2026-04-10T00:47:26,39,0.6425
229648000,2026-04-09T23:30:15,2026-04-10T00:47:26,58,1.336111111111111
229648000,2026-04-09T23:49:33,2026-04-10T00:47:26,77,1.6577777777777778
229648000,2026-04-10T00:08:50,2026-04-10T00:47:26,96,1.9791666666666667
229648000,2026-04-10T00:28:09,2026-04-10T00:47:26,115,2.301111111111111
229648000,2026-04-10T00:47:26,2026-04-10T00:47:26,134,2.6225
230723000,2026-04-08T11:28:10,2026-04-08T19:00:24,2,0.016944444444444446
230723000,2026-04-08T12:37:16,2026-04-08T19:00:24,61,1.168611111111111
230723000,2026-04-08T13:38:17,2026-04-08T19:00:24,121,2.1855555555555557
230723000,2026-04-08T14:57:40,2026-04-08T19:00:24,180,3.508611111111111
230723000,2026-04-08T15:58:44,2026-04-08T19:00:24,240,4.526388888888889
230723000,2026-04-08T16:58:45,2026-04-08T19:00:24,299,5.526666666666666
230723000,2026-04-08T17:59:37,2026-04-08T19:00:24,336,5.999444444444444
230723000,2026-04-08T19:00:24,2026-04-08T19:00:24,336,5.995833333333334
232012490,2026-04-09T20:46:56,2026-04-09T22:20:14,2,0.016666666666666666
232012490,2026-04-09T21:11:16,2026-04-09T22:20:14,13,0.4222222222222222
232012490,2026-04-09T21:22:25,2026-04-09T22:20:14,24,0.6080555555555556
232012490,2026-04-09T21:33:34,2026-04-09T22:20:14,35,0.7938888888888889
232012490,2026-04-09T21:45:44,2026-04-09T22:20:14,47,0.9966666666666667
232012490,2026-04-09T21:56:54,2026-04-09T22:20:14,58,1.1827777777777777
232012490,2026-04-09T22:08:03,2026-04-09T22:20:14,69,1.368611111111111
232012490,2026-04-09T22:20:14,2026-04-09T22:20:14,81,1.5716666666666668
232026551,2026-04-10T18:51:48,2026-04-11T00:05:48,2,0.016944444444444446
232026551,2026-04-10T19:36:30,2026-04-11T00:05:48,46,0.7619444444444444
232026551,2026-04-10T20:21:13,2026-04-11T00:05:48,90,1.5072222222222222
232026551,2026-04-10T21:05:57,2026-04-11T00:05:48,134,2.2527777777777778
232026551,2026-04-10T21:50:40,2026-04-11T00:05:48,178,2.9980555555555557
232026551,2026-04-10T22:35:23,2026-04-11T00:05:48,222,3.743333333333333
232026551,2026-04-10T23:20:06,2026-04-11T00:05:48,266,4.488611111111111
232026551,2026-04-11T00:05:48,2026-04-11T00:05:48,311,5.250277777777778
232058998,2026-04-10T02:14:51,2026-04-10T17:22:18,2,0.016944444444444446
232058998,2026-04-10T07:10:55,2026-04-10T17:22:18,42,4.951388888888889
232058998,2026-04-10T13:02:41,2026-04-10T17:22:18,49,5.998611111111111
232058998,2026-04-10T13:43:21,2026-04-10T17:22:18,63,1.0505555555555555
232058998,2026-04-10T14:42:22,2026-04-10T17:22:18,104,2.0341666666666667
232058998,2026-04-10T15:58:44,2026-04-10T17:22:18,144,3.3069444444444445
232058998,2026-04-10T16:40:31,2026-04-10T17:22:18,185,4.003333333333333
232058998,2026-04-10T17:22:18,2026-04-10T17:22:18,226,4.699722222222222
232061535,2026-04-11T16:35:49,2026-04-12T07:06:19,2,0.016944444444444446
232061535,2026-04-11T18:38:57,2026-04-12T07:06:19,123,2.069166666666667
232061535,2026-04-11T20:47:18,2026-04-12T07:06:19,244,4.208333333333333
232061535,2026-04-11T22:50:47,2026-04-12T07:06:19,349,5.994722222222222
232061535,2026-04-12T00:55:02,2026-04-12T07:06:19,349,5.996666666666667
232061535,2026-04-12T02:58:05,2026-04-12T07:06:19,354,5.9925
232061535,2026-04-12T05:01:31,2026-04-12T07:06:19,354,5.992222222222222
232061535,2026-04-12T07:06:19,2026-04-12T07:06:19,353,5.9847222222222225
232062004,2026-04-10T17:24:20,2026-04-12T09:16:31,2,0.016944444444444446
232062004,2026-04-11T15:42:51,2026-04-12T09:16:31,124,2.3066666666666666
232062004,2026-04-11T20:57:31,2026-04-12T09:16:31,178,5.991388888888889
232062004,2026-04-11T23:13:12,2026-04-12T09:16:31,178,5.995
232062004,2026-04-12T02:26:32,2026-04-12T09:16:31,283,5.755833333333333
232062004,2026-04-12T04:42:07,2026-04-12T09:16:31,297,5.991388888888889
232062004,2026-04-12T06:58:08,2026-04-12T09:16:31,301,5.120277777777778
232062004,2026-04-12T09:16:31,2026-04-12T09:16:31,350,5.9847222222222225
232063279,2026-04-11T13:42:44,2026-04-12T01:29:35,2,0.016944444444444446
232063279,2026-04-11T14:59:03,2026-04-12T01:29:35,77,1.288888888888889
232063279,2026-04-11T19:04:23,2026-04-12T01:29:35,152,5.377777777777778
232063279,2026-04-11T20:21:47,2026-04-12T01:29:35,188,5.989722222222222
232063279,2026-04-11T21:38:21,2026-04-12T01:29:35,215,5.806388888888889
232063279,2026-04-11T22:55:52,2026-04-12T01:29:35,257,4.383611111111111
232063279,2026-04-12T00:12:17,2026-04-12T01:29:35,332,5.657222222222222
232063279,2026-04-12T01:29:35,2026-04-12T01:29:35,354,5.996111111111111
235010170,2026-04-05T11:50:31,2026-04-05T16:53:34,2,0.016944444444444446
235010170,2026-04-05T12:26:58,2026-04-05T16:53:34,38,0.6244444444444445
235010170,2026-04-05T13:09:31,2026-04-05T16:53:34,75,1.333611111111111
235010170,2026-04-05T13:47:00,2026-04-05T16:53:34,112,1.9583333333333333
235010170,2026-04-05T14:24:30,2026-04-05T16:53:34,149,2.5833333333333335
235010170,2026-04-05T15:38:30,2026-04-05T16:53:34,186,3.816666666666667
235010170,2026-04-05T16:16:02,2026-04-05T16:53:34,223,4.442222222222222
235010170,2026-04-05T16:53:34,2026-04-05T16:53:34,260,5.067777777777778
236623000,2026-04-11T14:06:08,2026-04-12T12:16:35,2,0.016944444444444446
236623000,2026-04-11T18:39:58,2026-04-12T12:16:35,150,4.5808333333333335
236623000,2026-04-11T21:11:48,2026-04-12T12:16:35,236,5.991666666666666
236623000,2026-04-11T23:43:46,2026-04-12T12:16:35,354,5.995555555555556
236623000,2026-04-12T04:39:03,2026-04-12T12:16:35,212,5.991388888888889
236623000,2026-04-12T07:11:26,2026-04-12T12:16:35,266,4.511111111111111
236623000,2026-04-12T09:44:10,2026-04-12T12:16:35,352,5.986944444444444
236623000,2026-04-12T12:16:35,2026-04-12T12:16:35,352,5.989722222222222
238066000,2026-04-11T20:37:06,2026-04-12T07:17:35,2,0.016944444444444446
238066000,2026-04-11T21:12:49,2026-04-12T07:17:35,37,0.6122222222222222
238066000,2026-04-12T04:17:36,2026-04-12T07:17:35,5,0.06805555555555555
238066000,2026-04-12T04:53:21,2026-04-12T07:17:35,40,0.6638888888888889
238066000,2026-04-12T05:29:07,2026-04-12T07:17:35,75,1.26
238066000,2026-04-12T06:04:55,2026-04-12T07:17:35,110,1.8566666666666667
238066000,2026-04-12T06:40:44,2026-04-12T07:17:35,145,2.453611111111111
238066000,2026-04-12T07:17:35,2026-04-12T07:17:35,181,3.0677777777777777
240544000,2026-04-07T02:01:59,2026-04-10T09:47:38,2,0.016944444444444446
240544000,2026-04-07T04:31:02,2026-04-10T09:47:38,38,2.5011111111111113
240544000,2026-04-10T02:31:09,2026-04-10T09:47:38,19,0.3055555555555556
240544000,2026-04-10T03:16:57,2026-04-10T09:47:38,56,1.068888888888889
240544000,2026-04-10T07:54:41,2026-04-10T09:47:38,93,5.697777777777778
240544000,2026-04-10T08:32:20,2026-04-10T09:47:38,110,5.985833333333333
240544000,2026-04-10T09:10:00,2026-04-10T09:47:38,116,5.951944444444444
240544000,2026-04-10T09:47:38,2026-04-10T09:47:38,142,2.628888888888889
240633000,2026-04-11T16:41:55,2026-04-12T11:38:46,2,0.016944444444444446
240633000,2026-04-11T23:03:00,2026-04-12T11:38:46,83,1.393888888888889
240633000,2026-04-12T03:39:51,2026-04-12T11:38:46,174,5.990833333333334
240633000,2026-04-12T05:20:56,2026-04-12T11:38:46,167,5.993055555555555
240633000,2026-04-12T06:55:03,2026-04-12T11:38:46,221,3.8647222222222224
240633000,2026-04-12T08:29:20,2026-04-12T11:38:46,313,5.436111111111111
240633000,2026-04-12T10:03:37,2026-04-12T11:38:46,345,5.9880555555555555
240633000,2026-04-12T11:38:46,2026-04-12T11:38:46,352,5.990555555555556
240788000,2026-04-03T10:43:39,2026-04-03T14:56:09,2,0.016944444444444446
240788000,2026-04-03T11:19:07,2026-04-03T14:56:09,37,0.6080555555555556
240788000,2026-04-03T11:55:37,2026-04-03T14:56:09,73,1.216388888888889
240788000,2026-04-03T12:31:07,2026-04-03T14:56:09,108,1.8080555555555555
240788000,2026-04-03T13:07:37,2026-04-03T14:56:09,144,2.4163888888888887
240788000,2026-04-03T13:43:07,2026-04-03T14:56:09,179,3.0080555555555555
240788000,2026-04-03T14:19:37,2026-04-03T14:56:09,215,3.616388888888889
240788000,2026-04-03T14:56:09,2026-04-03T14:56:09,251,4.2252777777777775
240878000,2026-04-06T21:33:20,2026-04-06T22:00:42,2,0.016944444444444446
240878000,2026-04-06T21:36:23,2026-04-06T22:00:42,5,0.06777777777777778
240878000,2026-04-06T21:40:26,2026-04-06T22:00:42,9,0.13527777777777777
240878000,2026-04-06T21:44:29,2026-04-06T22:00:42,13,0.20277777777777778
240878000,2026-04-06T21:48:32,2026-04-06T22:00:42,17,0.2702777777777778
240878000,2026-04-06T21:52:36,2026-04-06T22:00:42,21,0.33805555555555555
240878000,2026-04-06T21:56:39,2026-04-06T22:00:42,25,0.40555555555555556
240878000,2026-04-06T22:00:42,2026-04-06T22:00:42,29,0.47305555555555556
240893000,2026-04-03T10:43:39,2026-04-07T12:01:36,2,0.016944444444444446
240893000,2026-04-03T23:21:39,2026-04-07T12:01:36,356,5.9927777777777775
240893000,2026-04-04T12:02:42,2026-04-07T12:01:36,356,5.997222222222222
240893000,2026-04-05T00:40:22,2026-04-07T12:01:36,356,5.991666666666666
240893000,2026-04-05T19:17:31,2026-04-07T12:01:36,290,5.998055555555555
240893000,2026-04-06T08:49:56,2026-04-07T12:01:36,353,5.989722222222222
240893000,2026-04-06T23:08:38,2026-04-07T12:01:36,314,5.993888888888889
240893000,2026-04-07T12:01:36,2026-04-07T12:01:36,343,5.987777777777778
240942000,2026-04-05T12:51:17,2026-04-08T22:30:11,2,0.016944444444444446
240942000,2026-04-06T00:29:37,2026-04-08T22:30:11,356,5.995833333333334
240942000,2026-04-06T10:36:30,2026-04-08T22:30:11,353,5.990833333333334
240942000,2026-04-06T22:01:43,2026-04-08T22:30:11,305,5.909722222222222
240942000,2026-04-07T08:06:06,2026-04-08T22:30:11,355,5.984166666666667
240942000,2026-04-07T18:16:52,2026-04-08T22:30:11,354,5.983888888888889
240942000,2026-04-08T08:33:34,2026-04-08T22:30:11,290,5.990833333333334
240942000,2026-04-08T22:30:11,2026-04-08T22:30:11,264,5.964444444444444
241287000,2026-04-04T22:47:56,2026-04-13T23:23:02,2,0.016944444444444446
241287000,2026-04-04T23:32:30,2026-04-13T23:23:02,46,0.7597222222222222
241287000,2026-04-05T00:17:04,2026-04-13T23:23:02,90,1.5025
241287000,2026-04-05T01:16:49,2026-04-13T23:23:02,134,2.4983333333333335
241287000,2026-04-05T02:02:23,2026-04-13T23:23:02,179,3.2577777777777777
241287000,2026-04-13T20:48:12,2026-04-13T23:23:02,24,0.38861111111111113
241287000,2026-04-13T21:33:48,2026-04-13T23:23:02,68,1.148611111111111
241287000,2026-04-13T23:23:02,2026-04-13T23:23:02,113,2.9691666666666667
241298000,2026-04-08T21:00:57,2026-04-08T22:31:12,2,0.016944444444444446
241298000,2026-04-08T21:13:07,2026-04-08T22:31:12,14,0.21972222222222224
241298000,2026-04-08T21:26:18,2026-04-08T22:31:12,26,0.43944444444444447
241298000,2026-04-08T21:41:30,2026-04-08T22:31:12,38,0.6927777777777778
241298000,2026-04-08T21:53:40,2026-04-08T22:31:12,50,0.8955555555555555
241298000,2026-04-08T22:05:50,2026-04-08T22:31:12,62,1.0983333333333334
241298000,2026-04-08T22:18:00,2026-04-08T22:31:12,74,1.301111111111111
241298000,2026-04-08T22:31:12,2026-04-08T22:31:12,87,1.521111111111111
241618000,2026-04-10T02:47:26,2026-04-10T14:34:13,2,0.016944444444444446
241618000,2026-04-10T04:31:13,2026-04-10T14:34:13,60,1.7466666666666666
241618000,2026-04-10T08:18:05,2026-04-10T14:34:13,118,5.527777777777778
241618000,2026-04-10T09:18:08,2026-04-10T14:34:13,147,5.273611111111111
241618000,2026-04-10T10:17:09,2026-04-10T14:34:13,189,5.986111111111111
241618000,2026-04-10T11:17:04,2026-04-10T14:34:13,232,4.289166666666667
241618000,2026-04-10T13:34:12,2026-04-10T14:34:13,256,5.998055555555555
241618000,2026-04-10T14:34:13,2026-04-10T14:34:13,278,5.9975
241689000,2026-04-10T07:01:45,2026-04-11T00:36:15,2,0.016944444444444446
241689000,2026-04-10T16:35:26,2026-04-11T00:36:15,17,0.2722222222222222
241689000,2026-04-10T17:47:45,2026-04-11T00:36:15,88,1.4775
241689000,2026-04-10T18:58:54,2026-04-11T00:36:15,158,2.6633333333333336
241689000,2026-04-10T20:28:21,2026-04-11T00:36:15,229,4.154166666666667
241689000,2026-04-10T21:39:29,2026-04-11T00:36:15,299,5.339722222222222
241689000,2026-04-10T23:24:10,2026-04-11T00:36:15,306,5.997222222222222
241689000,2026-04-11T00:36:15,2026-04-11T00:36:15,306,5.995
241745000,2026-04-08T15:15:59,2026-04-08T21:32:23,2,0.016944444444444446
241745000,2026-04-08T15:35:20,2026-04-08T21:32:23,21,0.33944444444444444
241745000,2026-04-08T15:56:42,2026-04-08T21:32:23,40,0.6955555555555556
241745000,2026-04-08T16:16:02,2026-04-08T21:32:23,59,1.0177777777777777
241745000,2026-04-08T19:17:37,2026-04-08T21:32:23,79,4.0441666666666665
241745000,2026-04-08T20:52:50,2026-04-08T21:32:23,98,5.631111111111111
241745000,2026-04-08T21:12:06,2026-04-08T21:32:23,117,5.952222222222222
241745000,2026-04-08T21:32:23,2026-04-08T21:32:23,119,5.9847222222222225
241751000,2026-04-06T14:00:17,2026-04-06T15:20:26,2,0.016666666666666666
241751000,2026-04-06T14:09:25,2026-04-06T15:20:26,11,0.1688888888888889
241751000,2026-04-06T14:18:32,2026-04-06T15:20:26,20,0.32083333333333336
241751000,2026-04-06T14:27:40,2026-04-06T15:20:26,29,0.47305555555555556
241751000,2026-04-06T14:36:47,2026-04-06T15:20:26,38,0.625
241751000,2026-04-06T15:01:09,2026-04-06T15:20:26,47,1.031111111111111
241751000,2026-04-06T15:10:17,2026-04-06T15:20:26,56,1.1833333333333333
241751000,2026-04-06T15:20:26,2026-04-06T15:20:26,66,1.3525
241859000,2026-04-08T09:54:52,2026-04-08T13:49:28,2,0.016944444444444446
241859000,2026-04-08T10:27:21,2026-04-08T13:49:28,34,0.5583333333333333
241859000,2026-04-08T11:04:51,2026-04-08T13:49:28,66,1.1833333333333333
241859000,2026-04-08T11:37:18,2026-04-08T13:49:28,98,1.7241666666666666
241859000,2026-04-08T12:10:50,2026-04-08T13:49:28,131,2.2830555555555554
241859000,2026-04-08T12:43:22,2026-04-08T13:49:28,163,2.825277777777778
241859000,2026-04-08T13:15:55,2026-04-08T13:49:28,195,3.367777777777778
241859000,2026-04-08T13:49:28,2026-04-08T13:49:28,228,3.9269444444444446
241929000,2026-04-12T04:06:23,2026-04-12T12:15:34,2,0.017222222222222222
241929000,2026-04-12T06:17:12,2026-04-12T12:15:34,58,2.1975
241929000,2026-04-12T07:25:47,2026-04-12T12:15:34,114,3.3405555555555555
241929000,2026-04-12T08:24:12,2026-04-12T12:15:34,171,4.314166666666667
241929000,2026-04-12T09:21:39,2026-04-12T12:15:34,227,5.2716666666666665
241929000,2026-04-12T10:20:00,2026-04-12T12:15:34,269,5.988888888888889
241929000,2026-04-12T11:17:17,2026-04-12T12:15:34,302,5.325555555555556
241929000,2026-04-12T12:15:34,2026-04-12T12:15:34,341,5.989722222222222
241953000,2026-04-09T09:31:26,2026-04-10T03:32:14,2,0.016944444444444446
241953000,2026-04-09T09:58:49,2026-04-10T03:32:14,29,0.47333333333333333
241953000,2026-04-09T10:26:14,2026-04-10T03:32:14,56,0.9302777777777778
241953000,2026-04-09T11:14:58,2026-04-10T03:32:14,83,1.7425
241953000,2026-04-10T02:09:46,2026-04-10T03:32:14,23,0.37305555555555553
241953000,2026-04-10T02:37:15,2026-04-10T03:32:14,50,0.8311111111111111
241953000,2026-04-10T03:04:44,2026-04-10T03:32:14,77,1.2891666666666666
241953000,2026-04-10T03:32:14,2026-04-10T03:32:14,104,1.7475
242494400,2026-04-09T21:55:53,2026-04-09T23:51:34,2,0.016944444444444446
242494400,2026-04-09T22:06:02,2026-04-09T23:51:34,12,0.18611111111111112
242494400,2026-04-09T22:17:11,2026-04-09T23:51:34,23,0.37194444444444447
242494400,2026-04-09T23:07:55,2026-04-09T23:51:34,34,1.2175
242494400,2026-04-09T23:18:04,2026-04-09T23:51:34,44,1.3866666666666667
242494400,2026-04-09T23:29:14,2026-04-09T23:51:34,55,1.5727777777777778
242494400,2026-04-09T23:40:24,2026-04-09T23:51:34,66,1.758888888888889
242494400,2026-04-09T23:51:34,2026-04-09T23:51:34,77,1.945
244090800,2026-04-03T19:49:57,2026-04-03T22:58:22,2,0.016944444444444446
244090800,2026-04-03T20:16:17,2026-04-03T22:58:22,28,0.4558333333333333
244090800,2026-04-03T20:43:38,2026-04-03T22:58:22,55,0.9116666666666666
244090800,2026-04-03T21:09:59,2026-04-03T22:58:22,81,1.3508333333333333
244090800,2026-04-03T21:37:20,2026-04-03T22:58:22,108,1.8066666666666666
244090800,2026-04-03T22:03:40,2026-04-03T22:58:22,134,2.2455555555555557
244090800,2026-04-03T22:31:01,2026-04-03T22:58:22,161,2.701388888888889
244090800,2026-04-03T22:58:22,2026-04-03T22:58:22,188,3.1572222222222224
244865000,2026-04-05T14:41:44,2026-04-05T15:49:39,2,0.016944444444444446
244865000,2026-04-05T14:50:51,2026-04-05T15:49:39,11,0.1688888888888889
244865000,2026-04-05T15:00:59,2026-04-05T15:49:39,21,0.3377777777777778
244865000,2026-04-05T15:10:07,2026-04-05T15:49:39,30,0.49
244865000,2026-04-05T15:20:15,2026-04-05T15:49:39,40,0.6588888888888889
244865000,2026-04-05T15:29:23,2026-04-05T15:49:39,49,0.8111111111111111
244865000,2026-04-05T15:39:31,2026-04-05T15:49:39,59,0.98
244865000,2026-04-05T15:49:39,2026-04-05T15:49:39,69,1.1488888888888888
245278000,2026-04-11T14:09:11,2026-04-12T00:20:26,2,0.016944444444444446
245278000,2026-04-11T15:35:43,2026-04-12T00:20:26,87,1.4591666666666667
245278000,2026-04-11T17:03:19,2026-04-12T00:20:26,173,2.9191666666666665
245278000,2026-04-11T18:30:49,2026-04-12T00:20:26,259,4.3775
245278000,2026-04-11T19:57:19,2026-04-12T00:20:26,344,5.819166666666667
245278000,2026-04-11T21:25:04,2026-04-12T00:20:26,354,5.992222222222222
245278000,2026-04-11T22:52:49,2026-04-12T00:20:26,354,5.994722222222222
245278000,2026-04-12T00:20:26,2026-04-12T00:20:26,354,5.996388888888889
246518000,2026-04-07T01:00:09,2026-04-07T11:03:49,2,0.016944444444444446
246518000,2026-04-07T02:26:19,2026-04-07T11:03:49,87,1.4530555555555555
246518000,2026-04-07T03:52:30,2026-04-07T11:03:49,172,2.8894444444444445
246518000,2026-04-07T05:18:43,2026-04-07T11:03:49,257,4.326388888888889
246518000,2026-04-07T06:44:56,2026-04-07T11:03:49,342,5.763333333333334
246518000,2026-04-07T08:11:11,2026-04-07T11:03:49,355,5.984444444444445
246518000,2026-04-07T09:37:33,2026-04-07T11:03:49,355,5.9875
246518000,2026-04-07T11:03:49,2026-04-07T11:03:49,355,5.988333333333333
247018700,2026-04-07T03:57:34,2026-04-07T14:28:05,2,0.016944444444444446
247018700,2026-04-07T04:34:05,2026-04-07T14:28:05,29,0.6255555555555555
247018700,2026-04-07T05:01:28,2026-04-07T14:28:05,56,1.0819444444444444
247018700,2026-04-07T12:35:05,2026-04-07T14:28:05,18,0.2875
247018700,2026-04-07T13:05:34,2026-04-07T14:28:05,45,0.7955555555555556
247018700,2026-04-07T13:33:03,2026-04-07T14:28:05,72,1.253611111111111
247018700,2026-04-07T14:00:34,2026-04-07T14:28:05,99,1.7122222222222223
247018700,2026-04-07T14:28:05,2026-04-07T14:28:05,126,2.1708333333333334
247045300,2026-04-03T10:43:39,2026-04-15T08:16:50,2,0.016944444444444446
247045300,2026-04-04T23:14:16,2026-04-15T08:16:50,356,5.991666666666666
247045300,2026-04-06T11:39:23,2026-04-15T08:16:50,355,5.989722222222222
247045300,2026-04-08T00:41:19,2026-04-15T08:16:50,343,5.985555555555556
247045300,2026-04-09T13:28:54,2026-04-15T08:16:50,355,5.987777777777778
247045300,2026-04-11T02:00:28,2026-04-15T08:16:50,355,5.993055555555555
247045300,2026-04-12T15:52:12,2026-04-15T08:16:50,353,5.9975
247045300,2026-04-15T08:16:50,2026-04-15T08:16:50,356,5.999722222222222
247055200,2026-04-03T10:43:39,2026-04-10T01:53:30,2,0.016944444444444446
247055200,2026-04-04T07:05:41,2026-04-10T01:53:30,343,5.995
247055200,2026-04-05T04:54:26,2026-04-10T01:53:30,317,5.99
247055200,2026-04-06T03:23:01,2026-04-10T01:53:30,279,5.929722222222222
247055200,2026-04-07T01:59:57,2026-04-10T01:53:30,271,5.9127777777777775
247055200,2026-04-08T06:03:17,2026-04-10T01:53:30,237,5.9925
247055200,2026-04-09T02:29:33,2026-04-10T01:53:30,355,5.983333333333333
247055200,2026-04-10T01:53:30,2026-04-10T01:53:30,355,5.987222222222222
247069600,2026-04-10T14:48:28,2026-04-11T03:04:23,2,0.016944444444444446
247069600,2026-04-10T16:51:44,2026-04-11T03:04:23,55,2.071388888888889
247069600,2026-04-10T17:56:55,2026-04-11T03:04:23,109,3.1577777777777776
247069600,2026-04-10T22:02:52,2026-04-11T03:04:23,132,5.576388888888889
247069600,2026-04-10T23:17:03,2026-04-11T03:04:23,138,5.9975
247069600,2026-04-11T00:45:23,2026-04-11T03:04:23,146,3.606388888888889
247069600,2026-04-11T02:09:36,2026-04-11T03:04:23,200,5.01
247069600,2026-04-11T03:04:23,2026-04-11T03:04:23,254,5.923055555555556
247077700,2026-04-07T08:34:32,2026-04-16T12:43:53,2,0.016944444444444446
247077700,2026-04-08T05:42:57,2026-04-16T12:43:53,12,5.433611111111111
247077700,2026-04-09T12:16:50,2026-04-16T12:43:53,122,5.988333333333333
247077700,2026-04-09T20:06:25,2026-04-16T12:43:53,105,5.998888888888889
247077700,2026-04-09T23:39:23,2026-04-16T12:43:53,188,3.9208333333333334
247077700,2026-04-10T18:50:47,2026-04-16T12:43:53,90,4.869722222222222
247077700,2026-04-11T09:18:13,2026-04-16T12:43:53,147,3.4383333333333335
247077700,2026-04-16T12:43:53,2026-04-16T12:43:53,22,0.6769444444444445
247095300,2026-04-05T08:06:43,2026-04-06T11:51:33,2,0.016944444444444446
247095300,2026-04-06T00:03:16,2026-04-06T11:51:33,20,0.32083333333333336
247095300,2026-04-06T01:58:49,2026-04-06T11:51:33,134,2.2466666666666666
247095300,2026-04-06T03:54:27,2026-04-06T11:51:33,248,4.1738888888888885
247095300,2026-04-06T05:50:09,2026-04-06T11:51:33,355,5.983888888888889
247095300,2026-04-06T07:59:10,2026-04-06T11:51:33,342,5.988888888888889
247095300,2026-04-06T09:54:53,2026-04-06T11:51:33,342,5.990277777777778
247095300,2026-04-06T11:51:33,2026-04-06T11:51:33,342,5.989444444444445
247100900,2026-04-03T10:43:39,2026-04-16T12:43:53,2,0.016944444444444446
247100900,2026-04-05T06:56:52,2026-04-16T12:43:53,122,2.1755555555555555
247100900,2026-04-06T04:10:41,2026-04-16T12:43:53,356,5.998055555555555
247100900,2026-04-08T02:21:55,2026-04-16T12:43:53,334,5.988888888888889
247100900,2026-04-09T11:57:34,2026-04-16T12:43:53,355,5.988333333333333
247100900,2026-04-11T15:15:21,2026-04-16T12:43:53,325,5.986111111111111
247100900,2026-04-13T00:28:00,2026-04-16T12:43:53,356,5.993333333333333
247100900,2026-04-16T12:43:53,2026-04-16T12:43:53,355,5.998888888888889
247101700,2026-04-05T05:56:09,2026-04-12T08:25:14,2,0.016666666666666666
247101700,2026-04-05T06:26:31,2026-04-12T08:25:14,31,0.5227777777777778
247101700,2026-04-12T05:51:37,2026-04-12T08:25:14,9,0.1363888888888889
247101700,2026-04-12T06:22:19,2026-04-12T08:25:14,39,0.6480555555555556
247101700,2026-04-12T06:53:00,2026-04-12T08:25:14,69,1.1594444444444445
247101700,2026-04-12T07:23:44,2026-04-12T08:25:14,99,1.6716666666666666
247101700,2026-04-12T07:54:28,2026-04-12T08:25:14,129,2.1838888888888888
247101700,2026-04-12T08:25:14,2026-04-12T08:25:14,159,2.6966666666666668
247104500,2026-04-07T06:59:08,2026-04-07T08:08:08,2,0.016944444444444446
247104500,2026-04-07T07:08:15,2026-04-07T08:08:08,11,0.1688888888888889
247104500,2026-04-07T07:18:24,2026-04-07T08:08:08,21,0.33805555555555555
247104500,2026-04-07T07:28:33,2026-04-07T08:08:08,31,0.5072222222222222
247104500,2026-04-07T07:37:41,2026-04-07T08:08:08,40,0.6594444444444445
247104500,2026-04-07T07:47:49,2026-04-07T08:08:08,50,0.8283333333333334
247104500,2026-04-07T07:57:58,2026-04-07T08:08:08,60,0.9975
247104500,2026-04-07T08:08:08,2026-04-07T08:08:08,70,1.1669444444444443
247131100,2026-04-07T21:53:46,2026-04-16T12:43:53,2,0.016944444444444446
247131100,2026-04-08T23:24:57,2026-04-16T12:43:53,356,5.996388888888889
247131100,2026-04-10T01:27:04,2026-04-16T12:43:53,355,5.985555555555556
247131100,2026-04-11T02:39:01,2026-04-16T12:43:53,355,5.991666666666666
247131100,2026-04-12T05:24:00,2026-04-16T12:43:53,354,5.993333333333333
247131100,2026-04-13T09:25:24,2026-04-16T12:43:53,350,5.985
247131100,2026-04-15T11:34:44,2026-04-16T12:43:53,355,5.986666666666666
247131100,2026-04-16T12:43:53,2026-04-16T12:43:53,355,5.998888888888889
247144750,2026-04-04T01:44:30,2026-04-12T01:32:38,2,0.016944444444444446
247144750,2026-04-05T20:15:18,2026-04-12T01:32:38,9,0.13527777777777777
247144750,2026-04-08T00:43:21,2026-04-12T01:32:38,17,0.2708333333333333
247144750,2026-04-08T01:15:51,2026-04-12T01:32:38,49,0.8125
247144750,2026-04-09T00:39:00,2026-04-12T01:32:38,2,0.016944444444444446
247144750,2026-04-10T01:49:25,2026-04-12T01:32:38,11,0.16944444444444445
247144750,2026-04-11T01:48:18,2026-04-12T01:32:38,16,0.2536111111111111
247144750,2026-04-12T01:32:38,2026-04-12T01:32:38,20,0.32166666666666666
247147120,2026-04-07T14:39:17,2026-04-11T22:51:48,2,0.016944444444444446
247147120,2026-04-10T16:55:48,2026-04-11T22:51:48,6,0.08472222222222223
247147120,2026-04-11T20:46:17,2026-04-11T22:51:48,6,0.085
247147120,2026-04-11T21:52:38,2026-04-11T22:51:48,20,1.1908333333333334
247147120,2026-04-11T22:07:57,2026-04-11T22:51:48,35,1.4461111111111111
247147120,2026-04-11T22:22:15,2026-04-11T22:51:48,49,1.6844444444444444
247147120,2026-04-11T22:36:31,2026-04-11T22:51:48,63,1.9222222222222223
247147120,2026-04-11T22:51:48,2026-04-11T22:51:48,78,2.1769444444444446
247153450,2026-04-10T13:48:26,2026-04-10T14:04:43,2,0.016944444444444446
247153450,2026-04-10T13:50:28,2026-04-10T14:04:43,4,0.050833333333333335
247153450,2026-04-10T13:52:30,2026-04-10T14:04:43,6,0.08472222222222223
247153450,2026-04-10T13:54:32,2026-04-10T14:04:43,8,0.11861111111111111
247153450,2026-04-10T13:57:35,2026-04-10T14:04:43,11,0.16944444444444445
247153450,2026-04-10T13:59:37,2026-04-10T14:04:43,13,0.20333333333333334
247153450,2026-04-10T14:01:39,2026-04-10T14:04:43,15,0.23722222222222222
247153450,2026-04-10T14:04:43,2026-04-10T14:04:43,18,0.28833333333333333
247176900,2026-04-10T10:07:59,2026-04-13T13:57:33,2,0.016944444444444446
247176900,2026-04-10T11:55:39,2026-04-13T13:57:33,52,1.811388888888889
247176900,2026-04-13T09:39:36,2026-04-13T13:57:33,29,0.47333333333333333
247176900,2026-04-13T10:31:21,2026-04-13T13:57:33,80,1.3358333333333334
247176900,2026-04-13T11:22:05,2026-04-13T13:57:33,130,2.181388888888889
247176900,2026-04-13T12:13:51,2026-04-13T13:57:33,181,3.0441666666666665
247176900,2026-04-13T13:05:39,2026-04-13T13:57:33,232,3.9075
247176900,2026-04-13T13:57:33,2026-04-13T13:57:33,283,4.7725
247219700,2026-04-03T17:22:05,2026-04-10T16:04:51,2,0.016666666666666666
247219700,2026-04-04T15:32:27,2026-04-10T16:04:51,354,5.996666666666667
247219700,2026-04-05T13:56:07,2026-04-10T16:04:51,346,5.992222222222222
247219700,2026-04-06T12:03:42,2026-04-10T16:04:51,355,5.988888888888889
247219700,2026-04-07T10:32:23,2026-04-10T16:04:51,355,5.988611111111111
247219700,2026-04-08T08:45:46,2026-04-10T16:04:51,355,5.9911111111111115
247219700,2026-04-09T14:19:40,2026-04-10T16:04:51,174,5.954166666666667
247219700,2026-04-10T16:04:51,2026-04-10T16:04:51,277,5.998611111111111
247231200,2026-04-06T10:13:10,2026-04-06T15:44:48,2,0.016944444444444446
247231200,2026-04-06T10:42:35,2026-04-06T15:44:48,31,0.5072222222222222
247231200,2026-04-06T12:57:27,2026-04-06T15:44:48,61,2.755
247231200,2026-04-06T13:27:51,2026-04-06T15:44:48,91,3.2616666666666667
247231200,2026-04-06T14:07:23,2026-04-06T15:44:48,121,3.9205555555555556
247231200,2026-04-06T14:41:51,2026-04-06T15:44:48,151,4.495
247231200,2026-04-06T15:12:19,2026-04-06T15:44:48,181,5.002777777777778
247231200,2026-04-06T15:44:48,2026-04-06T15:44:48,211,5.5441666666666665
247241800,2026-04-03T10:43:39,2026-04-16T12:43:53,2,0.016944444444444446
247241800,2026-04-08T07:20:26,2026-04-16T12:43:53,157,2.638888888888889
247241800,2026-04-08T17:26:10,2026-04-16T12:43:53,354,5.983611111111111
247241800,2026-04-10T13:32:10,2026-04-16T12:43:53,355,5.998055555555555
247241800,2026-04-12T09:45:11,2026-04-16T12:43:53,322,5.476666666666667
247241800,2026-04-13T06:29:59,2026-04-16T12:43:53,40,0.8105555555555556
247241800,2026-04-13T16:35:03,2026-04-16T12:43:53,355,5.994166666666667
247241800,2026-04-16T12:43:53,2026-04-16T12:43:53,355,5.998888888888889
247268300,2026-04-04T04:58:01,2026-04-16T12:43:53,2,0.016944444444444446
247268300,2026-04-05T14:42:44,2026-04-16T12:43:53,305,5.993055555555555
247268300,2026-04-07T11:19:02,2026-04-16T12:43:53,355,5.988333333333333
247268300,2026-04-08T22:22:04,2026-04-16T12:43:53,349,5.88
247268300,2026-04-11T04:40:48,2026-04-16T12:43:53,23,0.37222222222222223
247268300,2026-04-12T14:15:42,2026-04-16T12:43:53,353,5.995
247268300,2026-04-15T04:01:14,2026-04-16T12:43:53,18,0.2875
247268300,2026-04-16T12:43:53,2026-04-16T12:43:53,355,5.998888888888889
247278300,2026-04-03T10:43:39,2026-04-16T12:37:48,2,0.016944444444444446
247278300,2026-04-06T05:51:10,2026-04-16T12:37:48,42,1.0827777777777778
247278300,2026-04-07T13:55:28,2026-04-16T12:37:48,333,5.992222222222222
247278300,2026-04-09T09:16:12,2026-04-16T12:37:48,285,4.8036111111111115
247278300,2026-04-10T12:16:58,2026-04-16T12:37:48,57,0.9644444444444444
247278300,2026-04-12T11:41:50,2026-04-16T12:37:48,312,5.990555555555556
247278300,2026-04-15T08:01:37,2026-04-16T12:37:48,132,3.617777777777778
247278300,2026-04-16T12:37:48,2026-04-16T12:37:48,62,1.0325
247282600,2026-04-16T05:58:17,2026-04-16T12:43:53,2,0.016944444444444446
247282600,2026-04-16T06:56:07,2026-04-16T12:43:53,59,0.9808333333333333
247282600,2026-04-16T07:53:58,2026-04-16T12:43:53,116,1.945
247282600,2026-04-16T08:52:26,2026-04-16T12:43:53,173,2.9194444444444443
247282600,2026-04-16T09:50:16,2026-04-16T12:43:53,230,3.8833333333333333
247282600,2026-04-16T10:48:07,2026-04-16T12:43:53,287,4.8475
247282600,2026-04-16T11:46:00,2026-04-16T12:43:53,344,5.812222222222222
247282600,2026-04-16T12:43:53,2026-04-16T12:43:53,355,5.998888888888889
247296500,2026-04-05T04:44:19,2026-04-12T02:34:40,2,0.016944444444444446
247296500,2026-04-05T15:00:59,2026-04-12T02:34:40,356,5.993611111111111
247296500,2026-04-06T01:18:16,2026-04-12T02:34:40,356,5.995555555555556
247296500,2026-04-06T11:37:21,2026-04-12T02:34:40,355,5.989722222222222
247296500,2026-04-06T21:54:37,2026-04-12T02:34:40,356,5.9944444444444445
247296500,2026-04-10T13:51:29,2026-04-12T02:34:40,181,3.047222222222222
247296500,2026-04-11T16:13:24,2026-04-12T02:34:40,11,0.16972222222222222
247296500,2026-04-12T02:34:40,2026-04-12T02:34:40,354,5.993611111111111
247298300,2026-04-03T10:48:43,2026-04-16T12:43:53,2,0.016944444444444446
247298300,2026-04-06T02:02:52,2026-04-16T12:43:53,306,5.995555555555556
247298300,2026-04-08T00:08:48,2026-04-16T12:43:53,307,5.983888888888889
247298300,2026-04-09T11:21:03,2026-04-16T12:43:53,344,5.988333333333333
247298300,2026-04-10T20:21:13,2026-04-16T12:43:53,354,5.986944444444444
247298300,2026-04-12T08:45:45,2026-04-16T12:43:53,350,5.998333333333333
247298300,2026-04-13T22:18:19,2026-04-16T12:43:53,272,5.991944444444444
247298300,2026-04-16T12:43:53,2026-04-16T12:43:53,211,5.998888888888889
247305480,2026-04-06T05:21:43,2026-04-16T06:46:59,2,0.016944444444444446
247305480,2026-04-06T05:23:45,2026-04-16T06:46:59,4,0.050833333333333335
247305480,2026-04-06T05:26:48,2026-04-16T06:46:59,7,0.10166666666666667
247305480,2026-04-06T05:28:49,2026-04-16T06:46:59,9,0.13527777777777777
247305480,2026-04-06T05:31:52,2026-04-16T06:46:59,12,0.18611111111111112
247305480,2026-04-06T05:33:54,2026-04-16T06:46:59,14,0.22
247305480,2026-04-06T05:36:57,2026-04-16T06:46:59,17,0.2708333333333333
247305480,2026-04-16T06:46:59,2026-04-16T06:46:59,2,0.016944444444444446
247306670,2026-04-10T20:27:20,2026-04-10T20:29:22,2,0.017222222222222222
247306670,2026-04-10T20:28:21,2026-04-10T20:29:22,3,0.034166666666666665
247306670,2026-04-10T20:29:22,2026-04-10T20:29:22,4,0.051111111111111114
247310200,2026-04-08T08:24:25,2026-04-08T13:56:36,2,0.016944444444444446
247310200,2026-04-08T09:22:22,2026-04-08T13:56:36,34,0.9827777777777778
247310200,2026-04-08T11:12:57,2026-04-08T13:56:36,66,2.825833333333333
247310200,2026-04-08T11:45:26,2026-04-08T13:56:36,98,3.3672222222222223
247310200,2026-04-08T12:17:57,2026-04-08T13:56:36,130,3.9091666666666667
247310200,2026-04-08T12:50:29,2026-04-08T13:56:36,162,4.451388888888889
247310200,2026-04-08T13:23:02,2026-04-08T13:56:36,194,4.993888888888889
247310200,2026-04-08T13:56:36,2026-04-08T13:56:36,227,5.553333333333334
247313600,2026-04-09T01:48:59,2026-04-09T08:12:16,2,0.016944444444444446
247313600,2026-04-09T02:34:37,2026-04-09T08:12:16,47,0.7775
247313600,2026-04-09T04:04:40,2026-04-09T08:12:16,92,2.2783333333333333
247313600,2026-04-09T04:51:19,2026-04-09T08:12:16,138,3.055833333333333
247313600,2026-04-09T05:37:59,2026-04-09T08:12:16,183,3.8336111111111113
247313600,2026-04-09T06:39:52,2026-04-09T08:12:16,229,4.865
247313600,2026-04-09T07:25:34,2026-04-09T08:12:16,274,5.626666666666667
247313600,2026-04-09T08:12:16,2026-04-09T08:12:16,296,5.9991666666666665
247319800,2026-04-04T04:28:38,2026-04-15T18:00:36,2,0.016944444444444446
247319800,2026-04-04T20:43:24,2026-04-15T18:00:36,356,5.993055555555555
247319800,2026-04-05T12:58:22,2026-04-15T18:00:36,356,5.991388888888889
247319800,2026-04-06T16:54:48,2026-04-15T18:00:36,355,5.983611111111111
247319800,2026-04-07T09:11:08,2026-04-15T18:00:36,355,5.9863888888888885
247319800,2026-04-09T11:40:20,2026-04-15T18:00:36,355,5.988333333333333
247319800,2026-04-15T01:43:24,2026-04-15T18:00:36,135,2.2641666666666667
247319800,2026-04-15T18:00:36,2026-04-15T18:00:36,355,5.991388888888889
247324900,2026-04-05T02:36:48,2026-04-13T00:01:40,2,0.016666666666666666
247324900,2026-04-05T05:53:07,2026-04-13T00:01:40,175,3.288611111111111
247324900,2026-04-12T03:49:02,2026-04-13T00:01:40,57,0.9511111111111111
247324900,2026-04-12T06:46:52,2026-04-13T00:01:40,231,3.915
247324900,2026-04-12T10:12:50,2026-04-13T00:01:40,324,5.988611111111111
247324900,2026-04-12T15:22:46,2026-04-13T00:01:40,209,5.984444444444445
247324900,2026-04-12T21:05:25,2026-04-13T00:01:40,191,5.998611111111111
247324900,2026-04-13T00:01:40,2026-04-13T00:01:40,281,4.726944444444444
247333600,2026-04-13T07:22:42,2026-04-16T12:43:53,2,0.016944444444444446
247333600,2026-04-15T08:37:07,2026-04-16T12:43:53,91,1.5219444444444445
247333600,2026-04-15T13:04:03,2026-04-16T12:43:53,354,5.970833333333333
247333600,2026-04-15T17:37:18,2026-04-16T12:43:53,349,5.991944444444444
247333600,2026-04-15T23:19:43,2026-04-16T12:43:53,275,5.993888888888889
247333600,2026-04-16T03:46:24,2026-04-16T12:43:53,356,5.999444444444444
247333600,2026-04-16T08:15:17,2026-04-16T12:43:53,353,5.985277777777778
247333600,2026-04-16T12:43:53,2026-04-16T12:43:53,353,5.998888888888889
247343900,2026-04-03T10:43:39,2026-04-16T12:43:53,2,0.016944444444444446
247343900,2026-04-05T06:20:26,2026-04-16T12:43:53,151,2.5294444444444446
247343900,2026-04-06T03:29:06,2026-04-16T12:43:53,356,5.997222222222222
247343900,2026-04-08T12:13:53,2026-04-16T12:43:53,353,5.990555555555556
247343900,2026-04-10T08:31:19,2026-04-16T12:43:53,224,3.781388888888889
247343900,2026-04-11T17:23:41,2026-04-16T12:43:53,343,5.796111111111111
247343900,2026-04-13T04:16:54,2026-04-16T12:43:53,202,5.9927777777777775
247343900,2026-04-16T12:43:53,2026-04-16T12:43:53,355,5.998888888888889
247349400,2026-04-03T10:43:39,2026-04-16T12:43:53,2,0.016944444444444446
247349400,2026-04-05T03:34:30,2026-04-16T12:43:53,356,5.990833333333334
247349400,2026-04-06T20:24:26,2026-04-16T12:43:53,356,5.996944444444445
247349400,2026-04-08T13:17:57,2026-04-16T12:43:53,355,5.9925
247349400,2026-04-10T06:10:53,2026-04-16T12:43:53,354,5.983333333333333
247349400,2026-04-11T23:08:06,2026-04-16T12:43:53,354,5.995
247349400,2026-04-13T19:28:10,2026-04-16T12:43:53,318,5.985277777777778
247349400,2026-04-16T12:43:53,2026-04-16T12:43:53,355,5.998888888888889
247351700,2026-04-03T12:15:54,2026-04-16T12:43:53,2,0.016944444444444446
247351700,2026-04-07T08:55:53,2026-04-16T12:43:53,144,4.414166666666667
247351700,2026-04-08T14:22:02,2026-04-16T12:43:53,344,5.993888888888889
247351700,2026-04-10T05:50:33,2026-04-16T12:43:53,120,2.0172222222222222
247351700,2026-04-11T13:20:23,2026-04-16T12:43:53,249,5.999722222222222
247351700,2026-04-12T17:45:49,2026-04-16T12:43:53,352,5.998055555555555
247351700,2026-04-15T08:06:41,2026-04-16T12:43:53,254,4.276666666666666
247351700,2026-04-16T12:43:53,2026-04-16T12:43:53,351,5.998888888888889
247355500,2026-04-04T00:47:45,2026-04-13T19:12:58,2,0.016944444444444446
247355500,2026-04-04T21:13:47,2026-04-13T19:12:58,355,5.9927777777777775
247355500,2026-04-05T17:39:12,2026-04-13T19:12:58,356,5.997222222222222
247355500,2026-04-06T13:59:17,2026-04-13T19:12:58,354,5.985
247355500,2026-04-07T11:02:48,2026-04-13T19:12:58,354,5.988333333333333
247355500,2026-04-11T05:22:27,2026-04-13T19:12:58,89,1.4894444444444443
247355500,2026-04-12T03:27:38,2026-04-13T19:12:58,354,5.991666666666666
247355500,2026-04-13T19:12:58,2026-04-13T19:12:58,298,5.6130555555555555
247362500,2026-04-03T10:43:39,2026-04-16T12:43:53,2,0.016944444444444446
247362500,2026-04-07T15:24:06,2026-04-16T12:43:53,301,5.996111111111111
247362500,2026-04-09T13:04:33,2026-04-16T12:43:53,103,1.725
247362500,2026-04-10T17:12:07,2026-04-16T12:43:53,347,5.985
247362500,2026-04-11T18:22:41,2026-04-16T12:43:53,338,5.917777777777777
247362500,2026-04-13T09:32:30,2026-04-16T12:43:53,317,5.479444444444445
247362500,2026-04-15T15:33:29,2026-04-16T12:43:53,348,5.9925
247362500,2026-04-16T12:43:53,2026-04-16T12:43:53,340,5.998888888888889
247382800,2026-04-05T04:57:28,2026-04-16T09:25:55,2,0.016666666666666666
247382800,2026-04-06T08:08:19,2026-04-16T09:25:55,84,1.4052777777777778
247382800,2026-04-08T05:34:50,2026-04-16T09:25:55,86,1.7083333333333333
247382800,2026-04-08T16:15:01,2026-04-16T09:25:55,306,5.996944444444445
247382800,2026-04-09T14:30:50,2026-04-16T09:25:55,220,5.108611111111111
247382800,2026-04-11T15:23:30,2026-04-16T09:25:55,158,2.7794444444444446
247382800,2026-04-12T09:34:59,2026-04-16T09:25:55,251,4.6258333333333335
247382800,2026-04-16T09:25:55,2026-04-16T09:25:55,115,5.607777777777778
247383400,2026-04-06T22:45:19,2026-04-11T23:59:03,2,0.016944444444444446
247383400,2026-04-07T16:03:46,2026-04-11T23:59:03,355,5.996944444444445
247383400,2026-04-08T09:22:22,2026-04-11T23:59:03,355,5.991388888888889
247383400,2026-04-09T02:40:41,2026-04-11T23:59:03,356,6.0
247383400,2026-04-09T19:58:19,2026-04-11T23:59:03,356,5.999444444444444
247383400,2026-04-10T13:17:56,2026-04-11T23:59:03,355,5.998333333333333
247383400,2026-04-11T06:37:42,2026-04-11T23:59:03,355,5.990277777777778
247383400,2026-04-11T23:59:03,2026-04-11T23:59:03,354,5.995833333333334
247392600,2026-04-07T09:53:48,2026-04-07T14:29:06,2,0.016944444444444446
247392600,2026-04-07T10:27:18,2026-04-07T14:29:06,35,0.5752777777777778
247392600,2026-04-07T11:40:19,2026-04-07T14:29:06,68,1.7922222222222222
247392600,2026-04-07T12:13:47,2026-04-07T14:29:06,101,2.35
247392600,2026-04-07T12:47:15,2026-04-07T14:29:06,134,2.9077777777777776
247392600,2026-04-07T13:20:50,2026-04-07T14:29:06,167,3.4675
247392600,2026-04-07T13:54:27,2026-04-07T14:29:06,200,4.027777777777778
247392600,2026-04-07T14:29:06,2026-04-07T14:29:06,234,4.605277777777777
247407900,2026-04-04T05:46:39,2026-04-16T09:49:15,2,0.016944444444444446
247407900,2026-04-08T06:17:29,2026-04-16T09:49:15,19,0.30444444444444446
247407900,2026-04-09T07:12:22,2026-04-16T09:49:15,70,1.1672222222222222
247407900,2026-04-10T09:12:02,2026-04-16T09:49:15,114,3.375
247407900,2026-04-12T06:32:33,2026-04-16T09:49:15,33,0.5458333333333333
247407900,2026-04-13T07:54:08,2026-04-16T09:49:15,96,1.9427777777777777
247407900,2026-04-15T09:00:27,2026-04-16T09:49:15,157,2.908333333333333
247407900,2026-04-16T09:49:15,2026-04-16T09:49:15,225,3.984722222222222
247408700,2026-04-03T10:43:39,2026-04-16T12:43:53,2,0.016944444444444446
247408700,2026-04-05T08:44:10,2026-04-16T12:43:53,345,5.987777777777778
247408700,2026-04-07T00:11:30,2026-04-16T12:43:53,354,5.961944444444445
247408700,2026-04-08T18:38:07,2026-04-16T12:43:53,341,5.997222222222222
247408700,2026-04-10T14:08:47,2026-04-16T12:43:53,271,5.9975
247408700,2026-04-12T05:51:37,2026-04-16T12:43:53,343,5.995
247408700,2026-04-13T23:06:41,2026-04-16T12:43:53,276,5.985277777777778
247408700,2026-04-16T12:43:53,2026-04-16T12:43:53,355,5.998888888888889
247415100,2026-04-08T16:43:30,2026-04-16T12:43:53,2,0.016944444444444446
247415100,2026-04-09T18:06:56,2026-04-16T12:43:53,355,5.986944444444444
247415100,2026-04-10T16:36:27,2026-04-16T12:43:53,355,6.0
247415100,2026-04-11T15:05:10,2026-04-16T12:43:53,355,5.985833333333333
247415100,2026-04-12T13:39:04,2026-04-16T12:43:53,353,5.999444444444444
247415100,2026-04-13T14:48:22,2026-04-16T12:43:53,355,5.991388888888889
247415100,2026-04-15T14:16:07,2026-04-16T12:43:53,355,5.9880555555555555
247415100,2026-04-16T12:43:53,2026-04-16T12:43:53,355,5.998888888888889
247415600,2026-04-05T19:51:59,2026-04-12T21:55:03,2,0.016944444444444446
247415600,2026-04-06T19:45:56,2026-04-12T21:55:03,343,5.997222222222222
247415600,2026-04-07T19:27:48,2026-04-12T21:55:03,355,5.997222222222222
247415600,2026-04-08T19:15:36,2026-04-12T21:55:03,355,5.994722222222222
247415600,2026-04-09T19:38:03,2026-04-12T21:55:03,356,6.0
247415600,2026-04-10T19:39:33,2026-04-12T21:55:03,354,5.9875
247415600,2026-04-11T21:34:15,2026-04-12T21:55:03,347,5.9925
247415600,2026-04-12T21:55:03,2026-04-12T21:55:03,350,5.895555555555555
247425900,2026-04-04T04:57:00,2026-04-16T12:43:53,2,0.016944444444444446
247425900,2026-04-05T13:29:47,2026-04-16T12:43:53,340,5.991666666666666
247425900,2026-04-07T09:07:04,2026-04-16T12:43:53,241,4.059444444444445
247425900,2026-04-08T04:49:12,2026-04-16T12:43:53,355,5.993611111111111
247425900,2026-04-10T12:23:03,2026-04-16T12:43:53,355,5.999444444444444
247425900,2026-04-12T08:35:29,2026-04-16T12:43:53,215,3.651111111111111
247425900,2026-04-13T15:18:51,2026-04-16T12:43:53,355,5.992222222222222
247425900,2026-04-16T12:43:53,2026-04-16T12:43:53,355,5.998888888888889
247426100,2026-04-03T10:43:39,2026-04-16T12:43:53,2,0.016944444444444446
247426100,2026-04-05T10:37:35,2026-04-16T12:43:53,266,5.786666666666667
247426100,2026-04-07T12:49:17,2026-04-16T12:43:53,355,5.9880555555555555
247426100,2026-04-09T05:45:05,2026-04-16T12:43:53,55,0.9130555555555555
247426100,2026-04-10T12:59:38,2026-04-16T12:43:53,355,5.998611111111111
247426100,2026-04-11T15:47:56,2026-04-16T12:43:53,287,5.987777777777778
247426100,2026-04-13T13:39:14,2026-04-16T12:43:53,355,5.988333333333333
247426100,2026-04-16T12:43:53,2026-04-16T12:43:53,355,5.998888888888889
247432200,2026-04-15T22:16:51,2026-04-16T01:53:51,2,0.016944444444444446
247432200,2026-04-15T22:47:16,2026-04-16T01:53:51,32,0.5238888888888888
247432200,2026-04-15T23:18:42,2026-04-16T01:53:51,63,1.0477777777777777
247432200,2026-04-15T23:49:07,2026-04-16T01:53:51,93,1.5547222222222221
247432200,2026-04-16T00:20:33,2026-04-16T01:53:51,124,2.078611111111111
247432200,2026-04-16T00:50:59,2026-04-16T01:53:51,154,2.5858333333333334
247432200,2026-04-16T01:22:25,2026-04-16T01:53:51,185,3.109722222222222
247432200,2026-04-16T01:53:51,2026-04-16T01:53:51,216,3.633611111111111
247453600,2026-04-03T13:05:35,2026-04-13T23:23:02,2,0.016944444444444446
247453600,2026-04-03T18:27:55,2026-04-13T23:23:02,320,5.389166666666667
247453600,2026-04-03T23:50:00,2026-04-13T23:23:02,356,5.9925
247453600,2026-04-04T23:13:15,2026-04-13T23:23:02,217,3.8644444444444446
247453600,2026-04-05T04:36:13,2026-04-13T23:23:02,356,5.990277777777778
247453600,2026-04-09T15:50:00,2026-04-13T23:23:02,272,4.583888888888889
247453600,2026-04-09T21:12:17,2026-04-13T23:23:02,356,5.996944444444445
247453600,2026-04-13T23:23:02,2026-04-13T23:23:02,205,3.796388888888889
247483800,2026-04-09T10:29:17,2026-04-09T17:01:03,2,0.016944444444444446
247483800,2026-04-09T11:31:12,2026-04-09T17:01:03,55,1.048888888888889
247483800,2026-04-09T12:24:57,2026-04-09T17:01:03,108,1.9447222222222222
247483800,2026-04-09T13:18:45,2026-04-09T17:01:03,161,2.841388888888889
247483800,2026-04-09T14:12:34,2026-04-09T17:01:03,214,3.7383333333333333
247483800,2026-04-09T15:13:29,2026-04-09T17:01:03,267,4.753611111111111
247483800,2026-04-09T16:07:16,2026-04-09T17:01:03,320,5.65
247483800,2026-04-09T17:01:03,2026-04-09T17:01:03,340,5.9880555555555555
247488900,2026-04-11T04:12:22,2026-04-12T09:18:34,2,0.016944444444444446
247488900,2026-04-11T07:05:09,2026-04-12T09:18:34,161,2.8966666666666665
247488900,2026-04-11T10:16:04,2026-04-12T09:18:34,316,5.993888888888889
247488900,2026-04-11T14:03:04,2026-04-12T09:18:34,273,5.847777777777778
247488900,2026-04-11T16:46:00,2026-04-12T09:18:34,292,5.993055555555555
247488900,2026-04-11T20:16:41,2026-04-12T09:18:34,307,5.989444444444445
247488900,2026-04-12T04:07:24,2026-04-12T09:18:34,52,5.990833333333334
247488900,2026-04-12T09:18:34,2026-04-12T09:18:34,175,5.424166666666666
247530400,2026-04-03T19:31:43,2026-04-11T23:35:37,2,0.016944444444444446
247530400,2026-04-03T22:07:43,2026-04-11T23:35:37,156,2.6169444444444445
247530400,2026-04-10T14:07:46,2026-04-11T23:35:37,115,2.016111111111111
247530400,2026-04-10T16:44:36,2026-04-11T23:35:37,269,4.63
247530400,2026-04-10T23:04:51,2026-04-11T23:35:37,135,5.997777777777777
247530400,2026-04-11T02:51:12,2026-04-11T23:35:37,192,5.347777777777778
247530400,2026-04-11T20:58:32,2026-04-11T23:35:37,56,1.0711111111111111
247530400,2026-04-11T23:35:37,2026-04-11T23:35:37,210,3.6891666666666665
248089000,2026-04-05T12:27:59,2026-04-07T03:36:17,2,0.016944444444444446
248089000,2026-04-05T13:42:57,2026-04-07T03:36:17,76,1.2663888888888888
248089000,2026-04-05T14:57:57,2026-04-07T03:36:17,150,2.516388888888889
248089000,2026-04-05T16:15:01,2026-04-07T03:36:17,224,3.8008333333333333
248089000,2026-04-06T23:50:13,2026-04-07T03:36:17,74,1.2338888888888888
248089000,2026-04-07T01:05:13,2026-04-07T03:36:17,148,2.483888888888889
248089000,2026-04-07T02:20:14,2026-04-07T03:36:17,222,3.734166666666667
248089000,2026-04-07T03:36:17,2026-04-07T03:36:17,297,5.001666666666667
248105000,2026-04-07T15:50:33,2026-04-07T23:50:32,2,0.016944444444444446
248105000,2026-04-07T16:53:34,2026-04-07T23:50:32,64,1.0672222222222223
248105000,2026-04-07T17:56:34,2026-04-07T23:50:32,126,2.1172222222222223
248105000,2026-04-07T19:08:32,2026-04-07T23:50:32,189,3.316666666666667
248105000,2026-04-07T20:11:25,2026-04-07T23:50:32,251,4.364722222222222
248105000,2026-04-07T21:23:26,2026-04-07T23:50:32,314,5.565
248105000,2026-04-07T22:45:31,2026-04-07T23:50:32,320,5.984444444444445
248105000,2026-04-07T23:50:32,2026-04-07T23:50:32,319,5.983888888888889
248159000,2026-04-10T02:23:00,2026-04-10T12:37:16,2,0.016944444444444446
248159000,2026-04-10T04:12:54,2026-04-10T12:37:16,72,1.8486111111111112
248159000,2026-04-10T05:50:33,2026-04-10T12:37:16,142,3.476111111111111
248159000,2026-04-10T07:01:45,2026-04-10T12:37:16,212,4.6627777777777775
248159000,2026-04-10T08:13:00,2026-04-10T12:37:16,282,5.8502777777777775
248159000,2026-04-10T09:24:15,2026-04-10T12:37:16,306,5.6975
248159000,2026-04-10T10:35:26,2026-04-10T12:37:16,328,5.985555555555556
248159000,2026-04-10T12:37:16,2026-04-10T12:37:16,305,5.998888888888889
248333000,2026-04-06T19:34:47,2026-04-13T23:24:04,2,0.016944444444444446
248333000,2026-04-06T21:58:40,2026-04-13T23:24:04,75,2.415
248333000,2026-04-12T16:37:51,2026-04-13T23:24:04,46,1.183888888888889
248333000,2026-04-12T17:51:54,2026-04-13T23:24:04,119,2.4180555555555556
248333000,2026-04-12T19:06:55,2026-04-13T23:24:04,193,3.6683333333333334
248333000,2026-04-12T20:43:09,2026-04-13T23:24:04,266,5.272222222222222
248333000,2026-04-12T22:39:37,2026-04-13T23:24:04,293,5.995833333333334
248333000,2026-04-13T23:24:04,2026-04-13T23:24:04,6,0.08527777777777777
248422000,2026-04-12T06:02:52,2026-04-12T12:05:21,2,0.016944444444444446
248422000,2026-04-12T06:54:02,2026-04-12T12:05:21,52,0.8697222222222222
248422000,2026-04-12T07:46:16,2026-04-12T12:05:21,103,1.7402777777777778
248422000,2026-04-12T08:37:32,2026-04-12T12:05:21,153,2.5947222222222224
248422000,2026-04-12T09:29:52,2026-04-12T12:05:21,204,3.4669444444444446
248422000,2026-04-12T10:21:02,2026-04-12T12:05:21,254,4.3197222222222225
248422000,2026-04-12T11:13:11,2026-04-12T12:05:21,305,5.188888888888889
248422000,2026-04-12T12:05:21,2026-04-12T12:05:21,352,5.990277777777778
248507000,2026-04-11T09:22:16,2026-04-12T21:04:24,2,0.016944444444444446
248507000,2026-04-11T13:56:58,2026-04-12T21:04:24,138,4.595277777777778
248507000,2026-04-11T16:15:26,2026-04-12T21:04:24,220,5.955555555555556
248507000,2026-04-11T18:33:52,2026-04-12T21:04:24,343,5.884722222222222
248507000,2026-04-11T20:53:26,2026-04-12T21:04:24,354,5.9911111111111115
248507000,2026-04-12T16:27:41,2026-04-12T21:04:24,113,2.2844444444444445
248507000,2026-04-12T18:45:38,2026-04-12T21:04:24,249,4.583611111111111
248507000,2026-04-12T21:04:24,2026-04-12T21:04:24,333,5.998611111111111
249004000,2026-04-11T20:35:03,2026-04-12T12:06:23,2,0.016944444444444446
249004000,2026-04-11T22:26:19,2026-04-12T12:06:23,111,1.871388888888889
249004000,2026-04-12T02:38:44,2026-04-12T12:06:23,215,5.993333333333333
249004000,2026-04-12T04:40:04,2026-04-12T12:06:23,210,5.040277777777778
249004000,2026-04-12T06:31:31,2026-04-12T12:06:23,271,5.879166666666666
249004000,2026-04-12T08:23:11,2026-04-12T12:06:23,343,5.995277777777778
249004000,2026-04-12T10:14:53,2026-04-12T12:06:23,352,5.988611111111111
249004000,2026-04-12T12:06:23,2026-04-12T12:06:23,352,5.990277777777778
249022000,2026-04-11T12:40:47,2026-04-11T22:28:22,2,0.016944444444444446
249022000,2026-04-11T13:42:44,2026-04-11T22:28:22,63,1.0494444444444444
249022000,2026-04-11T14:45:49,2026-04-11T22:28:22,125,2.1008333333333336
249022000,2026-04-11T15:47:56,2026-04-11T22:28:22,186,3.136111111111111
249022000,2026-04-11T16:51:06,2026-04-11T22:28:22,248,4.188888888888889
249022000,2026-04-11T19:18:37,2026-04-11T22:28:22,270,5.9875
249022000,2026-04-11T21:25:04,2026-04-11T22:28:22,208,5.992222222222222
249022000,2026-04-11T22:28:22,2026-04-11T22:28:22,208,5.994722222222222
249087000,2026-04-13T03:11:07,2026-04-13T23:24:04,2,0.016944444444444446
249087000,2026-04-13T05:59:35,2026-04-13T23:24:04,163,2.8247222222222224
249087000,2026-04-13T08:43:49,2026-04-13T23:24:04,325,5.561944444444444
249087000,2026-04-13T11:28:11,2026-04-13T23:24:04,356,6.0
249087000,2026-04-13T14:11:47,2026-04-13T23:24:04,355,5.99
249087000,2026-04-13T16:56:24,2026-04-13T23:24:04,355,5.994722222222222
249087000,2026-04-13T20:18:48,2026-04-13T23:24:04,318,5.998333333333333
249087000,2026-04-13T23:24:04,2026-04-13T23:24:04,297,5.9875
249146000,2026-04-03T10:43:39,2026-04-16T12:43:53,2,0.016944444444444446
249146000,2026-04-03T14:21:38,2026-04-16T12:43:53,217,3.65
249146000,2026-04-10T09:22:13,2026-04-16T12:43:53,176,2.9683333333333333
249146000,2026-04-10T13:00:39,2026-04-16T12:43:53,355,5.998611111111111
249146000,2026-04-10T16:39:30,2026-04-16T12:43:53,355,6.0
249146000,2026-04-10T20:18:10,2026-04-16T12:43:53,354,5.986944444444444
249146000,2026-04-16T09:05:38,2026-04-16T12:43:53,95,1.6005555555555555
249146000,2026-04-16T12:43:53,2026-04-16T12:43:53,310,5.2380555555555555
249172000,2026-04-12T12:08:25,2026-04-13T20:40:05,2,0.016944444444444446
249172000,2026-04-12T12:17:36,2026-04-13T20:40:05,11,0.17
249172000,2026-04-12T12:26:47,2026-04-13T20:40:05,20,0.32305555555555554
249172000,2026-04-13T19:42:20,2026-04-13T20:40:05,3,0.03388888888888889
249172000,2026-04-13T20:12:43,2026-04-13T20:40:05,12,0.5402777777777777
249172000,2026-04-13T20:21:50,2026-04-13T20:40:05,21,0.6922222222222222
249172000,2026-04-13T20:30:58,2026-04-13T20:40:05,30,0.8444444444444444
249172000,2026-04-13T20:40:05,2026-04-13T20:40:05,39,0.9963888888888889
249281000,2026-04-04T15:33:28,2026-04-13T23:20:59,2,0.016944444444444446
249281000,2026-04-04T23:48:43,2026-04-13T23:20:59,356,5.991666666666666
249281000,2026-04-07T21:29:30,2026-04-13T23:20:59,250,4.6497222222222225
249281000,2026-04-08T05:47:01,2026-04-13T23:20:59,355,5.992222222222222
249281000,2026-04-08T14:03:43,2026-04-13T23:20:59,355,5.993611111111111
249281000,2026-04-13T05:47:26,2026-04-13T23:20:59,137,2.487222222222222
249281000,2026-04-13T14:04:40,2026-04-13T23:20:59,355,5.989722222222222
249281000,2026-04-13T23:20:59,2026-04-13T23:20:59,297,5.986666666666666
249414000,2026-04-07T16:16:58,2026-04-08T01:44:18,2,0.016944444444444446
249414000,2026-04-07T18:53:20,2026-04-08T01:44:18,61,2.6230555555555557
249414000,2026-04-07T20:17:31,2026-04-08T01:44:18,120,4.026111111111111
249414000,2026-04-07T21:24:26,2026-04-08T01:44:18,180,5.141388888888889
249414000,2026-04-07T22:42:28,2026-04-08T01:44:18,212,5.984444444444445
249414000,2026-04-07T23:43:25,2026-04-08T01:44:18,243,4.902222222222222
249414000,2026-04-08T00:43:21,2026-04-08T01:44:18,302,5.901111111111111
249414000,2026-04-08T01:44:18,2026-04-08T01:44:18,307,5.987777777777778
249433000,2026-04-10T16:07:54,2026-04-11T08:41:39,2,0.016944444444444446
249433000,2026-04-10T16:58:52,2026-04-11T08:41:39,52,0.8663888888888889
249433000,2026-04-10T22:26:14,2026-04-11T08:41:39,83,5.999722222222222
249433000,2026-04-11T05:17:22,2026-04-11T08:41:39,45,1.5233333333333334
249433000,2026-04-11T06:08:12,2026-04-11T08:41:39,95,2.3705555555555557
249433000,2026-04-11T06:59:03,2026-04-11T08:41:39,145,3.2180555555555554
249433000,2026-04-11T07:49:51,2026-04-11T08:41:39,195,4.064722222222223
249433000,2026-04-11T08:41:39,2026-04-11T08:41:39,246,4.928055555555556
249596000,2026-04-03T19:18:33,2026-04-03T19:50:58,2,0.016944444444444446
249596000,2026-04-03T19:22:36,2026-04-03T19:50:58,6,0.08444444444444445
249596000,2026-04-03T19:27:40,2026-04-03T19:50:58,11,0.1688888888888889
249596000,2026-04-03T19:31:43,2026-04-03T19:50:58,15,0.2363888888888889
249596000,2026-04-03T19:36:47,2026-04-03T19:50:58,20,0.32083333333333336
249596000,2026-04-03T19:40:50,2026-04-03T19:50:58,24,0.3883333333333333
249596000,2026-04-03T19:45:54,2026-04-03T19:50:58,29,0.4727777777777778
249596000,2026-04-03T19:50:58,2026-04-03T19:50:58,34,0.5572222222222222
249611000,2026-04-12T08:13:57,2026-04-12T12:30:51,2,0.016944444444444446
249611000,2026-04-12T09:06:16,2026-04-12T12:30:51,30,0.8888888888888888
249611000,2026-04-12T10:04:38,2026-04-12T12:30:51,58,1.8616666666666666
249611000,2026-04-12T10:34:20,2026-04-12T12:30:51,87,2.3566666666666665
249611000,2026-04-12T11:02:57,2026-04-12T12:30:51,115,2.8336111111111113
249611000,2026-04-12T11:32:38,2026-04-12T12:30:51,144,3.328333333333333
249611000,2026-04-12T12:01:16,2026-04-12T12:30:51,172,3.8055555555555554
249611000,2026-04-12T12:30:51,2026-04-12T12:30:51,201,4.298611111111111
249697000,2026-04-06T15:40:44,2026-04-06T15:43:47,2,0.016666666666666666
249697000,2026-04-06T15:41:45,2026-04-06T15:43:47,3,0.03361111111111111
249697000,2026-04-06T15:42:46,2026-04-06T15:43:47,4,0.050555555555555555
249697000,2026-04-06T15:43:47,2026-04-06T15:43:47,5,0.0675
249742000,2026-04-11T14:17:19,2026-04-12T06:57:06,2,0.016944444444444446
249742000,2026-04-11T16:04:14,2026-04-12T06:57:06,107,1.798888888888889
249742000,2026-04-11T20:21:47,2026-04-12T06:57:06,206,5.989722222222222
249742000,2026-04-11T22:08:58,2026-04-12T06:57:06,208,5.875
249742000,2026-04-12T00:54:01,2026-04-12T06:57:06,264,5.996944444444445
249742000,2026-04-12T03:21:31,2026-04-12T06:57:06,258,5.991944444444444
249742000,2026-04-12T05:08:41,2026-04-12T06:57:06,291,5.9927777777777775
249742000,2026-04-12T06:57:06,2026-04-12T06:57:06,313,5.983333333333333
249962000,2026-04-12T06:51:59,2026-04-12T11:49:00,2,0.017222222222222222
249962000,2026-04-12T07:22:42,2026-04-12T11:49:00,32,0.5291666666666667
249962000,2026-04-12T07:53:27,2026-04-12T11:49:00,62,1.0416666666666667
249962000,2026-04-12T08:24:12,2026-04-12T11:49:00,92,1.5541666666666667
249962000,2026-04-12T08:54:59,2026-04-12T11:49:00,122,2.067222222222222
249962000,2026-04-12T09:25:45,2026-04-12T11:49:00,152,2.58
249962000,2026-04-12T11:17:17,2026-04-12T11:49:00,182,4.438888888888889
249962000,2026-04-12T11:49:00,2026-04-12T11:49:00,213,4.9675
249974000,2026-04-07T06:29:43,2026-04-07T09:09:06,2,0.016944444444444446
249974000,2026-04-07T06:52:02,2026-04-07T09:09:06,24,0.3888888888888889
249974000,2026-04-07T07:14:21,2026-04-07T09:09:06,46,0.7608333333333334
249974000,2026-04-07T07:37:41,2026-04-07T09:09:06,69,1.1497222222222223
249974000,2026-04-07T08:00:00,2026-04-07T09:09:06,91,1.5216666666666667
249974000,2026-04-07T08:23:22,2026-04-07T09:09:06,114,1.9111111111111112
249974000,2026-04-07T08:45:43,2026-04-07T09:09:06,136,2.283611111111111
249974000,2026-04-07T09:09:06,2026-04-07T09:09:06,159,2.6733333333333333
253000158,2026-04-08T10:31:25,2026-04-08T13:55:35,2,0.016944444444444446
253000158,2026-04-08T11:41:22,2026-04-08T13:55:35,24,1.1827777777777777
253000158,2026-04-08T12:03:43,2026-04-08T13:55:35,46,1.5552777777777778
253000158,2026-04-08T12:26:05,2026-04-08T13:55:35,68,1.9280555555555556
253000158,2026-04-08T12:48:27,2026-04-08T13:55:35,90,2.3008333333333333
253000158,2026-04-08T13:10:49,2026-04-08T13:55:35,112,2.673611111111111
253000158,2026-04-08T13:33:12,2026-04-08T13:55:35,134,3.046666666666667
253000158,2026-04-08T13:55:35,2026-04-08T13:55:35,156,3.419722222222222
255779000,2026-04-03T12:27:03,2026-04-04T17:19:50,2,0.016944444444444446
255779000,2026-04-03T13:21:49,2026-04-04T17:19:50,33,0.9297222222222222
255779000,2026-04-03T20:02:06,2026-04-04T17:19:50,30,5.3025
255779000,2026-04-04T09:29:37,2026-04-04T17:19:50,8,0.11833333333333333
255779000,2026-04-04T15:42:35,2026-04-04T17:19:50,29,5.421944444444445
255779000,2026-04-04T16:15:00,2026-04-04T17:19:50,61,5.9622222222222225
255779000,2026-04-04T16:47:25,2026-04-04T17:19:50,83,3.310277777777778
255779000,2026-04-04T17:19:50,2026-04-04T17:19:50,115,3.8505555555555557
255801270,2026-04-05T12:12:48,2026-04-07T01:56:55,2,0.016944444444444446
255801270,2026-04-05T15:18:14,2026-04-07T01:56:55,99,3.1075
255801270,2026-04-05T18:11:37,2026-04-07T01:56:55,197,5.997222222222222
255801270,2026-04-05T19:50:58,2026-04-07T01:56:55,278,5.998333333333333
255801270,2026-04-06T20:58:53,2026-04-07T01:56:55,65,1.0808333333333333
255801270,2026-04-06T22:38:13,2026-04-07T01:56:55,163,2.736388888888889
255801270,2026-04-07T00:17:35,2026-04-07T01:56:55,261,4.3925
255801270,2026-04-07T01:56:55,2026-04-07T01:56:55,356,5.9975
255805849,2026-04-08T04:43:07,2026-04-08T17:00:46,2,0.016944444444444446
255805849,2026-04-08T08:50:51,2026-04-08T17:00:46,62,4.145833333333333
255805849,2026-04-08T11:52:32,2026-04-08T17:00:46,93,3.908611111111111
255805849,2026-04-08T12:54:33,2026-04-08T17:00:46,154,4.942222222222222
255805849,2026-04-08T13:55:35,2026-04-08T17:00:46,214,5.959444444444444
255805849,2026-04-08T14:57:40,2026-04-08T17:00:46,236,5.995
255805849,2026-04-08T15:58:44,2026-04-08T17:00:46,254,4.289444444444444
255805849,2026-04-08T17:00:46,2026-04-08T17:00:46,315,5.323333333333333
255805866,2026-04-10T01:05:43,2026-04-10T06:49:33,2,0.016944444444444446
255805866,2026-04-10T01:41:17,2026-04-10T06:49:33,37,0.6097222222222223
255805866,2026-04-10T02:20:57,2026-04-10T06:49:33,73,1.2708333333333333
255805866,2026-04-10T02:57:37,2026-04-10T06:49:33,109,1.8819444444444444
255805866,2026-04-10T04:59:41,2026-04-10T06:49:33,145,3.9163888888888887
255805866,2026-04-10T05:36:19,2026-04-10T06:49:33,181,4.526944444444444
255805866,2026-04-10T06:12:55,2026-04-10T06:49:33,217,5.1369444444444445
255805866,2026-04-10T06:49:33,2026-04-10T06:49:33,253,5.7475
255805951,2026-04-06T01:31:26,2026-04-06T11:31:16,2,0.016944444444444446
255805951,2026-04-06T02:47:31,2026-04-06T11:31:16,77,1.285
255805951,2026-04-06T05:08:32,2026-04-06T11:31:16,152,3.6352777777777776
255805951,2026-04-06T06:24:42,2026-04-06T11:31:16,227,4.904722222222222
255805951,2026-04-06T07:41:55,2026-04-06T11:31:16,291,5.988888888888889
255805951,2026-04-06T08:58:03,2026-04-06T11:31:16,291,5.989722222222222
255805951,2026-04-06T10:14:10,2026-04-06T11:31:16,340,5.736944444444444
255805951,2026-04-06T11:31:16,2026-04-06T11:31:16,355,5.99
255805968,2026-04-08T11:59:39,2026-04-11T18:07:26,2,0.016944444444444446
255805968,2026-04-08T13:57:37,2026-04-11T18:07:26,117,1.9830555555555556
255805968,2026-04-08T15:54:40,2026-04-11T18:07:26,232,3.9338888888888888
255805968,2026-04-08T17:52:32,2026-04-11T18:07:26,348,5.898333333333333
255805968,2026-04-11T12:14:26,2026-04-11T18:07:26,73,1.2816666666666667
255805968,2026-04-11T14:12:14,2026-04-11T18:07:26,189,3.245
255805968,2026-04-11T16:09:20,2026-04-11T18:07:26,304,5.196666666666666
255805968,2026-04-11T18:07:26,2026-04-11T18:07:26,354,5.9847222222222225
255806044,2026-04-06T16:20:20,2026-04-06T21:25:14,2,0.016944444444444446
255806044,2026-04-06T19:54:02,2026-04-06T21:25:14,16,3.578611111111111
255806044,2026-04-06T20:09:14,2026-04-06T21:25:14,31,3.8319444444444444
255806044,2026-04-06T20:24:26,2026-04-06T21:25:14,46,4.085277777777778
255806044,2026-04-06T20:39:38,2026-04-06T21:25:14,61,4.338611111111111
255806044,2026-04-06T20:54:50,2026-04-06T21:25:14,76,4.591944444444445
255806044,2026-04-06T21:10:02,2026-04-06T21:25:14,91,4.845277777777778
255806044,2026-04-06T21:25:14,2026-04-06T21:25:14,106,5.098611111111111
255806427,2026-04-08T05:29:45,2026-04-08T10:09:06,2,0.016944444444444446
255806427,2026-04-08T06:09:22,2026-04-08T10:09:06,41,0.6772222222222222
255806427,2026-04-08T06:48:57,2026-04-08T10:09:06,80,1.3369444444444445
255806427,2026-04-08T07:28:33,2026-04-08T10:09:06,119,1.9969444444444444
255806427,2026-04-08T08:09:11,2026-04-08T10:09:06,159,2.674166666666667
255806427,2026-04-08T08:48:49,2026-04-08T10:09:06,198,3.334722222222222
255806427,2026-04-08T09:28:28,2026-04-08T10:09:06,237,3.9955555555555557
255806427,2026-04-08T10:09:06,2026-04-08T10:09:06,277,4.672777777777778
255915592,2026-04-07T07:50:52,2026-04-07T09:39:35,2,0.016944444444444446
255915592,2026-04-07T08:05:05,2026-04-07T09:39:35,16,0.2538888888888889
255915592,2026-04-07T08:19:18,2026-04-07T09:39:35,30,0.49083333333333334
255915592,2026-04-07T08:34:32,2026-04-07T09:39:35,45,0.7447222222222222
255915592,2026-04-07T08:48:46,2026-04-07T09:39:35,59,0.9819444444444444
255915592,2026-04-07T09:04:01,2026-04-07T09:39:35,74,1.2361111111111112
255915592,2026-04-07T09:24:20,2026-04-07T09:39:35,88,1.5747222222222221
255915592,2026-04-07T09:39:35,2026-04-07T09:39:35,103,1.8288888888888888
255915609,2026-04-06T14:56:04,2026-04-06T15:31:36,2,0.016944444444444446
255915609,2026-04-06T15:01:09,2026-04-06T15:31:36,7,0.10166666666666667
255915609,2026-04-06T15:06:13,2026-04-06T15:31:36,12,0.18611111111111112
255915609,2026-04-06T15:11:18,2026-04-06T15:31:36,17,0.2708333333333333
255915609,2026-04-06T15:16:22,2026-04-06T15:31:36,22,0.3552777777777778
255915609,2026-04-06T15:21:27,2026-04-06T15:31:36,27,0.44
255915609,2026-04-06T15:26:31,2026-04-06T15:31:36,32,0.5244444444444445
255915609,2026-04-06T15:31:36,2026-04-06T15:31:36,37,0.6091666666666666
255915683,2026-04-09T03:29:16,2026-04-09T07:46:54,2,0.016666666666666666
255915683,2026-04-09T04:19:52,2026-04-09T07:46:54,27,0.86
255915683,2026-04-09T04:45:13,2026-04-09T07:46:54,52,1.2825
255915683,2026-04-09T05:32:54,2026-04-09T07:46:54,78,2.0772222222222223
255915683,2026-04-09T05:58:16,2026-04-09T07:46:54,103,2.5
255915683,2026-04-09T06:55:06,2026-04-09T07:46:54,129,3.4472222222222224
255915683,2026-04-09T07:20:29,2026-04-09T07:46:54,154,3.870277777777778
255915683,2026-04-09T07:46:54,2026-04-09T07:46:54,180,4.310555555555555
255915693,2026-04-05T02:44:54,2026-04-05T07:52:33,2,0.016666666666666666
255915693,2026-04-05T03:33:29,2026-04-05T07:52:33,28,0.8263888888888888
255915693,2026-04-05T05:29:51,2026-04-05T07:52:33,54,2.765833333333333
255915693,2026-04-05T05:57:10,2026-04-05T07:52:33,80,3.221111111111111
255915693,2026-04-05T06:24:29,2026-04-05T07:52:33,107,3.676388888888889
255915693,2026-04-05T06:50:48,2026-04-05T07:52:33,133,4.115
255915693,2026-04-05T07:17:07,2026-04-05T07:52:33,159,4.5536111111111115
255915693,2026-04-05T07:52:33,2026-04-05T07:52:33,186,5.144166666666667
255915737,2026-04-03T10:43:39,2026-04-06T06:29:47,2,0.016944444444444446
255915737,2026-04-03T16:49:40,2026-04-06T06:29:47,176,5.036111111111111
255915737,2026-04-03T20:35:32,2026-04-06T06:29:47,284,5.995
255915737,2026-04-04T10:20:19,2026-04-06T06:29:47,86,1.6730555555555555
255915737,2026-04-04T16:31:12,2026-04-06T06:29:47,167,5.995555555555556
255915737,2026-04-05T02:15:33,2026-04-06T06:29:47,157,4.81
255915737,2026-04-05T22:41:12,2026-04-06T06:29:47,89,4.543611111111111
255915737,2026-04-06T06:29:47,2026-04-06T06:29:47,115,4.566666666666666
255915759,2026-04-11T15:02:06,2026-04-12T10:48:38,2,0.016944444444444446
255915759,2026-04-12T02:46:52,2026-04-12T10:48:38,12,0.18638888888888888
255915759,2026-04-12T04:07:24,2026-04-12T10:48:38,90,1.5286111111111111
255915759,2026-04-12T05:27:04,2026-04-12T10:48:38,168,2.856388888888889
255915759,2026-04-12T06:47:53,2026-04-12T10:48:38,247,4.203333333333333
255915759,2026-04-12T08:07:48,2026-04-12T10:48:38,325,5.535277777777778
255915759,2026-04-12T09:27:48,2026-04-12T10:48:38,352,5.985833333333333
255915759,2026-04-12T10:48:38,2026-04-12T10:48:38,352,5.989444444444445
255915798,2026-04-06T16:20:20,2026-04-10T03:41:23,2,0.016944444444444446
255915798,2026-04-06T17:34:20,2026-04-10T03:41:23,69,1.2502777777777778
255915798,2026-04-06T19:04:24,2026-04-10T03:41:23,137,2.751388888888889
255915798,2026-04-06T20:13:17,2026-04-10T03:41:23,205,3.8994444444444443
255915798,2026-04-06T21:42:27,2026-04-10T03:41:23,273,5.385555555555555
255915798,2026-04-06T22:51:24,2026-04-10T03:41:23,315,5.993888888888889
255915798,2026-04-09T06:50:01,2026-04-10T03:41:23,60,2.2827777777777776
255915798,2026-04-10T03:41:23,2026-04-10T03:41:23,62,1.035
255915800,2026-04-13T15:22:55,2026-04-16T12:43:53,2,0.016944444444444446
255915800,2026-04-15T02:15:50,2026-04-16T12:43:53,167,2.8047222222222223
255915800,2026-04-15T07:59:35,2026-04-16T12:43:53,356,5.999444444444444
255915800,2026-04-15T13:43:38,2026-04-16T12:43:53,355,5.987777777777778
255915800,2026-04-15T19:30:41,2026-04-16T12:43:53,352,5.986944444444444
255915800,2026-04-16T01:14:18,2026-04-16T12:43:53,356,5.996666666666667
255915800,2026-04-16T06:58:09,2026-04-16T12:43:53,355,5.984444444444445
255915800,2026-04-16T12:43:53,2026-04-16T12:43:53,355,5.998888888888889
255915967,2026-04-11T02:46:08,2026-04-11T15:24:31,2,0.016944444444444446
255915967,2026-04-11T03:18:35,2026-04-11T15:24:31,34,0.5577777777777778
255915967,2026-04-11T04:10:20,2026-04-11T15:24:31,66,1.4202777777777778
255915967,2026-04-11T04:42:50,2026-04-11T15:24:31,98,1.9619444444444445
255915967,2026-04-11T05:16:22,2026-04-11T15:24:31,131,2.5208333333333335
255915967,2026-04-11T05:48:53,2026-04-11T15:24:31,163,3.062777777777778
255915967,2026-04-11T06:21:26,2026-04-11T15:24:31,195,3.605277777777778
255915967,2026-04-11T15:24:31,2026-04-11T15:24:31,22,0.35638888888888887
255916537,2026-04-07T00:58:07,2026-04-07T06:27:42,2,0.016944444444444446
255916537,2026-04-07T01:39:41,2026-04-07T06:27:42,43,0.7097222222222223
255916537,2026-04-07T02:22:16,2026-04-07T06:27:42,85,1.4194444444444445
255916537,2026-04-07T03:04:51,2026-04-07T06:27:42,127,2.129166666666667
255916537,2026-04-07T03:46:25,2026-04-07T06:27:42,168,2.8219444444444446
255916537,2026-04-07T05:02:29,2026-04-07T06:27:42,210,4.089722222222222
255916537,2026-04-07T05:45:06,2026-04-07T06:27:42,252,4.8
255916537,2026-04-07T06:27:42,2026-04-07T06:27:42,294,5.51
255970000,2026-04-11T00:12:54,2026-04-15T00:06:05,2,0.016944444444444446
255970000,2026-04-11T09:45:37,2026-04-15T00:06:05,350,5.994166666666667
255970000,2026-04-11T20:43:13,2026-04-15T00:06:05,354,5.990555555555556
255970000,2026-04-12T06:15:09,2026-04-15T00:06:05,353,5.996666666666667
255970000,2026-04-12T15:57:16,2026-04-15T00:06:05,353,5.996666666666667
255970000,2026-04-13T04:03:44,2026-04-15T00:06:05,201,5.9927777777777775
255970000,2026-04-13T13:37:12,2026-04-15T00:06:05,355,5.988333333333333
255970000,2026-04-15T00:06:05,2026-04-15T00:06:05,39,0.6422222222222222
256049000,2026-04-09T16:09:18,2026-04-09T17:17:17,2,0.016944444444444446
256049000,2026-04-09T16:18:26,2026-04-09T17:17:17,11,0.16916666666666666
256049000,2026-04-09T16:27:34,2026-04-09T17:17:17,20,0.3213888888888889
256049000,2026-04-09T16:36:42,2026-04-09T17:17:17,29,0.4736111111111111
256049000,2026-04-09T16:48:52,2026-04-09T17:17:17,39,0.6763888888888889
256049000,2026-04-09T16:58:00,2026-04-09T17:17:17,48,0.8286111111111111
256049000,2026-04-09T17:07:08,2026-04-09T17:17:17,57,0.9808333333333333
256049000,2026-04-09T17:17:17,2026-04-09T17:17:17,67,1.15
256227000,2026-04-13T05:44:23,2026-04-16T12:43:53,2,0.016666666666666666
256227000,2026-04-13T13:08:42,2026-04-16T12:43:53,355,5.9863888888888885
256227000,2026-04-13T21:49:00,2026-04-16T12:43:53,293,5.994166666666667
256227000,2026-04-15T05:46:41,2026-04-16T12:43:53,346,5.997777777777777
256227000,2026-04-15T13:38:34,2026-04-16T12:43:53,329,5.987777777777778
256227000,2026-04-15T21:37:19,2026-04-16T12:43:53,322,5.995833333333334
256227000,2026-04-16T05:15:40,2026-04-16T12:43:53,355,5.983333333333333
256227000,2026-04-16T12:43:53,2026-04-16T12:43:53,353,5.998888888888889
256251000,2026-04-10T19:09:04,2026-04-12T18:07:07,2,0.016944444444444446
256251000,2026-04-11T01:03:40,2026-04-12T18:07:07,351,5.926944444444445
256251000,2026-04-11T06:58:02,2026-04-12T18:07:07,355,5.990833333333334
256251000,2026-04-11T14:19:21,2026-04-12T18:07:07,269,5.966666666666667
256251000,2026-04-11T20:14:39,2026-04-12T18:07:07,354,5.989444444444445
256251000,2026-04-12T04:47:13,2026-04-12T18:07:07,200,5.991666666666666
256251000,2026-04-12T12:01:16,2026-04-12T18:07:07,310,5.990277777777778
256251000,2026-04-12T18:07:07,2026-04-12T18:07:07,345,5.995277777777778
256286000,2026-04-05T04:29:08,2026-04-07T15:24:06,2,0.016944444444444446
256286000,2026-04-05T09:29:44,2026-04-07T15:24:06,264,5.026944444444444
256286000,2026-04-05T13:58:09,2026-04-07T15:24:06,343,5.992222222222222
256286000,2026-04-05T18:25:49,2026-04-07T15:24:06,355,5.9975
256286000,2026-04-05T22:56:23,2026-04-07T15:24:06,350,5.996388888888889
256286000,2026-04-06T03:42:17,2026-04-07T15:24:06,335,5.9975
256286000,2026-04-06T15:18:24,2026-04-07T15:24:06,3,0.03388888888888889
256286000,2026-04-07T15:24:06,2026-04-07T15:24:06,246,5.674444444444444
256392000,2026-04-07T21:23:26,2026-04-08T03:44:13,2,0.016944444444444446
256392000,2026-04-07T22:34:21,2026-04-08T03:44:13,52,1.198888888888889
256392000,2026-04-07T23:26:09,2026-04-08T03:44:13,103,2.062222222222222
256392000,2026-04-08T00:17:57,2026-04-08T03:44:13,154,2.9255555555555555
256392000,2026-04-08T01:08:44,2026-04-08T03:44:13,204,3.7719444444444443
256392000,2026-04-08T02:00:34,2026-04-08T03:44:13,255,4.635833333333333
256392000,2026-04-08T02:52:24,2026-04-08T03:44:13,306,5.499722222222222
256392000,2026-04-08T03:44:13,2026-04-08T03:44:13,346,5.840833333333333
256436000,2026-04-07T05:57:16,2026-04-12T03:35:47,2,0.016944444444444446
256436000,2026-04-07T07:48:50,2026-04-12T03:35:47,112,1.8763888888888889
256436000,2026-04-07T09:41:37,2026-04-12T03:35:47,223,3.756111111111111
256436000,2026-04-08T22:13:57,2026-04-12T03:35:47,102,1.9933333333333334
256436000,2026-04-11T05:18:23,2026-04-12T03:35:47,74,1.2355555555555555
256436000,2026-04-11T23:08:06,2026-04-12T03:35:47,97,2.7888888888888888
256436000,2026-04-12T01:02:10,2026-04-12T03:35:47,208,4.69
256436000,2026-04-12T03:35:47,2026-04-12T03:35:47,303,5.957222222222223
256515000,2026-04-09T23:37:21,2026-04-16T12:43:53,2,0.016944444444444446
256515000,2026-04-10T17:09:03,2026-04-16T12:43:53,354,5.9847222222222225
256515000,2026-04-11T10:20:07,2026-04-16T12:43:53,352,5.993611111111111
256515000,2026-04-12T11:32:38,2026-04-16T12:43:53,236,5.990555555555556
256515000,2026-04-13T09:18:18,2026-04-16T12:43:53,348,5.9847222222222225
256515000,2026-04-15T03:03:27,2026-04-16T12:43:53,214,3.598333333333333
256515000,2026-04-15T19:55:00,2026-04-16T12:43:53,355,5.9863888888888885
256515000,2026-04-16T12:43:53,2026-04-16T12:43:53,355,5.998888888888889
256607000,2026-04-15T22:58:25,2026-04-16T05:30:53,2,0.016944444444444446
256607000,2026-04-16T00:00:16,2026-04-16T05:30:53,56,1.0477777777777777
256607000,2026-04-16T00:55:02,2026-04-16T05:30:53,110,1.9605555555555556
256607000,2026-04-16T01:49:48,2026-04-16T05:30:53,164,2.8733333333333335
256607000,2026-04-16T02:45:35,2026-04-16T05:30:53,219,3.8030555555555554
256607000,2026-04-16T03:40:19,2026-04-16T05:30:53,273,4.715277777777778
256607000,2026-04-16T04:35:05,2026-04-16T05:30:53,327,5.628055555555555
256607000,2026-04-16T05:30:53,2026-04-16T05:30:53,355,5.983333333333333
256714000,2026-04-07T06:53:03,2026-04-07T20:33:44,2,0.016944444444444446
256714000,2026-04-07T09:04:01,2026-04-07T20:33:44,84,2.1997222222222224
256714000,2026-04-07T13:06:35,2026-04-07T20:33:44,152,5.988888888888889
256714000,2026-04-07T14:31:09,2026-04-07T20:33:44,173,5.553888888888889
256714000,2026-04-07T15:54:37,2026-04-07T20:33:44,240,4.0525
256714000,2026-04-07T17:37:17,2026-04-07T20:33:44,323,5.7636111111111115
256714000,2026-04-07T19:09:33,2026-04-07T20:33:44,329,5.998611111111111
256714000,2026-04-07T20:33:44,2026-04-07T20:33:44,329,5.992222222222222
256812000,2026-04-05T14:00:11,2026-04-05T16:12:59,2,0.016944444444444446
256812000,2026-04-05T14:18:25,2026-04-05T16:12:59,20,0.32083333333333336
256812000,2026-04-05T14:37:41,2026-04-05T16:12:59,39,0.6419444444444444
256812000,2026-04-05T14:56:56,2026-04-05T16:12:59,58,0.9627777777777777
256812000,2026-04-05T15:15:11,2026-04-05T16:12:59,76,1.2669444444444444
256812000,2026-04-05T15:34:27,2026-04-05T16:12:59,95,1.5880555555555556
256812000,2026-04-05T15:53:43,2026-04-05T16:12:59,114,1.9091666666666667
256812000,2026-04-05T16:12:59,2026-04-05T16:12:59,133,2.230277777777778
256885000,2026-04-05T02:32:45,2026-04-10T04:35:17,2,0.016666666666666666
256885000,2026-04-05T07:03:57,2026-04-10T04:35:17,160,4.536666666666667
256885000,2026-04-07T03:43:22,2026-04-10T04:35:17,149,2.5008333333333335
256885000,2026-04-07T06:24:39,2026-04-10T04:35:17,308,5.188888888888889
256885000,2026-04-07T09:06:03,2026-04-10T04:35:17,355,5.9863888888888885
256885000,2026-04-09T23:11:59,2026-04-10T04:35:17,30,0.4905555555555556
256885000,2026-04-10T01:53:30,2026-04-10T04:35:17,189,3.1825
256885000,2026-04-10T04:35:17,2026-04-10T04:35:17,348,5.878888888888889
256891000,2026-04-08T11:35:16,2026-04-08T17:59:37,2,0.016944444444444446
256891000,2026-04-08T12:30:09,2026-04-08T17:59:37,56,0.9316666666666666
256891000,2026-04-08T13:25:04,2026-04-08T17:59:37,110,1.8469444444444445
256891000,2026-04-08T14:20:00,2026-04-08T17:59:37,164,2.7625
256891000,2026-04-08T15:14:58,2026-04-08T17:59:37,218,3.678611111111111
256891000,2026-04-08T16:09:55,2026-04-08T17:59:37,272,4.594444444444444
256891000,2026-04-08T17:04:50,2026-04-08T17:59:37,326,5.509722222222222
256891000,2026-04-08T17:59:37,2026-04-08T17:59:37,355,5.999444444444444
257824000,2026-04-05T22:32:05,2026-04-06T02:47:31,2,0.016944444444444446
257824000,2026-04-05T22:53:21,2026-04-06T02:47:31,23,0.3713888888888889
257824000,2026-04-06T00:40:46,2026-04-06T02:47:31,45,2.1616666666666666
257824000,2026-04-06T01:18:16,2026-04-06T02:47:31,67,2.7866666666666666
257824000,2026-04-06T01:40:34,2026-04-06T02:47:31,89,3.158333333333333
257824000,2026-04-06T02:02:52,2026-04-06T02:47:31,111,3.53
257824000,2026-04-06T02:25:11,2026-04-06T02:47:31,133,3.9019444444444447
257824000,2026-04-06T02:47:31,2026-04-06T02:47:31,155,4.274166666666667
268251804,2026-04-06T15:47:51,2026-04-06T23:18:47,2,0.016944444444444446
268251804,2026-04-06T17:01:54,2026-04-06T23:18:47,58,1.251111111111111
268251804,2026-04-06T18:26:56,2026-04-06T23:18:47,115,2.6683333333333334
268251804,2026-04-06T19:25:40,2026-04-06T23:18:47,172,3.647222222222222
268251804,2026-04-06T20:25:27,2026-04-06T23:18:47,229,4.643611111111111
268251804,2026-04-06T21:23:12,2026-04-06T23:18:47,286,5.606111111111111
268251804,2026-04-06T22:20:59,2026-04-06T23:18:47,322,5.993888888888889
268251804,2026-04-06T23:18:47,2026-04-06T23:18:47,326,5.994166666666667
271000677,2026-04-11T11:52:08,2026-04-11T19:04:23,2,0.016944444444444446
271000677,2026-04-11T12:46:52,2026-04-11T19:04:23,56,0.9291666666666667
271000677,2026-04-11T13:41:43,2026-04-11T19:04:23,110,1.8433333333333333
271000677,2026-04-11T15:22:28,2026-04-11T19:04:23,164,3.5225
271000677,2026-04-11T16:18:30,2026-04-11T19:04:23,219,4.456388888888889
271000677,2026-04-11T17:13:30,2026-04-11T19:04:23,273,5.373055555555555
271000677,2026-04-11T18:08:27,2026-04-11T19:04:23,309,5.9847222222222225
271000677,2026-04-11T19:04:23,2026-04-11T19:04:23,309,5.987222222222222
271000748,2026-04-09T22:38:29,2026-04-10T05:21:04,2,0.016944444444444446
271000748,2026-04-09T22:47:37,2026-04-10T05:21:04,11,0.16916666666666666
271000748,2026-04-10T04:33:15,2026-04-10T05:21:04,20,5.929722222222222
271000748,2026-04-10T04:42:24,2026-04-10T05:21:04,24,5.9975
271000748,2026-04-10T04:52:34,2026-04-10T05:21:04,24,5.998055555555555
271000748,2026-04-10T05:01:43,2026-04-10T05:21:04,29,0.47444444444444445
271000748,2026-04-10T05:10:53,2026-04-10T05:21:04,38,0.6272222222222222
271000748,2026-04-10T05:21:04,2026-04-10T05:21:04,48,0.7969444444444445
271002572,2026-04-08T17:01:47,2026-04-12T14:12:39,2,0.016944444444444446
271002572,2026-04-12T07:47:18,2026-04-12T14:12:39,49,0.9219444444444445
271002572,2026-04-12T08:50:53,2026-04-12T14:12:39,107,1.9816666666666667
271002572,2026-04-12T09:49:17,2026-04-12T14:12:39,164,2.955
271002572,2026-04-12T10:48:38,2026-04-12T14:12:39,222,3.944166666666667
271002572,2026-04-12T11:51:03,2026-04-12T14:12:39,279,4.984444444444445
271002572,2026-04-12T13:13:37,2026-04-12T14:12:39,319,5.950833333333334
271002572,2026-04-12T14:12:39,2026-04-12T14:12:39,322,5.995277777777778
271040948,2026-04-06T13:04:32,2026-04-10T21:51:41,2,0.016666666666666666
271040948,2026-04-06T14:00:17,2026-04-10T21:51:41,57,0.9458333333333333
271040948,2026-04-10T14:36:15,2026-04-10T21:51:41,17,0.2713888888888889
271040948,2026-04-10T15:32:15,2026-04-10T21:51:41,72,1.2047222222222222
271040948,2026-04-10T17:15:10,2026-04-10T21:51:41,127,2.92
271040948,2026-04-10T19:09:04,2026-04-10T21:51:41,182,4.818333333333333
271040948,2026-04-10T20:41:33,2026-04-10T21:51:41,215,5.9863888888888885
271040948,2026-04-10T21:51:41,2026-04-10T21:51:41,214,5.406944444444444
271044383,2026-04-09T16:31:37,2026-04-09T21:55:53,2,0.016666666666666666
271044383,2026-04-09T16:45:50,2026-04-09T21:55:53,16,0.2536111111111111
271044383,2026-04-09T17:01:03,2026-04-09T21:55:53,31,0.5072222222222222
271044383,2026-04-09T20:55:03,2026-04-09T21:55:53,46,4.407222222222222
271044383,2026-04-09T21:10:15,2026-04-09T21:55:53,61,4.660555555555556
271044383,2026-04-09T21:25:27,2026-04-09T21:55:53,76,4.913888888888889
271044383,2026-04-09T21:40:40,2026-04-09T21:55:53,91,5.1675
271044383,2026-04-09T21:55:53,2026-04-09T21:55:53,106,5.421111111111111
271051063,2026-04-15T06:56:40,2026-04-15T18:06:41,2,0.016944444444444446
271051063,2026-04-15T08:34:05,2026-04-15T18:06:41,95,1.6405555555555555
271051063,2026-04-15T10:09:28,2026-04-15T18:06:41,189,3.230277777777778
271051063,2026-04-15T11:44:53,2026-04-15T18:06:41,283,4.820555555555556
271051063,2026-04-15T13:20:17,2026-04-15T18:06:41,352,5.9875
271051063,2026-04-15T14:55:45,2026-04-15T18:06:41,355,5.989444444444445
271051063,2026-04-15T16:31:23,2026-04-15T18:06:41,355,5.993055555555555
271051063,2026-04-15T18:06:41,2026-04-15T18:06:41,355,5.991388888888889
271051219,2026-04-03T10:56:49,2026-04-13T23:04:51,2,0.016944444444444446
271051219,2026-04-07T22:26:13,2026-04-13T23:04:51,44,1.0802777777777777
271051219,2026-04-08T14:34:15,2026-04-13T23:04:51,298,5.9944444444444445
271051219,2026-04-09T10:05:56,2026-04-13T23:04:51,349,5.886111111111111
271051219,2026-04-11T21:57:45,2026-04-13T23:04:51,350,5.993888888888889
271051219,2026-04-12T13:16:40,2026-04-13T23:04:51,334,5.9847222222222225
271051219,2026-04-13T07:08:30,2026-04-13T23:04:51,225,3.9563888888888887
271051219,2026-04-13T23:04:51,2026-04-13T23:04:51,289,5.988611111111111
271052090,2026-04-12T01:36:42,2026-04-12T14:25:52,2,0.016944444444444446
271052090,2026-04-12T03:42:55,2026-04-12T14:25:52,106,2.1205555555555557
271052090,2026-04-12T05:29:07,2026-04-12T14:25:52,210,3.8905555555555558
271052090,2026-04-12T07:18:36,2026-04-12T14:25:52,314,5.715277777777778
271052090,2026-04-12T09:06:16,2026-04-12T14:25:52,349,5.983611111111111
271052090,2026-04-12T10:52:43,2026-04-12T14:25:52,349,5.989444444444445
271052090,2026-04-12T12:39:00,2026-04-12T14:25:52,352,5.988333333333333
271052090,2026-04-12T14:25:52,2026-04-12T14:25:52,353,5.993611111111111
273267690,2026-04-10T14:14:53,2026-04-10T16:51:44,2,0.016944444444444446
273267690,2026-04-10T14:32:11,2026-04-10T16:51:44,19,0.30527777777777776
273267690,2026-04-10T14:49:29,2026-04-10T16:51:44,36,0.5936111111111111
273267690,2026-04-10T15:42:26,2026-04-10T16:51:44,53,1.4761111111111112
273267690,2026-04-10T15:59:45,2026-04-10T16:51:44,70,1.7647222222222223
273267690,2026-04-10T16:17:04,2026-04-10T16:51:44,87,2.0533333333333332
273267690,2026-04-10T16:34:24,2026-04-10T16:51:44,104,2.3422222222222224
273267690,2026-04-10T16:51:44,2026-04-10T16:51:44,121,2.631111111111111
273271070,2026-04-07T12:47:15,2026-04-08T02:10:44,2,0.016944444444444446
273271070,2026-04-07T20:47:57,2026-04-08T02:10:44,30,0.4905555555555556
273271070,2026-04-07T21:52:45,2026-04-08T02:10:44,68,1.5705555555555555
273271070,2026-04-07T22:54:40,2026-04-08T02:10:44,107,2.6025
273271070,2026-04-07T23:33:16,2026-04-08T02:10:44,145,3.245833333333333
273271070,2026-04-08T00:13:53,2026-04-08T02:10:44,184,3.9227777777777777
273271070,2026-04-08T01:00:37,2026-04-08T02:10:44,222,4.701666666666667
273271070,2026-04-08T02:10:44,2026-04-08T02:10:44,261,5.870277777777778
273276260,2026-04-07T16:56:36,2026-04-08T10:01:59,2,0.016944444444444446
273276260,2026-04-07T17:19:59,2026-04-08T10:01:59,25,0.4066666666666667
273276260,2026-04-08T03:45:14,2026-04-08T10:01:59,20,2.9130555555555557
273276260,2026-04-08T08:10:12,2026-04-08T10:01:59,32,4.551666666666667
273276260,2026-04-08T08:34:35,2026-04-08T10:01:59,56,4.958055555555555
273276260,2026-04-08T09:13:13,2026-04-08T10:01:59,79,5.601944444444444
273276260,2026-04-08T09:37:37,2026-04-08T10:01:59,102,5.991666666666666
273276260,2026-04-08T10:01:59,2026-04-08T10:01:59,116,2.2016666666666667
273277260,2026-04-08T20:11:18,2026-04-09T04:37:07,2,0.016666666666666666
273277260,2026-04-08T20:42:42,2026-04-09T04:37:07,33,0.54
273277260,2026-04-08T21:15:09,2026-04-09T04:37:07,65,1.0808333333333333
273277260,2026-04-08T21:47:35,2026-04-09T04:37:07,97,1.621388888888889
273277260,2026-04-08T22:20:02,2026-04-09T04:37:07,129,2.1622222222222223
273277260,2026-04-08T22:52:30,2026-04-09T04:37:07,161,2.703333333333333
273277260,2026-04-09T04:04:40,2026-04-09T04:37:07,80,5.9975
273277260,2026-04-09T04:37:07,2026-04-09T04:37:07,80,5.997222222222222
273277840,2026-04-09T20:57:04,2026-04-09T21:43:42,2,0.016666666666666666
273277840,2026-04-09T21:02:08,2026-04-09T21:43:42,7,0.10111111111111111
273277840,2026-04-09T21:08:13,2026-04-09T21:43:42,13,0.2025
273277840,2026-04-09T21:14:18,2026-04-09T21:43:42,19,0.3038888888888889
273277840,2026-04-09T21:25:27,2026-04-09T21:43:42,24,0.4897222222222222
273277840,2026-04-09T21:31:32,2026-04-09T21:43:42,30,0.5911111111111111
273277840,2026-04-09T21:37:37,2026-04-09T21:43:42,36,0.6925
273277840,2026-04-09T21:43:42,2026-04-09T21:43:42,42,0.7938888888888889
275488000,2026-04-05T13:04:27,2026-04-07T15:36:19,2,0.016666666666666666
275488000,2026-04-05T14:32:37,2026-04-07T15:36:19,89,1.4861111111111112
275488000,2026-04-05T16:01:50,2026-04-07T15:36:19,177,2.9730555555555553
275488000,2026-04-07T08:03:03,2026-04-07T15:36:19,25,5.865555555555556
275488000,2026-04-07T10:11:04,2026-04-07T15:36:19,102,2.996111111111111
275488000,2026-04-07T12:37:07,2026-04-07T15:36:19,190,5.4302777777777775
275488000,2026-04-07T14:06:41,2026-04-07T15:36:19,260,5.9927777777777775
275488000,2026-04-07T15:36:19,2026-04-07T15:36:19,299,5.996388888888889
275497000,2026-04-12T07:31:55,2026-04-12T15:41:02,2,0.016944444444444446
275497000,2026-04-12T08:40:37,2026-04-12T15:41:02,69,1.1619444444444444
275497000,2026-04-12T09:49:17,2026-04-12T15:41:02,136,2.306388888888889
275497000,2026-04-12T10:57:50,2026-04-12T15:41:02,203,3.448888888888889
275497000,2026-04-12T12:06:23,2026-04-12T15:41:02,270,4.591388888888889
275497000,2026-04-12T13:23:48,2026-04-12T15:41:02,337,5.881666666666667
275497000,2026-04-12T14:31:57,2026-04-12T15:41:02,344,5.992222222222222
275497000,2026-04-12T15:41:02,2026-04-12T15:41:02,345,5.998611111111111
304204000,2026-04-08T14:38:19,2026-04-08T16:32:19,2,0.016944444444444446
304204000,2026-04-08T14:54:37,2026-04-08T16:32:19,18,0.2886111111111111
304204000,2026-04-08T15:10:54,2026-04-08T16:32:19,34,0.56
304204000,2026-04-08T15:27:11,2026-04-08T16:32:19,50,0.8313888888888888
304204000,2026-04-08T15:43:29,2026-04-08T16:32:19,66,1.1030555555555555
304204000,2026-04-08T15:59:45,2026-04-08T16:32:19,82,1.3741666666666668
304204000,2026-04-08T16:16:02,2026-04-08T16:32:19,98,1.6455555555555557
304204000,2026-04-08T16:32:19,2026-04-08T16:32:19,114,1.9169444444444443
304427000,2026-04-11T23:48:51,2026-04-12T08:05:45,2,0.016944444444444446
304427000,2026-04-12T01:26:32,2026-04-12T08:05:45,56,1.645
304427000,2026-04-12T02:33:39,2026-04-12T08:05:45,110,2.763611111111111
304427000,2026-04-12T03:29:40,2026-04-12T08:05:45,165,3.6972222222222224
304427000,2026-04-12T04:24:45,2026-04-12T08:05:45,219,4.615277777777778
304427000,2026-04-12T05:20:56,2026-04-12T08:05:45,274,5.551666666666667
304427000,2026-04-12T06:16:11,2026-04-12T08:05:45,300,5.996944444444445
304427000,2026-04-12T08:05:45,2026-04-12T08:05:45,299,5.958888888888889
304578000,2026-04-11T20:28:56,2026-04-12T10:24:06,2,0.016944444444444446
304578000,2026-04-11T21:50:36,2026-04-12T10:24:06,82,1.3780555555555556
304578000,2026-04-11T23:12:10,2026-04-12T10:24:06,162,2.7375
304578000,2026-04-12T04:56:25,2026-04-12T10:24:06,96,5.992222222222222
304578000,2026-04-12T06:18:13,2026-04-12T10:24:06,150,2.6902777777777778
304578000,2026-04-12T07:40:07,2026-04-12T10:24:06,230,4.0552777777777775
304578000,2026-04-12T09:02:10,2026-04-12T10:24:06,310,5.422777777777778
304578000,2026-04-12T10:24:06,2026-04-12T10:24:06,352,5.989166666666667
304610000,2026-04-08T09:09:09,2026-04-08T14:38:19,2,0.016944444444444446
304610000,2026-04-08T09:55:53,2026-04-08T14:38:19,48,0.7958333333333333
304610000,2026-04-08T10:42:34,2026-04-08T14:38:19,94,1.573888888888889
304610000,2026-04-08T11:31:13,2026-04-08T14:38:19,140,2.3847222222222224
304610000,2026-04-08T12:17:57,2026-04-08T14:38:19,186,3.163611111111111
304610000,2026-04-08T13:04:43,2026-04-08T14:38:19,232,3.9430555555555555
304610000,2026-04-08T13:51:30,2026-04-08T14:38:19,278,4.722777777777778
304610000,2026-04-08T14:38:19,2026-04-08T14:38:19,324,5.503055555555555
304785000,2026-04-07T21:55:47,2026-04-08T10:08:05,2,0.016666666666666666
304785000,2026-04-08T01:03:40,2026-04-08T10:08:05,78,3.1480555555555556
304785000,2026-04-08T02:20:55,2026-04-08T10:08:05,154,4.435555555555555
304785000,2026-04-08T03:38:07,2026-04-08T10:08:05,230,5.722222222222222
304785000,2026-04-08T04:55:18,2026-04-08T10:08:05,263,5.993611111111111
304785000,2026-04-08T06:24:35,2026-04-08T10:08:05,324,5.991944444444444
304785000,2026-04-08T08:32:33,2026-04-08T10:08:05,293,5.990833333333334
304785000,2026-04-08T10:08:05,2026-04-08T10:08:05,276,5.991388888888889
305690000,2026-04-11T14:32:35,2026-04-12T02:31:37,2,0.016944444444444446
305690000,2026-04-11T16:10:21,2026-04-12T02:31:37,78,1.646388888888889
305690000,2026-04-11T19:48:08,2026-04-12T02:31:37,155,5.276111111111111
305690000,2026-04-11T21:06:42,2026-04-12T02:31:37,197,5.991666666666666
305690000,2026-04-11T22:24:17,2026-04-12T02:31:37,217,5.9944444444444445
305690000,2026-04-11T23:42:45,2026-04-12T02:31:37,284,5.097222222222222
305690000,2026-04-12T01:01:09,2026-04-12T02:31:37,350,5.929166666666666
305690000,2026-04-12T02:31:37,2026-04-12T02:31:37,342,5.993888888888889
305715000,2026-04-09T23:05:53,2026-04-09T23:41:25,2,0.016944444444444446
305715000,2026-04-09T23:10:58,2026-04-09T23:41:25,7,0.10166666666666667
305715000,2026-04-09T23:16:02,2026-04-09T23:41:25,12,0.18611111111111112
305715000,2026-04-09T23:21:07,2026-04-09T23:41:25,17,0.2708333333333333
305715000,2026-04-09T23:26:12,2026-04-09T23:41:25,22,0.35555555555555557
305715000,2026-04-09T23:31:16,2026-04-09T23:41:25,27,0.44
305715000,2026-04-09T23:36:20,2026-04-09T23:41:25,32,0.5244444444444445
305715000,2026-04-09T23:41:25,2026-04-09T23:41:25,37,0.6091666666666666
308628000,2026-04-14T23:28:34,2026-04-15T01:53:32,2,0.016944444444444446
308628000,2026-04-14T23:48:51,2026-04-15T01:53:32,22,0.355
308628000,2026-04-15T00:09:07,2026-04-15T01:53:32,42,0.6927777777777778
308628000,2026-04-15T00:30:24,2026-04-15T01:53:32,63,1.0475
308628000,2026-04-15T00:50:41,2026-04-15T01:53:32,83,1.3855555555555557
308628000,2026-04-15T01:11:58,2026-04-15T01:53:32,104,1.7402777777777778
308628000,2026-04-15T01:32:15,2026-04-15T01:53:32,124,2.078333333333333
308628000,2026-04-15T01:53:32,2026-04-15T01:53:32,145,2.4330555555555557
309467000,2026-04-05T09:33:47,2026-04-12T03:46:59,2,0.016944444444444446
309467000,2026-04-05T11:21:08,2026-04-12T03:46:59,40,1.806111111111111
309467000,2026-04-05T11:59:38,2026-04-12T03:46:59,78,2.4477777777777776
309467000,2026-04-05T13:11:33,2026-04-12T03:46:59,116,3.6463888888888887
309467000,2026-04-05T14:10:19,2026-04-12T03:46:59,154,4.6258333333333335
309467000,2026-04-12T02:06:11,2026-04-12T03:46:59,2,0.016944444444444446
309467000,2026-04-12T03:08:16,2026-04-12T03:46:59,40,1.0516666666666667
309467000,2026-04-12T03:46:59,2026-04-12T03:46:59,78,1.6969444444444444
310610000,2026-04-08T13:50:29,2026-04-15T20:52:43,2,0.016944444444444446
310610000,2026-04-08T15:17:00,2026-04-15T20:52:43,87,1.458888888888889
310610000,2026-04-08T16:44:31,2026-04-15T20:52:43,173,2.9175
310610000,2026-04-10T18:18:16,2026-04-15T20:52:43,43,0.7122222222222222
310610000,2026-04-10T19:45:38,2026-04-15T20:52:43,129,2.1683333333333334
310610000,2026-04-10T21:13:04,2026-04-15T20:52:43,215,3.6255555555555556
310610000,2026-04-10T22:56:43,2026-04-15T20:52:43,301,5.353055555555556
310610000,2026-04-15T20:52:43,2026-04-15T20:52:43,11,0.1688888888888889
310772000,2026-04-07T16:26:07,2026-04-07T23:17:01,2,0.016944444444444446
310772000,2026-04-07T17:37:17,2026-04-07T23:17:01,44,1.2030555555555555
310772000,2026-04-07T18:57:23,2026-04-07T23:17:01,86,2.5380555555555557
310772000,2026-04-07T20:01:17,2026-04-07T23:17:01,129,3.6030555555555557
310772000,2026-04-07T20:43:53,2026-04-07T23:17:01,171,4.313055555555556
310772000,2026-04-07T21:31:32,2026-04-07T23:17:01,214,5.107222222222222
310772000,2026-04-07T22:33:20,2026-04-07T23:17:01,247,5.9847222222222225
310772000,2026-04-07T23:17:01,2026-04-07T23:17:01,256,5.662222222222222
310841000,2026-04-13T05:03:53,2026-04-13T05:51:29,2,0.016944444444444446
310841000,2026-04-13T05:09:57,2026-04-13T05:51:29,8,0.11805555555555555
310841000,2026-04-13T05:17:03,2026-04-13T05:51:29,15,0.2363888888888889
310841000,2026-04-13T05:24:08,2026-04-13T05:51:29,22,0.35444444444444445
310841000,2026-04-13T05:30:13,2026-04-13T05:51:29,28,0.4558333333333333
310841000,2026-04-13T05:37:18,2026-04-13T05:51:29,35,0.5738888888888889
310841000,2026-04-13T05:44:23,2026-04-13T05:51:29,42,0.6919444444444445
310841000,2026-04-13T05:51:29,2026-04-13T05:51:29,49,0.8102777777777778
311000231,2026-04-11T03:53:05,2026-04-16T12:43:53,2,0.016944444444444446
311000231,2026-04-11T19:31:51,2026-04-16T12:43:53,354,5.9880555555555555
311000231,2026-04-12T10:00:33,2026-04-16T12:43:53,326,5.9880555555555555
311000231,2026-04-13T03:49:34,2026-04-16T12:43:53,202,5.993055555555555
311000231,2026-04-13T17:50:10,2026-04-16T12:43:53,355,5.9944444444444445
311000231,2026-04-15T08:51:19,2026-04-16T12:43:53,347,5.983611111111111
311000231,2026-04-15T22:47:16,2026-04-16T12:43:53,356,5.994166666666667
311000231,2026-04-16T12:43:53,2026-04-16T12:43:53,355,5.998888888888889
311000451,2026-04-03T10:43:39,2026-04-16T12:43:53,2,0.016944444444444446
311000451,2026-04-05T04:29:08,2026-04-16T12:43:53,356,5.990555555555556
311000451,2026-04-06T20:59:54,2026-04-16T12:43:53,331,5.996111111111111
311000451,2026-04-08T13:56:36,2026-04-16T12:43:53,338,5.993333333333333
311000451,2026-04-10T06:51:35,2026-04-16T12:43:53,354,5.984444444444445
311000451,2026-04-12T00:47:55,2026-04-16T12:43:53,354,5.996944444444445
311000451,2026-04-13T20:31:58,2026-04-16T12:43:53,321,5.997777777777777
311000451,2026-04-16T12:43:53,2026-04-16T12:43:53,355,5.998888888888889
311000516,2026-04-12T04:02:18,2026-04-12T14:54:19,2,0.017222222222222222
311000516,2026-04-12T05:43:26,2026-04-12T14:54:19,72,1.7027777777777777
311000516,2026-04-12T07:59:36,2026-04-12T14:54:19,142,3.9722222222222223
311000516,2026-04-12T09:11:24,2026-04-12T14:54:19,212,5.168888888888889
311000516,2026-04-12T10:23:05,2026-04-12T14:54:19,260,5.989444444444445
311000516,2026-04-12T11:34:40,2026-04-12T14:54:19,284,5.905
311000516,2026-04-12T13:38:03,2026-04-12T14:54:19,302,5.999722222222222
311000516,2026-04-12T14:54:19,2026-04-12T14:54:19,298,5.988888888888889
311000621,2026-04-05T14:36:40,2026-04-05T18:00:29,2,0.016944444444444446
311000621,2026-04-05T15:04:02,2026-04-05T18:00:29,29,0.47305555555555556
311000621,2026-04-05T15:31:24,2026-04-05T18:00:29,56,0.9291666666666667
311000621,2026-04-05T15:58:47,2026-04-05T18:00:29,83,1.3855555555555557
311000621,2026-04-05T16:31:15,2026-04-05T18:00:29,110,1.9266666666666667
311000621,2026-04-05T16:58:38,2026-04-05T18:00:29,137,2.3830555555555555
311000621,2026-04-05T17:32:06,2026-04-05T18:00:29,164,2.9408333333333334
311000621,2026-04-05T18:00:29,2026-04-05T18:00:29,192,3.4138888888888888
311001060,2026-04-06T05:13:36,2026-04-06T06:32:49,2,0.016944444444444446
311001060,2026-04-06T05:23:45,2026-04-06T06:32:49,12,0.18611111111111112
311001060,2026-04-06T05:34:55,2026-04-06T06:32:49,23,0.37222222222222223
311001060,2026-04-06T05:46:05,2026-04-06T06:32:49,34,0.5583333333333333
311001060,2026-04-06T05:56:15,2026-04-06T06:32:49,44,0.7277777777777777
311001060,2026-04-06T06:10:28,2026-04-06T06:32:49,55,0.9647222222222223
311001060,2026-04-06T06:21:39,2026-04-06T06:32:49,66,1.1511111111111112
311001060,2026-04-06T06:32:49,2026-04-06T06:32:49,77,1.3372222222222223
311001144,2026-04-08T19:48:00,2026-04-09T00:56:14,2,0.016944444444444446
311001144,2026-04-08T21:02:58,2026-04-09T00:56:14,26,1.2663888888888888
311001144,2026-04-08T21:28:20,2026-04-09T00:56:14,51,1.6891666666666667
311001144,2026-04-08T21:53:40,2026-04-09T00:56:14,76,2.111388888888889
311001144,2026-04-08T22:19:01,2026-04-09T00:56:14,101,2.533888888888889
311001144,2026-04-08T22:44:23,2026-04-09T00:56:14,126,2.9566666666666666
311001144,2026-04-08T23:49:17,2026-04-09T00:56:14,151,4.038333333333333
311001144,2026-04-09T00:56:14,2026-04-09T00:56:14,176,5.154166666666667
311085000,2026-04-03T10:43:39,2026-04-03T18:25:54,2,0.016944444444444446
311085000,2026-04-03T11:49:32,2026-04-03T18:25:54,67,1.115
311085000,2026-04-03T12:55:27,2026-04-03T18:25:54,132,2.213611111111111
311085000,2026-04-03T14:01:21,2026-04-03T18:25:54,197,3.3119444444444444
311085000,2026-04-03T15:07:18,2026-04-03T18:25:54,262,4.411111111111111
311085000,2026-04-03T16:13:11,2026-04-03T18:25:54,327,5.509166666666666
311085000,2026-04-03T17:19:03,2026-04-03T18:25:54,356,5.998888888888889
311085000,2026-04-03T18:25:54,2026-04-03T18:25:54,356,5.997777777777777
311775000,2026-04-04T17:32:00,2026-04-11T00:04:47,2,0.016944444444444446
311775000,2026-04-04T19:02:08,2026-04-11T00:04:47,69,1.5191666666666668
311775000,2026-04-04T20:42:24,2026-04-11T00:04:47,137,3.1902777777777778
311775000,2026-04-10T19:20:14,2026-04-11T00:04:47,49,2.254166666666667
311775000,2026-04-10T20:29:22,2026-04-11T00:04:47,117,3.406388888888889
311775000,2026-04-10T21:38:28,2026-04-11T00:04:47,185,4.558055555555556
311775000,2026-04-10T22:55:42,2026-04-11T00:04:47,253,5.845277777777778
311775000,2026-04-11T00:04:47,2026-04-11T00:04:47,297,5.148888888888889
312107000,2026-04-11T13:45:47,2026-04-12T09:16:31,2,0.016944444444444446
312107000,2026-04-11T16:38:52,2026-04-12T09:16:31,126,2.901666666666667
312107000,2026-04-11T18:46:04,2026-04-12T09:16:31,251,5.0216666666666665
312107000,2026-04-11T20:53:26,2026-04-12T09:16:31,311,5.8213888888888885
312107000,2026-04-12T02:52:59,2026-04-12T09:16:31,125,5.9925
312107000,2026-04-12T05:00:30,2026-04-12T09:16:31,168,2.8375
312107000,2026-04-12T07:08:22,2026-04-12T09:16:31,293,4.9686111111111115
312107000,2026-04-12T09:16:31,2026-04-12T09:16:31,352,5.9847222222222225
312120000,2026-04-09T10:05:56,2026-04-09T17:32:30,2,0.016944444444444446
312120000,2026-04-09T12:10:45,2026-04-09T17:32:30,54,2.0972222222222223
312120000,2026-04-09T13:04:33,2026-04-09T17:32:30,107,2.993888888888889
312120000,2026-04-09T13:58:21,2026-04-09T17:32:30,160,3.8905555555555558
312120000,2026-04-09T14:51:09,2026-04-09T17:32:30,212,4.770555555555555
312120000,2026-04-09T15:44:56,2026-04-09T17:32:30,265,5.666944444444445
312120000,2026-04-09T16:38:44,2026-04-09T17:32:30,298,5.1594444444444445
312120000,2026-04-09T17:32:30,2026-04-09T17:32:30,347,5.987777777777778
312333000,2026-04-12T06:04:55,2026-04-12T12:01:16,2,0.017222222222222222
312333000,2026-04-12T06:55:03,2026-04-12T12:01:16,51,0.8527777777777777
312333000,2026-04-12T07:46:16,2026-04-12T12:01:16,101,1.706388888888889
312333000,2026-04-12T08:37:32,2026-04-12T12:01:16,151,2.5608333333333335
312333000,2026-04-12T09:27:48,2026-04-12T12:01:16,200,3.3986111111111112
312333000,2026-04-12T10:18:59,2026-04-12T12:01:16,250,4.251666666666667
312333000,2026-04-12T11:10:07,2026-04-12T12:01:16,300,5.103888888888889
312333000,2026-04-12T12:01:16,2026-04-12T12:01:16,350,5.956388888888889
314001113,2026-04-07T19:23:44,2026-04-08T03:04:36,2,0.016666666666666666
314001113,2026-04-07T20:06:21,2026-04-08T03:04:36,44,0.7269444444444444
314001113,2026-04-07T22:22:10,2026-04-08T03:04:36,87,2.9905555555555554
314001113,2026-04-08T00:10:50,2026-04-08T03:04:36,129,4.801666666666667
314001113,2026-04-08T00:54:31,2026-04-08T03:04:36,172,5.529722222222222
314001113,2026-04-08T01:37:11,2026-04-08T03:04:36,199,5.9875
314001113,2026-04-08T02:20:55,2026-04-08T03:04:36,199,5.989166666666667
314001113,2026-04-08T03:04:36,2026-04-08T03:04:36,234,5.214444444444444
314432000,2026-04-14T23:28:34,2026-04-15T02:39:08,2,0.016944444444444446
314432000,2026-04-14T23:52:54,2026-04-15T02:39:08,26,0.4225
314432000,2026-04-15T00:17:14,2026-04-15T02:39:08,50,0.8280555555555555
314432000,2026-04-15T00:41:34,2026-04-15T02:39:08,74,1.2336111111111112
314432000,2026-04-15T01:06:54,2026-04-15T02:39:08,99,1.6558333333333333
314432000,2026-04-15T01:31:14,2026-04-15T02:39:08,123,2.0613888888888887
314432000,2026-04-15T02:13:48,2026-04-15T02:39:08,147,2.7708333333333335
314432000,2026-04-15T02:39:08,2026-04-15T02:39:08,172,3.1930555555555555
314496000,2026-04-11T13:31:34,2026-04-11T16:15:26,2,0.016944444444444446
314496000,2026-04-11T13:52:54,2026-04-11T16:15:26,23,0.3725
314496000,2026-04-11T14:15:17,2026-04-11T16:15:26,45,0.7455555555555555
314496000,2026-04-11T14:36:39,2026-04-11T16:15:26,66,1.1016666666666666
314496000,2026-04-11T14:59:03,2026-04-11T16:15:26,88,1.475
314496000,2026-04-11T15:20:26,2026-04-11T16:15:26,109,1.831388888888889
314496000,2026-04-11T15:42:51,2026-04-11T16:15:26,131,2.205
314496000,2026-04-11T16:15:26,2026-04-11T16:15:26,153,2.7480555555555557
314509000,2026-04-06T08:23:32,2026-04-06T15:45:49,2,0.016944444444444446
314509000,2026-04-06T10:45:38,2026-04-06T15:45:49,51,2.3852777777777776
314509000,2026-04-06T11:35:20,2026-04-06T15:45:49,100,3.213611111111111
314509000,2026-04-06T12:24:59,2026-04-06T15:45:49,149,4.041111111111111
314509000,2026-04-06T13:15:42,2026-04-06T15:45:49,199,4.886388888888889
314509000,2026-04-06T14:05:22,2026-04-06T15:45:49,248,5.714166666666666
314509000,2026-04-06T14:55:03,2026-04-06T15:45:49,264,5.983888888888889
314509000,2026-04-06T15:45:49,2026-04-06T15:45:49,312,5.256666666666667
314652000,2026-04-03T10:43:39,2026-04-12T14:52:17,2,0.016944444444444446
314652000,2026-04-07T14:35:13,2026-04-12T14:52:17,194,5.9944444444444445
314652000,2026-04-08T02:06:40,2026-04-12T14:52:17,293,5.988333333333333
314652000,2026-04-08T15:07:51,2026-04-12T14:52:17,151,5.995277777777778
314652000,2026-04-10T03:58:40,2026-04-12T14:52:17,184,5.319444444444445
314652000,2026-04-11T17:38:57,2026-04-12T14:52:17,220,3.835277777777778
314652000,2026-04-12T04:59:29,2026-04-12T14:52:17,201,5.992222222222222
314652000,2026-04-12T14:52:17,2026-04-12T14:52:17,260,5.989166666666667
314900000,2026-04-06T00:21:30,2026-04-12T09:51:20,2,0.016944444444444446
314900000,2026-04-06T22:59:30,2026-04-12T09:51:20,327,5.993611111111111
314900000,2026-04-07T20:42:52,2026-04-12T09:51:20,355,5.991666666666666
314900000,2026-04-08T18:27:59,2026-04-12T09:51:20,355,5.997777777777777
314900000,2026-04-09T16:10:19,2026-04-12T09:51:20,355,5.988611111111111
314900000,2026-04-10T13:55:33,2026-04-12T09:51:20,355,5.9975
314900000,2026-04-11T11:39:58,2026-04-12T09:51:20,355,5.986944444444444
314900000,2026-04-12T09:51:20,2026-04-12T09:51:20,331,5.987222222222222
319076100,2026-04-08T17:58:37,2026-04-09T00:36:58,2,0.016944444444444446
319076100,2026-04-08T20:33:35,2026-04-09T00:36:58,41,2.5997222222222223
319076100,2026-04-08T21:14:08,2026-04-09T00:36:58,81,3.2755555555555556
319076100,2026-04-08T21:54:41,2026-04-09T00:36:58,121,3.951388888888889
319076100,2026-04-08T22:35:15,2026-04-09T00:36:58,161,4.6275
319076100,2026-04-08T23:15:50,2026-04-09T00:36:58,201,5.303888888888889
319076100,2026-04-08T23:56:23,2026-04-09T00:36:58,241,5.979722222222223
319076100,2026-04-09T00:36:58,2026-04-09T00:36:58,270,4.545833333333333
319301000,2026-04-10T10:11:02,2026-04-10T17:34:31,2,0.016944444444444446
319301000,2026-04-10T10:53:44,2026-04-10T17:34:31,33,0.7286111111111111
319301000,2026-04-10T11:26:12,2026-04-10T17:34:31,65,1.2697222222222222
319301000,2026-04-10T13:46:24,2026-04-10T17:34:31,97,3.606388888888889
319301000,2026-04-10T15:56:42,2026-04-10T17:34:31,129,5.7780555555555555
319301000,2026-04-10T16:29:18,2026-04-10T17:34:31,143,5.9991666666666665
319301000,2026-04-10T17:01:55,2026-04-10T17:34:31,152,5.984166666666667
319301000,2026-04-10T17:34:31,2026-04-10T17:34:31,156,5.089444444444444
338619000,2026-04-07T12:12:46,2026-04-07T15:13:55,2,0.016944444444444446
338619000,2026-04-07T12:47:15,2026-04-07T15:13:55,24,0.5916666666666667
338619000,2026-04-07T13:10:39,2026-04-07T15:13:55,47,0.9816666666666667
338619000,2026-04-07T13:40:11,2026-04-07T15:13:55,70,1.4738888888888888
338619000,2026-04-07T14:03:38,2026-04-07T15:13:55,93,1.8647222222222222
338619000,2026-04-07T14:27:04,2026-04-07T15:13:55,116,2.2552777777777777
338619000,2026-04-07T14:50:30,2026-04-07T15:13:55,139,2.6458333333333335
338619000,2026-04-07T15:13:55,2026-04-07T15:13:55,162,3.036111111111111
351656000,2026-04-09T13:49:13,2026-04-09T15:13:29,2,0.016944444444444446
351656000,2026-04-09T14:00:23,2026-04-09T15:13:29,13,0.20305555555555554
351656000,2026-04-09T14:12:34,2026-04-09T15:13:29,25,0.4061111111111111
351656000,2026-04-09T14:24:45,2026-04-09T15:13:29,37,0.6091666666666666
351656000,2026-04-09T14:36:56,2026-04-09T15:13:29,48,0.8122222222222222
351656000,2026-04-09T14:49:07,2026-04-09T15:13:29,60,1.0152777777777777
351656000,2026-04-09T15:01:18,2026-04-09T15:13:29,72,1.2183333333333333
351656000,2026-04-09T15:13:29,2026-04-09T15:13:29,84,1.4213888888888888
352001323,2026-04-06T08:48:55,2026-04-07T02:24:17,2,0.016944444444444446
352001323,2026-04-06T09:33:34,2026-04-07T02:24:17,30,0.7611111111111111
352001323,2026-04-06T23:22:50,2026-04-07T02:24:17,21,0.33805555555555555
352001323,2026-04-06T23:51:14,2026-04-07T02:24:17,49,0.8113888888888889
352001323,2026-04-07T00:34:49,2026-04-07T02:24:17,78,1.5377777777777777
352001323,2026-04-07T01:26:30,2026-04-07T02:24:17,106,2.3991666666666664
352001323,2026-04-07T01:54:53,2026-04-07T02:24:17,134,2.8722222222222222
352001323,2026-04-07T02:24:17,2026-04-07T02:24:17,163,3.362222222222222
352001352,2026-04-07T15:09:51,2026-04-08T06:36:46,2,0.016944444444444446
352001352,2026-04-07T20:37:48,2026-04-08T06:36:46,70,5.482777777777778
352001352,2026-04-07T22:25:12,2026-04-08T06:36:46,104,5.9847222222222225
352001352,2026-04-08T00:59:36,2026-04-08T06:36:46,161,4.735277777777778
352001352,2026-04-08T02:34:07,2026-04-08T06:36:46,210,5.989444444444445
352001352,2026-04-08T03:44:13,2026-04-08T06:36:46,229,5.688888888888889
352001352,2026-04-08T05:16:36,2026-04-08T06:36:46,225,5.993055555555555
352001352,2026-04-08T06:36:46,2026-04-08T06:36:46,290,5.8566666666666665
352002170,2026-04-15T09:26:49,2026-04-15T10:55:09,2,0.016944444444444446
352002170,2026-04-15T09:39:00,2026-04-15T10:55:09,14,0.22
352002170,2026-04-15T09:51:11,2026-04-15T10:55:09,26,0.4230555555555556
352002170,2026-04-15T10:04:24,2026-04-15T10:55:09,39,0.6433333333333333
352002170,2026-04-15T10:16:35,2026-04-15T10:55:09,51,0.8463888888888889
352002170,2026-04-15T10:29:46,2026-04-15T10:55:09,64,1.066111111111111
352002170,2026-04-15T10:41:57,2026-04-15T10:55:09,76,1.2691666666666668
352002170,2026-04-15T10:55:09,2026-04-15T10:55:09,89,1.4891666666666667
352002243,2026-04-10T06:33:16,2026-04-11T01:45:16,2,0.016944444444444446
352002243,2026-04-10T16:37:28,2026-04-11T01:45:16,74,1.4094444444444445
352002243,2026-04-10T18:03:01,2026-04-11T01:45:16,158,2.835277777777778
352002243,2026-04-10T19:59:52,2026-04-11T01:45:16,242,4.782777777777778
352002243,2026-04-10T21:25:15,2026-04-11T01:45:16,313,5.985
352002243,2026-04-10T22:54:41,2026-04-11T01:45:16,320,5.998333333333333
352002243,2026-04-11T00:20:00,2026-04-11T01:45:16,334,5.859444444444445
352002243,2026-04-11T01:45:16,2026-04-11T01:45:16,351,5.993888888888889
352002310,2026-04-09T16:54:57,2026-04-09T23:21:07,2,0.016666666666666666
352002310,2026-04-09T17:17:17,2026-04-09T23:21:07,24,0.3888888888888889
352002310,2026-04-09T18:13:01,2026-04-09T23:21:07,46,1.3177777777777777
352002310,2026-04-09T21:49:47,2026-04-09T23:21:07,68,4.930555555555555
352002310,2026-04-09T22:13:08,2026-04-09T23:21:07,91,5.3197222222222225
352002310,2026-04-09T22:35:27,2026-04-09T23:21:07,113,5.691666666666666
352002310,2026-04-09T22:57:46,2026-04-09T23:21:07,131,5.996111111111111
352002310,2026-04-09T23:21:07,2026-04-09T23:21:07,131,5.996111111111111
352002473,2026-04-07T14:39:17,2026-04-07T22:53:39,2,0.016944444444444446
352002473,2026-04-07T17:27:07,2026-04-07T22:53:39,28,2.8141666666666665
352002473,2026-04-07T19:02:27,2026-04-07T22:53:39,54,4.4030555555555555
352002473,2026-04-07T19:36:56,2026-04-07T22:53:39,80,4.977777777777778
352002473,2026-04-07T21:01:09,2026-04-07T22:53:39,97,3.8555555555555556
352002473,2026-04-07T21:59:51,2026-04-07T22:53:39,123,4.833888888888889
352002473,2026-04-07T22:26:13,2026-04-07T22:53:39,149,5.273333333333333
352002473,2026-04-07T22:53:39,2026-04-07T22:53:39,176,5.730555555555555
352003272,2026-04-09T22:30:22,2026-04-10T00:17:59,2,0.016666666666666666
352003272,2026-04-09T22:45:35,2026-04-10T00:17:59,17,0.2702777777777778
352003272,2026-04-09T23:00:49,2026-04-10T00:17:59,32,0.5241666666666667
352003272,2026-04-09T23:16:02,2026-04-10T00:17:59,47,0.7777777777777778
352003272,2026-04-09T23:31:16,2026-04-10T00:17:59,62,1.0316666666666667
352003272,2026-04-09T23:46:30,2026-04-10T00:17:59,77,1.2855555555555556
352003272,2026-04-10T00:01:44,2026-04-10T00:17:59,92,1.5394444444444444
352003272,2026-04-10T00:17:59,2026-04-10T00:17:59,108,1.8102777777777779
352003495,2026-04-10T02:06:43,2026-04-10T09:56:48,2,0.016944444444444446
352003495,2026-04-10T03:11:52,2026-04-10T09:56:48,52,1.1027777777777779
352003495,2026-04-10T04:03:45,2026-04-10T09:56:48,103,1.9675
352003495,2026-04-10T06:30:13,2026-04-10T09:56:48,154,4.408611111111111
352003495,2026-04-10T07:21:06,2026-04-10T09:56:48,204,5.256666666666667
352003495,2026-04-10T08:13:00,2026-04-10T09:56:48,247,5.986111111111111
352003495,2026-04-10T09:04:54,2026-04-10T09:56:48,261,5.985833333333333
352003495,2026-04-10T09:56:48,2026-04-10T09:56:48,261,5.985833333333333
352004307,2026-04-12T07:42:10,2026-04-12T12:54:17,2,0.016944444444444446
352004307,2026-04-12T10:03:37,2026-04-12T12:54:17,29,2.3744444444444444
352004307,2026-04-12T10:32:17,2026-04-12T12:54:17,57,2.852222222222222
352004307,2026-04-12T11:00:54,2026-04-12T12:54:17,85,3.3291666666666666
352004307,2026-04-12T11:28:32,2026-04-12T12:54:17,112,3.789722222222222
352004307,2026-04-12T11:57:11,2026-04-12T12:54:17,140,4.267222222222222
352004307,2026-04-12T12:25:45,2026-04-12T12:54:17,168,4.743333333333333
352004307,2026-04-12T12:54:17,2026-04-12T12:54:17,196,5.2188888888888885
352004590,2026-04-11T20:13:38,2026-04-12T12:25:45,2,0.016944444444444446
352004590,2026-04-11T21:52:38,2026-04-12T12:25:45,99,1.6669444444444443
352004590,2026-04-11T23:41:43,2026-04-12T12:25:45,197,3.485
352004590,2026-04-12T03:44:57,2026-04-12T12:25:45,204,5.990833333333334
352004590,2026-04-12T05:24:00,2026-04-12T12:25:45,213,5.993333333333333
352004590,2026-04-12T08:24:12,2026-04-12T12:25:45,252,5.995
352004590,2026-04-12T10:45:34,2026-04-12T12:25:45,234,5.989444444444445
352004590,2026-04-12T12:25:45,2026-04-12T12:25:45,283,5.4944444444444445
352004593,2026-04-07T04:15:49,2026-04-07T17:15:55,2,0.016944444444444446
352004593,2026-04-07T05:17:42,2026-04-07T17:15:55,62,1.0483333333333333
352004593,2026-04-07T09:56:51,2026-04-07T17:15:55,122,5.700833333333334
352004593,2026-04-07T13:08:37,2026-04-07T17:15:55,104,3.924166666666667
352004593,2026-04-07T14:11:47,2026-04-07T17:15:55,164,4.976944444444444
352004593,2026-04-07T15:12:54,2026-04-07T17:15:55,224,5.995555555555556
352004593,2026-04-07T16:13:55,2026-04-07T17:15:55,224,5.996666666666667
352004593,2026-04-07T17:15:55,2026-04-07T17:15:55,243,4.1386111111111115
352004690,2026-04-11T12:50:56,2026-04-12T02:35:41,2,0.016944444444444446
352004690,2026-04-11T14:10:12,2026-04-12T02:35:41,80,1.3380555555555556
352004690,2026-04-11T19:52:13,2026-04-12T02:35:41,96,5.988611111111111
352004690,2026-04-11T21:11:48,2026-04-12T02:35:41,108,3.361111111111111
352004690,2026-04-11T22:32:26,2026-04-12T02:35:41,187,4.705
352004690,2026-04-11T23:51:55,2026-04-12T02:35:41,263,5.995833333333334
352004690,2026-04-12T01:11:18,2026-04-12T02:35:41,328,5.589722222222222
352004690,2026-04-12T02:35:41,2026-04-12T02:35:41,350,5.993333333333333
352004810,2026-04-10T07:33:18,2026-04-11T03:08:27,2,0.016944444444444446
352004810,2026-04-10T16:22:10,2026-04-11T03:08:27,42,1.6633333333333333
352004810,2026-04-10T17:44:42,2026-04-11T03:08:27,114,3.0388888888888888
352004810,2026-04-10T22:00:50,2026-04-11T03:08:27,146,5.661388888888889
352004810,2026-04-10T23:29:15,2026-04-11T03:08:27,159,5.997222222222222
352004810,2026-04-11T00:42:21,2026-04-11T03:08:27,191,3.4880555555555555
352004810,2026-04-11T01:55:24,2026-04-11T03:08:27,263,4.705555555555556
352004810,2026-04-11T03:08:27,2026-04-11T03:08:27,335,5.923055555555556
352005357,2026-04-06T01:32:27,2026-04-06T03:41:16,2,0.016944444444444446
352005357,2026-04-06T01:49:41,2026-04-06T03:41:16,19,0.30416666666666664
352005357,2026-04-06T02:12:00,2026-04-06T03:41:16,37,0.6761111111111111
352005357,2026-04-06T02:29:15,2026-04-06T03:41:16,54,0.9636111111111111
352005357,2026-04-06T02:47:31,2026-04-06T03:41:16,72,1.2680555555555555
352005357,2026-04-06T03:04:45,2026-04-06T03:41:16,89,1.5552777777777778
352005357,2026-04-06T03:23:01,2026-04-06T03:41:16,107,1.8597222222222223
352005357,2026-04-06T03:41:16,2026-04-06T03:41:16,125,2.1638888888888888
352005660,2026-04-10T01:11:49,2026-04-10T09:42:33,2,0.016944444444444446
352005660,2026-04-10T02:21:59,2026-04-10T09:42:33,67,1.186388888888889
352005660,2026-04-10T03:28:10,2026-04-10T09:42:33,132,2.2894444444444444
352005660,2026-04-10T04:35:17,2026-04-10T09:42:33,198,3.4080555555555554
352005660,2026-04-10T06:22:04,2026-04-10T09:42:33,263,5.187777777777778
352005660,2026-04-10T07:29:14,2026-04-10T09:42:33,310,5.985277777777778
352005660,2026-04-10T08:35:23,2026-04-10T09:42:33,314,5.985833333333333
352005660,2026-04-10T09:42:33,2026-04-10T09:42:33,314,5.985555555555556
352006086,2026-04-05T15:29:23,2026-04-05T17:18:54,2,0.016944444444444446
352006086,2026-04-05T15:44:35,2026-04-05T17:18:54,17,0.2702777777777778
352006086,2026-04-05T15:59:48,2026-04-05T17:18:54,32,0.5238888888888888
352006086,2026-04-05T16:16:02,2026-04-05T17:18:54,48,0.7944444444444444
352006086,2026-04-05T16:31:15,2026-04-05T17:18:54,63,1.0480555555555555
352006086,2026-04-05T16:47:29,2026-04-05T17:18:54,79,1.3186111111111112
352006086,2026-04-05T17:02:41,2026-04-05T17:18:54,94,1.5719444444444444
352006086,2026-04-05T17:18:54,2026-04-05T17:18:54,110,1.8422222222222222
352506000,2026-04-06T05:22:44,2026-04-15T10:53:07,2,0.016944444444444446
352506000,2026-04-06T06:10:28,2026-04-15T10:53:07,39,0.8125
352506000,2026-04-15T07:28:08,2026-04-15T10:53:07,16,0.27055555555555555
352506000,2026-04-15T08:11:46,2026-04-15T10:53:07,54,0.9977777777777778
352506000,2026-04-15T08:58:25,2026-04-15T10:53:07,91,1.7752777777777777
352506000,2026-04-15T09:36:58,2026-04-15T10:53:07,129,2.417777777777778
352506000,2026-04-15T10:14:33,2026-04-15T10:53:07,166,3.0441666666666665
352506000,2026-04-15T10:53:07,2026-04-15T10:53:07,204,3.6869444444444444
352604000,2026-04-08T01:11:47,2026-04-08T02:51:23,2,0.016944444444444446
352604000,2026-04-08T01:31:05,2026-04-08T02:51:23,15,0.3386111111111111
352604000,2026-04-08T01:44:18,2026-04-08T02:51:23,28,0.5588888888888889
352604000,2026-04-08T01:57:31,2026-04-08T02:51:23,41,0.7791666666666667
352604000,2026-04-08T02:10:44,2026-04-08T02:51:23,54,0.9994444444444445
352604000,2026-04-08T02:23:57,2026-04-08T02:51:23,67,1.2197222222222222
352604000,2026-04-08T02:37:10,2026-04-08T02:51:23,80,1.44
352604000,2026-04-08T02:51:23,2026-04-08T02:51:23,94,1.6769444444444443
353589000,2026-04-10T15:23:05,2026-04-10T16:40:31,2,0.016944444444444446
353589000,2026-04-10T15:33:16,2026-04-10T16:40:31,12,0.18666666666666668
353589000,2026-04-10T15:44:29,2026-04-10T16:40:31,23,0.3736111111111111
353589000,2026-04-10T15:55:41,2026-04-10T16:40:31,34,0.5602777777777778
353589000,2026-04-10T16:06:53,2026-04-10T16:40:31,45,0.7469444444444444
353589000,2026-04-10T16:18:05,2026-04-10T16:40:31,56,0.9336111111111111
353589000,2026-04-10T16:29:18,2026-04-10T16:40:31,67,1.1205555555555555
353589000,2026-04-10T16:40:31,2026-04-10T16:40:31,78,1.3075
354562000,2026-04-07T04:35:06,2026-04-07T14:41:20,2,0.016944444444444446
354562000,2026-04-07T06:05:23,2026-04-07T14:41:20,60,1.5216666666666667
354562000,2026-04-07T07:04:12,2026-04-07T14:41:20,118,2.5019444444444443
354562000,2026-04-07T08:03:03,2026-04-07T14:41:20,176,3.4827777777777778
354562000,2026-04-07T09:01:59,2026-04-07T14:41:20,234,4.465
354562000,2026-04-07T10:15:07,2026-04-07T14:41:20,292,5.683888888888889
354562000,2026-04-07T13:40:11,2026-04-07T14:41:20,197,5.9911111111111115
354562000,2026-04-07T14:41:20,2026-04-07T14:41:20,195,5.994722222222222
355860000,2026-04-10T12:51:30,2026-04-10T20:33:26,2,0.016944444444444446
355860000,2026-04-10T13:55:33,2026-04-10T20:33:26,63,1.0844444444444445
355860000,2026-04-10T14:57:38,2026-04-10T20:33:26,124,2.1191666666666666
355860000,2026-04-10T15:59:45,2026-04-10T20:33:26,185,3.1544444444444446
355860000,2026-04-10T17:01:55,2026-04-10T20:33:26,246,4.190555555555555
355860000,2026-04-10T18:04:02,2026-04-10T20:33:26,307,5.225833333333333
355860000,2026-04-10T19:06:01,2026-04-10T20:33:26,352,5.987777777777778
355860000,2026-04-10T20:33:26,2026-04-10T20:33:26,329,5.986944444444444
356324000,2026-04-09T11:58:35,2026-04-09T13:46:10,2,0.016944444444444446
356324000,2026-04-09T12:08:43,2026-04-09T13:46:10,12,0.18583333333333332
356324000,2026-04-09T12:19:53,2026-04-09T13:46:10,23,0.37194444444444447
356324000,2026-04-09T12:30:02,2026-04-09T13:46:10,33,0.5411111111111111
356324000,2026-04-09T12:41:12,2026-04-09T13:46:10,44,0.7272222222222222
356324000,2026-04-09T13:23:50,2026-04-09T13:46:10,54,1.4377777777777778
356324000,2026-04-09T13:35:00,2026-04-09T13:46:10,65,1.623888888888889
356324000,2026-04-09T13:46:10,2026-04-09T13:46:10,76,1.81
356680000,2026-04-08T13:04:43,2026-04-08T16:26:12,2,0.016944444444444446
356680000,2026-04-08T13:35:14,2026-04-08T16:26:12,30,0.5255555555555556
356680000,2026-04-08T14:03:43,2026-04-08T16:26:12,58,1.0002777777777778
356680000,2026-04-08T14:32:13,2026-04-08T16:26:12,86,1.4752777777777777
356680000,2026-04-08T15:00:43,2026-04-08T16:26:12,114,1.9502777777777778
356680000,2026-04-08T15:29:13,2026-04-08T16:26:12,142,2.4252777777777776
356680000,2026-04-08T15:57:43,2026-04-08T16:26:12,170,2.9002777777777777
356680000,2026-04-08T16:26:12,2026-04-08T16:26:12,198,3.375
356755000,2026-04-10T17:20:16,2026-04-11T17:24:42,2,0.017222222222222222
356755000,2026-04-11T10:45:24,2026-04-11T17:24:42,34,0.6919444444444445
356755000,2026-04-11T12:38:45,2026-04-11T17:24:42,76,2.581111111111111
356755000,2026-04-11T13:21:24,2026-04-11T17:24:42,118,3.2919444444444443
356755000,2026-04-11T14:05:07,2026-04-11T17:24:42,161,4.020555555555555
356755000,2026-04-11T15:45:54,2026-04-11T17:24:42,203,5.700277777777778
356755000,2026-04-11T16:40:54,2026-04-11T17:24:42,216,5.992222222222222
356755000,2026-04-11T17:24:42,2026-04-11T17:24:42,252,5.525833333333333
356794000,2026-04-15T14:08:00,2026-04-15T17:15:00,2,0.016944444444444446
356794000,2026-04-15T14:36:27,2026-04-15T17:15:00,28,0.4911111111111111
356794000,2026-04-15T15:02:52,2026-04-15T17:15:00,54,0.9313888888888889
356794000,2026-04-15T15:29:25,2026-04-15T17:15:00,80,1.373888888888889
356794000,2026-04-15T15:55:50,2026-04-15T17:15:00,106,1.8141666666666667
356794000,2026-04-15T16:22:15,2026-04-15T17:15:00,132,2.2544444444444443
356794000,2026-04-15T16:48:38,2026-04-15T17:15:00,158,2.694166666666667
356794000,2026-04-15T17:15:00,2026-04-15T17:15:00,184,3.133611111111111
357463000,2026-04-05T16:18:04,2026-04-06T01:05:05,2,0.016944444444444446
357463000,2026-04-05T18:42:02,2026-04-06T01:05:05,48,2.4163888888888887
357463000,2026-04-05T19:28:40,2026-04-06T01:05:05,94,3.193611111111111
357463000,2026-04-05T21:56:37,2026-04-06T01:05:05,140,5.6594444444444445
357463000,2026-04-05T22:44:14,2026-04-06T01:05:05,169,5.371388888888889
357463000,2026-04-05T23:30:50,2026-04-06T01:05:05,206,5.995833333333334
357463000,2026-04-06T00:17:27,2026-04-06T01:05:05,249,5.8775
357463000,2026-04-06T01:05:05,2026-04-06T01:05:05,256,5.995555555555556
357983000,2026-04-11T20:23:50,2026-04-12T09:09:20,2,0.017222222222222222
357983000,2026-04-11T21:33:14,2026-04-12T09:09:20,70,1.173888888888889
357983000,2026-04-12T03:17:26,2026-04-12T09:09:20,85,5.991944444444444
357983000,2026-04-12T04:27:48,2026-04-12T09:09:20,104,1.75
357983000,2026-04-12T05:37:18,2026-04-12T09:09:20,172,2.908333333333333
357983000,2026-04-12T06:47:53,2026-04-12T09:09:20,241,4.084722222222222
357983000,2026-04-12T07:58:34,2026-04-12T09:09:20,310,5.262777777777778
357983000,2026-04-12T09:09:20,2026-04-12T09:09:20,352,5.983888888888889
372119000,2026-04-06T22:03:45,2026-04-06T23:22:50,2,0.016944444444444446
372119000,2026-04-06T22:14:54,2026-04-06T23:22:50,13,0.20277777777777778
372119000,2026-04-06T22:26:03,2026-04-06T23:22:50,24,0.38861111111111113
372119000,2026-04-06T22:37:12,2026-04-06T23:22:50,35,0.5744444444444444
372119000,2026-04-06T22:48:21,2026-04-06T23:22:50,46,0.7602777777777778
372119000,2026-04-06T22:59:30,2026-04-06T23:22:50,57,0.9461111111111111
372119000,2026-04-06T23:10:40,2026-04-06T23:22:50,68,1.1322222222222222
372119000,2026-04-06T23:22:50,2026-04-06T23:22:50,80,1.335
372668000,2026-04-06T04:40:06,2026-04-06T06:01:19,2,0.016944444444444446
372668000,2026-04-06T04:45:11,2026-04-06T06:01:19,7,0.10166666666666667
372668000,2026-04-06T05:30:51,2026-04-06T06:01:19,13,0.8627777777777778
372668000,2026-04-06T05:36:57,2026-04-06T06:01:19,19,0.9644444444444444
372668000,2026-04-06T05:43:03,2026-04-06T06:01:19,25,1.066111111111111
372668000,2026-04-06T05:49:08,2026-04-06T06:01:19,31,1.1675
372668000,2026-04-06T05:55:14,2026-04-06T06:01:19,37,1.2691666666666668
372668000,2026-04-06T06:01:19,2026-04-06T06:01:19,43,1.3705555555555555
373026000,2026-04-14T23:28:34,2026-04-16T12:43:53,2,0.016944444444444446
373026000,2026-04-15T04:45:51,2026-04-16T12:43:53,315,5.305
373026000,2026-04-15T10:04:24,2026-04-16T12:43:53,355,5.985277777777778
373026000,2026-04-15T15:23:13,2026-04-16T12:43:53,355,5.990555555555556
373026000,2026-04-15T20:47:39,2026-04-16T12:43:53,349,5.983611111111111
373026000,2026-04-16T02:06:02,2026-04-16T12:43:53,356,5.998333333333333
373026000,2026-04-16T07:24:32,2026-04-16T12:43:53,355,5.984444444444445
373026000,2026-04-16T12:43:53,2026-04-16T12:43:53,355,5.998888888888889
373808000,2026-04-12T00:17:23,2026-04-12T12:14:32,2,0.016944444444444446
373808000,2026-04-12T01:59:04,2026-04-12T12:14:32,102,1.7116666666666667
373808000,2026-04-12T03:40:52,2026-04-12T12:14:32,202,3.408333333333333
373808000,2026-04-12T05:22:59,2026-04-12T12:14:32,302,5.110277777777778
373808000,2026-04-12T07:06:19,2026-04-12T12:14:32,353,5.9847222222222225
373808000,2026-04-12T08:48:49,2026-04-12T12:14:32,353,5.998333333333333
373808000,2026-04-12T10:31:16,2026-04-12T12:14:32,352,5.989444444444445
373808000,2026-04-12T12:14:32,2026-04-12T12:14:32,352,5.989722222222222
374194000,2026-04-12T10:32:17,2026-04-12T15:20:44,2,0.016944444444444446
374194000,2026-04-12T11:24:27,2026-04-12T15:20:44,37,0.8863888888888889
374194000,2026-04-12T12:01:16,2026-04-12T15:20:44,73,1.5
374194000,2026-04-12T12:36:58,2026-04-12T15:20:44,108,2.095
374194000,2026-04-12T13:13:37,2026-04-12T15:20:44,144,2.7058333333333335
374194000,2026-04-12T13:49:15,2026-04-12T15:20:44,179,3.299722222222222
374194000,2026-04-12T14:44:09,2026-04-12T15:20:44,215,4.214722222222222
374194000,2026-04-12T15:20:44,2026-04-12T15:20:44,251,4.8244444444444445
376304000,2026-04-13T15:25:58,2026-04-13T23:06:41,2,0.016944444444444446
376304000,2026-04-13T16:14:45,2026-04-13T23:06:41,35,0.83
376304000,2026-04-13T19:58:32,2026-04-13T23:06:41,68,4.559722222222222
376304000,2026-04-13T20:31:58,2026-04-13T23:06:41,101,5.116944444444444
376304000,2026-04-13T21:05:25,2026-04-13T23:06:41,134,5.674444444444444
376304000,2026-04-13T21:38:52,2026-04-13T23:06:41,153,5.841944444444445
376304000,2026-04-13T22:22:22,2026-04-13T23:06:41,158,5.991666666666666
376304000,2026-04-13T23:06:41,2026-04-13T23:06:41,178,3.3891666666666667
403532001,2026-04-12T11:11:08,2026-04-12T17:13:22,2,0.016944444444444446
403532001,2026-04-12T12:03:19,2026-04-12T17:13:22,51,0.8866666666666667
403532001,2026-04-12T12:54:17,2026-04-12T17:13:22,101,1.7361111111111112
403532001,2026-04-12T13:45:11,2026-04-12T17:13:22,151,2.5844444444444443
403532001,2026-04-12T14:35:00,2026-04-12T17:13:22,200,3.414722222222222
403532001,2026-04-12T15:31:54,2026-04-12T17:13:22,250,4.3630555555555555
403532001,2026-04-12T16:22:37,2026-04-12T17:13:22,300,5.208333333333333
403532001,2026-04-12T17:13:22,2026-04-12T17:13:22,346,5.985833333333333
403660000,2026-04-11T14:02:03,2026-04-12T14:49:14,2,0.016944444444444446
403660000,2026-04-12T05:11:44,2026-04-12T14:49:14,74,1.2422222222222221
403660000,2026-04-12T06:39:42,2026-04-12T14:49:14,160,2.7083333333333335
403660000,2026-04-12T08:07:48,2026-04-12T14:49:14,246,4.176666666666667
403660000,2026-04-12T09:37:02,2026-04-12T14:49:14,333,5.663888888888889
403660000,2026-04-12T11:06:01,2026-04-12T14:49:14,351,5.989722222222222
403660000,2026-04-12T12:33:54,2026-04-12T14:49:14,351,5.988611111111111
403660000,2026-04-12T14:49:14,2026-04-12T14:49:14,306,5.989722222222222
428002000,2026-04-07T21:17:20,2026-04-08T09:56:54,2,0.016944444444444446
428002000,2026-04-08T03:32:01,2026-04-08T09:56:54,47,0.7788888888888889
428002000,2026-04-08T04:28:53,2026-04-08T09:56:54,103,1.7266666666666666
428002000,2026-04-08T05:36:52,2026-04-08T09:56:54,159,2.859722222222222
428002000,2026-04-08T07:06:13,2026-04-08T09:56:54,214,4.348888888888889
428002000,2026-04-08T08:03:06,2026-04-08T09:56:54,270,5.296944444444445
428002000,2026-04-08T09:00:00,2026-04-08T09:56:54,311,5.9911111111111115
428002000,2026-04-08T09:56:54,2026-04-08T09:56:54,311,5.991388888888889
431048000,2026-04-07T09:04:01,2026-04-08T05:59:13,2,0.016944444444444446
431048000,2026-04-07T16:31:12,2026-04-08T05:59:13,15,0.23722222222222222
431048000,2026-04-07T23:12:57,2026-04-08T05:59:13,50,2.3827777777777777
431048000,2026-04-08T01:23:58,2026-04-08T05:59:13,114,4.566388888888889
431048000,2026-04-08T02:29:02,2026-04-08T05:59:13,178,5.650833333333333
431048000,2026-04-08T03:38:07,2026-04-08T05:59:13,206,4.639722222222222
431048000,2026-04-08T04:43:07,2026-04-08T05:59:13,270,5.723055555555556
431048000,2026-04-08T05:59:13,2026-04-08T05:59:13,290,5.146111111111111
431476000,2026-04-08T10:55:43,2026-04-08T15:42:28,2,0.016666666666666666
431476000,2026-04-08T11:34:15,2026-04-08T15:42:28,40,0.6588888888888889
431476000,2026-04-08T12:12:52,2026-04-08T15:42:28,78,1.3025
431476000,2026-04-08T12:51:30,2026-04-08T15:42:28,116,1.946388888888889
431476000,2026-04-08T13:31:10,2026-04-08T15:42:28,155,2.6075
431476000,2026-04-08T14:09:49,2026-04-08T15:42:28,193,3.2516666666666665
431476000,2026-04-08T15:02:45,2026-04-08T15:42:28,231,4.1338888888888885
431476000,2026-04-08T15:42:28,2026-04-08T15:42:28,270,4.795833333333333
440252000,2026-04-08T16:30:17,2026-04-08T21:16:10,2,0.016944444444444446
440252000,2026-04-08T16:44:31,2026-04-08T21:16:10,16,0.25416666666666665
440252000,2026-04-08T16:59:46,2026-04-08T21:16:10,31,0.5083333333333333
440252000,2026-04-08T17:15:00,2026-04-08T21:16:10,46,0.7622222222222222
440252000,2026-04-08T17:30:14,2026-04-08T21:16:10,61,1.0161111111111112
440252000,2026-04-08T20:45:45,2026-04-08T21:16:10,76,4.2747222222222225
440252000,2026-04-08T21:00:57,2026-04-08T21:16:10,91,4.5280555555555555
440252000,2026-04-08T21:16:10,2026-04-08T21:16:10,106,4.781666666666666
461000256,2026-04-09T22:48:38,2026-04-10T00:08:50,2,0.016944444444444446
461000256,2026-04-09T22:56:45,2026-04-10T00:08:50,10,0.15222222222222223
461000256,2026-04-09T23:04:52,2026-04-10T00:08:50,18,0.2875
461000256,2026-04-09T23:34:19,2026-04-10T00:08:50,27,0.7783333333333333
461000256,2026-04-09T23:42:26,2026-04-10T00:08:50,35,0.9136111111111112
461000256,2026-04-09T23:51:34,2026-04-10T00:08:50,44,1.0658333333333334
461000256,2026-04-09T23:59:42,2026-04-10T00:08:50,52,1.2013888888888888
461000256,2026-04-10T00:08:50,2026-04-10T00:08:50,61,1.353611111111111
461000284,2026-04-11T17:46:04,2026-04-12T10:05:40,2,0.016944444444444446
461000284,2026-04-11T20:24:51,2026-04-12T10:05:40,96,2.6633333333333336
461000284,2026-04-11T22:01:50,2026-04-12T10:05:40,191,4.279722222222222
461000284,2026-04-12T03:36:48,2026-04-12T10:05:40,120,5.991388888888889
461000284,2026-04-12T05:12:46,2026-04-12T10:05:40,149,2.516388888888889
461000284,2026-04-12T06:49:56,2026-04-12T10:05:40,244,4.135833333333333
461000284,2026-04-12T08:27:17,2026-04-12T10:05:40,339,5.758333333333334
461000284,2026-04-12T10:05:40,2026-04-12T10:05:40,351,5.9880555555555555
461000370,2026-04-12T04:28:50,2026-04-12T12:03:19,2,0.017222222222222222
461000370,2026-04-12T05:33:12,2026-04-12T12:03:19,65,1.09
461000370,2026-04-12T06:37:40,2026-04-12T12:03:19,128,2.1644444444444444
461000370,2026-04-12T07:42:10,2026-04-12T12:03:19,191,3.2394444444444446
461000370,2026-04-12T08:46:46,2026-04-12T12:03:19,254,4.316111111111111
461000370,2026-04-12T09:54:24,2026-04-12T12:03:19,317,5.443333333333333
461000370,2026-04-12T10:58:52,2026-04-12T12:03:19,349,5.989722222222222
461000370,2026-04-12T12:03:19,2026-04-12T12:03:19,349,5.990555555555556
477630800,2026-04-06T14:38:49,2026-04-06T15:26:31,2,0.016944444444444446
477630800,2026-04-06T14:44:54,2026-04-06T15:26:31,8,0.11833333333333333
477630800,2026-04-06T14:52:00,2026-04-06T15:26:31,15,0.23666666666666666
477630800,2026-04-06T14:59:07,2026-04-06T15:26:31,22,0.3552777777777778
477630800,2026-04-06T15:05:13,2026-04-06T15:26:31,28,0.45694444444444443
477630800,2026-04-06T15:12:19,2026-04-06T15:26:31,35,0.5752777777777778
477630800,2026-04-06T15:19:25,2026-04-06T15:26:31,42,0.6936111111111111
477630800,2026-04-06T15:26:31,2026-04-06T15:26:31,49,0.8119444444444445
477856500,2026-04-11T13:42:44,2026-04-12T02:24:30,2,0.016944444444444446
477856500,2026-04-11T15:19:25,2026-04-12T02:24:30,97,1.6283333333333334
477856500,2026-04-11T16:56:11,2026-04-12T02:24:30,192,3.241111111111111
477856500,2026-04-11T19:55:17,2026-04-12T02:24:30,273,5.988888888888889
477856500,2026-04-11T21:33:14,2026-04-12T02:24:30,273,5.9925
477856500,2026-04-11T23:10:08,2026-04-12T02:24:30,273,5.994722222222222
477856500,2026-04-12T00:46:54,2026-04-12T02:24:30,338,5.725555555555555
477856500,2026-04-12T02:24:30,2026-04-12T02:24:30,354,5.994166666666667
477963900,2026-04-10T03:03:43,2026-04-11T00:56:33,2,0.016944444444444446
477963900,2026-04-10T08:27:15,2026-04-11T00:56:33,81,5.409166666666667
477963900,2026-04-10T16:36:27,2026-04-11T00:56:33,41,0.6794444444444444
477963900,2026-04-10T18:04:02,2026-04-11T00:56:33,120,2.1391666666666667
477963900,2026-04-10T20:34:27,2026-04-11T00:56:33,200,4.646111111111111
477963900,2026-04-10T21:54:44,2026-04-11T00:56:33,279,5.984166666666667
477963900,2026-04-10T23:35:20,2026-04-11T00:56:33,267,5.996666666666667
477963900,2026-04-11T00:56:33,2026-04-11T00:56:33,294,5.300277777777778
511100560,2026-04-11T13:00:04,2026-04-12T05:36:16,2,0.016944444444444446
511100560,2026-04-11T16:06:17,2026-04-12T05:36:16,133,3.1205555555555557
511100560,2026-04-11T18:20:39,2026-04-12T05:36:16,265,5.36
511100560,2026-04-11T20:34:02,2026-04-12T05:36:16,354,5.990277777777778
511100560,2026-04-11T22:48:44,2026-04-12T05:36:16,354,5.994722222222222
511100560,2026-04-12T01:02:10,2026-04-12T05:36:16,354,5.996944444444445
511100560,2026-04-12T03:16:25,2026-04-12T05:36:16,354,5.991944444444444
511100560,2026-04-12T05:36:16,2026-04-12T05:36:16,349,5.993888888888889
538001657,2026-04-07T03:38:18,2026-04-07T08:57:55,2,0.016944444444444446
538001657,2026-04-07T04:23:56,2026-04-07T08:57:55,47,0.7775
538001657,2026-04-07T05:09:35,2026-04-07T08:57:55,92,1.5383333333333333
538001657,2026-04-07T05:55:14,2026-04-07T08:57:55,137,2.299166666666667
538001657,2026-04-07T06:40:52,2026-04-07T08:57:55,182,3.0597222222222222
538001657,2026-04-07T07:26:31,2026-04-07T08:57:55,227,3.8205555555555555
538001657,2026-04-07T08:12:12,2026-04-07T08:57:55,272,4.581944444444445
538001657,2026-04-07T08:57:55,2026-04-07T08:57:55,317,5.3438888888888885
538002883,2026-04-04T10:54:47,2026-04-11T07:31:34,2,0.016944444444444446
538002883,2026-04-05T07:28:15,2026-04-11T07:31:34,305,5.9880555555555555
538002883,2026-04-06T06:27:45,2026-04-11T07:31:34,340,5.985833333333333
538002883,2026-04-07T06:27:42,2026-04-11T07:31:34,317,5.999722222222222
538002883,2026-04-08T01:30:04,2026-04-11T07:31:34,328,5.986944444444444
538002883,2026-04-08T21:06:01,2026-04-11T07:31:34,240,5.9863888888888885
538002883,2026-04-09T15:44:56,2026-04-11T07:31:34,340,5.988333333333333
538002883,2026-04-11T07:31:34,2026-04-11T07:31:34,125,2.3719444444444444
538003678,2026-04-08T15:05:49,2026-04-16T12:43:53,2,0.017222222222222222
538003678,2026-04-09T14:39:58,2026-04-16T12:43:53,353,5.987777777777778
538003678,2026-04-10T13:29:07,2026-04-16T12:43:53,354,5.998055555555555
538003678,2026-04-11T13:51:53,2026-04-16T12:43:53,261,6.0
538003678,2026-04-12T12:49:11,2026-04-16T12:43:53,352,5.9875
538003678,2026-04-13T14:14:50,2026-04-16T12:43:53,355,5.990277777777778
538003678,2026-04-15T13:57:51,2026-04-16T12:43:53,355,5.9880555555555555
538003678,2026-04-16T12:43:53,2026-04-16T12:43:53,355,5.998888888888889
538004518,2026-04-12T07:52:25,2026-04-12T15:31:54,2,0.016944444444444446
538004518,2026-04-12T08:58:04,2026-04-12T15:31:54,66,1.1111111111111112
538004518,2026-04-12T10:03:37,2026-04-12T15:31:54,130,2.203611111111111
538004518,2026-04-12T11:09:06,2026-04-12T15:31:54,194,3.295
538004518,2026-04-12T12:15:34,2026-04-12T15:31:54,259,4.402777777777778
538004518,2026-04-12T13:20:45,2026-04-12T15:31:54,323,5.489166666666667
538004518,2026-04-12T14:25:52,2026-04-12T15:31:54,353,5.993611111111111
538004518,2026-04-12T15:31:54,2026-04-12T15:31:54,354,5.999722222222222
538004558,2026-04-06T08:42:50,2026-04-06T15:47:51,2,0.016944444444444446
538004558,2026-04-06T08:58:03,2026-04-06T15:47:51,17,0.27055555555555555
538004558,2026-04-06T09:13:17,2026-04-06T15:47:51,32,0.5244444444444445
538004558,2026-04-06T09:29:31,2026-04-06T15:47:51,48,0.795
538004558,2026-04-06T14:45:55,2026-04-06T15:47:51,58,5.983888888888889
538004558,2026-04-06T15:15:21,2026-04-06T15:47:51,45,5.983888888888889
538004558,2026-04-06T15:31:36,2026-04-06T15:47:51,46,0.9980555555555556
538004558,2026-04-06T15:47:51,2026-04-06T15:47:51,62,1.268888888888889
538005330,2026-04-11T08:38:36,2026-04-12T06:30:30,2,0.016666666666666666
538005330,2026-04-11T12:18:29,2026-04-12T06:30:30,73,3.681388888888889
538005330,2026-04-11T13:57:59,2026-04-12T06:30:30,144,5.339722222222222
538005330,2026-04-11T15:10:15,2026-04-12T06:30:30,182,5.985833333333333
538005330,2026-04-11T16:22:34,2026-04-12T06:30:30,221,4.186111111111111
538005330,2026-04-11T21:23:02,2026-04-12T06:30:30,130,5.992222222222222
538005330,2026-04-12T05:17:52,2026-04-12T06:30:30,48,0.8002777777777778
538005330,2026-04-12T06:30:30,2026-04-12T06:30:30,119,2.0108333333333333
538005431,2026-04-11T20:59:33,2026-04-12T11:14:13,2,0.016944444444444446
538005431,2026-04-11T23:47:50,2026-04-12T11:14:13,114,2.8216666666666668
538005431,2026-04-12T01:41:47,2026-04-12T11:14:13,226,4.720833333333333
538005431,2026-04-12T03:35:47,2026-04-12T11:14:13,301,5.991388888888889
538005431,2026-04-12T05:30:08,2026-04-12T11:14:13,354,5.993611111111111
538005431,2026-04-12T07:24:45,2026-04-12T11:14:13,353,5.987222222222222
538005431,2026-04-12T09:19:36,2026-04-12T11:14:13,352,5.985
538005431,2026-04-12T11:14:13,2026-04-12T11:14:13,352,5.990277777777778
538005496,2026-04-09T15:31:44,2026-04-16T12:43:53,2,0.016666666666666666
538005496,2026-04-10T12:35:15,2026-04-16T12:43:53,225,5.9991666666666665
538005496,2026-04-11T07:25:28,2026-04-16T12:43:53,355,5.991388888888889
538005496,2026-04-12T04:49:16,2026-04-16T12:43:53,354,5.991944444444444
538005496,2026-04-12T23:43:26,2026-04-16T12:43:53,354,5.993888888888889
538005496,2026-04-13T21:50:01,2026-04-16T12:43:53,316,5.994166666666667
538005496,2026-04-15T16:59:47,2026-04-16T12:43:53,355,5.9925
538005496,2026-04-16T12:43:53,2026-04-16T12:43:53,355,5.998888888888889
538005853,2026-04-10T01:14:52,2026-04-10T09:19:09,2,0.016944444444444446
538005853,2026-04-10T03:02:42,2026-04-10T09:19:09,60,1.8141666666666667
538005853,2026-04-10T04:24:06,2026-04-10T09:19:09,118,3.1708333333333334
538005853,2026-04-10T05:23:06,2026-04-10T09:19:09,176,4.154166666666667
538005853,2026-04-10T06:22:04,2026-04-10T09:19:09,234,5.1369444444444445
538005853,2026-04-10T07:21:06,2026-04-10T09:19:09,284,5.985277777777778
538005853,2026-04-10T08:20:07,2026-04-10T09:19:09,299,5.426111111111111
538005853,2026-04-10T09:19:09,2026-04-10T09:19:09,332,5.985555555555556
538006774,2026-04-10T04:30:12,2026-04-10T15:20:02,2,0.016944444444444446
538006774,2026-04-10T05:24:07,2026-04-10T15:20:02,55,0.9155555555555556
538006774,2026-04-10T10:24:16,2026-04-10T15:20:02,108,5.918055555555555
538006774,2026-04-10T11:43:28,2026-04-10T15:20:02,94,1.9983333333333333
538006774,2026-04-10T12:37:16,2026-04-10T15:20:02,147,2.895
538006774,2026-04-10T13:31:09,2026-04-10T15:20:02,200,3.7930555555555556
538006774,2026-04-10T14:26:05,2026-04-10T15:20:02,253,4.708611111111111
538006774,2026-04-10T15:20:02,2026-04-10T15:20:02,306,5.607777777777778
538007198,2026-04-05T16:51:32,2026-04-16T12:43:53,2,0.016944444444444446
538007198,2026-04-05T18:26:50,2026-04-16T12:43:53,69,1.6052777777777778
538007198,2026-04-05T19:39:49,2026-04-16T12:43:53,137,2.8216666666666668
538007198,2026-04-05T20:48:44,2026-04-16T12:43:53,205,3.9702777777777776
538007198,2026-04-05T21:57:38,2026-04-16T12:43:53,273,5.118611111111111
538007198,2026-04-05T23:47:03,2026-04-16T12:43:53,288,5.995833333333334
538007198,2026-04-06T01:21:18,2026-04-16T12:43:53,287,5.995555555555556
538007198,2026-04-16T12:43:53,2026-04-16T12:43:53,53,0.88
538007504,2026-04-06T06:47:03,2026-04-06T15:42:46,2,0.016944444444444446
538007504,2026-04-06T07:20:35,2026-04-06T15:42:46,26,0.5758333333333333
538007504,2026-04-06T08:46:53,2026-04-06T15:42:46,50,2.0141666666666667
538007504,2026-04-06T09:20:23,2026-04-06T15:42:46,74,2.5725
538007504,2026-04-06T09:44:44,2026-04-06T15:42:46,98,2.9783333333333335
538007504,2026-04-06T10:09:06,2026-04-06T15:42:46,122,3.3844444444444446
538007504,2026-04-06T10:33:27,2026-04-06T15:42:46,146,3.790277777777778
538007504,2026-04-06T15:42:46,2026-04-06T15:42:46,75,5.984166666666667
538007511,2026-04-05T11:25:11,2026-04-13T20:45:09,2,0.016944444444444446
538007511,2026-04-05T12:05:42,2026-04-13T20:45:09,42,0.6922222222222222
538007511,2026-04-13T14:10:46,2026-04-13T20:45:09,40,0.6613888888888889
538007511,2026-04-13T14:52:26,2026-04-13T20:45:09,81,1.3558333333333332
538007511,2026-04-13T15:34:06,2026-04-13T20:45:09,122,2.0502777777777776
538007511,2026-04-13T16:15:46,2026-04-13T20:45:09,163,2.7447222222222223
538007511,2026-04-13T19:12:58,2026-04-13T20:45:09,204,5.698055555555555
538007511,2026-04-13T20:45:09,2026-04-13T20:45:09,172,5.997222222222222
538007661,2026-04-11T05:49:54,2026-04-11T21:46:31,2,0.016944444444444446
538007661,2026-04-11T06:19:24,2026-04-11T21:46:31,31,0.5086111111111111
538007661,2026-04-11T06:48:53,2026-04-11T21:46:31,60,1.0
538007661,2026-04-11T07:18:22,2026-04-11T21:46:31,89,1.4913888888888889
538007661,2026-04-11T20:46:17,2026-04-11T21:46:31,30,1.4102777777777777
538007661,2026-04-11T21:15:53,2026-04-11T21:46:31,59,1.9036111111111111
538007661,2026-04-11T21:46:31,2026-04-11T21:46:31,89,2.4141666666666666
538008070,2026-04-10T04:45:27,2026-04-10T14:59:40,2,0.016944444444444446
538008070,2026-04-10T07:38:24,2026-04-10T14:59:40,56,2.8994444444444443
538008070,2026-04-10T09:15:05,2026-04-10T14:59:40,111,4.510833333333333
538008070,2026-04-10T10:11:02,2026-04-10T14:59:40,166,5.443333333333333
538008070,2026-04-10T11:05:54,2026-04-10T14:59:40,198,5.9847222222222225
538008070,2026-04-10T12:01:44,2026-04-10T14:59:40,231,4.575555555555556
538008070,2026-04-10T13:51:29,2026-04-10T14:59:40,262,5.9975
538008070,2026-04-10T14:59:40,2026-04-10T14:59:40,290,5.9975
538009008,2026-04-07T14:52:32,2026-04-08T06:00:14,2,0.016944444444444446
538009008,2026-04-07T22:28:15,2026-04-08T06:00:14,7,0.10138888888888889
538009008,2026-04-07T22:59:44,2026-04-08T06:00:14,38,0.6261111111111111
538009008,2026-04-08T00:29:07,2026-04-08T06:00:14,68,2.1158333333333332
538009008,2026-04-08T01:01:38,2026-04-08T06:00:14,99,2.6577777777777776
538009008,2026-04-08T04:29:54,2026-04-08T06:00:14,121,5.993611111111111
538009008,2026-04-08T05:28:44,2026-04-08T06:00:14,110,5.2813888888888885
538009008,2026-04-08T06:00:14,2026-04-08T06:00:14,141,5.806388888888889
538009052,2026-04-10T01:47:23,2026-04-10T11:17:04,2,0.016944444444444446
538009052,2026-04-10T03:02:42,2026-04-10T11:17:04,53,1.2722222222222221
538009052,2026-04-10T03:54:36,2026-04-10T11:17:04,104,2.1372222222222224
538009052,2026-04-10T04:46:28,2026-04-10T11:17:04,155,3.0016666666666665
538009052,2026-04-10T05:38:21,2026-04-10T11:17:04,206,3.866388888888889
538009052,2026-04-10T07:52:39,2026-04-10T11:17:04,250,5.985833333333333
538009052,2026-04-10T10:24:16,2026-04-10T11:17:04,175,5.985833333333333
538009052,2026-04-10T11:17:04,2026-04-10T11:17:04,175,5.984444444444445
538009159,2026-04-09T23:43:27,2026-04-10T06:50:34,2,0.016944444444444446
538009159,2026-04-10T02:03:40,2026-04-10T06:50:34,48,2.3538888888888887
538009159,2026-04-10T02:51:30,2026-04-10T06:50:34,95,3.151111111111111
538009159,2026-04-10T03:39:21,2026-04-10T06:50:34,142,3.948611111111111
538009159,2026-04-10T04:27:09,2026-04-10T06:50:34,189,4.745277777777778
538009159,2026-04-10T05:14:57,2026-04-10T06:50:34,236,5.541944444444445
538009159,2026-04-10T06:02:45,2026-04-10T06:50:34,272,4.594722222222222
538009159,2026-04-10T06:50:34,2026-04-10T06:50:34,319,5.391666666666667
538009183,2026-04-12T02:09:14,2026-04-12T10:05:40,2,0.016944444444444446
538009183,2026-04-12T03:17:26,2026-04-12T10:05:40,66,1.1536111111111111
538009183,2026-04-12T04:22:42,2026-04-12T10:05:40,130,2.241388888888889
538009183,2026-04-12T05:28:06,2026-04-12T10:05:40,194,3.3313888888888887
538009183,2026-04-12T06:33:34,2026-04-12T10:05:40,258,4.4225
538009183,2026-04-12T07:39:06,2026-04-12T10:05:40,322,5.514722222222222
538009183,2026-04-12T08:44:43,2026-04-12T10:05:40,353,5.998055555555555
538009183,2026-04-12T10:05:40,2026-04-12T10:05:40,338,5.9880555555555555
538009214,2026-04-03T10:43:39,2026-04-07T13:24:54,2,0.016944444444444446
538009214,2026-04-04T16:27:09,2026-04-07T13:24:54,139,4.948055555555555
538009214,2026-04-05T02:23:39,2026-04-07T13:24:54,328,5.991388888888889
538009214,2026-04-05T13:32:49,2026-04-07T13:24:54,295,5.991666666666666
538009214,2026-04-05T22:49:18,2026-04-07T13:24:54,356,5.996666666666667
538009214,2026-04-06T08:21:30,2026-04-07T13:24:54,339,5.989166666666667
538009214,2026-04-07T00:26:42,2026-04-07T13:24:54,176,5.9625
538009214,2026-04-07T13:24:54,2026-04-07T13:24:54,297,5.99
538009532,2026-04-07T04:16:50,2026-04-07T10:00:54,2,0.016944444444444446
538009532,2026-04-07T04:32:03,2026-04-07T10:00:54,17,0.27055555555555555
538009532,2026-04-07T04:47:16,2026-04-07T10:00:54,32,0.5241666666666667
538009532,2026-04-07T08:51:49,2026-04-07T10:00:54,47,4.6
538009532,2026-04-07T09:07:04,2026-04-07T10:00:54,62,4.854166666666667
538009532,2026-04-07T09:29:25,2026-04-07T10:00:54,77,5.226666666666667
538009532,2026-04-07T09:44:39,2026-04-07T10:00:54,92,5.480555555555555
538009532,2026-04-07T10:00:54,2026-04-07T10:00:54,108,5.751388888888889
538009615,2026-04-06T05:58:16,2026-04-06T11:35:20,2,0.016666666666666666
538009615,2026-04-06T06:34:51,2026-04-06T11:35:20,38,0.6263888888888889
538009615,2026-04-06T07:12:27,2026-04-06T11:35:20,75,1.2530555555555556
538009615,2026-04-06T08:48:55,2026-04-06T11:35:20,112,2.8608333333333333
538009615,2026-04-06T09:25:27,2026-04-06T11:35:20,148,3.4697222222222224
538009615,2026-04-06T10:15:11,2026-04-06T11:35:20,185,4.298611111111111
538009615,2026-04-06T10:52:44,2026-04-06T11:35:20,222,4.924444444444444
538009615,2026-04-06T11:35:20,2026-04-06T11:35:20,259,5.634444444444444
538009968,2026-04-13T22:02:04,2026-04-13T22:44:13,2,0.07555555555555556
538009968,2026-04-13T22:05:08,2026-04-13T22:44:13,5,0.12666666666666668
538009968,2026-04-13T22:25:25,2026-04-13T22:44:13,8,0.4647222222222222
538009968,2026-04-13T22:29:28,2026-04-13T22:44:13,12,0.5322222222222223
538009968,2026-04-13T22:32:30,2026-04-13T22:44:13,15,0.5827777777777777
538009968,2026-04-13T22:36:34,2026-04-13T22:44:13,19,0.6505555555555556
538009968,2026-04-13T22:39:37,2026-04-13T22:44:13,22,0.7013888888888888
538009968,2026-04-13T22:44:13,2026-04-13T22:44:13,26,0.7780555555555555
538009987,2026-04-09T22:45:35,2026-04-10T00:55:34,2,0.016944444444444446
538009987,2026-04-09T23:03:51,2026-04-10T00:55:34,20,0.3213888888888889
538009987,2026-04-09T23:22:08,2026-04-10T00:55:34,38,0.6261111111111111
538009987,2026-04-09T23:40:24,2026-04-10T00:55:34,56,0.9305555555555556
538009987,2026-04-09T23:59:42,2026-04-10T00:55:34,75,1.2522222222222221
538009987,2026-04-10T00:17:59,2026-04-10T00:55:34,93,1.5569444444444445
538009987,2026-04-10T00:36:16,2026-04-10T00:55:34,111,1.8616666666666666
538009987,2026-04-10T00:55:34,2026-04-10T00:55:34,130,2.183333333333333
538010211,2026-04-15T23:53:10,2026-04-16T12:43:53,2,0.016944444444444446
538010211,2026-04-16T01:42:42,2026-04-16T12:43:53,110,1.8425
538010211,2026-04-16T03:32:13,2026-04-16T12:43:53,218,3.667777777777778
538010211,2026-04-16T05:22:46,2026-04-16T12:43:53,327,5.510277777777778
538010211,2026-04-16T07:12:21,2026-04-16T12:43:53,355,5.984444444444445
538010211,2026-04-16T09:03:36,2026-04-16T12:43:53,355,5.996111111111111
538010211,2026-04-16T10:53:12,2026-04-16T12:43:53,355,5.9975
538010211,2026-04-16T12:43:53,2026-04-16T12:43:53,355,5.998888888888889
538010262,2026-04-10T20:46:38,2026-04-11T00:59:36,2,0.016944444444444446
538010262,2026-04-10T21:13:04,2026-04-11T00:59:36,28,0.4575
538010262,2026-04-10T21:46:36,2026-04-11T00:59:36,55,1.0163888888888888
538010262,2026-04-10T22:14:03,2026-04-11T00:59:36,82,1.4738888888888888
538010262,2026-04-10T22:40:28,2026-04-11T00:59:36,108,1.9141666666666666
538010262,2026-04-11T00:04:47,2026-04-11T00:59:36,135,3.3194444444444446
538010262,2026-04-11T00:32:11,2026-04-11T00:59:36,162,3.776111111111111
538010262,2026-04-11T00:59:36,2026-04-11T00:59:36,189,4.233055555555556
538010540,2026-04-10T01:47:23,2026-04-10T09:08:59,2,0.016944444444444446
538010540,2026-04-10T02:20:57,2026-04-10T09:08:59,35,0.5763888888888888
538010540,2026-04-10T02:55:34,2026-04-10T09:08:59,69,1.1533333333333333
538010540,2026-04-10T03:29:11,2026-04-10T09:08:59,102,1.7136111111111112
538010540,2026-04-10T04:03:45,2026-04-10T09:08:59,136,2.289722222222222
538010540,2026-04-10T04:37:19,2026-04-10T09:08:59,169,2.8491666666666666
538010540,2026-04-10T05:11:54,2026-04-10T09:08:59,203,3.4255555555555555
538010540,2026-04-10T09:08:59,2026-04-10T09:08:59,155,5.985833333333333
538010653,2026-04-10T07:29:14,2026-04-11T06:18:23,2,0.016944444444444446
538010653,2026-04-10T16:00:46,2026-04-11T06:18:23,51,1.0691666666666666
538010653,2026-04-10T17:28:24,2026-04-11T06:18:23,134,2.5297222222222224
538010653,2026-04-10T23:03:50,2026-04-11T06:18:23,107,5.997777777777777
538010653,2026-04-11T01:45:16,2026-04-11T06:18:23,122,4.0625
538010653,2026-04-11T03:29:45,2026-04-11T06:18:23,205,5.803888888888889
538010653,2026-04-11T04:54:01,2026-04-11T06:18:23,259,5.988888888888889
538010653,2026-04-11T06:18:23,2026-04-11T06:18:23,308,5.566944444444444
538010874,2026-04-07T19:26:47,2026-04-08T04:03:31,2,0.016944444444444446
538010874,2026-04-07T21:24:26,2026-04-08T04:03:31,59,1.9777777777777779
538010874,2026-04-07T22:41:27,2026-04-08T04:03:31,116,3.261388888888889
538010874,2026-04-08T00:11:51,2026-04-08T04:03:31,173,4.768055555555556
538010874,2026-04-08T01:09:45,2026-04-08T04:03:31,230,5.733055555555556
538010874,2026-04-08T02:07:41,2026-04-08T04:03:31,245,5.988333333333333
538010874,2026-04-08T03:05:37,2026-04-08T04:03:31,295,5.838611111111111
538010874,2026-04-08T04:03:31,2026-04-08T04:03:31,323,5.993611111111111
538011225,2026-04-12T09:23:42,2026-04-12T14:27:54,2,0.016944444444444446
538011225,2026-04-12T10:06:41,2026-04-12T14:27:54,44,0.7333333333333333
538011225,2026-04-12T10:50:41,2026-04-12T14:27:54,87,1.4666666666666666
538011225,2026-04-12T11:33:39,2026-04-12T14:27:54,129,2.182777777777778
538011225,2026-04-12T12:17:36,2026-04-12T14:27:54,172,2.915277777777778
538011225,2026-04-12T13:00:23,2026-04-12T14:27:54,214,3.6283333333333334
538011225,2026-04-12T13:44:10,2026-04-12T14:27:54,257,4.358055555555556
538011225,2026-04-12T14:27:54,2026-04-12T14:27:54,300,5.086944444444445
538011848,2026-04-08T12:27:06,2026-04-08T15:36:21,2,0.016944444444444446
538011848,2026-04-08T13:04:43,2026-04-08T15:36:21,23,0.6438888888888888
538011848,2026-04-08T13:28:07,2026-04-08T15:36:21,45,1.0338888888888889
538011848,2026-04-08T13:49:28,2026-04-08T15:36:21,66,1.3897222222222223
538011848,2026-04-08T14:11:52,2026-04-08T15:36:21,88,1.7630555555555556
538011848,2026-04-08T14:33:14,2026-04-08T15:36:21,109,2.1191666666666666
538011848,2026-04-08T15:13:57,2026-04-08T15:36:21,131,2.7977777777777777
538011848,2026-04-08T15:36:21,2026-04-08T15:36:21,153,3.171111111111111
538011969,2026-04-11T17:00:16,2026-04-11T21:27:07,2,0.017222222222222222
538011969,2026-04-11T17:37:56,2026-04-11T21:27:07,39,0.645
538011969,2026-04-11T18:15:34,2026-04-11T21:27:07,76,1.2722222222222221
538011969,2026-04-11T18:54:12,2026-04-11T21:27:07,114,1.916111111111111
538011969,2026-04-11T19:31:51,2026-04-11T21:27:07,151,2.5436111111111113
538011969,2026-04-11T20:10:34,2026-04-11T21:27:07,189,3.188888888888889
538011969,2026-04-11T20:48:20,2026-04-11T21:27:07,226,3.8183333333333334
538011969,2026-04-11T21:27:07,2026-04-11T21:27:07,264,4.464722222222222
538012456,2026-04-15T03:01:25,2026-04-16T12:43:53,2,0.016944444444444446
538012456,2026-04-15T07:28:08,2026-04-16T12:43:53,265,4.4622222222222225
538012456,2026-04-15T11:56:03,2026-04-16T12:43:53,354,5.986944444444444
538012456,2026-04-15T16:25:17,2026-04-16T12:43:53,353,5.9927777777777775
538012456,2026-04-15T23:19:43,2026-04-16T12:43:53,210,5.993888888888889
538012456,2026-04-16T03:48:26,2026-04-16T12:43:53,352,5.999722222222222
538012456,2026-04-16T08:16:17,2026-04-16T12:43:53,352,5.985
538012456,2026-04-16T12:43:53,2026-04-16T12:43:53,355,5.998888888888889
538071393,2026-04-05T20:21:23,2026-04-16T11:18:36,2,0.016944444444444446
538071393,2026-04-16T07:38:44,2026-04-16T11:18:36,3,0.03388888888888889
538071393,2026-04-16T08:15:17,2026-04-16T11:18:36,39,0.6430555555555556
538071393,2026-04-16T08:52:26,2026-04-16T11:18:36,75,1.2622222222222221
538071393,2026-04-16T09:28:57,2026-04-16T11:18:36,111,1.8708333333333333
538071393,2026-04-16T10:05:29,2026-04-16T11:18:36,147,2.479722222222222
538071393,2026-04-16T10:42:02,2026-04-16T11:18:36,183,3.088888888888889
538071393,2026-04-16T11:18:36,2026-04-16T11:18:36,219,3.6983333333333333
538090701,2026-04-07T09:08:05,2026-04-08T02:47:19,2,0.016944444444444446
538090701,2026-04-07T13:43:15,2026-04-08T02:47:19,85,4.603055555555556
538090701,2026-04-07T17:30:10,2026-04-08T02:47:19,125,4.461111111111111
538090701,2026-04-07T19:59:15,2026-04-08T02:47:19,154,3.653888888888889
538090701,2026-04-07T22:21:09,2026-04-08T02:47:19,235,5.985
538090701,2026-04-07T23:46:28,2026-04-08T02:47:19,242,5.797777777777778
538090701,2026-04-08T01:11:47,2026-04-08T02:47:19,298,5.986666666666666
538090701,2026-04-08T02:47:19,2026-04-08T02:47:19,288,5.989444444444445
544203120,2026-04-10T09:19:09,2026-04-11T01:56:25,2,0.016944444444444446
544203120,2026-04-10T14:37:17,2026-04-11T01:56:25,51,5.319166666666667
544203120,2026-04-10T15:28:11,2026-04-11T01:56:25,91,5.997777777777777
544203120,2026-04-10T16:19:06,2026-04-11T01:56:25,137,2.307777777777778
544203120,2026-04-10T17:09:03,2026-04-11T01:56:25,186,3.140277777777778
544203120,2026-04-10T17:59:58,2026-04-11T01:56:25,236,3.988888888888889
544203120,2026-04-11T01:05:41,2026-04-11T01:56:25,37,0.6088888888888889
544203120,2026-04-11T01:56:25,2026-04-11T01:56:25,87,1.4544444444444444
548651000,2026-04-13T08:46:51,2026-04-16T12:43:53,2,0.016944444444444446
548651000,2026-04-13T16:07:38,2026-04-16T12:43:53,312,5.993611111111111
548651000,2026-04-15T00:10:08,2026-04-16T12:43:53,43,0.7097222222222223
548651000,2026-04-15T06:24:13,2026-04-16T12:43:53,356,5.998333333333333
548651000,2026-04-15T16:47:37,2026-04-16T12:43:53,278,5.9927777777777775
548651000,2026-04-15T23:51:08,2026-04-16T12:43:53,329,5.994166666666667
548651000,2026-04-16T06:05:23,2026-04-16T12:43:53,355,5.983888888888889
548651000,2026-04-16T12:43:53,2026-04-16T12:43:53,332,5.998888888888889
563003300,2026-04-13T05:27:10,2026-04-13T14:24:59,2,0.016666666666666666
563003300,2026-04-13T12:47:21,2026-04-13T14:24:59,7,0.10138888888888889
563003300,2026-04-13T13:03:37,2026-04-13T14:24:59,23,0.3725
563003300,2026-04-13T13:19:54,2026-04-13T14:24:59,39,0.6438888888888888
563003300,2026-04-13T13:36:11,2026-04-13T14:24:59,55,0.9152777777777777
563003300,2026-04-13T13:52:28,2026-04-13T14:24:59,71,1.1866666666666668
563003300,2026-04-13T14:08:44,2026-04-13T14:24:59,87,1.4577777777777778
563003300,2026-04-13T14:24:59,2026-04-13T14:24:59,103,1.728611111111111
563162400,2026-04-06T14:38:49,2026-04-06T16:02:04,2,0.016944444444444446
563162400,2026-04-06T14:49:59,2026-04-06T16:02:04,13,0.20305555555555554
563162400,2026-04-06T15:02:10,2026-04-06T16:02:04,25,0.4061111111111111
563162400,2026-04-06T15:14:21,2026-04-06T16:02:04,37,0.6091666666666666
563162400,2026-04-06T15:25:31,2026-04-06T16:02:04,48,0.7952777777777778
563162400,2026-04-06T15:37:42,2026-04-06T16:02:04,60,0.9983333333333333
563162400,2026-04-06T15:49:53,2026-04-06T16:02:04,72,1.2013888888888888
563162400,2026-04-06T16:02:04,2026-04-06T16:02:04,84,1.4044444444444444
563186100,2026-04-07T19:08:32,2026-04-08T00:19:59,2,0.016944444444444446
563186100,2026-04-07T20:04:19,2026-04-08T00:19:59,37,0.9466666666666667
563186100,2026-04-07T20:53:02,2026-04-08T00:19:59,73,1.7586111111111111
563186100,2026-04-07T21:53:46,2026-04-08T00:19:59,109,2.7708333333333335
563186100,2026-04-07T22:30:17,2026-04-08T00:19:59,145,3.3794444444444443
563186100,2026-04-07T23:06:51,2026-04-08T00:19:59,181,3.988888888888889
563186100,2026-04-07T23:43:25,2026-04-08T00:19:59,217,4.598333333333334
563186100,2026-04-08T00:19:59,2026-04-08T00:19:59,253,5.207777777777777
563205300,2026-04-03T10:43:39,2026-04-04T16:57:33,2,0.016944444444444446
563205300,2026-04-03T15:01:13,2026-04-04T16:57:33,256,4.309722222222222
563205300,2026-04-03T19:18:33,2026-04-04T16:57:33,356,5.996388888888889
563205300,2026-04-03T23:36:51,2026-04-04T16:57:33,356,5.9927777777777775
563205300,2026-04-04T03:57:13,2026-04-04T16:57:33,353,5.993888888888889
563205300,2026-04-04T08:15:36,2026-04-04T16:57:33,353,5.994722222222222
563205300,2026-04-04T12:33:05,2026-04-04T16:57:33,356,5.996944444444445
563205300,2026-04-04T16:57:33,2026-04-04T16:57:33,350,5.995555555555556
563246500,2026-04-10T07:07:51,2026-04-10T17:10:05,2,0.016944444444444446
563246500,2026-04-10T15:32:15,2026-04-10T17:10:05,4,0.050833333333333335
563246500,2026-04-10T15:47:32,2026-04-10T17:10:05,19,0.3055555555555556
563246500,2026-04-10T16:06:53,2026-04-10T17:10:05,35,0.6280555555555556
563246500,2026-04-10T16:22:10,2026-04-10T17:10:05,50,0.8827777777777778
563246500,2026-04-10T16:38:29,2026-04-10T17:10:05,66,1.1547222222222222
563246500,2026-04-10T16:53:46,2026-04-10T17:10:05,81,1.4094444444444445
563246500,2026-04-10T17:10:05,2026-04-10T17:10:05,97,1.6813888888888888
563279900,2026-04-05T15:17:13,2026-04-05T17:34:08,2,0.016944444444444446
563279900,2026-04-05T15:31:24,2026-04-05T17:34:08,16,0.25333333333333335
563279900,2026-04-05T15:45:36,2026-04-05T17:34:08,30,0.49
563279900,2026-04-05T15:59:48,2026-04-05T17:34:08,44,0.7266666666666667
563279900,2026-04-05T16:14:00,2026-04-05T17:34:08,58,0.9633333333333334
563279900,2026-04-05T16:28:12,2026-04-05T17:34:08,72,1.2
563279900,2026-04-05T17:19:55,2026-04-05T17:34:08,86,2.0619444444444444
563279900,2026-04-05T17:34:08,2026-04-05T17:34:08,100,2.298888888888889
563280700,2026-04-12T09:52:21,2026-04-12T12:07:24,2,0.016944444444444446
563280700,2026-04-12T10:10:47,2026-04-12T12:07:24,15,0.32416666666666666
563280700,2026-04-12T10:37:24,2026-04-12T12:07:24,28,0.7677777777777778
563280700,2026-04-12T11:12:10,2026-04-12T12:07:24,41,1.3472222222222223
563280700,2026-04-12T11:26:29,2026-04-12T12:07:24,55,1.5858333333333334
563280700,2026-04-12T11:39:48,2026-04-12T12:07:24,68,1.8077777777777777
563280700,2026-04-12T11:53:06,2026-04-12T12:07:24,81,2.0294444444444446
563280700,2026-04-12T12:07:24,2026-04-12T12:07:24,95,2.267777777777778
564724000,2026-04-04T22:04:24,2026-04-05T01:54:17,2,0.016666666666666666
564724000,2026-04-04T22:33:45,2026-04-05T01:54:17,31,0.5058333333333334
564724000,2026-04-04T23:06:10,2026-04-05T01:54:17,60,1.0461111111111112
564724000,2026-04-04T23:56:49,2026-04-05T01:54:17,89,1.8902777777777777
564724000,2026-04-05T00:26:11,2026-04-05T01:54:17,118,2.379722222222222
564724000,2026-04-05T00:55:33,2026-04-05T01:54:17,147,2.8691666666666666
564724000,2026-04-05T01:24:55,2026-04-05T01:54:17,176,3.358611111111111
564724000,2026-04-05T01:54:17,2026-04-05T01:54:17,205,3.8480555555555553
565712000,2026-04-11T21:15:53,2026-04-12T16:32:46,2,0.017222222222222222
565712000,2026-04-12T07:11:26,2026-04-12T16:32:46,73,1.2280555555555555
565712000,2026-04-12T08:34:28,2026-04-12T16:32:46,154,2.6119444444444446
565712000,2026-04-12T09:57:28,2026-04-12T16:32:46,235,3.995277777777778
565712000,2026-04-12T11:20:21,2026-04-12T16:32:46,316,5.376666666666667
565712000,2026-04-12T12:43:04,2026-04-12T16:32:46,352,5.987777777777778
565712000,2026-04-12T14:49:14,2026-04-12T16:32:46,310,5.989722222222222
565712000,2026-04-12T16:32:46,2026-04-12T16:32:46,291,5.9911111111111115
566453000,2026-04-10T15:38:22,2026-04-10T23:10:57,2,0.016944444444444446
566453000,2026-04-10T16:48:40,2026-04-10T23:10:57,63,1.188611111111111
566453000,2026-04-10T17:50:48,2026-04-10T23:10:57,124,2.2241666666666666
566453000,2026-04-10T18:52:49,2026-04-10T23:10:57,185,3.2577777777777777
566453000,2026-04-10T20:03:56,2026-04-10T23:10:57,246,4.4430555555555555
566453000,2026-04-10T21:05:57,2026-04-10T23:10:57,307,5.476666666666667
566453000,2026-04-10T22:07:57,2026-04-10T23:10:57,342,5.983888888888889
566453000,2026-04-10T23:10:57,2026-04-10T23:10:57,346,5.9975
566579000,2026-04-08T01:18:54,2026-04-08T08:06:08,2,0.016944444444444446
566579000,2026-04-08T02:13:48,2026-04-08T08:06:08,51,0.9319444444444445
566579000,2026-04-08T03:04:36,2026-04-08T08:06:08,101,1.7786111111111111
566579000,2026-04-08T03:55:23,2026-04-08T08:06:08,151,2.625
566579000,2026-04-08T04:46:09,2026-04-08T08:06:08,201,3.471111111111111
566579000,2026-04-08T05:44:59,2026-04-08T08:06:08,251,4.451666666666667
566579000,2026-04-08T06:35:45,2026-04-08T08:06:08,301,5.297777777777778
566579000,2026-04-08T08:06:08,2026-04-08T08:06:08,308,5.9911111111111115
566722000,2026-04-05T07:51:32,2026-04-15T23:32:53,2,0.016944444444444446
566722000,2026-04-05T09:12:31,2026-04-15T23:32:53,51,1.3666666666666667
566722000,2026-04-05T10:03:09,2026-04-15T23:32:53,101,2.2105555555555556
566722000,2026-04-08T09:14:14,2026-04-15T23:32:53,10,0.1525
566722000,2026-04-08T12:13:53,2026-04-15T23:32:53,60,3.1466666666666665
566722000,2026-04-08T13:03:42,2026-04-15T23:32:53,109,3.9769444444444444
566722000,2026-04-08T14:03:43,2026-04-15T23:32:53,159,4.977222222222222
566722000,2026-04-15T23:32:53,2026-04-15T23:32:53,46,0.7602777777777778
577339000,2026-04-03T10:44:40,2026-04-16T12:43:53,2,0.016944444444444446
577339000,2026-04-05T01:39:06,2026-04-16T12:43:53,330,5.991388888888889
577339000,2026-04-06T23:49:12,2026-04-16T12:43:53,227,5.539722222222222
577339000,2026-04-08T15:02:45,2026-04-16T12:43:53,332,5.995
577339000,2026-04-10T04:37:19,2026-04-16T12:43:53,355,5.9975
577339000,2026-04-11T19:14:33,2026-04-16T12:43:53,352,5.9875
577339000,2026-04-13T16:17:47,2026-04-16T12:43:53,123,5.7908333333333335
577339000,2026-04-16T12:43:53,2026-04-16T12:43:53,332,5.998888888888889
578001200,2026-04-10T04:08:50,2026-04-10T20:34:27,2,0.016944444444444446
578001200,2026-04-10T05:15:58,2026-04-10T20:34:27,57,1.1358333333333333
578001200,2026-04-10T06:12:55,2026-04-10T20:34:27,113,2.085
578001200,2026-04-10T07:09:54,2026-04-10T20:34:27,169,3.0347222222222223
578001200,2026-04-10T08:05:53,2026-04-10T20:34:27,224,3.9677777777777776
578001200,2026-04-10T18:39:36,2026-04-10T20:34:27,21,0.3386111111111111
578001200,2026-04-10T19:36:30,2026-04-10T20:34:27,77,1.2869444444444444
578001200,2026-04-10T20:34:27,2026-04-10T20:34:27,133,2.2527777777777778
605026210,2026-04-06T16:56:50,2026-04-06T23:35:00,2,0.016944444444444446
605026210,2026-04-06T20:01:07,2026-04-06T23:35:00,34,3.0883333333333334
605026210,2026-04-06T20:49:46,2026-04-06T23:35:00,66,3.8991666666666664
605026210,2026-04-06T21:23:12,2026-04-06T23:35:00,99,4.456388888888889
605026210,2026-04-06T21:55:38,2026-04-06T23:35:00,131,4.996944444444445
605026210,2026-04-06T22:29:05,2026-04-06T23:35:00,164,5.554444444444444
605026210,2026-04-06T23:01:32,2026-04-06T23:35:00,190,5.993888888888889
605026210,2026-04-06T23:35:00,2026-04-06T23:35:00,216,5.994166666666667
605076070,2026-04-09T03:03:56,2026-04-09T11:26:08,2,0.016944444444444446
605076070,2026-04-09T03:27:15,2026-04-09T11:26:08,25,0.40555555555555556
605076070,2026-04-09T05:07:33,2026-04-09T11:26:08,48,2.0772222222222223
605076070,2026-04-09T09:51:43,2026-04-09T11:26:08,34,4.905
605076070,2026-04-09T10:15:04,2026-04-09T11:26:08,57,5.2941666666666665
605076070,2026-04-09T10:38:25,2026-04-09T11:26:08,80,5.683333333333334
605076070,2026-04-09T11:01:46,2026-04-09T11:26:08,98,5.9880555555555555
605076070,2026-04-09T11:26:08,2026-04-09T11:26:08,104,5.988611111111111
613404821,2026-04-10T16:20:08,2026-04-11T08:32:31,2,0.017222222222222222
613404821,2026-04-10T22:09:58,2026-04-11T08:32:31,68,5.847777777777778
613404821,2026-04-11T01:15:50,2026-04-11T08:32:31,71,3.165277777777778
613404821,2026-04-11T03:27:43,2026-04-11T08:32:31,137,5.363333333333333
613404821,2026-04-11T04:37:45,2026-04-11T08:32:31,175,5.988611111111111
613404821,2026-04-11T06:17:22,2026-04-11T08:32:31,201,5.0425
613404821,2026-04-11T07:24:27,2026-04-11T08:32:31,257,5.991388888888889
613404821,2026-04-11T08:32:31,2026-04-11T08:32:31,299,5.671666666666667
613471602,2026-04-12T02:57:04,2026-04-12T12:10:28,2,0.017222222222222222
613471602,2026-04-12T04:15:34,2026-04-12T12:10:28,79,1.3255555555555556
613471602,2026-04-12T05:34:14,2026-04-12T12:10:28,156,2.6366666666666667
613471602,2026-04-12T06:53:00,2026-04-12T12:10:28,233,3.9494444444444445
613471602,2026-04-12T08:12:56,2026-04-12T12:10:28,311,5.281666666666666
613471602,2026-04-12T09:31:55,2026-04-12T12:10:28,352,5.986666666666666
613471602,2026-04-12T10:50:41,2026-04-12T12:10:28,352,5.989444444444445
613471602,2026-04-12T12:10:28,2026-04-12T12:10:28,352,5.99
613992601,2026-04-08T13:28:07,2026-04-08T15:23:07,2,0.016944444444444446
613992601,2026-04-08T13:44:23,2026-04-08T15:23:07,18,0.28805555555555556
613992601,2026-04-08T14:00:40,2026-04-08T15:23:07,34,0.5594444444444444
613992601,2026-04-08T14:16:57,2026-04-08T15:23:07,50,0.8308333333333333
613992601,2026-04-08T14:33:14,2026-04-08T15:23:07,66,1.1022222222222222
613992601,2026-04-08T14:49:31,2026-04-08T15:23:07,82,1.3736111111111111
613992601,2026-04-08T15:05:49,2026-04-08T15:23:07,98,1.6452777777777778
613992601,2026-04-08T15:23:07,2026-04-08T15:23:07,115,1.9336111111111112
629009126,2026-04-06T06:56:12,2026-04-16T06:36:50,2,0.016944444444444446
629009126,2026-04-06T08:26:35,2026-04-16T06:36:50,89,1.5233333333333334
629009126,2026-04-06T09:54:53,2026-04-16T06:36:50,176,2.995
629009126,2026-04-16T00:41:51,2026-04-16T06:36:50,41,2.3491666666666666
629009126,2026-04-16T02:11:06,2026-04-16T06:36:50,129,3.8366666666666664
629009126,2026-04-16T03:39:19,2026-04-16T06:36:50,216,5.3069444444444445
629009126,2026-04-16T05:07:33,2026-04-16T06:36:50,292,4.918611111111111
629009126,2026-04-16T06:36:50,2026-04-16T06:36:50,355,5.983888888888889
630001201,2026-04-12T06:59:09,2026-04-12T08:53:57,2,0.016944444444444446
630001201,2026-04-12T07:15:32,2026-04-12T08:53:57,18,0.29
630001201,2026-04-12T07:31:55,2026-04-12T08:53:57,34,0.5630555555555555
630001201,2026-04-12T07:48:19,2026-04-12T08:53:57,50,0.8363888888888888
630001201,2026-04-12T08:04:43,2026-04-12T08:53:57,66,1.1097222222222223
630001201,2026-04-12T08:21:08,2026-04-12T08:53:57,82,1.3833333333333333
630001201,2026-04-12T08:37:32,2026-04-12T08:53:57,98,1.6566666666666667
630001201,2026-04-12T08:53:57,2026-04-12T08:53:57,114,1.9302777777777778
636011638,2026-04-10T11:52:36,2026-04-10T23:24:10,2,0.016944444444444446
636011638,2026-04-10T13:31:09,2026-04-10T23:24:10,99,1.6594444444444445
636011638,2026-04-10T15:09:51,2026-04-10T23:24:10,196,3.3044444444444445
636011638,2026-04-10T16:48:40,2026-04-10T23:24:10,293,4.951388888888889
636011638,2026-04-10T18:27:25,2026-04-10T23:24:10,354,5.9880555555555555
636011638,2026-04-10T20:05:58,2026-04-10T23:24:10,354,5.986944444444444
636011638,2026-04-10T21:44:34,2026-04-10T23:24:10,354,5.984444444444445
636011638,2026-04-10T23:24:10,2026-04-10T23:24:10,355,5.997222222222222
636012378,2026-04-05T11:19:07,2026-04-05T12:07:44,2,0.016944444444444446
636012378,2026-04-05T11:25:11,2026-04-05T12:07:44,8,0.11805555555555555
636012378,2026-04-05T11:32:17,2026-04-05T12:07:44,15,0.2363888888888889
636012378,2026-04-05T11:39:22,2026-04-05T12:07:44,22,0.35444444444444445
636012378,2026-04-05T11:46:28,2026-04-05T12:07:44,29,0.4727777777777778
636012378,2026-04-05T11:53:33,2026-04-05T12:07:44,36,0.5908333333333333
636012378,2026-04-05T12:00:39,2026-04-05T12:07:44,43,0.7091666666666666
636012378,2026-04-05T12:07:44,2026-04-05T12:07:44,50,0.8272222222222222
636013095,2026-04-05T09:02:23,2026-04-05T13:15:36,2,0.016944444444444446
636013095,2026-04-05T10:27:27,2026-04-05T13:15:36,25,1.4347222222222222
636013095,2026-04-05T10:54:48,2026-04-05T13:15:36,48,1.8905555555555555
636013095,2026-04-05T11:18:06,2026-04-05T13:15:36,71,2.278888888888889
636013095,2026-04-05T11:41:24,2026-04-05T13:15:36,94,2.667222222222222
636013095,2026-04-05T12:27:59,2026-04-05T13:15:36,117,3.443611111111111
636013095,2026-04-05T12:51:17,2026-04-05T13:15:36,140,3.8319444444444444
636013095,2026-04-05T13:15:36,2026-04-05T13:15:36,164,4.237222222222222
636014168,2026-04-13T23:18:57,2026-04-13T23:27:14,2,0.017222222222222222
636014168,2026-04-13T23:19:58,2026-04-13T23:27:14,3,0.034166666666666665
636014168,2026-04-13T23:20:59,2026-04-13T23:27:14,4,0.051111111111111114
636014168,2026-04-13T23:22:01,2026-04-13T23:27:14,5,0.06833333333333333
636014168,2026-04-13T23:23:02,2026-04-13T23:27:14,6,0.08527777777777777
636014168,2026-04-13T23:24:04,2026-04-13T23:27:14,7,0.1025
636014168,2026-04-13T23:27:14,2026-04-13T23:27:14,8,0.15527777777777776
636015710,2026-04-12T10:25:07,2026-04-12T13:29:55,2,0.016944444444444446
636015710,2026-04-12T10:50:41,2026-04-12T13:29:55,27,0.44305555555555554
636015710,2026-04-12T11:17:17,2026-04-12T13:29:55,53,0.8863888888888889
636015710,2026-04-12T11:43:53,2026-04-12T13:29:55,79,1.3297222222222222
636015710,2026-04-12T12:10:28,2026-04-12T13:29:55,105,1.7727777777777778
636015710,2026-04-12T12:36:58,2026-04-12T13:29:55,131,2.2144444444444447
636015710,2026-04-12T13:03:26,2026-04-12T13:29:55,157,2.6555555555555554
636015710,2026-04-12T13:29:55,2026-04-12T13:29:55,183,3.0969444444444445
636015940,2026-04-07T04:26:59,2026-04-07T13:17:47,2,0.016944444444444446
636015940,2026-04-07T05:07:34,2026-04-07T13:17:47,42,0.6933333333333334
636015940,2026-04-07T08:06:06,2026-04-07T13:17:47,82,3.668888888888889
636015940,2026-04-07T09:06:03,2026-04-07T13:17:47,123,4.668055555555555
636015940,2026-04-07T10:17:09,2026-04-07T13:17:47,163,5.853055555555556
636015940,2026-04-07T11:08:53,2026-04-07T13:17:47,161,5.988333333333333
636015940,2026-04-07T12:36:06,2026-04-07T13:17:47,167,4.567777777777778
636015940,2026-04-07T13:17:47,2026-04-07T13:17:47,208,5.2625
636016014,2026-04-07T00:42:55,2026-04-10T06:33:16,2,0.016944444444444446
636016014,2026-04-09T06:44:57,2026-04-10T06:33:16,41,0.6766666666666666
636016014,2026-04-09T08:30:33,2026-04-10T06:33:16,145,2.4366666666666665
636016014,2026-04-09T10:17:06,2026-04-10T06:33:16,250,4.2125
636016014,2026-04-10T00:16:58,2026-04-10T06:33:16,28,0.7616666666666667
636016014,2026-04-10T02:33:11,2026-04-10T06:33:16,133,3.0319444444444446
636016014,2026-04-10T04:30:12,2026-04-10T06:33:16,237,4.982222222222222
636016014,2026-04-10T06:33:16,2026-04-10T06:33:16,310,5.696111111111111
636016205,2026-04-05T00:41:23,2026-04-15T06:28:16,2,0.016944444444444446
636016205,2026-04-15T02:45:13,2026-04-15T06:28:16,27,0.43916666666666665
636016205,2026-04-15T03:22:42,2026-04-15T06:28:16,64,1.0638888888888889
636016205,2026-04-15T03:59:12,2026-04-15T06:28:16,100,1.6722222222222223
636016205,2026-04-15T04:36:43,2026-04-15T06:28:16,137,2.2975
636016205,2026-04-15T05:13:14,2026-04-15T06:28:16,173,2.906111111111111
636016205,2026-04-15T05:50:45,2026-04-15T06:28:16,210,3.531388888888889
636016205,2026-04-15T06:28:16,2026-04-15T06:28:16,247,4.156666666666666
636017773,2026-04-11T09:51:43,2026-04-11T14:08:10,2,0.016944444444444446
636017773,2026-04-11T10:16:04,2026-04-11T14:08:10,26,0.42277777777777775
636017773,2026-04-11T12:02:16,2026-04-11T14:08:10,51,2.1927777777777777
636017773,2026-04-11T12:27:37,2026-04-11T14:08:10,75,2.6152777777777776
636017773,2026-04-11T12:52:58,2026-04-11T14:08:10,100,3.037777777777778
636017773,2026-04-11T13:17:20,2026-04-11T14:08:10,124,3.443888888888889
636017773,2026-04-11T13:42:44,2026-04-11T14:08:10,149,3.8672222222222223
636017773,2026-04-11T14:08:10,2026-04-11T14:08:10,174,4.291111111111111
636018276,2026-04-10T19:47:40,2026-04-10T23:21:07,2,0.016944444444444446
636018276,2026-04-10T20:18:10,2026-04-10T23:21:07,32,0.5252777777777777
636018276,2026-04-10T20:48:40,2026-04-10T23:21:07,62,1.033611111111111
636018276,2026-04-10T21:19:09,2026-04-10T23:21:07,92,1.5416666666666667
636018276,2026-04-10T21:49:39,2026-04-10T23:21:07,122,2.05
636018276,2026-04-10T22:20:09,2026-04-10T23:21:07,152,2.558333333333333
636018276,2026-04-10T22:50:37,2026-04-10T23:21:07,182,3.0661111111111112
636018276,2026-04-10T23:21:07,2026-04-10T23:21:07,212,3.5744444444444445
636018323,2026-04-08T11:36:17,2026-04-11T06:49:54,2,0.016944444444444446
636018323,2026-04-09T23:08:56,2026-04-11T06:49:54,75,1.2513888888888889
636018323,2026-04-10T00:52:31,2026-04-11T06:49:54,177,2.977777777777778
636018323,2026-04-10T02:38:16,2026-04-11T06:49:54,278,4.740277777777778
636018323,2026-04-11T01:40:11,2026-04-11T06:49:54,96,1.6069444444444445
636018323,2026-04-11T03:22:39,2026-04-11T06:49:54,197,3.314722222222222
636018323,2026-04-11T05:06:12,2026-04-11T06:49:54,299,5.040555555555556
636018323,2026-04-11T06:49:54,2026-04-11T06:49:54,355,5.990555555555556
636018629,2026-04-06T14:44:54,2026-04-06T16:14:14,2,0.016944444444444446
636018629,2026-04-06T14:55:03,2026-04-06T16:14:14,12,0.18611111111111112
636018629,2026-04-06T15:18:24,2026-04-06T16:14:14,23,0.5752777777777778
636018629,2026-04-06T15:29:34,2026-04-06T16:14:14,34,0.7613888888888889
636018629,2026-04-06T15:40:44,2026-04-06T16:14:14,45,0.9475
636018629,2026-04-06T15:51:54,2026-04-06T16:14:14,56,1.1336111111111111
636018629,2026-04-06T16:03:05,2026-04-06T16:14:14,67,1.32
636018629,2026-04-06T16:14:14,2026-04-06T16:14:14,78,1.5058333333333334
636018926,2026-04-06T02:26:12,2026-04-06T05:31:52,2,0.016944444444444446
636018926,2026-04-06T02:50:33,2026-04-06T05:31:52,26,0.42277777777777775
636018926,2026-04-06T03:15:55,2026-04-06T05:31:52,51,0.8455555555555555
636018926,2026-04-06T03:51:24,2026-04-06T05:31:52,75,1.4369444444444444
636018926,2026-04-06T04:16:46,2026-04-06T05:31:52,100,1.8597222222222223
636018926,2026-04-06T04:41:07,2026-04-06T05:31:52,124,2.2655555555555558
636018926,2026-04-06T05:06:30,2026-04-06T05:31:52,149,2.6886111111111113
636018926,2026-04-06T05:31:52,2026-04-06T05:31:52,174,3.111388888888889
636019542,2026-04-13T10:16:08,2026-04-13T20:24:53,2,0.016944444444444446
636019542,2026-04-13T10:29:19,2026-04-13T20:24:53,15,0.23666666666666666
636019542,2026-04-13T12:42:17,2026-04-13T20:24:53,28,2.452777777777778
636019542,2026-04-13T13:14:48,2026-04-13T20:24:53,41,2.9947222222222223
636019542,2026-04-13T13:28:02,2026-04-13T20:24:53,54,3.2152777777777777
636019542,2026-04-13T13:41:16,2026-04-13T20:24:53,67,3.4358333333333335
636019542,2026-04-13T20:10:41,2026-04-13T20:24:53,12,0.18583333333333332
636019542,2026-04-13T20:24:53,2026-04-13T20:24:53,26,0.4225
636019819,2026-04-11T12:56:00,2026-04-12T01:45:51,2,0.016944444444444446
636019819,2026-04-11T14:07:09,2026-04-12T01:45:51,72,1.2027777777777777
636019819,2026-04-11T19:44:04,2026-04-12T01:45:51,94,5.988333333333333
636019819,2026-04-11T20:56:29,2026-04-12T01:45:51,94,1.5802777777777777
636019819,2026-04-11T22:07:57,2026-04-12T01:45:51,164,2.7713888888888887
636019819,2026-04-11T23:20:20,2026-04-12T01:45:51,235,3.977777777777778
636019819,2026-04-12T00:32:39,2026-04-12T01:45:51,306,5.183055555555556
636019819,2026-04-12T01:45:51,2026-04-12T01:45:51,353,5.995833333333334
636019983,2026-04-11T14:18:20,2026-04-12T06:22:19,2,0.016944444444444446
636019983,2026-04-11T17:12:29,2026-04-12T06:22:19,98,2.9194444444444443
636019983,2026-04-11T22:02:51,2026-04-12T06:22:19,166,5.993888888888889
636019983,2026-04-11T23:41:43,2026-04-12T06:22:19,166,5.995277777777778
636019983,2026-04-12T01:20:27,2026-04-12T06:22:19,260,4.399444444444445
636019983,2026-04-12T03:04:11,2026-04-12T06:22:19,349,5.992222222222222
636019983,2026-04-12T04:43:08,2026-04-12T06:22:19,349,5.991388888888889
636019983,2026-04-12T06:22:19,2026-04-12T06:22:19,349,5.9975
636020064,2026-04-06T01:45:38,2026-04-06T11:34:19,2,0.016944444444444446
636020064,2026-04-06T02:49:32,2026-04-06T11:34:19,51,1.0819444444444444
636020064,2026-04-06T03:58:31,2026-04-06T11:34:19,100,2.2316666666666665
636020064,2026-04-06T04:48:14,2026-04-06T11:34:19,149,3.060277777777778
636020064,2026-04-06T05:37:58,2026-04-06T11:34:19,198,3.8891666666666667
636020064,2026-04-06T06:30:47,2026-04-06T11:34:19,247,4.769444444444445
636020064,2026-04-06T10:44:37,2026-04-06T11:34:19,151,5.990555555555556
636020064,2026-04-06T11:34:19,2026-04-06T11:34:19,151,5.99
636020328,2026-04-11T18:06:25,2026-04-12T11:16:16,2,0.016944444444444446
636020328,2026-04-11T20:49:21,2026-04-12T11:16:16,103,2.7325
636020328,2026-04-11T22:33:27,2026-04-12T11:16:16,205,4.4675
636020328,2026-04-12T04:19:39,2026-04-12T11:16:16,115,5.990833333333334
636020328,2026-04-12T06:03:53,2026-04-12T11:16:16,190,3.2155555555555555
636020328,2026-04-12T07:47:18,2026-04-12T11:16:16,291,4.939166666666667
636020328,2026-04-12T09:31:55,2026-04-12T11:16:16,352,5.986666666666666
636020328,2026-04-12T11:16:16,2026-04-12T11:16:16,352,5.990277777777778
636020540,2026-04-10T21:35:25,2026-04-11T14:59:03,2,0.016944444444444446
636020540,2026-04-10T22:01:51,2026-04-11T14:59:03,24,0.4575
636020540,2026-04-11T00:13:55,2026-04-11T14:59:03,46,2.658611111111111
636020540,2026-04-11T00:36:15,2026-04-11T14:59:03,68,3.0308333333333333
636020540,2026-04-11T00:59:36,2026-04-11T14:59:03,91,3.42
636020540,2026-04-11T01:27:00,2026-04-11T14:59:03,113,3.8766666666666665
636020540,2026-04-11T14:35:38,2026-04-11T14:59:03,20,0.32222222222222224
636020540,2026-04-11T14:59:03,2026-04-11T14:59:03,43,0.7125
636020938,2026-04-08T12:55:34,2026-04-08T16:48:35,2,0.016944444444444446
636020938,2026-04-08T13:27:06,2026-04-08T16:48:35,33,0.5425
636020938,2026-04-08T14:07:47,2026-04-08T16:48:35,64,1.2205555555555556
636020938,2026-04-08T14:40:21,2026-04-08T16:48:35,96,1.7633333333333334
636020938,2026-04-08T15:11:55,2026-04-08T16:48:35,127,2.2894444444444444
636020938,2026-04-08T15:44:30,2026-04-08T16:48:35,159,2.8325
636020938,2026-04-08T16:16:02,2026-04-08T16:48:35,190,3.3580555555555556
636020938,2026-04-08T16:48:35,2026-04-08T16:48:35,222,3.9005555555555556
636020986,2026-04-06T02:04:54,2026-04-06T04:17:47,2,0.016944444444444446
636020986,2026-04-06T02:23:10,2026-04-06T04:17:47,20,0.3213888888888889
636020986,2026-04-06T02:42:26,2026-04-06T04:17:47,39,0.6425
636020986,2026-04-06T03:01:43,2026-04-06T04:17:47,58,0.9638888888888889
636020986,2026-04-06T03:19:58,2026-04-06T04:17:47,76,1.2680555555555555
636020986,2026-04-06T03:39:14,2026-04-06T04:17:47,95,1.5891666666666666
636020986,2026-04-06T03:58:31,2026-04-06T04:17:47,114,1.9105555555555556
636020986,2026-04-06T04:17:47,2026-04-06T04:17:47,133,2.2316666666666665
636021078,2026-04-05T04:37:14,2026-04-16T02:11:06,2,0.016944444444444446
636021078,2026-04-08T05:54:08,2026-04-16T02:11:06,82,1.5222222222222221
636021078,2026-04-08T07:37:42,2026-04-16T02:11:06,184,3.2483333333333335
636021078,2026-04-13T07:55:09,2026-04-16T02:11:06,29,0.5408333333333334
636021078,2026-04-13T09:47:43,2026-04-16T02:11:06,131,2.4169444444444443
636021078,2026-04-15T22:44:13,2026-04-16T02:11:06,83,1.3852777777777778
636021078,2026-04-16T00:27:39,2026-04-16T02:11:06,185,3.109166666666667
636021078,2026-04-16T02:11:06,2026-04-16T02:11:06,287,4.833333333333333
636021161,2026-04-11T18:24:43,2026-04-12T03:11:19,2,0.016944444444444446
636021161,2026-04-11T19:33:53,2026-04-12T03:11:19,70,1.1697222222222223
636021161,2026-04-11T20:44:15,2026-04-12T03:11:19,139,2.3425
636021161,2026-04-11T22:25:18,2026-04-12T03:11:19,208,4.026666666666666
636021161,2026-04-11T23:35:37,2026-04-12T03:11:19,277,5.198611111111111
636021161,2026-04-12T00:45:53,2026-04-12T03:11:19,324,5.996944444444445
636021161,2026-04-12T01:56:00,2026-04-12T03:11:19,324,5.995
636021161,2026-04-12T03:11:19,2026-04-12T03:11:19,319,5.991944444444444
636021246,2026-04-10T00:07:49,2026-04-13T16:52:20,2,0.016944444444444446
636021246,2026-04-10T08:04:52,2026-04-13T16:52:20,103,1.7302777777777778
636021246,2026-04-10T10:07:59,2026-04-13T16:52:20,224,3.7822222222222224
636021246,2026-04-10T13:52:30,2026-04-13T16:52:20,254,5.9975
636021246,2026-04-10T17:24:20,2026-04-13T16:52:20,200,4.9875
636021246,2026-04-13T11:46:27,2026-04-13T16:52:20,63,1.048888888888889
636021246,2026-04-13T13:49:24,2026-04-13T16:52:20,184,3.0980555555555553
636021246,2026-04-13T16:52:20,2026-04-13T16:52:20,296,5.994722222222222
636021362,2026-04-06T08:59:04,2026-04-06T17:07:59,2,0.016944444444444446
636021362,2026-04-06T09:59:57,2026-04-06T17:07:59,62,1.0316666666666667
636021362,2026-04-06T11:00:51,2026-04-06T17:07:59,122,2.046666666666667
636021362,2026-04-06T12:59:28,2026-04-06T17:07:59,182,4.023611111111111
636021362,2026-04-06T14:04:21,2026-04-06T17:07:59,242,5.105
636021362,2026-04-06T15:05:13,2026-04-06T17:07:59,294,5.983888888888889
636021362,2026-04-06T16:06:07,2026-04-06T17:07:59,294,5.984166666666667
636021362,2026-04-06T17:07:59,2026-04-06T17:07:59,294,5.983611111111111
636021365,2026-04-12T02:05:10,2026-04-12T14:15:42,2,0.016944444444444446
636021365,2026-04-12T04:09:26,2026-04-12T14:15:42,100,2.0880555555555556
636021365,2026-04-12T05:50:36,2026-04-12T14:15:42,199,3.7741666666666664
636021365,2026-04-12T07:31:55,2026-04-12T14:15:42,298,5.462777777777778
636021365,2026-04-12T09:12:25,2026-04-12T14:15:42,331,5.984166666666667
636021365,2026-04-12T10:53:45,2026-04-12T14:15:42,352,5.989722222222222
636021365,2026-04-12T12:34:55,2026-04-12T14:15:42,352,5.988333333333333
636021365,2026-04-12T14:15:42,2026-04-12T14:15:42,353,5.995
636021513,2026-04-06T10:04:01,2026-04-06T15:43:47,2,0.016944444444444446
636021513,2026-04-06T10:44:37,2026-04-06T15:43:47,34,0.6936111111111111
636021513,2026-04-06T11:29:15,2026-04-06T15:43:47,67,1.4375
636021513,2026-04-06T12:40:13,2026-04-06T15:43:47,100,2.620277777777778
636021513,2026-04-06T14:03:20,2026-04-06T15:43:47,133,4.0055555555555555
636021513,2026-04-06T14:36:47,2026-04-06T15:43:47,166,4.563055555555556
636021513,2026-04-06T15:10:17,2026-04-06T15:43:47,199,5.121388888888889
636021513,2026-04-06T15:43:47,2026-04-06T15:43:47,232,5.679722222222222
636021596,2026-04-12T13:28:53,2026-04-12T15:15:39,2,0.016944444444444446
636021596,2026-04-12T13:44:10,2026-04-12T15:15:39,17,0.27166666666666667
636021596,2026-04-12T13:59:25,2026-04-12T15:15:39,32,0.5258333333333334
636021596,2026-04-12T14:14:41,2026-04-12T15:15:39,47,0.7802777777777777
636021596,2026-04-12T14:29:56,2026-04-12T15:15:39,62,1.0344444444444445
636021596,2026-04-12T14:45:10,2026-04-12T15:15:39,77,1.2883333333333333
636021596,2026-04-12T15:00:25,2026-04-12T15:15:39,92,1.5425
636021596,2026-04-12T15:15:39,2026-04-12T15:15:39,107,1.7963888888888888
636021665,2026-04-10T03:16:57,2026-04-10T09:35:26,2,0.016944444444444446
636021665,2026-04-10T04:10:52,2026-04-10T09:35:26,55,0.9155555555555556
636021665,2026-04-10T05:04:47,2026-04-10T09:35:26,108,1.8141666666666667
636021665,2026-04-10T05:58:41,2026-04-10T09:35:26,161,2.7125
636021665,2026-04-10T06:52:36,2026-04-10T09:35:26,214,3.611111111111111
636021665,2026-04-10T07:46:32,2026-04-10T09:35:26,267,4.51
636021665,2026-04-10T08:40:28,2026-04-10T09:35:26,320,5.408888888888889
636021665,2026-04-10T09:35:26,2026-04-10T09:35:26,354,5.985555555555556
636021700,2026-04-03T10:43:39,2026-04-16T12:43:53,2,0.016944444444444446
636021700,2026-04-05T06:13:21,2026-04-16T12:43:53,340,5.954722222222222
636021700,2026-04-06T22:55:27,2026-04-16T12:43:53,304,5.993888888888889
636021700,2026-04-08T12:48:27,2026-04-16T12:43:53,345,5.991666666666666
636021700,2026-04-10T01:53:30,2026-04-16T12:43:53,350,5.987222222222222
636021700,2026-04-11T16:02:12,2026-04-16T12:43:53,289,5.988888888888889
636021700,2026-04-14T23:52:54,2026-04-16T12:43:53,26,0.4225
636021700,2026-04-16T12:43:53,2026-04-16T12:43:53,355,5.998888888888889
636021702,2026-04-10T19:24:18,2026-04-11T01:59:28,2,0.016944444444444446
636021702,2026-04-10T20:09:01,2026-04-11T01:59:28,46,0.7622222222222222
636021702,2026-04-10T20:53:45,2026-04-11T01:59:28,90,1.5077777777777779
636021702,2026-04-10T21:38:28,2026-04-11T01:59:28,134,2.2530555555555556
636021702,2026-04-10T22:23:11,2026-04-11T01:59:28,178,2.9983333333333335
636021702,2026-04-10T23:07:54,2026-04-11T01:59:28,222,3.743611111111111
636021702,2026-04-10T23:52:36,2026-04-11T01:59:28,266,4.488611111111111
636021702,2026-04-11T01:59:28,2026-04-11T01:59:28,274,5.993333333333333
636021733,2026-04-03T20:55:48,2026-04-10T14:14:53,2,0.016944444444444446
636021733,2026-04-04T04:50:55,2026-04-10T14:14:53,353,5.993888888888889
636021733,2026-04-04T12:49:17,2026-04-10T14:14:53,354,5.996944444444445
636021733,2026-04-05T01:30:59,2026-04-10T14:14:53,251,5.991388888888889
636021733,2026-04-05T15:12:08,2026-04-10T14:14:53,256,5.183611111111111
636021733,2026-04-05T23:15:38,2026-04-10T14:14:53,352,5.9286111111111115
636021733,2026-04-06T07:12:27,2026-04-10T14:14:53,351,5.9875
636021733,2026-04-10T14:14:53,2026-04-10T14:14:53,65,5.861666666666666
636021739,2026-04-16T05:16:41,2026-04-16T06:24:40,2,0.016944444444444446
636021739,2026-04-16T05:25:49,2026-04-16T06:24:40,11,0.16916666666666666
636021739,2026-04-16T05:35:57,2026-04-16T06:24:40,21,0.33805555555555555
636021739,2026-04-16T05:45:05,2026-04-16T06:24:40,30,0.49027777777777776
636021739,2026-04-16T05:55:14,2026-04-16T06:24:40,40,0.6594444444444445
636021739,2026-04-16T06:04:22,2026-04-16T06:24:40,49,0.8116666666666666
636021739,2026-04-16T06:14:31,2026-04-16T06:24:40,59,0.9808333333333333
636021739,2026-04-16T06:24:40,2026-04-16T06:24:40,69,1.15
636021781,2026-04-12T02:25:31,2026-04-12T16:44:57,2,0.016944444444444446
636021781,2026-04-12T04:15:34,2026-04-12T16:44:57,106,1.8511111111111112
636021781,2026-04-12T06:01:51,2026-04-12T16:44:57,210,3.6225
636021781,2026-04-12T07:48:19,2026-04-12T16:44:57,314,5.396944444444444
636021781,2026-04-12T09:34:59,2026-04-12T16:44:57,352,5.986666666666666
636021781,2026-04-12T11:21:23,2026-04-12T16:44:57,352,5.990277777777778
636021781,2026-04-12T13:07:31,2026-04-12T16:44:57,352,5.985833333333333
636021781,2026-04-12T16:44:57,2026-04-12T16:44:57,245,5.989722222222222
636022183,2026-04-11T13:43:45,2026-04-12T02:03:08,2,0.016944444444444446
636022183,2026-04-11T14:57:01,2026-04-12T02:03:08,74,1.2380555555555555
636022183,2026-04-11T16:10:21,2026-04-12T02:03:08,146,2.460277777777778
636022183,2026-04-11T20:50:22,2026-04-12T02:03:08,151,5.9911111111111115
636022183,2026-04-11T22:03:52,2026-04-12T02:03:08,151,5.993888888888889
636022183,2026-04-11T23:17:16,2026-04-12T02:03:08,183,3.3494444444444444
636022183,2026-04-12T00:30:37,2026-04-12T02:03:08,255,4.571944444444444
636022183,2026-04-12T02:03:08,2026-04-12T02:03:08,320,5.995
636022522,2026-04-10T17:13:08,2026-04-11T02:00:28,2,0.016944444444444446
636022522,2026-04-10T17:59:58,2026-04-11T02:00:28,48,0.7975
636022522,2026-04-10T18:47:44,2026-04-11T02:00:28,95,1.593611111111111
636022522,2026-04-10T19:37:31,2026-04-11T02:00:28,142,2.4233333333333333
636022522,2026-04-10T21:42:32,2026-04-11T02:00:28,188,4.506944444444445
636022522,2026-04-10T22:37:25,2026-04-11T02:00:28,235,5.421666666666667
636022522,2026-04-10T23:25:11,2026-04-11T02:00:28,269,5.997222222222222
636022522,2026-04-11T02:00:28,2026-04-11T02:00:28,165,5.993055555555555
636022541,2026-04-10T05:16:59,2026-04-10T09:58:50,2,0.016944444444444446
636022541,2026-04-10T05:56:39,2026-04-10T09:58:50,41,0.6780555555555555
636022541,2026-04-10T06:37:20,2026-04-10T09:58:50,81,1.356111111111111
636022541,2026-04-10T07:17:01,2026-04-10T09:58:50,120,2.0175
636022541,2026-04-10T07:57:44,2026-04-10T09:58:50,160,2.696111111111111
636022541,2026-04-10T08:37:25,2026-04-10T09:58:50,199,3.3575
636022541,2026-04-10T09:18:08,2026-04-10T09:58:50,239,4.036111111111111
636022541,2026-04-10T09:58:50,2026-04-10T09:58:50,279,4.714444444444444
636022867,2026-04-11T21:17:55,2026-04-12T16:28:42,2,0.016944444444444446
636022867,2026-04-11T22:47:43,2026-04-12T16:28:42,90,1.513611111111111
636022867,2026-04-12T00:20:26,2026-04-12T16:28:42,179,3.0588888888888888
636022867,2026-04-12T05:44:27,2026-04-12T16:28:42,125,5.9944444444444445
636022867,2026-04-12T07:20:39,2026-04-12T16:28:42,123,2.778611111111111
636022867,2026-04-12T08:51:54,2026-04-12T16:28:42,212,4.299444444444444
636022867,2026-04-12T10:33:18,2026-04-12T16:28:42,301,5.989444444444445
636022867,2026-04-12T16:28:42,2026-04-12T16:28:42,94,5.991388888888889
636022905,2026-04-08T09:26:26,2026-04-08T16:31:18,2,0.016944444444444446
636022905,2026-04-08T10:28:22,2026-04-08T16:31:18,60,1.0491666666666666
636022905,2026-04-08T11:34:15,2026-04-08T16:31:18,118,2.147222222222222
636022905,2026-04-08T12:33:12,2026-04-08T16:31:18,176,3.129722222222222
636022905,2026-04-08T13:33:12,2026-04-08T16:31:18,235,4.129722222222222
636022905,2026-04-08T14:32:13,2026-04-08T16:31:18,293,5.113333333333333
636022905,2026-04-08T15:31:16,2026-04-08T16:31:18,345,5.995833333333334
636022905,2026-04-08T16:31:18,2026-04-08T16:31:18,348,5.998055555555555
636023127,2026-04-07T02:35:27,2026-04-07T13:01:29,2,0.016944444444444446
636023127,2026-04-07T04:48:17,2026-04-07T13:01:29,62,2.2308333333333334
636023127,2026-04-07T05:50:10,2026-04-07T13:01:29,123,3.2622222222222224
636023127,2026-04-07T06:52:02,2026-04-07T13:01:29,184,4.293333333333333
636023127,2026-04-07T09:00:58,2026-04-07T13:01:29,224,4.887777777777778
636023127,2026-04-07T10:07:00,2026-04-07T13:01:29,285,5.988333333333333
636023127,2026-04-07T11:59:34,2026-04-07T13:01:29,235,5.9875
636023127,2026-04-07T13:01:29,2026-04-07T13:01:29,235,5.988611111111111
636023250,2026-04-13T16:41:09,2026-04-13T20:46:10,2,0.016944444444444446
636023250,2026-04-13T16:57:24,2026-04-13T20:46:10,18,0.2877777777777778
636023250,2026-04-13T17:14:40,2026-04-13T20:46:10,35,0.5755555555555556
636023250,2026-04-13T19:37:16,2026-04-13T20:46:10,52,2.9522222222222223
636023250,2026-04-13T19:54:28,2026-04-13T20:46:10,69,3.238888888888889
636023250,2026-04-13T20:11:42,2026-04-13T20:46:10,86,3.526111111111111
636023250,2026-04-13T20:28:56,2026-04-13T20:46:10,103,3.8133333333333335
636023250,2026-04-13T20:46:10,2026-04-13T20:46:10,120,4.100555555555555
636023526,2026-04-10T20:24:16,2026-04-10T20:40:32,2,0.016944444444444446
636023526,2026-04-10T20:26:18,2026-04-10T20:40:32,4,0.050833333333333335
636023526,2026-04-10T20:28:21,2026-04-10T20:40:32,6,0.085
636023526,2026-04-10T20:30:23,2026-04-10T20:40:32,8,0.11888888888888889
636023526,2026-04-10T20:33:26,2026-04-10T20:40:32,11,0.16972222222222222
636023526,2026-04-10T20:35:28,2026-04-10T20:40:32,13,0.2036111111111111
636023526,2026-04-10T20:37:29,2026-04-10T20:40:32,15,0.23722222222222222
636023526,2026-04-10T20:40:32,2026-04-10T20:40:32,18,0.28805555555555556
636023809,2026-04-13T20:25:53,2026-04-13T23:04:51,2,0.016666666666666666
636023809,2026-04-13T20:32:59,2026-04-13T23:04:51,9,0.135
636023809,2026-04-13T20:40:05,2026-04-13T23:04:51,16,0.25333333333333335
636023809,2026-04-13T21:02:23,2026-04-13T23:04:51,23,0.625
636023809,2026-04-13T22:32:30,2026-04-13T23:04:51,31,2.1269444444444443
636023809,2026-04-13T22:39:37,2026-04-13T23:04:51,38,2.2455555555555557
636023809,2026-04-13T22:47:58,2026-04-13T23:04:51,45,2.3847222222222224
636023809,2026-04-13T23:04:51,2026-04-13T23:04:51,53,2.6661111111111113
636024336,2026-04-04T23:28:27,2026-04-05T02:31:45,2,0.016944444444444446
636024336,2026-04-04T23:48:43,2026-04-05T02:31:45,22,0.3547222222222222
636024336,2026-04-05T00:12:01,2026-04-05T02:31:45,42,0.7430555555555556
636024336,2026-04-05T01:08:43,2026-04-05T02:31:45,62,1.6880555555555556
636024336,2026-04-05T01:29:59,2026-04-05T02:31:45,83,2.0425
636024336,2026-04-05T01:50:14,2026-04-05T02:31:45,103,2.38
636024336,2026-04-05T02:10:29,2026-04-05T02:31:45,123,2.7175
636024336,2026-04-05T02:31:45,2026-04-05T02:31:45,144,3.0719444444444446
636024536,2026-04-12T03:35:47,2026-04-12T13:32:58,2,0.017222222222222222
636024536,2026-04-12T04:59:29,2026-04-12T13:32:58,84,1.4122222222222223
636024536,2026-04-12T06:23:20,2026-04-12T13:32:58,166,2.8097222222222222
636024536,2026-04-12T07:47:18,2026-04-12T13:32:58,248,4.2091666666666665
636024536,2026-04-12T09:11:24,2026-04-12T13:32:58,330,5.610833333333333
636024536,2026-04-12T10:35:21,2026-04-12T13:32:58,352,5.989444444444445
636024536,2026-04-12T11:59:13,2026-04-12T13:32:58,352,5.990277777777778
636024536,2026-04-12T13:32:58,2026-04-12T13:32:58,343,5.983333333333333
636024606,2026-04-12T00:34:42,2026-04-12T13:35:00,2,0.017222222222222222
636024606,2026-04-12T02:25:31,2026-04-12T13:35:00,111,1.8641666666666667
636024606,2026-04-12T04:16:35,2026-04-12T13:35:00,220,3.7152777777777777
636024606,2026-04-12T06:07:59,2026-04-12T13:35:00,329,5.571944444444444
636024606,2026-04-12T07:59:36,2026-04-12T13:35:00,353,5.991944444444444
636024606,2026-04-12T09:51:20,2026-04-12T13:35:00,352,5.987222222222222
636024606,2026-04-12T11:42:52,2026-04-12T13:35:00,352,5.990555555555556
636024606,2026-04-12T13:35:00,2026-04-12T13:35:00,353,6.0
636024786,2026-04-05T17:02:41,2026-04-05T17:36:09,2,0.016944444444444446
636024786,2026-04-05T17:06:44,2026-04-05T17:36:09,6,0.08444444444444445
636024786,2026-04-05T17:11:49,2026-04-05T17:36:09,11,0.16916666666666666
636024786,2026-04-05T17:16:53,2026-04-05T17:36:09,16,0.2536111111111111
636024786,2026-04-05T17:20:56,2026-04-05T17:36:09,20,0.3211111111111111
636024786,2026-04-05T17:26:00,2026-04-05T17:36:09,25,0.40555555555555556
636024786,2026-04-05T17:31:05,2026-04-05T17:36:09,30,0.49027777777777776
636024786,2026-04-05T17:36:09,2026-04-05T17:36:09,35,0.5747222222222222
636024805,2026-04-11T14:18:20,2026-04-12T06:27:26,2,0.016944444444444446
636024805,2026-04-11T14:46:50,2026-04-12T06:27:26,30,0.49194444444444446
636024805,2026-04-12T03:11:19,2026-04-12T06:27:26,23,0.5938888888888889
636024805,2026-04-12T04:07:24,2026-04-12T06:27:26,51,1.5286111111111111
636024805,2026-04-12T04:35:59,2026-04-12T06:27:26,79,2.005
636024805,2026-04-12T05:04:35,2026-04-12T06:27:26,107,2.4816666666666665
636024805,2026-04-12T05:33:12,2026-04-12T06:27:26,135,2.9586111111111113
636024805,2026-04-12T06:27:26,2026-04-12T06:27:26,163,3.8625
636024824,2026-04-11T17:51:09,2026-04-12T12:51:13,2,0.016944444444444446
636024824,2026-04-11T20:53:26,2026-04-12T12:51:13,118,3.055
636024824,2026-04-11T22:51:48,2026-04-12T12:51:13,234,5.027777777777778
636024824,2026-04-12T04:35:59,2026-04-12T12:51:13,133,5.9911111111111115
636024824,2026-04-12T06:34:35,2026-04-12T12:51:13,229,3.88
636024824,2026-04-12T08:34:28,2026-04-12T12:51:13,346,5.878055555555555
636024824,2026-04-12T10:33:18,2026-04-12T12:51:13,352,5.989444444444445
636024824,2026-04-12T12:51:13,2026-04-12T12:51:13,334,5.987222222222222
636024855,2026-04-06T02:45:29,2026-04-06T05:12:35,2,0.016944444444444446
636024855,2026-04-06T03:02:44,2026-04-06T05:12:35,19,0.30444444444444446
636024855,2026-04-06T03:20:59,2026-04-06T05:12:35,37,0.6086111111111111
636024855,2026-04-06T03:39:14,2026-04-06T05:12:35,55,0.9127777777777778
636024855,2026-04-06T03:57:30,2026-04-06T05:12:35,73,1.2172222222222222
636024855,2026-04-06T04:22:51,2026-04-06T05:12:35,91,1.6397222222222223
636024855,2026-04-06T04:54:19,2026-04-06T05:12:35,109,2.1641666666666666
636024855,2026-04-06T05:12:35,2026-04-06T05:12:35,127,2.468611111111111
636024939,2026-04-07T11:48:25,2026-04-07T20:52:01,2,0.016944444444444446
636024939,2026-04-07T12:48:16,2026-04-07T20:52:01,61,1.0144444444444445
636024939,2026-04-07T13:49:21,2026-04-07T20:52:01,121,2.0325
636024939,2026-04-07T14:50:30,2026-04-07T20:52:01,181,3.0516666666666667
636024939,2026-04-07T15:51:34,2026-04-07T20:52:01,241,4.069444444444445
636024939,2026-04-07T16:56:36,2026-04-07T20:52:01,301,5.153333333333333
636024939,2026-04-07T19:51:08,2026-04-07T20:52:01,239,5.995833333333334
636024939,2026-04-07T20:52:01,2026-04-07T20:52:01,239,5.991388888888889
636025061,2026-04-06T22:31:07,2026-04-07T05:18:43,2,0.016944444444444446
636025061,2026-04-06T22:43:17,2026-04-07T05:18:43,14,0.21972222222222224
636025061,2026-04-06T22:56:28,2026-04-07T05:18:43,27,0.43944444444444447
636025061,2026-04-06T23:09:39,2026-04-07T05:18:43,40,0.6591666666666667
636025061,2026-04-06T23:21:49,2026-04-07T05:18:43,52,0.8619444444444444
636025061,2026-04-07T04:52:20,2026-04-07T05:18:43,43,5.998888888888889
636025061,2026-04-07T05:05:32,2026-04-07T05:18:43,43,5.998888888888889
636025061,2026-04-07T05:18:43,2026-04-07T05:18:43,43,5.998888888888889
636025888,2026-04-04T11:07:58,2026-04-04T13:51:06,2,0.016944444444444446
636025888,2026-04-04T11:16:05,2026-04-04T13:51:06,10,0.15222222222222223
636025888,2026-04-04T11:28:15,2026-04-04T13:51:06,19,0.355
636025888,2026-04-04T11:37:22,2026-04-04T13:51:06,28,0.5069444444444444
636025888,2026-04-04T11:45:28,2026-04-04T13:51:06,36,0.6419444444444444
636025888,2026-04-04T13:32:52,2026-04-04T13:51:06,45,2.4319444444444445
636025888,2026-04-04T13:41:59,2026-04-04T13:51:06,54,2.5838888888888887
636025888,2026-04-04T13:51:06,2026-04-04T13:51:06,63,2.7358333333333333
636025912,2026-04-08T12:21:00,2026-04-08T15:37:22,2,0.016944444444444446
636025912,2026-04-08T12:48:27,2026-04-08T15:37:22,29,0.47444444444444445
636025912,2026-04-08T13:16:56,2026-04-08T15:37:22,57,0.9491666666666667
636025912,2026-04-08T13:44:23,2026-04-08T15:37:22,84,1.4066666666666667
636025912,2026-04-08T14:12:53,2026-04-08T15:37:22,112,1.8816666666666666
636025912,2026-04-08T14:40:21,2026-04-08T15:37:22,139,2.3394444444444447
636025912,2026-04-08T15:08:52,2026-04-08T15:37:22,167,2.814722222222222
636025912,2026-04-08T15:37:22,2026-04-08T15:37:22,195,3.289722222222222
636092313,2026-04-08T00:28:07,2026-04-08T06:56:04,2,0.016944444444444446
636092313,2026-04-08T01:12:48,2026-04-08T06:56:04,46,0.7616666666666667
636092313,2026-04-08T01:57:31,2026-04-08T06:56:04,90,1.5069444444444444
636092313,2026-04-08T02:42:14,2026-04-08T06:56:04,134,2.252222222222222
636092313,2026-04-08T04:31:56,2026-04-08T06:56:04,178,4.080555555555556
636092313,2026-04-08T05:16:36,2026-04-08T06:56:04,222,4.825
636092313,2026-04-08T06:11:24,2026-04-08T06:56:04,266,5.738333333333333
636092313,2026-04-08T06:56:04,2026-04-08T06:56:04,281,5.991944444444444
636092552,2026-04-10T16:20:08,2026-04-11T10:20:07,2,0.017222222222222222
636092552,2026-04-10T17:21:17,2026-04-11T10:20:07,62,1.0363888888888888
636092552,2026-04-11T05:13:19,2026-04-11T10:20:07,41,0.6772222222222222
636092552,2026-04-11T06:14:18,2026-04-11T10:20:07,101,1.6936111111111112
636092552,2026-04-11T07:16:20,2026-04-11T10:20:07,162,2.7275
636092552,2026-04-11T08:17:17,2026-04-11T10:20:07,222,3.743333333333333
636092552,2026-04-11T09:18:13,2026-04-11T10:20:07,282,4.7588888888888885
636092552,2026-04-11T10:20:07,2026-04-11T10:20:07,343,5.790555555555556
636093132,2026-04-11T17:08:24,2026-04-12T17:53:56,2,0.016944444444444446
636093132,2026-04-11T21:35:17,2026-04-12T17:53:56,176,4.465
636093132,2026-04-12T00:32:39,2026-04-12T17:53:56,287,4.860555555555556
636093132,2026-04-12T04:12:30,2026-04-12T17:53:56,312,5.990833333333334
636093132,2026-04-12T07:11:26,2026-04-12T17:53:56,318,5.3925
636093132,2026-04-12T10:09:46,2026-04-12T17:53:56,352,5.988611111111111
636093132,2026-04-12T13:07:31,2026-04-12T17:53:56,352,5.985833333333333
636093132,2026-04-12T17:53:56,2026-04-12T17:53:56,248,5.996944444444445
636093171,2026-04-11T07:53:55,2026-04-11T14:33:36,2,0.016944444444444446
636093171,2026-04-11T08:30:29,2026-04-11T14:33:36,38,0.6263888888888889
636093171,2026-04-11T09:26:20,2026-04-11T14:33:36,74,1.5572222222222223
636093171,2026-04-11T12:05:19,2026-04-11T14:33:36,111,4.206944444444445
636093171,2026-04-11T12:41:48,2026-04-11T14:33:36,147,4.815
636093171,2026-04-11T13:19:22,2026-04-11T14:33:36,184,5.441111111111111
636093171,2026-04-11T13:55:57,2026-04-11T14:33:36,217,6.0
636093171,2026-04-11T14:33:36,2026-04-11T14:33:36,216,5.984166666666667
636093237,2026-04-12T06:03:53,2026-04-12T17:14:23,2,0.016944444444444446
636093237,2026-04-12T08:25:14,2026-04-12T17:14:23,17,2.372777777777778
636093237,2026-04-12T08:41:38,2026-04-12T17:14:23,33,2.6461111111111113
636093237,2026-04-12T09:29:52,2026-04-12T17:14:23,49,3.45
636093237,2026-04-12T09:55:25,2026-04-12T17:14:23,64,3.8758333333333335
636093237,2026-04-12T16:41:54,2026-04-12T17:14:23,15,0.23694444444444446
636093237,2026-04-12T16:58:09,2026-04-12T17:14:23,31,0.5077777777777778
636093237,2026-04-12T17:14:23,2026-04-12T17:14:23,47,0.7783333333333333
636093368,2026-04-05T10:39:36,2026-04-05T11:42:24,2,0.016944444444444446
636093368,2026-04-05T10:47:42,2026-04-05T11:42:24,10,0.15194444444444444
636093368,2026-04-05T10:56:49,2026-04-05T11:42:24,19,0.3038888888888889
636093368,2026-04-05T11:05:57,2026-04-05T11:42:24,28,0.45611111111111113
636093368,2026-04-05T11:15:03,2026-04-05T11:42:24,37,0.6077777777777778
636093368,2026-04-05T11:24:10,2026-04-05T11:42:24,46,0.7597222222222222
636093368,2026-04-05T11:33:17,2026-04-05T11:42:24,55,0.9116666666666666
636093368,2026-04-05T11:42:24,2026-04-05T11:42:24,64,1.063611111111111
647553008,2026-04-12T06:49:56,2026-04-12T12:55:18,2,0.016944444444444446
647553008,2026-04-12T07:38:04,2026-04-12T12:55:18,49,0.8191666666666667
647553008,2026-04-12T08:53:57,2026-04-12T12:55:18,96,2.0838888888888887
647553008,2026-04-12T09:42:08,2026-04-12T12:55:18,143,2.8869444444444445
647553008,2026-04-12T10:30:14,2026-04-12T12:55:18,190,3.6886111111111113
647553008,2026-04-12T11:18:18,2026-04-12T12:55:18,237,4.489722222222222
647553008,2026-04-12T12:06:23,2026-04-12T12:55:18,284,5.291111111111111
647553008,2026-04-12T12:55:18,2026-04-12T12:55:18,325,5.986944444444444
667001639,2026-04-11T16:48:02,2026-04-12T11:39:48,2,0.016944444444444446
667001639,2026-04-11T20:25:52,2026-04-12T11:39:48,127,3.6475
667001639,2026-04-11T22:34:28,2026-04-12T11:39:48,253,5.7908333333333335
667001639,2026-04-12T02:54:00,2026-04-12T11:39:48,224,5.9925
667001639,2026-04-12T05:02:33,2026-04-12T11:39:48,224,5.9925
667001639,2026-04-12T07:10:25,2026-04-12T11:39:48,271,4.595833333333333
667001639,2026-04-12T09:19:36,2026-04-12T11:39:48,352,5.985
667001639,2026-04-12T11:39:48,2026-04-12T11:39:48,341,5.990555555555556
667002240,2026-04-10T05:20:03,2026-04-10T17:44:42,2,0.016944444444444446
667002240,2026-04-10T07:07:51,2026-04-10T17:44:42,56,1.813611111111111
667002240,2026-04-10T08:03:51,2026-04-10T17:44:42,111,2.7469444444444444
667002240,2026-04-10T10:48:39,2026-04-10T17:44:42,165,5.493611111111111
667002240,2026-04-10T14:49:29,2026-04-10T17:44:42,77,5.5055555555555555
667002240,2026-04-10T15:44:29,2026-04-10T17:44:42,112,4.964444444444444
667002240,2026-04-10T16:48:40,2026-04-10T17:44:42,164,5.983333333333333
667002240,2026-04-10T17:44:42,2026-04-10T17:44:42,211,5.5808333333333335
667002260,2026-04-10T02:24:01,2026-04-10T08:57:47,2,0.016944444444444446
667002260,2026-04-10T03:01:41,2026-04-10T08:57:47,39,0.6447222222222222
667002260,2026-04-10T03:40:22,2026-04-10T08:57:47,77,1.2894444444444444
667002260,2026-04-10T04:19:00,2026-04-10T08:57:47,115,1.9333333333333333
667002260,2026-04-10T04:57:39,2026-04-10T08:57:47,153,2.5775
667002260,2026-04-10T06:49:33,2026-04-10T08:57:47,191,4.4425
667002260,2026-04-10T07:28:13,2026-04-10T08:57:47,229,5.086944444444445
667002260,2026-04-10T08:57:47,2026-04-10T08:57:47,232,5.985833333333333
667002373,2026-04-07T14:03:38,2026-04-08T14:13:54,2,0.016944444444444446
667002373,2026-04-07T14:52:32,2026-04-08T14:13:54,50,0.8319444444444445
667002373,2026-04-08T05:59:13,2026-04-08T14:13:54,41,0.8791666666666667
667002373,2026-04-08T09:44:43,2026-04-08T14:13:54,90,4.6375
667002373,2026-04-08T11:44:24,2026-04-08T14:13:54,112,5.990277777777778
667002373,2026-04-08T12:34:13,2026-04-08T14:13:54,142,3.6380555555555554
667002373,2026-04-08T13:24:03,2026-04-08T14:13:54,191,4.4686111111111115
667002373,2026-04-08T14:13:54,2026-04-08T14:13:54,240,5.299444444444444
671500100,2026-04-07T00:54:04,2026-04-07T04:09:44,2,0.016944444444444446
671500100,2026-04-07T01:09:16,2026-04-07T04:09:44,17,0.2702777777777778
671500100,2026-04-07T02:50:39,2026-04-07T04:09:44,32,1.96
671500100,2026-04-07T03:06:52,2026-04-07T04:09:44,48,2.230277777777778
671500100,2026-04-07T03:22:05,2026-04-07T04:09:44,63,2.483888888888889
671500100,2026-04-07T03:38:18,2026-04-07T04:09:44,79,2.754166666666667
671500100,2026-04-07T03:53:31,2026-04-07T04:09:44,94,3.0077777777777777
671500100,2026-04-07T04:09:44,2026-04-07T04:09:44,110,3.2780555555555555
671562100,2026-04-06T13:40:01,2026-04-08T17:23:08,2,0.016944444444444446
671562100,2026-04-06T15:09:16,2026-04-08T17:23:08,90,1.5044444444444445
671562100,2026-04-06T16:38:35,2026-04-08T17:23:08,178,2.9930555555555554
671562100,2026-04-08T10:05:02,2026-04-08T17:23:08,55,0.9144444444444444
671562100,2026-04-08T12:03:43,2026-04-08T17:23:08,143,2.8925
671562100,2026-04-08T14:23:03,2026-04-08T17:23:08,232,5.214722222222222
671562100,2026-04-08T15:52:38,2026-04-08T17:23:08,278,5.996666666666667
671562100,2026-04-08T17:23:08,2026-04-08T17:23:08,306,5.983611111111111
672296000,2026-04-06T21:21:11,2026-04-06T23:45:09,2,0.016944444444444446
672296000,2026-04-06T21:41:27,2026-04-06T23:45:09,22,0.3547222222222222
672296000,2026-04-06T22:01:43,2026-04-06T23:45:09,42,0.6925
672296000,2026-04-06T22:23:00,2026-04-06T23:45:09,62,1.0472222222222223
672296000,2026-04-06T22:43:17,2026-04-06T23:45:09,82,1.3852777777777778
672296000,2026-04-06T23:03:34,2026-04-06T23:45:09,102,1.7233333333333334
672296000,2026-04-06T23:23:51,2026-04-06T23:45:09,122,2.0613888888888887
672296000,2026-04-06T23:45:09,2026-04-06T23:45:09,143,2.4163888888888887
677089900,2026-04-07T12:54:22,2026-04-07T20:53:02,2,0.016944444444444446
677089900,2026-04-07T13:54:27,2026-04-07T20:53:02,61,1.0183333333333333
677089900,2026-04-07T14:54:35,2026-04-07T20:53:02,120,2.0205555555555557
677089900,2026-04-07T15:54:37,2026-04-07T20:53:02,179,3.0211111111111113
677089900,2026-04-07T16:58:38,2026-04-07T20:53:02,239,4.088055555555556
677089900,2026-04-07T17:58:36,2026-04-07T20:53:02,298,5.0875
677089900,2026-04-07T19:52:09,2026-04-07T20:53:02,299,5.995555555555556
677089900,2026-04-07T20:53:02,2026-04-07T20:53:02,299,5.9911111111111115
