row_index,prediction_h,neighbour_count,nearest_distance,median_neighbour_distance,similarity_gap,gate_used,nearest_index,nearest_target_h,nearest_weight,neighbour_indices,method,outer_fold,query_mmsi,nearest_mmsi
6,-17.3619444444,3,0.171698781436,0.358326117039,1.08694618588,destination,122,-17.3619444444,0.61929778987,122;120;107,fixed_dtw_geo_kin_6h,0,215232000,249281000
10,-163.314166667,8,0.108265874403,0.139060275394,0.0952576462987,destination,261,-186.653611111,0.459069541456,261;266;283;192;157;193;70;4,fixed_dtw_geo_kin_6h,0,215498000,538003678
11,27.3138888889,9,0.104913488622,0.170352237239,0.27515900501,destination_fallback_global,132,-15.3402777778,0.540175003121,132;116;12;133;299;170;14;114;96,fixed_dtw_geo_kin_6h,0,215826000,255779000
20,301.943611111,9,0.196876791269,0.271196414187,0.112767873147,destination_fallback_global,254,301.943611111,0.483861548951,254;277;216;247;176;361;249;25;39,fixed_dtw_geo_kin_6h,0,219210000,461000370
21,40.9797222222,9,0.187081090343,0.323619849292,0.0170435954387,destination_fallback_global,294,102.057222222,0.560969328851,294;360;50;349;307;188;4;344;358,fixed_dtw_geo_kin_6h,0,219303000,544203120
22,-36.7822222222,9,0.10600744156,0.13364432493,0.187357084129,destination,242,-36.7822222222,0.452392230263,242;119;72;101;80;91;105;0;104,fixed_dtw_geo_kin_6h,0,219432000,373026000
24,60.2488888889,9,0.987343974687,2.0893974113,0.181430766512,destination,379,60.2488888889,0.623410773159,379;8;173;240;376;246;211;363;302,fixed_dtw_geo_kin_6h,0,219608000,667002240
29,82.6511111111,6,1.35565659932,1.757176777,0.236411256559,destination,124,81.2930555556,0.462320459615,124;298;331;25;247;255,fixed_dtw_geo_kin_6h,0,229456000,249433000
30,2378.25222222,3,0.979820075156,1.17512180941,0.199324079191,destination,75,2378.25222222,0.434394145647,75;81;17,fixed_dtw_geo_kin_6h,0,229471000,247153450
31,232.388333333,9,0.108922434308,0.169223018053,0.178432459814,destination_fallback_global,25,57.5136111111,0.525364985404,25;247;332;176;18;312;322;52;380,fixed_dtw_geo_kin_6h,0,229548000,228481700
34,72.7880555556,9,0.0960909851171,0.192471757791,0.0658001516827,destination_fallback_global,300,-654.671944444,0.606987431177,300;219;186;177;252;366;281;32;36,fixed_dtw_geo_kin_6h,0,232012490,563246500
35,54.0591666667,9,0.129201516789,0.205211877611,0.342836517352,destination_fallback_global,131,54.0591666667,0.532804572294,131;248;246;211;19;210;323;302;376,fixed_dtw_geo_kin_6h,0,232026551,253000158
37,3.88861111111,9,0.11324861302,0.794862668549,2.58932822607,destination,306,3.88861111111,0.867208629481,306;206;189;115;130;237;58;351;123,fixed_dtw_geo_kin_6h,0,232061535,566579000
38,230.653333333,9,0.151828378777,0.228965555307,0.0473128538853,destination_fallback_global,36,85.6202777778,0.515248607946,36;61;128;203;32;365;293;336;169,fixed_dtw_geo_kin_6h,0,232062004,232058998
41,232.388333333,9,0.424309207658,2.24732270064,0.109927025985,destination,243,18.7561111111,0.827946671553,243;63;46;254;253;52;227;216;380,fixed_dtw_geo_kin_6h,0,236623000,373808000
42,72.305,9,0.446941328372,1.0720902838,0.911647339452,destination_fallback_global,146,72.305,0.659094885569,146;202;264;364;221;126;109;16;272,fixed_dtw_geo_kin_6h,0,238066000,255915798
49,-5.65111111111,9,0.552325860324,1.02107615714,0.366602645697,destination,207,-270.887777778,0.582209322613,207;244;291;289;286;252;227;253;52,fixed_dtw_geo_kin_6h,0,241287000,314652000
53,303.231666667,9,0.156223076669,0.216130703877,0.211167300657,destination,380,318.020277778,0.485382713107,380;249;52;216;223;174;254;253;227,fixed_dtw_geo_kin_6h,0,241745000,667002260
68,59.5738888889,6,0.457571430242,0.674741525002,0.25637094613,destination,143,55.1116666667,0.507558512574,143;138;142;344;3;205,fixed_dtw_geo_kin_6h,0,247095300,255915693
69,-201.613888889,9,0.0991613223172,0.142991645189,0.0587374509998,destination,119,-17.4319444444,0.499835448898,119;346;84;0;92;105;67;101;72,fixed_dtw_geo_kin_6h,0,247100900,249087000
79,-5.64222222222,3,0.232958916159,0.38363759322,0.646803649097,destination,122,-17.3619444444,0.544854259009,122;120;107,fixed_dtw_geo_kin_6h,0,247241800,249281000
89,18.9361111111,9,0.043688083195,0.239725984187,0.929714041379,destination_fallback_global,98,32.5116666667,0.83339984055,98;83;62;85;73;122;198;86;171,fixed_dtw_geo_kin_6h,0,247319800,247383400
93,-17.3619444444,3,0.162718025658,0.344813632116,1.11908687265,destination,122,-17.3619444444,0.623815036276,122;120;107,fixed_dtw_geo_kin_6h,0,247349400,249281000
95,15.9166666667,9,0.0849978625334,0.112774174852,0.000437652308135,destination_fallback_global,14,27.3138888889,0.470622163795,14;77;178;13;48;17;103;64;171,fixed_dtw_geo_kin_6h,0,247355500,215958000
97,-163.314166667,8,0.170296054913,0.198822783839,0.0979496240719,destination,157,-139.610277778,0.424636474042,157;192;70;261;193;283;266;4,fixed_dtw_geo_kin_6h,0,247382800,256515000
102,-5.64222222222,3,0.217848873973,0.404981828968,0.859003544901,destination,122,-17.3619444444,0.583960118287,122;120;107,fixed_dtw_geo_kin_6h,0,247415100,249281000
106,7.10861111111,9,0.15370342289,0.198860535786,0.163693302019,destination_fallback_global,130,5.33888888889,0.461662722774,130;237;340;59;115;292;82;87;9,fixed_dtw_geo_kin_6h,0,247432200,249974000
110,44.5888888889,6,0.0898802537676,0.407184023697,1.0824114763,destination,154,44.5888888889,0.801928201687,154;172;161;98;238;361,fixed_dtw_geo_kin_6h,0,247530400,256286000
118,84.285,9,0.170218954739,0.218848455391,0.19493828916,destination_fallback_global,256,3.58555555556,0.459418498766,256;253;52;227;351;279;247;285;311,fixed_dtw_geo_kin_6h,0,249022000,477856500
125,3.93583333333,9,0.375031070443,0.615742049967,0.0612813278714,destination,130,5.33888888889,0.543855484118,130;115;206;237;189;306;58;351;123,fixed_dtw_geo_kin_6h,0,249596000,249974000
134,89.0002777778,9,0.488278120741,0.824629270418,0.458483111844,destination_fallback_global,313,367.818333333,0.553154269888,313;51;273;224;331;361;173;26;123,fixed_dtw_geo_kin_6h,0,255805849,613471602
144,-27.9525,9,0.468933989125,0.796213012788,0.625741293312,destination,2,-0.651944444444,0.554906612684,2;162;346;119;0;84;114;92;67,fixed_dtw_geo_kin_6h,0,255915737,212690000
147,-36.7822222222,9,0.04151311188,0.141669834423,0.640911691237,destination,91,4084.76305556,0.746001865102,91;242;104;80;72;101;105;119;84,fixed_dtw_geo_kin_6h,0,255915800,247333600
148,47.5175,9,0.265839959518,0.44088829259,0.0495317254468,destination_fallback_global,335,92.9991666667,0.54718712963,335;57;375;378;182;63;243;56;348,fixed_dtw_geo_kin_6h,0,255915967,636020540
149,18.59,9,0.0605761023633,0.226319615768,0.942785805767,destination_fallback_global,356,14.9733333333,0.76516994278,356;113;135;238;213;207;301;360;140,fixed_dtw_geo_kin_6h,0,255916537,636023127
152,-166.650833333,9,0.101763277551,0.163280296156,0.275862250755,destination,114,-27.9525,0.536202788555,114;67;92;0;101;72;105;346;119,fixed_dtw_geo_kin_6h,0,256227000,248333000
155,41.3936111111,9,0.0756792793898,0.141750779311,0.39928223977,destination_fallback_global,327,47.1522222222,0.586319926717,327;138;209;303;164;108;15;345;143,fixed_dtw_geo_kin_6h,0,256392000,636018323
156,40.6058333333,9,0.139221400491,0.255204897856,0.158241781199,destination_fallback_global,383,40.6058333333,0.579535746356,383;204;181;245;33;88;143;201;233,fixed_dtw_geo_kin_6h,0,256436000,671562100
159,50.9091666667,6,0.190528516744,0.838128598883,3.24214343834,destination,238,50.9091666667,0.796660938277,238;172;161;154;98;361,fixed_dtw_geo_kin_6h,0,256714000,357463000
166,38.3211111111,9,0.113596517321,0.28552632241,0.309933240589,destination_fallback_global,140,38.3283333333,0.671763090492,140;301;349;50;213;188;191;358;360,fixed_dtw_geo_kin_6h,0,271000748,255915592
167,58.2997222222,9,0.32517752703,0.961613977389,0.610613760198,destination_fallback_global,333,70.4255555556,0.713082561769,333;165;43;151;232;153;348;136;194,fixed_dtw_geo_kin_6h,0,271002572,636020064
180,64.9925,9,0.0837498469241,0.240201995346,1.03108813995,destination_fallback_global,337,61.695,0.70563001057,337;281;289;284;235;5;160;302;177,fixed_dtw_geo_kin_6h,0,304204000,636020986
215,46.4047222222,9,0.252652947118,0.351517533196,0.276079740314,destination_fallback_global,2,-0.651944444444,0.487361464734,2;138;15;90;319;161;75;88;309,fixed_dtw_geo_kin_6h,0,352002170,212690000
217,121.198611111,9,0.0909391297009,0.216546733834,0.195669389647,destination_fallback_global,169,67.055,0.657078675199,169;66;61;78;163;128;203;365;225,fixed_dtw_geo_kin_6h,0,352002310,271044383
222,58.6833333333,9,0.788621075956,0.988580718075,0.0860993547178,destination_fallback_global,221,111.593333333,0.45034983532,221;16;272;129;117;364;342;202;368,fixed_dtw_geo_kin_6h,0,352004590,352004307
226,78.9519444444,9,0.0273034561934,0.225182982838,3.82420191943,destination_fallback_global,175,78.9519444444,0.885812401986,175;366;252;241;177;219;185;223;196,fixed_dtw_geo_kin_6h,0,352005357,273276260
228,75.5544444444,9,0.0751816826128,0.251526965168,1.28300107605,destination_fallback_global,160,80.7813888889,0.74163276495,160;5;235;289;370;244;284;363;179,fixed_dtw_geo_kin_6h,0,352006086,256812000
230,68.2436111111,9,0.105224440636,0.253296915136,0.420019933012,destination_fallback_global,337,61.695,0.660063422995,337;281;289;284;235;5;177;252;160,fixed_dtw_geo_kin_6h,0,352604000,636020986
231,52.7875,9,0.327374603345,0.579302915026,0.192626673462,destination,302,49.8680555556,0.56829298748,302;211;376;363;246;173;240;281;8,fixed_dtw_geo_kin_6h,0,353589000,563280700
234,46.4047222222,6,0.882522267781,1.17269359722,0.251989468367,destination,161,46.4047222222,0.471158851241,161;172;361;154;98;238,fixed_dtw_geo_kin_6h,0,356324000,256885000
250,75.5544444444,9,0.203076795414,0.314152284306,0.459024114609,destination_fallback_global,370,21.8638888889,0.523913921098,370;284;179;5;235;160;289;244;248,fixed_dtw_geo_kin_6h,0,431476000,636025912
251,75.5544444444,9,0.238997469866,0.332024643298,0.13774211374,destination_fallback_global,284,64.9925,0.4868406254,284;370;5;235;289;160;248;179;246,fixed_dtw_geo_kin_6h,0,440252000,538010262
258,18.59,6,0.234021340567,1.07986538956,1.26281507974,destination,213,18.59,0.805160665134,213;135;99;77;48;62,fixed_dtw_geo_kin_6h,0,511100560,352001323
259,34.4072222222,9,0.159898505813,0.271144962264,0.171721674257,destination_fallback_global,310,34.4072222222,0.5544847703,310;347;40;112;327;138;195;303;345,fixed_dtw_geo_kin_6h,0,538001657,605026210
262,64.9925,9,0.222188052889,0.324420062683,0.00164294203794,destination_fallback_global,248,81.0472222222,0.50415190452,248;210;19;246;318;323;382;284;218,fixed_dtw_geo_kin_6h,0,538004518,428002000
268,90.5836111111,9,0.100716083619,0.343191184096,0.655438037783,destination,44,115.341388889,0.745672099316,44;285;273;366;236;214;271;36;279,fixed_dtw_geo_kin_6h,0,538006774,240633000
270,66.6188888889,9,0.198058065782,0.359138926143,0.113072005323,destination_fallback_global,382,101.826388889,0.576096346419,382;218;323;367;210;19;240;141;248,fixed_dtw_geo_kin_6h,0,538007504,671500100
275,2.26111111111,9,0.205128220329,0.956007818092,0.12540786064,destination,351,3.93583333333,0.806890333975,351;123;26;58;306;141;189;206;115,fixed_dtw_geo_kin_6h,0,538009052,636022183
276,54.13,9,0.246162113082,0.424480626375,0.352968141948,destination_fallback_global,317,63.5813888889,0.559946711014,317;367;330;320;368;218;141;362;350,fixed_dtw_geo_kin_6h,0,538009159,636011638
282,79.2452777778,9,0.130291312698,0.3816939804,0.744369618047,destination,366,72.7880555556,0.710809946144,366;300;36;44;236;285;214;271;278,fixed_dtw_geo_kin_6h,0,538009987,636024855
287,2.26111111111,9,0.0816848628238,1.05896232559,0.149976817036,destination,351,3.93583333333,0.925763289964,351;123;26;58;306;141;189;206;115,fixed_dtw_geo_kin_6h,0,538010874,636022183
288,19.4041666667,4,0.176336239941,0.483486853859,0.925191221646,destination,209,17.3766666667,0.694392612022,209;181;150;348,fixed_dtw_geo_kin_6h,0,538011225,319076100
304,18.59,6,1.50741151058,1.8555872205,0.160382058426,destination,135,52.1658333333,0.443807842292,135;99;213;48;77;62,fixed_dtw_geo_kin_6h,0,565712000,255805866
321,64.9925,9,0.14892409017,0.296356464498,0.667836446088,destination_fallback_global,337,61.695,0.605006087263,337;281;284;289;235;5;302;131;363,fixed_dtw_geo_kin_6h,0,636015710,636020986
338,7.10861111111,9,0.106505199285,0.170627897762,0.184513515467,destination_fallback_global,340,7.10861111111,0.535692114969,340;115;130;237;292;59;82;137;87,fixed_dtw_geo_kin_6h,0,636021078,636021246
339,79.2452777778,9,0.138864815062,0.187420856941,0.0146477690356,destination_fallback_global,225,74.8519444444,0.476672746898,225;271;239;334;253;311;163;365;279,fixed_dtw_geo_kin_6h,0,636021161,352004810
341,34.4177777778,9,0.0636915302634,0.223502434132,1.88392891658,destination_fallback_global,238,50.9091666667,0.752036675081,238;356;213;113;301;140;135;360;168,fixed_dtw_geo_kin_6h,0,636021362,357463000
343,81.0472222222,9,0.242344488228,0.370247231675,0.0834049180137,destination_fallback_global,382,101.826388889,0.519677039296,382;210;323;218;248;19;71;318;179,fixed_dtw_geo_kin_6h,0,636021513,671500100
352,52.7875,9,0.206863419438,0.537622413235,0.477566642923,destination,246,51.7697222222,0.680604064493,246;240;211;376;173;363;302;281;8,fixed_dtw_geo_kin_6h,0,636022522,403532001
355,47.1522222222,9,0.0753031740143,0.137232972883,0.534755638112,destination_fallback_global,327,47.1522222222,0.577685844365,327;138;303;209;164;112;3;345;108,fixed_dtw_geo_kin_6h,0,636022905,636018323
357,54.0591666667,9,0.0745768509734,0.252143491234,0.605108473879,destination_fallback_global,19,58.2141666667,0.74395742542,19;246;211;248;210;323;376;131;302,fixed_dtw_geo_kin_6h,0,636023250,219133000
359,85.6202777778,9,0.210326820421,0.512520692496,0.670366953137,destination,279,91.9708333333,0.663399950744,279;225;271;214;236;285;36;44;278,fixed_dtw_geo_kin_6h,0,636023809,538009532
371,81.0472222222,9,0.339913006767,0.393035117018,0.0317669858293,destination_fallback_global,248,81.0472222222,0.421118373218,248;210;19;323;246;179;284;382;318,fixed_dtw_geo_kin_6h,0,636092313,428002000
372,81.2930555556,6,0.178789481642,0.519772261868,1.56474672341,destination,124,81.2930555556,0.708945535961,124;25;247;298;331;255,fixed_dtw_geo_kin_6h,0,636092552,249433000
373,47.5175,9,0.299372381201,0.424024314566,0.108466328414,destination_fallback_global,57,26.4461111111,0.493601657096,57;335;378;375;182;243;63;362;350,fixed_dtw_geo_kin_6h,0,636093132,241953000
374,54.13,9,0.151316040299,0.275684221954,0.342893143402,destination_fallback_global,19,58.2141666667,0.577599531245,19;367;246;323;218;210;248;211;376,fixed_dtw_geo_kin_6h,0,636093171,219133000
377,303.231666667,9,1.18702833379,1.26470782513,0.0238514057328,destination,145,-566.815555556,0.391183272497,145;216;174;249;175;254;223;380;252,fixed_dtw_geo_kin_6h,0,647553008,255915759
385,81.0472222222,9,0.300893256055,0.48004390955,0.0182650389274,destination_fallback_global,71,30.8516666667,0.534296895078,71;382;179;210;323;218;318;248;19,fixed_dtw_geo_kin_6h,0,677089900,247104500
6,-17.3619444444,3,0.206726768214,0.448205775136,1.16810710585,destination,122,-17.3619444444,0.63050649248,122;120;107,pca16_cosine,0,215232000,249281000
10,-163.314166667,8,0.163238332682,0.215953052349,0.0318907750473,destination,266,-163.314166667,0.469589055787,266;192;70;261;193;157;283;4,pca16_cosine,0,215498000,538005496
11,-15.3402777778,9,0.123935473636,0.151868104482,0.0432695393313,destination_fallback_global,132,-15.3402777778,0.442164589301,132;299;96;114;198;122;133;12;27,pca16_cosine,0,215826000,255779000
20,232.388333333,9,0.0110845452031,0.0616456495774,2.54900790203,destination_fallback_global,25,57.5136111111,0.835428372835,25;18;332;249;247;176;254;223;52,pca16_cosine,0,219210000,228481700
21,38.3283333333,9,0.0762278122164,0.110076654385,0.157057560793,destination_fallback_global,360,711.461944444,0.500324926522,360;50;301;238;140;349;213;356;113,pca16_cosine,0,219303000,636024336
22,-36.7822222222,9,0.139045212843,0.216360975113,0.0806133499652,destination,104,-1542.90277778,0.525894926193,104;80;119;72;242;92;91;101;0,pca16_cosine,0,219432000,247425900
24,60.2488888889,9,0.07577031203,0.222816636813,0.932227711492,destination,379,60.2488888889,0.711729896862,379;173;240;8;246;376;211;302;363,pca16_cosine,0,219608000,667002240
29,82.6511111111,6,1.41215853982,1.55899720531,0.0617320470545,destination,124,81.2930555556,0.404213488088,124;298;331;247;255;25,pca16_cosine,0,229456000,249433000
30,2378.25222222,3,1.36125909672,1.40087957653,0.0291057594439,destination,81,3786.35444444,0.378432549651,81;75;17,pca16_cosine,0,229471000,247278300
31,232.388333333,9,0.0132953630525,0.0344751850049,0.12353840952,destination_fallback_global,25,57.5136111111,0.68000833009,25;332;18;249;52;223;247;329;39,pca16_cosine,0,229548000,228481700
34,85.6202777778,9,0.0337939523024,0.0645716314592,0.414229602055,destination_fallback_global,300,-654.671944444,0.592528667024,300;36;219;257;61;128;286;220;196,pca16_cosine,0,232012490,563246500
35,54.0591666667,9,0.0106053682673,0.0613753931756,1.35410201242,destination_fallback_global,131,54.0591666667,0.841309966988,131;323;318;284;246;19;260;289;235,pca16_cosine,0,232026551,253000158
37,3.88861111111,9,0.0361248534104,0.192885275662,0.517945425905,destination,306,3.88861111111,0.829205940351,306;206;115;130;189;237;351;58;123,pca16_cosine,0,232061535,566579000
38,115.341388889,9,0.0389214477467,0.153866809557,1.56317884927,destination_fallback_global,203,272.909722222,0.776502475777,203;60;252;300;66;185;186;61;44,pca16_cosine,0,232062004,314001113
41,18.7561111111,9,0.220950448698,0.769147224539,0.00542721822458,destination,63,47.5175,0.750311531917,63;243;244;289;46;291;254;207;216,pca16_cosine,0,236623000,247018700
42,52.7094444444,9,0.0163081274339,0.0528518763229,0.707589496059,destination_fallback_global,146,72.305,0.734501761631,146;264;272;364;16;109;200;57;378,pca16_cosine,0,238066000,255915798
49,90.6833333333,9,0.647756508184,0.869231800975,0.0301570817652,destination,253,334.89,0.474636648687,253;286;227;145;52;63;223;249;291,pca16_cosine,0,241287000,461000284
53,303.231666667,9,0.0212688985562,0.0532389048395,0.272427595471,destination,249,426.029722222,0.670655843217,249;223;52;216;254;380;253;174;175,pca16_cosine,0,241745000,431048000
68,59.5738888889,6,0.284167613484,0.336221444926,0.0984623772613,destination,142,83.2125,0.429480079766,142;143;205;138;344;3,pca16_cosine,0,247095300,255915683
69,-201.613888889,9,0.0797078090128,0.16515106839,0.450462171987,destination,119,-17.4319444444,0.61715458377,119;0;346;84;94;92;67;72;105,pca16_cosine,0,247100900,249087000
79,-17.3619444444,3,0.346095242717,0.439916026438,0.271083713793,destination,122,-17.3619444444,0.455331185874,122;120;107,pca16_cosine,0,247241800,249281000
89,32.5116666667,9,0.00902926507761,0.216319640012,9.22687789959,destination_fallback_global,98,32.5116666667,0.959118749777,98;83;80;171;103;104;91;65;17,pca16_cosine,0,247319800,247383400
93,-17.3619444444,3,0.205105596452,0.420468067574,1.05000777574,destination,122,-17.3619444444,0.613973796908,122;120;107,pca16_cosine,0,247349400,249281000
95,15.9166666667,9,0.045950546273,0.129513997684,0.117159997808,destination_fallback_global,77,15.9166666667,0.701319215778,77;48;14;178;198;17;64;171;13,pca16_cosine,0,247355500,247219700
97,-139.610277778,8,0.263535598325,0.36456075975,0.343545355055,destination,192,-125.627222222,0.485349874932,192;283;70;157;193;261;266;4,pca16_cosine,0,247382800,311000231
102,-5.64222222222,3,0.311898731945,0.631475980667,1.02461862134,destination,122,-17.3619444444,0.610229487821,122;120;107,pca16_cosine,0,247415100,249281000
106,25.0463888889,9,0.0520455102992,0.0702555799555,0.116361437614,destination_fallback_global,130,5.33888888889,0.476731178211,130;115;340;87;9;206;269;28;7,pca16_cosine,0,247432200,249974000
110,46.4047222222,6,0.0605407139609,0.267650852514,0.873947358676,destination,154,44.5888888889,0.797564262182,154;172;161;98;238;361,pca16_cosine,0,247530400,256286000
118,6.19583333333,9,0.0284383750062,0.0359818065248,0.0298236348645,destination_fallback_global,256,3.58555555556,0.453684032888,256;26;279;351;23;227;253;123;286,pca16_cosine,0,249022000,477856500
125,4.225,9,0.245518257257,0.550115245629,0.0905100340559,destination,237,11.7391666667,0.639989624747,237;115;130;206;306;189;58;351;123,pca16_cosine,0,249596000,356794000
134,89.0002777778,9,0.0437500005653,0.0711185454324,0.28588948987,destination_fallback_global,313,367.818333333,0.540548956381,313;51;361;121;273;174;123;331;298,pca16_cosine,0,255805849,613471602
144,-356.462777778,9,0.0865848038683,0.283361655677,0.323482649561,destination,346,-356.462777778,0.736708578415,346;67;84;92;0;119;94;162;82,pca16_cosine,0,255915737,636021700
147,-0.651944444444,9,0.00876853573266,0.223908383902,10.4312778826,destination,91,4084.76305556,0.961595624172,91;104;242;80;2;72;84;295;94,pca16_cosine,0,255915800,247333600
148,50.2191666667,9,0.0165787989666,0.0294299561832,0.360517468521,destination_fallback_global,272,50.2191666667,0.569309680451,272;16;200;364;378;57;335;208;264,pca16_cosine,0,255915967,538007661
149,18.59,9,0.0113992648462,0.0486167868506,0.685672564838,destination_fallback_global,356,14.9733333333,0.790988550466,356;113;213;135;301;360;140;238;50,pca16_cosine,0,255916537,636023127
152,-120.646388889,9,0.0934205729979,0.215125429454,0.171326634063,destination,114,-27.9525,0.647743205942,114;67;92;346;94;0;119;101;72,pca16_cosine,0,256227000,248333000
155,43.6044444444,9,0.0047300352475,0.0137149128198,1.12305392635,destination_fallback_global,327,47.1522222222,0.708303479897,327;15;112;303;209;108;233;195;3,pca16_cosine,0,256392000,636018323
156,40.6058333333,9,0.103861436275,0.129586727552,0.232313778078,destination_fallback_global,150,22.8913888889,0.448663528578,150;33;181;88;319;143;164;383;204,pca16_cosine,0,256436000,255970000
159,50.9091666667,6,0.0408620594798,0.51412612676,9.38899143734,destination,238,50.9091666667,0.923597722411,238;172;161;98;154;361,pca16_cosine,0,256714000,357463000
166,37.8808333333,9,0.00535619034749,0.0450133179608,1.79928250952,destination_fallback_global,349,1.41805555556,0.887815581408,349;140;50;301;168;135;151;213;356,pca16_cosine,0,271000748,636021739
167,50.1938888889,9,0.0367224770028,0.174372998569,1.96312400217,destination_fallback_global,165,60.9197222222,0.810100254995,165;63;333;43;191;153;243;358;232,pca16_cosine,0,271002572,271000677
180,64.6044444444,9,0.0155095467257,0.0336515406822,0.34286888169,destination_fallback_global,289,-79.6066666667,0.630724149561,289;235;284;281;337;131;318;314;160,pca16_cosine,0,304204000,538011848
215,47.1530555556,9,0.0238180670635,0.0414685006597,0.414880255278,destination_fallback_global,15,22.0844444444,0.563062141251,15;138;327;88;303;143;209;319;112,pca16_cosine,0,352002170,215993000
217,124.724722222,9,0.0310600713069,0.0584505768749,0.494262415997,destination_fallback_global,169,67.055,0.587787183434,169;365;36;78;271;334;225;128;61,pca16_cosine,0,352002310,271044383
222,60.2488888889,9,0.0299445564188,0.0566031183122,0.47475403008,destination_fallback_global,117,43.8797222222,0.589178184327,117;109;146;16;350;272;362;379;264,pca16_cosine,0,352004590,249004000
226,78.9519444444,9,0.00167624081994,0.0210299671568,5.93825140382,destination_fallback_global,175,78.9519444444,0.923386629563,175;366;241;177;252;322;186;219;312,pca16_cosine,0,352005357,273276260
228,75.5544444444,9,0.014311403995,0.0418581995084,0.0544965151152,destination_fallback_global,5,84.3366666667,0.710417790564,5;160;244;235;289;284;314;318;179,pca16_cosine,0,352006086,215178000
230,68.2436111111,9,0.0076819149506,0.0379993710471,1.7564210239,destination_fallback_global,281,68.2436111111,0.816965018046,281;363;337;289;160;235;284;5;248,pca16_cosine,0,352604000,538009968
231,52.7875,9,0.038429021739,0.0540545195355,0.0735988110005,destination,363,74.3922222222,0.491186797749,363;246;173;302;211;240;376;281;379,pca16_cosine,0,353589000,636024786
234,50.9091666667,6,0.33968290814,1.03155484298,0.955914995144,destination,361,52.4452777778,0.719432806501,361;238;98;161;172;154,pca16_cosine,0,356324000,636024536
250,49.8680555556,9,0.0150704421349,0.0699129048475,2.57027854059,destination_fallback_global,370,21.8638888889,0.806089714714,370;131;211;19;318;302;284;71;289,pca16_cosine,0,431476000,636025912
251,50.7580555556,9,0.0192566982447,0.0655419871705,1.75284960819,destination_fallback_global,370,21.8638888889,0.745420302516,370;131;211;302;19;376;318;246;323,pca16_cosine,0,440252000,636025912
258,18.59,6,0.132675030077,0.61085751032,2.18397313668,destination,213,18.59,0.804773243115,213;135;62;48;77;99,pca16_cosine,0,511100560,352001323
259,41.3936111111,9,0.0606813030341,0.125725341477,0.306812362602,destination_fallback_global,347,17.0086111111,0.617145948735,347;55;345;310;3;327;40;195;112,pca16_cosine,0,538001657,636021702
262,81.0472222222,9,0.029746325219,0.0509391187921,0.0982545584543,destination_fallback_global,210,87.4213888889,0.557686457508,210;218;248;318;160;284;127;323;5,pca16_cosine,0,538004518,319301000
268,90.5836111111,9,0.0105267883177,0.0960619936123,0.151491382142,destination,285,96.8438888889,0.896207525331,285;44;273;366;236;214;300;279;36,pca16_cosine,0,538006774,538010540
270,76.2652777778,9,0.0121358124099,0.0655129328597,3.26006689227,destination_fallback_global,218,54.0963888889,0.83090234766,218;210;382;350;323;317;127;362;240,pca16_cosine,0,538007504,352002473
275,2.26111111111,9,0.0282272782649,0.340858819917,0.061216858196,destination,123,2.26111111111,0.920523979746,123;351;26;58;141;306;189;206;115,pca16_cosine,0,538009052,249414000
276,63.5813888889,9,0.0386471752908,0.0705612034916,0.256588787973,destination_fallback_global,218,54.0963888889,0.578271731936,218;350;317;362;330;379;127;368;382,pca16_cosine,0,538009159,352002473
282,81.3805555556,9,0.0473866465925,0.101911113938,0.0506859338192,destination,36,85.6202777778,0.628147564261,36;300;366;236;271;225;285;44;214,pca16_cosine,0,538009987,232058998
287,2.26111111111,9,0.00447953483423,0.398960758073,0.26791944535,destination,123,2.26111111111,0.988834790205,123;351;26;58;141;306;189;206;115,pca16_cosine,0,538010874,249414000
288,19.4041666667,4,0.0676040637414,0.15610140983,0.885376048602,destination,209,17.3766666667,0.648510000052,209;181;150;348,pca16_cosine,0,538011225,319076100
304,18.59,6,0.584037045512,1.26088599648,0.440084748922,destination,135,52.1658333333,0.629269435613,135;213;99;62;48;77,pca16_cosine,0,565712000,255805866
321,74.3922222222,9,0.0652604494624,0.0936986420499,0.0808258324112,destination_fallback_global,248,81.0472222222,0.498329879591,248;281;363;160;5;210;289;337;284,pca16_cosine,0,636015710,428002000
338,7.10861111111,9,0.0130440429516,0.0260112528816,0.0858494783428,destination_fallback_global,237,11.7391666667,0.605635524307,237;115;340;137;86;87;59;130;9,pca16_cosine,0,636021078,356794000
339,78.1888888889,9,0.00857159724861,0.0471599132474,0.997137490487,destination_fallback_global,239,44.8425,0.833804762962,239;163;336;225;271;25;253;332;311,pca16_cosine,0,636021161,357983000
341,38.3283333333,9,0.00452411611665,0.051557001185,8.28589122638,destination_fallback_global,238,50.9091666667,0.915990036328,238;113;213;356;360;301;294;50;140,pca16_cosine,0,636021362,357463000
343,81.0472222222,9,0.0278097465265,0.0749269804018,0.745843457573,destination_fallback_global,218,54.0963888889,0.689934938565,218;210;127;382;248;323;71;318;160,pca16_cosine,0,636021513,352002473
352,65.6369444444,9,0.0293982125246,0.175694202429,0.918244698553,destination,240,66.6188888889,0.845923773997,240;173;246;363;376;211;281;379;302,pca16_cosine,0,636022522,372119000
355,43.6044444444,9,0.00315098547189,0.00977082291552,1.05892554472,destination_fallback_global,327,47.1522222222,0.724343709714,327;112;303;209;15;108;233;3;195,pca16_cosine,0,636022905,636018323
357,52.7875,9,0.00592943616755,0.0400024059744,1.00565897231,destination_fallback_global,211,50.7580555556,0.862235375273,211;376;19;302;246;367;337;131;370,pca16_cosine,0,636023250,338619000
359,85.6202777778,9,0.0547148448978,0.141891321694,0.123247145094,destination,225,74.8519444444,0.680035053632,225;271;236;279;214;36;325;285;273,pca16_cosine,0,636023809,352004810
371,54.0591666667,9,0.0368784017893,0.0524767461355,0.205192596701,destination_fallback_global,323,94.4358333333,0.495218093229,323;318;19;246;71;131;284;370;367,pca16_cosine,0,636092313,636016014
372,82.6511111111,6,0.0235810284984,0.110750206628,3.00448738685,destination,124,81.2930555556,0.808220102639,124;298;247;331;25;255,pca16_cosine,0,636092552,249433000
373,52.7094444444,9,0.046930988473,0.0889369586373,0.0609018289359,destination_fallback_global,57,26.4461111111,0.589967248522,57;335;378;264;146;200;182;272;16,pca16_cosine,0,636093132,241953000
374,52.7875,9,0.0123255228693,0.0419309340886,0.650824964516,destination_fallback_global,19,58.2141666667,0.745315092973,19;367;211;376;246;302;323;131;318,pca16_cosine,0,636093171,219133000
377,18.7561111111,9,0.279334107417,0.757712742418,0.453624807982,destination,289,-79.6066666667,0.691664434852,289;244;243;46;63;145;216;254;249,pca16_cosine,0,647553008,538011848
385,87.4213888889,9,0.0525490846978,0.118740931227,0.100219951595,destination_fallback_global,179,102.308611111,0.642394675333,179;382;218;210;127;244;71;248;160,pca16_cosine,0,677089900,275497000
6,-17.3619444444,3,0.109001599855,0.141237824645,0.295740840806,destination,122,-17.3619444444,0.46219922134,122;120;107,ssl_masked_contrastive_cosine,0,215232000,249281000
10,-186.653611111,8,0.00551478426044,0.0413927180069,4.00038357072,destination,261,-186.653611111,0.875263072329,261;70;193;283;192;266;157;4,ssl_masked_contrastive_cosine,0,215498000,538003678
11,-15.3402777778,9,0.00728400626086,0.0173544588768,0.654579888329,destination_fallback_global,132,-15.3402777778,0.657231092071,132;96;114;198;299;122;116;14;45,ssl_masked_contrastive_cosine,0,215826000,255779000
20,175.056111111,9,0.00409391121162,0.064494605498,6.61462178742,destination_fallback_global,25,57.5136111111,0.938495891609,25;332;249;239;32;18;297;223;176,ssl_masked_contrastive_cosine,0,219210000,228481700
21,38.3283333333,9,0.0350415174709,0.0501551718742,0.0307728092982,destination_fallback_global,360,711.461944444,0.497250132251,360;238;213;301;50;356;140;113;349,ssl_masked_contrastive_cosine,0,219303000,636024336
22,-166.650833333,9,0.008384633712,0.0561885294043,2.93790819328,destination,72,-201.613888889,0.861376810355,72;105;80;242;101;104;94;92;91,ssl_masked_contrastive_cosine,0,219432000,247131100
24,60.2488888889,9,0.0679246735773,0.15005008595,0.733109220691,destination,379,60.2488888889,0.635921593144,379;173;240;246;211;376;302;363;281,ssl_masked_contrastive_cosine,0,219608000,667002240
29,82.6511111111,6,0.970927539689,1.15085492603,0.129562374168,destination,124,81.2930555556,0.430134370198,124;298;331;247;255;25,ssl_masked_contrastive_cosine,0,229456000,249433000
30,2378.25222222,3,0.938335045586,1.02911368914,0.096744381429,destination,75,2378.25222222,0.401804555147,75;81;17,ssl_masked_contrastive_cosine,0,229471000,247153450
31,232.388333333,9,0.00599189180067,0.0250551080738,1.65701766289,destination_fallback_global,332,760.620833333,0.787297950911,332;25;18;32;249;223;52;329;176,ssl_masked_contrastive_cosine,0,229548000,636019983
34,85.6202777778,9,0.0332869692961,0.0511257222119,0.278510035577,destination_fallback_global,257,3.05555555556,0.52148192407,257;220;219;36;286;128;196;61;227,ssl_masked_contrastive_cosine,0,232012490,477963900
35,54.0591666667,9,0.00678050780687,0.0730598797059,1.28946148705,destination_fallback_global,131,54.0591666667,0.911368884243,131;323;318;284;370;289;260;235;367,ssl_masked_contrastive_cosine,0,232026551,253000158
37,3.88861111111,9,0.0404069078395,0.282473402472,0.0380324652476,destination,206,4.225,0.86671353174,206;306;115;189;237;130;26;351;123,ssl_masked_contrastive_cosine,0,232061535,314509000
38,115.341388889,9,0.0255176551436,0.0907157535303,1.22291000789,destination_fallback_global,203,272.909722222,0.754807571548,203;60;252;300;186;44;263;285;66,ssl_masked_contrastive_cosine,0,232062004,314001113
41,18.7561111111,9,0.264021738265,0.645658836085,0.109056361442,destination,63,47.5175,0.664368483665,63;243;244;289;291;207;46;254;253,ssl_masked_contrastive_cosine,0,236623000,247018700
42,52.7094444444,9,0.0454654630865,0.076701552798,0.325684405536,destination_fallback_global,146,72.305,0.552800527198,146;364;272;264;16;200;362;378;57,ssl_masked_contrastive_cosine,0,238066000,255915798
49,232.388333333,9,0.355660879942,0.613498433886,0.135612800935,destination,253,334.89,0.560051903021,253;286;227;52;223;249;145;216;63,ssl_masked_contrastive_cosine,0,241287000,461000284
53,301.943611111,9,0.0196027197643,0.0572014549803,0.135788366699,destination,249,426.029722222,0.709853850914,249;223;52;254;216;46;253;380;227,ssl_masked_contrastive_cosine,0,241745000,431048000
68,59.5738888889,6,0.11374195069,0.150056599614,0.136297571578,destination,205,59.7291666667,0.468605668203,205;142;143;344;138;3,ssl_masked_contrastive_cosine,0,247095300,314496000
69,-20.6094444444,9,0.00575188137737,0.0265552863531,2.0091083107,destination,0,-20.6094444444,0.805251813041,0;119;94;101;346;162;92;295;67,ssl_masked_contrastive_cosine,0,247100900,210627000
79,-5.64222222222,3,0.156388303669,0.255669740164,0.634839269723,destination,120,-5.64222222222,0.542438303122,120;122;107,ssl_masked_contrastive_cosine,0,247241800,249146000
89,11.9605555556,9,0.00700143369152,0.0633321596097,4.52044871208,destination_fallback_global,98,32.5116666667,0.895340665032,98;103;73;104;242;90;171;83;295,ssl_masked_contrastive_cosine,0,247319800,247383400
93,-5.64222222222,3,0.064830011394,0.0835708058973,0.28907590945,destination,120,-5.64222222222,0.460358610104,120;122;107,ssl_masked_contrastive_cosine,0,247349400,249146000
95,15.9166666667,9,0.00162710558282,0.031399753142,3.16986311141,destination_fallback_global,77,15.9166666667,0.949500657252,77;48;13;64;178;47;17;103;14,ssl_masked_contrastive_cosine,0,247355500,247219700
97,-139.610277778,8,0.0466572690145,0.192888625637,1.24725469455,destination,157,-139.610277778,0.785144820542,157;283;193;192;70;261;266;4,ssl_masked_contrastive_cosine,0,247382800,256515000
102,-5.64222222222,3,0.189490711238,0.231779923577,0.223173009708,destination,120,-5.64222222222,0.441513873732,120;122;107,ssl_masked_contrastive_cosine,0,247415100,249146000
106,7.10861111111,9,0.0164314706617,0.076256131567,0.0800975147392,destination_fallback_global,340,7.10861111111,0.80615651353,340;115;292;137;130;87;269;237;9,ssl_masked_contrastive_cosine,0,247432200,636021246
110,46.4047222222,6,0.0290042740238,0.202182273506,0.805912661818,destination,154,44.5888888889,0.866358860025,154;172;161;98;238;361,ssl_masked_contrastive_cosine,0,247530400,256286000
118,6.19583333333,9,0.0127078208456,0.0349257143963,0.596050444462,destination_fallback_global,23,6.19583333333,0.694993453033,23;26;256;253;279;311;227;124;58,ssl_masked_contrastive_cosine,0,249022000,219550000
125,4.225,9,0.171103861088,0.611669375677,0.373782312252,destination,237,11.7391666667,0.755985869637,237;130;115;206;306;189;141;58;26,ssl_masked_contrastive_cosine,0,249596000,356794000
134,89.0002777778,9,0.0625438562167,0.0991549014074,0.0414553129188,destination_fallback_global,51,175.416666667,0.532182297607,51;121;145;361;174;44;313;273;381,ssl_masked_contrastive_cosine,0,255805849,241618000
144,-356.462777778,9,0.0756786177793,0.18711638505,0.317174746857,destination,346,-356.462777778,0.667345903701,346;67;0;119;84;92;162;101;94,ssl_masked_contrastive_cosine,0,255915737,636021700
147,-36.7822222222,9,0.0185275751262,0.179515338027,0.72106225138,destination,91,4084.76305556,0.901938566195,91;242;104;80;72;101;119;105;295,ssl_masked_contrastive_cosine,0,255915800,247333600
148,50.2191666667,9,0.00938429708209,0.0378657576267,0.733859655113,destination_fallback_global,16,78.6966666667,0.780492072216,16;272;350;378;200;364;57;362;335,ssl_masked_contrastive_cosine,0,255915967,219028212
149,34.4177777778,9,0.0116399782477,0.0480695402121,0.0484864580703,destination_fallback_global,113,6.3725,0.784939422646,113;356;301;213;140;238;50;135;360,ssl_masked_contrastive_cosine,0,255916537,248159000
152,-120.646388889,9,0.0361104645538,0.125759893468,0.798915365874,destination,114,-27.9525,0.750408044454,114;92;67;162;105;94;0;101;72,ssl_masked_contrastive_cosine,0,256227000,248333000
155,43.6044444444,9,0.00246434831617,0.0121213461763,2.32116028602,destination_fallback_global,327,47.1522222222,0.816028100595,327;303;112;15;209;108;3;195;233,ssl_masked_contrastive_cosine,0,256392000,636018323
156,38.3425,9,0.00143748514731,0.0319785403696,6.96586238404,destination_fallback_global,150,22.8913888889,0.956043795324,150;245;204;181;383;88;143;33;319,ssl_masked_contrastive_cosine,0,256436000,255970000
159,50.9091666667,6,0.0234851558004,0.305532356799,11.583164128,destination,238,50.9091666667,0.926013610915,238;172;161;98;154;361,ssl_masked_contrastive_cosine,0,256714000,357463000
166,37.8808333333,9,0.00604386693069,0.0376009165719,1.43957730071,destination_fallback_global,349,1.41805555556,0.851515800055,349;140;168;50;301;135;151;113;356,ssl_masked_contrastive_cosine,0,271000748,636021739
167,47.5175,9,0.0235855120879,0.164339134546,1.58210502697,destination_fallback_global,165,60.9197222222,0.866305796027,165;191;63;358;243;290;153;43;333,ssl_masked_contrastive_cosine,0,271002572,271000677
180,54.0591666667,9,0.0235018344695,0.0415928171897,0.30065419357,destination_fallback_global,284,64.9925,0.568334283076,284;289;131;318;235;281;370;246;337,ssl_masked_contrastive_cosine,0,304204000,538010262
215,47.1522222222,9,0.0219094720123,0.0350142092179,0.289760714139,destination_fallback_global,15,22.0844444444,0.53487035857,15;327;138;303;112;209;310;143;88,ssl_masked_contrastive_cosine,0,352002170,215993000
217,85.6202777778,9,0.0310706940564,0.0413772056784,0.0286579573892,destination_fallback_global,36,85.6202777778,0.471935337362,36;365;334;78;271;124;225;311;169,ssl_masked_contrastive_cosine,0,352002310,232058998
222,50.2191666667,9,0.033059383397,0.0544270556105,0.375649831213,destination_fallback_global,117,43.8797222222,0.54476151773,117;364;16;362;350;379;272;146;109,ssl_masked_contrastive_cosine,0,352004590,249004000
226,115.341388889,9,0.00159998868173,0.0287294446686,4.08063149416,destination_fallback_global,175,78.9519444444,0.945830787072,175;366;177;174;274;252;380;44;273,ssl_masked_contrastive_cosine,0,352005357,273276260
228,80.7813888889,9,0.0135589267983,0.065784619191,1.16474301959,destination_fallback_global,5,84.3366666667,0.813742830531,5;160;244;235;127;289;179;218;284,ssl_masked_contrastive_cosine,0,352006086,215178000
230,68.2436111111,9,0.00901989359916,0.0621914165599,1.03642782452,destination_fallback_global,281,68.2436111111,0.864992553362,281;363;248;337;260;240;284;289;246,ssl_masked_contrastive_cosine,0,352604000,538009968
231,65.6369444444,9,0.0175974184605,0.0509903685363,0.158717515615,destination,246,51.7697222222,0.708140615123,246;173;363;240;281;302;376;211;379,ssl_masked_contrastive_cosine,0,353589000,403532001
234,50.9091666667,6,0.211755609466,0.592442214439,0.578146113641,destination,361,52.4452777778,0.699472854176,361;238;98;161;172;154,ssl_masked_contrastive_cosine,0,356324000,636024536
250,52.7875,9,0.00882128818592,0.0787800947134,3.37989957961,destination_fallback_global,370,21.8638888889,0.894067890399,370;131;323;19;367;318;211;376;302,ssl_masked_contrastive_cosine,0,431476000,636025912
251,52.7875,9,0.0137124005301,0.0808643028828,1.94853138301,destination_fallback_global,370,21.8638888889,0.844025158255,370;131;19;211;367;323;302;376;318,ssl_masked_contrastive_cosine,0,440252000,636025912
258,18.59,6,0.14525294425,0.285920273886,0.0872917158275,destination,213,18.59,0.601686313034,213;62;48;77;135;99,ssl_masked_contrastive_cosine,0,511100560,352001323
259,42.1702777778,9,0.0271280573773,0.0714319854099,0.463016376264,destination_fallback_global,347,17.0086111111,0.684015533602,347;55;345;3;327;310;195;112;290,ssl_masked_contrastive_cosine,0,538001657,636021702
262,80.7813888889,9,0.0122092185172,0.0426178234666,1.0678085016,destination_fallback_global,218,54.0963888889,0.750900960842,218;210;160;127;5;248;284;318;235,ssl_masked_contrastive_cosine,0,538004518,352002473
268,90.5836111111,9,0.0157493032426,0.10413142417,0.0248961125191,destination,285,96.8438888889,0.859637507613,285;44;273;366;300;214;36;236;279,ssl_masked_contrastive_cosine,0,538006774,538010540
270,65.5738888889,9,0.0129354859921,0.0614605459966,2.91911032316,destination_fallback_global,218,54.0963888889,0.81020487851,218;350;210;71;330;382;127;362;318,ssl_masked_contrastive_cosine,0,538007504,352002473
275,2.26111111111,9,0.0201190753164,0.309854599974,0.272554049056,destination,123,2.26111111111,0.937132406696,123;351;26;58;141;306;206;189;115,ssl_masked_contrastive_cosine,0,538009052,249414000
276,65.5738888889,9,0.0313049719163,0.0886212221135,1.10559591988,destination_fallback_global,218,54.0963888889,0.702405334215,218;350;127;362;330;382;210;71;323,ssl_masked_contrastive_cosine,0,538009159,352002473
282,85.6202777778,9,0.0239717657222,0.106424034746,2.36135589019,destination,36,85.6202777778,0.798318475758,36;279;271;236;300;225;366;285;214,ssl_masked_contrastive_cosine,0,538009987,232058998
287,2.26111111111,9,0.0106157963986,0.365169614587,0.666127354451,destination,123,2.26111111111,0.971347627928,123;351;26;58;141;306;206;189;115,ssl_masked_contrastive_cosine,0,538010874,249414000
288,17.3766666667,4,0.0613696716639,0.1551856638,0.98140731045,destination,209,17.3766666667,0.673370438741,209;181;150;348,ssl_masked_contrastive_cosine,0,538011225,319076100
304,18.59,6,0.340040208039,0.813571294506,0.249778954452,destination,135,52.1658333333,0.658388604076,135;213;99;62;48;77,ssl_masked_contrastive_cosine,0,565712000,255805866
321,79.4730555556,9,0.0635548356871,0.0975392507997,0.139507472542,destination_fallback_global,248,81.0472222222,0.521220470051,248;281;363;160;210;5;289;260;235,ssl_masked_contrastive_cosine,0,636015710,428002000
338,7.10861111111,9,0.0161431700242,0.0332563424787,0.344425421716,destination_fallback_global,340,7.10861111111,0.615440948197,340;115;237;137;292;86;309;59;87,ssl_masked_contrastive_cosine,0,636021078,636021246
339,78.1888888889,9,0.00693277083701,0.0456293669924,0.170608234994,destination_fallback_global,239,44.8425,0.859042743152,239;163;336;225;253;271;25;311;58,ssl_masked_contrastive_cosine,0,636021161,357983000
341,40.9797222222,9,0.00262786800267,0.0338478288217,8.46991450161,destination_fallback_global,238,50.9091666667,0.925299590306,238;213;360;356;113;301;294;50;140,ssl_masked_contrastive_cosine,0,636021362,357463000
343,81.0472222222,9,0.0204961155945,0.07077207502,0.794470072146,destination_fallback_global,218,54.0963888889,0.748557404579,218;127;210;5;160;382;71;330;248,ssl_masked_contrastive_cosine,0,636021513,352002473
352,66.6188888889,9,0.0162815344714,0.0922702365366,1.16171147399,destination,240,66.6188888889,0.838236590855,240;363;173;246;281;379;376;211;302,ssl_masked_contrastive_cosine,0,636022522,372119000
355,43.6044444444,9,0.00326608126832,0.00981079102653,0.90873428118,destination_fallback_global,327,47.1522222222,0.716836837883,327;303;112;209;15;108;3;195;233,ssl_masked_contrastive_cosine,0,636022905,636018323
357,52.7875,9,0.0023766854307,0.0457539642422,0.53388706151,destination_fallback_global,211,50.7580555556,0.949381169384,211;376;302;19;367;246;337;370;173,ssl_masked_contrastive_cosine,0,636023250,338619000
359,81.3805555556,9,0.0256007892166,0.116325506166,0.237193846525,destination,225,74.8519444444,0.802455483262,225;271;236;325;279;214;36;126;273,ssl_masked_contrastive_cosine,0,636023809,352004810
371,54.13,9,0.0262809326654,0.0525435417795,0.167253363522,destination_fallback_global,318,44.8680555556,0.606424910972,318;323;131;367;370;71;19;284;368,ssl_masked_contrastive_cosine,0,636092313,636012378
372,82.6511111111,6,0.0212931646909,0.092192364082,2.52943816374,destination,124,81.2930555556,0.793767632088,124;298;247;331;25;255,ssl_masked_contrastive_cosine,0,636092552,249433000
373,52.7094444444,9,0.0513777745246,0.0973996587905,0.00842516257481,destination_fallback_global,335,92.9991666667,0.590081627773,335;57;378;264;182;200;146;208;272,ssl_masked_contrastive_cosine,0,636093132,636020540
374,52.7875,9,0.0122912251102,0.0333203049287,0.325156759827,destination_fallback_global,19,58.2141666667,0.691507742541,19;367;211;376;302;246;368;342;370,ssl_masked_contrastive_cosine,0,636093171,219133000
377,-5.65111111111,9,0.183329985653,0.966373920021,0.896903184547,destination,289,-79.6066666667,0.827199680827,289;244;243;63;291;145;46;175;249,ssl_masked_contrastive_cosine,0,647553008,538011848
385,87.4213888889,9,0.0277762159303,0.115561885971,0.638604696205,destination_fallback_global,179,102.308611111,0.786346352165,179;382;244;218;127;160;5;330;210,ssl_masked_contrastive_cosine,0,677089900,275497000
0,-166.650833333,9,0.114061361993,0.134582703957,0.0672008628988,destination,119,-17.4319444444,0.428476781717,119;101;69;105;72;84;92;346;22,fixed_dtw_geo_kin_6h,1,210627000,249087000
3,55.1116666667,5,0.35244434165,0.722483993047,0.0127161679398,destination,143,55.1116666667,0.613961506821,143;142;205;344;68,fixed_dtw_geo_kin_6h,1,215035000,255915693
8,60.2488888889,9,0.581882007419,1.74737987439,1.00466509353,destination,379,60.2488888889,0.716768344478,379;24;173;240;352;376;246;231;211,fixed_dtw_geo_kin_6h,1,215282000,667002240
16,52.7094444444,9,0.327826205619,0.693635200232,0.517371789397,destination_fallback_global,200,52.7094444444,0.623366602483,200;378;57;41;373;208;375;264;148,fixed_dtw_geo_kin_6h,1,219028212,312107000
17,21.2675,9,0.0837129931199,0.114554777884,0.179118455955,destination_fallback_global,178,71.3927777778,0.481538911753,178;77;171;13;95;103;154;110;14,fixed_dtw_geo_kin_6h,1,219031822,275488000
18,57.5136111111,9,0.120133712043,0.187660047647,0.0984686139749,destination_fallback_global,176,322.369166667,0.527204535604,176;304;247;31;52;53;25;277;23,fixed_dtw_geo_kin_6h,1,219110000,273277260
26,2.26111111111,9,0.0605879044295,1.07127961056,1.07505815827,destination,123,2.26111111111,0.94501301994,123;287;58;275;37;306;189;206;125,fixed_dtw_geo_kin_6h,1,229331000,249414000
28,65.3591666667,9,0.0640047973403,0.176954562258,0.884188076066,destination_fallback_global,206,4.225,0.696489976465,206;87;9;183;324;229;305;49;199,fixed_dtw_geo_kin_6h,1,229412000,314509000
32,90.5836111111,9,0.167974668156,0.226299453474,0.124073431441,destination_fallback_global,36,85.6202777778,0.476033414557,36;234;236;293;214;38;365;128;257,fixed_dtw_geo_kin_6h,1,229648000,232058998
43,40.7847222222,9,0.392066849365,0.79099621266,0.399017746994,destination_fallback_global,151,46.6986111111,0.60916743974,151;167;333;153;136;168;232;113;353,fixed_dtw_geo_kin_6h,1,240544000,256049000
48,15.9166666667,5,0.0879838734034,0.909842939663,2.77601730795,destination,77,15.9166666667,0.907826257207,77;99;213;258;304,fixed_dtw_geo_kin_6h,1,240942000,247219700
51,95.2236111111,9,0.0983879176054,0.197810320744,0.375641069208,destination_fallback_global,273,89.0002777778,0.608118717008,273;331;298;39;174;216;123;268;249,fixed_dtw_geo_kin_6h,1,241618000,538008070
55,22.0844444444,9,0.122870075577,0.199838080116,0.209178794417,destination_fallback_global,15,22.0844444444,0.540722993213,15;88;288;143;345;99;209;155;355,fixed_dtw_geo_kin_6h,1,241859000,215993000
60,104.6475,9,0.208725802168,0.34606591618,0.47071056112,destination_fallback_global,234,55.225,0.547091693945,234;38;61;36;128;186;217;228;265,fixed_dtw_geo_kin_6h,1,244865000,356324000
62,15.9166666667,5,0.355849707599,1.04562644081,0.898031107997,destination,77,15.9166666667,0.711541151915,77;99;213;258;304,fixed_dtw_geo_kin_6h,1,246518000,247219700
66,104.6475,9,0.108733133705,0.224339436032,0.418295614418,destination_fallback_global,217,104.6475,0.615893439182,217;61;128;78;365;36;197;372;225,fixed_dtw_geo_kin_6h,1,247069600,352002310
81,-120.646388889,9,0.121570106369,0.144681084856,0.0190957989736,destination_fallback_global,72,-201.613888889,0.431597165649,72;92;101;308;152;76;105;1;346,fixed_dtw_geo_kin_6h,1,247278300,247131100
86,-2424.53972222,4,0.234887177123,0.293572291145,0.0123606700092,destination,73,-2424.53972222,0.449284053395,73;85;100;74,fixed_dtw_geo_kin_6h,1,247306670,247144750
108,22.0844444444,9,0.0832416442109,0.160036033525,0.539298183594,destination_fallback_global,15,22.0844444444,0.594435457287,15;288;88;345;155;143;209;355;233,fixed_dtw_geo_kin_6h,1,247483800,215993000
111,17.4525,9,0.0840450046288,0.24123016209,0.922583773052,destination_fallback_global,99,15.5044444444,0.705815275511,99;201;158;172;110;187;154;88;15,fixed_dtw_geo_kin_6h,1,248089000,247392600
112,19.2561111111,9,0.154733308327,0.195565925025,0.0511381607707,destination_fallback_global,355,57.4680555556,0.453296919047,355;310;155;347;303;164;209;259;142,fixed_dtw_geo_kin_6h,1,248105000,636022905
117,71.5641666667,9,0.733054410132,1.38091748133,0.348577546784,destination_fallback_global,379,60.2488888889,0.588107267794,379;222;24;221;342;129;46;202;368,fixed_dtw_geo_kin_6h,1,249004000,667002240
124,83.1661111111,7,0.178789481642,0.406374807745,1.15762767705,destination,372,90.6488888889,0.644060881496,372;298;247;25;331;29;255,fixed_dtw_geo_kin_6h,1,249433000,636092552
126,91.9708333333,9,0.668836598036,3.69236486438,3.00458832525,destination,221,111.593333333,0.834318178402,221;325;359;279;273;285;214;44;268,fixed_dtw_geo_kin_6h,1,249611000,352004307
127,56.1919444444,9,0.236619311815,0.355200374259,0.0662462303526,destination_fallback_global,376,52.7875,0.513678718342,376;240;263;260;318;352;23;211;19,fixed_dtw_geo_kin_6h,1,249697000,636093368
131,50.7580555556,9,0.129201516789,0.265674681223,0.32963247483,destination_fallback_global,35,26.8955555556,0.614888239369,35;302;211;246;363;357;376;318;321,fixed_dtw_geo_kin_6h,1,253000158,232026551
135,15.9166666667,5,0.44403657158,1.125108732,0.192575234355,destination,213,18.59,0.673908434952,213;258;99;77;304,fixed_dtw_geo_kin_6h,1,255805866,352001323
137,7.10861111111,9,0.113201304705,0.277232040418,0.0206754554457,destination_fallback_global,115,-738.6,0.664761520621,115;340;87;309;338;206;130;229;324,fixed_dtw_geo_kin_6h,1,255805968,248422000
138,55.1116666667,5,0.133190093782,0.574879450735,0.0881614101424,destination,142,83.2125,0.793197115907,142;143;68;205;344,fixed_dtw_geo_kin_6h,1,255806044,255915683
139,17.4525,9,0.0565320667779,0.270916979056,3.14653822534,destination_fallback_global,99,15.5044444444,0.811663577262,99;201;158;172;15;187;88;110;154,fixed_dtw_geo_kin_6h,1,255806427,247392600
141,2.26111111111,9,0.976582798591,1.63057215811,0.0684170139461,destination,275,-741.288611111,0.549404497077,275;123;287;58;189;37;306;206;125,fixed_dtw_geo_kin_6h,1,255915609,538009052
157,-163.314166667,9,0.0717030239587,0.131427642786,0.0350677262824,destination,261,-186.653611111,0.579511169792,261;283;192;266;193;10;97;70;4,fixed_dtw_geo_kin_6h,1,256515000,538003678
161,44.5888888889,8,0.280797566655,0.779422296534,0.290079158136,destination,172,65.5586111111,0.697492367492,172;154;110;98;159;234;238;361,fixed_dtw_geo_kin_6h,1,256885000,271052090
163,124.724722222,9,0.109447991205,0.145246230945,0.167585975711,destination_fallback_global,225,74.8519444444,0.470700097863,225;365;271;372;128;36;61;334;293,fixed_dtw_geo_kin_6h,1,257824000,352004810
165,46.6986111111,9,0.523735399541,0.730126523277,0.0192486981845,destination_fallback_global,167,40.7847222222,0.488057805152,167;353;153;151;136;290;232;333;269,fixed_dtw_geo_kin_6h,1,271000677,271002572
169,104.6475,9,0.0909391297009,0.220710541769,0.386852669848,destination_fallback_global,217,104.6475,0.662305111278,217;61;128;36;365;38;225;372;271,fixed_dtw_geo_kin_6h,1,271044383,352002310
170,7.10861111111,3,0.508696058341,2.55425680542,4.0211845827,destination,340,7.10861111111,0.819421896326,340;320;121,fixed_dtw_geo_kin_6h,1,271051063,636021246
182,43.0938888889,9,0.344641834094,0.424024314566,0.00118425766032,destination_fallback_global,41,38.715,0.443619571621,41;63;378;57;373;148;194;375;348,fixed_dtw_geo_kin_6h,1,304578000,236623000
195,34.4072222222,9,0.118679735274,0.209602144947,0.434396557725,destination_fallback_global,303,14.0841666667,0.56767039643,303;142;164;209;184;355;155;310;40,fixed_dtw_geo_kin_6h,1,311000621,564724000
198,15.9166666667,9,0.278286333976,0.29965074651,0.028121560978,destination_fallback_global,77,15.9166666667,0.395066059705,77;83;95;68;122;89;178;93;6,fixed_dtw_geo_kin_6h,1,311085000,247219700
203,230.653333333,9,0.15656970455,0.205624100029,0.116048496722,destination_fallback_global,61,230.653333333,0.466995084884,61;38;128;36;234;217;365;372;293,fixed_dtw_geo_kin_6h,1,314001113,245278000
204,26.4025,9,0.148463646667,0.242041243379,0.0861382332025,destination_fallback_global,383,40.6058333333,0.541516573507,383;156;245;181;187;150;33;4;233,fixed_dtw_geo_kin_6h,1,314432000,671562100
210,54.0963888889,9,0.107870202279,0.225810980217,0.642781314768,destination_fallback_global,352,75.9841666667,0.620207415731,352;19;218;262;35;246;357;343;374,fixed_dtw_geo_kin_6h,1,319301000,636022522
219,84.0602777778,9,0.0480446545784,0.174219142319,1.13163748209,destination_fallback_global,282,84.0602777778,0.758986424835,282;34;177;366;186;300;226;175;257,fixed_dtw_geo_kin_6h,1,352003272,538009987
220,90.6833333333,9,0.0233690066826,0.107112742135,0.811514239918,destination_fallback_global,286,90.6833333333,0.803987102659,286;257;227;293;311;236;253;274;334,fixed_dtw_geo_kin_6h,1,352003495,538010653
224,95.2236111111,9,0.0470812727212,0.108500983574,0.069941537273,destination_fallback_global,273,89.0002777778,0.647960949718,273;331;39;216;298;174;249;268;123,fixed_dtw_geo_kin_6h,1,352004690,538008070
241,72.7880555556,9,0.116708087683,0.215598025429,0.0120545865431,destination_fallback_global,366,72.7880555556,0.581978008199,366;196;329;223;226;175;381;185;322,fixed_dtw_geo_kin_6h,1,372668000,636024855
242,-79.6436111111,9,0.0681193506235,0.121076708015,0.252160250222,destination,147,-62.65,0.56971834552,147;91;101;22;104;72;80;119;105,fixed_dtw_geo_kin_6h,1,373026000,255915800
243,84.285,9,0.424309207658,2.08518594834,0.634961807575,destination,41,38.715,0.815880429373,41;63;46;254;253;52;53;227;216,fixed_dtw_geo_kin_6h,1,373808000,236623000
248,50.7580555556,9,0.146458126187,0.188694868819,0.0955659868571,destination_fallback_global,246,51.7697222222,0.460167926389,246;19;35;352;357;262;211;376;374,fixed_dtw_geo_kin_6h,1,428002000,403532001
252,90.6833333333,9,0.20242894681,0.398974289719,0.0823102539609,destination,177,314.258055556,0.602074906303,177;175;286;223;227;289;174;52;145,fixed_dtw_geo_kin_6h,1,461000256,273277840
267,65.3591666667,9,0.0826444774518,0.160379376157,0.0573633678924,destination_fallback_global,183,65.3591666667,0.597317703079,183;206;324;87;9;229;199;49;115,fixed_dtw_geo_kin_6h,1,538005853,304610000
272,52.7094444444,9,0.343964920581,0.677339994886,0.569744922374,destination_fallback_global,200,52.7094444444,0.601807753572,200;378;57;56;41;208;375;373;264,fixed_dtw_geo_kin_6h,1,538007661,312107000
278,81.3805555556,9,0.275768138222,0.426539268991,0.430034529948,destination,36,85.6202777778,0.523863241281,36;225;271;300;305;236;214;282;366,fixed_dtw_geo_kin_6h,1,538009214,232058998
280,103.049722222,9,0.145466960113,0.30026769884,0.420382063086,destination_fallback_global,279,91.9708333333,0.616031259202,279;359;304;253;339;118;176;52;197,fixed_dtw_geo_kin_6h,1,538009615,538009532
284,70.1394444444,9,0.144369201366,0.217562149376,0.0121479141547,destination_fallback_global,5,84.3366666667,0.515005947525,5;289;235;160;180;251;230;370;321,fixed_dtw_geo_kin_6h,1,538010262,215178000
291,84.285,9,0.788158892736,1.27016446668,0.184440676673,destination,49,390.611388889,0.537666287067,49;207;244;289;177;286;175;227;253,fixed_dtw_geo_kin_6h,1,538012456,241287000
294,40.9797222222,9,0.187081090343,0.334029121688,0.391075840371,destination_fallback_global,21,1.77916666667,0.571166686433,21;188;50;213;212;140;4;344;205,fixed_dtw_geo_kin_6h,1,544203120,219303000
296,65.5738888889,9,0.382009930292,0.54750530875,0.258822515936,destination_fallback_global,330,65.5738888889,0.497714695325,330;121;317;46;342;325;276;255;173,fixed_dtw_geo_kin_6h,1,563003300,636019542
297,79.1775,9,0.142156592225,0.431347875409,0.832586103556,destination_fallback_global,255,98.5522222222,0.719237484271,255;328;46;129;320;325;317;276;54,fixed_dtw_geo_kin_6h,1,563162400,477630800
312,96.8438888889,9,0.053714948883,0.136018355932,0.501757886866,destination_fallback_global,322,38.6913888889,0.673740970668,322;44;285;223;247;174;53;249;329,fixed_dtw_geo_kin_6h,1,613404821,636015940
313,87.8477777778,9,0.400031381733,0.733946945507,0.220599540531,destination_fallback_global,121,10.3208333333,0.579817848675,121;134;361;325;20;173;254;277;377,fixed_dtw_geo_kin_6h,1,613471602,249172000
316,60.2488888889,9,0.96343153217,1.90633602915,0.734224570742,destination_fallback_global,379,60.2488888889,0.603273935671,379;342;121;46;24;222;129;255;221,fixed_dtw_geo_kin_6h,1,630001201,667002240
319,54.7930555556,9,0.0641723646658,0.167157624813,0.556007961044,destination_fallback_global,143,55.1116666667,0.681197292187,143;33;88;209;142;15;164;303;184,fixed_dtw_geo_kin_6h,1,636013095,255915693
323,54.0963888889,9,0.12110167977,0.250161305258,0.646759002527,destination_fallback_global,218,54.0963888889,0.616255042433,218;352;19;374;270;357;35;367;246,fixed_dtw_geo_kin_6h,1,636016014,352002473
326,15.5044444444,9,0.125550515041,0.33032218151,1.46378150539,destination_fallback_global,99,15.5044444444,0.683803265491,99;15;187;107;201;288;88;110;158,fixed_dtw_geo_kin_6h,1,636018276,247392600
327,22.0844444444,9,0.0753031740143,0.189019727588,0.00499454877505,destination_fallback_global,355,57.4680555556,0.671401534512,355;155;288;303;209;164;345;15;310,fixed_dtw_geo_kin_6h,1,636018323,636022905
335,47.5175,9,0.0730955202132,0.331844204219,2.63688443208,destination_fallback_global,57,26.4461111111,0.802301670002,57;148;41;378;373;375;63;56;200,fixed_dtw_geo_kin_6h,1,636020540,241953000
336,124.724722222,9,0.102045412867,0.132974306277,0.164354163054,destination_fallback_global,36,85.6202777778,0.464215221172,36;271;365;225;128;372;334;61;293,fixed_dtw_geo_kin_6h,1,636020938,232058998
337,70.1394444444,9,0.0837498469241,0.221146832958,0.256413527911,destination_fallback_global,180,57.4575,0.684746234802,180;230;321;289;235;281;5;363;160,fixed_dtw_geo_kin_6h,1,636020986,304204000
349,38.3283333333,9,0.0551534914746,0.258696137694,0.816386519324,destination_fallback_global,50,40.9797222222,0.807996162159,50;140;166;301;188;21;213;191;212,fixed_dtw_geo_kin_6h,1,636021739,241298000
351,2.26111111111,9,0.0316110814934,1.01363264861,1.58405783557,destination,123,2.26111111111,0.969295330775,123;287;275;58;37;306;189;206;125,fixed_dtw_geo_kin_6h,1,636022183,249414000
354,65.6369444444,9,1.09588112314,1.49967263989,0.160133035134,destination_fallback_global,121,10.3208333333,0.481549189692,121;379;377;134;342;173;46;330;325,fixed_dtw_geo_kin_6h,1,636022867,249172000
358,40.9797222222,9,0.101830326266,0.307552838735,0.740566315905,destination_fallback_global,191,22.3866666667,0.718134329633,191;212;344;205;50;188;166;140;21,fixed_dtw_geo_kin_6h,1,636023526,310841000
360,38.3283333333,9,0.183490301049,0.277320280277,0.0369464962124,destination_fallback_global,213,18.59,0.515996744146,213;21;159;50;140;207;301;238;269,fixed_dtw_geo_kin_6h,1,636024336,352001323
364,71.5641666667,9,0.335424082719,0.953277404622,0.702904104038,destination_fallback_global,264,68.4872222222,0.703375714059,264;200;146;202;208;56;222;378;42,fixed_dtw_geo_kin_6h,1,636024805,538005330
380,274.720555556,9,0.0891743676609,0.156223076669,0.134717548586,destination,174,328.807222222,0.565065113325,174;223;249;216;53;145;52;227;286,fixed_dtw_geo_kin_6h,1,667002260,273271070
0,-201.613888889,9,0.137578067903,0.184478051666,0.268269320761,destination,105,-166.650833333,0.474369226137,105;84;69;346;119;92;72;104;94,pca16_cosine,1,210627000,247426100
3,55.1116666667,5,0.0648399626641,0.365369602689,1.78179696368,destination,143,55.1116666667,0.837391118535,143;142;205;344;68,pca16_cosine,1,215035000,255915693
8,60.2488888889,9,0.0493230323079,0.265024986762,1.95527871212,destination,379,60.2488888889,0.830184675581,379;173;24;240;352;231;246;211;376,pca16_cosine,1,215282000,667002240
16,52.7094444444,9,0.0123536504576,0.0271779310015,0.577238158976,destination_fallback_global,200,52.7094444444,0.634735357303,200;378;264;148;146;57;208;350;109,pca16_cosine,1,219028212,312107000
17,39.3958333333,9,0.0690149825339,0.129100529775,0.429936069361,destination_fallback_global,178,71.3927777778,0.585913410745,178;171;68;154;110;95;13;77;65,pca16_cosine,1,219031822,275488000
18,83.1661111111,9,0.0119878427618,0.019393948966,0.286531231736,destination_fallback_global,247,83.1661111111,0.538955195194,247;176;53;31;254;277;304;249;52,pca16_cosine,1,219110000,403660000
26,2.26111111111,9,0.00494010796633,0.669963354109,2.09974407198,destination,123,2.26111111111,0.992653420241,123;287;58;275;37;306;189;206;115,pca16_cosine,1,229331000,249414000
28,25.0463888889,9,0.0128474349974,0.0321203015023,0.00143923927387,destination_fallback_global,87,25.0463888889,0.670334354079,87;206;9;49;7;305;37;306;369,pca16_cosine,1,229412000,247310200
32,75.9636111111,9,0.030824757185,0.0608102508681,0.770851583473,destination_fallback_global,332,760.620833333,0.602359597146,332;31;223;53;329;236;25;225;52,pca16_cosine,1,229648000,636019983
43,59.8719444444,9,0.0484558989107,0.15026945581,0.941994596157,destination_fallback_global,333,70.4255555556,0.724364856702,333;153;353;167;212;232;344;208;191,pca16_cosine,1,240544000,636020064
48,15.9166666667,5,0.0162299361515,0.701088801169,41.0368634995,destination,77,15.9166666667,0.977116281133,77;99;258;213;304,pca16_cosine,1,240942000,247219700
51,103.651111111,9,0.00813443913744,0.0320548709128,0.71910343089,destination_fallback_global,273,89.0002777778,0.775873268232,273;174;44;331;285;268;298;39;277,pca16_cosine,1,241618000,538008070
55,17.3766666667,9,0.00967751728323,0.0481838317743,0.359160864977,destination_fallback_global,288,13.5269444444,0.81803861357,288;345;347;155;15;355;99;209;303,pca16_cosine,1,241859000,538011225
60,230.653333333,9,0.0685514325173,0.0990473377708,0.0840449277955,destination_fallback_global,61,230.653333333,0.500519973202,61;234;128;300;38;36;293;34;186,pca16_cosine,1,244865000,245278000
62,15.9166666667,5,0.339891796315,0.767422118423,0.497005248636,destination,77,15.9166666667,0.642170969098,77;258;213;99;304,pca16_cosine,1,246518000,247219700
66,230.653333333,9,0.020192038321,0.064243925183,0.242106589017,destination_fallback_global,61,230.653333333,0.730297942865,61;128;197;36;234;293;365;217;257,pca16_cosine,1,247069600,245278000
81,-100.135833333,9,0.0341613022285,0.171715873146,3.02512440841,destination_fallback_global,261,-186.653611111,0.819598368917,261;192;283;92;76;122;6;114;45,pca16_cosine,1,247278300,538003678
86,-2422.87055556,4,0.26596862484,0.492998494251,0.621203190436,destination,85,-2525.77555556,0.583044504215,85;74;100;73,pca16_cosine,1,247306670,247305480
108,19.2561111111,9,0.00962135188219,0.0276766772816,0.568877616235,destination_fallback_global,15,22.0844444444,0.706357410521,15;355;155;209;345;303;288;99;233,pca16_cosine,1,247483800,215993000
111,17.3766666667,9,0.020163503308,0.0706163938311,1.32735423739,destination_fallback_global,99,15.5044444444,0.751611488329,99;15;187;209;155;355;303;233;143,pca16_cosine,1,248089000,247392600
112,19.4041666667,9,0.00550061341267,0.016160991854,0.144523825727,destination_fallback_global,303,14.0841666667,0.711511568107,303;355;209;155;310;233;143;15;181,pca16_cosine,1,248105000,564724000
117,60.2488888889,9,0.01205355095,0.0660635623251,1.4512046121,destination_fallback_global,379,60.2488888889,0.833223100587,379;222;342;24;317;109;368;276;330,pca16_cosine,1,249004000,667002240
124,90.6488888889,7,0.0231584991376,0.103436307107,1.89256207523,destination,372,90.6488888889,0.799401948351,372;298;247;331;25;255;29,pca16_cosine,1,249433000,636092552
126,91.9708333333,9,0.0181115015537,0.414119331413,5.08726296909,destination,221,111.593333333,0.957207600993,221;325;359;279;273;285;44;268;214,pca16_cosine,1,249611000,352004307
127,65.6369444444,9,0.0423515724,0.0719020138359,0.075601824721,destination_fallback_global,218,54.0963888889,0.554871963116,218;260;262;343;318;240;270;173;35,pca16_cosine,1,249697000,352002473
131,44.8680555556,9,0.0108051485789,0.0594545757746,1.74259754479,destination_fallback_global,35,26.8955555556,0.83381987234,35;318;180;251;250;371;289;302;211,pca16_cosine,1,253000158,232026551
135,18.59,5,0.120153942977,0.429519405833,2.18932002478,destination,213,18.59,0.755979946239,213;258;99;304;77,pca16_cosine,1,255805866,352001323
137,7.10861111111,9,0.0131215603606,0.0564423154825,0.163971787784,destination_fallback_global,115,-738.6,0.792567694773,115;340;338;87;237;59;130;206;37,pca16_cosine,1,255805968,248422000
138,55.1116666667,5,0.00567074788124,0.343047382269,7.24427047297,destination,143,55.1116666667,0.983605369998,143;142;68;205;344,pca16_cosine,1,255806044,255915693
139,17.3766666667,9,0.0704094305454,0.12218155884,0.135923155392,destination_fallback_global,99,15.5044444444,0.561991314466,99;187;345;15;288;155;355;209;233,pca16_cosine,1,255806427,247392600
141,2.26111111111,9,0.315986173966,0.83479739207,0.166173497735,destination,275,-741.288611111,0.68487536858,275;287;123;58;37;306;206;189;115,pca16_cosine,1,255915609,538009052
157,-163.314166667,9,0.212472012973,0.296124822256,0.0878134004792,destination,193,-434.634444444,0.487966616791,193;192;266;10;283;261;97;70;4,pca16_cosine,1,256515000,311000451
161,44.5888888889,8,0.099957757669,0.530234249434,0.368594823446,destination,172,65.5586111111,0.828187068181,172;110;154;159;238;98;234;361,pca16_cosine,1,256885000,271052090
163,79.2452777778,9,0.017192564615,0.0588400930388,0.320523969618,destination_fallback_global,339,182.796111111,0.746625675839,339;239;225;271;332;253;334;311;359,pca16_cosine,1,257824000,636021161
165,40.7847222222,9,0.0368699795227,0.153050595988,1.59162044583,destination_fallback_global,167,40.7847222222,0.785919747454,167;191;153;353;333;212;290;63;232,pca16_cosine,1,271000677,271002572
169,124.724722222,9,0.0207090950311,0.030840978765,0.044978671985,destination_fallback_global,36,85.6202777778,0.510951898536,36;61;128;365;217;234;372;293;334,pca16_cosine,1,271044383,232058998
170,10.3208333333,3,1.07699856654,1.43062847412,0.328347612117,destination,340,7.10861111111,0.47103871341,340;121;320,pca16_cosine,1,271051063,636021246
182,52.7094444444,9,0.0755284529532,0.0978340311115,0.0521966485354,destination_fallback_global,41,38.715,0.462085223729,41;378;57;200;373;264;42;208;146,pca16_cosine,1,304578000,236623000
195,34.4072222222,9,0.00978000316301,0.0220212425141,0.534396584476,destination_fallback_global,303,14.0841666667,0.641390519354,303;310;233;355;209;143;155;181;164,pca16_cosine,1,311000621,564724000
198,27.3138888889,9,0.0610210144921,0.166772374316,1.24228020267,destination_fallback_global,14,27.3138888889,0.693576302412,14;95;64;77;11;299;68;12;307,pca16_cosine,1,311085000,215958000
203,230.653333333,9,0.039469460258,0.135298013023,1.38857437871,destination_fallback_global,38,290.709722222,0.746975872202,38;61;128;300;234;293;185;257;381,pca16_cosine,1,314001113,232062004
204,22.8913888889,9,0.01139323189,0.0354359488082,0.809581516762,destination_fallback_global,181,19.4041666667,0.725048878293,181;233;209;143;150;303;88;164;383,pca16_cosine,1,314432000,304427000
210,73.2861111111,9,0.00961056311974,0.0419710435502,2.2589448478,destination_fallback_global,352,75.9841666667,0.795343804134,352;240;262;218;260;382;343;270;173,pca16_cosine,1,319301000,636022522
219,84.0602777778,9,0.0276550364918,0.0441968757981,0.0661682877739,destination_fallback_global,282,84.0602777778,0.534874153499,282;186;175;226;177;300;234;34;366,pca16_cosine,1,352003272,538009987
220,85.6202777778,9,0.00298048453396,0.0224346802509,0.68221919883,destination_fallback_global,286,90.6833333333,0.875594967411,286;257;227;293;128;365;36;287;275,pca16_cosine,1,352003495,538010653
224,95.2236111111,9,0.00406005585714,0.0148110656948,0.154508444064,destination_fallback_global,331,95.2236111111,0.760238452597,331;273;39;174;216;277;298;322;247,pca16_cosine,1,352004690,636019819
241,78.9519444444,9,0.0114558312524,0.0207077414716,0.390656748548,destination_fallback_global,329,75.9636111111,0.575097949328,329;226;223;175;322;298;366;236;249,pca16_cosine,1,372668000,636018926
242,-76.6530555556,9,0.119735730206,0.203000810569,0.0673456552267,destination,147,-62.65,0.554422178098,147;91;104;80;101;22;72;295;84,pca16_cosine,1,373026000,255915800
243,47.5175,9,0.0655703117209,0.580894806099,2.12377257383,destination,63,47.5175,0.893259526888,63;41;289;377;46;244;254;53;249,pca16_cosine,1,373808000,247018700
248,74.3922222222,9,0.0170101538576,0.0467073293734,1.37617495279,destination_fallback_global,352,75.9841666667,0.694761980764,352;363;262;246;240;260;218;321;230,pca16_cosine,1,428002000,636022522
252,274.720555556,9,0.0167603055655,0.115179792538,0.298145368851,destination,175,78.9519444444,0.864577536434,175;177;174;223;216;286;249;227;52,pca16_cosine,1,461000256,273276260
267,69.0805555556,9,0.00801425834814,0.0207871384135,0.234953949035,destination_fallback_global,206,4.225,0.680083782664,206;49;7;9;183;87;306;305;369,pca16_cosine,1,538005853,314509000
272,52.7094444444,9,0.00872189705994,0.0177133204953,0.130622471155,destination_fallback_global,200,52.7094444444,0.61116275154,200;264;148;378;57;146;42;41;208,pca16_cosine,1,538007661,312107000
278,84.0602777778,9,0.480397729288,0.831247184745,0.150710450839,destination,305,83.8008333333,0.561061901808,305;9;183;282;279;36;300;268;271,pca16_cosine,1,538009214,566453000
280,91.9708333333,9,0.0361062875292,0.0564570294902,0.0433011788234,destination_fallback_global,359,75.8911111111,0.527537287302,359;279;253;311;23;78;304;118;334,pca16_cosine,1,538009615,636023809
284,68.2436111111,9,0.0112708619639,0.0261848813792,0.112231381344,destination_fallback_global,289,-79.6066666667,0.650226866509,289;235;160;180;5;318;230;35;281,pca16_cosine,1,538010262,538011848
291,38.715,9,0.794405676067,1.16481723557,0.0756002997771,destination,244,-2439.34805556,0.505604631428,244;207;49;289;145;377;41;177;175,pca16_cosine,1,538012456,374194000
294,14.9733333333,9,0.0507368916739,0.109743177001,0.943310685179,destination_fallback_global,258,14.895,0.629818319743,258;207;213;341;159;238;73;356;113,pca16_cosine,1,544203120,511100560
296,63.5813888889,9,0.0218077296056,0.0383104358556,0.0924429032214,destination_fallback_global,317,63.5813888889,0.565956921542,317;342;173;379;240;330;260;368;24,pca16_cosine,1,563003300,636011638
297,87.8477777778,9,0.0301302040155,0.10177724043,0.602926893345,destination_fallback_global,46,428.973333333,0.743757167343,46;129;325;255;254;320;176;54;304,pca16_cosine,1,563162400,240878000
312,95.2236111111,9,0.00166466059545,0.0126987562629,2.98100812269,destination_fallback_global,322,38.6913888889,0.877140165806,322;39;331;274;174;298;214;216;329,pca16_cosine,1,613404821,636015940
313,89.0002777778,9,0.0241197702549,0.0506223391033,0.102810719623,destination_fallback_global,361,52.4452777778,0.620974693115,361;121;134;325;254;277;216;273;176,pca16_cosine,1,613471602,636024536
316,79.1775,9,0.137825351579,0.196033680665,0.392761361661,destination_fallback_global,121,10.3208333333,0.49506324659,121;379;320;46;255;134;328;129;325,pca16_cosine,1,630001201,249172000
319,54.7930555556,9,0.00325221055449,0.022389144994,0.761638140152,destination_fallback_global,88,54.7930555556,0.864798832082,88;143;164;33;142;383;303;181;209,pca16_cosine,1,636013095,247313600
323,46.4288888889,9,0.0255370626872,0.057521411367,0.547005716832,destination_fallback_global,35,26.8955555556,0.641492675878,35;371;218;318;262;270;367;19;374,pca16_cosine,1,636016014,232026551
326,15.5044444444,9,0.0479319123589,0.108322531491,0.00452092257712,destination_fallback_global,187,2.09805555556,0.642433131958,187;99;288;345;347;15;155;355;209,pca16_cosine,1,636018276,308628000
327,22.0844444444,9,0.0031902340678,0.0170741976683,0.494567464133,destination_fallback_global,355,57.4680555556,0.829572037828,355;155;15;303;209;288;345;310;215,pca16_cosine,1,636018323,636022905
335,48.3297222222,9,0.000542629023118,0.0219829382226,14.2590552996,destination_fallback_global,57,26.4461111111,0.975618062087,57;378;41;200;264;148;208;146;373,pca16_cosine,1,636020540,241953000
336,79.2452777778,9,0.0253587471976,0.0478196549828,0.0909463877063,destination_fallback_global,225,74.8519444444,0.588428609583,225;271;339;253;311;334;239;372;332,pca16_cosine,1,636020938,352004810
337,67.3097222222,9,0.0228390668021,0.0361182678869,0.112259236163,destination_fallback_global,363,74.3922222222,0.531346385808,363;230;281;302;180;246;231;211;289,pca16_cosine,1,636020986,636024786
349,35.1477777778,9,0.00516104303755,0.065195260388,0.181962513567,destination_fallback_global,166,35.1477777778,0.923889450861,166;140;50;301;168;149;21;213;356,pca16_cosine,1,636021739,271000748
351,2.26111111111,9,0.000541530809559,0.652357356945,8.03439253483,destination,123,2.26111111111,0.999170230703,123;287;275;58;37;306;189;206;115,pca16_cosine,1,636022183,249414000
354,65.6369444444,9,0.132134562769,0.253677758678,0.0884273733628,destination_fallback_global,377,69.0719444444,0.594000194856,377;330;379;173;352;317;260;240;342,pca16_cosine,1,636022867,647553008
358,34.5391666667,9,0.0161546172927,0.142783027194,6.04422198727,destination_fallback_global,191,22.3866666667,0.893024717157,191;212;353;290;344;167;205;307;259,pca16_cosine,1,636023526,310841000
360,25.5236111111,9,0.0122731996879,0.0487602456311,1.11706178106,destination_fallback_global,213,18.59,0.777474026222,213;159;238;356;341;149;301;113;50,pca16_cosine,1,636024336,352001323
364,37.5897222222,9,0.0236295903803,0.0415310548948,0.101817075419,destination_fallback_global,148,37.5897222222,0.5661127817,148;200;264;146;109;42;378;57;362,pca16_cosine,1,636024805,255915967
380,303.231666667,9,0.00457207094438,0.0373776768852,1.1708719367,destination,174,328.807222222,0.884864373089,174;216;249;223;52;175;254;53;227,pca16_cosine,1,667002260,273271070
0,-120.646388889,9,0.0100259946739,0.0264343473729,0.229000807408,destination,94,4051.84972222,0.68435460353,94;101;69;105;119;92;162;346;84,ssl_masked_contrastive_cosine,1,210627000,247351700
3,55.1116666667,5,0.0710856376113,0.179481257467,1.36202326609,destination,143,55.1116666667,0.67296522647,143;205;344;142;68,ssl_masked_contrastive_cosine,1,215035000,255915693
8,66.6188888889,9,0.209601472012,0.366818409607,0.457953212616,destination,379,60.2488888889,0.564732051241,379;173;240;352;24;231;363;246;281,ssl_masked_contrastive_cosine,1,215282000,667002240
16,52.7094444444,9,0.0142286152503,0.034642227749,0.628516208863,destination_fallback_global,148,37.5897222222,0.663165712479,148;200;264;146;378;350;208;57;362,ssl_masked_contrastive_cosine,1,219028212,255915967
17,21.2675,9,0.00450345115681,0.0613371209558,0.22159304595,destination_fallback_global,178,71.3927777778,0.929209271714,178;13;171;65;154;103;77;68;95,ssl_masked_contrastive_cosine,1,219031822,275488000
18,81.3805555556,9,0.00910548254559,0.0238006646085,0.528426590278,destination_fallback_global,53,48.4636111111,0.682104356807,53;31;247;176;254;329;332;223;214,ssl_masked_contrastive_cosine,1,219110000,241745000
26,2.26111111111,9,0.00386694115425,0.252386304584,2.03369445852,destination,123,2.26111111111,0.984795259897,123;58;287;275;37;306;189;206;115,ssl_masked_contrastive_cosine,1,229331000,249414000
28,25.0463888889,9,0.00364061288638,0.0209816142454,0.792814815289,destination_fallback_global,87,25.0463888889,0.840705017693,87;206;9;305;49;7;306;37;369,ssl_masked_contrastive_cosine,1,229412000,247310200
32,81.3805555556,9,0.0113778766497,0.0567215620716,1.64679378728,destination_fallback_global,332,760.620833333,0.818246423278,332;31;53;236;214;223;25;329;52,ssl_masked_contrastive_cosine,1,229648000,636019983
43,59.8719444444,9,0.0277303207473,0.0789256649486,0.111062508054,destination_fallback_global,153,59.8719444444,0.703739289669,153;333;212;353;232;208;378;57;167,ssl_masked_contrastive_cosine,1,240544000,256251000
48,15.9166666667,5,0.00922828916021,0.501930457588,52.7560942161,destination,77,15.9166666667,0.981782390842,77;99;258;213;304,ssl_masked_contrastive_cosine,1,240942000,247219700
51,95.2236111111,9,0.00523599982542,0.0230778312696,1.67852232424,destination_fallback_global,273,89.0002777778,0.797012914264,273;174;44;331;361;277;285;175;121,ssl_masked_contrastive_cosine,1,241618000,538008070
55,17.0086111111,9,0.00604313056838,0.050705118484,1.46609545429,destination_fallback_global,288,13.5269444444,0.887646354585,288;345;347;15;155;99;355;259;209,ssl_masked_contrastive_cosine,1,241859000,538011225
60,230.653333333,9,0.0248738991505,0.0580150533656,0.258290139302,destination_fallback_global,61,230.653333333,0.651323356763,61;128;234;197;293;300;36;365;372,ssl_masked_contrastive_cosine,1,244865000,245278000
62,15.9166666667,5,0.236364132613,0.602362056292,0.458828518342,destination,77,15.9166666667,0.675436956824,77;258;213;304;99,ssl_masked_contrastive_cosine,1,246518000,247219700
66,230.653333333,9,0.0146799837652,0.0446800737761,0.213506974136,destination_fallback_global,61,230.653333333,0.719961361255,61;128;197;234;293;365;36;217;372,ssl_masked_contrastive_cosine,1,247069600,245278000
81,-125.627222222,9,0.00308949421366,0.0182630582891,1.31794436382,destination_fallback_global,1,54.3475,0.844368463236,1;92;261;105;10;283;193;76;192,ssl_masked_contrastive_cosine,1,247278300,210688000
86,-2422.87055556,4,0.263662322549,0.33962990929,0.151189232465,destination,85,-2525.77555556,0.460094926943,85;74;100;73,ssl_masked_contrastive_cosine,1,247306670,247305480
108,19.2561111111,9,0.00842385532855,0.0302677120683,1.38828964167,destination_fallback_global,15,22.0844444444,0.757060885724,15;288;155;355;99;345;209;347;110,ssl_masked_contrastive_cosine,1,247483800,215993000
111,17.3766666667,9,0.0156147910291,0.0705013739072,1.36357854931,destination_fallback_global,99,15.5044444444,0.801330280797,99;187;15;110;288;155;345;355;209,ssl_masked_contrastive_cosine,1,248089000,247392600
112,19.4041666667,9,0.00338757376196,0.0182660818758,2.98145560647,destination_fallback_global,303,14.0841666667,0.830724509784,303;209;310;233;355;143;181;155;88,ssl_masked_contrastive_cosine,1,248105000,564724000
117,65.5738888889,9,0.0259599113658,0.133485839987,1.11712004191,destination_fallback_global,379,60.2488888889,0.823265201561,379;222;330;317;342;276;382;352;368,ssl_masked_contrastive_cosine,1,249004000,667002240
124,90.6488888889,7,0.0224274382388,0.111562079278,1.9613788738,destination,372,90.6488888889,0.817887062883,372;298;247;331;255;25;29,ssl_masked_contrastive_cosine,1,249433000,636092552
126,89.0002777778,9,0.0395954518606,0.404303784862,4.23677668975,destination,221,111.593333333,0.906707926006,221;325;359;279;271;225;236;273;285,ssl_masked_contrastive_cosine,1,249611000,352004307
127,74.6733333333,9,0.0488799023911,0.0796060627662,0.0997175970294,destination_fallback_global,218,54.0963888889,0.54116970687,218;262;228;5;343;160;35;260;318,ssl_masked_contrastive_cosine,1,249697000,352002473
131,44.8680555556,9,0.00645021317929,0.0553113827576,3.73520114094,destination_fallback_global,35,26.8955555556,0.889926522117,35;180;318;289;235;370;251;260;314,ssl_masked_contrastive_cosine,1,253000158,232026551
135,18.59,5,0.107208499019,0.435196627124,2.25960789138,destination,213,18.59,0.781652533593,213;99;258;304;77,ssl_masked_contrastive_cosine,1,255805866,352001323
137,7.10861111111,9,0.0260405813679,0.0636180194764,0.0171480476494,destination_fallback_global,115,-738.6,0.664096950338,115;340;338;292;309;87;106;237;37,ssl_masked_contrastive_cosine,1,255805968,248422000
138,55.1116666667,5,0.0054265868797,0.140391045147,9.81947466466,destination,143,55.1116666667,0.962084139492,143;142;68;205;344,ssl_masked_contrastive_cosine,1,255806044,255915693
139,15.5044444444,9,0.00274513507319,0.0691599121273,11.3041813897,destination_fallback_global,99,15.5044444444,0.961084854223,99;187;288;345;15;347;155;107;110,ssl_masked_contrastive_cosine,1,255806427,247392600
141,2.93777777778,9,0.193831684529,0.437597845169,0.334944163087,destination,275,-741.288611111,0.642142660425,275;287;123;37;58;306;206;237;115,ssl_masked_contrastive_cosine,1,255915609,538009052
157,-163.314166667,9,0.0428740106422,0.106637272793,0.289255635413,destination,283,-12.6144444444,0.668944191581,283;193;97;192;266;10;261;70;4,ssl_masked_contrastive_cosine,1,256515000,538010211
161,44.5888888889,8,0.0685375260969,0.447454626306,1.17089360984,destination,110,39.3958333333,0.857982124541,110;172;154;159;238;98;234;361,ssl_masked_contrastive_cosine,1,256885000,247530400
163,79.2452777778,9,0.0150640334399,0.0472361855848,0.298118323272,destination_fallback_global,339,182.796111111,0.726941871411,339;225;239;271;359;334;311;52;332,ssl_masked_contrastive_cosine,1,257824000,636021161
165,40.7847222222,9,0.022931352252,0.103173190519,1.77595393827,destination_fallback_global,167,40.7847222222,0.80070654087,167;191;212;153;63;353;290;333;344,ssl_masked_contrastive_cosine,1,271000677,271002572
169,104.6475,9,0.0120298383921,0.0220343179941,0.653039847276,destination_fallback_global,234,55.225,0.579285871874,234;61;365;36;217;372;300;128;78,ssl_masked_contrastive_cosine,1,271044383,356324000
170,10.3208333333,3,0.862360288543,0.941129242444,0.0913411191912,destination,340,7.10861111111,0.399994778139,340;121;320,ssl_masked_contrastive_cosine,1,271051063,636021246
182,48.3297222222,9,0.050674456436,0.0999968248027,0.161341308627,destination_fallback_global,136,20.465,0.602443945168,136;232;41;378;57;200;373;264;333,ssl_masked_contrastive_cosine,1,304578000,255805951
195,34.4072222222,9,0.0125959101544,0.0307461750498,0.0720523584583,destination_fallback_global,303,14.0841666667,0.66386660004,303;310;233;181;143;209;164;355;156,ssl_masked_contrastive_cosine,1,311000621,564724000
198,67.0344444444,9,0.0349616684394,0.0576299613543,0.435380407572,destination_fallback_global,299,67.0344444444,0.545169867279,299;11;96;132;116;14;120;29;12,ssl_masked_contrastive_cosine,1,311085000,563205300
203,230.653333333,9,0.0506565762287,0.0906780752865,0.289302470728,destination_fallback_global,38,290.709722222,0.571985324902,38;61;128;293;234;197;300;365;36,ssl_masked_contrastive_cosine,1,314001113,232062004
204,22.8913888889,9,0.0119035045625,0.0280117462687,0.301164523381,destination_fallback_global,181,19.4041666667,0.65380450538,181;233;209;150;156;303;143;245;355,ssl_masked_contrastive_cosine,1,314432000,304427000
210,74.3922222222,9,0.00559558668385,0.0446255082133,4.31339169,destination_fallback_global,352,75.9841666667,0.882152910374,352;240;363;260;160;262;218;317;173,ssl_masked_contrastive_cosine,1,319301000,636022522
219,90.5836111111,9,0.0173064139455,0.0304119126441,0.00728081886322,destination_fallback_global,300,-654.671944444,0.566053356393,300;282;186;236;234;329;334;223;372,ssl_masked_contrastive_cosine,1,352003272,563246500
220,84.285,9,0.00141294791521,0.0175402410268,0.251424709083,destination_fallback_global,257,3.05555555556,0.922604485112,257;286;227;279;275;293;34;287;256,ssl_masked_contrastive_cosine,1,352003495,477963900
224,95.2236111111,9,0.00485334928008,0.0138257150623,0.122260974768,destination_fallback_global,331,95.2236111111,0.703957109088,331;273;277;174;39;226;366;322;175,ssl_masked_contrastive_cosine,1,352004690,636019819
241,82.6511111111,9,0.00482926723863,0.00947688410818,0.300244741745,destination_fallback_global,322,38.6913888889,0.60074551762,322;329;39;298;223;216;175;226;249,ssl_masked_contrastive_cosine,1,372668000,636015940
242,-76.6530555556,9,0.0110290889141,0.118527800479,1.64186962617,destination,104,-1542.90277778,0.911147349234,104;147;91;22;101;119;72;295;94,ssl_masked_contrastive_cosine,1,373026000,247425900
243,47.5175,9,0.0438521411541,0.689457912878,4.52870175391,destination,63,47.5175,0.938376713526,63;41;289;244;377;49;46;53;253,ssl_masked_contrastive_cosine,1,373808000,247018700
248,74.3922222222,9,0.00663713104972,0.0353402571458,1.98825960492,destination_fallback_global,352,75.9841666667,0.828775035161,352;363;240;230;260;321;173;160;281,ssl_masked_contrastive_cosine,1,428002000,636022522
252,303.231666667,9,0.0102700440396,0.0561148765871,1.12207577129,destination,175,78.9519444444,0.832752994546,175;174;177;216;223;249;52;254;53,ssl_masked_contrastive_cosine,1,461000256,273276260
267,65.3591666667,9,0.00334993117105,0.021227974212,0.344737732118,destination_fallback_global,206,4.225,0.854014259196,206;49;7;183;87;305;9;306;189,ssl_masked_contrastive_cosine,1,538005853,314509000
272,52.7094444444,9,0.00884916778665,0.0224791268114,0.376798034535,destination_fallback_global,200,52.7094444444,0.674582333497,200;264;148;378;57;146;208;350;41,ssl_masked_contrastive_cosine,1,538007661,312107000
278,84.0602777778,9,0.222480149425,0.465308787131,0.0347002513521,destination,305,83.8008333333,0.619938856043,305;9;183;279;282;36;300;268;271,ssl_masked_contrastive_cosine,1,538009214,566453000
280,75.8911111111,9,0.0223527079501,0.0417600733726,0.270403119825,destination_fallback_global,253,334.89,0.585514076429,253;279;54;311;320;359;23;227;197,ssl_masked_contrastive_cosine,1,538009615,461000284
284,57.4575,9,0.00378890019846,0.0249348732988,0.250233649169,destination_fallback_global,289,-79.6066666667,0.85902963957,289;235;318;180;160;5;35;314;281,ssl_masked_contrastive_cosine,1,538010262,538011848
291,47.5175,9,0.535292000885,0.757857633978,0.225964647963,destination,244,-2439.34805556,0.493455481025,244;41;145;377;49;286;207;227;63,ssl_masked_contrastive_cosine,1,538012456,374194000
294,14.9733333333,9,0.0437193918995,0.101814037,0.855597990386,destination_fallback_global,258,14.895,0.650896676167,258;341;73;159;238;213;207;356;113,ssl_masked_contrastive_cosine,1,544203120,511100560
296,65.6369444444,9,0.0134341038107,0.0370164127109,0.183405066978,destination_fallback_global,240,66.6188888889,0.695640065994,240;317;173;342;352;260;246;379;363,ssl_masked_contrastive_cosine,1,563003300,372119000
297,79.1775,9,0.0724531363017,0.112152809265,0.202423650139,destination_fallback_global,20,692.941388889,0.524126825147,20;25;46;31;129;53;176;359;254,ssl_masked_contrastive_cosine,1,563162400,219210000
312,83.1661111111,9,0.00134161883912,0.00941344035582,4.18408431476,destination_fallback_global,322,38.6913888889,0.867168799467,322;39;274;331;366;226;329;247;214,ssl_masked_contrastive_cosine,1,613404821,636015940
313,97.9855555556,9,0.0335215474208,0.0497358506057,0.0961042851789,destination_fallback_global,121,10.3208333333,0.509670093496,121;134;298;216;361;268;331;39;174,ssl_masked_contrastive_cosine,1,613471602,249172000
316,2.93777777778,9,0.243911884195,0.291345287728,0.0711200949033,destination_fallback_global,145,-566.815555556,0.432924559214,145;381;265;185;275;37;196;287;123,ssl_masked_contrastive_cosine,1,630001201,255915759
319,54.7930555556,9,0.00738415952653,0.0197741909066,0.356352230675,destination_fallback_global,88,54.7930555556,0.688373228917,88;143;164;383;33;245;142;303;181,ssl_masked_contrastive_cosine,1,636013095,247313600
323,44.8680555556,9,0.0247733677184,0.0682640189433,0.265580813647,destination_fallback_global,35,26.8955555556,0.695652375457,35;318;371;218;262;250;251;235;289,ssl_masked_contrastive_cosine,1,636016014,232026551
326,15.5044444444,9,0.0335151313509,0.124629493322,0.728202444334,destination_fallback_global,99,15.5044444444,0.764205812094,99;187;288;347;107;345;15;155;355,ssl_masked_contrastive_cosine,1,636018276,247392600
327,19.2561111111,9,0.00208056701853,0.0263547047516,1.32353382361,destination_fallback_global,155,19.2561111111,0.924090928549,155;355;15;209;347;288;345;303;215,ssl_masked_contrastive_cosine,1,636018323,256392000
335,48.3297222222,9,9.48014402813e-05,0.0125529740547,10.3911404491,destination_fallback_global,57,26.4461111111,0.992476335578,57;378;200;41;208;264;333;148;146,ssl_masked_contrastive_cosine,1,636020540,241953000
336,85.6202777778,9,0.0163634540535,0.033179726398,0.0579868333389,destination_fallback_global,225,74.8519444444,0.610683607956,225;271;339;311;253;334;217;36;372,ssl_masked_contrastive_cosine,1,636020938,352004810
337,58.2141666667,9,0.0174998229558,0.0327181290847,0.470126530609,destination_fallback_global,246,51.7697222222,0.585747629632,246;302;363;281;231;376;19;211;230,ssl_masked_contrastive_cosine,1,636020986,403532001
349,35.1477777778,9,0.0024991768678,0.0465343589807,0.269668921974,destination_fallback_global,140,38.3283333333,0.947710639858,140;50;166;301;168;21;149;213;356,ssl_masked_contrastive_cosine,1,636021739,255915592
351,2.26111111111,9,0.0003328288597,0.249917239666,10.3784796122,destination,123,2.26111111111,0.998669130089,123;287;275;58;37;306;206;189;115,ssl_masked_contrastive_cosine,1,636022183,249414000
354,69.0719444444,9,0.0797920290298,0.164187987711,0.203293941801,destination_fallback_global,377,69.0719444444,0.615094293531,377;330;379;321;352;382;260;173;240,ssl_masked_contrastive_cosine,1,636022867,647553008
358,34.5391666667,9,0.0178956976978,0.122097331153,3.52230888886,destination_fallback_global,191,22.3866666667,0.863666038511,191;290;212;353;344;167;259;27;307,ssl_masked_contrastive_cosine,1,636023526,310841000
360,18.59,9,0.0097840462772,0.0377480770071,0.730244034327,destination_fallback_global,213,18.59,0.77167389254,213;159;356;238;21;113;301;149;341,ssl_masked_contrastive_cosine,1,636024336,352001323
364,47.5175,9,0.038161097903,0.072412554017,0.205234915501,destination_fallback_global,148,37.5897222222,0.590376029115,148;63;362;146;350;200;264;42;208,ssl_masked_contrastive_cosine,1,636024805,255915967
380,303.231666667,9,0.00386381037177,0.0289467785601,1.47958271416,destination,174,328.807222222,0.875045139907,174;175;216;254;249;223;52;177;53,ssl_masked_contrastive_cosine,1,667002260,273271070
7,97.6213888889,9,0.142674599678,0.362993956259,0.400151589988,destination_fallback_global,49,390.611388889,0.674995322092,49;9;59;28;267;324;229;269;184,fixed_dtw_geo_kin_6h,2,215270000,241287000
13,21.2675,9,0.102601465934,0.148156074199,0.0875333884142,destination_fallback_global,178,71.3927777778,0.500312265498,178;95;17;77;154;48;171;110;14,fixed_dtw_geo_kin_6h,2,215909000,275488000
19,51.7697222222,9,0.0745768509734,0.160454541549,0.377711149939,destination_fallback_global,357,46.2247222222,0.628270220131,357;246;374;352;248;210;35;323;211,fixed_dtw_geo_kin_6h,2,219133000,636023250
23,3.58555555556,3,0.240405558518,0.560107779722,1.32984537951,destination,256,3.58555555556,0.651021225895,256;196;265,fixed_dtw_geo_kin_6h,2,219550000,477856500
33,55.1116666667,9,0.0951521051333,0.159021418549,0.0494009581731,destination_fallback_global,143,55.1116666667,0.549712255787,143;319;209;181;383;184;233;245;138,fixed_dtw_geo_kin_6h,2,230723000,255915693
45,33.0186111111,9,0.313956634392,0.32402496588,0.0142667457037,destination_fallback_global,295,-76.6530555556,0.379489899749,295;116;299;11;59;29;162;150;132,fixed_dtw_geo_kin_6h,2,240788000,548651000
52,90.6833333333,9,0.117973965151,0.294591509864,0.305822190604,destination,227,84.285,0.670007564163,227;286;53;380;223;145;254;252;175,fixed_dtw_geo_kin_6h,2,241689000,352005660
56,50.2191666667,9,0.432379361921,0.638431155153,0.221082042559,destination_fallback_global,375,208.744166667,0.508010624795,375;335;57;148;272;41;373;63;200,fixed_dtw_geo_kin_6h,2,241929000,636093237
61,121.198611111,9,0.0629737530192,0.150204842982,0.312781762913,destination_fallback_global,128,247.046944444,0.657538158675,128;36;365;169;336;66;203;38;163,fixed_dtw_geo_kin_6h,2,245278000,249742000
65,39.3958333333,9,0.210704394041,0.244304899507,0.00522540580421,destination_fallback_global,17,9.26722222222,0.422120326101,17;178;315;172;171;154;150;201;110,fixed_dtw_geo_kin_6h,2,247055200,219031822
74,-163.314166667,9,0.255680156447,0.275977694961,0.0252750826204,destination_fallback_global,2,-0.651944444444,0.395955974266,2;70;97;266;309;10;125;261;193,fixed_dtw_geo_kin_6h,2,247147120,212690000
83,11.9872222222,9,0.059188821422,0.184251101291,0.396320368528,destination_fallback_global,98,32.5116666667,0.725249179577,98;62;89;79;102;6;93;73;86,fixed_dtw_geo_kin_6h,2,247296500,247383400
85,-10.6105555556,9,0.0188654249104,0.170688256198,4.39542912837,destination_fallback_global,79,-10.6105555556,0.895363392955,79;102;62;93;6;98;89;86;122,fixed_dtw_geo_kin_6h,2,247305480,247241800
87,33.0186111111,9,0.12059707596,0.195528722867,0.226588072789,destination_fallback_global,28,68.0102777778,0.539682528672,28;267;340;137;324;9;229;59;338,fixed_dtw_geo_kin_6h,2,247310200,229412000
88,42.1702777778,9,0.0673128467655,0.152208289825,0.566386637485,destination_fallback_global,143,55.1116666667,0.642594327313,143;15;319;55;108;209;138;288;383,fixed_dtw_geo_kin_6h,2,247313600,255915693
90,10.1502777778,9,0.22651282638,0.277271750039,0.167642259895,destination_fallback_global,2,-0.651944444444,0.441783920441,2;309;75;125;97;47;215;70;12,fixed_dtw_geo_kin_6h,2,247324900,212690000
92,-80.6244444444,9,0.11503820945,0.143601129621,0.18002688814,destination,119,-17.4319444444,0.448837022782,119;0;72;69;346;152;84;22;114,fixed_dtw_geo_kin_6h,2,247343900,249087000
96,23.0305555556,9,0.140174502442,0.175371110135,0.0900950822461,destination_fallback_global,114,-27.9525,0.4496426453,114;152;76;72;132;81;1;94;11,fixed_dtw_geo_kin_6h,2,247362500,248333000
99,18.4938888889,6,0.332228628792,0.87031524226,0.137215388579,destination,48,18.4938888889,0.682676848433,48;77;62;258;135;304,fixed_dtw_geo_kin_6h,2,247392600,240942000
100,-20.6094444444,9,0.0968249457002,0.116168575027,0.0613960200864,destination_fallback_global,1,54.3475,0.434531622617,1;69;72;119;76;0;22;291;242,fixed_dtw_geo_kin_6h,2,247407900,210688000
103,21.2675,9,0.114556511673,0.121484441328,0.036095966838,destination_fallback_global,171,5.89166666667,0.389468340179,171;95;77;17;178;48;110;14;154,fixed_dtw_geo_kin_6h,2,247415600,271051219
105,-36.7822222222,9,0.0972056087519,0.147140339662,0.378874175917,destination,104,-1542.90277778,0.51652481615,104;0;119;91;69;242;72;22;80,fixed_dtw_geo_kin_6h,2,247426100,247425900
107,-100.135833333,6,0.53523733243,0.574210939012,0.0427758429576,destination,102,-174.649444444,0.393715515078,102;79;120;6;93;122,fixed_dtw_geo_kin_6h,2,247453600,247415100
113,34.4177777778,9,0.11768639184,0.200634752064,0.447669114883,destination_fallback_global,149,25.5236111111,0.556231710759,149;135;238;159;341;258;301;140;207,fixed_dtw_geo_kin_6h,2,248159000,255916537
115,5.33888888889,9,0.218816929538,0.573515735388,0.569872819998,destination,130,5.33888888889,0.682811768767,130;237;125;306;37;275;287;58;351,fixed_dtw_geo_kin_6h,2,248422000,249974000
123,2.93777777778,9,0.0316110814934,0.230852911597,0.916666610792,destination,351,3.93583333333,0.872029784267,351;26;287;58;275;37;141;306;125,fixed_dtw_geo_kin_6h,2,249414000,636022183
129,87.8477777778,9,0.330489010154,0.916117066681,0.505931772876,destination_fallback_global,297,372.982222222,0.697153433672,297;46;368;24;325;54;317;362;375,fixed_dtw_geo_kin_6h,2,249962000,563162400
142,55.1116666667,6,0.133190093782,0.469600605646,0.521330789642,destination,138,59.5738888889,0.753049591284,138;143;3;68;205;344,fixed_dtw_geo_kin_6h,2,255915683,255806044
146,52.7094444444,9,0.446941328372,1.11169541489,0.170833115682,destination_fallback_global,42,30.7016666667,0.668956812921,42;202;364;272;16;200;126;222;208,fixed_dtw_geo_kin_6h,2,255915798,238066000
151,50.1938888889,9,0.392066849365,0.769924027731,0.780422720295,destination_fallback_global,43,50.1938888889,0.600959358675,43;165;135;333;167;149;341;136;153,fixed_dtw_geo_kin_6h,2,256049000,240544000
158,5.89166666667,3,0.261013085658,0.26227123329,0.00482024734222,destination,139,5.84305555556,0.369648444145,139;171;326,fixed_dtw_geo_kin_6h,2,256607000,255806427
160,74.6733333333,9,0.0751816826128,0.197899349938,0.261290928869,destination_fallback_global,228,74.6733333333,0.68393076792,228;5;235;289;284;337;363;250;180,fixed_dtw_geo_kin_6h,2,256812000,352006086
164,57.4680555556,9,0.0835674160221,0.144540677603,0.0920519968788,destination_fallback_global,138,59.5738888889,0.560930390017,138;209;355;155;184;143;233;319;195,fixed_dtw_geo_kin_6h,2,268251804,255806044
168,35.1477777778,9,0.32415021582,0.523712454648,0.167574543115,destination_fallback_global,135,52.1658333333,0.538511229319,135;341;238;149;258;301;159;140;166,fixed_dtw_geo_kin_6h,2,271040948,255805866
174,90.6833333333,9,0.0891743676609,0.33367002511,0.548308315662,destination,380,318.020277778,0.765479260377,380;223;145;53;227;175;286;254;252,fixed_dtw_geo_kin_6h,2,273271070,667002260
177,84.285,9,0.20242894681,0.504007025993,0.240688670525,destination,252,391.848055556,0.669222199853,252;175;289;223;286;227;380;145;53,fixed_dtw_geo_kin_6h,2,273277840,461000256
183,83.8008333333,9,0.21469733735,0.989855560033,0.547037950079,destination,9,97.6213888889,0.805012364171,9;305;278;36;225;282;236;214;366,fixed_dtw_geo_kin_6h,2,304610000,215481000
187,26.3880555556,9,0.241348781322,0.290411756129,0.00286913426092,destination_fallback_global,111,26.3880555556,0.435588537971,111;204;383;139;150;245;326;156;201,fixed_dtw_geo_kin_6h,2,308628000,248089000
189,4.87833333333,9,0.450173664126,0.727319415331,0.205508959154,destination,306,3.88861111111,0.538510085292,306;37;125;130;237;275;287;58;351,fixed_dtw_geo_kin_6h,2,310610000,566579000
190,83.8008333333,9,0.119511872632,0.46597719364,1.72587895957,destination_fallback_global,30,256.149722222,0.773773721132,30;306;305;229;37;49;217;265;267,fixed_dtw_geo_kin_6h,2,310772000,229471000
199,68.0102777778,9,0.12223225748,0.244797084844,0.223930127589,destination_fallback_global,229,640.108888889,0.606942801787,229;305;306;324;267;28;49;30;37,fixed_dtw_geo_kin_6h,2,311775000,352506000
206,4.87833333333,9,0.299252663701,0.576408386303,0.358338596716,destination,306,3.88861111111,0.595015524341,306;37;130;125;237;275;287;58;351,fixed_dtw_geo_kin_6h,2,314509000,566579000
213,18.4938888889,6,0.234021340567,0.912385423198,0.897419143505,destination,258,14.895,0.773759676259,258;135;48;77;62;304,fixed_dtw_geo_kin_6h,2,352001323,511100560
216,90.6833333333,9,0.145092091629,0.272338940907,0.367163088868,destination,380,318.020277778,0.586980940961,380;145;223;53;254;227;286;175;252,fixed_dtw_geo_kin_6h,2,352002243,667002260
221,89.0002777778,9,0.668836598036,3.40718542679,2.43135838526,destination,126,97.4713888889,0.821764197061,126;325;359;273;214;225;44;236;268,fixed_dtw_geo_kin_6h,2,352004307,249611000
240,65.6369444444,9,0.305654488203,0.477434258986,0.202962302965,destination,352,75.9841666667,0.527185788418,352;173;376;246;211;231;363;302;281,fixed_dtw_geo_kin_6h,2,372119000,636022522
244,90.6833333333,9,0.310765217077,0.815595099985,0.997088612597,destination,289,-79.6066666667,0.683158218699,289;252;49;286;227;175;223;380;145,fixed_dtw_geo_kin_6h,2,374194000,538011848
249,90.6833333333,9,0.102521444392,0.339662346495,0.325118741024,destination,380,318.020277778,0.739461241258,380;223;145;53;227;254;286;175;252,fixed_dtw_geo_kin_6h,2,431048000,667002260
253,90.6833333333,9,0.0906932767988,0.348929668362,0.276172674574,destination,227,84.285,0.771114427317,227;286;53;380;223;145;254;252;175,fixed_dtw_geo_kin_6h,2,461000284,352005660
255,82.6511111111,6,1.38987895607,1.72317441652,0.00561282155249,destination,25,57.5136111111,0.446381843139,25;247;298;372;124;29,fixed_dtw_geo_kin_6h,2,477630800,228481700
257,5.45166666667,3,0.353065459074,0.37674900848,0.0670797689149,destination,196,5.45166666667,0.391747780873,196;265;256,fixed_dtw_geo_kin_6h,2,477963900,311001060
263,3.93583333333,9,0.276049654764,0.418006013148,0.375603544333,destination_fallback_global,127,92.2597222222,0.516646509434,127;18;275;145;256;247;376;351;287,fixed_dtw_geo_kin_6h,2,538004558,249697000
264,52.7094444444,9,0.335424082719,0.788010854442,0.784672869031,destination_fallback_global,364,27.5413888889,0.653338951468,364;202;272;16;200;42;208;222;57,fixed_dtw_geo_kin_6h,2,538005330,636024805
271,81.3805555556,9,0.0531873309946,0.371296394699,1.95759026978,destination,225,74.8519444444,0.866539455495,225;36;214;236;359;278;44;366;282,fixed_dtw_geo_kin_6h,2,538007511,352004810
277,301.943611111,9,0.0772151588877,0.199736340038,0.0802930942365,destination_fallback_global,254,301.943611111,0.67937268413,254;247;176;53;380;18;31;39;20,fixed_dtw_geo_kin_6h,2,538009183,461000370
279,81.3805555556,9,0.210326820421,0.434854187068,0.097804874731,destination,359,75.8911111111,0.616515348861,359;225;214;236;36;44;268;273;366,fixed_dtw_geo_kin_6h,2,538009532,636023809
285,89.0002777778,9,0.0845114964997,0.274916110068,0.972858637522,destination,44,115.341388889,0.735350289495,44;268;236;214;366;273;282;225;36,fixed_dtw_geo_kin_6h,2,538010540,240633000
292,11.7391666667,9,0.146335772212,0.260659415081,0.166002647083,destination_fallback_global,130,5.33888888889,0.570406480597,130;338;106;340;237;82;59;86;137,fixed_dtw_geo_kin_6h,2,538071393,249974000
300,83.8008333333,9,0.227276207366,0.492988662723,0.367747412036,destination,282,84.0602777778,0.630641888539,282;36;366;278;236;214;225;44;305,fixed_dtw_geo_kin_6h,2,563246500,538009987
303,57.4680555556,9,0.0736369972721,0.129917908536,0.294226655076,destination_fallback_global,138,59.5738888889,0.567340085479,138;209;195;355;155;327;319;143;184,fixed_dtw_geo_kin_6h,2,564724000,255806044
311,90.5836111111,9,0.0860526575986,0.11780461075,0.0351006568528,destination_fallback_global,227,84.285,0.481682858536,227;124;286;220;236;293;372;214;225,fixed_dtw_geo_kin_6h,2,605076070,352005660
314,70.1394444444,9,0.268647073208,0.384319178492,0.0169711135782,destination_fallback_global,235,75.5544444444,0.497071832411,235;289;281;5;215;180;230;228;186,fixed_dtw_geo_kin_6h,2,613992601,356680000
318,50.4611111111,3,0.324420062683,0.523961431972,0.61507099049,destination,262,50.4611111111,0.538392285293,262;180;42,fixed_dtw_geo_kin_6h,2,636012378,538004518
320,8.88638888889,3,0.99728982442,2.39499618059,1.40150467993,destination,121,10.3208333333,0.659412757639,121;340;170,fixed_dtw_geo_kin_6h,2,636014168,249172000
328,87.8477777778,9,0.26051419544,0.581358981717,0.727936701786,destination_fallback_global,297,372.982222222,0.638832845643,297;46;54;276;141;330;325;317;350,fixed_dtw_geo_kin_6h,2,636018629,563162400
331,82.6511111111,6,0.079143689286,0.436888944738,2.23030428807,destination,298,82.6511111111,0.834307802439,298;247;25;124;372;29,fixed_dtw_geo_kin_6h,2,636019819,563186100
334,90.6488888889,9,0.0497382791082,0.139907855744,0.585559796613,destination_fallback_global,372,90.6488888889,0.700817752673,372;225;293;365;336;124;220;214;286,fixed_dtw_geo_kin_6h,2,636020328,636092552
353,48.7227777778,9,0.243512887124,0.476314155625,0.512251398618,destination_fallback_global,290,34.5391666667,0.599748859365,290;212;205;191;358;344;166;165;188,fixed_dtw_geo_kin_6h,2,636022541,538011969
356,34.4177777778,9,0.0605761023633,0.183787795579,0.966957040302,destination_fallback_global,149,25.5236111111,0.719212749892,149;159;238;341;135;258;301;207;360,fixed_dtw_geo_kin_6h,2,636023127,255916537
367,73.2861111111,9,0.203201273004,0.333049496755,0.274615248513,destination_fallback_global,374,46.4288888889,0.543283853605,374;218;323;270;276;352;317;210;343,fixed_dtw_geo_kin_6h,2,636024939,636093171
369,5.45166666667,3,0.70832516649,1.25367907758,0.769920280816,destination,265,5.76138888889,0.568361739094,265;196;256,fixed_dtw_geo_kin_6h,2,636025888,538005431
370,64.9925,9,0.157847515308,0.251526965168,0.065657277748,destination_fallback_global,235,75.5544444444,0.5338944972,235;5;289;250;228;284;251;337;180,fixed_dtw_geo_kin_6h,2,636025912,356680000
378,50.4611111111,3,2.02719418961,2.34011304811,0.154360573894,destination,42,30.7016666667,0.420512761246,42;262;180,fixed_dtw_geo_kin_6h,2,667001639,238066000
379,52.7875,9,0.581882007419,2.46830324676,0.696811315866,destination,8,64.0183333333,0.789984699378,8;24;173;352;376;246;211;231;302,fixed_dtw_geo_kin_6h,2,667002240,215282000
381,51.4602777778,9,0.0781777419522,0.15038808306,0.58527359406,destination_fallback_global,185,51.4602777778,0.59461567549,185;275;268;287;44;145;223;329;322,fixed_dtw_geo_kin_6h,2,667002373,305690000
382,75.9841666667,9,0.198058065782,0.35197948984,0.223603226006,destination_fallback_global,270,73.2861111111,0.569670163254,270;343;218;385;210;262;323;352;371,fixed_dtw_geo_kin_6h,2,671500100,538007504
384,67.055,9,0.418961177582,0.460486818859,0.00343526516744,destination_fallback_global,78,2885.25,0.402595758132,78;66;197;71;60;217;169;40;203,fixed_dtw_geo_kin_6h,2,672296000,247231200
7,97.6213888889,9,0.00701903462454,0.0317812973449,0.785595692123,destination_fallback_global,49,390.611388889,0.801833538119,49;267;9;269;28;306;305;106;37,pca16_cosine,2,215270000,241287000
13,21.2675,9,0.0982904576877,0.18101158266,0.148992553043,destination_fallback_global,17,9.26722222222,0.58099887741,17;178;48;77;171;95;68;154;80,pca16_cosine,2,215909000,219031822
19,50.7580555556,9,0.0128274947194,0.0215835502021,0.0175184377545,destination_fallback_global,246,51.7697222222,0.551938800246,246;374;357;211;376;302;371;231;35,pca16_cosine,2,219133000,403532001
23,3.58555555556,3,0.0266900676434,0.0779157582822,1.91927916119,destination,256,3.58555555556,0.709957396066,256;196;265,pca16_cosine,2,219550000,477856500
33,55.1116666667,9,0.0152415921825,0.0431950518339,0.259293112919,destination_fallback_global,383,40.6058333333,0.702679039194,383;319;184;143;150;138;181;201;204,pca16_cosine,2,230723000,671562100
45,23.0305555556,9,0.086544415156,0.180326117413,0.742525485235,destination_fallback_global,116,68.9125,0.618824986728,116;81;122;114;76;133;29;291;152,pca16_cosine,2,240788000,248507000
52,274.720555556,9,0.0234124945089,0.0563729508821,0.224436058074,destination,223,274.720555556,0.660132746418,223;53;380;227;254;286;175;252;145,pca16_cosine,2,241689000,352004593
56,121.9675,9,0.0130101516587,0.239060308854,1.67394064641,destination_fallback_global,375,208.744166667,0.947032328825,375;202;126;54;46;297;109;42;141,pca16_cosine,2,241929000,636093237
61,90.6833333333,9,0.00307546123615,0.0245523789167,5.16641567987,destination_fallback_global,128,247.046944444,0.882266396101,128;36;66;169;293;234;365;220;286,pca16_cosine,2,245278000,249742000
65,65.5586111111,9,0.0408758865599,0.0556733748144,0.221449408147,destination_fallback_global,91,4084.76305556,0.479884952052,91;172;201;184;315;383;147;154;2,pca16_cosine,2,247055200,247333600
74,-117.643055556,9,0.125328387255,0.153517465986,0.0352083422052,destination_fallback_global,76,23.0305555556,0.44202948693,76;291;93;67;152;69;1;70;10,pca16_cosine,2,247147120,247176900
83,11.9872222222,9,0.0562783003306,0.199089691262,0.838168162058,destination_fallback_global,98,32.5116666667,0.753762367223,98;89;62;94;84;79;101;10;69,pca16_cosine,2,247296500,247383400
85,-163.314166667,9,0.00347327057274,0.131034118795,2.91936541217,destination_fallback_global,79,-10.6105555556,0.973841604572,79;346;84;308;69;67;94;266;102,pca16_cosine,2,247305480,247241800
87,68.0102777778,9,0.0129222934862,0.0349019416445,0.0469668606602,destination_fallback_global,28,68.0102777778,0.690564644577,28;9;267;49;340;59;37;137;305,pca16_cosine,2,247310200,229412000
88,55.1116666667,9,0.00222791430775,0.0236042285842,0.504600435416,destination_fallback_global,143,55.1116666667,0.909931245462,143;319;138;209;181;150;383;15;233,pca16_cosine,2,247313600,255915693
90,8.88638888889,9,0.0808512130716,0.244185542067,1.35746760248,destination_fallback_global,170,8.88638888889,0.718129293365,170;47;22;133;89;104;97;98;119,pca16_cosine,2,247324900,271051063
92,-80.6244444444,9,0.14139346084,0.194949563755,0.267910100287,destination,119,-17.4319444444,0.48418788117,119;152;69;0;346;84;22;104;94,pca16_cosine,2,247343900,249087000
96,-17.3619444444,9,0.120127621385,0.140915377791,0.0215744189565,destination_fallback_global,122,-17.3619444444,0.426356013788,122;132;76;152;116;11;114;93;70,pca16_cosine,2,247362500,249281000
99,18.4938888889,6,0.441834603205,0.752271655917,0.57774029633,destination,135,52.1658333333,0.555807179835,135;48;77;258;304;62,pca16_cosine,2,247392600,255805866
100,-20.6094444444,9,0.0632236260892,0.152457558229,0.529203932682,destination_fallback_global,1,54.3475,0.6605406798,1;72;69;93;76;102;308;119;0,pca16_cosine,2,247407900,210688000
103,18.9361111111,9,0.163691507915,0.201077035308,0.0514746803387,destination_fallback_global,64,10.7030555556,0.443049574236,64;17;171;89;98;68;178;95;62,pca16_cosine,2,247415600,247045300
105,-20.6094444444,9,0.160198704921,0.311931338318,0.1795161669,destination,0,-20.6094444444,0.598355387099,0;119;104;69;162;80;84;94;22,pca16_cosine,2,247426100,210627000
107,-17.3619444444,6,0.77837608103,1.05251607915,0.0737350080423,destination,120,-5.64222222222,0.477334191313,120;102;122;6;93;79,pca16_cosine,2,247453600,249146000
113,40.9797222222,9,0.0178782000389,0.0639102983654,0.735976372706,destination_fallback_global,149,25.5236111111,0.755981061244,149;159;238;341;360;301;135;140;50,pca16_cosine,2,248159000,255916537
115,5.33888888889,9,0.0428305173879,0.263836225258,0.0348483750698,destination,130,5.33888888889,0.850154215626,130;237;306;37;125;58;275;287;351,pca16_cosine,2,248422000,249974000
123,2.93777777778,9,0.000565374833421,0.0562415918084,6.4551600561,destination,351,3.93583333333,0.989997747802,351;287;26;275;58;141;37;306;130,pca16_cosine,2,249414000,636022183
129,97.4713888889,9,0.022794949237,0.0785100407514,0.0764113677306,destination_fallback_global,126,97.4713888889,0.748005923686,126;46;297;325;54;202;375;121;361,pca16_cosine,2,249962000,249611000
142,55.1116666667,6,0.04647213599,0.245424663126,0.028451650246,destination,143,55.1116666667,0.827493541256,143;138;3;68;205;344,pca16_cosine,2,255915683,255915693
146,50.2191666667,9,0.0157797380957,0.034447397028,0.0798428920663,destination_fallback_global,42,30.7016666667,0.632495507164,42;272;16;200;57;364;335;109;222,pca16_cosine,2,255915798,238066000
151,35.1477777778,9,0.0770714715186,0.122359210442,0.513484841511,destination_fallback_global,135,52.1658333333,0.532656359937,135;166;301;140;149;349;50;238;341,pca16_cosine,2,256049000,255805866
158,5.89166666667,3,0.339473392122,0.39122181096,0.152437333937,destination,171,5.89166666667,0.419905270091,171;139;326,pca16_cosine,2,256607000,271051219
160,74.6733333333,9,0.0130073537965,0.02360918717,0.113382080731,destination_fallback_global,5,84.3366666667,0.576405090311,5;235;289;228;284;230;281;180;363,pca16_cosine,2,256812000,215178000
164,55.1116666667,9,0.00870945353967,0.0224825087129,0.327618772689,destination_fallback_global,319,64.7330555556,0.678827675166,319;143;138;181;383;209;195;233;150,pca16_cosine,2,268251804,636013095
168,35.1477777778,9,0.0259001806083,0.0748729324287,0.852473568057,destination_fallback_global,135,52.1658333333,0.707567806811,135;166;140;349;301;50;149;238;341,pca16_cosine,2,271040948,255805866
174,274.720555556,9,0.00475493763235,0.0734772446679,7.79799403226,destination,380,318.020277778,0.937336380402,380;175;223;254;252;53;227;286;145,pca16_cosine,2,273271070,667002260
177,274.720555556,9,0.0234291481152,0.178428174754,0.00063233089081,destination,252,391.848055556,0.876947134827,252;175;223;380;53;286;227;254;145,pca16_cosine,2,273277840,461000256
183,83.8008333333,9,0.0485548763338,0.636327480752,0.357294837969,destination,305,83.8008333333,0.926533704802,305;9;36;225;278;359;282;236;214,pca16_cosine,2,304610000,566453000
187,26.3880555556,9,0.0482834745207,0.090950642171,0.0059908215826,destination_fallback_global,326,10.6444444444,0.58808982704,326;111;108;161;139;345;55;288;3,pca16_cosine,2,308628000,636018276
189,4.87833333333,9,0.0682497817184,0.594080669852,0.812698976266,destination,306,3.88861111111,0.891470421654,306;130;37;237;58;125;26;351;275,pca16_cosine,2,310610000,566579000
190,234.348611111,9,0.0132143056312,0.127899960529,1.812348142,destination_fallback_global,30,256.149722222,0.901840583343,30;229;324;306;49;305;267;269;265,pca16_cosine,2,310772000,229471000
199,83.8008333333,9,0.015552365754,0.0731241613376,0.00535820711376,destination_fallback_global,324,45.0263888889,0.808411260572,324;229;30;306;305;49;267;269;130,pca16_cosine,2,311775000,636016205
206,4.87833333333,9,0.0267557413477,0.478462438561,0.941459933304,destination,306,3.88861111111,0.945614541359,306;37;130;237;125;275;58;287;351,pca16_cosine,2,314509000,566579000
213,18.9361111111,6,0.120917537602,0.773729413538,0.00109000649556,destination,135,52.1658333333,0.855320656872,135;258;48;62;304;77,pca16_cosine,2,352001323,255805866
216,274.720555556,9,0.0106827587182,0.0668665261521,1.04724164176,destination,380,318.020277778,0.85234625663,380;223;254;53;175;227;286;252;145,pca16_cosine,2,352002243,667002260
221,89.0002777778,9,0.0182913183855,0.583096617919,7.88979476107,destination,126,97.4713888889,0.9691176357,126;325;359;273;44;214;268;236;225,pca16_cosine,2,352004307,249611000
240,65.6369444444,9,0.0140225525654,0.0696362269296,1.24795588671,destination,173,65.6369444444,0.817610968904,173;352;246;231;363;376;211;302;24,pca16_cosine,2,372119000,273267690
244,18.7561111111,9,0.110942078376,0.780595375633,2.92165998258,destination,289,-79.6066666667,0.867512854378,289;377;41;243;291;63;49;207;46,pca16_cosine,2,374194000,538011848
249,274.720555556,9,0.00692301954136,0.0736795568075,2.00356766521,destination,223,274.720555556,0.910318082289,223;53;380;254;175;227;286;252;145,pca16_cosine,2,431048000,352004593
253,90.6833333333,9,0.0304312843779,0.110227275348,0.350771664473,destination,227,84.285,0.758754030265,227;286;223;53;380;254;175;145;252,pca16_cosine,2,461000284,352005660
255,82.6511111111,6,0.240196920825,0.400734442722,0.375592709871,destination,247,83.1661111111,0.549145549687,247;298;25;372;124;29,pca16_cosine,2,477630800,403660000
257,5.45166666667,3,0.0377740940522,0.0494073085559,0.307968061066,destination,196,5.45166666667,0.465545863142,196;256;265,pca16_cosine,2,477963900,311001060
263,52.4452777778,9,0.145460560118,0.175830066922,0.0188964985054,destination_fallback_global,185,51.4602777778,0.437237297159,185;141;268;361;44;38;134;121;145,pca16_cosine,2,538004558,305690000
264,50.2191666667,9,0.0093665442594,0.0207380115327,0.67822854191,destination_fallback_global,272,50.2191666667,0.636570138091,272;200;57;16;335;42;41;364;148,pca16_cosine,2,538005330,538007661
271,81.3805555556,9,0.00273986838931,0.0755114658649,12.9674493281,destination,225,74.8519444444,0.964366242205,225;236;36;359;214;282;366;44;268,pca16_cosine,2,538007511,352004810
277,301.943611111,9,0.0114874992311,0.0247928495085,0.102756050076,destination_fallback_global,247,83.1661111111,0.629179174313,247;254;224;176;273;18;39;380;361,pca16_cosine,2,538009183,403660000
279,85.6202777778,9,0.0787325403082,0.137988547737,0.0647806412283,destination,36,85.6202777778,0.565201482739,36;225;359;236;268;214;282;44;325,pca16_cosine,2,538009532,232058998
285,90.5836111111,9,0.00493348295719,0.054179477836,1.16768369414,destination,44,115.341388889,0.912964621517,44;268;273;214;236;366;36;282;225,pca16_cosine,2,538010540,240633000
292,11.7391666667,9,0.0678321264816,0.0988451625254,0.138303827926,destination_fallback_global,340,7.10861111111,0.503462376177,340;338;237;86;137;130;106;59;9,pca16_cosine,2,538071393,636021246
300,85.6202777778,9,0.0491455711767,0.145499527983,0.277649204161,destination,282,84.0602777778,0.713358382639,282;36;366;268;236;44;214;225;273,pca16_cosine,2,563246500,538009987
303,55.1116666667,9,0.00481427855206,0.010536806531,0.230167501866,destination_fallback_global,209,17.3766666667,0.633242961236,209;112;355;195;233;143;138;155;327,pca16_cosine,2,564724000,319076100
311,85.6202777778,9,0.0154601780359,0.0225145717759,0.0221734447561,destination_fallback_global,225,74.8519444444,0.503246932502,225;372;124;365;227;286;236;220;36,pca16_cosine,2,605076070,352004810
314,68.2436111111,9,0.02428518486,0.047940018542,0.0477591438969,destination_fallback_global,289,-79.6066666667,0.602556179771,289;235;281;180;5;284;230;228;337,pca16_cosine,2,613992601,538011848
318,57.4575,3,0.0480806872638,0.0526018625931,0.0940330845208,destination,180,57.4575,0.400897642462,180;262;42,pca16_cosine,2,636012378,304204000
320,10.3208333333,3,0.149036286206,1.23260628404,7.27051126553,destination,121,10.3208333333,0.886112368806,121;340;170,pca16_cosine,2,636014168,249172000
328,97.4713888889,9,0.0689118667967,0.103363962744,0.0462358577579,destination_fallback_global,46,428.973333333,0.513404411904,46;126;202;54;325;375;121;297;361,pca16_cosine,2,636018629,240878000
331,82.6511111111,6,0.00959303786713,0.116676973767,1.32524934843,destination,298,82.6511111111,0.921070429364,298;247;124;372;25;29,pca16_cosine,2,636019819,563186100
334,90.5836111111,9,0.00482242566977,0.0262753235203,1.34583962549,destination_fallback_global,372,90.6488888889,0.832323245459,372;365;225;124;227;286;36;236;293,pca16_cosine,2,636020328,636092552
353,50.1938888889,9,0.0481271829814,0.129088872544,0.330712127756,destination_fallback_global,344,48.7227777778,0.688787765649,344;212;205;358;43;165;290;191;153,pca16_cosine,2,636022541,636021596
356,44.4341666667,9,0.0104282809001,0.0455752355328,0.729914882344,destination_fallback_global,149,25.5236111111,0.795475972953,149;159;238;360;341;301;135;140;50,pca16_cosine,2,636023127,255916537
367,46.4288888889,9,0.0226081238684,0.068901399385,0.833597127639,destination_fallback_global,374,46.4288888889,0.720274525061,374;368;357;246;323;24;371;342;376,pca16_cosine,2,636024939,636093171
369,5.76138888889,3,0.132598639757,0.764617133693,4.76640254451,destination,265,5.76138888889,0.840785800664,265;196;256,pca16_cosine,2,636025888,538005431
370,49.2836111111,9,0.0182420626469,0.0669067027799,0.20286720084,destination_fallback_global,250,49.2836111111,0.761359784174,250;251;180;131;289;235;371;284;302,pca16_cosine,2,636025912,431476000
378,30.7016666667,3,0.0767325105751,0.434904059029,4.66779394769,destination,42,30.7016666667,0.838252853455,42;262;180,pca16_cosine,2,667001639,238066000
379,64.0183333333,9,0.0544321612212,0.284435568606,0.353778058534,destination,8,64.0183333333,0.825827769837,8;24;173;352;231;246;376;211;363,pca16_cosine,2,667002240,215282000
381,2.93777777778,9,0.0117076548857,0.0340907595713,1.41972865332,destination_fallback_global,145,-566.815555556,0.709335934918,145;185;275;287;196;220;351;286;268,pca16_cosine,2,667002373,255915759
382,75.9841666667,9,0.0487707295731,0.0656061898186,0.0496326599624,destination_fallback_global,210,87.4213888889,0.47550109231,210;352;330;270;385;218;343;248;262,pca16_cosine,2,671500100,319301000
384,51.4602777778,9,0.169107088618,0.28643510866,0.0823151547682,destination_fallback_global,60,54.1683333333,0.554113722175,60;66;203;197;128;141;346;84;185,pca16_cosine,2,672296000,244865000
7,83.8008333333,9,0.00796764695206,0.0176709012154,0.183686225253,destination_fallback_global,49,390.611388889,0.63706039938,49;267;28;9;305;269;306;37;106,ssl_masked_contrastive_cosine,2,215270000,241287000
13,18.4938888889,9,0.00706678194967,0.0358772393062,0.455673232419,destination_fallback_global,17,9.26722222222,0.821214305211,17;178;48;170;77;171;68;95;80,ssl_masked_contrastive_cosine,2,215909000,219031822
19,50.7580555556,9,0.0108045145902,0.0181142134544,0.0800771736712,destination_fallback_global,246,51.7697222222,0.550754502246,246;376;374;211;357;302;371;337;250,ssl_masked_contrastive_cosine,2,219133000,403532001
23,3.58555555556,3,0.0115358338599,0.0464253026177,3.02444272183,destination,256,3.58555555556,0.779984205945,256;196;265,ssl_masked_contrastive_cosine,2,219550000,477856500
33,45.8775,9,0.0146711628933,0.0346384326206,0.706783264732,destination_fallback_global,383,40.6058333333,0.65471740394,383;184;319;245;150;156;143;138;181,ssl_masked_contrastive_cosine,2,230723000,671562100
45,27.3138888889,9,0.0137799840138,0.0184115664019,0.0378621567237,destination_fallback_global,133,88.0419444444,0.473103216485,133;116;76;14;10;70;81;1;261,ssl_masked_contrastive_cosine,2,240788000,255801270
52,274.720555556,9,0.0312211734219,0.107352106149,0.369641266421,destination,223,274.720555556,0.747643042342,223;254;380;53;227;286;175;46;252,ssl_masked_contrastive_cosine,2,241689000,352004593
56,121.9675,9,0.0387608051471,0.230826979838,1.02550057356,destination_fallback_global,375,208.744166667,0.84542022521,375;202;54;141;197;78;280;188;217,ssl_masked_contrastive_cosine,2,241929000,636093237
61,85.6202777778,9,0.00204087076322,0.0186052232203,2.6941260398,destination_fallback_global,128,247.046944444,0.896108812678,128;234;293;66;169;36;60;365;220,ssl_masked_contrastive_cosine,2,245278000,249742000
65,44.5888888889,9,0.0305532444933,0.0497536189231,0.348811605355,destination_fallback_global,17,9.26722222222,0.541132616833,17;178;91;383;154;201;172;184;171,ssl_masked_contrastive_cosine,2,247055200,219031822
74,-5.65111111111,9,0.0205873056301,0.0364777505267,0.0311938227605,destination_fallback_global,261,-186.653611111,0.568712751752,261;76;10;116;152;81;70;14;291,ssl_masked_contrastive_cosine,2,247147120,538003678
83,-0.993888888889,9,0.0150538422953,0.0538751184235,0.280467917769,destination_fallback_global,62,18.9361111111,0.756221427223,62;102;295;98;162;84;64;94;119,ssl_masked_contrastive_cosine,2,247296500,246518000
85,-17.4319444444,9,0.00283267673883,0.0298874990573,5.88911901706,destination_fallback_global,79,-10.6105555556,0.909574857355,79;308;84;346;69;62;119;266;102,ssl_masked_contrastive_cosine,2,247305480,247241800
87,68.0102777778,9,0.00260488947029,0.0270287153074,3.4922244277,destination_fallback_global,28,68.0102777778,0.908123505633,28;9;267;49;305;37;106;340;306,ssl_masked_contrastive_cosine,2,247310200,229412000
88,55.1116666667,9,0.00199635991452,0.0313680266626,0.227388766682,destination_fallback_global,143,55.1116666667,0.938339789683,143;319;138;209;215;150;15;181;156,ssl_masked_contrastive_cosine,2,247313600,255915693
90,10.7030555556,9,0.054019835435,0.0640002533235,0.0673402234546,destination_fallback_global,95,21.2675,0.429962799106,95;104;47;48;157;242;89;64;22,ssl_masked_contrastive_cosine,2,247324900,247355500
92,-20.6094444444,9,0.00964853857943,0.0347507016063,0.716257291249,destination,0,-20.6094444444,0.757561784923,0;94;101;119;69;162;22;67;295,ssl_masked_contrastive_cosine,2,247343900,210627000
96,10.5536111111,9,0.0166972086567,0.0303253331396,0.351129722944,destination_fallback_global,11,70.8777777778,0.576602218839,11;114;116;198;299;132;122;14;152,ssl_masked_contrastive_cosine,2,247362500,215826000
99,18.4938888889,6,0.345312174386,0.496495981169,0.0609384658913,destination,135,52.1658333333,0.498825757314,135;48;77;258;304;62,ssl_masked_contrastive_cosine,2,247392600,255805866
100,-20.6094444444,9,0.0018466874939,0.00549673307119,0.530559294757,destination_fallback_global,101,-120.646388889,0.714651034572,101;94;192;193;291;1;0;81;283,ssl_masked_contrastive_cosine,2,247407900,247408700
103,15.9166666667,9,0.0136409215187,0.0381296623236,0.371979781699,destination_fallback_global,171,5.89166666667,0.699247226525,171;89;178;48;17;98;77;95;73,ssl_masked_contrastive_cosine,2,247415600,271051219
105,-20.6094444444,9,0.00825285512065,0.0358874620587,0.733403331695,destination,101,-120.646388889,0.794561524398,101;94;0;119;22;69;72;162;295,ssl_masked_contrastive_cosine,2,247426100,247408700
107,-100.135833333,6,0.465989865492,0.584597596544,0.121203810707,destination,120,-5.64222222222,0.450628419997,120;102;6;93;122;79,ssl_masked_contrastive_cosine,2,247453600,249146000
113,38.3283333333,9,0.0213178149995,0.0484354221081,0.220639922034,destination_fallback_global,149,25.5236111111,0.643953596987,149;238;341;159;301;360;50;140;21,ssl_masked_contrastive_cosine,2,248159000,255916537
115,5.33888888889,9,0.0448991602381,0.237361043765,0.413321530156,destination,130,5.33888888889,0.827654262532,130;306;237;37;125;58;26;351;275,ssl_masked_contrastive_cosine,2,248422000,249974000
123,1.55583333333,9,0.000341383089827,0.087951109149,13.4932911514,destination,351,3.93583333333,0.996126013548,351;287;26;275;58;141;37;306;237,ssl_masked_contrastive_cosine,2,249414000,636022183
129,97.4713888889,9,0.0231197402912,0.103195326951,0.654371301977,destination_fallback_global,46,428.973333333,0.799284252631,46;325;176;304;254;126;54;280;361,ssl_masked_contrastive_cosine,2,249962000,240878000
142,55.1116666667,6,0.055423204081,0.158339676017,0.00170159825625,destination,138,59.5738888889,0.70466887513,138;143;68;3;205;344,ssl_masked_contrastive_cosine,2,255915683,255806044
146,50.2191666667,9,0.00699502989481,0.0317578947924,0.807427208884,destination_fallback_global,272,50.2191666667,0.802309261026,272;16;200;57;335;148;208;42;364,ssl_masked_contrastive_cosine,2,255915798,538007661
151,35.1477777778,9,0.0687550089337,0.147639911851,0.774975932257,destination_fallback_global,135,52.1658333333,0.627699382423,135;149;166;140;301;349;50;238;341,ssl_masked_contrastive_cosine,2,256049000,255805866
158,5.89166666667,3,0.0375376793936,0.172727528025,3.60144395751,destination,171,5.89166666667,0.804669949865,171;139;326,ssl_masked_contrastive_cosine,2,256607000,271051219
160,74.6733333333,9,0.0107972035222,0.0202445877813,0.212277169509,destination_fallback_global,5,84.3366666667,0.586643610375,5;235;289;228;284;262;248;281;363,ssl_masked_contrastive_cosine,2,256812000,215178000
164,45.8775,9,0.0117796320219,0.0266656050585,0.365382561025,destination_fallback_global,319,64.7330555556,0.642907908143,319;143;138;181;150;156;383;245;209,ssl_masked_contrastive_cosine,2,268251804,636013095
168,35.1477777778,9,0.026483031845,0.102567461719,0.0238616881975,destination_fallback_global,166,35.1477777778,0.772439875777,166;135;349;140;50;301;149;239;238,ssl_masked_contrastive_cosine,2,271040948,271000748
174,301.943611111,9,0.00582421079377,0.0939873649987,3.18673740908,destination,380,318.020277778,0.939912945929,380;175;252;254;223;286;227;53;46,ssl_masked_contrastive_cosine,2,273271070,667002260
177,274.720555556,9,0.0459871978013,0.224885695639,0.0456467542833,destination,252,391.848055556,0.81506172583,252;175;380;223;53;254;286;227;207,ssl_masked_contrastive_cosine,2,273277840,461000256
183,83.8008333333,9,0.0341297018596,0.429477894941,1.31751210976,destination,305,83.8008333333,0.923607677079,305;9;278;225;359;36;282;236;325,ssl_masked_contrastive_cosine,2,304610000,566453000
187,13.5269444444,9,0.0134700237243,0.0639719057982,0.787384949367,destination_fallback_global,139,5.84305555556,0.810129189117,139;111;326;161;108;110;288;15;55,ssl_masked_contrastive_cosine,2,308628000,255806427
189,4.87833333333,9,0.0411787680548,0.392957877279,1.13529782367,destination,306,3.88861111111,0.900511978734,306;130;37;237;58;125;26;351;287,ssl_masked_contrastive_cosine,2,310610000,566579000
190,234.348611111,9,0.00292573207368,0.0849870666511,8.36263202141,destination_fallback_global,30,256.149722222,0.966160204418,30;229;324;306;49;267;305;269;130,ssl_masked_contrastive_cosine,2,310772000,229471000
199,83.8008333333,9,0.00258140499312,0.0502249118465,0.516903693468,destination_fallback_global,229,640.108888889,0.949901575579,229;324;30;306;49;267;305;130;269,ssl_masked_contrastive_cosine,2,311775000,352506000
206,4.87833333333,9,0.0204976172672,0.396586127118,0.841342708422,destination,306,3.88861111111,0.949627800998,306;37;130;237;125;58;26;351;275,ssl_masked_contrastive_cosine,2,314509000,566579000
213,18.4938888889,6,0.136701389215,0.352727409627,0.452154657206,destination,258,14.895,0.678714076927,258;135;48;77;62;304,ssl_masked_contrastive_cosine,2,352001323,511100560
216,274.720555556,9,0.0232594481427,0.1025591621,0.106124028574,destination,223,274.720555556,0.797087719785,223;380;254;175;53;46;227;286;252,ssl_masked_contrastive_cosine,2,352002243,352004593
221,89.0002777778,9,0.111079421938,0.43714206001,0.703310119129,destination,126,97.4713888889,0.775611354444,126;325;359;225;273;268;44;236;214,ssl_masked_contrastive_cosine,2,352004307,249611000
240,65.6369444444,9,0.0143931683513,0.0564137317175,0.982343299285,destination,173,65.6369444444,0.774811192081,173;352;246;363;231;281;376;211;302,ssl_masked_contrastive_cosine,2,372119000,273267690
244,18.7561111111,9,0.1511129145,0.467123664372,0.987723898085,destination,289,-79.6066666667,0.723614422397,289;41;377;243;63;291;207;49;53,ssl_masked_contrastive_cosine,2,374194000,538011848
249,274.720555556,9,0.00508357894223,0.128798047837,4.15630877196,destination,223,274.720555556,0.961299389655,223;254;53;380;46;175;227;286;252,ssl_masked_contrastive_cosine,2,431048000,352004593
253,90.6833333333,9,0.056611264952,0.195307268693,0.260698832367,destination,227,84.285,0.748370247502,227;286;223;254;46;380;145;53;175,ssl_masked_contrastive_cosine,2,461000284,352005660
255,82.6511111111,6,0.159629608374,0.194286369734,0.0477514467005,destination,247,83.1661111111,0.439718639437,247;298;372;124;25;29,ssl_masked_contrastive_cosine,2,477630800,403660000
257,5.45166666667,3,0.0384521273463,0.0472346050062,0.228400306198,destination,196,5.45166666667,0.443052557416,196;256;265,ssl_masked_contrastive_cosine,2,477963900,311001060
263,103.651111111,9,0.0785158361115,0.115057583881,0.00117840473247,destination_fallback_global,268,103.651111111,0.505400193647,268;185;44;203;38;60;293;66;145,ssl_masked_contrastive_cosine,2,538004558,538006774
264,52.7094444444,9,0.0041921199636,0.0141180374236,0.657552482496,destination_fallback_global,200,52.7094444444,0.743093337045,200;272;57;335;16;208;148;41;364,ssl_masked_contrastive_cosine,2,538005330,312107000
271,81.3805555556,9,0.00121433003436,0.106320658659,35.7226538706,destination,225,74.8519444444,0.988643583427,225;359;236;36;282;214;325;366;268,ssl_masked_contrastive_cosine,2,538007511,352004810
277,301.943611111,9,0.0186387040983,0.0282617238275,0.0391229870252,destination_fallback_global,224,533.3925,0.517108045671,224;247;39;254;312;273;322;380;329,ssl_masked_contrastive_cosine,2,538009183,352004690
279,85.6202777778,9,0.0730887019181,0.158814493616,0.452896912393,destination,36,85.6202777778,0.631148372306,36;225;282;359;268;325;236;44;214,ssl_masked_contrastive_cosine,2,538009532,232058998
285,90.5836111111,9,0.00931540450127,0.0824501014978,0.216670411757,destination,44,115.341388889,0.893166443037,44;268;366;273;236;214;36;282;325,ssl_masked_contrastive_cosine,2,538010540,240633000
292,11.7391666667,9,0.019626714285,0.0555326433421,0.00324973361151,destination_fallback_global,106,24.1022222222,0.702277525733,106;340;338;137;237;130;86;309;267,ssl_masked_contrastive_cosine,2,538071393,247432200
300,85.6202777778,9,0.0708580876739,0.111287621023,0.143701505707,destination,282,84.0602777778,0.5290293766,282;36;268;44;366;236;214;273;225,ssl_masked_contrastive_cosine,2,563246500,538009987
303,47.1530555556,9,0.00432456473358,0.0125557105401,0.049923758801,destination_fallback_global,209,17.3766666667,0.708624077823,209;112;355;155;195;143;138;233;327,ssl_masked_contrastive_cosine,2,564724000,319076100
311,84.285,9,0.0101280087711,0.0359782679824,1.00536990771,destination_fallback_global,124,81.2930555556,0.754648265799,124;225;372;280;227;365;286;118;336,ssl_masked_contrastive_cosine,2,605076070,249433000
314,68.2436111111,9,0.0184461667266,0.0380360926831,0.0721403072635,destination_fallback_global,235,75.5544444444,0.615718859234,235;289;281;5;284;180;230;228;363,ssl_masked_contrastive_cosine,2,613992601,356680000
318,50.4611111111,3,0.0305070854342,0.0315605420832,0.0345315402629,destination,262,50.4611111111,0.380366093884,262;180;42,ssl_masked_contrastive_cosine,2,636012378,538004518
320,10.3208333333,3,0.271625460908,0.649029939879,1.38942968641,destination,121,10.3208333333,0.658026609345,121;340;170,ssl_masked_contrastive_cosine,2,636014168,249172000
328,52.4452777778,9,0.111552763664,0.140767903417,0.0575785027633,destination_fallback_global,197,103.049722222,0.452730252985,197;361;275;141;304;54;293;268;145,ssl_masked_contrastive_cosine,2,636018629,311001144
331,82.6511111111,6,0.0175446345663,0.177731215097,1.13325456401,destination,298,82.6511111111,0.90600140313,298;247;372;124;25;29,ssl_masked_contrastive_cosine,2,636019819,563186100
334,90.6488888889,9,0.0056657421804,0.0304546265672,1.17824503976,destination_fallback_global,372,90.6488888889,0.830241381008,372;124;365;225;36;217;78;227;286,ssl_masked_contrastive_cosine,2,636020328,636092552
353,50.1938888889,9,0.0319853694913,0.0877795219723,0.139606574283,destination_fallback_global,344,48.7227777778,0.694625071224,344;205;212;43;165;358;290;153;191,ssl_masked_contrastive_cosine,2,636022541,636021596
356,40.9797222222,9,0.0123263878064,0.0366651834908,0.169728777702,destination_fallback_global,159,44.4341666667,0.714488903779,159;149;238;341;301;360;50;140;21,ssl_masked_contrastive_cosine,2,636023127,256714000
367,46.4288888889,9,0.0153668013062,0.0461077801159,1.32240947168,destination_fallback_global,374,46.4288888889,0.716569521169,374;368;357;371;376;246;24;211;342,ssl_masked_contrastive_cosine,2,636024939,636093171
369,5.76138888889,3,0.0880575391585,0.438480507592,3.97947718938,destination,265,5.76138888889,0.818056154831,265;256;196,ssl_masked_contrastive_cosine,2,636025888,538005431
370,49.2836111111,9,0.0113756442013,0.0514502470852,0.305669271576,destination_fallback_global,250,49.2836111111,0.801636597222,250;251;131;371;180;35;289;284;235,ssl_masked_contrastive_cosine,2,636025912,431476000
378,30.7016666667,3,0.104964068163,0.277641115399,1.64510627549,destination,42,30.7016666667,0.685191687966,42;262;180,ssl_masked_contrastive_cosine,2,667001639,238066000
379,64.0183333333,9,0.0751687717651,0.237375087384,0.374505940381,destination,8,64.0183333333,0.728573590641,8;24;173;352;246;231;363;376;211,ssl_masked_contrastive_cosine,2,667002240,215282000
381,2.93777777778,9,0.00607382970909,0.0394258401911,1.70951957925,destination_fallback_global,145,-566.815555556,0.857223091654,145;275;185;287;196;220;351;286;227,ssl_masked_contrastive_cosine,2,667002373,255915759
382,76.2652777778,9,0.0333702513241,0.051918608359,0.303672427988,destination_fallback_global,385,85.1122222222,0.525848759564,385;270;343;330;210;352;218;179;350,ssl_masked_contrastive_cosine,2,671500100,677089900
384,52.2075,9,0.068009500749,0.146372755608,0.632770091177,destination_fallback_global,141,16.4616666667,0.628366153059,141;66;60;203;197;346;128;185;188,ssl_masked_contrastive_cosine,2,672296000,255915609
2,-36.7822222222,9,0.451959917434,0.489112939691,0.0327922512878,destination,162,-0.993888888889,0.396912274743,162;22;144;80;91;242;147;119;105,fixed_dtw_geo_kin_6h,3,212690000,256891000
4,-186.653611111,5,0.658642893379,0.666983945548,0.00609550631825,destination,261,-186.653611111,0.372508890847,261;70;157;10;97,fixed_dtw_geo_kin_6h,3,215054000,538003678
25,83.1661111111,6,0.218693752673,0.442472505142,0.858191204726,destination,247,83.1661111111,0.610025889763,247;124;331;372;255;29,fixed_dtw_geo_kin_6h,3,228481700,403660000
27,54.7930555556,9,0.333959550027,0.364925041855,0.00501381896896,destination_fallback_global,319,64.7330555556,0.400458311117,319;33;138;88;303;142;245;156;164,fixed_dtw_geo_kin_6h,3,229370000,636013095
36,81.3805555556,9,0.157306332625,0.352006486787,0.52928542944,destination,271,79.2452777778,0.639617616725,271;214;278;300;282;285;279;268;305,fixed_dtw_geo_kin_6h,3,232058998,538007511
39,303.231666667,9,0.0545980856381,0.085668890672,0.0866234917456,destination_fallback_global,331,95.2236111111,0.528710004267,331;216;249;174;224;380;268;123;351,fixed_dtw_geo_kin_6h,3,232063279,636019819
44,91.9708333333,9,0.0845114964997,0.422635076996,0.191744174349,destination,285,96.8438888889,0.818760816918,285;268;214;282;271;279;300;278;359,fixed_dtw_geo_kin_6h,3,240633000,538010540
47,8.88638888889,9,0.207511144789,0.250210653754,0.059195104243,destination_fallback_global,97,-2281.43333333,0.436334660563,97;170;12;70;133;29;10;157;11,fixed_dtw_geo_kin_6h,3,240893000,247382800
57,48.3297222222,9,0.0730955202132,0.299372381201,1.84323597905,destination_fallback_global,335,92.9991666667,0.78336029859,335;41;378;148;373;375;63;182;200,fixed_dtw_geo_kin_6h,3,241953000,636020540
59,24.1022222222,9,0.193996359096,0.269609117709,0.120534192178,destination_fallback_global,106,24.1022222222,0.486972936038,106;338;237;9;295;87;292;340;45,fixed_dtw_geo_kin_6h,3,244090800,247432200
71,75.8911111111,9,0.300893256055,0.462843600968,0.0580629866084,destination_fallback_global,385,85.1122222222,0.521995118675,385;179;343;384;250;371;197;359;262,fixed_dtw_geo_kin_6h,3,247104500,677089900
72,-62.65,9,0.12520687914,0.134582703957,0.000646309506534,destination,91,4084.76305556,0.394421910885,91;80;242;22;0;92;147;105;69,fixed_dtw_geo_kin_6h,3,247131100,247333600
76,-20.6094444444,9,0.114878160988,0.128411845309,0.0112328925509,destination_fallback_global,152,-80.6244444444,0.408768132478,152;100;1;69;101;92;0;291;119,fixed_dtw_geo_kin_6h,3,247176900,256227000
77,18.4938888889,7,0.0879838734034,0.914927906733,3.04448785708,destination,48,18.4938888889,0.9083142994,48;62;99;213;258;135;304,fixed_dtw_geo_kin_6h,3,247219700,240942000
82,-76.6530555556,9,0.34934340999,0.391789738365,0.0632347745749,destination,67,-595.088611111,0.409974449834,67;162;69;119;101;94;92;0;295,fixed_dtw_geo_kin_6h,3,247282600,247077700
84,-62.65,9,0.115234776593,0.160735357624,0.00906074133799,destination,69,-136.652222222,0.488252597582,69;119;0;101;147;92;242;94;67,fixed_dtw_geo_kin_6h,3,247298300,247100900
104,-36.7822222222,9,0.0972056087519,0.125745240364,0.0959402206693,destination,105,-166.650833333,0.461609451514,105;91;147;242;119;22;94;80;69,fixed_dtw_geo_kin_6h,3,247425900,247426100
109,71.5641666667,9,1.46437502834,2.26867263392,0.269918637731,destination_fallback_global,42,30.7016666667,0.52441256368,42;146;126;202;264;221;364;117;222,fixed_dtw_geo_kin_6h,3,247488900,238066000
114,-80.6244444444,9,0.101763277551,0.17355862982,0.43520135781,destination,152,-80.6244444444,0.556363332282,152;80;22;92;67;101;0;105;242,fixed_dtw_geo_kin_6h,3,248333000,256227000
116,70.8777777778,9,0.122925665914,0.196024080554,0.0319592700991,destination_fallback_global,29,85.9019444444,0.534141379188,29;12;11;133;170;14;242;81;96,fixed_dtw_geo_kin_6h,3,248507000,229456000
121,8.88638888889,3,0.99728982442,2.7595528158,1.76705201259,destination,320,12.5461111111,0.696703434441,320;340;170,fixed_dtw_geo_kin_6h,3,249172000,636014168
128,121.198611111,9,0.0629737530192,0.145246230945,0.288958305285,destination_fallback_global,61,230.653333333,0.648193842221,61;365;372;336;163;169;271;334;38,fixed_dtw_geo_kin_6h,3,249742000,245278000
130,4.225,9,0.218816929538,0.636847419689,0.24021869606,destination,115,-738.6,0.709216837002,115;237;125;206;189;306;37;275;287,fixed_dtw_geo_kin_6h,3,249974000,248422000
132,61.9911111111,9,0.104913488622,0.173856914369,0.128983563621,destination_fallback_global,11,70.8777777778,0.546922965376,11;170;133;29;12;96;80;105;152,fixed_dtw_geo_kin_6h,3,255779000,215826000
140,35.1477777778,9,0.0840516178409,0.266449525501,0.191887330447,destination_fallback_global,50,40.9797222222,0.72946022826,50;349;166;213;188;360;258;341;294,fixed_dtw_geo_kin_6h,3,255915592,241298000
143,59.5738888889,6,0.144932320267,0.405007885946,0.398074564548,destination,138,59.5738888889,0.699177515217,138;142;3;68;344;205,fixed_dtw_geo_kin_6h,3,255915693,255806044
150,19.4041666667,3,0.452034999155,0.627492726525,0.388150757568,destination,181,19.4041666667,0.486565938165,181;288;348,fixed_dtw_geo_kin_6h,3,255970000,304427000
153,42.2341666667,9,0.200829776725,0.652810020213,0.278491770578,destination_fallback_global,136,20.465,0.735180721103,136;232;40;385;259;369;384;165;195,fixed_dtw_geo_kin_6h,3,256251000,255805951
154,44.4341666667,6,0.0898802537676,0.404834900043,0.865217778516,destination,110,39.3958333333,0.800901701875,110;172;161;98;159;234,fixed_dtw_geo_kin_6h,3,256286000,247530400
173,66.6188888889,8,0.36769082704,0.78011989706,0.462158894641,destination,240,66.6188888889,0.624174035341,240;352;376;231;363;8;24;379,fixed_dtw_geo_kin_6h,3,273267690,372119000
175,314.258055556,9,0.219090924831,0.379750959171,0.146333656162,destination,252,391.848055556,0.561618115197,252;177;223;174;380;249;145;216;53,fixed_dtw_geo_kin_6h,3,273276260,461000256
176,83.1661111111,9,0.117813695258,0.160202995271,0.0196922503786,destination_fallback_global,247,83.1661111111,0.479312460879,247;18;254;277;31;304;53;23;20,fixed_dtw_geo_kin_6h,3,273277260,403660000
185,59.9638888889,9,0.0781777419522,0.22700811013,0.844682457634,destination_fallback_global,381,-128.244166667,0.708657435406,381;268;145;287;223;241;285;275;226,fixed_dtw_geo_kin_6h,3,305690000,667002373
186,84.0602777778,9,0.153300521465,0.185342229431,0.0989810327357,destination_fallback_global,252,391.848055556,0.437306312814,252;34;219;234;282;300;32;38;177,fixed_dtw_geo_kin_6h,3,305715000,461000256
192,-186.653611111,5,0.0753767581226,0.135111246082,0.0919275001143,destination,261,-186.653611111,0.572417514881,261;157;10;97;70,fixed_dtw_geo_kin_6h,3,311000231,538003678
193,-186.653611111,5,0.122802070173,0.14842868177,0.0702396352183,destination,261,-186.653611111,0.437207526673,261;157;10;97;70,fixed_dtw_geo_kin_6h,3,311000451,538003678
194,47.5175,9,0.526093754032,0.73885210799,0.129822735052,destination_fallback_global,182,25.5877777778,0.490641270152,182;63;348;335;148;378;375;41;208,fixed_dtw_geo_kin_6h,3,311000516,304578000
196,3.05555555556,3,0.353065459074,0.560107779722,0.58641341238,destination,257,3.05555555556,0.532403981554,257;23;369,fixed_dtw_geo_kin_6h,3,311001060,477963900
201,18.4938888889,9,0.0753965148513,0.215489076897,0.11847086759,destination_fallback_global,172,65.5586111111,0.704768743721,172;158;111;110;13;48;99;17;178,fixed_dtw_geo_kin_6h,3,312120000,271052090
209,19.4041666667,3,0.175183639764,0.176336239941,0.0065793825185,destination,181,19.4041666667,0.370291915793,181;288;348,fixed_dtw_geo_kin_6h,3,319076100,304427000
211,67.3097222222,8,0.224987148612,0.433934971574,0.628713141352,destination,376,52.7875,0.595424159137,376;363;352;231;240;8;24;379,fixed_dtw_geo_kin_6h,3,338619000,636093368
212,48.7227777778,9,0.130796550566,0.305083981295,0.0374045716107,destination_fallback_global,205,59.7291666667,0.651340259595,205;344;358;191;188;294;50;349;353,fixed_dtw_geo_kin_6h,3,351656000,314496000
218,75.9841666667,9,0.12110167977,0.259003441088,0.414791605667,destination_fallback_global,323,94.4358333333,0.626524223221,323;352;210;270;367;19;374;382;240,fixed_dtw_geo_kin_6h,3,352002473,636016014
225,81.3805555556,9,0.0531873309946,0.394357959918,2.80355756345,destination,271,79.2452777778,0.873828897351,271;214;279;359;278;285;282;268;300,fixed_dtw_geo_kin_6h,3,352004810,538007511
227,303.231666667,9,0.0906932767988,0.289265286215,0.30080166155,destination,253,334.89,0.730862625592,253;52;380;223;53;174;249;145;216,fixed_dtw_geo_kin_6h,3,352005660,461000284
235,64.9925,9,0.0319490312366,0.159396386696,0.420484326356,destination_fallback_global,289,-79.6066666667,0.818372544413,289;5;160;370;284;228;337;180;230,fixed_dtw_geo_kin_6h,3,356680000,538011848
236,81.3805555556,9,0.0712317427885,0.343191184096,1.45707649212,destination,214,81.3805555556,0.812566900009,214;271;285;279;268;282;278;300;359,fixed_dtw_geo_kin_6h,3,356755000,352001352
238,44.4341666667,6,0.190528516744,0.979381757894,3.9393513896,destination,159,44.4341666667,0.823213594058,159;172;161;110;98;234,fixed_dtw_geo_kin_6h,3,357463000,256714000
239,121.198611111,9,0.148780677028,0.272150495251,0.463897689498,destination_fallback_global,339,182.796111111,0.578865394951,339;163;78;271;372;334;197;365;217,fixed_dtw_geo_kin_6h,3,357983000,636021161
246,67.3097222222,8,0.206863419438,0.525338927928,0.657453461032,destination,352,75.9841666667,0.674508264179,352;376;363;240;231;8;24;379,fixed_dtw_geo_kin_6h,3,403532001,636022522
256,6.19583333333,3,0.240405558518,0.402238029212,0.673164429688,destination,23,6.19583333333,0.550091918807,23;257;369,fixed_dtw_geo_kin_6h,3,477856500,219550000
260,66.6188888889,9,0.263972315955,0.425305942892,0.2594614527,destination_fallback_global,240,66.6188888889,0.537587072585,240;127;376;352;19;210;231;357;263,fixed_dtw_geo_kin_6h,3,538002883,372119000
265,6.19583333333,3,0.37674900848,0.70832516649,0.880098289701,destination,257,3.05555555556,0.58749526908,257;369;23,fixed_dtw_geo_kin_6h,3,538005431,477963900
266,-186.653611111,5,0.107844377445,0.118579026773,0.0816071365762,destination,261,-186.653611111,0.402736565664,261;157;10;70;97,fixed_dtw_geo_kin_6h,3,538005496,538003678
269,40.9797222222,9,0.311896316609,0.386772527096,0.0762465458513,destination_fallback_global,360,711.461944444,0.446459035273,360;213;294;9;349;50;7;166;21,fixed_dtw_geo_kin_6h,3,538007198,636024336
273,84.0602777778,9,0.171462175289,0.623757159226,0.636220089681,destination,268,103.651111111,0.759658640443,268;285;214;279;282;271;359;300;278,fixed_dtw_geo_kin_6h,3,538008070,538006774
281,67.3097222222,8,0.492029098618,1.10624872009,0.545146784516,destination,363,74.3922222222,0.640970028131,363;231;376;352;240;8;24;379,fixed_dtw_geo_kin_6h,3,538009968,636024786
283,-186.653611111,5,0.0688237858642,0.134809833649,0.0783697096072,destination,261,-186.653611111,0.600180421229,261;157;10;97;70,fixed_dtw_geo_kin_6h,3,538010211,538003678
286,318.020277778,9,0.115740281618,0.32914397446,0.331023386623,destination,253,334.89,0.703533146538,253;52;223;380;53;252;174;145;249,fixed_dtw_geo_kin_6h,3,538010653,461000284
290,38.3211111111,9,0.243512887124,0.466004145282,0.639308007757,destination_fallback_global,353,18.0111111111,0.593003371058,353;191;205;358;344;166;349;188;50,fixed_dtw_geo_kin_6h,3,538011969,636022541
293,90.6488888889,9,0.082291118846,0.100741242961,0.0257077595969,destination_fallback_global,334,124.724722222,0.44181841874,334;220;365;124;372;257;271;311;214,fixed_dtw_geo_kin_6h,3,538090701,636020328
298,90.6488888889,6,0.079143689286,0.465025770076,2.0207692854,destination,331,95.2236111111,0.84350280601,331;247;124;372;29;255,fixed_dtw_geo_kin_6h,3,563186100,636019819
299,61.9911111111,9,0.170352237239,0.258337952581,0.13491630801,destination_fallback_global,11,70.8777777778,0.517153147918,11;29;133;12;14;68;170;64;95,fixed_dtw_geo_kin_6h,3,563205300,215826000
301,22.8505555556,9,0.148803854054,0.222645749993,0.0524678045705,destination_fallback_global,166,35.1477777778,0.512556892704,166;50;213;349;258;341;188;360;356,fixed_dtw_geo_kin_6h,3,563279900,271000748
302,67.3097222222,8,0.327374603345,0.712434071302,0.0280552846233,destination,231,67.3097222222,0.631589483584,231;363;376;352;240;8;24;379,fixed_dtw_geo_kin_6h,3,563280700,353589000
310,47.1522222222,9,0.154404163766,0.24247333723,0.0355841572758,destination_fallback_global,347,17.0086111111,0.528988696152,347;259;112;40;327;355;195;155;138,fixed_dtw_geo_kin_6h,3,605026210,636021702
315,18.4938888889,9,0.137164832027,0.238366016991,0.184270282169,destination_fallback_global,172,65.5586111111,0.562458533687,172;158;65;171;178;17;110;13;48,fixed_dtw_geo_kin_6h,3,629009126,271052090
317,76.2652777778,9,0.246162113082,0.597531371821,0.496317723157,destination_fallback_global,276,88.1566666667,0.662347345309,276;367;296;320;255;46;328;297;350,fixed_dtw_geo_kin_6h,3,636011638,538009159
324,65.3591666667,9,0.091731784245,0.176954562258,0.436695267907,destination_fallback_global,183,65.3591666667,0.59547745812,183;267;206;229;28;87;199;9;49,fixed_dtw_geo_kin_6h,3,636016205,304610000
325,81.3805555556,9,0.930583115952,1.19860449612,0.0640375147737,destination,359,75.8911111111,0.460064396017,359;279;285;268;214;271;282;278;300,fixed_dtw_geo_kin_6h,3,636017773,636023809
330,47.7572222222,9,0.382009930292,0.556309629746,0.050734536609,destination_fallback_global,296,46.5769444444,0.503241143695,296;276;320;141;54;240;367;328;46,fixed_dtw_geo_kin_6h,3,636019542,563003300
342,64.0183333333,9,0.468579470697,0.77132574595,0.168436397642,destination_fallback_global,24,41.2513888889,0.544711595317,24;296;46;8;255;297;379;276;328,fixed_dtw_geo_kin_6h,3,636021365,219608000
346,-120.646388889,9,0.104985805628,0.144079712575,0.122540706076,destination,69,-136.652222222,0.482552895942,69;119;0;92;67;101;94;152;105,fixed_dtw_geo_kin_6h,3,636021700,247100900
361,46.4047222222,6,1.17044290958,2.18040884963,0.703914545951,destination,234,55.225,0.584616184028,234;161;159;172;110;98,fixed_dtw_geo_kin_6h,3,636024536,356324000
362,74.0866666667,9,0.140562527698,0.642020077819,2.1687854263,destination_fallback_global,350,76.2652777778,0.803371605853,350;243;276;320;373;328;255;148;41,fixed_dtw_geo_kin_6h,3,636024606,636021781
366,84.0602777778,9,0.130291312698,0.40918606744,1.11001105426,destination,282,84.0602777778,0.727300307513,282;285;268;300;214;271;278;279;359,fixed_dtw_geo_kin_6h,3,636024855,538009987
368,76.2652777778,9,0.424480626375,0.636967259962,0.0552822337035,destination_fallback_global,276,88.1566666667,0.513549497801,276;24;350;255;367;320;297;328;46,fixed_dtw_geo_kin_6h,3,636025061,538009159
2,-36.7822222222,9,0.157884403615,0.468398984046,0.307479748882,destination,91,4084.76305556,0.713857103101,91;147;80;242;22;105;101;94;295,pca16_cosine,3,212690000,247333600
4,-186.653611111,5,0.464107428381,0.538167079744,0.0299033714729,destination,10,-117.643055556,0.422153877553,10;70;261;157;97,pca16_cosine,3,215054000,215498000
25,83.1661111111,6,0.0844033406906,0.16698548868,0.787387934347,destination,247,83.1661111111,0.603232160879,247;331;372;124;255;29,pca16_cosine,3,228481700,403660000
27,27.5930555556,9,0.255526977887,0.279711110145,0.0190085113772,destination_fallback_global,244,-2439.34805556,0.401102251513,244;11;40;96;353;344;125;179;314,pca16_cosine,3,229370000,374194000
36,84.0602777778,9,0.0468097875139,0.120942555361,0.0673847505061,destination,282,84.0602777778,0.679062916189,282;271;300;279;214;285;268;359;305,pca16_cosine,3,232058998,538009987
39,303.231666667,9,0.00325037395266,0.0088026914027,0.609904359961,destination_fallback_global,216,303.231666667,0.6912541343,216;331;312;249;322;224;380;247;223,pca16_cosine,3,232063279,352002243
44,91.9708333333,9,0.00482781267536,0.15175266378,1.49352411223,destination,285,96.8438888889,0.96868703833,285;268;214;282;300;279;271;359;126,pca16_cosine,3,240633000,538010540
47,-166.650833333,9,0.184845618918,0.297666057344,0.16412200301,destination_fallback_global,90,11.9605555556,0.537415793985,90;170;105;133;119;97;96;70;102,pca16_cosine,3,240893000,247324900
57,52.7094444444,9,0.000542016127609,0.0187478280635,11.0482794367,destination_fallback_global,335,92.9991666667,0.971503045095,335;378;41;200;272;264;16;148;208,pca16_cosine,3,241953000,636020540
59,21.8616666667,9,0.0342571752054,0.0495390418076,0.101863578878,destination_fallback_global,237,11.7391666667,0.500814889319,237;86;9;87;338;28;115;340;137,pca16_cosine,3,244090800,356794000
71,50.4611111111,9,0.0611119393027,0.0979301793588,0.188504034928,destination_fallback_global,371,39.0594444444,0.535777768369,371;318;262;343;250;160;270;323;228,pca16_cosine,3,247104500,636092313
72,-20.6094444444,9,0.189079605297,0.215923077929,0.0320108001014,destination,80,229.347777778,0.416578486997,80;22;91;147;0;94;119;242;69,pca16_cosine,3,247131100,247268300
76,-136.652222222,9,0.117974020598,0.146878374014,0.0401620070852,destination_fallback_global,93,-648.636388889,0.447889413027,93;74;152;96;122;100;261;69;6,pca16_cosine,3,247176900,247349400
77,18.4938888889,7,0.00551622793256,0.740039801866,66.249530333,destination,48,18.4938888889,0.992573750721,48;62;258;99;213;135;304,pca16_cosine,3,247219700,240942000
82,-82.5058333333,9,0.221713831247,0.396764600731,0.338889577172,destination,67,-595.088611111,0.571892371496,67;69;144;94;152;119;101;162;92,pca16_cosine,3,247282600,247077700
84,-76.6530555556,9,0.118513608752,0.173874171179,0.116630202049,destination,94,4051.84972222,0.505804220846,94;119;69;101;0;295;92;144;67,pca16_cosine,3,247298300,247351700
104,-36.7822222222,9,0.104648262642,0.148494515653,0.182239622604,destination,147,-62.65,0.494242924782,147;119;91;22;242;80;105;92;0,pca16_cosine,3,247425900,255915800
109,68.4872222222,9,0.0400558553612,0.0538074679288,0.0255113302598,destination_fallback_global,364,27.5413888889,0.475005310989,364;222;146;16;42;272;264;117;24,pca16_cosine,3,247488900,636024805
114,-80.6244444444,9,0.0964304449849,0.260579376241,0.85612132476,destination,152,-80.6244444444,0.69069171887,152;94;101;92;67;80;22;0;105,pca16_cosine,3,248333000,256227000
116,61.9911111111,9,0.0710595338076,0.201406549912,0.0712673870997,destination_fallback_global,45,40.0636111111,0.702706198632,45;29;96;133;12;11;152;122;81,pca16_cosine,3,248507000,240788000
121,12.5461111111,3,0.148282145616,1.41264850127,8.52676059143,destination,320,12.5461111111,0.900353806516,320;170;340,pca16_cosine,3,249172000,636014168
128,214.046666667,9,0.00326006709786,0.0255774536879,5.45873527164,destination_fallback_global,61,230.653333333,0.880329838046,61;365;220;169;66;257;234;372;197,pca16_cosine,3,249742000,245278000
130,3.88861111111,9,0.0467781612574,0.13251313085,1.08006896379,destination,115,-738.6,0.702571753247,115;206;306;189;237;37;125;58;26,pca16_cosine,3,249974000,248422000
132,-17.3619444444,9,0.112502196204,0.247499806194,0.10671112044,destination_fallback_global,96,-1851.15305556,0.634730560671,96;11;122;70;133;105;1;93;170,pca16_cosine,3,255779000,247362500
140,35.1477777778,9,0.00562482022718,0.0613535729785,0.194333750424,destination_fallback_global,50,40.9797222222,0.912398190341,50;349;166;168;149;135;213;360;356,pca16_cosine,3,255915592,241298000
143,59.5738888889,6,0.00555091052995,0.194960607551,7.59765091593,destination,138,59.5738888889,0.971929547116,138;142;3;68;205;344,pca16_cosine,3,255915693,255806044
150,19.4041666667,3,0.0294813823788,0.188809394205,5.40436027656,destination,181,19.4041666667,0.855436323432,181;288;348,pca16_cosine,3,255970000,304427000
153,58.2997222222,9,0.0908546700351,0.195184628368,0.11308184279,destination_fallback_global,43,50.1938888889,0.62783325703,43;232;333;165;385;167;353;136;343,pca16_cosine,3,256251000,240544000
154,46.4047222222,6,0.0608549119537,0.286009530782,0.509884734727,destination,110,39.3958333333,0.808340157608,110;172;161;98;159;234,pca16_cosine,3,256286000,247530400
173,66.6188888889,8,0.0139622805224,0.104644568787,2.45638278619,destination,240,66.6188888889,0.875092438428,240;231;352;363;379;376;24;8,pca16_cosine,3,273267690,372119000
175,318.020277778,9,0.0184438331629,0.054523790115,0.277124665681,destination,252,391.848055556,0.71300182688,252;177;174;380;223;216;249;52;53,pca16_cosine,3,273276260,461000256
176,175.056111111,9,0.00371176495067,0.0190303138068,1.50819876683,destination_fallback_global,254,301.943611111,0.822797743994,254;304;247;18;277;216;249;52;53,pca16_cosine,3,273277260,461000370
185,2.93777777778,9,0.0291299723371,0.126680298823,0.698191519324,destination_fallback_global,381,-128.244166667,0.794574348652,381;145;275;287;257;268;263;203;220,pca16_cosine,3,305690000,667002373
186,250.311388889,9,0.0106255383566,0.0361413283126,1.78578193698,destination_fallback_global,252,391.848055556,0.745276742346,252;177;219;300;226;234;241;282;274,pca16_cosine,3,305715000,461000256
192,-139.610277778,5,0.140861805159,0.166317697562,0.0844318802277,destination,10,-117.643055556,0.428723034808,10;261;157;97;70,pca16_cosine,3,311000231,215498000
193,-186.653611111,5,0.196376380414,0.206650269524,0.00726066063217,destination,261,-186.653611111,0.386631324921,261;157;10;70;97,pca16_cosine,3,311000451,538003678
194,30.7016666667,9,0.0221603964588,0.357052533871,7.63670949834,destination_fallback_global,348,16.7352777778,0.939821978156,348;182;42;200;264;272;364;146;378,pca16_cosine,3,311000516,636021733
196,3.05555555556,3,0.0386568229575,0.080387311138,1.07951158393,destination,257,3.05555555556,0.618237773156,257;23;369,pca16_cosine,3,311001060,477963900
201,54.7930555556,9,0.00954231988695,0.0671064451629,2.26355619329,destination_fallback_global,172,65.5586111111,0.867450549655,172;383;65;319;33;142;88;161;164,pca16_cosine,3,312120000,271052090
209,19.4041666667,3,0.0149179064273,0.0690488076866,3.62858565463,destination,181,19.4041666667,0.805696048466,181;288;348,pca16_cosine,3,319076100,304427000
211,66.6188888889,8,0.0112176838553,0.157187476053,4.20234896303,destination,376,52.7875,0.931121972787,376;231;363;240;352;24;379;8,pca16_cosine,3,338619000,636093368
212,38.3211111111,9,0.05527825247,0.129920169636,0.129822340688,destination_fallback_global,344,48.7227777778,0.653456962848,344;353;307;358;205;43;191;165;125,pca16_cosine,3,351656000,636021596
218,81.255,9,0.0134615471578,0.0409614503652,1.23950132894,destination_fallback_global,270,73.2861111111,0.719902554745,270;343;262;210;276;127;323;352;240,pca16_cosine,3,352002473,538007504
225,79.2452777778,9,0.00251896032535,0.120234810701,22.1901324667,destination,271,79.2452777778,0.979267592477,271;359;214;279;282;285;300;268;183,pca16_cosine,3,352004810,538007511
227,318.020277778,9,0.0334362886389,0.08976818937,0.735291088347,destination,253,334.89,0.689027780411,253;52;216;380;249;145;223;174;252,pca16_cosine,3,352005660,461000284
235,64.9925,9,0.000702987670546,0.023247508747,16.817205479,destination_fallback_global,289,-79.6066666667,0.970213363794,289;5;284;160;180;314;228;230;318,pca16_cosine,3,356680000,538011848
236,81.3805555556,9,0.0100754195839,0.0930580218272,2.90252975163,destination,214,81.3805555556,0.89738500392,214;271;285;282;268;359;279;300;126,pca16_cosine,3,356755000,352001352
238,44.4341666667,6,0.0396055504853,0.607591640635,13.1819728599,destination,159,44.4341666667,0.936894600885,159;172;98;110;161;234,pca16_cosine,3,357463000,256714000
239,121.198611111,9,0.0088564738094,0.0775778682714,1.73195881605,destination_fallback_global,339,182.796111111,0.892113085878,339;163;336;359;271;332;31;32;253,pca16_cosine,3,357983000,636021161
246,67.3097222222,8,0.0455813721373,0.0687188039982,0.0467076705428,destination,231,67.3097222222,0.515147116081,231;363;376;240;352;24;379;8,pca16_cosine,3,403532001,353589000
256,6.19583333333,3,0.0270740602253,0.0517349924105,0.910869370165,destination,23,6.19583333333,0.592548821514,23;257;369,pca16_cosine,3,477856500,219550000
260,69.0719444444,9,0.01733963063,0.0553490690559,1.21141413255,destination_fallback_global,240,66.6188888889,0.731046851805,240;231;210;127;352;248;377;318;296,pca16_cosine,3,538002883,372119000
265,12.1338888889,3,0.141035564014,0.441411102296,2.12978577695,destination,369,12.1338888889,0.726504439053,369;257;23,pca16_cosine,3,538005431,636025888
266,-186.653611111,5,0.15969923536,0.206492692249,0.17113995025,destination,261,-186.653611111,0.461446442008,261;10;157;70;97,pca16_cosine,3,538005496,538003678
269,65.3591666667,9,0.0237159404522,0.0430132926541,0.460075513883,destination_fallback_global,7,69.0805555556,0.576163931658,7;49;369;9;267;206;183;106;87,pca16_cosine,3,538007198,215270000
273,91.9708333333,9,0.0299956909607,0.182470912571,0.424088471544,destination,285,96.8438888889,0.848414342693,285;268;214;282;271;279;300;359;126,pca16_cosine,3,538008070,538010540
281,67.3097222222,8,0.0429620334213,0.211414665712,1.32057787423,destination,363,74.3922222222,0.816105068375,363;231;376;240;352;24;379;8,pca16_cosine,3,538009968,636024786
283,-186.653611111,5,0.139110583193,0.223060720343,0.503500413899,destination,261,-186.653611111,0.535987487087,261;157;10;97;70,pca16_cosine,3,538010211,538003678
286,318.020277778,9,0.0448473425277,0.102062109608,0.662225401277,destination,253,334.89,0.644415056512,253;52;145;380;216;223;249;174;252,pca16_cosine,3,538010653,461000284
290,38.3211111111,9,0.145522539258,0.212273039003,0.0309634410285,destination_fallback_global,358,38.3211111111,0.50381600547,358;353;205;344;191;165;345;259;347,pca16_cosine,3,538011969,636023526
293,124.724722222,9,0.0134091886818,0.0300169705006,0.156960558079,destination_fallback_global,220,214.046666667,0.639722843248,220;365;257;61;372;124;334;234;169,pca16_cosine,3,538090701,352003495
298,90.6488888889,6,0.00759401246995,0.0824435019821,2.80894581478,destination,331,95.2236111111,0.912003258173,331;247;124;372;255;29,pca16_cosine,3,563186100,636019819
299,61.9911111111,9,0.149775907558,0.227938272052,0.0364106077191,destination_fallback_global,11,70.8777777778,0.518357679774,11;133;29;198;12;14;68;64;96,pca16_cosine,3,563205300,215826000
301,25.5236111111,9,0.00991120134302,0.0511807868139,1.62340558977,destination_fallback_global,50,40.9797222222,0.823945559221,50;349;166;149;213;360;356;113;168,pca16_cosine,3,563279900,241298000
302,67.3097222222,8,0.0206176319752,0.184056476202,1.48708532333,destination,376,52.7875,0.894028195819,376;231;363;240;352;24;379;8,pca16_cosine,3,563280700,636093368
310,47.1530555556,9,0.0151100748038,0.0337613209015,0.0535663938635,destination_fallback_global,195,60.9886111111,0.639188551966,195;112;303;355;327;155;138;233;3,pca16_cosine,3,605026210,311000621
315,40.6058333333,9,0.0247674430537,0.113176621254,1.38225377289,destination_fallback_global,172,65.5586111111,0.803451173859,172;65;75;73;91;383;147;207;158,pca16_cosine,3,629009126,271052090
317,60.2488888889,9,0.0231316281812,0.0606474567754,1.23203275024,destination_fallback_global,296,46.5769444444,0.682896924231,296;24;379;240;276;117;352;270;350,pca16_cosine,3,636011638,563003300
324,77.9036111111,9,0.00585591146069,0.0433866230928,0.749485467821,destination_fallback_global,229,640.108888889,0.873741742098,229;189;199;183;30;190;49;306;267,pca16_cosine,3,636016205,352506000
325,96.8438888889,9,0.11735959903,0.19106538496,0.420574728659,destination,126,97.4713888889,0.541053079847,126;221;359;285;279;214;268;271;282,pca16_cosine,3,636017773,249611000
330,73.2861111111,9,0.0503967609469,0.0766851627236,0.242834844692,destination_fallback_global,296,46.5769444444,0.518305466582,296;382;352;276;240;379;210;117;270,pca16_cosine,3,636019542,563003300
342,46.5769444444,9,0.019786010095,0.0747120873602,0.319602882944,destination_fallback_global,24,41.2513888889,0.767336303915,24;296;379;117;367;222;240;276;350,pca16_cosine,3,636021365,219608000
346,-82.5058333333,9,0.0854956414116,0.176888548264,0.261990325259,destination,144,-82.5058333333,0.616725923632,144;67;69;94;119;152;0;92;101,pca16_cosine,3,636021700,255915737
361,46.4047222222,6,0.336774979845,1.16317131016,2.01935686883,destination,234,55.225,0.748614053088,234;159;161;172;98;110,pca16_cosine,3,636024536,356324000
362,50.2191666667,9,0.0175206528229,0.054297666075,1.9442035804,destination_fallback_global,350,76.2652777778,0.724207137805,350;243;24;16;148;364;222;276;272,pca16_cosine,3,636024606,636021781
366,84.0602777778,9,0.0521492560804,0.0988334635382,0.0485839288384,destination,214,81.3805555556,0.589991136919,214;285;268;282;300;271;279;359;126,pca16_cosine,3,636024855,352001352
368,46.5769444444,9,0.0075164569506,0.0779857074773,4.60038430147,destination_fallback_global,24,41.2513888889,0.908116600857,24;367;296;350;243;222;117;379;276,pca16_cosine,3,636025061,219608000
2,-36.7822222222,9,0.124192877639,0.238050203363,0.198123798039,destination,80,229.347777778,0.593505519449,80;91;147;242;22;105;101;94;119,ssl_masked_contrastive_cosine,3,212690000,247268300
4,-186.653611111,5,0.137937612894,0.236033509629,0.435706519282,destination,70,-2010.43222222,0.557441099771,70;261;10;157;97,ssl_masked_contrastive_cosine,3,215054000,247101700
25,83.1661111111,6,0.106651675247,0.162530596438,0.177059759067,destination,247,83.1661111111,0.518821985706,247;124;372;331;255;29,ssl_masked_contrastive_cosine,3,228481700,403660000
27,59.7291666667,9,0.0473007032045,0.128263133916,0.0587878565587,destination_fallback_global,344,48.7227777778,0.691578486082,344;205;244;228;40;314;68;5;160,ssl_masked_contrastive_cosine,3,229370000,636021596
36,84.0602777778,9,0.0225732722002,0.0842728087471,0.106469699349,destination,282,84.0602777778,0.765015260142,282;279;271;300;359;214;285;268;305,ssl_masked_contrastive_cosine,3,232058998,538009987
39,95.2236111111,9,0.00388603865549,0.00996208402528,0.963458628278,destination_fallback_global,216,303.231666667,0.677000746848,216;322;312;241;247;331;329;249;224,ssl_masked_contrastive_cosine,3,232063279,352002243
44,91.9708333333,9,0.00467778160949,0.132800982994,1.96738455471,destination,285,96.8438888889,0.965389146434,285;268;300;214;282;279;271;359;221,ssl_masked_contrastive_cosine,3,240633000,538010540
47,18.4938888889,9,0.0312293275101,0.0547004065974,0.298978611027,destination_fallback_global,64,10.7030555556,0.565007756041,64;95;14;48;133;29;90;70;162,ssl_masked_contrastive_cosine,3,240893000,247045300
57,52.7094444444,9,0.000179909468382,0.0236276361187,18.1770692869,destination_fallback_global,335,92.9991666667,0.992414549877,335;378;41;272;200;264;16;148;146,ssl_masked_contrastive_cosine,3,241953000,636020540
59,25.0463888889,9,0.0487871081133,0.0792888709675,0.0760395127531,destination_fallback_global,237,11.7391666667,0.540474188862,237;9;86;87;28;338;206;188;7,ssl_masked_contrastive_cosine,3,244090800,356794000
71,49.2836111111,9,0.0355044247015,0.0742467200537,0.676746343411,destination_fallback_global,371,39.0594444444,0.619901184168,371;270;262;318;250;343;323;370;251,ssl_masked_contrastive_cosine,3,247104500,636092313
72,-79.6436111111,9,0.00734725264816,0.0751485627669,4.89076908012,destination,22,-79.6436111111,0.906857726495,22;80;242;101;105;94;92;119;0,ssl_masked_contrastive_cosine,3,247131100,219432000
76,-117.643055556,9,0.00748743278164,0.0237034286099,0.337392900226,destination_fallback_global,261,-186.653611111,0.729147134737,261;10;92;45;74;291;81;70;133,ssl_masked_contrastive_cosine,3,247176900,538003678
77,18.4938888889,7,0.00214746093874,0.377346585546,72.2271716826,destination,48,18.4938888889,0.994325211759,48;62;99;258;213;304;135,ssl_masked_contrastive_cosine,3,247219700,240942000
82,-76.6530555556,9,0.0979430459893,0.25913692557,0.521241696768,destination,67,-595.088611111,0.685258826448,67;162;69;152;144;295;0;94;119,ssl_masked_contrastive_cosine,3,247282600,247077700
84,-76.6530555556,9,0.0333387647947,0.0744533062038,0.26943704384,destination,119,-17.4319444444,0.639044714843,119;295;69;0;101;94;105;92;162,ssl_masked_contrastive_cosine,3,247298300,249087000
104,-62.65,9,0.0203819251537,0.0858963631488,1.36981050069,destination,242,-36.7822222222,0.788766396714,242;22;147;101;295;119;105;94;91,ssl_masked_contrastive_cosine,3,247425900,373026000
109,43.8797222222,9,0.0484975208662,0.0929958879742,0.241778665779,destination_fallback_global,24,41.2513888889,0.593628380554,24;364;16;222;117;148;272;146;243,ssl_masked_contrastive_cosine,3,247488900,219608000
114,-79.6436111111,9,0.133844025844,0.157514898491,0.0266653254447,destination,92,-2457.65333333,0.427533359238,92;152;22;105;94;80;162;101;0,ssl_masked_contrastive_cosine,3,248333000,247343900
116,27.3138888889,9,0.00745582512324,0.0249617892648,1.03560776279,destination_fallback_global,133,88.0419444444,0.741789676541,133;14;96;70;29;45;198;74;64,ssl_masked_contrastive_cosine,3,248507000,255801270
121,12.5461111111,3,0.244702683162,0.58898071974,1.40692383153,destination,320,12.5461111111,0.660031267259,320;170;340,ssl_masked_contrastive_cosine,3,249172000,636014168
128,103.049722222,9,0.000836303198606,0.0136525135313,9.72104819812,destination_fallback_global,61,230.653333333,0.940582087111,61;234;220;257;66;197;169;365;60,ssl_masked_contrastive_cosine,3,249742000,245278000
130,3.88861111111,9,0.0685383657095,0.242343421261,0.406903443952,destination,115,-738.6,0.753659167628,115;189;306;206;37;237;125;58;26,ssl_masked_contrastive_cosine,3,249974000,248422000
132,21.2675,9,0.00955050235258,0.0793395870841,2.08887950109,destination_fallback_global,11,70.8777777778,0.886587908854,11;96;198;122;133;14;68;95;64,ssl_masked_contrastive_cosine,3,255779000,215826000
140,35.1477777778,9,0.00449703349728,0.0520666469829,0.703229436563,destination_fallback_global,50,40.9797222222,0.917254128853,50;349;166;149;135;168;21;356;213,ssl_masked_contrastive_cosine,3,255915592,241298000
143,59.5738888889,6,0.00330907773003,0.12356633682,18.5213678807,destination,138,59.5738888889,0.973575631233,138;142;68;3;205;344,ssl_masked_contrastive_cosine,3,255915693,255806044
150,19.4041666667,3,0.0505675443917,0.165250164294,2.26790961045,destination,181,19.4041666667,0.736382189489,181;288;348,ssl_masked_contrastive_cosine,3,255970000,304427000
153,60.9197222222,9,0.0544623787361,0.129045704678,0.676923783707,destination_fallback_global,43,50.1938888889,0.65570816861,43;333;353;350;371;232;270;382;165,ssl_masked_contrastive_cosine,3,256251000,240544000
154,46.4047222222,6,0.0210699098126,0.193449043197,1.4495632666,destination,172,65.5586111111,0.896804754757,172;110;161;98;159;234,ssl_masked_contrastive_cosine,3,256286000,271052090
173,67.3097222222,8,0.0148582826934,0.0817554673122,0.499636965993,destination,240,66.6188888889,0.833817655536,240;231;352;363;379;376;8;24,ssl_masked_contrastive_cosine,3,273267690,372119000
175,318.020277778,9,0.0163449766597,0.0524757877059,0.021348947554,destination,174,328.807222222,0.732364793378,174;177;252;380;216;223;249;254;52,ssl_masked_contrastive_cosine,3,273276260,273271070
176,175.056111111,9,0.00316370587001,0.014903310728,1.07927240348,destination_fallback_global,254,301.943611111,0.808736533199,254;247;304;52;18;216;329;249;322,ssl_masked_contrastive_cosine,3,273277260,461000370
185,-128.244166667,9,0.0117401201083,0.0878688578526,0.74730774874,destination_fallback_global,381,-128.244166667,0.874931599519,381;145;275;263;203;287;257;60;268,ssl_masked_contrastive_cosine,3,305690000,667002373
186,318.020277778,9,0.00803628384201,0.0262096983226,0.72853373776,destination_fallback_global,252,391.848055556,0.735933959794,252;274;285;226;300;174;380;177;219,ssl_masked_contrastive_cosine,3,305715000,461000256
192,-186.653611111,5,0.0226616056751,0.0363709836823,0.552999415534,destination,261,-186.653611111,0.536296411445,261;70;10;157;97,ssl_masked_contrastive_cosine,3,311000231,538003678
193,-186.653611111,5,0.026958651605,0.0377906047287,0.344379597313,destination,261,-186.653611111,0.48999056124,261;10;157;70;97,ssl_masked_contrastive_cosine,3,311000451,538003678
194,41.3936111111,9,0.0249516758621,0.284439842568,6.63310705448,destination_fallback_global,348,16.7352777778,0.916015351963,348;182;3;233;347;345;112;151;135,ssl_masked_contrastive_cosine,3,311000516,636021733
196,3.05555555556,3,0.0175466818709,0.0490246572263,1.79395600757,destination,257,3.05555555556,0.699132189571,257;23;369,ssl_masked_contrastive_cosine,3,311001060,477963900
201,40.6058333333,9,0.00514050613514,0.0680652882148,1.25660011504,destination_fallback_global,172,65.5586111111,0.927258248406,172;158;383;110;245;171;65;319;75,ssl_masked_contrastive_cosine,3,312120000,271052090
209,19.4041666667,3,0.00917794604381,0.0677388753391,6.38061381225,destination,181,19.4041666667,0.873287820679,181;288;348,ssl_masked_contrastive_cosine,3,319076100,304427000
211,66.6188888889,8,0.00543826250276,0.123897908603,11.2619457235,destination,376,52.7875,0.957056267416,376;363;231;240;352;24;379;8,ssl_masked_contrastive_cosine,3,338619000,636093368
212,38.3211111111,9,0.0398868483844,0.148717491046,1.10381186744,destination_fallback_global,344,48.7227777778,0.7647506121,344;205;353;307;358;191;125;43;314,ssl_masked_contrastive_cosine,3,351656000,636021596
218,81.255,9,0.0169357800918,0.0361239716629,0.0483533513395,destination_fallback_global,270,73.2861111111,0.625737786431,270;262;343;323;276;210;318;35;127,ssl_masked_contrastive_cosine,3,352002473,538007504
225,79.2452777778,9,0.000653282967753,0.0995947291345,20.9127616377,destination,271,79.2452777778,0.993462052922,271;359;282;279;214;300;285;268;305,ssl_masked_contrastive_cosine,3,352004810,538007511
227,303.231666667,9,0.0357418371691,0.0848992432393,0.509851598664,destination,253,334.89,0.65639585541,253;52;216;249;254;380;223;145;174,ssl_masked_contrastive_cosine,3,352005660,461000284
235,64.6044444444,9,0.000687804801082,0.0146915360882,4.32152208914,destination_fallback_global,289,-79.6066666667,0.954262586004,289;284;160;314;5;180;318;228;262,ssl_masked_contrastive_cosine,3,356680000,538011848
236,81.3805555556,9,0.010467901245,0.0981965946797,3.19303321832,destination,214,81.3805555556,0.898883834678,214;271;282;359;285;279;300;268;126,ssl_masked_contrastive_cosine,3,356755000,352001352
238,44.4341666667,6,0.0205359727671,0.420347293534,13.8016869686,destination,159,44.4341666667,0.95231941952,159;234;98;110;161;172,ssl_masked_contrastive_cosine,3,357463000,256714000
239,121.198611111,9,0.00310915899245,0.0644360341785,4.95455774458,destination_fallback_global,339,182.796111111,0.952893753749,339;163;336;359;271;253;20;311;280,ssl_masked_contrastive_cosine,3,357983000,636021161
246,67.3097222222,8,0.0170333005887,0.0494520199825,0.674209818407,destination,363,74.3922222222,0.708616396949,363;240;376;231;352;24;379;8,ssl_masked_contrastive_cosine,3,403532001,636024786
256,6.19583333333,3,0.00683892437899,0.0383807544429,4.61210393857,destination,23,6.19583333333,0.836786521011,23;257;369,ssl_masked_contrastive_cosine,3,477856500,219550000
260,66.6188888889,9,0.0250663167504,0.0467700985366,0.0977740448902,destination_fallback_global,231,67.3097222222,0.585114639248,231;240;248;210;35;318;131;296;180,ssl_masked_contrastive_cosine,3,538002883,353589000
265,12.1338888889,3,0.0808927652172,0.215348432496,1.66214700311,destination,369,12.1338888889,0.6868518507,369;23;257,ssl_masked_contrastive_cosine,3,538005431,636025888
266,-186.653611111,5,0.0249962875634,0.0520080318812,0.523348477602,destination,261,-186.653611111,0.618397638158,261;70;10;157;97,ssl_masked_contrastive_cosine,3,538005496,538003678
269,65.3591666667,9,0.018640910899,0.027985897263,0.128061183711,destination_fallback_global,7,69.0805555556,0.513717229048,7;49;267;206;369;183;9;305;106,ssl_masked_contrastive_cosine,3,538007198,215270000
273,84.0602777778,9,0.0413293045395,0.120671031438,0.303972858706,destination,285,96.8438888889,0.709996200856,285;214;268;300;282;271;279;359;126,ssl_masked_contrastive_cosine,3,538008070,538010540
281,67.3097222222,8,0.0217399222308,0.110554434339,1.16556246239,destination,363,74.3922222222,0.821482612777,363;231;240;352;376;379;8;24,ssl_masked_contrastive_cosine,3,538009968,636024786
283,-139.610277778,5,0.0140881324369,0.0405537805754,1.47839002116,destination,157,-139.610277778,0.706527034433,157;10;261;70;97,ssl_masked_contrastive_cosine,3,538010211,256515000
286,303.231666667,9,0.0431141093088,0.0925271888359,0.468054318136,destination,253,334.89,0.627531432637,253;52;216;249;380;254;223;145;174,ssl_masked_contrastive_cosine,3,538010653,461000284
290,38.3211111111,9,0.0818323093628,0.123449542738,0.174105530317,destination_fallback_global,353,18.0111111111,0.515364624827,353;358;259;167;347;165;345;3;191,ssl_masked_contrastive_cosine,3,538011969,636022541
293,103.049722222,9,0.00678315890184,0.0170810635118,0.206441236452,destination_fallback_global,234,55.225,0.672256225004,234;61;220;257;365;169;197;66;372,ssl_masked_contrastive_cosine,3,538090701,356324000
298,90.6488888889,6,0.00655372336136,0.0626637012152,2.41641496667,destination,331,95.2236111111,0.900697657422,331;247;124;372;255;29,ssl_masked_contrastive_cosine,3,563186100,636019819
299,27.3138888889,9,0.020689155666,0.0377074813826,0.15088671079,destination_fallback_global,198,10.5536111111,0.577714724716,198;11;14;96;133;64;45;29;95,ssl_masked_contrastive_cosine,3,563205300,311085000
301,25.5236111111,9,0.00774585639853,0.0403990613332,2.18394650809,destination_fallback_global,50,40.9797222222,0.825526781343,50;349;149;21;166;213;356;360;113,ssl_masked_contrastive_cosine,3,563279900,241298000
302,66.6188888889,8,0.010114748226,0.124504567884,4.44049014054,destination,376,52.7875,0.92197241276,376;363;231;240;352;24;379;8,ssl_masked_contrastive_cosine,3,563280700,636093368
310,57.4363888889,9,0.00805476083957,0.0313716438214,1.11063333204,destination_fallback_global,195,60.9886111111,0.773559329003,195;112;303;138;355;155;233;327;164,ssl_masked_contrastive_cosine,3,605026210,311000621
315,9.26722222222,9,0.0160772851765,0.0537524995319,0.360448005494,destination_fallback_global,158,6.98527777778,0.741486463298,158;172;75;73;171;65;178;147;17,ssl_masked_contrastive_cosine,3,629009126,256607000
317,60.2488888889,9,0.0196593224808,0.0645789768834,1.27462541635,destination_fallback_global,296,46.5769444444,0.737548856126,296;240;379;352;367;117;24;210;270,ssl_masked_contrastive_cosine,3,636011638,563003300
324,77.9036111111,9,0.00369243255791,0.0272620375615,0.31388413631,destination_fallback_global,199,77.9036111111,0.873329568995,199;229;189;183;30;190;306;49;106,ssl_masked_contrastive_cosine,3,636016205,311775000
325,84.0602777778,9,0.0762239990885,0.129119556984,0.283603516341,destination,214,81.3805555556,0.554140734613,214;279;359;271;285;282;268;126;300,ssl_masked_contrastive_cosine,3,636017773,352001352
330,75.9841666667,9,0.0408727322484,0.0715924981807,0.33805062827,destination_fallback_global,352,75.9841666667,0.565012156529,352;382;210;296;240;248;276;270;379,ssl_masked_contrastive_cosine,3,636019542,636022522
342,46.5769444444,9,0.0220650906286,0.0683022469107,0.191260329091,destination_fallback_global,379,60.2488888889,0.723937129129,379;117;296;24;367;222;240;323;374,ssl_masked_contrastive_cosine,3,636021365,667002240
346,-120.646388889,9,0.0333873830848,0.0918106653675,0.875387960325,destination,69,-136.652222222,0.695131158529,69;67;0;119;92;144;162;94;101,ssl_masked_contrastive_cosine,3,636021700,247100900
361,46.4047222222,6,0.148956782444,0.490351675814,1.96676930422,destination,234,55.225,0.738026599609,234;159;161;110;172;98,ssl_masked_contrastive_cosine,3,636024536,356324000
362,48.3297222222,9,0.0269967138949,0.0644596611674,0.217483236945,destination_fallback_global,350,76.2652777778,0.657825464374,350;148;16;364;222;24;272;243;378,ssl_masked_contrastive_cosine,3,636024606,636021781
366,84.0602777778,9,0.0330064592732,0.0891582680914,0.201921641474,destination,214,81.3805555556,0.690595667578,214;285;300;268;282;271;279;359;126,ssl_masked_contrastive_cosine,3,636024855,352001352
368,46.5769444444,9,0.00743082040207,0.0718412502672,3.61112646941,destination_fallback_global,24,41.2513888889,0.901735629186,24;367;117;379;296;243;222;350;374,ssl_masked_contrastive_cosine,3,636025061,219608000
1,-79.6436111111,9,0.0919757320175,0.115912725621,0.000975558443303,destination_fallback_global,291,-5.65111111111,0.452263078299,291;69;100;72;105;22;76;104;0,fixed_dtw_geo_kin_6h,4,210688000,538012456
5,74.6733333333,9,0.0453830981138,0.171639862304,1.08945572774,destination_fallback_global,235,75.5544444444,0.767659620054,235;160;284;370;228;337;180;230;244,fixed_dtw_geo_kin_6h,4,215178000,356680000
9,79.0844444444,9,0.21469733735,1.03786542311,2.70409093515,destination,183,65.3591666667,0.813129958305,183;278;36;300;225;271;282;236;279,fixed_dtw_geo_kin_6h,4,215481000,304610000
12,68.9125,9,0.116504324187,0.203928931842,0.0888375290654,destination_fallback_global,29,85.9019444444,0.564791493739,29;116;11;132;170;299;47;152;96,fixed_dtw_geo_kin_6h,4,215867000,229456000
14,18.5783333333,9,0.0661817658575,0.162286157341,0.284309377848,destination_fallback_global,77,15.9166666667,0.66510585963,77;95;48;103;17;13;11;29;154,fixed_dtw_geo_kin_6h,4,215958000,247219700
15,42.1702777778,9,0.0832416442109,0.122870075577,0.266648979655,destination_fallback_global,108,-3742.03222222,0.50789682556,108;88;288;143;55;155;319;161;209,fixed_dtw_geo_kin_6h,4,215993000,247483800
40,47.1530555556,9,0.186490315182,0.366920261855,0.151145810767,destination_fallback_global,310,34.4072222222,0.601542296809,310;259;112;195;303;138;142;327;355,fixed_dtw_geo_kin_6h,4,235010170,605026210
46,232.388333333,9,1.29823668294,1.59208256056,0.0739265288914,destination,243,18.7561111111,0.44244769926,243;41;216;53;377;249;174;380;52,fixed_dtw_geo_kin_6h,4,240878000,373808000
50,35.1477777778,9,0.0551534914746,0.24242950953,0.523958240787,destination_fallback_global,349,1.41805555556,0.796519865132,349;140;301;166;360;213;294;21;358,fixed_dtw_geo_kin_6h,4,241298000,636021739
54,65.5738888889,9,0.213001606268,0.556309629746,0.15877120005,destination_fallback_global,141,16.4616666667,0.681892545764,141;320;328;276;330;325;382;270;280,fixed_dtw_geo_kin_6h,4,241751000,255915609
58,2.26111111111,9,0.223195366665,0.339402580339,0.0321243519348,destination,123,2.26111111111,0.518086810676,123;351;287;26;275;37;141;189;206,fixed_dtw_geo_kin_6h,4,242494400,249414000
63,84.285,9,0.470952256954,2.51237232581,0.473035406201,destination,41,38.715,0.829067909438,41;243;253;52;53;227;286;216;380,fixed_dtw_geo_kin_6h,4,247018700,236623000
64,18.5783333333,9,0.140287640929,0.209348139248,0.220400031585,destination_fallback_global,95,21.2675,0.511648970693,95;77;103;48;17;13;68;11;154,fixed_dtw_geo_kin_6h,4,247045300,247355500
67,-136.652222222,9,0.12983592434,0.173596835971,0.109706064075,destination,152,-80.6244444444,0.473351791598,152;346;69;114;84;105;0;22;92,fixed_dtw_geo_kin_6h,4,247077700,256227000
70,-139.610277778,8,0.178448187147,0.203620196733,0.0534721643011,destination,10,-117.643055556,0.416288129943,10;266;97;192;193;157;283;4,fixed_dtw_geo_kin_6h,4,247101700,215498000
73,-2395.48805556,4,0.234887177123,0.315633605189,0.0560776172576,destination,86,-2395.48805556,0.475125306006,86;85;100;74,fixed_dtw_geo_kin_6h,4,247144750,247306670
75,256.149722222,3,0.379228311168,0.456598689384,0.204020575305,destination,81,3786.35444444,0.435809267734,81;17;30,fixed_dtw_geo_kin_6h,4,247153450,247278300
78,79.2452777778,9,0.208324668098,0.273169099344,0.00760280850292,destination_fallback_global,66,27.925,0.466441977067,66;217;239;225;372;163;339;169;271,fixed_dtw_geo_kin_6h,4,247231200,247069600
80,-136.652222222,9,0.125287801536,0.146050794116,0.0650704915208,destination,72,-201.613888889,0.424078295669,72;147;22;242;114;105;104;92;69,fixed_dtw_geo_kin_6h,4,247268300,247131100
91,-79.6436111111,9,0.04151311188,0.135707459686,1.05468439389,destination,147,-62.65,0.736459176642,147;242;104;72;22;105;0;84;92,fixed_dtw_geo_kin_6h,4,247333600,255915800
94,-201.613888889,9,0.15787585434,0.176178965113,0.0462669733514,destination,104,-1542.90277778,0.408154013402,104;84;69;92;72;22;346;0;242,fixed_dtw_geo_kin_6h,4,247351700,247425900
98,44.5888888889,7,0.441437139745,1.08944463858,0.0135502235895,destination,110,39.3958333333,0.666846996016,110;154;161;159;238;234;361,fixed_dtw_geo_kin_6h,4,247383400,247530400
101,-80.6244444444,9,0.101207569996,0.143631720492,0.202739913104,destination,242,-36.7822222222,0.494290221069,242;0;22;84;147;346;69;72;152,fixed_dtw_geo_kin_6h,4,247408700,373026000
119,-166.650833333,9,0.0991613223172,0.117850840377,0.150260598864,destination,69,-136.652222222,0.431100606436,69;0;92;84;346;104;22;105;242,fixed_dtw_geo_kin_6h,4,249087000,247100900
120,-100.135833333,5,0.344813632116,0.38363759322,0.0391877920829,destination,93,-648.636388889,0.407057662879,93;6;79;102;107,fixed_dtw_geo_kin_6h,4,249146000,247349400
122,-100.135833333,5,0.162718025658,0.217848873973,0.0551921383136,destination,93,-648.636388889,0.473818584811,93;6;102;79;107,fixed_dtw_geo_kin_6h,4,249281000,247349400
133,67.0344444444,9,0.11442740864,0.158481316923,0.203448512655,destination_fallback_global,29,85.9019444444,0.485767776778,29;170;116;132;11;81;299;105;283,fixed_dtw_geo_kin_6h,4,255801270,229456000
136,42.2341666667,9,0.200829776725,0.58801241165,1.58679306368,destination_fallback_global,153,59.8719444444,0.710675018717,153;310;259;71;384;195;112;369;385,fixed_dtw_geo_kin_6h,4,255805951,256251000
145,303.231666667,9,0.157165606496,0.342235929986,0.19071903515,destination,174,328.807222222,0.631768812822,174;380;249;216;53;227;286;52;175,fixed_dtw_geo_kin_6h,4,255915759,273271070
162,-136.652222222,9,0.226726828069,0.251710607613,0.0657865450999,destination,105,-166.650833333,0.406267270652,105;69;346;22;92;114;0;152;84,fixed_dtw_geo_kin_6h,4,256891000,247426100
171,6.98527777778,3,0.26227123329,0.421749504186,0.608066195039,destination,158,6.98527777778,0.536942134357,158;139;326,fixed_dtw_geo_kin_6h,4,271051219,256607000
172,44.5888888889,7,0.167646247265,0.808249297121,0.116444149466,destination,154,44.5888888889,0.812679079881,154;110;161;159;238;234;361,fixed_dtw_geo_kin_6h,4,271052090,256286000
178,18.5783333333,9,0.0837129931199,0.134051039911,0.0803815789269,destination_fallback_global,17,9.26722222222,0.535536641949,17;95;13;103;77;48;154;110;68,fixed_dtw_geo_kin_6h,4,275488000,219031822
179,39.0594444444,9,0.239865872698,0.370875455234,0.246426832451,destination_fallback_global,244,-2439.34805556,0.523742118284,244;250;71;228;160;251;370;385;371,fixed_dtw_geo_kin_6h,4,275497000,374194000
181,17.3766666667,3,0.175183639764,0.339480981192,0.937857791115,destination,209,17.3766666667,0.596883254583,209;288;150,fixed_dtw_geo_kin_6h,4,304427000,319076100
184,60.9886111111,9,0.0759191483323,0.193267339654,0.903876436689,destination_fallback_global,142,83.2125,0.675150710952,142;164;33;303;209;195;138;319;143,fixed_dtw_geo_kin_6h,4,304785000,255915683
188,35.1477777778,9,0.258696137694,0.305083981295,0.00598326394128,destination_fallback_global,349,1.41805555556,0.428291784545,349;294;140;301;212;166;258;358;213,fixed_dtw_geo_kin_6h,4,309467000,636021739
191,38.3211111111,9,0.101830326266,0.382651445468,0.967184398774,destination_fallback_global,358,38.3211111111,0.766348915521,358;212;349;166;140;21;290;294;301,fixed_dtw_geo_kin_6h,4,310841000,636023526
197,90.6488888889,9,0.199062365729,0.251493227725,0.0514999280952,destination_fallback_global,372,90.6488888889,0.453154671364,372;225;66;334;271;279;359;163;128,fixed_dtw_geo_kin_6h,4,311001144,636092552
200,50.2191666667,9,0.327826205619,0.571195047056,0.0492294840541,destination_fallback_global,16,78.6966666667,0.563307056197,16;272;378;57;364;335;41;373;264,fixed_dtw_geo_kin_6h,4,312107000,219028212
202,71.5641666667,9,0.523293708025,0.854394201274,0.135574432126,destination_fallback_global,146,72.305,0.542008614178,146;221;264;364;42;272;16;56;222,fixed_dtw_geo_kin_6h,4,312333000,255915798
205,55.1116666667,5,0.722483993047,0.802126441217,0.0915908787157,destination,3,43.6044444444,0.406280750181,3;143;68;142;138,fixed_dtw_geo_kin_6h,4,314496000,215035000
207,232.388333333,9,0.552325860324,1.35140310313,0.690175165239,destination,49,390.611388889,0.664509911825,49;291;244;286;253;227;52;252;177,fixed_dtw_geo_kin_6h,4,314652000,241287000
208,43.0938888889,9,0.532184534785,0.717328524124,0.286764573286,destination_fallback_global,378,48.3297222222,0.476209253706,378;57;335;272;182;16;41;194;148,fixed_dtw_geo_kin_6h,4,314900000,667001639
214,90.5836111111,9,0.0712317427885,0.239827663345,1.42928139046,destination,236,90.5836111111,0.743034944561,236;271;225;285;279;36;44;268;366,fixed_dtw_geo_kin_6h,4,352001352,356755000
223,303.231666667,9,0.101187719869,0.216130703877,0.342584727638,destination,380,318.020277778,0.626141831036,380;249;174;216;53;175;286;227;52,fixed_dtw_geo_kin_6h,4,352004593,667002260
229,45.0263888889,9,0.12223225748,0.234500361996,0.385373544528,destination_fallback_global,199,77.9036111111,0.593780535995,199;324;28;206;49;183;267;37;87,fixed_dtw_geo_kin_6h,4,352506000,311775000
232,60.9197222222,9,0.256759216831,0.786039019696,1.41810628967,destination_fallback_global,153,59.8719444444,0.721336560152,153;385;71;270;165;384;382;343;43,fixed_dtw_geo_kin_6h,4,354562000,256251000
233,37.9788888889,9,0.128384617376,0.196495130756,0.186889590064,destination_fallback_global,209,17.3766666667,0.520287871303,209;143;164;33;355;3;155;108;303,fixed_dtw_geo_kin_6h,4,355860000,319076100
237,4.225,9,0.271380847028,0.727319415331,0.265803220824,destination,130,5.33888888889,0.688579353711,130;115;125;206;189;37;275;287;351,fixed_dtw_geo_kin_6h,4,356794000,249974000
245,37.9788888889,9,0.167655063377,0.268161876013,0.19175545627,destination_fallback_global,204,38.3425,0.535153871077,204;33;150;156;319;143;88;187;4,fixed_dtw_geo_kin_6h,4,376304000,314432000
247,82.6511111111,7,0.218693752673,0.386223218237,0.0931945828653,destination,25,57.5136111111,0.567657701807,25;298;331;124;372;255;29,fixed_dtw_geo_kin_6h,4,403660000,228481700
254,303.231666667,9,0.239822917732,0.389386491072,0.135583469181,destination,53,48.4636111111,0.540154845519,53;216;249;380;174;52;253;227;286,fixed_dtw_geo_kin_6h,4,461000370,241745000
261,-125.627222222,8,0.0688237858642,0.108055125924,0.041834927537,destination,283,-12.6144444444,0.528912551281,283;157;192;266;10;193;97;4,fixed_dtw_geo_kin_6h,4,538003678,538010211
274,90.6833333333,9,0.063554921302,0.125697822061,0.852921259864,destination_fallback_global,236,90.5836111111,0.603133492375,236;124;286;52;220;257;227;293;285,fixed_dtw_geo_kin_6h,4,538009008,356755000
289,232.388333333,9,0.310765217077,0.655779980774,0.373265889974,destination,244,-2439.34805556,0.622577970754,244;252;177;175;286;227;52;253;380,fixed_dtw_geo_kin_6h,4,538011848,374194000
295,-201.613888889,9,0.403669931821,0.498179534873,0.212853178475,destination,82,-2.3475,0.444729043497,82;104;92;72;346;147;84;69;242,fixed_dtw_geo_kin_6h,4,548651000,247282600
305,79.0844444444,9,0.332144928661,0.658114777172,0.284196241415,destination,183,65.3591666667,0.603691790574,183;278;36;300;225;271;236;282;366,fixed_dtw_geo_kin_6h,4,566453000,304610000
306,4.225,9,0.11324861302,0.655565273051,1.64243998863,destination,37,4.87833333333,0.841348295024,37;206;189;115;125;130;275;287;351,fixed_dtw_geo_kin_6h,4,566579000,232061535
307,24.1022222222,9,0.29283987091,0.373595418081,0.105108564235,destination_fallback_global,150,22.8913888889,0.456648082851,150;21;4;106;204;198;338;59;65,fixed_dtw_geo_kin_6h,4,566722000,255970000
308,-166.650833333,9,0.0999105537914,0.133065817956,0.112798899453,destination_fallback_global,346,-356.462777778,0.471972006244,346;84;69;92;291;0;81;105;104,fixed_dtw_geo_kin_6h,4,577339000,636021700
309,10.1502777778,9,0.113670372568,0.281486296791,1.32677999125,destination_fallback_global,125,10.1502777778,0.667762941126,125;90;137;74;2;47;97;266;192,fixed_dtw_geo_kin_6h,4,578001200,249596000
322,115.341388889,9,0.053714948883,0.156806521681,0.422627131286,destination_fallback_global,312,368.455555556,0.709953659513,312;285;44;380;53;174;268;236;249,fixed_dtw_geo_kin_6h,4,636015940,613404821
329,81.2930555556,9,0.134851672099,0.173703991049,0.156648299945,destination_fallback_global,285,96.8438888889,0.460091312599,285;241;312;381;44;275;380;124;257,fixed_dtw_geo_kin_6h,4,636018926,538010540
332,90.5836111111,9,0.149607007482,0.194911481958,0.117920271507,destination_fallback_global,31,-3047.71833333,0.464142412711,31;53;25;52;236;312;380;285;311,fixed_dtw_geo_kin_6h,4,636019983,229548000
333,43.0938888889,9,0.32517752703,0.917684062274,0.963577129291,destination_fallback_global,167,40.7847222222,0.701632275081,167;43;151;165;182;194;153;148;41,fixed_dtw_geo_kin_6h,4,636020064,271002572
340,8.88638888889,3,0.508696058341,2.39499618059,3.7081083907,destination,170,8.88638888889,0.808641558067,170;320;121,fixed_dtw_geo_kin_6h,4,636021246,271051063
344,55.1116666667,5,0.763480955091,0.782036007172,0.00488154508995,destination,3,43.6044444444,0.376712340848,3;68;143;142;138,fixed_dtw_geo_kin_6h,4,636021596,215035000
345,42.1702777778,9,0.133662481671,0.188911962247,0.172756351487,destination_fallback_global,288,13.5269444444,0.492855882646,288;108;155;355;209;55;3;143;327,fixed_dtw_geo_kin_6h,4,636021665,538011225
347,43.6044444444,9,0.154404163766,0.271071689303,0.213416402597,destination_fallback_global,310,34.4072222222,0.565748084428,310;259;112;327;355;3;155;195;288,fixed_dtw_geo_kin_6h,4,636021702,605026210
348,17.3766666667,3,2.13600528857,2.23004298011,0.0440250274869,destination,209,17.3766666667,0.383724111466,209;288;150,fixed_dtw_geo_kin_6h,4,636021733,319076100
350,36.4069444444,9,0.140562527698,0.596442088763,2.53069502329,destination_fallback_global,362,36.4069444444,0.790042641816,362;243;276;368;320;328;373;317;141,fixed_dtw_geo_kin_6h,4,636021781,636024606
363,65.6369444444,9,0.33655919102,0.510776400676,0.0887818112119,destination,302,49.8680555556,0.517411451098,302;211;246;281;231;352;240;173;8,fixed_dtw_geo_kin_6h,4,636024786,563280700
365,90.6488888889,9,0.0552769398874,0.0823159923391,0.40090752585,destination_fallback_global,372,90.6488888889,0.510930721633,372;225;271;128;36;334;293;61;336,fixed_dtw_geo_kin_6h,4,636024824,636092552
375,38.715,9,0.286826749559,0.423720745307,0.224269432245,destination_fallback_global,148,37.5897222222,0.508177736131,148;335;57;373;41;56;378;182;243,fixed_dtw_geo_kin_6h,4,636093237,255915967
376,65.6369444444,9,0.224987148612,0.401936086881,0.52393811213,destination,211,50.7580555556,0.571347016802,211;246;352;302;240;231;173;281;8,fixed_dtw_geo_kin_6h,4,636093368,338619000
383,37.9788888889,9,0.139221400491,0.212221848767,0.0663852406556,destination_fallback_global,156,26.4025,0.518913422983,156;204;33;88;143;319;201;209;158,fixed_dtw_geo_kin_6h,4,671562100,256436000
1,-136.652222222,9,0.057955294716,0.132504128372,0.7573873186,destination_fallback_global,100,1902.665,0.645722894662,100;69;93;72;0;10;291;102;74,pca16_cosine,4,210688000,247407900
5,74.6733333333,9,0.0122736648783,0.0459096925769,0.0344452632327,destination_fallback_global,160,80.7813888889,0.765409991546,160;235;228;284;314;244;180;281;230,pca16_cosine,4,215178000,256812000
9,79.0844444444,9,0.0720400748732,0.777359717743,6.37020629878,destination,183,65.3591666667,0.911491722988,183;278;36;279;300;225;271;282;359,pca16_cosine,4,215481000,304610000
12,25.8052777778,9,0.129602899194,0.212279898796,0.399832373083,destination_fallback_global,29,85.9019444444,0.543063858193,29;152;86;96;11;299;198;116;338,pca16_cosine,4,215867000,229456000
14,18.4938888889,9,0.0575610158605,0.214145507144,0.386532131039,destination_fallback_global,198,10.5536111111,0.764300726727,198;95;77;48;62;6;68;17;11,pca16_cosine,4,215958000,311085000
15,19.2561111111,9,0.00825099843459,0.0139174290242,0.103247843023,destination_fallback_global,327,47.1522222222,0.552747689961,327;355;108;155;209;303;215;112;143,pca16_cosine,4,215993000,636018323
40,47.1530555556,9,0.105523458429,0.177392731347,0.165113649729,destination_fallback_global,310,34.4072222222,0.551640977135,310;195;259;112;244;138;303;164;143,pca16_cosine,4,235010170,605026210
46,303.231666667,9,0.244228489564,0.294476157142,0.127870948931,destination,216,303.231666667,0.436325863275,216;249;53;174;380;52;253;227;286,pca16_cosine,4,240878000,352002243
50,34.4177777778,9,0.00555093889161,0.0727849568492,0.686529895996,destination_fallback_global,140,38.3283333333,0.926570707181,140;349;301;166;149;360;213;168;21,pca16_cosine,4,241298000,255915592
54,79.1775,9,0.0117752752996,0.107280309511,6.49848292662,destination_fallback_global,320,12.5461111111,0.896047586631,320;129;280;255;23;325;328;126;297,pca16_cosine,4,241751000,636014168
58,2.26111111111,9,0.0444001141395,0.145124703835,0.396811030327,destination,26,1.55583333333,0.736427443429,26;351;123;287;275;189;37;141;206,pca16_cosine,4,242494400,229331000
63,38.715,9,0.0657970989393,0.897655313452,2.44442525119,destination,243,18.7561111111,0.929323063673,243;41;377;244;49;53;253;249;52,pca16_cosine,4,247018700,373808000
64,18.5783333333,9,0.126569146316,0.189840211208,0.231581420726,destination_fallback_global,198,10.5536111111,0.513392764477,198;95;103;68;62;11;77;17;48,pca16_cosine,4,247045300,311085000
67,-82.5058333333,9,0.100623169684,0.202088297286,0.0437959476148,destination,152,-80.6244444444,0.607795467152,152;346;144;82;69;84;114;92;0,pca16_cosine,4,247077700,256227000
70,-125.627222222,8,0.20962453742,0.349102030275,0.336198773347,destination,10,-117.643055556,0.548554947398,10;192;266;97;193;283;4;157,pca16_cosine,4,247101700,215498000
73,-2422.87055556,4,0.51141158604,0.59051702969,0.0481476720354,destination,100,1902.665,0.420613731613,100;85;74;86,pca16_cosine,4,247144750,247407900
75,9.26722222222,3,0.335702984961,0.765296220784,1.27968250229,destination,17,9.26722222222,0.644901571744,17;81;30,pca16_cosine,4,247153450,219031822
78,90.6488888889,9,0.0424681573616,0.0583313994661,0.0673541690258,destination_fallback_global,372,90.6488888889,0.482849778607,372;225;334;271;217;311;253;280;359,pca16_cosine,4,247231200,636092552
80,-79.6436111111,9,0.127127533738,0.203583069009,0.163223387228,destination,147,-62.65,0.535555676266,147;22;104;72;242;2;114;105;92,pca16_cosine,4,247268300,255915800
91,-62.65,9,0.00763029045776,0.20149516384,14.344342915,destination,147,-62.65,0.962839685279,147;104;242;2;72;22;84;105;0,pca16_cosine,4,247333600,255915800
94,-201.613888889,9,0.109996083094,0.193737901053,0.223095987148,destination,84,-393.143611111,0.5667952376,84;346;114;69;0;152;72;92;104,pca16_cosine,4,247351700,247298300
98,44.5888888889,7,0.316669350023,0.569635786347,0.153306648196,destination,154,44.5888888889,0.573546951595,154;110;159;238;161;234;361,pca16_cosine,4,247383400,256286000
101,-136.652222222,9,0.168507258291,0.243568688631,0.125918052039,destination,84,-393.143611111,0.500660807507,84;242;346;69;92;22;114;104;152,pca16_cosine,4,247408700,247298300
119,-201.613888889,9,0.0832972796079,0.158314988678,0.468973814525,destination,69,-136.652222222,0.590876032845,69;92;104;84;105;0;346;22;72,pca16_cosine,4,249087000,247100900
120,-100.135833333,5,0.401198336346,0.422169538163,7.38323477504e-05,destination,93,-648.636388889,0.386615288947,93;79;6;102;107,pca16_cosine,4,249146000,247349400
122,-100.135833333,5,0.194578600355,0.286014436144,0.0882839634334,destination,6,-100.135833333,0.506459754185,6;93;102;79;107,pca16_cosine,4,249281000,215232000
133,40.0636111111,9,0.0752578516604,0.176397416228,0.560288722377,destination_fallback_global,29,85.9019444444,0.652699746844,29;299;114;116;170;96;45;192;90,pca16_cosine,4,255801270,229456000
136,59.5738888889,9,0.177345988727,0.224209094039,0.0461772574966,destination_fallback_global,310,34.4072222222,0.453398062217,310;195;153;385;353;164;112;33;138,pca16_cosine,4,255805951,605026210
145,303.231666667,9,0.100951807578,0.188904510293,0.0273743127756,destination,286,90.6833333333,0.586016958883,286;227;174;380;175;216;252;253;249,pca16_cosine,4,255915759,538010653
162,-136.652222222,9,0.274177030107,0.305053707647,0.00828895596421,destination,69,-136.652222222,0.4070648315,69;346;105;92;144;152;84;22;114,pca16_cosine,4,256891000,247100900
171,6.98527777778,3,0.297138983277,0.560281183549,0.885586257886,destination,158,6.98527777778,0.588405444699,158;139;326,pca16_cosine,4,271051219,256607000
172,44.5888888889,7,0.0799407070874,0.379315625685,0.182874936161,destination,154,44.5888888889,0.809976666017,154;161;110;159;238;234;361,pca16_cosine,4,271052090,256286000
178,18.5783333333,9,0.07557364706,0.164200000854,0.423358453597,destination_fallback_global,17,9.26722222222,0.631123550952,17;95;48;68;154;13;77;65;103,pca16_cosine,4,275488000,219031822
179,80.7813888889,9,0.0411499246582,0.149102595838,0.400588667531,destination_fallback_global,244,-2439.34805556,0.758825103172,244;385;228;343;262;160;382;321;210,pca16_cosine,4,275497000,374194000
181,17.3766666667,3,0.0135677315224,0.0267660398618,0.972771927093,destination,209,17.3766666667,0.602359420231,209;150;288,pca16_cosine,4,304427000,319076100
184,54.7930555556,9,0.0146050665656,0.0659336266295,1.03514915852,destination_fallback_global,142,83.2125,0.801306585166,142;33;65;164;319;201;2;88;143,pca16_cosine,4,304785000,255915683
188,22.8505555556,9,0.243353774206,0.274592471228,0.00909020287399,destination_fallback_global,258,14.895,0.412204312322,258;269;21;59;341;238;82;7;206,pca16_cosine,4,309467000,511100560
191,38.3211111111,9,0.016876771103,0.203100495862,4.74017218372,destination_fallback_global,358,38.3211111111,0.92026310451,358;165;212;167;353;290;130;43;153,pca16_cosine,4,310841000,636023526
197,124.724722222,9,0.0365311921094,0.0618390997089,0.51234084927,destination_fallback_global,279,91.9708333333,0.553913988602,279;372;128;66;293;227;220;334;61,pca16_cosine,4,311001144,538009532
200,50.2191666667,9,0.00643353083309,0.0170265877542,0.315938587377,destination_fallback_global,378,48.3297222222,0.685331898255,378;272;16;57;264;335;148;364;146,pca16_cosine,4,312107000,667001639
202,91.735,9,0.0282068118585,0.107790497527,0.339453285877,destination_fallback_global,221,111.593333333,0.769755917916,221;56;126;328;129;255;320;42;109,pca16_cosine,4,312333000,352004307
205,55.1116666667,5,0.312692882381,0.359414698011,0.127351520066,destination,68,42.1283333333,0.418949107089,68;143;3;138;142,pca16_cosine,4,314496000,247095300
207,303.231666667,9,0.70659306479,0.862244327047,0.0245157503568,destination,177,314.258055556,0.440660184705,177;252;291;380;175;174;52;53;216,pca16_cosine,4,314652000,273277840
208,48.3297222222,9,0.0204593484382,0.0427363332876,0.646404392876,destination_fallback_global,378,48.3297222222,0.619567084159,378;335;57;16;272;148;264;41;364,pca16_cosine,4,314900000,667001639
214,90.5836111111,9,0.0113583096982,0.0605999713542,3.93626718724,destination,236,90.5836111111,0.829086371495,236;366;285;44;273;271;225;268;36,pca16_cosine,4,352001352,356755000
223,303.231666667,9,0.00784361136335,0.0379438153175,2.15832945748,destination,249,426.029722222,0.813250202362,249;216;52;53;380;174;175;253;177,pca16_cosine,4,352004593,431048000
229,65.3591666667,9,0.00564248469747,0.0358029243362,1.15927939956,destination_fallback_global,324,45.0263888889,0.8541927305,324;189;199;190;183;30;49;267;369,pca16_cosine,4,352506000,636016205
232,50.1938888889,9,0.0997953564468,0.1873273231,0.418782489852,destination_fallback_global,153,59.8719444444,0.586998791705,153;71;385;343;270;182;43;378;148,pca16_cosine,4,354562000,256251000
233,43.6044444444,9,0.00943976271594,0.0163273183573,0.0150320678613,destination_fallback_global,209,17.3766666667,0.560930890659,209;303;112;195;355;3;204;143;155,pca16_cosine,4,355860000,319076100
237,4.225,9,0.0438092930139,0.230098835446,1.69094780038,destination,115,-738.6,0.826633895923,115;206;130;37;125;189;141;275;287,pca16_cosine,4,356794000,248422000
245,54.7930555556,9,0.104917545913,0.119797264343,0.0383674431024,destination_fallback_global,33,37.9788888889,0.416531786422,33;150;319;164;154;88;143;142;204,pca16_cosine,4,376304000,230723000
247,82.6511111111,7,0.0239907727994,0.110624538851,0.314421817449,destination,331,95.2236111111,0.805037316412,331;298;25;372;124;255;29,pca16_cosine,4,403660000,636019819
254,303.231666667,9,0.0324628424094,0.0644967261046,0.459016368036,destination,216,303.231666667,0.604517034315,216;249;380;53;52;174;253;227;175,pca16_cosine,4,461000370,352002243
261,-125.627222222,8,0.126516003831,0.229498771442,0.107482705124,destination,283,-12.6144444444,0.576217006633,283;192;266;193;10;157;97;4,pca16_cosine,4,538003678,538010211
274,115.341388889,9,0.0151738890553,0.0237643823624,0.166885240928,destination_fallback_global,312,368.455555556,0.528076602708,312;380;236;285;44;174;366;298;331,pca16_cosine,4,538009008,613404821
289,38.715,9,0.110835630276,1.05299674505,1.78817221258,destination,244,-2439.34805556,0.900092868127,244;377;243;41;291;49;53;177;249,pca16_cosine,4,538011848,374194000
295,-356.462777778,9,0.154561500394,0.265127492681,0.539846845597,destination,84,-393.143611111,0.558237670109,84;0;346;92;104;242;147;72;69,pca16_cosine,4,548651000,247298300
305,79.0844444444,9,0.0500765824457,0.618066364687,8.63487388528,destination,183,65.3591666667,0.922173986125,183;278;36;279;282;225;271;300;359,pca16_cosine,4,566453000,304610000
306,4.225,9,0.0273684266197,0.110980118148,0.295139373041,destination,206,4.225,0.781448075749,206;37;189;115;130;125;275;351;26,pca16_cosine,4,566579000,314509000
307,10.5536111111,9,0.121024662778,0.214517646103,0.54402637313,destination_fallback_global,212,91.7725,0.568831438801,212;292;338;86;130;198;358;115;106,pca16_cosine,4,566722000,351656000
308,-356.462777778,9,0.044039255058,0.0776652390104,0.601790782502,destination_fallback_global,69,-136.652222222,0.567202181146,69;92;79;85;346;93;102;84;76,pca16_cosine,4,577339000,247100900
309,21.8616666667,9,0.116710221424,0.160425658438,0.104974465018,destination_fallback_global,86,-2395.48805556,0.4831135987,86;137;125;338;115;292;59;87;106,pca16_cosine,4,578001200,247306670
322,318.020277778,9,0.00206434335614,0.0137549517145,2.98576121491,destination_fallback_global,312,368.455555556,0.860639109851,312;380;39;236;298;331;216;174;224,pca16_cosine,4,636015940,613404821
329,303.231666667,9,0.0137553867464,0.0224443158057,0.198172213355,destination_fallback_global,241,59.9638888889,0.541795162179,241;236;249;312;39;52;216;380;298,pca16_cosine,4,636018926,372668000
332,68.2094444444,9,0.0162230989292,0.0521392847654,0.376807835443,destination_fallback_global,31,-3047.71833333,0.7326045324,31;53;25;32;20;249;52;18;236,pca16_cosine,4,636019983,229548000
333,50.1938888889,9,0.0474973467727,0.159024428044,1.27952723951,destination_fallback_global,43,50.1938888889,0.741797070125,43;153;167;378;165;335;57;148;41,pca16_cosine,4,636020064,240544000
340,10.3208333333,3,1.03011246178,1.28899420292,0.251314056229,destination,170,8.88638888889,0.449706609752,170;320;121,pca16_cosine,4,636021246,271051063
344,55.1116666667,5,0.372945793864,0.398754770211,0.053842238268,destination,68,42.1283333333,0.392477499815,68;3;143;138;142,pca16_cosine,4,636021596,247095300
345,42.1702777778,9,0.0127962157541,0.0275565785236,0.117969150259,destination_fallback_global,55,42.1702777778,0.628536260661,55;3;288;327;108;355;155;112;209,pca16_cosine,4,636021665,241859000
347,42.1702777778,9,0.0262102358728,0.0551973328205,0.243916764169,destination_fallback_global,288,13.5269444444,0.621980798392,288;55;3;327;155;259;355;108;112,pca16_cosine,4,636021702,538011225
348,17.3766666667,3,0.487912386355,0.518353288472,0.062390099058,destination,209,17.3766666667,0.390130557773,209;288;150,pca16_cosine,4,636021733,319076100
350,50.2191666667,9,0.0187978103821,0.0592006338949,1.63945944777,destination_fallback_global,362,36.4069444444,0.727946894328,362;16;276;148;222;378;272;57;270,pca16_cosine,4,636021781,636024606
363,66.6188888889,9,0.041902750319,0.0864905988828,0.0575643144923,destination,281,68.2436111111,0.616018974071,281;231;246;240;302;352;211;173;24,pca16_cosine,4,636024786,538009968
365,90.6488888889,9,0.00858989847521,0.0212171955628,0.526870312848,destination_fallback_global,372,90.6488888889,0.667073191034,372;334;36;293;286;227;128;169;124,pca16_cosine,4,636024824,636092552
375,91.735,9,0.013996863048,0.126389542539,4.56256815299,destination_fallback_global,56,91.735,0.895168027422,56;221;129;320;126;328;255;297;109,pca16_cosine,4,636093237,241929000
376,51.7697222222,9,0.0117484721829,0.112451302852,0.784837052372,destination,211,50.7580555556,0.900796337228,211;302;246;231;240;173;281;352;24,pca16_cosine,4,636093368,338619000
383,55.1116666667,9,0.0143079467363,0.0289037547932,0.0608257761507,destination_fallback_global,33,37.9788888889,0.609558504294,33;142;319;164;201;88;143;150;204,pca16_cosine,4,671562100,230723000
1,-12.6144444444,9,0.00314560915947,0.0133875995538,1.29257604519,destination_fallback_global,291,-5.65111111111,0.790599002551,291;81;92;283;193;10;105;100;6,ssl_masked_contrastive_cosine,4,210688000,538012456
5,74.6733333333,9,0.00793922508485,0.0324214941273,0.233636783049,destination_fallback_global,160,80.7813888889,0.782802099681,160;235;284;228;180;262;318;314;244,ssl_masked_contrastive_cosine,4,215178000,256812000
9,79.0844444444,9,0.104951032536,0.593358284084,1.72670030781,destination,183,65.3591666667,0.837883403572,183;278;36;279;300;282;225;271;359,ssl_masked_contrastive_cosine,4,215481000,304610000
12,23.0305555556,9,0.0313027411148,0.0607882399236,0.190151708067,destination_fallback_global,29,85.9019444444,0.597532072972,29;152;116;74;96;93;299;76;11,ssl_masked_contrastive_cosine,4,215867000,229456000
14,23.0305555556,9,0.0262971058116,0.0496076094663,0.364289545218,destination_fallback_global,47,298.963611111,0.588544782957,47;45;10;95;299;132;76;116;114,ssl_masked_contrastive_cosine,4,215958000,240893000
15,19.2561111111,9,0.00414512844363,0.0131782033499,0.0279055247278,destination_fallback_global,155,19.2561111111,0.730121531706,155;327;355;108;209;303;215;112;3,ssl_masked_contrastive_cosine,4,215993000,256392000
40,34.4072222222,9,0.0404707353,0.0925731318201,0.424824401241,destination_fallback_global,310,34.4072222222,0.645857863303,310;195;259;112;353;138;303;155;71,ssl_masked_contrastive_cosine,4,235010170,605026210
46,314.258055556,9,0.108375906381,0.132080389566,0.0315796529515,destination,53,48.4636111111,0.440198339799,53;52;216;249;380;174;253;175;177,ssl_masked_contrastive_cosine,4,240878000,241745000
50,35.1477777778,9,0.0022401940202,0.0339309984377,2.4023761787,destination_fallback_global,140,38.3283333333,0.936110224356,140;349;301;166;168;21;135;149;151,ssl_masked_contrastive_cosine,4,241298000,255915592
54,79.1775,9,0.00868120004086,0.118936507095,4.62657563053,destination_fallback_global,320,12.5461111111,0.929609935463,320;280;279;129;23;255;359;325;304,ssl_masked_contrastive_cosine,4,241751000,636014168
58,2.26111111111,9,0.0481147524641,0.239365371788,0.764144702107,destination,26,1.55583333333,0.817904528968,26;351;123;287;275;189;37;206;130,ssl_masked_contrastive_cosine,4,242494400,229331000
63,38.715,9,0.0587015152787,0.675365100832,2.05469999305,destination,243,18.7561111111,0.916752087812,243;41;244;49;377;291;53;253;249,ssl_masked_contrastive_cosine,4,247018700,373808000
64,21.2675,9,0.0194016559099,0.0572937294532,0.990066223812,destination_fallback_global,47,298.963611111,0.712742629323,47;95;291;100;6;90;77;105;45,ssl_masked_contrastive_cosine,4,247045300,240893000
67,-82.5058333333,9,0.0850344126422,0.120015264141,0.0770597888089,destination,346,-356.462777778,0.492367455979,346;152;82;69;144;92;0;114;105,ssl_masked_contrastive_cosine,4,247077700,636021700
70,-125.627222222,8,0.0232057070708,0.0562380034278,0.956170247356,destination,10,-117.643055556,0.661904557168,10;266;192;193;283;4;157;97,ssl_masked_contrastive_cosine,4,247101700,215498000
73,-2395.48805556,4,0.262107804088,0.458471537424,0.463993385978,destination,100,1902.665,0.564565322546,100;85;74;86,ssl_masked_contrastive_cosine,4,247144750,247407900
75,9.26722222222,3,0.171057256848,0.462635263936,1.70456379613,destination,17,9.26722222222,0.690910219767,17;81;30,ssl_masked_contrastive_cosine,4,247153450,219031822
78,90.6488888889,9,0.0482112652129,0.0663063538587,0.0665933317715,destination_fallback_global,372,90.6488888889,0.483309171768,372;280;334;225;217;169;271;359;279,ssl_masked_contrastive_cosine,4,247231200,636092552
80,-79.6436111111,9,0.0377646638075,0.156255873686,0.119178965826,destination,72,-201.613888889,0.785303695275,72;22;242;105;147;104;2;114;92,ssl_masked_contrastive_cosine,4,247268300,247131100
91,-62.65,9,0.0179476093326,0.143790785058,1.57965963914,destination,147,-62.65,0.882657954437,147;242;104;22;72;2;105;0;92,ssl_masked_contrastive_cosine,4,247333600,255915800
94,-166.650833333,9,0.0126306039676,0.0675688914409,0.921700975236,destination,0,-20.6094444444,0.829502399911,0;92;105;69;22;72;84;104;242,ssl_masked_contrastive_cosine,4,247351700,210627000
98,44.5888888889,7,0.289586524345,0.314617370558,0.0188974993741,destination,159,44.4341666667,0.398343589739,159;154;238;110;161;234;361,ssl_masked_contrastive_cosine,4,247383400,256714000
101,-166.650833333,9,0.00682207473654,0.053996588614,1.24528981507,destination,0,-20.6094444444,0.881312770114,0;105;69;92;84;22;72;104;242,ssl_masked_contrastive_cosine,4,247408700,210627000
119,-166.650833333,9,0.0185954985978,0.0745684444418,0.158818372384,destination,84,-393.143611111,0.779287761311,84;0;69;105;104;346;92;242;22,ssl_masked_contrastive_cosine,4,249087000,247298300
120,-174.649444444,5,0.0972472191194,0.24072578922,1.16746232082,destination,93,-648.636388889,0.667660761494,93;6;79;102;107,ssl_masked_contrastive_cosine,4,249146000,247349400
122,-174.649444444,5,0.105156096368,0.271298656543,0.0452999824628,destination,93,-648.636388889,0.678681918567,93;6;102;79;107,ssl_masked_contrastive_cosine,4,249281000,247349400
133,23.0305555556,9,0.0120466761224,0.0185861779462,0.10345041731,destination_fallback_global,116,68.9125,0.523011192251,116;76;29;45;10;92;93;81;291,ssl_masked_contrastive_cosine,4,255801270,248507000
136,47.1530555556,9,0.0716590857146,0.110696258943,0.111312600432,destination_fallback_global,310,34.4072222222,0.523431682953,310;195;385;112;353;138;182;164;156,ssl_masked_contrastive_cosine,4,255805951,605026210
145,303.231666667,9,0.106500224423,0.224763065368,0.106612230537,destination,286,90.6833333333,0.622611034724,286;227;175;252;174;380;216;253;177,ssl_masked_contrastive_cosine,4,255915759,538010653
162,-136.652222222,9,0.0584418692334,0.110782509456,0.209280298589,destination,92,-2457.65333333,0.59005650895,92;0;69;152;114;105;346;82;84,ssl_masked_contrastive_cosine,4,256891000,247343900
171,6.98527777778,3,0.0360050097536,0.283454305929,6.87263516573,destination,158,6.98527777778,0.880714057717,158;139;326,ssl_masked_contrastive_cosine,4,271051219,256607000
172,44.5888888889,7,0.0471808252511,0.134449917988,0.00528889306021,destination,110,39.3958333333,0.704041855043,110;154;161;159;238;361;234,ssl_masked_contrastive_cosine,4,271052090,247530400
178,9.765,9,0.00367211460404,0.043135418788,3.61868721082,destination_fallback_global,17,9.26722222222,0.918392962157,17;13;103;154;48;65;158;170;95,ssl_masked_contrastive_cosine,4,275488000,219031822
179,80.7813888889,9,0.0254000782633,0.0900783390896,0.218031355816,destination_fallback_global,244,-2439.34805556,0.754290543652,244;385;228;343;382;262;160;127;270,ssl_masked_contrastive_cosine,4,275497000,374194000
181,17.3766666667,3,0.0114767035441,0.0207381768446,0.806980267885,destination,209,17.3766666667,0.574986064441,209;150;288,ssl_masked_contrastive_cosine,4,304427000,319076100
184,44.5888888889,9,0.0133148061675,0.0522689909899,0.562465640802,destination_fallback_global,142,83.2125,0.775120917871,142;33;154;65;164;319;201;2;17,ssl_masked_contrastive_cosine,4,304785000,255915683
188,22.8505555556,9,0.186224312831,0.225288010022,0.0723162336872,destination_fallback_global,258,14.895,0.437531961632,258;341;238;82;21;4;384;59;269,ssl_masked_contrastive_cosine,4,309467000,511100560
191,38.3211111111,9,0.0237270274041,0.166193335805,3.02447740807,destination_fallback_global,358,38.3211111111,0.866955506569,358;165;290;212;370;353;167;250;251,ssl_masked_contrastive_cosine,4,310841000,636023526
197,91.9708333333,9,0.044810102977,0.0710855279442,0.206366053674,destination_fallback_global,279,91.9708333333,0.532395387188,279;66;169;128;61;293;372;234;217,ssl_masked_contrastive_cosine,4,311001144,538009532
200,50.2191666667,9,0.00826316269342,0.0171639545577,0.0635802485906,destination_fallback_global,272,50.2191666667,0.617902042096,272;264;378;16;57;335;148;146;41,ssl_masked_contrastive_cosine,4,312107000,538007661
202,91.735,9,0.0539813047809,0.211627854346,0.0878048751362,destination_fallback_global,56,91.735,0.774857173745,56;221;328;255;129;126;320;141;263,ssl_masked_contrastive_cosine,4,312333000,241929000
205,55.1116666667,5,0.151567141733,0.192086213065,0.240398761507,destination,68,42.1283333333,0.454272569057,68;3;143;138;142,ssl_masked_contrastive_cosine,4,314496000,247095300
207,303.231666667,9,0.451239336909,0.549551695663,0.079128818671,destination,252,391.848055556,0.439945493015,252;177;291;380;174;52;175;53;216,ssl_masked_contrastive_cosine,4,314652000,461000256
208,50.1938888889,9,0.0216783584186,0.0440478965478,0.16640053854,destination_fallback_global,378,48.3297222222,0.611308079154,378;335;57;264;272;16;148;41;43,ssl_masked_contrastive_cosine,4,314900000,667001639
214,89.0002777778,9,0.0138650415656,0.065214434244,0.974755682614,destination,236,90.5836111111,0.808473850316,236;366;273;44;285;325;271;225;268,ssl_masked_contrastive_cosine,4,352001352,356755000
223,303.231666667,9,0.00251547122912,0.0514928962025,5.35605574625,destination,249,426.029722222,0.95232316771,249;216;52;53;380;175;177;174;253,ssl_masked_contrastive_cosine,4,352004593,431048000
229,65.3591666667,9,0.00224167066808,0.0168701212605,0.0329672270396,destination_fallback_global,199,77.9036111111,0.875571765481,199;324;189;30;190;183;267;49;7,ssl_masked_contrastive_cosine,4,352506000,311775000
232,50.1938888889,9,0.0603053690437,0.101074440109,0.185647770282,destination_fallback_global,153,59.8719444444,0.550657027934,153;71;385;353;43;343;270;41;148,ssl_masked_contrastive_cosine,4,354562000,256251000
233,43.6044444444,9,0.00581021367909,0.0142991477069,0.319913950156,destination_fallback_global,209,17.3766666667,0.666088411869,209;303;112;3;143;355;195;204;155,ssl_masked_contrastive_cosine,4,355860000,319076100
237,4.225,9,0.076273228178,0.234397917039,1.12507301978,destination,115,-738.6,0.722237950714,115;206;37;130;125;189;141;275;287,ssl_masked_contrastive_cosine,4,356794000,248422000
245,44.5888888889,9,0.0121465073464,0.0221449410445,0.077561901614,destination_fallback_global,33,37.9788888889,0.577815697053,33;150;156;319;164;154;88;142;143,ssl_masked_contrastive_cosine,4,376304000,230723000
247,82.6511111111,7,0.0260790046487,0.0967545960628,0.478526355084,destination,331,95.2236111111,0.763732538666,331;298;25;372;124;255;29,ssl_masked_contrastive_cosine,4,403660000,636019819
254,303.231666667,9,0.0240367132191,0.0392250613156,0.127958953184,destination,52,232.388333333,0.541837200139,52;216;249;53;380;174;175;177;253,ssl_masked_contrastive_cosine,4,461000370,241689000
261,-125.627222222,8,0.00911669325495,0.0421526092012,2.87441794975,destination,10,-117.643055556,0.805511123761,10;192;266;193;283;157;4;97,ssl_masked_contrastive_cosine,4,538003678,215498000
274,318.020277778,9,0.0125338845213,0.0217867928533,0.246754118306,destination_fallback_global,366,72.7880555556,0.562537564924,366;380;44;174;312;285;252;236;186,ssl_masked_contrastive_cosine,4,538009008,636024855
289,38.715,9,0.0892600664902,0.660866545954,1.75925946253,destination,244,-2439.34805556,0.873658954819,244;377;243;41;291;49;177;249;175,ssl_masked_contrastive_cosine,4,538011848,374194000
295,-166.650833333,9,0.0508412923022,0.0892550155436,0.355649974146,destination,84,-393.143611111,0.565741327767,84;0;69;104;105;242;92;22;346,ssl_masked_contrastive_cosine,4,548651000,247298300
305,79.0844444444,9,0.0510192295622,0.5330477414,6.29195075605,destination,183,65.3591666667,0.908725411568,183;278;36;279;282;225;271;300;359,ssl_masked_contrastive_cosine,4,566453000,304610000
306,4.225,9,0.0141326899599,0.133005258412,3.75795208844,destination,206,4.225,0.899193862205,206;37;115;189;130;275;125;351;26,ssl_masked_contrastive_cosine,4,566579000,314509000
307,38.3211111111,9,0.0329903173946,0.151295474524,1.3285064294,destination_fallback_global,125,10.1502777778,0.804083433801,125;212;292;27;198;358;299;11;314,ssl_masked_contrastive_cosine,4,566722000,249596000
308,-136.652222222,9,0.00174574955029,0.024226482639,5.47410245821,destination_fallback_global,69,-136.652222222,0.930475479997,69;266;0;346;192;85;79;84;193,ssl_masked_contrastive_cosine,4,577339000,247100900
309,21.8616666667,9,0.0557993808282,0.106031984958,0.762533379879,destination_fallback_global,86,-2395.48805556,0.590816110518,86;292;125;278;137;338;29;152;116,ssl_masked_contrastive_cosine,4,578001200,247306670
322,318.020277778,9,0.000859721020372,0.00930400160295,5.44643861992,destination_fallback_global,312,368.455555556,0.911737315942,312;380;241;236;331;39;224;216;298,ssl_masked_contrastive_cosine,4,636015940,613404821
329,303.231666667,9,0.00808419967482,0.0121312458832,0.325292523386,destination_fallback_global,39,502.520555556,0.51355669781,39;52;236;216;312;241;249;176;331,ssl_masked_contrastive_cosine,4,636018926,232063279
332,57.5136111111,9,0.00528285531159,0.0189023873991,0.0752342587233,destination_fallback_global,32,68.2094444444,0.75617620788,32;31;53;25;20;18;249;52;176,ssl_masked_contrastive_cosine,4,636019983,229648000
333,50.1938888889,9,0.0256663738224,0.0511252453474,0.313248749097,destination_fallback_global,43,50.1938888889,0.605301043236,43;335;57;378;41;148;373;272;16,ssl_masked_contrastive_cosine,4,636020064,240544000
340,10.3208333333,3,0.845579861438,0.901797179204,0.0664837472244,destination,170,8.88638888889,0.39154266288,170;320;121,ssl_masked_contrastive_cosine,4,636021246,271051063
344,55.1116666667,5,0.181302515831,0.231188689402,0.184288229951,destination,68,42.1283333333,0.456476163185,68;3;143;138;142,ssl_masked_contrastive_cosine,4,636021596,247095300
345,42.1702777778,9,0.00828498863858,0.0208390531696,0.526419460735,destination_fallback_global,288,13.5269444444,0.671950702266,288;55;3;327;155;108;355;303;112,ssl_masked_contrastive_cosine,4,636021665,538011225
347,19.2561111111,9,0.00911743741008,0.0325285643,0.497817647801,destination_fallback_global,288,13.5269444444,0.755564453738,288;55;259;327;155;355;3;108;310,ssl_masked_contrastive_cosine,4,636021702,538011225
348,17.3766666667,3,0.265383621012,0.359845433436,0.355944394999,destination,209,17.3766666667,0.478311364222,209;288;150,ssl_masked_contrastive_cosine,4,636021733,319076100
350,48.3297222222,9,0.0250603499692,0.0636357859986,0.437745009829,destination_fallback_global,362,36.4069444444,0.67448282013,362;148;16;272;270;57;378;276;335,ssl_masked_contrastive_cosine,4,636021781,636024606
363,66.6188888889,9,0.0135681337352,0.0481766772698,1.46728287858,destination,246,51.7697222222,0.754550685565,246;231;240;281;173;352;211;302;379,ssl_masked_contrastive_cosine,4,636024786,403532001
365,90.6488888889,9,0.00891564980712,0.0191391434103,0.262074832977,destination_fallback_global,372,90.6488888889,0.627611915509,372;36;293;334;234;169;227;124;128,ssl_masked_contrastive_cosine,4,636024824,636092552
375,91.735,9,0.0168444612226,0.199580750018,5.76222431071,destination_fallback_global,56,91.735,0.919064266667,56;221;129;328;255;320;126;151;280,ssl_masked_contrastive_cosine,4,636093237,241929000
376,51.7697222222,9,0.00642836946769,0.0799527320013,1.83110997119,destination,211,50.7580555556,0.92274521383,211;246;302;231;173;240;281;352;24,ssl_masked_contrastive_cosine,4,636093368,338619000
383,44.5888888889,9,0.0127105182236,0.0237234462822,0.06615906164,destination_fallback_global,154,44.5888888889,0.585213381952,154;33;142;164;319;201;110;88;204,ssl_masked_contrastive_cosine,4,671562100,256286000
