memory_id,mmsi,memory_last_at,history_cutoff_at,last_update,canonical_destination,owner_target_tte_h,snapshot_tte_h,query_age_h,raw_points,observed_span_h
0,210627000,2026-04-15T15:43:39,2026-04-16T12:43:53,2026-04-16T15:36:34,ITAUG,-20.6094444444,3.2725,2.87805555556,65,1.08611111111
1,210627000,2026-04-15T16:43:33,2026-04-16T12:43:53,2026-04-16T15:36:34,ITAUG,-20.6094444444,2.27416666667,2.87805555556,124,2.08444444444
2,210627000,2026-04-15T17:43:23,2026-04-16T12:43:53,2026-04-16T15:36:34,ITAUG,-20.6094444444,1.27694444444,2.87805555556,183,3.08166666667
3,210627000,2026-04-15T18:43:08,2026-04-16T12:43:53,2026-04-16T15:36:34,ITAUG,-20.6094444444,0.281111111111,2.87805555556,242,4.0775
4,210627000,2026-04-15T19:43:51,2026-04-16T12:43:53,2026-04-16T15:36:34,ITAUG,-20.6094444444,-0.730833333333,2.87805555556,302,5.08944444444
5,210627000,2026-04-15T20:43:36,2026-04-16T12:43:53,2026-04-16T15:36:34,ITAUG,-20.6094444444,-1.72666666667,2.87805555556,355,5.98388888889
6,210627000,2026-04-15T21:43:24,2026-04-16T12:43:53,2026-04-16T15:36:34,ITAUG,-20.6094444444,-2.72333333333,2.87805555556,355,5.97888888889
7,210627000,2026-04-15T22:43:12,2026-04-16T12:43:53,2026-04-16T15:36:34,ITAUG,-20.6094444444,-3.72,2.87805555556,355,5.97722222222
8,210627000,2026-04-15T23:43:02,2026-04-16T12:43:53,2026-04-16T15:36:34,ITAUG,-20.6094444444,-4.71722222222,2.87805555556,355,5.97722222222
9,210627000,2026-04-16T00:43:53,2026-04-16T12:43:53,2026-04-16T15:36:34,ITAUG,-20.6094444444,-5.73138888889,2.87805555556,356,5.99555555556
10,210627000,2026-04-16T01:43:43,2026-04-16T12:43:53,2026-04-16T15:36:34,ITAUG,-20.6094444444,-6.72861111111,2.87805555556,355,5.98083333333
11,210627000,2026-04-16T02:43:33,2026-04-16T12:43:53,2026-04-16T15:36:34,ITAUG,-20.6094444444,-7.72583333333,2.87805555556,355,5.98222222222
12,210627000,2026-04-16T03:43:22,2026-04-16T12:43:53,2026-04-16T15:36:34,ITAUG,-20.6094444444,-8.72277777778,2.87805555556,355,5.98277777778
13,210627000,2026-04-16T04:43:12,2026-04-16T12:43:53,2026-04-16T15:36:34,ITAUG,-20.6094444444,-9.72,2.87805555556,355,5.98305555556
14,210627000,2026-04-16T05:43:04,2026-04-16T12:43:53,2026-04-16T15:36:34,ITAUG,-20.6094444444,-10.7177777778,2.87805555556,355,5.98361111111
15,210627000,2026-04-16T06:42:56,2026-04-16T12:43:53,2026-04-16T15:36:34,ITAUG,-20.6094444444,-11.7155555556,2.87805555556,355,5.98416666667
16,210627000,2026-04-16T07:43:49,2026-04-16T12:43:53,2026-04-16T15:36:34,ITAUG,-20.6094444444,-12.7302777778,2.87805555556,355,5.98472222222
17,210627000,2026-04-16T08:43:18,2026-04-16T12:43:53,2026-04-16T15:36:34,ITAUG,-20.6094444444,-13.7216666667,2.87805555556,354,5.97888888889
18,210627000,2026-04-16T09:43:10,2026-04-16T12:43:53,2026-04-16T15:36:34,ITAUG,-20.6094444444,-14.7194444444,2.87805555556,349,5.97972222222
19,210627000,2026-04-16T10:43:03,2026-04-16T12:43:53,2026-04-16T15:36:34,ITAUG,-20.6094444444,-15.7175,2.87805555556,349,5.98055555556
20,210627000,2026-04-16T11:42:58,2026-04-16T12:43:53,2026-04-16T15:36:34,ITAUG,-20.6094444444,-16.7161111111,2.87805555556,349,5.98166666667
21,210627000,2026-04-16T12:43:53,2026-04-16T12:43:53,2026-04-16T15:36:34,ITAUG,-20.6094444444,-17.7313888889,2.87805555556,350,5.99888888889
22,210688000,2026-04-15T12:43:44,2026-04-16T12:43:53,2026-04-16T15:39:09,ITLIV,54.3475,81.2711111111,2.92111111111,60,0.997777777778
23,210688000,2026-04-15T13:43:38,2026-04-16T12:43:53,2026-04-16T15:39:09,ITLIV,54.3475,80.2727777778,2.92111111111,119,1.99611111111
24,210688000,2026-04-15T14:43:33,2026-04-16T12:43:53,2026-04-16T15:39:09,ITLIV,54.3475,79.2741666667,2.92111111111,178,2.99472222222
25,210688000,2026-04-15T15:43:39,2026-04-16T12:43:53,2026-04-16T15:39:09,ITLIV,54.3475,78.2725,2.92111111111,237,3.99638888889
26,210688000,2026-04-15T15:53:48,2026-04-16T12:43:53,2026-04-16T15:39:09,ITLIV,54.3475,78.1033333333,2.92111111111,247,4.16555555556
27,210688000,2026-04-15T21:37:19,2026-04-16T12:43:53,2026-04-16T15:39:09,ITLIV,54.3475,72.3780555556,2.92111111111,52,5.8775
28,210688000,2026-04-15T22:43:12,2026-04-16T12:43:53,2026-04-16T15:39:09,ITLIV,54.3475,71.28,2.92111111111,67,1.84138888889
29,210688000,2026-04-15T23:25:48,2026-04-16T12:43:53,2026-04-16T15:39:09,ITLIV,54.3475,70.57,2.92111111111,103,2.55138888889
30,210688000,2026-04-16T00:43:53,2026-04-16T12:43:53,2026-04-16T15:39:09,ITLIV,54.3475,69.2686111111,2.92111111111,138,3.85277777778
31,210688000,2026-04-16T01:25:28,2026-04-16T12:43:53,2026-04-16T15:39:09,ITLIV,54.3475,68.5755555556,2.92111111111,154,4.54583333333
32,210688000,2026-04-16T02:01:58,2026-04-16T12:43:53,2026-04-16T15:39:09,ITLIV,54.3475,67.9672222222,2.92111111111,165,5.15416666667
33,210688000,2026-04-16T03:01:48,2026-04-16T12:43:53,2026-04-16T15:39:09,ITLIV,54.3475,66.97,2.92111111111,133,5.15472222222
34,210688000,2026-04-16T04:43:12,2026-04-16T12:43:53,2026-04-16T15:39:09,ITLIV,54.3475,65.28,2.92111111111,112,5.98305555556
35,210688000,2026-04-16T05:01:28,2026-04-16T12:43:53,2026-04-16T15:39:09,ITLIV,54.3475,64.9755555556,2.92111111111,92,4.95222222222
36,210688000,2026-04-16T06:42:56,2026-04-16T12:43:53,2026-04-16T15:39:09,ITLIV,54.3475,63.2844444444,2.92111111111,102,5.98416666667
37,210688000,2026-04-16T07:37:43,2026-04-16T12:43:53,2026-04-16T15:39:09,ITLIV,54.3475,62.3713888889,2.92111111111,112,5.76472222222
38,210688000,2026-04-16T08:43:18,2026-04-16T12:43:53,2026-04-16T15:39:09,ITLIV,54.3475,61.2783333333,2.92111111111,116,5.84361111111
39,210688000,2026-04-16T09:43:10,2026-04-16T12:43:53,2026-04-16T15:39:09,ITLIV,54.3475,60.2805555556,2.92111111111,137,5.05027777778
40,210688000,2026-04-16T10:25:48,2026-04-16T12:43:53,2026-04-16T15:39:09,ITLIV,54.3475,59.57,2.92111111111,160,5.69305555556
41,210688000,2026-04-16T11:42:58,2026-04-16T12:43:53,2026-04-16T15:39:09,ITLIV,54.3475,58.2838888889,2.92111111111,148,5.84611111111
42,210688000,2026-04-16T12:43:53,2026-04-16T12:43:53,2026-04-16T15:39:09,ITLIV,54.3475,57.2686111111,2.92111111111,116,5.99888888889
43,215035000,2026-04-10T20:23:15,2026-04-11T03:23:39,2026-04-11T03:23:44,ITRAN,43.6044444444,50.6125,0.00138888888889,69,1.15166666667
44,215035000,2026-04-10T21:23:13,2026-04-11T03:23:39,2026-04-11T03:23:44,ITRAN,43.6044444444,49.6130555556,0.00138888888889,128,2.15111111111
45,215035000,2026-04-10T22:23:11,2026-04-11T03:23:39,2026-04-11T03:23:44,ITRAN,43.6044444444,48.6136111111,0.00138888888889,187,3.15055555556
46,215035000,2026-04-10T23:23:09,2026-04-11T03:23:39,2026-04-11T03:23:44,ITRAN,43.6044444444,47.6141666667,0.00138888888889,246,4.15
47,215035000,2026-04-11T00:23:03,2026-04-11T03:23:39,2026-04-11T03:23:44,ITRAN,43.6044444444,46.6158333333,0.00138888888889,305,5.14833333333
48,215035000,2026-04-11T00:59:36,2026-04-11T03:23:39,2026-04-11T03:23:44,ITRAN,43.6044444444,46.0066666667,0.00138888888889,331,5.58833333333
49,215035000,2026-04-11T03:23:39,2026-04-11T03:23:39,2026-04-11T03:23:44,ITRAN,43.6044444444,43.6058333333,0.00138888888889,264,5.99027777778
50,215054000,2026-04-15T14:43:33,2026-04-16T12:43:53,2026-04-16T15:39:11,ITSPA,12.3469444444,37.2741666667,2.92166666667,38,0.626388888889
51,215054000,2026-04-15T15:43:39,2026-04-16T12:43:53,2026-04-16T15:39:11,ITSPA,12.3469444444,36.2725,2.92166666667,97,1.62805555556
52,215054000,2026-04-15T16:43:33,2026-04-16T12:43:53,2026-04-16T15:39:11,ITSPA,12.3469444444,35.2741666667,2.92166666667,156,2.62638888889
53,215054000,2026-04-15T17:43:23,2026-04-16T12:43:53,2026-04-16T15:39:11,ITSPA,12.3469444444,34.2769444444,2.92166666667,212,3.62361111111
54,215054000,2026-04-15T18:43:08,2026-04-16T12:43:53,2026-04-16T15:39:11,ITSPA,12.3469444444,33.2811111111,2.92166666667,271,4.61944444444
55,215054000,2026-04-15T18:46:10,2026-04-16T12:43:53,2026-04-16T15:39:11,ITSPA,12.3469444444,33.2305555556,2.92166666667,274,4.67
56,215054000,2026-04-15T22:43:12,2026-04-16T12:43:53,2026-04-16T15:39:11,ITSPA,12.3469444444,29.28,2.92166666667,134,5.97722222222
57,215054000,2026-04-15T23:43:02,2026-04-16T12:43:53,2026-04-16T15:39:11,ITSPA,12.3469444444,28.2827777778,2.92166666667,137,5.97722222222
58,215054000,2026-04-16T00:43:53,2026-04-16T12:43:53,2026-04-16T15:39:11,ITSPA,12.3469444444,27.2686111111,2.92166666667,138,5.99555555556
59,215054000,2026-04-16T01:43:43,2026-04-16T12:43:53,2026-04-16T15:39:11,ITSPA,12.3469444444,26.2713888889,2.92166666667,194,3.26222222222
60,215054000,2026-04-16T02:43:33,2026-04-16T12:43:53,2026-04-16T15:39:11,ITSPA,12.3469444444,25.2741666667,2.92166666667,253,4.25944444444
61,215054000,2026-04-16T02:56:44,2026-04-16T12:43:53,2026-04-16T15:39:11,ITSPA,12.3469444444,25.0544444444,2.92166666667,266,4.47916666667
62,215054000,2026-04-16T04:43:12,2026-04-16T12:43:53,2026-04-16T15:39:11,ITSPA,12.3469444444,23.28,2.92166666667,275,5.98305555556
63,215054000,2026-04-16T05:43:04,2026-04-16T12:43:53,2026-04-16T15:39:11,ITSPA,12.3469444444,22.2822222222,2.92166666667,275,5.98361111111
64,215054000,2026-04-16T06:42:56,2026-04-16T12:43:53,2026-04-16T15:39:11,ITSPA,12.3469444444,21.2844444444,2.92166666667,275,5.98416666667
65,215054000,2026-04-16T07:24:32,2026-04-16T12:43:53,2026-04-16T15:39:11,ITSPA,12.3469444444,20.5911111111,2.92166666667,256,5.66333333333
66,215054000,2026-04-16T10:43:03,2026-04-16T12:43:53,2026-04-16T15:39:11,ITSPA,12.3469444444,17.2825,2.92166666667,187,5.98055555556
67,215054000,2026-04-16T11:42:58,2026-04-16T12:43:53,2026-04-16T15:39:11,ITSPA,12.3469444444,16.2838888889,2.92166666667,187,5.98166666667
68,215054000,2026-04-16T12:43:53,2026-04-16T12:43:53,2026-04-16T15:39:11,ITSPA,12.3469444444,15.2686111111,2.92166666667,188,5.99888888889
69,215178000,2026-04-07T17:38:17,2026-04-07T20:38:48,2026-04-07T20:39:48,TRTUT,84.3366666667,87.3619444444,0.0166666666667,50,0.83
70,215178000,2026-04-07T17:43:22,2026-04-07T20:38:48,2026-04-07T20:39:48,TRTUT,84.3366666667,87.2772222222,0.0166666666667,55,0.914722222222
71,215178000,2026-04-07T19:37:56,2026-04-07T20:38:48,2026-04-07T20:39:48,TRTUT,84.3366666667,85.3677777778,0.0166666666667,112,2.82416666667
72,215178000,2026-04-07T20:38:48,2026-04-07T20:38:48,2026-04-07T20:39:48,TRTUT,84.3366666667,84.3533333333,0.0166666666667,172,3.83861111111
73,215232000,2026-04-15T12:43:44,2026-04-16T12:43:53,2026-04-16T15:38:09,ITCTA,-100.135833333,-73.2288888889,2.90444444444,355,5.98722222222
74,215232000,2026-04-15T13:43:38,2026-04-16T12:43:53,2026-04-16T15:38:09,ITCTA,-100.135833333,-74.2272222222,2.90444444444,355,5.98777777778
75,215232000,2026-04-15T14:43:33,2026-04-16T12:43:53,2026-04-16T15:38:09,ITCTA,-100.135833333,-75.2258333333,2.90444444444,355,5.98888888889
76,215232000,2026-04-15T15:43:39,2026-04-16T12:43:53,2026-04-16T15:38:09,ITCTA,-100.135833333,-76.2275,2.90444444444,355,5.99277777778
77,215232000,2026-04-15T16:43:33,2026-04-16T12:43:53,2026-04-16T15:38:09,ITCTA,-100.135833333,-77.2258333333,2.90444444444,355,5.99277777778
78,215232000,2026-04-15T17:43:23,2026-04-16T12:43:53,2026-04-16T15:38:09,ITCTA,-100.135833333,-78.2230555556,2.90444444444,354,5.975
79,215232000,2026-04-15T18:43:08,2026-04-16T12:43:53,2026-04-16T15:38:09,ITCTA,-100.135833333,-79.2188888889,2.90444444444,354,5.97305555556
80,215232000,2026-04-15T19:43:51,2026-04-16T12:43:53,2026-04-16T15:38:09,ITCTA,-100.135833333,-80.2308333333,2.90444444444,355,5.98666666667
81,215232000,2026-04-15T20:43:36,2026-04-16T12:43:53,2026-04-16T15:38:09,ITCTA,-100.135833333,-81.2266666667,2.90444444444,355,5.98388888889
82,215232000,2026-04-15T21:43:24,2026-04-16T12:43:53,2026-04-16T15:38:09,ITCTA,-100.135833333,-82.2233333333,2.90444444444,355,5.97888888889
83,215232000,2026-04-15T22:43:12,2026-04-16T12:43:53,2026-04-16T15:38:09,ITCTA,-100.135833333,-83.22,2.90444444444,355,5.97722222222
84,215232000,2026-04-15T23:43:02,2026-04-16T12:43:53,2026-04-16T15:38:09,ITCTA,-100.135833333,-84.2172222222,2.90444444444,355,5.97722222222
85,215232000,2026-04-16T00:43:53,2026-04-16T12:43:53,2026-04-16T15:38:09,ITCTA,-100.135833333,-85.2313888889,2.90444444444,356,5.99555555556
86,215232000,2026-04-16T01:43:43,2026-04-16T12:43:53,2026-04-16T15:38:09,ITCTA,-100.135833333,-86.2286111111,2.90444444444,355,5.98083333333
87,215232000,2026-04-16T02:43:33,2026-04-16T12:43:53,2026-04-16T15:38:09,ITCTA,-100.135833333,-87.2258333333,2.90444444444,355,5.98222222222
88,215232000,2026-04-16T03:43:22,2026-04-16T12:43:53,2026-04-16T15:38:09,ITCTA,-100.135833333,-88.2227777778,2.90444444444,355,5.98277777778
89,215232000,2026-04-16T04:43:12,2026-04-16T12:43:53,2026-04-16T15:38:09,ITCTA,-100.135833333,-89.22,2.90444444444,355,5.98305555556
90,215232000,2026-04-16T05:43:04,2026-04-16T12:43:53,2026-04-16T15:38:09,ITCTA,-100.135833333,-90.2177777778,2.90444444444,355,5.98361111111
91,215232000,2026-04-16T06:42:56,2026-04-16T12:43:53,2026-04-16T15:38:09,ITCTA,-100.135833333,-91.2155555556,2.90444444444,355,5.98416666667
92,215232000,2026-04-16T07:43:49,2026-04-16T12:43:53,2026-04-16T15:38:09,ITCTA,-100.135833333,-92.2302777778,2.90444444444,355,5.98472222222
93,215232000,2026-04-16T08:43:18,2026-04-16T12:43:53,2026-04-16T15:38:09,ITCTA,-100.135833333,-93.2216666667,2.90444444444,354,5.97888888889
94,215232000,2026-04-16T09:43:10,2026-04-16T12:43:53,2026-04-16T15:38:09,ITCTA,-100.135833333,-94.2194444444,2.90444444444,354,5.97972222222
95,215232000,2026-04-16T10:43:03,2026-04-16T12:43:53,2026-04-16T15:38:09,ITCTA,-100.135833333,-95.2175,2.90444444444,354,5.98055555556
96,215232000,2026-04-16T11:42:58,2026-04-16T12:43:53,2026-04-16T15:38:09,ITCTA,-100.135833333,-96.2161111111,2.90444444444,354,5.98166666667
97,215232000,2026-04-16T12:43:53,2026-04-16T12:43:53,2026-04-16T15:38:09,ITCTA,-100.135833333,-97.2313888889,2.90444444444,355,5.99888888889
98,215270000,2026-04-08T23:54:22,2026-04-08T23:54:22,2026-04-08T23:55:10,ESCAR,69.0805555556,69.0938888889,0.0133333333333,51,1.04805555556
99,215282000,2026-04-12T08:58:04,2026-04-12T11:58:12,2026-04-12T11:58:54,EGPSD,64.0183333333,67.0322222222,0.0116666666667,37,0.769444444444
100,215282000,2026-04-12T09:28:50,2026-04-12T11:58:12,2026-04-12T11:58:54,EGPSD,64.0183333333,66.5194444444,0.0116666666667,58,1.28222222222
101,215282000,2026-04-12T10:57:50,2026-04-12T11:58:12,2026-04-12T11:58:54,EGPSD,64.0183333333,65.0361111111,0.0116666666667,74,2.76555555556
102,215282000,2026-04-12T11:58:12,2026-04-12T11:58:12,2026-04-12T11:58:54,EGPSD,64.0183333333,64.03,0.0116666666667,125,3.77166666667
103,215481000,2026-04-12T21:21:38,2026-04-13T00:21:56,2026-04-13T00:22:43,GIGIB,97.6213888889,100.639444444,0.0130555555556,55,1.02972222222
104,215481000,2026-04-12T22:21:23,2026-04-13T00:21:56,2026-04-13T00:22:43,GIGIB,97.6213888889,99.6436111111,0.0130555555556,114,2.02555555556
105,215481000,2026-04-12T23:21:09,2026-04-13T00:21:56,2026-04-13T00:22:43,GIGIB,97.6213888889,98.6475,0.0130555555556,173,3.02166666667
106,215481000,2026-04-13T00:21:56,2026-04-13T00:21:56,2026-04-13T00:22:43,GIGIB,97.6213888889,97.6344444444,0.0130555555556,233,4.03472222222
107,215498000,2026-04-15T12:43:44,2026-04-16T12:43:53,2026-04-16T15:38:35,ITSPA,-117.643055556,-90.7288888889,2.91166666667,355,5.98722222222
108,215498000,2026-04-15T13:43:38,2026-04-16T12:43:53,2026-04-16T15:38:35,ITSPA,-117.643055556,-91.7272222222,2.91166666667,355,5.98777777778
109,215498000,2026-04-15T14:43:33,2026-04-16T12:43:53,2026-04-16T15:38:35,ITSPA,-117.643055556,-92.7258333333,2.91166666667,355,5.98888888889
110,215498000,2026-04-15T15:43:39,2026-04-16T12:43:53,2026-04-16T15:38:35,ITSPA,-117.643055556,-93.7275,2.91166666667,355,5.99277777778
111,215498000,2026-04-15T16:43:33,2026-04-16T12:43:53,2026-04-16T15:38:35,ITSPA,-117.643055556,-94.7258333333,2.91166666667,355,5.99277777778
112,215498000,2026-04-15T17:43:23,2026-04-16T12:43:53,2026-04-16T15:38:35,ITSPA,-117.643055556,-95.7230555556,2.91166666667,354,5.975
113,215498000,2026-04-15T18:43:08,2026-04-16T12:43:53,2026-04-16T15:38:35,ITSPA,-117.643055556,-96.7188888889,2.91166666667,354,5.97305555556
114,215498000,2026-04-15T19:43:51,2026-04-16T12:43:53,2026-04-16T15:38:35,ITSPA,-117.643055556,-97.7308333333,2.91166666667,355,5.98666666667
115,215498000,2026-04-15T20:43:36,2026-04-16T12:43:53,2026-04-16T15:38:35,ITSPA,-117.643055556,-98.7266666667,2.91166666667,355,5.98388888889
116,215498000,2026-04-15T21:43:24,2026-04-16T12:43:53,2026-04-16T15:38:35,ITSPA,-117.643055556,-99.7233333333,2.91166666667,355,5.97888888889
117,215498000,2026-04-15T22:43:12,2026-04-16T12:43:53,2026-04-16T15:38:35,ITSPA,-117.643055556,-100.72,2.91166666667,355,5.97722222222
118,215498000,2026-04-15T23:43:02,2026-04-16T12:43:53,2026-04-16T15:38:35,ITSPA,-117.643055556,-101.717222222,2.91166666667,355,5.97722222222
119,215498000,2026-04-16T00:43:53,2026-04-16T12:43:53,2026-04-16T15:38:35,ITSPA,-117.643055556,-102.731388889,2.91166666667,356,5.99555555556
120,215498000,2026-04-16T01:43:43,2026-04-16T12:43:53,2026-04-16T15:38:35,ITSPA,-117.643055556,-103.728611111,2.91166666667,355,5.98083333333
121,215498000,2026-04-16T02:43:33,2026-04-16T12:43:53,2026-04-16T15:38:35,ITSPA,-117.643055556,-104.725833333,2.91166666667,355,5.98222222222
122,215498000,2026-04-16T03:43:22,2026-04-16T12:43:53,2026-04-16T15:38:35,ITSPA,-117.643055556,-105.722777778,2.91166666667,355,5.98277777778
123,215498000,2026-04-16T04:43:12,2026-04-16T12:43:53,2026-04-16T15:38:35,ITSPA,-117.643055556,-106.72,2.91166666667,355,5.98305555556
124,215498000,2026-04-16T05:43:04,2026-04-16T12:43:53,2026-04-16T15:38:35,ITSPA,-117.643055556,-107.717777778,2.91166666667,355,5.98361111111
125,215498000,2026-04-16T06:42:56,2026-04-16T12:43:53,2026-04-16T15:38:35,ITSPA,-117.643055556,-108.715555556,2.91166666667,355,5.98416666667
126,215498000,2026-04-16T07:43:49,2026-04-16T12:43:53,2026-04-16T15:38:35,ITSPA,-117.643055556,-109.730277778,2.91166666667,355,5.98472222222
127,215498000,2026-04-16T08:43:18,2026-04-16T12:43:53,2026-04-16T15:38:35,ITSPA,-117.643055556,-110.721666667,2.91166666667,354,5.97888888889
128,215498000,2026-04-16T09:43:10,2026-04-16T12:43:53,2026-04-16T15:38:35,ITSPA,-117.643055556,-111.719444444,2.91166666667,354,5.97972222222
129,215498000,2026-04-16T10:43:03,2026-04-16T12:43:53,2026-04-16T15:38:35,ITSPA,-117.643055556,-112.7175,2.91166666667,354,5.98055555556
130,215498000,2026-04-16T11:42:58,2026-04-16T12:43:53,2026-04-16T15:38:35,ITSPA,-117.643055556,-113.716111111,2.91166666667,354,5.98166666667
131,215498000,2026-04-16T12:43:53,2026-04-16T12:43:53,2026-04-16T15:38:35,ITSPA,-117.643055556,-114.731388889,2.91166666667,355,5.99888888889
132,215826000,2026-04-03T15:57:59,2026-04-03T20:07:10,2026-04-03T20:07:20,TRDER,70.8777777778,75.0336111111,0.00277777777778,28,0.574444444444
133,215826000,2026-04-03T17:06:53,2026-04-03T20:07:10,2026-04-03T20:07:20,TRDER,70.8777777778,73.8852777778,0.00277777777778,51,1.72277777778
134,215826000,2026-04-03T17:27:09,2026-04-03T20:07:10,2026-04-03T20:07:20,TRDER,70.8777777778,73.5475,0.00277777777778,61,2.06055555556
135,215826000,2026-04-03T19:06:24,2026-04-03T20:07:10,2026-04-03T20:07:20,TRDER,70.8777777778,71.8933333333,0.00277777777778,115,3.71472222222
136,215826000,2026-04-03T20:07:10,2026-04-03T20:07:10,2026-04-03T20:07:20,TRDER,70.8777777778,70.8805555556,0.00277777777778,173,4.7275
137,215867000,2026-04-09T00:59:17,2026-04-10T00:59:38,2026-04-10T01:00:32,ESVLC,61.9911111111,86.0119444444,0.015,89,1.58888888889
138,215867000,2026-04-09T01:47:58,2026-04-10T00:59:38,2026-04-10T01:00:32,ESVLC,61.9911111111,85.2005555556,0.015,137,2.40027777778
139,215867000,2026-04-09T03:38:23,2026-04-10T00:59:38,2026-04-10T01:00:32,ESVLC,61.9911111111,83.3602777778,0.015,159,4.24055555556
140,215867000,2026-04-09T04:59:26,2026-04-10T00:59:38,2026-04-10T01:00:32,ESVLC,61.9911111111,82.0094444444,0.015,214,5.59138888889
141,215867000,2026-04-09T05:59:17,2026-04-10T00:59:38,2026-04-10T01:00:32,ESVLC,61.9911111111,81.0119444444,0.015,242,5.96361111111
142,215867000,2026-04-09T06:59:10,2026-04-10T00:59:38,2026-04-10T01:00:32,ESVLC,61.9911111111,80.0138888889,0.015,243,5.98111111111
143,215867000,2026-04-09T07:59:05,2026-04-10T00:59:38,2026-04-10T01:00:32,ESVLC,61.9911111111,79.0152777778,0.015,254,4.69972222222
144,215867000,2026-04-09T08:37:39,2026-04-10T00:59:38,2026-04-10T01:00:32,ESVLC,61.9911111111,78.3725,0.015,292,5.3425
145,215867000,2026-04-09T20:59:06,2026-04-10T00:59:38,2026-04-10T01:00:32,ESVLC,61.9911111111,66.015,0.015,64,1.13138888889
146,215867000,2026-04-09T21:58:55,2026-04-10T00:59:38,2026-04-10T01:00:32,ESVLC,61.9911111111,65.0180555556,0.015,123,2.12833333333
147,215867000,2026-04-09T22:58:47,2026-04-10T00:59:38,2026-04-10T01:00:32,ESVLC,61.9911111111,64.0202777778,0.015,182,3.12611111111
148,215867000,2026-04-09T23:58:41,2026-04-10T00:59:38,2026-04-10T01:00:32,ESVLC,61.9911111111,63.0219444444,0.015,241,4.12444444444
149,215867000,2026-04-10T00:59:38,2026-04-10T00:59:38,2026-04-10T01:00:32,ESVLC,61.9911111111,62.0061111111,0.015,291,5.14027777778
150,215909000,2026-04-15T00:13:11,2026-04-15T06:14:04,2026-04-15T06:14:06,ITVVA,9.765,15.7802777778,0.000555555555556,46,0.760555555556
151,215909000,2026-04-15T01:14:00,2026-04-15T06:14:04,2026-04-15T06:14:06,ITVVA,9.765,14.7666666667,0.000555555555556,106,1.77416666667
152,215909000,2026-04-15T02:13:48,2026-04-15T06:14:04,2026-04-15T06:14:06,ITVVA,9.765,13.77,0.000555555555556,165,2.77083333333
153,215909000,2026-04-15T03:13:35,2026-04-15T06:14:04,2026-04-15T06:14:06,ITVVA,9.765,12.7736111111,0.000555555555556,224,3.76722222222
154,215909000,2026-04-15T04:13:24,2026-04-15T06:14:04,2026-04-15T06:14:06,ITVVA,9.765,11.7766666667,0.000555555555556,283,4.76416666667
155,215909000,2026-04-15T05:13:14,2026-04-15T06:14:04,2026-04-15T06:14:06,ITVVA,9.765,10.7794444444,0.000555555555556,342,5.76138888889
156,215909000,2026-04-15T06:14:04,2026-04-15T06:14:04,2026-04-15T06:14:06,ITVVA,9.765,9.76555555556,0.000555555555556,356,5.99805555556
157,215958000,2026-04-15T12:43:44,2026-04-16T12:43:53,2026-04-16T13:41:10,ITFCO,27.3138888889,52.2711111111,0.954722222222,355,5.98722222222
158,215958000,2026-04-15T13:43:38,2026-04-16T12:43:53,2026-04-16T13:41:10,ITFCO,27.3138888889,51.2727777778,0.954722222222,355,5.98777777778
159,215958000,2026-04-15T14:43:33,2026-04-16T12:43:53,2026-04-16T13:41:10,ITFCO,27.3138888889,50.2741666667,0.954722222222,355,5.98888888889
160,215958000,2026-04-15T15:43:39,2026-04-16T12:43:53,2026-04-16T13:41:10,ITFCO,27.3138888889,49.2725,0.954722222222,355,5.99277777778
161,215958000,2026-04-15T16:43:33,2026-04-16T12:43:53,2026-04-16T13:41:10,ITFCO,27.3138888889,48.2741666667,0.954722222222,355,5.99277777778
162,215958000,2026-04-15T17:37:18,2026-04-16T12:43:53,2026-04-16T13:41:10,ITFCO,27.3138888889,47.3783333333,0.954722222222,348,5.87361111111
163,215958000,2026-04-15T18:43:08,2026-04-16T12:43:53,2026-04-16T13:41:10,ITFCO,27.3138888889,46.2811111111,0.954722222222,343,5.97305555556
164,215958000,2026-04-15T19:43:51,2026-04-16T12:43:53,2026-04-16T13:41:10,ITFCO,27.3138888889,45.2691666667,0.954722222222,339,5.98666666667
165,215958000,2026-04-15T20:43:36,2026-04-16T12:43:53,2026-04-16T13:41:10,ITFCO,27.3138888889,44.2733333333,0.954722222222,339,5.98388888889
166,215958000,2026-04-15T21:43:24,2026-04-16T12:43:53,2026-04-16T13:41:10,ITFCO,27.3138888889,43.2766666667,0.954722222222,339,5.97888888889
167,215958000,2026-04-15T22:43:12,2026-04-16T12:43:53,2026-04-16T13:41:10,ITFCO,27.3138888889,42.28,0.954722222222,339,5.97722222222
168,215958000,2026-04-15T23:43:02,2026-04-16T12:43:53,2026-04-16T13:41:10,ITFCO,27.3138888889,41.2827777778,0.954722222222,345,5.89305555556
169,215958000,2026-04-16T00:43:53,2026-04-16T12:43:53,2026-04-16T13:41:10,ITFCO,27.3138888889,40.2686111111,0.954722222222,351,5.99555555556
170,215958000,2026-04-16T01:43:43,2026-04-16T12:43:53,2026-04-16T13:41:10,ITFCO,27.3138888889,39.2713888889,0.954722222222,355,5.98083333333
171,215958000,2026-04-16T02:43:33,2026-04-16T12:43:53,2026-04-16T13:41:10,ITFCO,27.3138888889,38.2741666667,0.954722222222,355,5.98222222222
172,215958000,2026-04-16T03:43:22,2026-04-16T12:43:53,2026-04-16T13:41:10,ITFCO,27.3138888889,37.2772222222,0.954722222222,355,5.98277777778
173,215958000,2026-04-16T04:43:12,2026-04-16T12:43:53,2026-04-16T13:41:10,ITFCO,27.3138888889,36.28,0.954722222222,355,5.98305555556
174,215958000,2026-04-16T05:43:04,2026-04-16T12:43:53,2026-04-16T13:41:10,ITFCO,27.3138888889,35.2822222222,0.954722222222,355,5.98361111111
175,215958000,2026-04-16T06:42:56,2026-04-16T12:43:53,2026-04-16T13:41:10,ITFCO,27.3138888889,34.2844444444,0.954722222222,355,5.98416666667
176,215958000,2026-04-16T07:43:49,2026-04-16T12:43:53,2026-04-16T13:41:10,ITFCO,27.3138888889,33.2697222222,0.954722222222,355,5.98472222222
177,215958000,2026-04-16T08:43:18,2026-04-16T12:43:53,2026-04-16T13:41:10,ITFCO,27.3138888889,32.2783333333,0.954722222222,354,5.97888888889
178,215958000,2026-04-16T09:43:10,2026-04-16T12:43:53,2026-04-16T13:41:10,ITFCO,27.3138888889,31.2805555556,0.954722222222,354,5.97972222222
179,215958000,2026-04-16T10:43:03,2026-04-16T12:43:53,2026-04-16T13:41:10,ITFCO,27.3138888889,30.2825,0.954722222222,354,5.98055555556
180,215958000,2026-04-16T11:42:58,2026-04-16T12:43:53,2026-04-16T13:41:10,ITFCO,27.3138888889,29.2838888889,0.954722222222,354,5.98166666667
181,215958000,2026-04-16T12:43:53,2026-04-16T12:43:53,2026-04-16T13:41:10,ITFCO,27.3138888889,28.2686111111,0.954722222222,355,5.99888888889
182,215993000,2026-04-08T14:53:35,2026-04-08T19:54:05,2026-04-08T19:54:56,ITMNP,22.0844444444,27.1069444444,0.0141666666667,41,0.678333333333
183,215993000,2026-04-08T15:53:39,2026-04-08T19:54:05,2026-04-08T19:54:56,ITMNP,22.0844444444,26.1058333333,0.0141666666667,100,1.67944444444
184,215993000,2026-04-08T16:52:39,2026-04-08T19:54:05,2026-04-08T19:54:56,ITMNP,22.0844444444,25.1225,0.0141666666667,153,2.66277777778
185,215993000,2026-04-08T17:53:33,2026-04-08T19:54:05,2026-04-08T19:54:56,ITMNP,22.0844444444,24.1075,0.0141666666667,196,3.67777777778
186,215993000,2026-04-08T18:53:19,2026-04-08T19:54:05,2026-04-08T19:54:56,ITMNP,22.0844444444,23.1113888889,0.0141666666667,255,4.67388888889
187,215993000,2026-04-08T19:54:05,2026-04-08T19:54:05,2026-04-08T19:54:56,ITMNP,22.0844444444,22.0986111111,0.0141666666667,315,5.68666666667
188,219028212,2026-04-11T17:16:33,2026-04-12T11:17:17,2026-04-12T11:18:12,ROMID,78.6966666667,96.7241666667,0.0152777777778,42,0.695833333333
189,219028212,2026-04-11T18:01:20,2026-04-12T11:17:17,2026-04-12T11:18:12,ROMID,78.6966666667,95.9777777778,0.0152777777778,75,1.44222222222
190,219028212,2026-04-11T19:16:35,2026-04-12T11:17:17,2026-04-12T11:18:12,ROMID,78.6966666667,94.7236111111,0.0152777777778,103,2.69638888889
191,219028212,2026-04-11T20:16:41,2026-04-12T11:17:17,2026-04-12T11:18:12,ROMID,78.6966666667,93.7219444444,0.0152777777778,162,3.69805555556
192,219028212,2026-04-11T21:16:54,2026-04-12T11:17:17,2026-04-12T11:18:12,ROMID,78.6966666667,92.7183333333,0.0152777777778,221,4.70166666667
193,219028212,2026-04-11T22:17:09,2026-04-12T11:17:17,2026-04-12T11:18:12,ROMID,78.6966666667,91.7141666667,0.0152777777778,280,5.70583333333
194,219028212,2026-04-11T23:17:16,2026-04-12T11:17:17,2026-04-12T11:18:12,ROMID,78.6966666667,90.7122222222,0.0152777777778,297,5.995
195,219028212,2026-04-12T00:07:12,2026-04-12T11:17:17,2026-04-12T11:18:12,ROMID,78.6966666667,89.88,0.0152777777778,313,5.48777777778
196,219028212,2026-04-12T03:16:25,2026-04-12T11:17:17,2026-04-12T11:18:12,ROMID,78.6966666667,86.7263888889,0.0152777777778,189,5.975
197,219028212,2026-04-12T04:16:35,2026-04-12T11:17:17,2026-04-12T11:18:12,ROMID,78.6966666667,85.7236111111,0.0152777777778,189,5.97361111111
198,219028212,2026-04-12T05:16:51,2026-04-12T11:17:17,2026-04-12T11:18:12,ROMID,78.6966666667,84.7191666667,0.0152777777778,189,5.97611111111
199,219028212,2026-04-12T06:17:12,2026-04-12T11:17:17,2026-04-12T11:18:12,ROMID,78.6966666667,83.7133333333,0.0152777777778,199,3.36972222222
200,219028212,2026-04-12T07:16:34,2026-04-12T11:17:17,2026-04-12T11:18:12,ROMID,78.6966666667,82.7238888889,0.0152777777778,257,4.35916666667
201,219028212,2026-04-12T08:17:02,2026-04-12T11:17:17,2026-04-12T11:18:12,ROMID,78.6966666667,81.7161111111,0.0152777777778,301,5.36694444444
202,219028212,2026-04-12T09:16:31,2026-04-12T11:17:17,2026-04-12T11:18:12,ROMID,78.6966666667,80.7247222222,0.0152777777778,337,5.98472222222
203,219028212,2026-04-12T10:16:56,2026-04-12T11:17:17,2026-04-12T11:18:12,ROMID,78.6966666667,79.7177777778,0.0152777777778,337,5.98888888889
204,219028212,2026-04-12T11:17:17,2026-04-12T11:17:17,2026-04-12T11:18:12,ROMID,78.6966666667,78.7119444444,0.0152777777778,337,5.99027777778
205,219031822,2026-04-09T20:42:53,2026-04-10T20:43:35,2026-04-10T20:43:58,NON_SPECIFIC,9.26722222222,33.2852777778,0.00638888888889,355,5.98083333333
206,219031822,2026-04-09T21:42:41,2026-04-10T20:43:35,2026-04-10T20:43:58,NON_SPECIFIC,9.26722222222,32.2886111111,0.00638888888889,355,5.97944444444
207,219031822,2026-04-09T22:43:34,2026-04-10T20:43:35,2026-04-10T20:43:58,NON_SPECIFIC,9.26722222222,31.2738888889,0.00638888888889,356,5.99611111111
208,219031822,2026-04-09T23:43:27,2026-04-10T20:43:35,2026-04-10T20:43:58,NON_SPECIFIC,9.26722222222,30.2758333333,0.00638888888889,356,5.99666666667
209,219031822,2026-04-10T00:43:23,2026-04-10T20:43:35,2026-04-10T20:43:58,NON_SPECIFIC,9.26722222222,29.2769444444,0.00638888888889,355,5.98305555556
210,219031822,2026-04-10T01:43:19,2026-04-10T20:43:35,2026-04-10T20:43:58,NON_SPECIFIC,9.26722222222,28.2780555556,0.00638888888889,355,5.98638888889
211,219031822,2026-04-10T02:43:22,2026-04-10T20:43:35,2026-04-10T20:43:58,NON_SPECIFIC,9.26722222222,27.2772222222,0.00638888888889,355,5.99111111111
212,219031822,2026-04-10T03:43:25,2026-04-10T20:43:35,2026-04-10T20:43:58,NON_SPECIFIC,9.26722222222,26.2763888889,0.00638888888889,355,5.99527777778
213,219031822,2026-04-10T04:43:25,2026-04-10T20:43:35,2026-04-10T20:43:58,NON_SPECIFIC,9.26722222222,25.2763888889,0.00638888888889,354,5.98083333333
214,219031822,2026-04-10T05:43:26,2026-04-10T20:43:35,2026-04-10T20:43:58,NON_SPECIFIC,9.26722222222,24.2761111111,0.00638888888889,354,5.98277777778
215,219031822,2026-04-10T06:43:26,2026-04-10T20:43:35,2026-04-10T20:43:58,NON_SPECIFIC,9.26722222222,23.2761111111,0.00638888888889,354,5.98388888889
216,219031822,2026-04-10T07:43:29,2026-04-10T20:43:35,2026-04-10T20:43:58,NON_SPECIFIC,9.26722222222,22.2752777778,0.00638888888889,354,5.98583333333
217,219031822,2026-04-10T08:43:32,2026-04-10T20:43:35,2026-04-10T20:43:58,NON_SPECIFIC,9.26722222222,21.2744444444,0.00638888888889,354,5.98583333333
218,219031822,2026-04-10T09:43:34,2026-04-10T20:43:35,2026-04-10T20:43:58,NON_SPECIFIC,9.26722222222,20.2738888889,0.00638888888889,354,5.98555555556
219,219031822,2026-04-10T10:43:34,2026-04-10T20:43:35,2026-04-10T20:43:58,NON_SPECIFIC,9.26722222222,19.2738888889,0.00638888888889,354,5.98555555556
220,219031822,2026-04-10T11:43:28,2026-04-10T20:43:35,2026-04-10T20:43:58,NON_SPECIFIC,9.26722222222,18.2755555556,0.00638888888889,354,5.98361111111
221,219031822,2026-04-10T12:43:22,2026-04-10T20:43:35,2026-04-10T20:43:58,NON_SPECIFIC,9.26722222222,17.2772222222,0.00638888888889,354,5.98194444444
222,219031822,2026-04-10T13:43:21,2026-04-10T20:43:35,2026-04-10T20:43:58,NON_SPECIFIC,9.26722222222,16.2775,0.00638888888889,354,5.98083333333
223,219031822,2026-04-10T14:43:23,2026-04-10T20:43:35,2026-04-10T20:43:58,NON_SPECIFIC,9.26722222222,15.2769444444,0.00638888888889,354,5.98055555556
224,219031822,2026-04-10T15:43:27,2026-04-10T20:43:35,2026-04-10T20:43:58,NON_SPECIFIC,9.26722222222,14.2758333333,0.00638888888889,354,5.98111111111
225,219031822,2026-04-10T16:43:35,2026-04-10T20:43:35,2026-04-10T20:43:58,NON_SPECIFIC,9.26722222222,13.2736111111,0.00638888888889,354,5.98333333333
226,219031822,2026-04-10T17:42:39,2026-04-10T20:43:35,2026-04-10T20:43:58,NON_SPECIFIC,9.26722222222,12.2891666667,0.00638888888889,353,5.96944444444
227,219031822,2026-04-10T18:42:39,2026-04-10T20:43:35,2026-04-10T20:43:58,NON_SPECIFIC,9.26722222222,11.2891666667,0.00638888888889,353,5.97111111111
228,219031822,2026-04-10T19:42:35,2026-04-10T20:43:35,2026-04-10T20:43:58,NON_SPECIFIC,9.26722222222,10.2902777778,0.00638888888889,353,5.97027777778
229,219031822,2026-04-10T20:43:35,2026-04-10T20:43:35,2026-04-10T20:43:58,NON_SPECIFIC,9.26722222222,9.27361111111,0.00638888888889,354,5.98638888889
230,219110000,2026-04-10T18:54:50,2026-04-11T09:55:46,2026-04-11T09:56:38,GBTBY,175.056111111,190.086111111,0.0144444444444,12,2.39138888889
231,219110000,2026-04-10T19:03:59,2026-04-11T09:55:46,2026-04-11T09:56:38,GBTBY,175.056111111,189.933611111,0.0144444444444,21,2.54388888889
232,219110000,2026-04-10T21:55:45,2026-04-11T09:55:46,2026-04-11T09:56:38,GBTBY,175.056111111,187.070833333,0.0144444444444,44,5.40666666667
233,219110000,2026-04-10T22:55:42,2026-04-11T09:55:46,2026-04-11T09:56:38,GBTBY,175.056111111,186.071666667,0.0144444444444,77,4.03111111111
234,219110000,2026-04-10T23:33:18,2026-04-11T09:55:46,2026-04-11T09:56:38,GBTBY,175.056111111,185.445,0.0144444444444,114,4.65777777778
235,219110000,2026-04-11T05:54:59,2026-04-11T09:55:46,2026-04-11T09:56:38,GBTBY,175.056111111,179.083611111,0.0144444444444,39,0.643611111111
236,219110000,2026-04-11T06:54:59,2026-04-11T09:55:46,2026-04-11T09:56:38,GBTBY,175.056111111,178.083611111,0.0144444444444,98,1.64361111111
237,219110000,2026-04-11T07:54:56,2026-04-11T09:55:46,2026-04-11T09:56:38,GBTBY,175.056111111,177.084444444,0.0144444444444,157,2.64277777778
238,219110000,2026-04-11T08:54:51,2026-04-11T09:55:46,2026-04-11T09:56:38,GBTBY,175.056111111,176.085833333,0.0144444444444,216,3.64138888889
239,219110000,2026-04-11T09:55:46,2026-04-11T09:55:46,2026-04-11T09:56:38,GBTBY,175.056111111,175.070555556,0.0144444444444,276,4.65666666667
240,219133000,2026-04-13T11:16:00,2026-04-13T15:16:49,2026-04-13T15:17:09,ILHFA,58.2141666667,62.2333333333,0.00555555555556,35,0.575
241,219133000,2026-04-13T12:15:53,2026-04-13T15:16:49,2026-04-13T15:17:09,ILHFA,58.2141666667,61.2352777778,0.00555555555556,88,1.57305555556
242,219133000,2026-04-13T13:15:49,2026-04-13T15:16:49,2026-04-13T15:17:09,ILHFA,58.2141666667,60.2363888889,0.00555555555556,147,2.57194444444
243,219133000,2026-04-13T14:15:51,2026-04-13T15:16:49,2026-04-13T15:17:09,ILHFA,58.2141666667,59.2358333333,0.00555555555556,206,3.5725
244,219133000,2026-04-13T15:16:49,2026-04-13T15:16:49,2026-04-13T15:17:09,ILHFA,58.2141666667,58.2197222222,0.00555555555556,266,4.58861111111
245,219210000,2026-04-10T00:33:13,2026-04-10T05:33:16,2026-04-10T05:33:31,SGSIN,692.941388889,697.946388889,0.00416666666667,37,0.609444444444
246,219210000,2026-04-10T01:33:09,2026-04-10T05:33:16,2026-04-10T05:33:31,SGSIN,692.941388889,696.9475,0.00416666666667,96,1.60833333333
247,219210000,2026-04-10T02:33:11,2026-04-10T05:33:16,2026-04-10T05:33:31,SGSIN,692.941388889,695.946944444,0.00416666666667,155,2.60888888889
248,219210000,2026-04-10T03:33:15,2026-04-10T05:33:16,2026-04-10T05:33:31,SGSIN,692.941388889,694.945833333,0.00416666666667,214,3.61
249,219210000,2026-04-10T04:33:15,2026-04-10T05:33:16,2026-04-10T05:33:31,SGSIN,692.941388889,693.945833333,0.00416666666667,273,4.61
250,219210000,2026-04-10T05:33:16,2026-04-10T05:33:16,2026-04-10T05:33:31,SGSIN,692.941388889,692.945555556,0.00416666666667,332,5.61027777778
251,219303000,2026-04-04T14:12:24,2026-04-04T14:12:24,2026-04-04T14:13:15,ITMLZ,1.77916666667,1.79333333333,0.0141666666667,70,1.16555555556
252,219432000,2026-04-15T12:43:44,2026-04-16T12:43:53,2026-04-16T15:38:37,ITAUG,-79.6436111111,-52.7288888889,2.91222222222,355,5.98722222222
253,219432000,2026-04-15T13:43:38,2026-04-16T12:43:53,2026-04-16T15:38:37,ITAUG,-79.6436111111,-53.7272222222,2.91222222222,355,5.98777777778
254,219432000,2026-04-15T14:43:33,2026-04-16T12:43:53,2026-04-16T15:38:37,ITAUG,-79.6436111111,-54.7258333333,2.91222222222,355,5.98888888889
255,219432000,2026-04-15T15:43:39,2026-04-16T12:43:53,2026-04-16T15:38:37,ITAUG,-79.6436111111,-55.7275,2.91222222222,355,5.99277777778
256,219432000,2026-04-15T16:43:33,2026-04-16T12:43:53,2026-04-16T15:38:37,ITAUG,-79.6436111111,-56.7258333333,2.91222222222,355,5.99277777778
257,219432000,2026-04-15T17:43:23,2026-04-16T12:43:53,2026-04-16T15:38:37,ITAUG,-79.6436111111,-57.7230555556,2.91222222222,354,5.975
258,219432000,2026-04-15T18:43:08,2026-04-16T12:43:53,2026-04-16T15:38:37,ITAUG,-79.6436111111,-58.7188888889,2.91222222222,354,5.97305555556
259,219432000,2026-04-15T19:43:51,2026-04-16T12:43:53,2026-04-16T15:38:37,ITAUG,-79.6436111111,-59.7308333333,2.91222222222,355,5.98666666667
260,219432000,2026-04-15T20:43:36,2026-04-16T12:43:53,2026-04-16T15:38:37,ITAUG,-79.6436111111,-60.7266666667,2.91222222222,355,5.98388888889
261,219432000,2026-04-15T21:43:24,2026-04-16T12:43:53,2026-04-16T15:38:37,ITAUG,-79.6436111111,-61.7233333333,2.91222222222,355,5.97888888889
262,219432000,2026-04-15T22:43:12,2026-04-16T12:43:53,2026-04-16T15:38:37,ITAUG,-79.6436111111,-62.72,2.91222222222,355,5.97722222222
263,219432000,2026-04-15T23:43:02,2026-04-16T12:43:53,2026-04-16T15:38:37,ITAUG,-79.6436111111,-63.7172222222,2.91222222222,355,5.97722222222
264,219432000,2026-04-16T00:43:53,2026-04-16T12:43:53,2026-04-16T15:38:37,ITAUG,-79.6436111111,-64.7313888889,2.91222222222,356,5.99555555556
265,219432000,2026-04-16T01:43:43,2026-04-16T12:43:53,2026-04-16T15:38:37,ITAUG,-79.6436111111,-65.7286111111,2.91222222222,355,5.98083333333
266,219432000,2026-04-16T02:43:33,2026-04-16T12:43:53,2026-04-16T15:38:37,ITAUG,-79.6436111111,-66.7258333333,2.91222222222,355,5.98222222222
267,219432000,2026-04-16T03:43:22,2026-04-16T12:43:53,2026-04-16T15:38:37,ITAUG,-79.6436111111,-67.7227777778,2.91222222222,355,5.98277777778
268,219432000,2026-04-16T04:43:12,2026-04-16T12:43:53,2026-04-16T15:38:37,ITAUG,-79.6436111111,-68.72,2.91222222222,355,5.98305555556
269,219432000,2026-04-16T05:43:04,2026-04-16T12:43:53,2026-04-16T15:38:37,ITAUG,-79.6436111111,-69.7177777778,2.91222222222,355,5.98361111111
270,219432000,2026-04-16T06:42:56,2026-04-16T12:43:53,2026-04-16T15:38:37,ITAUG,-79.6436111111,-70.7155555556,2.91222222222,355,5.98416666667
271,219432000,2026-04-16T07:43:49,2026-04-16T12:43:53,2026-04-16T15:38:37,ITAUG,-79.6436111111,-71.7302777778,2.91222222222,355,5.98472222222
272,219432000,2026-04-16T08:43:18,2026-04-16T12:43:53,2026-04-16T15:38:37,ITAUG,-79.6436111111,-72.7216666667,2.91222222222,354,5.97888888889
273,219432000,2026-04-16T09:43:10,2026-04-16T12:43:53,2026-04-16T15:38:37,ITAUG,-79.6436111111,-73.7194444444,2.91222222222,354,5.97972222222
274,219432000,2026-04-16T10:43:03,2026-04-16T12:43:53,2026-04-16T15:38:37,ITAUG,-79.6436111111,-74.7175,2.91222222222,354,5.98055555556
275,219432000,2026-04-16T11:42:58,2026-04-16T12:43:53,2026-04-16T15:38:37,ITAUG,-79.6436111111,-75.7161111111,2.91222222222,354,5.98166666667
276,219432000,2026-04-16T12:43:53,2026-04-16T12:43:53,2026-04-16T15:38:37,ITAUG,-79.6436111111,-76.7313888889,2.91222222222,355,5.99888888889
277,219550000,2026-04-08T13:17:57,2026-04-08T16:18:04,2026-04-08T16:18:15,AMBIGUOUS:MALTA,6.19583333333,9.20083333333,0.00305555555556,23,0.373055555556
278,219550000,2026-04-08T14:17:58,2026-04-08T16:18:04,2026-04-08T16:18:15,AMBIGUOUS:MALTA,6.19583333333,8.20055555556,0.00305555555556,82,1.37333333333
279,219550000,2026-04-08T15:18:01,2026-04-08T16:18:04,2026-04-08T16:18:15,AMBIGUOUS:MALTA,6.19583333333,7.19972222222,0.00305555555556,141,2.37416666667
280,219550000,2026-04-08T16:18:04,2026-04-08T16:18:04,2026-04-08T16:18:15,AMBIGUOUS:MALTA,6.19583333333,6.19888888889,0.00305555555556,200,3.375
281,219608000,2026-04-10T00:45:25,2026-04-10T06:45:28,2026-04-10T06:45:55,EGPSD,41.2513888889,47.2597222222,0.0075,52,0.863611111111
282,219608000,2026-04-10T01:45:21,2026-04-10T06:45:28,2026-04-10T06:45:55,EGPSD,41.2513888889,46.2608333333,0.0075,111,1.8625
283,219608000,2026-04-10T02:45:24,2026-04-10T06:45:28,2026-04-10T06:45:55,EGPSD,41.2513888889,45.26,0.0075,170,2.86333333333
284,219608000,2026-04-10T03:45:27,2026-04-10T06:45:28,2026-04-10T06:45:55,EGPSD,41.2513888889,44.2591666667,0.0075,229,3.86416666667
285,219608000,2026-04-10T03:48:30,2026-04-10T06:45:28,2026-04-10T06:45:55,EGPSD,41.2513888889,44.2083333333,0.0075,232,3.915
286,219608000,2026-04-10T05:45:28,2026-04-10T06:45:28,2026-04-10T06:45:55,EGPSD,41.2513888889,42.2588888889,0.0075,265,5.86444444444
287,219608000,2026-04-10T06:45:28,2026-04-10T06:45:28,2026-04-10T06:45:55,EGPSD,41.2513888889,41.2588888889,0.0075,272,5.98416666667
288,228481700,2026-04-10T18:19:17,2026-04-11T07:28:31,2026-04-11T07:29:11,ESALG,57.5136111111,70.6786111111,0.0111111111111,20,1.81583333333
289,228481700,2026-04-10T21:54:44,2026-04-11T07:28:31,2026-04-11T07:29:11,ESALG,57.5136111111,67.0877777778,0.0111111111111,39,5.40666666667
290,228481700,2026-04-10T23:22:08,2026-04-11T07:28:31,2026-04-11T07:29:11,ESALG,57.5136111111,65.6311111111,0.0111111111111,53,5.2
291,228481700,2026-04-11T00:28:08,2026-04-11T07:28:31,2026-04-11T07:29:11,ESALG,57.5136111111,64.5311111111,0.0111111111111,49,2.86166666667
292,228481700,2026-04-11T01:28:00,2026-04-11T07:28:31,2026-04-11T07:29:11,ESALG,57.5136111111,63.5333333333,0.0111111111111,108,3.85944444444
293,228481700,2026-04-11T02:27:52,2026-04-11T07:28:31,2026-04-11T07:29:11,ESALG,57.5136111111,62.5355555556,0.0111111111111,167,4.85722222222
294,228481700,2026-04-11T03:27:43,2026-04-11T07:28:31,2026-04-11T07:29:11,ESALG,57.5136111111,61.5380555556,0.0111111111111,193,5.85472222222
295,228481700,2026-04-11T04:27:36,2026-04-11T07:28:31,2026-04-11T07:29:11,ESALG,57.5136111111,60.54,0.0111111111111,215,5.48083333333
296,228481700,2026-04-11T05:27:32,2026-04-11T07:28:31,2026-04-11T07:29:11,ESALG,57.5136111111,59.5411111111,0.0111111111111,250,5.07472222222
297,228481700,2026-04-11T06:27:32,2026-04-11T07:28:31,2026-04-11T07:29:11,ESALG,57.5136111111,58.5411111111,0.0111111111111,303,5.97305555556
298,228481700,2026-04-11T07:28:31,2026-04-11T07:28:31,2026-04-11T07:29:11,ESALG,57.5136111111,57.5247222222,0.0111111111111,304,5.99166666667
299,229331000,2026-04-11T14:26:28,2026-04-12T02:26:32,2026-04-12T02:26:39,MTMLA,1.55583333333,13.5588888889,0.00194444444444,38,0.627222222222
300,229331000,2026-04-11T15:25:32,2026-04-12T02:26:32,2026-04-12T02:26:39,MTMLA,1.55583333333,12.5744444444,0.00194444444444,96,1.61166666667
301,229331000,2026-04-11T16:25:38,2026-04-12T02:26:32,2026-04-12T02:26:39,MTMLA,1.55583333333,11.5727777778,0.00194444444444,155,2.61333333333
302,229331000,2026-04-11T17:16:33,2026-04-12T02:26:32,2026-04-12T02:26:39,MTMLA,1.55583333333,10.7241666667,0.00194444444444,205,3.46194444444
303,229331000,2026-04-11T19:25:45,2026-04-12T02:26:32,2026-04-12T02:26:39,MTMLA,1.55583333333,8.57083333333,0.00194444444444,215,5.61527777778
304,229331000,2026-04-11T20:25:52,2026-04-12T02:26:32,2026-04-12T02:26:39,MTMLA,1.55583333333,7.56888888889,0.00194444444444,236,5.97305555556
305,229331000,2026-04-11T21:26:05,2026-04-12T02:26:32,2026-04-12T02:26:39,MTMLA,1.55583333333,6.56527777778,0.00194444444444,237,5.99222222222
306,229331000,2026-04-11T22:26:19,2026-04-12T02:26:32,2026-04-12T02:26:39,MTMLA,1.55583333333,5.56138888889,0.00194444444444,237,5.99444444444
307,229331000,2026-04-11T23:26:27,2026-04-12T02:26:32,2026-04-12T02:26:39,MTMLA,1.55583333333,4.55916666667,0.00194444444444,246,4.16444444444
308,229331000,2026-04-12T00:25:31,2026-04-12T02:26:32,2026-04-12T02:26:39,MTMLA,1.55583333333,3.57472222222,0.00194444444444,304,5.14888888889
309,229331000,2026-04-12T01:19:26,2026-04-12T02:26:32,2026-04-12T02:26:39,MTMLA,1.55583333333,2.67611111111,0.00194444444444,347,5.87777777778
310,229331000,2026-04-12T02:26:32,2026-04-12T02:26:32,2026-04-12T02:26:39,MTMLA,1.55583333333,1.55777777778,0.00194444444444,346,5.99416666667
311,229370000,2026-04-07T17:25:04,2026-04-08T17:25:10,2026-04-08T17:25:43,EGALY,65.5713888889,89.5822222222,0.00916666666667,285,5.98222222222
312,229370000,2026-04-07T17:37:17,2026-04-08T17:25:10,2026-04-08T17:25:43,EGALY,65.5713888889,89.3786111111,0.00916666666667,288,4.86777777778
313,229370000,2026-04-07T19:24:45,2026-04-08T17:25:10,2026-04-08T17:25:43,EGALY,65.5713888889,87.5875,0.00916666666667,249,5.98027777778
314,229370000,2026-04-07T20:24:37,2026-04-08T17:25:10,2026-04-08T17:25:43,EGALY,65.5713888889,86.5897222222,0.00916666666667,239,5.97611111111
315,229370000,2026-04-07T21:24:26,2026-04-08T17:25:10,2026-04-08T17:25:43,EGALY,65.5713888889,85.5927777778,0.00916666666667,207,5.97166666667
316,229370000,2026-04-07T22:24:11,2026-04-08T17:25:10,2026-04-08T17:25:43,EGALY,65.5713888889,84.5969444444,0.00916666666667,184,5.96777777778
317,229370000,2026-04-07T23:25:08,2026-04-08T17:25:10,2026-04-08T17:25:43,EGALY,65.5713888889,83.5811111111,0.00916666666667,185,5.98388888889
318,229370000,2026-04-08T00:25:04,2026-04-08T17:25:10,2026-04-08T17:25:43,EGALY,65.5713888889,82.5822222222,0.00916666666667,232,5.00527777778
319,229370000,2026-04-08T01:24:59,2026-04-08T17:25:10,2026-04-08T17:25:43,EGALY,65.5713888889,81.5836111111,0.00916666666667,290,5.98694444444
320,229370000,2026-04-08T02:24:58,2026-04-08T17:25:10,2026-04-08T17:25:43,EGALY,65.5713888889,80.5838888889,0.00916666666667,287,5.98916666667
321,229370000,2026-04-08T03:24:55,2026-04-08T17:25:10,2026-04-08T17:25:43,EGALY,65.5713888889,79.5847222222,0.00916666666667,319,5.99111111111
322,229370000,2026-04-08T04:24:50,2026-04-08T17:25:10,2026-04-08T17:25:43,EGALY,65.5713888889,78.5861111111,0.00916666666667,342,5.99388888889
323,229370000,2026-04-08T05:16:36,2026-04-08T17:25:10,2026-04-08T17:25:43,EGALY,65.5713888889,77.7233333333,0.00916666666667,333,5.84083333333
324,229370000,2026-04-08T06:24:35,2026-04-08T17:25:10,2026-04-08T17:25:43,EGALY,65.5713888889,76.5902777778,0.00916666666667,324,5.975
325,229370000,2026-04-08T07:24:30,2026-04-08T17:25:10,2026-04-08T17:25:43,EGALY,65.5713888889,75.5916666667,0.00916666666667,324,5.975
326,229370000,2026-04-08T08:24:25,2026-04-08T17:25:10,2026-04-08T17:25:43,EGALY,65.5713888889,74.5930555556,0.00916666666667,337,5.97388888889
327,229370000,2026-04-08T09:24:24,2026-04-08T17:25:10,2026-04-08T17:25:43,EGALY,65.5713888889,73.5933333333,0.00916666666667,337,5.97444444444
328,229370000,2026-04-08T10:24:19,2026-04-08T17:25:10,2026-04-08T17:25:43,EGALY,65.5713888889,72.5947222222,0.00916666666667,331,5.97444444444
329,229370000,2026-04-08T11:25:08,2026-04-08T17:25:10,2026-04-08T17:25:43,EGALY,65.5713888889,71.5811111111,0.00916666666667,333,5.90611111111
330,229370000,2026-04-08T12:25:04,2026-04-08T17:25:10,2026-04-08T17:25:43,EGALY,65.5713888889,70.5822222222,0.00916666666667,342,5.99111111111
331,229370000,2026-04-08T13:25:04,2026-04-08T17:25:10,2026-04-08T17:25:43,EGALY,65.5713888889,69.5822222222,0.00916666666667,342,5.9925
332,229370000,2026-04-08T14:25:05,2026-04-08T17:25:10,2026-04-08T17:25:43,EGALY,65.5713888889,68.5819444444,0.00916666666667,342,5.99416666667
333,229370000,2026-04-08T15:25:09,2026-04-08T17:25:10,2026-04-08T17:25:43,EGALY,65.5713888889,67.5808333333,0.00916666666667,342,5.99555555556
334,229370000,2026-04-08T16:24:10,2026-04-08T17:25:10,2026-04-08T17:25:43,EGALY,65.5713888889,66.5972222222,0.00916666666667,347,5.98055555556
335,229370000,2026-04-08T17:25:10,2026-04-08T17:25:10,2026-04-08T17:25:43,EGALY,65.5713888889,65.5805555556,0.00916666666667,354,5.98361111111
336,229412000,2026-04-11T11:59:14,2026-04-11T17:59:18,2026-04-11T17:59:23,FRLAV,68.0102777778,74.0127777778,0.00138888888889,25,0.405555555556
337,229412000,2026-04-11T12:59:03,2026-04-11T17:59:18,2026-04-11T17:59:23,FRLAV,68.0102777778,73.0158333333,0.00138888888889,84,1.4025
338,229412000,2026-04-11T13:59:00,2026-04-11T17:59:18,2026-04-11T17:59:23,FRLAV,68.0102777778,72.0166666667,0.00138888888889,143,2.40166666667
339,229412000,2026-04-11T14:59:03,2026-04-11T17:59:18,2026-04-11T17:59:23,FRLAV,68.0102777778,71.0158333333,0.00138888888889,202,3.4025
340,229412000,2026-04-11T15:59:09,2026-04-11T17:59:18,2026-04-11T17:59:23,FRLAV,68.0102777778,70.0141666667,0.00138888888889,261,4.40416666667
341,229412000,2026-04-11T16:59:14,2026-04-11T17:59:18,2026-04-11T17:59:23,FRLAV,68.0102777778,69.0127777778,0.00138888888889,320,5.40555555556
342,229412000,2026-04-11T17:59:18,2026-04-11T17:59:18,2026-04-11T17:59:23,FRLAV,68.0102777778,68.0116666667,0.00138888888889,354,5.98444444444
343,229456000,2026-04-05T07:03:57,2026-04-05T11:04:56,2026-04-05T11:05:53,ESALG,85.9019444444,89.9341666667,0.0158333333333,16,0.253055555556
344,229456000,2026-04-05T08:04:41,2026-04-05T11:04:56,2026-04-05T11:05:53,ESALG,85.9019444444,88.9219444444,0.0158333333333,71,1.26527777778
345,229456000,2026-04-05T09:04:25,2026-04-05T11:04:56,2026-04-05T11:05:53,ESALG,85.9019444444,87.9263888889,0.0158333333333,116,2.26083333333
346,229456000,2026-04-05T10:04:10,2026-04-05T11:04:56,2026-04-05T11:05:53,ESALG,85.9019444444,86.9305555556,0.0158333333333,175,3.25666666667
347,229456000,2026-04-05T11:04:56,2026-04-05T11:04:56,2026-04-05T11:05:53,ESALG,85.9019444444,85.9177777778,0.0158333333333,235,4.26944444444
348,229471000,2026-04-11T00:51:29,2026-04-11T06:51:56,2026-04-11T06:52:01,NON_SPECIFIC,256.149722222,262.158611111,0.00138888888889,59,1.18444444444
349,229471000,2026-04-11T01:47:17,2026-04-11T06:51:56,2026-04-11T06:52:01,NON_SPECIFIC,256.149722222,261.228611111,0.00138888888889,82,2.11444444444
350,229471000,2026-04-11T02:51:12,2026-04-11T06:51:56,2026-04-11T06:52:01,NON_SPECIFIC,256.149722222,260.163333333,0.00138888888889,91,3.17972222222
351,229471000,2026-04-11T03:51:03,2026-04-11T06:51:56,2026-04-11T06:52:01,NON_SPECIFIC,256.149722222,259.165833333,0.00138888888889,150,4.17722222222
352,229471000,2026-04-11T04:50:58,2026-04-11T06:51:56,2026-04-11T06:52:01,NON_SPECIFIC,256.149722222,258.167222222,0.00138888888889,208,5.17583333333
353,229471000,2026-04-11T05:51:55,2026-04-11T06:51:56,2026-04-11T06:52:01,NON_SPECIFIC,256.149722222,257.151388889,0.00138888888889,256,5.98861111111
354,229471000,2026-04-11T06:51:56,2026-04-11T06:51:56,2026-04-11T06:52:01,NON_SPECIFIC,256.149722222,256.151111111,0.00138888888889,268,5.99055555556
355,229548000,2026-04-10T03:42:24,2026-04-10T21:42:32,2026-04-10T21:43:06,ESVLC,-3047.71833333,-3029.70666667,0.00944444444444,27,0.441111111111
356,229548000,2026-04-10T03:46:28,2026-04-10T21:42:32,2026-04-10T21:43:06,ESVLC,-3047.71833333,-3029.77444444,0.00944444444444,31,0.508888888889
357,229548000,2026-04-10T06:30:13,2026-04-10T21:42:32,2026-04-10T21:43:06,ESVLC,-3047.71833333,-3032.50361111,0.00944444444444,44,3.23805555556
358,229548000,2026-04-10T07:42:28,2026-04-10T21:42:32,2026-04-10T21:43:06,ESVLC,-3047.71833333,-3033.70777778,0.00944444444444,54,4.44222222222
359,229548000,2026-04-10T07:47:33,2026-04-10T21:42:32,2026-04-10T21:43:06,ESVLC,-3047.71833333,-3033.7925,0.00944444444444,59,4.52694444444
360,229548000,2026-04-10T14:42:22,2026-04-10T21:42:32,2026-04-10T21:43:06,ESVLC,-3047.71833333,-3040.70611111,0.00944444444444,56,0.932777777778
361,229548000,2026-04-10T15:42:26,2026-04-10T21:42:32,2026-04-10T21:43:06,ESVLC,-3047.71833333,-3041.70722222,0.00944444444444,115,1.93388888889
362,229548000,2026-04-10T16:41:33,2026-04-10T21:42:32,2026-04-10T21:43:06,ESVLC,-3047.71833333,-3042.6925,0.00944444444444,173,2.91916666667
363,229548000,2026-04-10T17:41:38,2026-04-10T21:42:32,2026-04-10T21:43:06,ESVLC,-3047.71833333,-3043.69388889,0.00944444444444,232,3.92055555556
364,229548000,2026-04-10T18:41:38,2026-04-10T21:42:32,2026-04-10T21:43:06,ESVLC,-3047.71833333,-3044.69388889,0.00944444444444,291,4.92055555556
365,229548000,2026-04-10T19:41:34,2026-04-10T21:42:32,2026-04-10T21:43:06,ESVLC,-3047.71833333,-3045.69277778,0.00944444444444,350,5.91944444444
366,229548000,2026-04-10T20:41:33,2026-04-10T21:42:32,2026-04-10T21:43:06,ESVLC,-3047.71833333,-3046.6925,0.00944444444444,353,5.96944444444
367,229548000,2026-04-10T21:42:32,2026-04-10T21:42:32,2026-04-10T21:43:06,ESVLC,-3047.71833333,-3047.70888889,0.00944444444444,354,5.98472222222
368,229648000,2026-04-09T22:46:36,2026-04-10T00:47:26,2026-04-10T00:47:26,TEXT:TANGER MED2,68.2094444444,70.2233333333,0,37,0.608611111111
369,229648000,2026-04-09T23:46:30,2026-04-10T00:47:26,2026-04-10T00:47:26,TEXT:TANGER MED2,68.2094444444,69.225,0,74,1.60694444444
370,229648000,2026-04-10T00:47:26,2026-04-10T00:47:26,2026-04-10T00:47:26,TEXT:TANGER MED2,68.2094444444,68.2094444444,0,134,2.6225
371,230723000,2026-04-08T11:59:39,2026-04-08T19:00:24,2026-04-08T19:01:16,ITMNF,37.9788888889,45.0058333333,0.0144444444444,24,0.541666666667
372,230723000,2026-04-08T12:59:38,2026-04-08T19:00:24,2026-04-08T19:01:16,ITMNF,37.9788888889,44.0061111111,0.0144444444444,83,1.54138888889
373,230723000,2026-04-08T13:59:39,2026-04-08T19:00:24,2026-04-08T19:01:16,ITMNF,37.9788888889,43.0058333333,0.0144444444444,142,2.54166666667
374,230723000,2026-04-08T14:59:42,2026-04-08T19:00:24,2026-04-08T19:01:16,ITMNF,37.9788888889,42.005,0.0144444444444,182,3.5425
375,230723000,2026-04-08T15:59:45,2026-04-08T19:00:24,2026-04-08T19:01:16,ITMNF,37.9788888889,41.0041666667,0.0144444444444,241,4.54333333333
376,230723000,2026-04-08T16:59:46,2026-04-08T19:00:24,2026-04-08T19:01:16,ITMNF,37.9788888889,40.0038888889,0.0144444444444,300,5.54361111111
377,230723000,2026-04-08T17:59:37,2026-04-08T19:00:24,2026-04-08T19:01:16,ITMNF,37.9788888889,39.0063888889,0.0144444444444,335,5.9825
378,230723000,2026-04-08T19:00:24,2026-04-08T19:00:24,2026-04-08T19:01:16,ITMNF,37.9788888889,37.9933333333,0.0144444444444,336,5.99583333333
379,232012490,2026-04-09T21:19:22,2026-04-09T22:20:14,2026-04-09T22:21:06,NLTNZ,205.648333333,206.677222222,0.0144444444444,21,0.557222222222
380,232012490,2026-04-09T22:20:14,2026-04-09T22:20:14,2026-04-09T22:21:06,NLTNZ,205.648333333,205.662777778,0.0144444444444,81,1.57166666667
381,232026551,2026-04-10T20:04:57,2026-04-11T00:05:48,2026-04-11T00:06:16,GRGYT,26.8955555556,30.9175,0.00777777777778,74,1.23611111111
382,232026551,2026-04-10T21:04:56,2026-04-11T00:05:48,2026-04-11T00:06:16,GRGYT,26.8955555556,29.9177777778,0.00777777777778,133,2.23583333333
383,232026551,2026-04-10T22:04:54,2026-04-11T00:05:48,2026-04-11T00:06:16,GRGYT,26.8955555556,28.9183333333,0.00777777777778,192,3.23527777778
384,232026551,2026-04-10T23:04:51,2026-04-11T00:05:48,2026-04-11T00:06:16,GRGYT,26.8955555556,27.9191666667,0.00777777777778,251,4.23444444444
385,232026551,2026-04-11T00:05:48,2026-04-11T00:05:48,2026-04-11T00:06:16,GRGYT,26.8955555556,26.9033333333,0.00777777777778,311,5.25027777778
386,232058998,2026-04-10T07:19:03,2026-04-10T17:22:18,2026-04-10T17:22:47,GIGIB,85.6202777778,95.6825,0.00805555555556,50,5.08694444444
387,232058998,2026-04-10T07:36:22,2026-04-10T17:22:18,2026-04-10T17:22:47,GIGIB,85.6202777778,95.3938888889,0.00805555555556,51,5.22277777778
388,232058998,2026-04-10T13:21:59,2026-04-10T17:22:18,2026-04-10T17:22:47,GIGIB,85.6202777778,89.6336111111,0.00805555555556,52,5.91305555556
389,232058998,2026-04-10T14:22:00,2026-04-10T17:22:18,2026-04-10T17:22:47,GIGIB,85.6202777778,88.6333333333,0.00805555555556,84,1.69472222222
390,232058998,2026-04-10T15:22:04,2026-04-10T17:22:18,2026-04-10T17:22:47,GIGIB,85.6202777778,87.6322222222,0.00805555555556,125,2.69583333333
391,232058998,2026-04-10T16:22:10,2026-04-10T17:22:18,2026-04-10T17:22:47,GIGIB,85.6202777778,86.6305555556,0.00805555555556,167,3.6975
392,232058998,2026-04-10T17:22:18,2026-04-10T17:22:18,2026-04-10T17:22:47,GIGIB,85.6202777778,85.6283333333,0.00805555555556,226,4.69972222222
393,232061535,2026-04-11T17:05:21,2026-04-12T07:06:19,2026-04-12T07:07:18,MTMLA,4.87833333333,18.9108333333,0.0163888888889,31,0.509166666667
394,232061535,2026-04-11T18:05:24,2026-04-12T07:06:19,2026-04-12T07:07:18,MTMLA,4.87833333333,17.91,0.0163888888889,90,1.51
395,232061535,2026-04-11T19:05:24,2026-04-12T07:06:19,2026-04-12T07:07:18,MTMLA,4.87833333333,16.91,0.0163888888889,149,2.51
396,232061535,2026-04-11T20:05:28,2026-04-12T07:06:19,2026-04-12T07:07:18,MTMLA,4.87833333333,15.9088888889,0.0163888888889,203,3.51111111111
397,232061535,2026-04-11T21:05:40,2026-04-12T07:06:19,2026-04-12T07:07:18,MTMLA,4.87833333333,14.9055555556,0.0163888888889,262,4.51444444444
398,232061535,2026-04-11T22:05:54,2026-04-12T07:06:19,2026-04-12T07:07:18,MTMLA,4.87833333333,13.9016666667,0.0163888888889,321,5.51833333333
399,232061535,2026-04-11T23:06:04,2026-04-12T07:06:19,2026-04-12T07:07:18,MTMLA,4.87833333333,12.8988888889,0.0163888888889,349,5.995
400,232061535,2026-04-12T00:06:11,2026-04-12T07:06:19,2026-04-12T07:07:18,MTMLA,4.87833333333,11.8969444444,0.0163888888889,349,5.99611111111
401,232061535,2026-04-12T01:06:13,2026-04-12T07:06:19,2026-04-12T07:07:18,MTMLA,4.87833333333,10.8963888889,0.0163888888889,349,5.99666666667
402,232061535,2026-04-12T02:06:11,2026-04-12T07:06:19,2026-04-12T07:07:18,MTMLA,4.87833333333,9.89694444444,0.0163888888889,354,5.99472222222
403,232061535,2026-04-12T03:06:14,2026-04-12T07:06:19,2026-04-12T07:07:18,MTMLA,4.87833333333,8.89611111111,0.0163888888889,354,5.99222222222
404,232061535,2026-04-12T04:05:21,2026-04-12T07:06:19,2026-04-12T07:07:18,MTMLA,4.87833333333,7.91083333333,0.0163888888889,353,5.97361111111
405,232061535,2026-04-12T05:05:37,2026-04-12T07:06:19,2026-04-12T07:07:18,MTMLA,4.87833333333,6.90638888889,0.0163888888889,353,5.97555555556
406,232061535,2026-04-12T06:05:56,2026-04-12T07:06:19,2026-04-12T07:07:18,MTMLA,4.87833333333,5.90111111111,0.0163888888889,353,5.97888888889
407,232061535,2026-04-12T07:06:19,2026-04-12T07:06:19,2026-04-12T07:07:18,MTMLA,4.87833333333,4.89472222222,0.0163888888889,353,5.98472222222
408,232062004,2026-04-11T14:16:18,2026-04-12T09:16:31,2026-04-12T09:17:25,GBBRS,290.709722222,309.728333333,0.015,39,0.864166666667
409,232062004,2026-04-11T15:16:22,2026-04-12T09:16:31,2026-04-12T09:17:25,GBBRS,290.709722222,308.727222222,0.015,98,1.86527777778
410,232062004,2026-04-11T16:16:28,2026-04-12T09:16:31,2026-04-12T09:17:25,GBBRS,290.709722222,307.725555556,0.015,157,2.86694444444
411,232062004,2026-04-11T17:15:32,2026-04-12T09:16:31,2026-04-12T09:17:25,GBBRS,290.709722222,306.741111111,0.015,215,3.85138888889
412,232062004,2026-04-11T17:40:59,2026-04-12T09:16:31,2026-04-12T09:17:25,GBBRS,290.709722222,306.316944444,0.015,240,4.27555555556
413,232062004,2026-04-11T21:15:53,2026-04-12T09:16:31,2026-04-12T09:17:25,GBBRS,290.709722222,302.735277778,0.015,177,5.975
414,232062004,2026-04-11T22:16:07,2026-04-12T09:16:31,2026-04-12T09:17:25,GBBRS,290.709722222,301.731388889,0.015,177,5.97722222222
415,232062004,2026-04-11T23:16:15,2026-04-12T09:16:31,2026-04-12T09:17:25,GBBRS,290.709722222,300.729166667,0.015,178,5.995
416,232062004,2026-04-12T00:16:22,2026-04-12T09:16:31,2026-04-12T09:17:25,GBBRS,290.709722222,299.727222222,0.015,212,3.58638888889
417,232062004,2026-04-12T00:53:00,2026-04-12T09:16:31,2026-04-12T09:17:25,GBBRS,290.709722222,299.116666667,0.015,248,4.19694444444
418,232062004,2026-04-12T02:16:21,2026-04-12T09:16:31,2026-04-12T09:17:25,GBBRS,290.709722222,297.7275,0.015,273,5.58611111111
419,232062004,2026-04-12T03:16:25,2026-04-12T09:16:31,2026-04-12T09:17:25,GBBRS,290.709722222,296.726388889,0.015,297,5.99194444444
420,232062004,2026-04-12T04:15:34,2026-04-12T09:16:31,2026-04-12T09:17:25,GBBRS,290.709722222,295.740555556,0.015,296,5.97361111111
421,232062004,2026-04-12T05:15:50,2026-04-12T09:16:31,2026-04-12T09:17:25,GBBRS,290.709722222,294.736111111,0.015,296,5.97611111111
422,232062004,2026-04-12T06:16:11,2026-04-12T09:16:31,2026-04-12T09:17:25,GBBRS,290.709722222,293.730277778,0.015,296,5.98
423,232062004,2026-04-12T07:15:32,2026-04-12T09:16:31,2026-04-12T09:17:25,GBBRS,290.709722222,292.741111111,0.015,318,5.41027777778
424,232062004,2026-04-12T08:16:00,2026-04-12T09:16:31,2026-04-12T09:17:25,GBBRS,290.709722222,291.733333333,0.015,352,5.97722222222
425,232062004,2026-04-12T09:16:31,2026-04-12T09:16:31,2026-04-12T09:17:25,GBBRS,290.709722222,290.724722222,0.015,350,5.98472222222
426,232063279,2026-04-11T14:29:31,2026-04-12T01:29:35,2026-04-12T01:29:46,ARSLO,502.520555556,513.524722222,0.00305555555556,48,0.796666666667
427,232063279,2026-04-11T15:10:15,2026-04-12T01:29:35,2026-04-12T01:29:46,ARSLO,502.520555556,512.845833333,0.00305555555556,88,1.47555555556
428,232063279,2026-04-11T16:23:35,2026-04-12T01:29:35,2026-04-12T01:29:46,ARSLO,502.520555556,511.623611111,0.00305555555556,122,2.69777777778
429,232063279,2026-04-11T19:28:48,2026-04-12T01:29:35,2026-04-12T01:29:46,ARSLO,502.520555556,508.536666667,0.00305555555556,176,5.78472222222
430,232063279,2026-04-11T20:28:56,2026-04-12T01:29:35,2026-04-12T01:29:46,ARSLO,502.520555556,507.534444444,0.00305555555556,187,5.97333333333
431,232063279,2026-04-11T21:29:09,2026-04-12T01:29:35,2026-04-12T01:29:46,ARSLO,502.520555556,506.530833333,0.00305555555556,206,5.65305555556
432,232063279,2026-04-11T22:29:23,2026-04-12T01:29:35,2026-04-12T01:29:46,ARSLO,502.520555556,505.526944444,0.00305555555556,231,3.94222222222
433,232063279,2026-04-11T23:29:30,2026-04-12T01:29:35,2026-04-12T01:29:46,ARSLO,502.520555556,504.525,0.00305555555556,290,4.94416666667
434,232063279,2026-04-12T00:28:35,2026-04-12T01:29:35,2026-04-12T01:29:46,ARSLO,502.520555556,503.540277778,0.00305555555556,348,5.92888888889
435,232063279,2026-04-12T01:29:35,2026-04-12T01:29:35,2026-04-12T01:29:46,ARSLO,502.520555556,502.523611111,0.00305555555556,354,5.99611111111
436,235010170,2026-04-05T12:53:19,2026-04-05T16:53:34,2026-04-05T16:54:25,GRSTN,27.5930555556,31.6113888889,0.0141666666667,59,1.06361111111
437,235010170,2026-04-05T13:53:05,2026-04-05T16:53:34,2026-04-05T16:54:25,GRSTN,27.5930555556,30.6152777778,0.0141666666667,118,2.05972222222
438,235010170,2026-04-05T14:36:40,2026-04-05T16:53:34,2026-04-05T16:54:25,GRSTN,27.5930555556,29.8888888889,0.0141666666667,161,2.78611111111
439,235010170,2026-04-05T15:52:42,2026-04-05T16:53:34,2026-04-05T16:54:25,GRSTN,27.5930555556,28.6216666667,0.0141666666667,200,4.05333333333
440,235010170,2026-04-05T16:53:34,2026-04-05T16:53:34,2026-04-05T16:54:25,GRSTN,27.5930555556,27.6072222222,0.0141666666667,260,5.06777777778
441,236623000,2026-04-11T15:15:21,2026-04-12T12:16:35,2026-04-12T12:17:06,FOR_ORDERS,38.715,59.7441666667,0.00861111111111,67,1.17055555556
442,236623000,2026-04-11T17:16:33,2026-04-12T12:16:35,2026-04-12T12:17:06,FOR_ORDERS,38.715,57.7241666667,0.00861111111111,68,3.19055555556
443,236623000,2026-04-11T18:16:35,2026-04-12T12:16:35,2026-04-12T12:17:06,FOR_ORDERS,38.715,56.7236111111,0.00861111111111,127,4.19111111111
444,236623000,2026-04-11T19:16:35,2026-04-12T12:16:35,2026-04-12T12:17:06,FOR_ORDERS,38.715,55.7236111111,0.00861111111111,186,5.19111111111
445,236623000,2026-04-11T20:15:40,2026-04-12T12:16:35,2026-04-12T12:17:06,FOR_ORDERS,38.715,54.7388888889,0.00861111111111,232,5.9725
446,236623000,2026-04-11T21:15:53,2026-04-12T12:16:35,2026-04-12T12:17:06,FOR_ORDERS,38.715,53.7352777778,0.00861111111111,236,3.98888888889
447,236623000,2026-04-11T22:16:07,2026-04-12T12:16:35,2026-04-12T12:17:06,FOR_ORDERS,38.715,52.7313888889,0.00861111111111,295,4.99277777778
448,236623000,2026-04-11T23:16:15,2026-04-12T12:16:35,2026-04-12T12:17:06,FOR_ORDERS,38.715,51.7291666667,0.00861111111111,353,5.97805555556
449,236623000,2026-04-12T00:15:21,2026-04-12T12:16:35,2026-04-12T12:17:06,FOR_ORDERS,38.715,50.7441666667,0.00861111111111,353,5.97944444444
450,236623000,2026-04-12T03:16:25,2026-04-12T12:16:35,2026-04-12T12:17:06,FOR_ORDERS,38.715,47.7263888889,0.00861111111111,212,5.99194444444
451,236623000,2026-04-12T04:16:35,2026-04-12T12:16:35,2026-04-12T12:17:06,FOR_ORDERS,38.715,46.7236111111,0.00861111111111,212,5.99055555556
452,236623000,2026-04-12T05:15:50,2026-04-12T12:16:35,2026-04-12T12:17:06,FOR_ORDERS,38.715,45.7361111111,0.00861111111111,211,5.97611111111
453,236623000,2026-04-12T06:16:11,2026-04-12T12:16:35,2026-04-12T12:17:06,FOR_ORDERS,38.715,44.7302777778,0.00861111111111,212,3.59027777778
454,236623000,2026-04-12T07:16:34,2026-04-12T12:16:35,2026-04-12T12:17:06,FOR_ORDERS,38.715,43.7238888889,0.00861111111111,271,4.59666666667
455,236623000,2026-04-12T08:16:00,2026-04-12T12:16:35,2026-04-12T12:17:06,FOR_ORDERS,38.715,42.7333333333,0.00861111111111,329,5.58722222222
456,236623000,2026-04-12T09:16:31,2026-04-12T12:16:35,2026-04-12T12:17:06,FOR_ORDERS,38.715,41.7247222222,0.00861111111111,352,5.98472222222
457,236623000,2026-04-12T10:15:54,2026-04-12T12:16:35,2026-04-12T12:17:06,FOR_ORDERS,38.715,40.735,0.00861111111111,352,5.98861111111
458,236623000,2026-04-12T11:16:16,2026-04-12T12:16:35,2026-04-12T12:17:06,FOR_ORDERS,38.715,39.7288888889,0.00861111111111,352,5.99027777778
459,236623000,2026-04-12T12:16:35,2026-04-12T12:16:35,2026-04-12T12:17:06,FOR_ORDERS,38.715,38.7236111111,0.00861111111111,352,5.98972222222
460,238066000,2026-04-11T21:16:54,2026-04-12T07:17:35,2026-04-12T07:17:54,TRCKZ,30.7016666667,40.7183333333,0.00527777777778,41,0.680277777778
461,238066000,2026-04-11T21:43:27,2026-04-12T07:17:35,2026-04-12T07:17:54,TRCKZ,30.7016666667,40.2758333333,0.00527777777778,67,1.12277777778
462,238066000,2026-04-12T05:16:51,2026-04-12T07:17:35,2026-04-12T07:17:54,TRCKZ,30.7016666667,32.7191666667,0.00527777777778,63,1.05555555556
463,238066000,2026-04-12T06:17:12,2026-04-12T07:17:35,2026-04-12T07:17:54,TRCKZ,30.7016666667,31.7133333333,0.00527777777778,122,2.06138888889
464,238066000,2026-04-12T07:17:35,2026-04-12T07:17:35,2026-04-12T07:17:54,TRCKZ,30.7016666667,30.7069444444,0.00527777777778,181,3.06777777778
465,240544000,2026-04-10T02:47:26,2026-04-10T09:47:38,2026-04-10T09:48:22,TRIZM,50.1938888889,57.2094444444,0.0122222222222,35,0.576944444444
466,240544000,2026-04-10T03:23:04,2026-04-10T09:47:38,2026-04-10T09:48:22,TRIZM,50.1938888889,56.6155555556,0.0122222222222,62,1.17083333333
467,240544000,2026-04-10T07:47:33,2026-04-10T09:47:38,2026-04-10T09:48:22,TRIZM,50.1938888889,52.2075,0.0122222222222,86,5.57888888889
468,240544000,2026-04-10T08:47:36,2026-04-10T09:47:38,2026-04-10T09:48:22,TRIZM,50.1938888889,51.2066666667,0.0122222222222,110,5.98583333333
469,240544000,2026-04-10T09:47:38,2026-04-10T09:47:38,2026-04-10T09:48:22,TRIZM,50.1938888889,50.2061111111,0.0122222222222,142,2.62888888889
470,240633000,2026-04-11T22:38:33,2026-04-12T11:38:46,2026-04-12T11:39:31,GIGIB,115.341388889,128.3575,0.0125,70,5.96083333333
471,240633000,2026-04-11T23:34:36,2026-04-12T11:38:46,2026-04-12T11:39:31,GIGIB,115.341388889,127.423333333,0.0125,114,1.92055555556
472,240633000,2026-04-12T00:24:30,2026-04-12T11:38:46,2026-04-12T11:39:31,GIGIB,115.341388889,126.591666667,0.0125,138,2.75222222222
473,240633000,2026-04-12T03:37:49,2026-04-12T11:38:46,2026-04-12T11:39:31,GIGIB,115.341388889,123.369722222,0.0125,173,5.97416666667
474,240633000,2026-04-12T04:38:01,2026-04-12T11:38:46,2026-04-12T11:39:31,GIGIB,115.341388889,122.366388889,0.0125,173,5.97416666667
475,240633000,2026-04-12T05:38:19,2026-04-12T11:38:46,2026-04-12T11:39:31,GIGIB,115.341388889,121.361388889,0.0125,170,5.62055555556
476,240633000,2026-04-12T06:38:41,2026-04-12T11:38:46,2026-04-12T11:39:31,GIGIB,115.341388889,120.355277778,0.0125,205,3.59194444444
477,240633000,2026-04-12T07:38:04,2026-04-12T11:38:46,2026-04-12T11:39:31,GIGIB,115.341388889,119.365555556,0.0125,263,4.58166666667
478,240633000,2026-04-12T08:38:34,2026-04-12T11:38:46,2026-04-12T11:39:31,GIGIB,115.341388889,118.357222222,0.0125,322,5.59
479,240633000,2026-04-12T09:38:03,2026-04-12T11:38:46,2026-04-12T11:39:31,GIGIB,115.341388889,117.365833333,0.0125,345,5.98694444444
480,240633000,2026-04-12T10:38:25,2026-04-12T11:38:46,2026-04-12T11:39:31,GIGIB,115.341388889,116.359722222,0.0125,345,5.87027777778
481,240633000,2026-04-12T11:38:46,2026-04-12T11:38:46,2026-04-12T11:39:31,GIGIB,115.341388889,115.353888889,0.0125,352,5.99055555556
482,240788000,2026-04-03T11:55:37,2026-04-03T14:56:09,2026-04-03T14:56:11,GRPIR,40.0636111111,43.0730555556,0.000555555555556,73,1.21638888889
483,240788000,2026-04-03T12:55:27,2026-04-03T14:56:09,2026-04-03T14:56:11,GRPIR,40.0636111111,42.0758333333,0.000555555555556,132,2.21361111111
484,240788000,2026-04-03T13:55:17,2026-04-03T14:56:09,2026-04-03T14:56:11,GRPIR,40.0636111111,41.0786111111,0.000555555555556,191,3.21083333333
485,240788000,2026-04-03T14:56:09,2026-04-03T14:56:09,2026-04-03T14:56:11,GRPIR,40.0636111111,40.0641666667,0.000555555555556,251,4.22527777778
486,240878000,2026-04-06T22:00:42,2026-04-06T22:00:42,2026-04-06T22:01:36,FOR_ORDERS,428.973333333,428.988333333,0.015,29,0.473055555556
487,240893000,2026-04-06T11:52:34,2026-04-07T12:01:36,2026-04-07T12:02:11,COCVE,298.963611111,323.123888889,0.00972222222222,317,5.83722222222
488,240893000,2026-04-06T13:01:30,2026-04-07T12:01:36,2026-04-07T12:02:11,COCVE,298.963611111,321.975,0.00972222222222,297,5.98694444444
489,240893000,2026-04-06T14:01:18,2026-04-07T12:01:36,2026-04-07T12:02:11,COCVE,298.963611111,320.978333333,0.00972222222222,298,5.98472222222
490,240893000,2026-04-06T15:01:09,2026-04-07T12:01:36,2026-04-07T12:02:11,COCVE,298.963611111,319.980833333,0.00972222222222,300,5.98388888889
491,240893000,2026-04-06T16:01:03,2026-04-07T12:01:36,2026-04-07T12:02:11,COCVE,298.963611111,318.9825,0.00972222222222,304,5.98444444444
492,240893000,2026-04-06T17:00:53,2026-04-07T12:01:36,2026-04-07T12:02:11,COCVE,298.963611111,317.985277778,0.00972222222222,306,5.98361111111
493,240893000,2026-04-06T17:52:34,2026-04-07T12:01:36,2026-04-07T12:02:11,COCVE,298.963611111,317.123888889,0.00972222222222,325,5.6625
494,240893000,2026-04-06T19:01:22,2026-04-07T12:01:36,2026-04-07T12:02:11,COCVE,298.963611111,315.977222222,0.00972222222222,329,5.98083333333
495,240893000,2026-04-06T20:01:07,2026-04-07T12:01:36,2026-04-07T12:02:11,COCVE,298.963611111,314.981388889,0.00972222222222,329,5.98
496,240893000,2026-04-06T21:00:55,2026-04-07T12:01:36,2026-04-07T12:02:11,COCVE,298.963611111,313.984722222,0.00972222222222,329,5.97916666667
497,240893000,2026-04-06T22:00:42,2026-04-07T12:01:36,2026-04-07T12:02:11,COCVE,298.963611111,312.988333333,0.00972222222222,320,5.97722222222
498,240893000,2026-04-06T23:01:32,2026-04-07T12:01:36,2026-04-07T12:02:11,COCVE,298.963611111,311.974444444,0.00972222222222,314,5.99388888889
499,240893000,2026-04-07T00:01:22,2026-04-07T12:01:36,2026-04-07T12:02:11,COCVE,298.963611111,310.977222222,0.00972222222222,322,5.70888888889
500,240893000,2026-04-07T01:01:09,2026-04-07T12:01:36,2026-04-07T12:02:11,COCVE,298.963611111,309.980833333,0.00972222222222,337,5.97944444444
501,240893000,2026-04-07T02:00:58,2026-04-07T12:01:36,2026-04-07T12:02:11,COCVE,298.963611111,308.983888889,0.00972222222222,338,5.98055555556
502,240893000,2026-04-07T03:00:47,2026-04-07T12:01:36,2026-04-07T12:02:11,COCVE,298.963611111,307.986944444,0.00972222222222,338,5.98083333333
503,240893000,2026-04-07T04:00:36,2026-04-07T12:01:36,2026-04-07T12:02:11,COCVE,298.963611111,306.99,0.00972222222222,347,5.98138888889
504,240893000,2026-04-07T05:01:28,2026-04-07T12:01:36,2026-04-07T12:02:11,COCVE,298.963611111,305.975555556,0.00972222222222,354,5.98194444444
505,240893000,2026-04-07T06:01:20,2026-04-07T12:01:36,2026-04-07T12:02:11,COCVE,298.963611111,304.977777778,0.00972222222222,354,5.9825
506,240893000,2026-04-07T07:01:09,2026-04-07T12:01:36,2026-04-07T12:02:11,COCVE,298.963611111,303.980833333,0.00972222222222,355,5.98305555556
507,240893000,2026-04-07T08:01:01,2026-04-07T12:01:36,2026-04-07T12:02:11,COCVE,298.963611111,302.983055556,0.00972222222222,343,5.98388888889
508,240893000,2026-04-07T09:00:58,2026-04-07T12:01:36,2026-04-07T12:02:11,COCVE,298.963611111,301.983888889,0.00972222222222,343,5.98611111111
509,240893000,2026-04-07T10:00:54,2026-04-07T12:01:36,2026-04-07T12:02:11,COCVE,298.963611111,300.985,0.00972222222222,343,5.98805555556
510,240893000,2026-04-07T11:00:46,2026-04-07T12:01:36,2026-04-07T12:02:11,COCVE,298.963611111,299.987222222,0.00972222222222,342,5.97138888889
511,240893000,2026-04-07T12:01:36,2026-04-07T12:01:36,2026-04-07T12:02:11,COCVE,298.963611111,298.973333333,0.00972222222222,343,5.98777777778
512,240942000,2026-04-07T22:29:16,2026-04-08T22:30:11,2026-04-08T22:30:22,ITNAP,18.4938888889,42.5122222222,0.00305555555556,172,5.98472222222
513,240942000,2026-04-07T23:29:12,2026-04-08T22:30:11,2026-04-08T22:30:22,ITNAP,18.4938888889,41.5133333333,0.00305555555556,171,5.96694444444
514,240942000,2026-04-08T00:30:08,2026-04-08T22:30:11,2026-04-08T22:30:22,ITNAP,18.4938888889,40.4977777778,0.00305555555556,181,5.10666666667
515,240942000,2026-04-08T01:30:04,2026-04-08T22:30:11,2026-04-08T22:30:22,ITNAP,18.4938888889,39.4988888889,0.00305555555556,233,5.98694444444
516,240942000,2026-04-08T02:30:03,2026-04-08T22:30:11,2026-04-08T22:30:22,ITNAP,18.4938888889,38.4991666667,0.00305555555556,273,5.66777777778
517,240942000,2026-04-08T03:29:59,2026-04-08T22:30:11,2026-04-08T22:30:22,ITNAP,18.4938888889,37.5002777778,0.00305555555556,312,5.26555555556
518,240942000,2026-04-08T04:29:54,2026-04-08T22:30:11,2026-04-08T22:30:22,ITNAP,18.4938888889,36.5016666667,0.00305555555556,355,5.99361111111
519,240942000,2026-04-08T05:29:45,2026-04-08T22:30:11,2026-04-08T22:30:22,ITNAP,18.4938888889,35.5041666667,0.00305555555556,336,5.99222222222
520,240942000,2026-04-08T06:29:40,2026-04-08T22:30:11,2026-04-08T22:30:22,ITNAP,18.4938888889,34.5055555556,0.00305555555556,326,5.97527777778
521,240942000,2026-04-08T07:23:29,2026-04-08T22:30:11,2026-04-08T22:30:22,ITNAP,18.4938888889,33.6086111111,0.00305555555556,299,5.87333333333
522,240942000,2026-04-08T08:29:30,2026-04-08T22:30:11,2026-04-08T22:30:22,ITNAP,18.4938888889,32.5083333333,0.00305555555556,289,5.97388888889
523,240942000,2026-04-08T09:29:29,2026-04-08T22:30:11,2026-04-08T22:30:22,ITNAP,18.4938888889,31.5086111111,0.00305555555556,287,5.97472222222
524,240942000,2026-04-08T10:17:14,2026-04-08T22:30:11,2026-04-08T22:30:22,ITNAP,18.4938888889,30.7127777778,0.00305555555556,257,5.77194444444
525,240942000,2026-04-08T11:14:59,2026-04-08T22:30:11,2026-04-08T22:30:22,ITNAP,18.4938888889,29.7502777778,0.00305555555556,233,5.73694444444
526,240942000,2026-04-08T12:30:09,2026-04-08T22:30:11,2026-04-08T22:30:22,ITNAP,18.4938888889,28.4975,0.00305555555556,215,5.99111111111
527,240942000,2026-04-08T13:30:09,2026-04-08T22:30:11,2026-04-08T22:30:22,ITNAP,18.4938888889,27.4975,0.00305555555556,236,5.85722222222
528,240942000,2026-04-08T14:29:10,2026-04-08T22:30:11,2026-04-08T22:30:22,ITNAP,18.4938888889,26.5138888889,0.00305555555556,229,5.9775
529,240942000,2026-04-08T15:29:13,2026-04-08T22:30:11,2026-04-08T22:30:22,ITNAP,18.4938888889,25.5130555556,0.00305555555556,220,5.97861111111
530,240942000,2026-04-08T16:29:16,2026-04-08T22:30:11,2026-04-08T22:30:22,ITNAP,18.4938888889,24.5122222222,0.00305555555556,250,5.49166666667
531,240942000,2026-04-08T17:26:10,2026-04-08T22:30:11,2026-04-08T22:30:22,ITNAP,18.4938888889,23.5638888889,0.00305555555556,283,5.49277777778
532,240942000,2026-04-08T19:29:47,2026-04-08T22:30:11,2026-04-08T22:30:22,ITNAP,18.4938888889,21.5036111111,0.00305555555556,235,5.97694444444
533,240942000,2026-04-08T20:29:32,2026-04-08T22:30:11,2026-04-08T22:30:22,ITNAP,18.4938888889,20.5077777778,0.00305555555556,252,5.80277777778
534,240942000,2026-04-08T21:29:20,2026-04-08T22:30:11,2026-04-08T22:30:22,ITNAP,18.4938888889,19.5111111111,0.00305555555556,263,5.98472222222
535,240942000,2026-04-08T22:30:11,2026-04-08T22:30:11,2026-04-08T22:30:22,ITNAP,18.4938888889,18.4969444444,0.00305555555556,264,5.96444444444
536,241287000,2026-04-13T21:22:39,2026-04-13T23:23:02,2026-04-13T23:23:19,FOR_ORDERS,390.611388889,392.6225,0.00472222222222,58,0.962777777778
537,241287000,2026-04-13T22:17:18,2026-04-13T23:23:02,2026-04-13T23:23:19,FOR_ORDERS,390.611388889,391.711666667,0.00472222222222,92,1.87361111111
538,241287000,2026-04-13T23:23:02,2026-04-13T23:23:02,2026-04-13T23:23:19,FOR_ORDERS,390.611388889,390.616111111,0.00472222222222,113,2.96916666667
539,241298000,2026-04-08T21:30:21,2026-04-08T22:31:12,2026-04-08T22:31:13,FRMRS,40.9797222222,41.9941666667,0.000277777777778,30,0.506944444444
540,241298000,2026-04-08T22:31:12,2026-04-08T22:31:12,2026-04-08T22:31:13,FRMRS,40.9797222222,40.98,0.000277777777778,87,1.52111111111
541,241618000,2026-04-10T03:15:56,2026-04-10T14:34:13,2026-04-10T14:35:00,GBPTL,175.416666667,186.734444444,0.0130555555556,30,0.491944444444
542,241618000,2026-04-10T04:33:15,2026-04-10T14:34:13,2026-04-10T14:35:00,GBPTL,175.416666667,185.445833333,0.0130555555556,62,1.78055555556
543,241618000,2026-04-10T07:33:18,2026-04-10T14:34:13,2026-04-10T14:35:00,GBPTL,175.416666667,182.445,0.0130555555556,96,4.78138888889
544,241618000,2026-04-10T08:33:21,2026-04-10T14:34:13,2026-04-10T14:35:00,GBPTL,175.416666667,181.444166667,0.0130555555556,133,5.78222222222
545,241618000,2026-04-10T09:33:24,2026-04-10T14:34:13,2026-04-10T14:35:00,GBPTL,175.416666667,180.443333333,0.0130555555556,162,5.52805555556
546,241618000,2026-04-10T10:33:25,2026-04-10T14:34:13,2026-04-10T14:35:00,GBPTL,175.416666667,179.443055556,0.0130555555556,189,3.56166666667
547,241618000,2026-04-10T11:33:19,2026-04-10T14:34:13,2026-04-10T14:35:00,GBPTL,175.416666667,178.444722222,0.0130555555556,248,4.56
548,241618000,2026-04-10T11:55:39,2026-04-10T14:34:13,2026-04-10T14:35:00,GBPTL,175.416666667,178.0725,0.0130555555556,270,4.93222222222
549,241618000,2026-04-10T13:34:12,2026-04-10T14:34:13,2026-04-10T14:35:00,GBPTL,175.416666667,176.43,0.0130555555556,256,5.99805555556
550,241618000,2026-04-10T14:34:13,2026-04-10T14:34:13,2026-04-10T14:35:00,GBPTL,175.416666667,175.429722222,0.0130555555556,278,5.9975
551,241689000,2026-04-10T07:35:21,2026-04-11T00:36:15,2026-04-11T00:36:42,FOR_ORDERS,232.388333333,249.410833333,0.0075,35,0.576944444444
552,241689000,2026-04-10T07:55:42,2026-04-11T00:36:15,2026-04-11T00:36:42,FOR_ORDERS,232.388333333,249.071666667,0.0075,55,0.916111111111
553,241689000,2026-04-10T16:35:26,2026-04-11T00:36:15,2026-04-11T00:36:42,FOR_ORDERS,232.388333333,240.409444444,0.0075,17,0.272222222222
554,241689000,2026-04-10T17:35:32,2026-04-11T00:36:15,2026-04-11T00:36:42,FOR_ORDERS,232.388333333,239.407777778,0.0075,76,1.27388888889
555,241689000,2026-04-10T18:35:33,2026-04-11T00:36:15,2026-04-11T00:36:42,FOR_ORDERS,232.388333333,238.4075,0.0075,135,2.27416666667
556,241689000,2026-04-10T19:35:29,2026-04-11T00:36:15,2026-04-11T00:36:42,FOR_ORDERS,232.388333333,237.408611111,0.0075,177,3.27305555556
557,241689000,2026-04-10T20:35:28,2026-04-11T00:36:15,2026-04-11T00:36:42,FOR_ORDERS,232.388333333,236.408888889,0.0075,236,4.27277777778
558,241689000,2026-04-10T21:35:25,2026-04-11T00:36:15,2026-04-11T00:36:42,FOR_ORDERS,232.388333333,235.409722222,0.0075,295,5.27194444444
559,241689000,2026-04-10T22:35:23,2026-04-11T00:36:15,2026-04-11T00:36:42,FOR_ORDERS,232.388333333,234.410277778,0.0075,324,5.98222222222
560,241689000,2026-04-10T23:35:20,2026-04-11T00:36:15,2026-04-11T00:36:42,FOR_ORDERS,232.388333333,233.411111111,0.0075,305,5.97972222222
561,241689000,2026-04-11T00:36:15,2026-04-11T00:36:15,2026-04-11T00:36:42,FOR_ORDERS,232.388333333,232.395833333,0.0075,306,5.995
562,241745000,2026-04-08T15:32:17,2026-04-08T21:32:23,2026-04-08T21:33:11,FOR_ORDERS,48.4636111111,54.4786111111,0.0133333333333,18,0.288611111111
563,241745000,2026-04-08T16:21:07,2026-04-08T21:32:23,2026-04-08T21:33:11,FOR_ORDERS,48.4636111111,53.6647222222,0.0133333333333,64,1.1025
564,241745000,2026-04-08T19:22:41,2026-04-08T21:32:23,2026-04-08T21:33:11,FOR_ORDERS,48.4636111111,50.6386111111,0.0133333333333,84,4.12861111111
565,241745000,2026-04-08T21:32:23,2026-04-08T21:32:23,2026-04-08T21:33:11,FOR_ORDERS,48.4636111111,48.4769444444,0.0133333333333,119,5.98472222222
566,241751000,2026-04-06T14:19:33,2026-04-06T15:20:26,2026-04-06T15:20:53,ITPFX,32.6686111111,33.6908333333,0.0075,21,0.337777777778
567,241751000,2026-04-06T15:20:26,2026-04-06T15:20:26,2026-04-06T15:20:53,ITPFX,32.6686111111,32.6761111111,0.0075,66,1.3525
568,241859000,2026-04-08T10:48:38,2026-04-08T13:49:28,2026-04-08T13:49:47,SIKOP,42.1702777778,45.1894444444,0.00527777777778,55,0.913055555556
569,241859000,2026-04-08T11:48:29,2026-04-08T13:49:28,2026-04-08T13:49:47,SIKOP,42.1702777778,44.1919444444,0.00527777777778,109,1.91055555556
570,241859000,2026-04-08T12:49:28,2026-04-08T13:49:28,2026-04-08T13:49:47,SIKOP,42.1702777778,43.1755555556,0.00527777777778,169,2.92694444444
571,241859000,2026-04-08T13:49:28,2026-04-08T13:49:28,2026-04-08T13:49:47,SIKOP,42.1702777778,42.1755555556,0.00527777777778,228,3.92694444444
572,241929000,2026-04-12T04:43:08,2026-04-12T12:15:34,2026-04-12T12:15:54,TEXT:ORAN ALGERIA,91.735,99.2811111111,0.00555555555556,38,0.629722222222
573,241929000,2026-04-12T06:15:09,2026-04-12T12:15:34,2026-04-12T12:15:54,TEXT:ORAN ALGERIA,91.735,97.7475,0.00555555555556,56,2.16333333333
574,241929000,2026-04-12T07:15:32,2026-04-12T12:15:34,2026-04-12T12:15:54,TEXT:ORAN ALGERIA,91.735,96.7411111111,0.00555555555556,104,3.16972222222
575,241929000,2026-04-12T08:14:59,2026-04-12T12:15:34,2026-04-12T12:15:54,TEXT:ORAN ALGERIA,91.735,95.7502777778,0.00555555555556,162,4.16055555556
576,241929000,2026-04-12T09:15:30,2026-04-12T12:15:34,2026-04-12T12:15:54,TEXT:ORAN ALGERIA,91.735,94.7416666667,0.00555555555556,221,5.16916666667
577,241929000,2026-04-12T10:14:53,2026-04-12T12:15:34,2026-04-12T12:15:54,TEXT:ORAN ALGERIA,91.735,93.7519444444,0.00555555555556,269,5.98861111111
578,241929000,2026-04-12T11:15:14,2026-04-12T12:15:34,2026-04-12T12:15:54,TEXT:ORAN ALGERIA,91.735,92.7461111111,0.00555555555556,300,5.29138888889
579,241929000,2026-04-12T12:15:34,2026-04-12T12:15:34,2026-04-12T12:15:54,TEXT:ORAN ALGERIA,91.735,91.7405555556,0.00555555555556,341,5.98972222222
580,241953000,2026-04-09T10:31:19,2026-04-10T03:32:14,2026-04-10T03:33:14,GRPIR,26.4461111111,43.4780555556,0.0166666666667,61,1.015
581,241953000,2026-04-09T11:19:01,2026-04-10T03:32:14,2026-04-10T03:33:14,GRPIR,26.4461111111,42.6830555556,0.0166666666667,87,1.81
582,241953000,2026-04-10T02:32:10,2026-04-10T03:32:14,2026-04-10T03:33:14,GRPIR,26.4461111111,27.4638888889,0.0166666666667,45,0.746388888889
583,241953000,2026-04-10T03:32:14,2026-04-10T03:32:14,2026-04-10T03:33:14,GRPIR,26.4461111111,26.4627777778,0.0166666666667,104,1.7475
584,242494400,2026-04-09T22:19:13,2026-04-09T23:51:34,2026-04-09T23:51:34,MTMLA,-3043.85944444,-3042.32027778,0,25,0.405833333333
585,242494400,2026-04-09T23:51:34,2026-04-09T23:51:34,2026-04-09T23:51:34,MTMLA,-3043.85944444,-3043.85944444,0,77,1.945
586,244090800,2026-04-03T20:57:50,2026-04-03T22:58:22,2026-04-03T22:58:53,TNLGN,33.0186111111,35.0361111111,0.00861111111111,69,1.14833333333
587,244090800,2026-04-03T21:57:35,2026-04-03T22:58:22,2026-04-03T22:58:53,TNLGN,33.0186111111,34.0402777778,0.00861111111111,128,2.14416666667
588,244090800,2026-04-03T22:58:22,2026-04-03T22:58:22,2026-04-03T22:58:53,TNLGN,33.0186111111,33.0272222222,0.00861111111111,188,3.15722222222
589,244865000,2026-04-05T15:49:39,2026-04-05T15:49:39,2026-04-05T15:49:54,TEXT:BEJAIA,54.1683333333,54.1725,0.00416666666667,69,1.14888888889
590,245278000,2026-04-11T15:20:26,2026-04-12T00:20:26,2026-04-12T00:20:48,NLMOE,230.653333333,239.659444444,0.00611111111111,72,1.20444444444
591,245278000,2026-04-11T16:19:31,2026-04-12T00:20:26,2026-04-12T00:20:48,NLMOE,230.653333333,238.674722222,0.00611111111111,130,2.18916666667
592,245278000,2026-04-11T17:19:37,2026-04-12T00:20:26,2026-04-12T00:20:48,NLMOE,230.653333333,237.673055556,0.00611111111111,189,3.19083333333
593,245278000,2026-04-11T18:19:38,2026-04-12T00:20:26,2026-04-12T00:20:48,NLMOE,230.653333333,236.672777778,0.00611111111111,248,4.19111111111
594,245278000,2026-04-11T19:19:38,2026-04-12T00:20:26,2026-04-12T00:20:48,NLMOE,230.653333333,235.672777778,0.00611111111111,307,5.19111111111
595,245278000,2026-04-11T20:19:45,2026-04-12T00:20:26,2026-04-12T00:20:48,NLMOE,230.653333333,234.670833333,0.00611111111111,353,5.97277777778
596,245278000,2026-04-11T21:19:58,2026-04-12T00:20:26,2026-04-12T00:20:48,NLMOE,230.653333333,233.667222222,0.00611111111111,354,5.99222222222
597,245278000,2026-04-11T22:20:12,2026-04-12T00:20:26,2026-04-12T00:20:48,NLMOE,230.653333333,232.663333333,0.00611111111111,354,5.99444444444
598,245278000,2026-04-11T23:20:20,2026-04-12T00:20:26,2026-04-12T00:20:48,NLMOE,230.653333333,231.661111111,0.00611111111111,354,5.995
599,245278000,2026-04-12T00:20:26,2026-04-12T00:20:26,2026-04-12T00:20:48,NLMOE,230.653333333,230.659444444,0.00611111111111,354,5.99638888889
600,246518000,2026-04-07T02:03:00,2026-04-07T11:03:49,2026-04-07T11:03:50,ITNAP,18.9361111111,27.95,0.000277777777778,64,1.06444444444
601,246518000,2026-04-07T03:02:49,2026-04-07T11:03:49,2026-04-07T11:03:50,ITNAP,18.9361111111,26.9530555556,0.000277777777778,123,2.06138888889
602,246518000,2026-04-07T04:03:39,2026-04-07T11:03:49,2026-04-07T11:03:50,ITNAP,18.9361111111,25.9391666667,0.000277777777778,183,3.07527777778
603,246518000,2026-04-07T05:03:30,2026-04-07T11:03:49,2026-04-07T11:03:50,ITNAP,18.9361111111,24.9416666667,0.000277777777778,242,4.07277777778
604,246518000,2026-04-07T06:03:21,2026-04-07T11:03:49,2026-04-07T11:03:50,ITNAP,18.9361111111,23.9441666667,0.000277777777778,301,5.07027777778
605,246518000,2026-04-07T07:03:11,2026-04-07T11:03:49,2026-04-07T11:03:50,ITNAP,18.9361111111,22.9469444444,0.000277777777778,355,5.98305555556
606,246518000,2026-04-07T08:03:03,2026-04-07T11:03:49,2026-04-07T11:03:50,ITNAP,18.9361111111,21.9491666667,0.000277777777778,355,5.98388888889
607,246518000,2026-04-07T09:03:00,2026-04-07T11:03:49,2026-04-07T11:03:50,ITNAP,18.9361111111,20.95,0.000277777777778,355,5.98611111111
608,246518000,2026-04-07T10:02:56,2026-04-07T11:03:49,2026-04-07T11:03:50,ITNAP,18.9361111111,19.9511111111,0.000277777777778,354,5.97111111111
609,246518000,2026-04-07T11:03:49,2026-04-07T11:03:49,2026-04-07T11:03:50,ITNAP,18.9361111111,18.9363888889,0.000277777777778,355,5.98833333333
610,247018700,2026-04-07T04:21:54,2026-04-07T14:28:05,2026-04-07T14:28:57,FOR_ORDERS,47.5175,57.635,0.0144444444444,26,0.4225
611,247018700,2026-04-07T05:10:36,2026-04-07T14:28:05,2026-04-07T14:28:57,FOR_ORDERS,47.5175,56.8233333333,0.0144444444444,65,1.23416666667
612,247018700,2026-04-07T13:27:58,2026-04-07T14:28:05,2026-04-07T14:28:57,FOR_ORDERS,47.5175,48.5338888889,0.0144444444444,67,1.16888888889
613,247018700,2026-04-07T14:28:05,2026-04-07T14:28:05,2026-04-07T14:28:57,FOR_ORDERS,47.5175,47.5319444444,0.0144444444444,126,2.17083333333
614,247045300,2026-04-15T00:16:13,2026-04-15T08:16:50,2026-04-15T08:17:49,ITPMO,10.7030555556,18.7297222222,0.0163888888889,49,0.811111111111
615,247045300,2026-04-15T01:16:02,2026-04-15T08:16:50,2026-04-15T08:17:49,ITPMO,10.7030555556,17.7327777778,0.0163888888889,108,1.80805555556
616,247045300,2026-04-15T02:15:50,2026-04-15T08:16:50,2026-04-15T08:17:49,ITPMO,10.7030555556,16.7361111111,0.0163888888889,167,2.80472222222
617,247045300,2026-04-15T03:16:37,2026-04-15T08:16:50,2026-04-15T08:17:49,ITPMO,10.7030555556,15.7230555556,0.0163888888889,227,3.81777777778
618,247045300,2026-04-15T04:16:26,2026-04-15T08:16:50,2026-04-15T08:17:49,ITPMO,10.7030555556,14.7261111111,0.0163888888889,286,4.81472222222
619,247045300,2026-04-15T05:16:16,2026-04-15T08:16:50,2026-04-15T08:17:49,ITPMO,10.7030555556,13.7288888889,0.0163888888889,345,5.81194444444
620,247045300,2026-04-15T06:16:06,2026-04-15T08:16:50,2026-04-15T08:17:49,ITPMO,10.7030555556,12.7316666667,0.0163888888889,355,5.98111111111
621,247045300,2026-04-15T07:15:57,2026-04-15T08:16:50,2026-04-15T08:17:49,ITPMO,10.7030555556,11.7341666667,0.0163888888889,355,5.98194444444
622,247045300,2026-04-15T08:16:50,2026-04-15T08:16:50,2026-04-15T08:17:49,ITPMO,10.7030555556,10.7194444444,0.0163888888889,356,5.99972222222
623,247055200,2026-04-09T01:53:02,2026-04-10T01:53:30,2026-04-10T01:54:00,ITPMO,30.1,54.1161111111,0.00833333333333,355,5.9825
624,247055200,2026-04-09T02:45:45,2026-04-10T01:53:30,2026-04-10T01:54:00,ITPMO,30.1,53.2375,0.00833333333333,348,5.865
625,247055200,2026-04-09T03:39:24,2026-04-10T01:53:30,2026-04-10T01:54:00,ITPMO,30.1,52.3433333333,0.00833333333333,327,5.76222222222
626,247055200,2026-04-09T04:53:21,2026-04-10T01:53:30,2026-04-10T01:54:00,ITPMO,30.1,51.1108333333,0.00833333333333,317,5.99722222222
627,247055200,2026-04-09T05:53:12,2026-04-10T01:53:30,2026-04-10T01:54:00,ITPMO,30.1,50.1133333333,0.00833333333333,316,5.98055555556
628,247055200,2026-04-09T06:53:04,2026-04-10T01:53:30,2026-04-10T01:54:00,ITPMO,30.1,49.1155555556,0.00833333333333,316,5.98083333333
629,247055200,2026-04-09T07:52:59,2026-04-10T01:53:30,2026-04-10T01:54:00,ITPMO,30.1,48.1169444444,0.00833333333333,316,5.98222222222
630,247055200,2026-04-09T08:52:52,2026-04-10T01:53:30,2026-04-10T01:54:00,ITPMO,30.1,47.1188888889,0.00833333333333,323,5.84944444444
631,247055200,2026-04-09T09:52:44,2026-04-10T01:53:30,2026-04-10T01:54:00,ITPMO,30.1,46.1211111111,0.00833333333333,338,5.80111111111
632,247055200,2026-04-09T10:52:38,2026-04-10T01:53:30,2026-04-10T01:54:00,ITPMO,30.1,45.1227777778,0.00833333333333,348,5.97111111111
633,247055200,2026-04-09T11:53:30,2026-04-10T01:53:30,2026-04-10T01:54:00,ITPMO,30.1,44.1083333333,0.00833333333333,349,5.98805555556
634,247055200,2026-04-09T12:53:22,2026-04-10T01:53:30,2026-04-10T01:54:00,ITPMO,30.1,43.1105555556,0.00833333333333,349,5.98805555556
635,247055200,2026-04-09T13:53:17,2026-04-10T01:53:30,2026-04-10T01:54:00,ITPMO,30.1,42.1119444444,0.00833333333333,349,5.98805555556
636,247055200,2026-04-09T14:53:11,2026-04-10T01:53:30,2026-04-10T01:54:00,ITPMO,30.1,41.1136111111,0.00833333333333,316,5.98833333333
637,247055200,2026-04-09T15:01:18,2026-04-10T01:53:30,2026-04-10T01:54:00,ITPMO,30.1,40.9783333333,0.00833333333333,271,5.12583333333
638,247055200,2026-04-09T16:52:56,2026-04-10T01:53:30,2026-04-10T01:54:00,ITPMO,30.1,39.1177777778,0.00833333333333,214,5.98805555556
639,247055200,2026-04-09T17:52:46,2026-04-10T01:53:30,2026-04-10T01:54:00,ITPMO,30.1,38.1205555556,0.00833333333333,214,5.98777777778
640,247055200,2026-04-09T18:52:30,2026-04-10T01:53:30,2026-04-10T01:54:00,ITPMO,30.1,37.125,0.00833333333333,209,5.96861111111
641,247055200,2026-04-09T19:53:15,2026-04-10T01:53:30,2026-04-10T01:54:00,ITPMO,30.1,36.1125,0.00833333333333,210,5.9825
642,247055200,2026-04-09T20:53:01,2026-04-10T01:53:30,2026-04-10T01:54:00,ITPMO,30.1,35.1163888889,0.00833333333333,243,5.98027777778
643,247055200,2026-04-09T21:52:50,2026-04-10T01:53:30,2026-04-10T01:54:00,ITPMO,30.1,34.1194444444,0.00833333333333,294,5.01527777778
644,247055200,2026-04-09T22:52:41,2026-04-10T01:53:30,2026-04-10T01:54:00,ITPMO,30.1,33.1219444444,0.00833333333333,351,5.97888888889
645,247055200,2026-04-09T23:52:35,2026-04-10T01:53:30,2026-04-10T01:54:00,ITPMO,30.1,32.1236111111,0.00833333333333,351,5.98027777778
646,247055200,2026-04-10T00:52:31,2026-04-10T01:53:30,2026-04-10T01:54:00,ITPMO,30.1,31.1247222222,0.00833333333333,355,5.98333333333
647,247055200,2026-04-10T01:53:30,2026-04-10T01:53:30,2026-04-10T01:54:00,ITPMO,30.1,30.1083333333,0.00833333333333,355,5.98722222222
648,247069600,2026-04-10T15:03:45,2026-04-11T03:04:23,2026-04-11T03:04:30,TNLGN,27.925,39.9375,0.00194444444444,17,0.271666666667
649,247069600,2026-04-10T15:17:59,2026-04-11T03:04:23,2026-04-11T03:04:30,TNLGN,27.925,39.7002777778,0.00194444444444,31,0.508888888889
650,247069600,2026-04-10T17:03:58,2026-04-11T03:04:23,2026-04-11T03:04:30,TNLGN,27.925,37.9338888889,0.00194444444444,67,2.27527777778
651,247069600,2026-04-10T18:04:02,2026-04-11T03:04:23,2026-04-11T03:04:30,TNLGN,27.925,36.9327777778,0.00194444444444,116,3.27638888889
652,247069600,2026-04-10T18:13:11,2026-04-11T03:04:23,2026-04-11T03:04:30,TNLGN,27.925,36.7802777778,0.00194444444444,125,3.42888888889
653,247069600,2026-04-10T22:03:53,2026-04-11T03:04:23,2026-04-11T03:04:30,TNLGN,27.925,32.9352777778,0.00194444444444,133,5.59333333333
654,247069600,2026-04-10T23:03:50,2026-04-11T03:04:23,2026-04-11T03:04:30,TNLGN,27.925,31.9361111111,0.00194444444444,137,5.98083333333
655,247069600,2026-04-10T23:30:15,2026-04-11T03:04:23,2026-04-11T03:04:30,TNLGN,27.925,31.4958333333,0.00194444444444,114,5.42
656,247069600,2026-04-11T01:03:40,2026-04-11T03:04:23,2026-04-11T03:04:30,TNLGN,27.925,29.9388888889,0.00194444444444,164,3.91111111111
657,247069600,2026-04-11T02:03:31,2026-04-11T03:04:23,2026-04-11T03:04:30,TNLGN,27.925,28.9413888889,0.00194444444444,194,4.90861111111
658,247069600,2026-04-11T03:04:23,2026-04-11T03:04:23,2026-04-11T03:04:30,TNLGN,27.925,27.9269444444,0.00194444444444,254,5.92305555556
659,247077700,2026-04-16T12:43:53,2026-04-16T12:43:53,2026-04-16T14:35:19,ITAUG,-595.088611111,-593.231388889,1.85722222222,22,0.676944444444
660,247095300,2026-04-05T09:53:01,2026-04-06T11:51:33,2026-04-06T11:52:18,ITRAN,42.1283333333,68.1163888889,0.0125,96,1.78861111111
661,247095300,2026-04-06T00:50:54,2026-04-06T11:51:33,2026-04-06T11:52:18,ITRAN,42.1283333333,53.1516666667,0.0125,67,1.11472222222
662,247095300,2026-04-06T01:50:42,2026-04-06T11:51:33,2026-04-06T11:52:18,ITRAN,42.1283333333,52.155,0.0125,126,2.11138888889
663,247095300,2026-04-06T02:50:33,2026-04-06T11:51:33,2026-04-06T11:52:18,ITRAN,42.1283333333,51.1575,0.0125,185,3.10888888889
664,247095300,2026-04-06T03:51:24,2026-04-06T11:51:33,2026-04-06T11:52:18,ITRAN,42.1283333333,50.1433333333,0.0125,245,4.12305555556
665,247095300,2026-04-06T04:51:17,2026-04-06T11:51:33,2026-04-06T11:52:18,ITRAN,42.1283333333,49.1452777778,0.0125,304,5.12111111111
666,247095300,2026-04-06T05:51:10,2026-04-06T11:51:33,2026-04-06T11:52:18,ITRAN,42.1283333333,48.1472222222,0.0125,355,5.98416666667
667,247095300,2026-04-06T06:51:07,2026-04-06T11:51:33,2026-04-06T11:52:18,ITRAN,42.1283333333,47.1480555556,0.0125,346,5.98666666667
668,247095300,2026-04-06T07:51:03,2026-04-06T11:51:33,2026-04-06T11:52:18,ITRAN,42.1283333333,46.1491666667,0.0125,342,5.98888888889
669,247095300,2026-04-06T08:50:57,2026-04-06T11:51:33,2026-04-06T11:52:18,ITRAN,42.1283333333,45.1508333333,0.0125,342,5.98972222222
670,247095300,2026-04-06T09:50:49,2026-04-06T11:51:33,2026-04-06T11:52:18,ITRAN,42.1283333333,44.1530555556,0.0125,341,5.97333333333
671,247095300,2026-04-06T10:50:42,2026-04-06T11:51:33,2026-04-06T11:52:18,ITRAN,42.1283333333,43.155,0.0125,341,5.97361111111
672,247095300,2026-04-06T11:51:33,2026-04-06T11:51:33,2026-04-06T11:52:18,ITRAN,42.1283333333,42.1408333333,0.0125,342,5.98944444444
673,247100900,2026-04-15T12:43:44,2026-04-16T12:43:53,2026-04-16T15:39:08,ITAUG,-136.652222222,-109.728888889,2.92083333333,355,5.98722222222
674,247100900,2026-04-15T13:43:38,2026-04-16T12:43:53,2026-04-16T15:39:08,ITAUG,-136.652222222,-110.727222222,2.92083333333,355,5.98777777778
675,247100900,2026-04-15T14:43:33,2026-04-16T12:43:53,2026-04-16T15:39:08,ITAUG,-136.652222222,-111.725833333,2.92083333333,355,5.98888888889
676,247100900,2026-04-15T15:43:39,2026-04-16T12:43:53,2026-04-16T15:39:08,ITAUG,-136.652222222,-112.7275,2.92083333333,355,5.99277777778
677,247100900,2026-04-15T16:43:33,2026-04-16T12:43:53,2026-04-16T15:39:08,ITAUG,-136.652222222,-113.725833333,2.92083333333,355,5.99277777778
678,247100900,2026-04-15T16:49:39,2026-04-16T12:43:53,2026-04-16T15:39:08,ITAUG,-136.652222222,-113.8275,2.92083333333,301,5.07944444444
679,247100900,2026-04-16T05:43:04,2026-04-16T12:43:53,2026-04-16T15:39:08,ITAUG,-136.652222222,-126.717777778,2.92083333333,41,0.676666666667
680,247100900,2026-04-16T06:42:56,2026-04-16T12:43:53,2026-04-16T15:39:08,ITAUG,-136.652222222,-127.715555556,2.92083333333,100,1.67444444444
681,247100900,2026-04-16T07:43:49,2026-04-16T12:43:53,2026-04-16T15:39:08,ITAUG,-136.652222222,-128.730277778,2.92083333333,160,2.68916666667
682,247100900,2026-04-16T08:43:18,2026-04-16T12:43:53,2026-04-16T15:39:08,ITAUG,-136.652222222,-129.721666667,2.92083333333,218,3.68055555556
683,247100900,2026-04-16T09:43:10,2026-04-16T12:43:53,2026-04-16T15:39:08,ITAUG,-136.652222222,-130.719444444,2.92083333333,277,4.67833333333
684,247100900,2026-04-16T10:43:03,2026-04-16T12:43:53,2026-04-16T15:39:08,ITAUG,-136.652222222,-131.7175,2.92083333333,336,5.67638888889
685,247100900,2026-04-16T11:42:58,2026-04-16T12:43:53,2026-04-16T15:39:08,ITAUG,-136.652222222,-132.716111111,2.92083333333,354,5.98166666667
686,247100900,2026-04-16T12:43:53,2026-04-16T12:43:53,2026-04-16T15:39:08,ITAUG,-136.652222222,-133.731388889,2.92083333333,355,5.99888888889
687,247101700,2026-04-12T06:24:22,2026-04-12T08:25:14,2026-04-12T08:25:56,ITSPA,-2010.43222222,-2008.40611111,0.0116666666667,41,0.682222222222
688,247101700,2026-04-12T07:24:45,2026-04-12T08:25:14,2026-04-12T08:25:56,ITSPA,-2010.43222222,-2009.4125,0.0116666666667,100,1.68861111111
689,247101700,2026-04-12T08:25:14,2026-04-12T08:25:14,2026-04-12T08:25:56,ITSPA,-2010.43222222,-2010.42055556,0.0116666666667,159,2.69666666667
690,247104500,2026-04-07T08:08:08,2026-04-07T08:08:08,2026-04-07T08:08:54,GRPIR,30.8516666667,30.8644444444,0.0127777777778,70,1.16694444444
691,247131100,2026-04-15T12:43:44,2026-04-16T12:43:53,2026-04-16T15:36:50,ITAUG,-201.613888889,-174.728888889,2.8825,355,5.98722222222
692,247131100,2026-04-15T13:43:38,2026-04-16T12:43:53,2026-04-16T15:36:50,ITAUG,-201.613888889,-175.727222222,2.8825,355,5.98777777778
693,247131100,2026-04-15T14:43:33,2026-04-16T12:43:53,2026-04-16T15:36:50,ITAUG,-201.613888889,-176.725833333,2.8825,355,5.98888888889
694,247131100,2026-04-15T15:43:39,2026-04-16T12:43:53,2026-04-16T15:36:50,ITAUG,-201.613888889,-177.7275,2.8825,355,5.99277777778
695,247131100,2026-04-15T16:43:33,2026-04-16T12:43:53,2026-04-16T15:36:50,ITAUG,-201.613888889,-178.725833333,2.8825,355,5.99277777778
696,247131100,2026-04-15T17:43:23,2026-04-16T12:43:53,2026-04-16T15:36:50,ITAUG,-201.613888889,-179.723055556,2.8825,354,5.975
697,247131100,2026-04-15T18:43:08,2026-04-16T12:43:53,2026-04-16T15:36:50,ITAUG,-201.613888889,-180.718888889,2.8825,354,5.97305555556
698,247131100,2026-04-15T19:43:51,2026-04-16T12:43:53,2026-04-16T15:36:50,ITAUG,-201.613888889,-181.730833333,2.8825,355,5.98666666667
699,247131100,2026-04-15T20:43:36,2026-04-16T12:43:53,2026-04-16T15:36:50,ITAUG,-201.613888889,-182.726666667,2.8825,355,5.98388888889
700,247131100,2026-04-15T21:43:24,2026-04-16T12:43:53,2026-04-16T15:36:50,ITAUG,-201.613888889,-183.723333333,2.8825,355,5.97888888889
701,247131100,2026-04-15T22:43:12,2026-04-16T12:43:53,2026-04-16T15:36:50,ITAUG,-201.613888889,-184.72,2.8825,355,5.97722222222
702,247131100,2026-04-15T23:43:02,2026-04-16T12:43:53,2026-04-16T15:36:50,ITAUG,-201.613888889,-185.717222222,2.8825,355,5.97722222222
703,247131100,2026-04-16T00:43:53,2026-04-16T12:43:53,2026-04-16T15:36:50,ITAUG,-201.613888889,-186.731388889,2.8825,356,5.99555555556
704,247131100,2026-04-16T01:43:43,2026-04-16T12:43:53,2026-04-16T15:36:50,ITAUG,-201.613888889,-187.728611111,2.8825,355,5.98083333333
705,247131100,2026-04-16T02:43:33,2026-04-16T12:43:53,2026-04-16T15:36:50,ITAUG,-201.613888889,-188.725833333,2.8825,355,5.98222222222
706,247131100,2026-04-16T03:43:22,2026-04-16T12:43:53,2026-04-16T15:36:50,ITAUG,-201.613888889,-189.722777778,2.8825,355,5.98277777778
707,247131100,2026-04-16T04:43:12,2026-04-16T12:43:53,2026-04-16T15:36:50,ITAUG,-201.613888889,-190.72,2.8825,355,5.98305555556
708,247131100,2026-04-16T05:43:04,2026-04-16T12:43:53,2026-04-16T15:36:50,ITAUG,-201.613888889,-191.717777778,2.8825,355,5.98361111111
709,247131100,2026-04-16T06:42:56,2026-04-16T12:43:53,2026-04-16T15:36:50,ITAUG,-201.613888889,-192.715555556,2.8825,355,5.98416666667
710,247131100,2026-04-16T07:43:49,2026-04-16T12:43:53,2026-04-16T15:36:50,ITAUG,-201.613888889,-193.730277778,2.8825,355,5.98472222222
711,247131100,2026-04-16T08:43:18,2026-04-16T12:43:53,2026-04-16T15:36:50,ITAUG,-201.613888889,-194.721666667,2.8825,354,5.97888888889
712,247131100,2026-04-16T09:43:10,2026-04-16T12:43:53,2026-04-16T15:36:50,ITAUG,-201.613888889,-195.719444444,2.8825,354,5.97972222222
713,247131100,2026-04-16T10:43:03,2026-04-16T12:43:53,2026-04-16T15:36:50,ITAUG,-201.613888889,-196.7175,2.8825,354,5.98055555556
714,247131100,2026-04-16T11:42:58,2026-04-16T12:43:53,2026-04-16T15:36:50,ITAUG,-201.613888889,-197.716111111,2.8825,354,5.98166666667
715,247131100,2026-04-16T12:43:53,2026-04-16T12:43:53,2026-04-16T15:36:50,ITAUG,-201.613888889,-198.731388889,2.8825,355,5.99888888889
716,247144750,2026-04-11T02:01:29,2026-04-12T01:32:38,2026-04-12T01:33:23,UNKNOWN,-2424.53972222,-2401.00805556,0.0125,29,0.473333333333
717,247144750,2026-04-12T01:32:38,2026-04-12T01:32:38,2026-04-12T01:33:23,UNKNOWN,-2424.53972222,-2424.52722222,0.0125,20,0.321666666667
718,247147120,2026-04-11T21:51:37,2026-04-11T22:51:48,2026-04-11T22:52:14,UNKNOWN,-2422.87055556,-2421.86027778,0.00722222222222,19,1.17388888889
719,247147120,2026-04-11T22:51:48,2026-04-11T22:51:48,2026-04-11T22:52:14,UNKNOWN,-2422.87055556,-2422.86333333,0.00722222222222,78,2.17694444444
720,247153450,2026-04-10T14:04:43,2026-04-10T14:04:43,2026-04-10T14:04:52,NON_SPECIFIC,2378.25222222,2378.25472222,0.0025,18,0.288333333333
721,247176900,2026-04-13T09:56:51,2026-04-13T13:57:33,2026-04-13T13:58:10,ITSIR,23.0305555556,27.0525,0.0102777777778,46,0.760833333333
722,247176900,2026-04-13T10:56:43,2026-04-13T13:57:33,2026-04-13T13:58:10,ITSIR,23.0305555556,26.0547222222,0.0102777777778,105,1.75861111111
723,247176900,2026-04-13T11:56:36,2026-04-13T13:57:33,2026-04-13T13:58:10,ITSIR,23.0305555556,25.0566666667,0.0102777777778,164,2.75666666667
724,247176900,2026-04-13T12:57:31,2026-04-13T13:57:33,2026-04-13T13:58:10,ITSIR,23.0305555556,24.0413888889,0.0102777777778,224,3.77194444444
725,247176900,2026-04-13T13:57:33,2026-04-13T13:57:33,2026-04-13T13:58:10,ITSIR,23.0305555556,23.0408333333,0.0102777777778,283,4.7725
726,247219700,2026-04-09T16:02:11,2026-04-10T16:04:51,2026-04-10T16:05:00,ITNAP,15.9166666667,39.9636111111,0.0025,225,5.95444444444
727,247219700,2026-04-09T17:04:05,2026-04-10T16:04:51,2026-04-10T16:05:00,ITNAP,15.9166666667,38.9319444444,0.0025,253,5.73416666667
728,247219700,2026-04-09T17:35:33,2026-04-10T16:04:51,2026-04-10T16:05:00,ITNAP,15.9166666667,38.4075,0.0025,252,5.31194444444
729,247219700,2026-04-09T19:04:39,2026-04-10T16:04:51,2026-04-10T16:05:00,ITNAP,15.9166666667,36.9225,0.0025,250,5.985
730,247219700,2026-04-09T19:53:15,2026-04-10T16:04:51,2026-04-10T16:05:00,ITNAP,15.9166666667,36.1125,0.0025,237,5.79638888889
731,247219700,2026-04-09T21:04:10,2026-04-10T16:04:51,2026-04-10T16:05:00,ITNAP,15.9166666667,34.9305555556,0.0025,241,5.98
732,247219700,2026-04-09T22:04:00,2026-04-10T16:04:51,2026-04-10T16:05:00,ITNAP,15.9166666667,33.9333333333,0.0025,245,5.7425
733,247219700,2026-04-09T23:03:51,2026-04-10T16:04:51,2026-04-10T16:05:00,ITNAP,15.9166666667,32.9358333333,0.0025,266,5.97916666667
734,247219700,2026-04-10T00:04:46,2026-04-10T16:04:51,2026-04-10T16:05:00,ITNAP,15.9166666667,31.9205555556,0.0025,297,5.60944444444
735,247219700,2026-04-10T01:04:42,2026-04-10T16:04:51,2026-04-10T16:05:00,ITNAP,15.9166666667,30.9216666667,0.0025,319,5.98416666667
736,247219700,2026-04-10T02:04:41,2026-04-10T16:04:51,2026-04-10T16:05:00,ITNAP,15.9166666667,29.9219444444,0.0025,343,5.8025
737,247219700,2026-04-10T03:04:44,2026-04-10T16:04:51,2026-04-10T16:05:00,ITNAP,15.9166666667,28.9211111111,0.0025,355,5.9925
738,247219700,2026-04-10T04:04:46,2026-04-10T16:04:51,2026-04-10T16:05:00,ITNAP,15.9166666667,27.9205555556,0.0025,355,5.99583333333
739,247219700,2026-04-10T05:04:47,2026-04-10T16:04:51,2026-04-10T16:05:00,ITNAP,15.9166666667,26.9202777778,0.0025,355,5.99861111111
740,247219700,2026-04-10T06:04:47,2026-04-10T16:04:51,2026-04-10T16:05:00,ITNAP,15.9166666667,25.9202777778,0.0025,353,5.98333333333
741,247219700,2026-04-10T07:04:48,2026-04-10T16:04:51,2026-04-10T16:05:00,ITNAP,15.9166666667,24.92,0.0025,353,5.98472222222
742,247219700,2026-04-10T08:03:51,2026-04-10T16:04:51,2026-04-10T16:05:00,ITNAP,15.9166666667,23.9358333333,0.0025,349,5.96916666667
743,247219700,2026-04-10T09:03:53,2026-04-10T16:04:51,2026-04-10T16:05:00,ITNAP,15.9166666667,22.9352777778,0.0025,349,5.96888888889
744,247219700,2026-04-10T10:03:55,2026-04-10T16:04:51,2026-04-10T16:05:00,ITNAP,15.9166666667,21.9347222222,0.0025,349,5.96888888889
745,247219700,2026-04-10T10:50:41,2026-04-10T16:04:51,2026-04-10T16:05:00,ITNAP,15.9166666667,21.1552777778,0.0025,332,5.74805555556
746,247219700,2026-04-10T12:04:47,2026-04-10T16:04:51,2026-04-10T16:05:00,ITNAP,15.9166666667,19.9202777778,0.0025,284,5.98305555556
747,247219700,2026-04-10T13:04:43,2026-04-10T16:04:51,2026-04-10T16:05:00,ITNAP,15.9166666667,18.9213888889,0.0025,273,5.98166666667
748,247219700,2026-04-10T14:04:43,2026-04-10T16:04:51,2026-04-10T16:05:00,ITNAP,15.9166666667,17.9213888889,0.0025,277,5.9975
749,247219700,2026-04-10T15:04:46,2026-04-10T16:04:51,2026-04-10T16:05:00,ITNAP,15.9166666667,16.9205555556,0.0025,277,5.99777777778
750,247219700,2026-04-10T16:04:51,2026-04-10T16:04:51,2026-04-10T16:05:00,ITNAP,15.9166666667,15.9191666667,0.0025,277,5.99861111111
751,247231200,2026-04-06T10:44:37,2026-04-06T15:44:48,2026-04-06T15:45:00,ESTAR,2885.25,2890.25638889,0.00333333333333,33,0.541111111111
752,247231200,2026-04-06T10:55:47,2026-04-06T15:44:48,2026-04-06T15:45:00,ESTAR,2885.25,2890.07027778,0.00333333333333,44,0.727222222222
753,247231200,2026-04-06T12:44:16,2026-04-06T15:44:48,2026-04-06T15:45:00,ESTAR,2885.25,2888.26222222,0.00333333333333,48,2.53527777778
754,247231200,2026-04-06T13:44:04,2026-04-06T15:44:48,2026-04-06T15:45:00,ESTAR,2885.25,2887.26555556,0.00333333333333,107,3.53194444444
755,247231200,2026-04-06T14:43:53,2026-04-06T15:44:48,2026-04-06T15:45:00,ESTAR,2885.25,2886.26861111,0.00333333333333,153,4.52888888889
756,247231200,2026-04-06T15:44:48,2026-04-06T15:44:48,2026-04-06T15:45:00,ESTAR,2885.25,2885.25333333,0.00333333333333,211,5.54416666667
757,247241800,2026-04-16T04:43:12,2026-04-16T12:43:53,2026-04-16T15:36:38,ITCTA,-10.6105555556,0.28,2.87916666667,35,0.574722222222
758,247241800,2026-04-16T05:43:04,2026-04-16T12:43:53,2026-04-16T15:36:38,ITCTA,-10.6105555556,-0.717777777778,2.87916666667,94,1.5725
759,247241800,2026-04-16T06:42:56,2026-04-16T12:43:53,2026-04-16T15:36:38,ITCTA,-10.6105555556,-1.71555555556,2.87916666667,153,2.57027777778
760,247241800,2026-04-16T07:43:49,2026-04-16T12:43:53,2026-04-16T15:36:38,ITCTA,-10.6105555556,-2.73027777778,2.87916666667,213,3.585
761,247241800,2026-04-16T08:43:18,2026-04-16T12:43:53,2026-04-16T15:36:38,ITCTA,-10.6105555556,-3.72166666667,2.87916666667,271,4.57638888889
762,247241800,2026-04-16T09:43:10,2026-04-16T12:43:53,2026-04-16T15:36:38,ITCTA,-10.6105555556,-4.71944444444,2.87916666667,330,5.57416666667
763,247241800,2026-04-16T10:43:03,2026-04-16T12:43:53,2026-04-16T15:36:38,ITCTA,-10.6105555556,-5.7175,2.87916666667,354,5.98055555556
764,247241800,2026-04-16T11:42:58,2026-04-16T12:43:53,2026-04-16T15:36:38,ITCTA,-10.6105555556,-6.71611111111,2.87916666667,354,5.98166666667
765,247241800,2026-04-16T12:43:53,2026-04-16T12:43:53,2026-04-16T15:36:38,ITCTA,-10.6105555556,-7.73138888889,2.87916666667,355,5.99888888889
766,247268300,2026-04-15T12:43:44,2026-04-16T12:43:53,2026-04-16T15:39:08,ITAUG,229.347777778,256.271111111,2.92083333333,355,5.98722222222
767,247268300,2026-04-15T13:43:38,2026-04-16T12:43:53,2026-04-16T15:39:08,ITAUG,229.347777778,255.272777778,2.92083333333,355,5.98777777778
768,247268300,2026-04-15T14:43:33,2026-04-16T12:43:53,2026-04-16T15:39:08,ITAUG,229.347777778,254.274166667,2.92083333333,355,5.98888888889
769,247268300,2026-04-15T15:43:39,2026-04-16T12:43:53,2026-04-16T15:39:08,ITAUG,229.347777778,253.2725,2.92083333333,355,5.99277777778
770,247268300,2026-04-15T16:35:26,2026-04-16T12:43:53,2026-04-16T15:39:08,ITAUG,229.347777778,252.409444444,2.92083333333,347,5.8575
771,247268300,2026-04-16T05:43:04,2026-04-16T12:43:53,2026-04-16T15:39:08,ITAUG,229.347777778,239.282222222,2.92083333333,74,1.23444444444
772,247268300,2026-04-16T06:42:56,2026-04-16T12:43:53,2026-04-16T15:39:08,ITAUG,229.347777778,238.284444444,2.92083333333,133,2.23222222222
773,247268300,2026-04-16T07:43:49,2026-04-16T12:43:53,2026-04-16T15:39:08,ITAUG,229.347777778,237.269722222,2.92083333333,193,3.24694444444
774,247268300,2026-04-16T08:43:18,2026-04-16T12:43:53,2026-04-16T15:39:08,ITAUG,229.347777778,236.278333333,2.92083333333,251,4.23833333333
775,247268300,2026-04-16T09:43:10,2026-04-16T12:43:53,2026-04-16T15:39:08,ITAUG,229.347777778,235.280555556,2.92083333333,310,5.23611111111
776,247268300,2026-04-16T10:43:03,2026-04-16T12:43:53,2026-04-16T15:39:08,ITAUG,229.347777778,234.2825,2.92083333333,354,5.98055555556
777,247268300,2026-04-16T11:42:58,2026-04-16T12:43:53,2026-04-16T15:39:08,ITAUG,229.347777778,233.283888889,2.92083333333,354,5.98166666667
778,247268300,2026-04-16T12:43:53,2026-04-16T12:43:53,2026-04-16T15:39:08,ITAUG,229.347777778,232.268611111,2.92083333333,355,5.99888888889
779,247278300,2026-04-15T12:37:39,2026-04-16T12:37:48,2026-04-16T12:38:44,NON_SPECIFIC,3786.35444444,3810.3725,0.0155555555556,265,5.98722222222
780,247278300,2026-04-15T13:37:33,2026-04-16T12:37:48,2026-04-16T12:38:44,NON_SPECIFIC,3786.35444444,3809.37416667,0.0155555555556,305,5.70027777778
781,247278300,2026-04-15T14:37:28,2026-04-16T12:37:48,2026-04-16T12:38:44,NON_SPECIFIC,3786.35444444,3808.37555556,0.0155555555556,321,5.98888888889
782,247278300,2026-04-15T15:37:34,2026-04-16T12:37:48,2026-04-16T12:38:44,NON_SPECIFIC,3786.35444444,3807.37388889,0.0155555555556,298,5.99305555556
783,247278300,2026-04-15T16:37:28,2026-04-16T12:37:48,2026-04-16T12:38:44,NON_SPECIFIC,3786.35444444,3806.37555556,0.0155555555556,301,5.92527777778
784,247278300,2026-04-15T17:21:06,2026-04-16T12:37:48,2026-04-16T12:38:44,NON_SPECIFIC,3786.35444444,3805.64833333,0.0155555555556,291,5.705
785,247278300,2026-04-15T18:28:58,2026-04-16T12:37:48,2026-04-16T12:38:44,NON_SPECIFIC,3786.35444444,3804.51722222,0.0155555555556,286,5.83833333333
786,247278300,2026-04-15T19:37:47,2026-04-16T12:37:48,2026-04-16T12:38:44,NON_SPECIFIC,3786.35444444,3803.37027778,0.0155555555556,255,5.98694444444
787,247278300,2026-04-15T20:25:22,2026-04-16T12:37:48,2026-04-16T12:38:44,NON_SPECIFIC,3786.35444444,3802.57722222,0.0155555555556,243,5.78138888889
788,247278300,2026-04-15T21:37:19,2026-04-16T12:37:48,2026-04-16T12:38:44,NON_SPECIFIC,3786.35444444,3801.37805556,0.0155555555556,261,5.97888888889
789,247278300,2026-04-15T22:37:07,2026-04-16T12:37:48,2026-04-16T12:38:44,NON_SPECIFIC,3786.35444444,3800.38138889,0.0155555555556,268,5.97722222222
790,247278300,2026-04-15T23:36:57,2026-04-16T12:37:48,2026-04-16T12:38:44,NON_SPECIFIC,3786.35444444,3799.38416667,0.0155555555556,284,5.77472222222
791,247278300,2026-04-16T00:37:48,2026-04-16T12:37:48,2026-04-16T12:38:44,NON_SPECIFIC,3786.35444444,3798.37,0.0155555555556,305,5.96166666667
792,247278300,2026-04-16T01:37:38,2026-04-16T12:37:48,2026-04-16T12:38:44,NON_SPECIFIC,3786.35444444,3797.37277778,0.0155555555556,335,5.98083333333
793,247278300,2026-04-16T02:37:28,2026-04-16T12:37:48,2026-04-16T12:38:44,NON_SPECIFIC,3786.35444444,3796.37555556,0.0155555555556,341,5.89777777778
794,247278300,2026-04-16T03:37:17,2026-04-16T12:37:48,2026-04-16T12:38:44,NON_SPECIFIC,3786.35444444,3795.37861111,0.0155555555556,345,5.9825
795,247278300,2026-04-16T04:37:07,2026-04-16T12:37:48,2026-04-16T12:38:44,NON_SPECIFIC,3786.35444444,3794.38138889,0.0155555555556,341,5.98305555556
796,247278300,2026-04-16T04:47:15,2026-04-16T12:37:48,2026-04-16T12:38:44,NON_SPECIFIC,3786.35444444,3794.2125,0.0155555555556,292,5.15472222222
797,247278300,2026-04-16T12:37:48,2026-04-16T12:37:48,2026-04-16T12:38:44,NON_SPECIFIC,3786.35444444,3786.37,0.0155555555556,62,1.0325
798,247282600,2026-04-16T06:42:56,2026-04-16T12:43:53,2026-04-16T15:38:51,ITAUG,-2.3475,6.58444444444,2.91611111111,46,0.761111111111
799,247282600,2026-04-16T07:43:49,2026-04-16T12:43:53,2026-04-16T15:38:51,ITAUG,-2.3475,5.56972222222,2.91611111111,106,1.77583333333
800,247282600,2026-04-16T08:43:18,2026-04-16T12:43:53,2026-04-16T15:38:51,ITAUG,-2.3475,4.57833333333,2.91611111111,164,2.76722222222
801,247282600,2026-04-16T09:43:10,2026-04-16T12:43:53,2026-04-16T15:38:51,ITAUG,-2.3475,3.58055555556,2.91611111111,223,3.765
802,247282600,2026-04-16T10:43:03,2026-04-16T12:43:53,2026-04-16T15:38:51,ITAUG,-2.3475,2.5825,2.91611111111,282,4.76305555556
803,247282600,2026-04-16T11:42:58,2026-04-16T12:43:53,2026-04-16T15:38:51,ITAUG,-2.3475,1.58388888889,2.91611111111,341,5.76166666667
804,247282600,2026-04-16T12:43:53,2026-04-16T12:43:53,2026-04-16T15:38:51,ITAUG,-2.3475,0.568611111111,2.91611111111,355,5.99888888889
805,247296500,2026-04-10T23:59:42,2026-04-12T02:34:40,2026-04-12T02:35:15,ITLIV,40.4125,67.005,0.00972222222222,202,3.40388888889
806,247296500,2026-04-11T16:33:46,2026-04-12T02:34:40,2026-04-12T02:35:15,ITLIV,40.4125,50.4372222222,0.00972222222222,31,0.509166666667
807,247296500,2026-04-11T17:33:51,2026-04-12T02:34:40,2026-04-12T02:35:15,ITLIV,40.4125,49.4358333333,0.00972222222222,90,1.51055555556
808,247296500,2026-04-11T18:33:52,2026-04-12T02:34:40,2026-04-12T02:35:15,ITLIV,40.4125,48.4355555556,0.00972222222222,149,2.51083333333
809,247296500,2026-04-11T19:33:53,2026-04-12T02:34:40,2026-04-12T02:35:15,ITLIV,40.4125,47.4352777778,0.00972222222222,208,3.51111111111
810,247296500,2026-04-11T20:34:02,2026-04-12T02:34:40,2026-04-12T02:35:15,ITLIV,40.4125,46.4327777778,0.00972222222222,267,4.51361111111
811,247296500,2026-04-11T21:34:15,2026-04-12T02:34:40,2026-04-12T02:35:15,ITLIV,40.4125,45.4291666667,0.00972222222222,326,5.51722222222
812,247296500,2026-04-11T22:34:28,2026-04-12T02:34:40,2026-04-12T02:35:15,ITLIV,40.4125,44.4255555556,0.00972222222222,354,5.99444444444
813,247296500,2026-04-11T23:34:36,2026-04-12T02:34:40,2026-04-12T02:35:15,ITLIV,40.4125,43.4233333333,0.00972222222222,354,5.99555555556
814,247296500,2026-04-12T00:33:40,2026-04-12T02:34:40,2026-04-12T02:35:15,ITLIV,40.4125,42.4388888889,0.00972222222222,353,5.97972222222
815,247296500,2026-04-12T01:34:40,2026-04-12T02:34:40,2026-04-12T02:35:15,ITLIV,40.4125,41.4222222222,0.00972222222222,354,5.99611111111
816,247296500,2026-04-12T02:34:40,2026-04-12T02:34:40,2026-04-12T02:35:15,ITLIV,40.4125,40.4222222222,0.00972222222222,354,5.99361111111
817,247298300,2026-04-15T12:43:44,2026-04-16T12:43:53,2026-04-16T15:38:37,ITAUG,-393.143611111,-366.228888889,2.91222222222,351,5.98722222222
818,247298300,2026-04-15T13:43:38,2026-04-16T12:43:53,2026-04-16T15:38:37,ITAUG,-393.143611111,-367.227222222,2.91222222222,346,5.98777777778
819,247298300,2026-04-15T14:43:33,2026-04-16T12:43:53,2026-04-16T15:38:37,ITAUG,-393.143611111,-368.225833333,2.91222222222,335,5.98888888889
820,247298300,2026-04-15T15:43:39,2026-04-16T12:43:53,2026-04-16T15:38:37,ITAUG,-393.143611111,-369.2275,2.91222222222,330,5.99277777778
821,247298300,2026-04-15T16:43:33,2026-04-16T12:43:53,2026-04-16T15:38:37,ITAUG,-393.143611111,-370.225833333,2.91222222222,330,5.99277777778
822,247298300,2026-04-15T17:43:23,2026-04-16T12:43:53,2026-04-16T15:38:37,ITAUG,-393.143611111,-371.223055556,2.91222222222,315,5.975
823,247298300,2026-04-15T18:09:43,2026-04-16T12:43:53,2026-04-16T15:38:37,ITAUG,-393.143611111,-371.661944444,2.91222222222,282,5.41611111111
824,247298300,2026-04-15T19:27:39,2026-04-16T12:43:53,2026-04-16T15:38:37,ITAUG,-393.143611111,-372.960833333,2.91222222222,248,5.71666666667
825,247298300,2026-04-15T20:43:36,2026-04-16T12:43:53,2026-04-16T15:38:37,ITAUG,-393.143611111,-374.226666667,2.91222222222,239,5.98388888889
826,247298300,2026-04-15T21:43:24,2026-04-16T12:43:53,2026-04-16T15:38:37,ITAUG,-393.143611111,-375.223333333,2.91222222222,246,5.97888888889
827,247298300,2026-04-15T22:43:12,2026-04-16T12:43:53,2026-04-16T15:38:37,ITAUG,-393.143611111,-376.22,2.91222222222,245,5.97722222222
828,247298300,2026-04-15T23:43:02,2026-04-16T12:43:53,2026-04-16T15:38:37,ITAUG,-393.143611111,-377.217222222,2.91222222222,261,5.97722222222
829,247298300,2026-04-16T00:43:53,2026-04-16T12:43:53,2026-04-16T15:38:37,ITAUG,-393.143611111,-378.231388889,2.91222222222,295,5.72583333333
830,247298300,2026-04-16T01:43:43,2026-04-16T12:43:53,2026-04-16T15:38:37,ITAUG,-393.143611111,-379.228611111,2.91222222222,334,5.93027777778
831,247298300,2026-04-16T02:43:33,2026-04-16T12:43:53,2026-04-16T15:38:37,ITAUG,-393.143611111,-380.225833333,2.91222222222,354,5.98222222222
832,247298300,2026-04-16T03:43:22,2026-04-16T12:43:53,2026-04-16T15:38:37,ITAUG,-393.143611111,-381.222777778,2.91222222222,354,5.98277777778
833,247298300,2026-04-16T04:43:12,2026-04-16T12:43:53,2026-04-16T15:38:37,ITAUG,-393.143611111,-382.22,2.91222222222,348,5.98305555556
834,247298300,2026-04-16T05:43:04,2026-04-16T12:43:53,2026-04-16T15:38:37,ITAUG,-393.143611111,-383.217777778,2.91222222222,348,5.98361111111
835,247298300,2026-04-16T06:42:56,2026-04-16T12:43:53,2026-04-16T15:38:37,ITAUG,-393.143611111,-384.215555556,2.91222222222,341,5.98416666667
836,247298300,2026-04-16T07:43:49,2026-04-16T12:43:53,2026-04-16T15:38:37,ITAUG,-393.143611111,-385.230277778,2.91222222222,330,5.98472222222
837,247298300,2026-04-16T08:43:18,2026-04-16T12:43:53,2026-04-16T15:38:37,ITAUG,-393.143611111,-386.221666667,2.91222222222,306,5.97888888889
838,247298300,2026-04-16T09:15:46,2026-04-16T12:43:53,2026-04-16T15:38:37,ITAUG,-393.143611111,-386.762777778,2.91222222222,265,5.52305555556
839,247298300,2026-04-16T10:06:30,2026-04-16T12:43:53,2026-04-16T15:38:37,ITAUG,-393.143611111,-387.608333333,2.91222222222,223,5.37138888889
840,247298300,2026-04-16T11:42:58,2026-04-16T12:43:53,2026-04-16T15:38:37,ITAUG,-393.143611111,-389.216111111,2.91222222222,203,5.98166666667
841,247298300,2026-04-16T12:43:53,2026-04-16T12:43:53,2026-04-16T15:38:37,ITAUG,-393.143611111,-390.231388889,2.91222222222,211,5.99888888889
842,247310200,2026-04-08T08:45:46,2026-04-08T13:56:36,2026-04-08T13:57:13,TNSFA,25.0463888889,30.2372222222,0.0102777777778,23,0.372777777778
843,247310200,2026-04-08T09:36:36,2026-04-08T13:56:36,2026-04-08T13:57:13,TNSFA,25.0463888889,29.39,0.0102777777778,48,1.22
844,247310200,2026-04-08T10:55:43,2026-04-08T13:56:36,2026-04-08T13:57:13,TNSFA,25.0463888889,28.0713888889,0.0102777777778,49,2.53861111111
845,247310200,2026-04-08T11:56:36,2026-04-08T13:56:36,2026-04-08T13:57:13,TNSFA,25.0463888889,27.0566666667,0.0102777777778,109,3.55333333333
846,247310200,2026-04-08T12:56:35,2026-04-08T13:56:36,2026-04-08T13:57:13,TNSFA,25.0463888889,26.0569444444,0.0102777777778,168,4.55305555556
847,247310200,2026-04-08T13:56:36,2026-04-08T13:56:36,2026-04-08T13:57:13,TNSFA,25.0463888889,25.0566666667,0.0102777777778,227,5.55333333333
848,247313600,2026-04-09T02:11:18,2026-04-09T08:12:16,2026-04-09T08:12:25,ITCHI,54.7930555556,60.8116666667,0.0025,24,0.388888888889
849,247313600,2026-04-09T03:12:02,2026-04-09T08:12:16,2026-04-09T08:12:25,ITCHI,54.7930555556,59.7994444444,0.0025,63,1.40111111111
850,247313600,2026-04-09T04:11:45,2026-04-09T08:12:16,2026-04-09T08:12:25,ITCHI,54.7930555556,58.8041666667,0.0025,99,2.39638888889
851,247313600,2026-04-09T05:11:36,2026-04-09T08:12:16,2026-04-09T08:12:25,ITCHI,54.7930555556,57.8066666667,0.0025,158,3.39388888889
852,247313600,2026-04-09T06:11:27,2026-04-09T08:12:16,2026-04-09T08:12:25,ITCHI,54.7930555556,56.8091666667,0.0025,201,4.39138888889
853,247313600,2026-04-09T07:11:21,2026-04-09T08:12:16,2026-04-09T08:12:25,ITCHI,54.7930555556,55.8108333333,0.0025,260,5.38972222222
854,247313600,2026-04-09T08:12:16,2026-04-09T08:12:16,2026-04-09T08:12:25,ITCHI,54.7930555556,54.7955555556,0.0025,296,5.99916666667
855,247319800,2026-04-15T00:00:00,2026-04-15T18:00:36,2026-04-15T18:00:46,ITSAL,11.9872222222,30,0.00277777777778,33,0.540833333333
856,247319800,2026-04-15T00:59:48,2026-04-15T18:00:36,2026-04-15T18:00:46,ITSAL,11.9872222222,29.0033333333,0.00277777777778,92,1.5375
857,247319800,2026-04-15T01:59:37,2026-04-15T18:00:36,2026-04-15T18:00:46,ITSAL,11.9872222222,28.0063888889,0.00277777777778,151,2.53444444444
858,247319800,2026-04-15T03:00:24,2026-04-15T18:00:36,2026-04-15T18:00:46,ITSAL,11.9872222222,26.9933333333,0.00277777777778,211,3.5475
859,247319800,2026-04-15T04:00:13,2026-04-15T18:00:36,2026-04-15T18:00:46,ITSAL,11.9872222222,25.9963888889,0.00277777777778,270,4.54444444444
860,247319800,2026-04-15T05:00:03,2026-04-15T18:00:36,2026-04-15T18:00:46,ITSAL,11.9872222222,24.9991666667,0.00277777777778,329,5.54166666667
861,247319800,2026-04-15T05:59:52,2026-04-15T18:00:36,2026-04-15T18:00:46,ITSAL,11.9872222222,24.0022222222,0.00277777777778,355,5.98083333333
862,247319800,2026-04-15T06:59:43,2026-04-15T18:00:36,2026-04-15T18:00:46,ITSAL,11.9872222222,23.0047222222,0.00277777777778,355,5.98166666667
863,247319800,2026-04-15T08:00:36,2026-04-15T18:00:36,2026-04-15T18:00:46,ITSAL,11.9872222222,21.99,0.00277777777778,356,5.99944444444
864,247319800,2026-04-15T09:00:27,2026-04-15T18:00:36,2026-04-15T18:00:46,ITSAL,11.9872222222,20.9925,0.00277777777778,355,5.98388888889
865,247319800,2026-04-15T10:00:20,2026-04-15T18:00:36,2026-04-15T18:00:46,ITSAL,11.9872222222,19.9944444444,0.00277777777778,355,5.985
866,247319800,2026-04-15T11:00:14,2026-04-15T18:00:36,2026-04-15T18:00:46,ITSAL,11.9872222222,18.9961111111,0.00277777777778,355,5.98611111111
867,247319800,2026-04-15T12:00:06,2026-04-15T18:00:36,2026-04-15T18:00:46,ITSAL,11.9872222222,17.9983333333,0.00277777777778,355,5.98694444444
868,247319800,2026-04-15T12:59:59,2026-04-15T18:00:36,2026-04-15T18:00:46,ITSAL,11.9872222222,17.0002777778,0.00277777777778,355,5.9875
869,247319800,2026-04-15T13:59:52,2026-04-15T18:00:36,2026-04-15T18:00:46,ITSAL,11.9872222222,16.0022222222,0.00277777777778,355,5.98777777778
870,247319800,2026-04-15T14:59:49,2026-04-15T18:00:36,2026-04-15T18:00:46,ITSAL,11.9872222222,15.0030555556,0.00277777777778,354,5.9725
871,247319800,2026-04-15T15:59:53,2026-04-15T18:00:36,2026-04-15T18:00:46,ITSAL,11.9872222222,14.0019444444,0.00277777777778,354,5.97555555556
872,247319800,2026-04-15T16:59:47,2026-04-15T18:00:36,2026-04-15T18:00:46,ITSAL,11.9872222222,13.0036111111,0.00277777777778,354,5.97555555556
873,247319800,2026-04-15T18:00:36,2026-04-15T18:00:36,2026-04-15T18:00:46,ITSAL,11.9872222222,11.99,0.00277777777778,355,5.99138888889
874,247324900,2026-04-12T04:01:16,2026-04-13T00:01:40,2026-04-13T00:02:22,ITGEA,11.9605555556,31.9788888889,0.0116666666667,69,1.155
875,247324900,2026-04-12T05:01:31,2026-04-13T00:01:40,2026-04-13T00:02:22,ITGEA,11.9605555556,30.9747222222,0.0116666666667,128,2.15916666667
876,247324900,2026-04-12T06:00:49,2026-04-13T00:01:40,2026-04-13T00:02:22,ITGEA,11.9605555556,29.9863888889,0.0116666666667,186,3.1475
877,247324900,2026-04-12T07:01:12,2026-04-13T00:01:40,2026-04-13T00:02:22,ITGEA,11.9605555556,28.98,0.0116666666667,245,4.15388888889
878,247324900,2026-04-12T08:01:39,2026-04-13T00:01:40,2026-04-13T00:02:22,ITGEA,11.9605555556,27.9725,0.0116666666667,304,5.16138888889
879,247324900,2026-04-12T09:01:08,2026-04-13T00:01:40,2026-04-13T00:02:22,ITGEA,11.9605555556,26.9811111111,0.0116666666667,352,5.98305555556
880,247324900,2026-04-12T10:01:34,2026-04-13T00:01:40,2026-04-13T00:02:22,ITGEA,11.9605555556,25.9738888889,0.0116666666667,324,5.98777777778
881,247324900,2026-04-12T11:00:54,2026-04-13T00:01:40,2026-04-13T00:02:22,ITGEA,11.9605555556,24.985,0.0116666666667,288,5.9725
882,247324900,2026-04-12T12:01:16,2026-04-13T00:01:40,2026-04-13T00:02:22,ITGEA,11.9605555556,23.9788888889,0.0116666666667,289,5.99027777778
883,247324900,2026-04-12T12:18:37,2026-04-13T00:01:40,2026-04-13T00:02:22,ITGEA,11.9605555556,23.6897222222,0.0116666666667,247,5.27333333333
884,247324900,2026-04-12T13:37:02,2026-04-13T00:01:40,2026-04-13T00:02:22,ITGEA,11.9605555556,22.3827777778,0.0116666666667,198,5.57277777778
885,247324900,2026-04-12T15:01:26,2026-04-13T00:01:40,2026-04-13T00:02:22,ITGEA,11.9605555556,20.9761111111,0.0116666666667,195,5.98777777778
886,247324900,2026-04-12T15:57:16,2026-04-13T00:01:40,2026-04-13T00:02:22,ITGEA,11.9605555556,20.0455555556,0.0116666666667,214,5.91111111111
887,247324900,2026-04-12T16:59:10,2026-04-13T00:01:40,2026-04-13T00:02:22,ITGEA,11.9605555556,19.0138888889,0.0116666666667,214,5.95388888889
888,247324900,2026-04-12T18:00:01,2026-04-13T00:01:40,2026-04-13T00:02:22,ITGEA,11.9605555556,17.9997222222,0.0116666666667,169,5.96222222222
889,247324900,2026-04-12T20:01:37,2026-04-13T00:01:40,2026-04-13T00:02:22,ITGEA,11.9605555556,15.9730555556,0.0116666666667,186,5.91777777778
890,247324900,2026-04-12T21:01:22,2026-04-13T00:01:40,2026-04-13T00:02:22,ITGEA,11.9605555556,14.9772222222,0.0116666666667,190,5.98194444444
891,247324900,2026-04-12T22:01:08,2026-04-13T00:01:40,2026-04-13T00:02:22,ITGEA,11.9605555556,13.9811111111,0.0116666666667,199,5.70972222222
892,247324900,2026-04-12T23:00:53,2026-04-13T00:01:40,2026-04-13T00:02:22,ITGEA,11.9605555556,12.9852777778,0.0116666666667,235,5.23416666667
893,247324900,2026-04-13T00:01:40,2026-04-13T00:01:40,2026-04-13T00:02:22,ITGEA,11.9605555556,11.9722222222,0.0116666666667,281,4.72694444444
894,247333600,2026-04-15T12:43:44,2026-04-16T12:43:53,2026-04-16T15:39:13,ITAUG,4084.76305556,4111.68777778,2.92222222222,334,5.63222222222
895,247333600,2026-04-15T13:43:38,2026-04-16T12:43:53,2026-04-16T15:39:13,ITAUG,4084.76305556,4110.68944444,2.92222222222,355,5.98777777778
896,247333600,2026-04-15T14:43:33,2026-04-16T12:43:53,2026-04-16T15:39:13,ITAUG,4084.76305556,4109.69083333,2.92222222222,355,5.98888888889
897,247333600,2026-04-15T15:43:39,2026-04-16T12:43:53,2026-04-16T15:39:13,ITAUG,4084.76305556,4108.68916667,2.92222222222,355,5.99277777778
898,247333600,2026-04-15T16:43:33,2026-04-16T12:43:53,2026-04-16T15:39:13,ITAUG,4084.76305556,4107.69083333,2.92222222222,355,5.99277777778
899,247333600,2026-04-15T17:41:21,2026-04-16T12:43:53,2026-04-16T15:39:13,ITAUG,4084.76305556,4106.7275,2.92222222222,346,5.94111111111
900,247333600,2026-04-15T18:43:08,2026-04-16T12:43:53,2026-04-16T15:39:13,ITAUG,4084.76305556,4105.69777778,2.92222222222,306,5.97305555556
901,247333600,2026-04-15T19:43:51,2026-04-16T12:43:53,2026-04-16T15:39:13,ITAUG,4084.76305556,4104.68583333,2.92222222222,280,5.98666666667
902,247333600,2026-04-15T20:43:36,2026-04-16T12:43:53,2026-04-16T15:39:13,ITAUG,4084.76305556,4103.69,2.92222222222,274,5.98388888889
903,247333600,2026-04-15T21:43:24,2026-04-16T12:43:53,2026-04-16T15:39:13,ITAUG,4084.76305556,4102.69333333,2.92222222222,274,5.97888888889
904,247333600,2026-04-15T22:43:12,2026-04-16T12:43:53,2026-04-16T15:39:13,ITAUG,4084.76305556,4101.69666667,2.92222222222,274,5.97722222222
905,247333600,2026-04-15T23:43:02,2026-04-16T12:43:53,2026-04-16T15:39:13,ITAUG,4084.76305556,4100.69944444,2.92222222222,282,5.80861111111
906,247333600,2026-04-16T00:43:53,2026-04-16T12:43:53,2026-04-16T15:39:13,ITAUG,4084.76305556,4099.68527778,2.92222222222,323,5.99555555556
907,247333600,2026-04-16T01:43:43,2026-04-16T12:43:53,2026-04-16T15:39:13,ITAUG,4084.76305556,4098.68805556,2.92222222222,349,5.98083333333
908,247333600,2026-04-16T02:43:33,2026-04-16T12:43:53,2026-04-16T15:39:13,ITAUG,4084.76305556,4097.69083333,2.92222222222,355,5.98222222222
909,247333600,2026-04-16T03:43:22,2026-04-16T12:43:53,2026-04-16T15:39:13,ITAUG,4084.76305556,4096.69388889,2.92222222222,355,5.98277777778
910,247333600,2026-04-16T04:43:12,2026-04-16T12:43:53,2026-04-16T15:39:13,ITAUG,4084.76305556,4095.69666667,2.92222222222,355,5.98305555556
911,247333600,2026-04-16T05:43:04,2026-04-16T12:43:53,2026-04-16T15:39:13,ITAUG,4084.76305556,4094.69888889,2.92222222222,355,5.98361111111
912,247333600,2026-04-16T06:42:56,2026-04-16T12:43:53,2026-04-16T15:39:13,ITAUG,4084.76305556,4093.70111111,2.92222222222,355,5.98416666667
913,247333600,2026-04-16T07:43:49,2026-04-16T12:43:53,2026-04-16T15:39:13,ITAUG,4084.76305556,4092.68638889,2.92222222222,355,5.98472222222
914,247333600,2026-04-16T08:43:18,2026-04-16T12:43:53,2026-04-16T15:39:13,ITAUG,4084.76305556,4091.695,2.92222222222,352,5.97888888889
915,247333600,2026-04-16T09:43:10,2026-04-16T12:43:53,2026-04-16T15:39:13,ITAUG,4084.76305556,4090.69722222,2.92222222222,352,5.97972222222
916,247333600,2026-04-16T10:43:03,2026-04-16T12:43:53,2026-04-16T15:39:13,ITAUG,4084.76305556,4089.69916667,2.92222222222,352,5.98055555556
917,247333600,2026-04-16T11:42:58,2026-04-16T12:43:53,2026-04-16T15:39:13,ITAUG,4084.76305556,4088.70055556,2.92222222222,352,5.98166666667
918,247333600,2026-04-16T12:43:53,2026-04-16T12:43:53,2026-04-16T15:39:13,ITAUG,4084.76305556,4087.68527778,2.92222222222,353,5.99888888889
919,247343900,2026-04-15T12:43:44,2026-04-16T12:43:53,2026-04-16T15:39:12,ITAUG,-2457.65333333,-2430.72888889,2.92194444444,355,5.98722222222
920,247343900,2026-04-15T13:43:38,2026-04-16T12:43:53,2026-04-16T15:39:12,ITAUG,-2457.65333333,-2431.72722222,2.92194444444,355,5.98777777778
921,247343900,2026-04-15T14:43:33,2026-04-16T12:43:53,2026-04-16T15:39:12,ITAUG,-2457.65333333,-2432.72583333,2.92194444444,355,5.98888888889
922,247343900,2026-04-15T15:43:39,2026-04-16T12:43:53,2026-04-16T15:39:12,ITAUG,-2457.65333333,-2433.7275,2.92194444444,355,5.99277777778
923,247343900,2026-04-15T16:41:31,2026-04-16T12:43:53,2026-04-16T15:39:12,ITAUG,-2457.65333333,-2434.69194444,2.92194444444,353,5.95888888889
924,247343900,2026-04-16T05:43:04,2026-04-16T12:43:53,2026-04-16T15:39:12,ITAUG,-2457.65333333,-2447.71777778,2.92194444444,50,0.828611111111
925,247343900,2026-04-16T06:42:56,2026-04-16T12:43:53,2026-04-16T15:39:12,ITAUG,-2457.65333333,-2448.71555556,2.92194444444,109,1.82638888889
926,247343900,2026-04-16T07:43:49,2026-04-16T12:43:53,2026-04-16T15:39:12,ITAUG,-2457.65333333,-2449.73027778,2.92194444444,169,2.84111111111
927,247343900,2026-04-16T08:43:18,2026-04-16T12:43:53,2026-04-16T15:39:12,ITAUG,-2457.65333333,-2450.72166667,2.92194444444,227,3.8325
928,247343900,2026-04-16T09:43:10,2026-04-16T12:43:53,2026-04-16T15:39:12,ITAUG,-2457.65333333,-2451.71944444,2.92194444444,286,4.83027777778
929,247343900,2026-04-16T10:43:03,2026-04-16T12:43:53,2026-04-16T15:39:12,ITAUG,-2457.65333333,-2452.7175,2.92194444444,345,5.82833333333
930,247343900,2026-04-16T11:42:58,2026-04-16T12:43:53,2026-04-16T15:39:12,ITAUG,-2457.65333333,-2453.71611111,2.92194444444,354,5.98166666667
931,247343900,2026-04-16T12:43:53,2026-04-16T12:43:53,2026-04-16T15:39:12,ITAUG,-2457.65333333,-2454.73138889,2.92194444444,355,5.99888888889
932,247349400,2026-04-15T12:43:44,2026-04-16T12:43:53,2026-04-16T15:38:11,ITCTA,-648.636388889,-621.728888889,2.905,355,5.98722222222
933,247349400,2026-04-15T13:43:38,2026-04-16T12:43:53,2026-04-16T15:38:11,ITCTA,-648.636388889,-622.727222222,2.905,355,5.98777777778
934,247349400,2026-04-15T14:43:33,2026-04-16T12:43:53,2026-04-16T15:38:11,ITCTA,-648.636388889,-623.725833333,2.905,355,5.98888888889
935,247349400,2026-04-15T15:43:39,2026-04-16T12:43:53,2026-04-16T15:38:11,ITCTA,-648.636388889,-624.7275,2.905,355,5.99277777778
936,247349400,2026-04-15T16:43:33,2026-04-16T12:43:53,2026-04-16T15:38:11,ITCTA,-648.636388889,-625.725833333,2.905,355,5.99277777778
937,247349400,2026-04-15T17:43:23,2026-04-16T12:43:53,2026-04-16T15:38:11,ITCTA,-648.636388889,-626.723055556,2.905,354,5.975
938,247349400,2026-04-15T18:43:08,2026-04-16T12:43:53,2026-04-16T15:38:11,ITCTA,-648.636388889,-627.718888889,2.905,354,5.97305555556
939,247349400,2026-04-15T19:43:51,2026-04-16T12:43:53,2026-04-16T15:38:11,ITCTA,-648.636388889,-628.730833333,2.905,355,5.98666666667
940,247349400,2026-04-15T20:43:36,2026-04-16T12:43:53,2026-04-16T15:38:11,ITCTA,-648.636388889,-629.726666667,2.905,355,5.98388888889
941,247349400,2026-04-15T21:43:24,2026-04-16T12:43:53,2026-04-16T15:38:11,ITCTA,-648.636388889,-630.723333333,2.905,355,5.97888888889
942,247349400,2026-04-15T22:43:12,2026-04-16T12:43:53,2026-04-16T15:38:11,ITCTA,-648.636388889,-631.72,2.905,355,5.97722222222
943,247349400,2026-04-15T23:43:02,2026-04-16T12:43:53,2026-04-16T15:38:11,ITCTA,-648.636388889,-632.717222222,2.905,355,5.97722222222
944,247349400,2026-04-16T00:43:53,2026-04-16T12:43:53,2026-04-16T15:38:11,ITCTA,-648.636388889,-633.731388889,2.905,356,5.99555555556
945,247349400,2026-04-16T01:43:43,2026-04-16T12:43:53,2026-04-16T15:38:11,ITCTA,-648.636388889,-634.728611111,2.905,355,5.98083333333
946,247349400,2026-04-16T02:43:33,2026-04-16T12:43:53,2026-04-16T15:38:11,ITCTA,-648.636388889,-635.725833333,2.905,355,5.98222222222
947,247349400,2026-04-16T03:43:22,2026-04-16T12:43:53,2026-04-16T15:38:11,ITCTA,-648.636388889,-636.722777778,2.905,355,5.98277777778
948,247349400,2026-04-16T04:43:12,2026-04-16T12:43:53,2026-04-16T15:38:11,ITCTA,-648.636388889,-637.72,2.905,355,5.98305555556
949,247349400,2026-04-16T05:43:04,2026-04-16T12:43:53,2026-04-16T15:38:11,ITCTA,-648.636388889,-638.717777778,2.905,355,5.98361111111
950,247349400,2026-04-16T06:42:56,2026-04-16T12:43:53,2026-04-16T15:38:11,ITCTA,-648.636388889,-639.715555556,2.905,355,5.98416666667
951,247349400,2026-04-16T07:43:49,2026-04-16T12:43:53,2026-04-16T15:38:11,ITCTA,-648.636388889,-640.730277778,2.905,355,5.98472222222
952,247349400,2026-04-16T08:43:18,2026-04-16T12:43:53,2026-04-16T15:38:11,ITCTA,-648.636388889,-641.721666667,2.905,354,5.97888888889
953,247349400,2026-04-16T09:43:10,2026-04-16T12:43:53,2026-04-16T15:38:11,ITCTA,-648.636388889,-642.719444444,2.905,354,5.97972222222
954,247349400,2026-04-16T10:43:03,2026-04-16T12:43:53,2026-04-16T15:38:11,ITCTA,-648.636388889,-643.7175,2.905,354,5.98055555556
955,247349400,2026-04-16T11:42:58,2026-04-16T12:43:53,2026-04-16T15:38:11,ITCTA,-648.636388889,-644.716111111,2.905,354,5.98166666667
956,247349400,2026-04-16T12:43:53,2026-04-16T12:43:53,2026-04-16T15:38:11,ITCTA,-648.636388889,-645.731388889,2.905,355,5.99888888889
957,247351700,2026-04-15T12:43:44,2026-04-16T12:43:53,2026-04-16T15:39:01,ITAUG,4051.84972222,4078.77111111,2.91888888889,341,5.98722222222
958,247351700,2026-04-15T13:43:38,2026-04-16T12:43:53,2026-04-16T15:39:01,ITAUG,4051.84972222,4077.77277778,2.91888888889,341,5.98777777778
959,247351700,2026-04-15T14:43:33,2026-04-16T12:43:53,2026-04-16T15:39:01,ITAUG,4051.84972222,4076.77416667,2.91888888889,341,5.98888888889
960,247351700,2026-04-15T15:43:39,2026-04-16T12:43:53,2026-04-16T15:39:01,ITAUG,4051.84972222,4075.7725,2.91888888889,341,5.99277777778
961,247351700,2026-04-15T16:43:33,2026-04-16T12:43:53,2026-04-16T15:39:01,ITAUG,4051.84972222,4074.77416667,2.91888888889,344,5.99277777778
962,247351700,2026-04-15T17:26:10,2026-04-16T12:43:53,2026-04-16T15:39:01,ITAUG,4051.84972222,4074.06388889,2.91888888889,326,5.68805555556
963,247351700,2026-04-16T04:43:12,2026-04-16T12:43:53,2026-04-16T15:39:01,ITAUG,4051.84972222,4062.78,2.91888888889,35,0.7775
964,247351700,2026-04-16T05:43:04,2026-04-16T12:43:53,2026-04-16T15:39:01,ITAUG,4051.84972222,4061.78222222,2.91888888889,70,1.77527777778
965,247351700,2026-04-16T06:42:56,2026-04-16T12:43:53,2026-04-16T15:39:01,ITAUG,4051.84972222,4060.78444444,2.91888888889,128,2.77305555556
966,247351700,2026-04-16T07:43:49,2026-04-16T12:43:53,2026-04-16T15:39:01,ITAUG,4051.84972222,4059.76972222,2.91888888889,188,3.78777777778
967,247351700,2026-04-16T08:43:18,2026-04-16T12:43:53,2026-04-16T15:39:01,ITAUG,4051.84972222,4058.77833333,2.91888888889,246,4.77916666667
968,247351700,2026-04-16T09:43:10,2026-04-16T12:43:53,2026-04-16T15:39:01,ITAUG,4051.84972222,4057.78055556,2.91888888889,304,5.77694444444
969,247351700,2026-04-16T10:43:03,2026-04-16T12:43:53,2026-04-16T15:39:01,ITAUG,4051.84972222,4056.7825,2.91888888889,328,5.98055555556
970,247351700,2026-04-16T11:42:58,2026-04-16T12:43:53,2026-04-16T15:39:01,ITAUG,4051.84972222,4055.78388889,2.91888888889,352,5.98166666667
971,247351700,2026-04-16T12:43:53,2026-04-16T12:43:53,2026-04-16T15:39:01,ITAUG,4051.84972222,4054.76861111,2.91888888889,351,5.99888888889
972,247355500,2026-04-12T16:52:04,2026-04-13T19:12:58,2026-04-13T19:13:57,ITTOA,21.2675,47.6322222222,0.0163888888889,216,3.64083333333
973,247355500,2026-04-12T21:03:24,2026-04-13T19:12:58,2026-04-13T19:13:57,ITTOA,21.2675,43.4433333333,0.0163888888889,108,5.82972222222
974,247355500,2026-04-12T23:12:02,2026-04-13T19:12:58,2026-04-13T19:13:57,ITTOA,21.2675,41.2994444444,0.0163888888889,51,2.29583333333
975,247355500,2026-04-12T23:57:37,2026-04-13T19:12:58,2026-04-13T19:13:57,ITTOA,21.2675,40.5397222222,0.0163888888889,96,3.05555555556
976,247355500,2026-04-13T00:28:00,2026-04-13T19:12:58,2026-04-13T19:13:57,ITTOA,21.2675,40.0333333333,0.0163888888889,107,3.56194444444
977,247355500,2026-04-13T03:45:31,2026-04-13T19:12:58,2026-04-13T19:13:57,ITTOA,21.2675,36.7413888889,0.0163888888889,107,5.45277777778
978,247355500,2026-04-13T14:12:48,2026-04-13T19:12:58,2026-04-13T19:13:57,ITTOA,21.2675,26.2866666667,0.0163888888889,37,0.610277777778
979,247355500,2026-04-13T15:12:45,2026-04-13T19:12:58,2026-04-13T19:13:57,ITTOA,21.2675,25.2875,0.0163888888889,96,1.60944444444
980,247355500,2026-04-13T16:12:43,2026-04-13T19:12:58,2026-04-13T19:13:57,ITTOA,21.2675,24.2880555556,0.0163888888889,155,2.60888888889
981,247355500,2026-04-13T17:12:38,2026-04-13T19:12:58,2026-04-13T19:13:57,ITTOA,21.2675,23.2894444444,0.0163888888889,214,3.6075
982,247355500,2026-04-13T18:04:21,2026-04-13T19:12:58,2026-04-13T19:13:57,ITTOA,21.2675,22.4275,0.0163888888889,265,4.46944444444
983,247355500,2026-04-13T19:12:58,2026-04-13T19:12:58,2026-04-13T19:13:57,ITTOA,21.2675,21.2838888889,0.0163888888889,298,5.61305555556
984,247362500,2026-04-15T12:43:44,2026-04-16T12:43:53,2026-04-16T15:39:11,TEXT:AUG,-1851.15305556,-1824.22888889,2.92166666667,324,5.98722222222
985,247362500,2026-04-15T13:43:38,2026-04-16T12:43:53,2026-04-16T15:39:11,TEXT:AUG,-1851.15305556,-1825.22722222,2.92166666667,324,5.98777777778
986,247362500,2026-04-15T14:43:33,2026-04-16T12:43:53,2026-04-16T15:39:11,TEXT:AUG,-1851.15305556,-1826.22583333,2.92166666667,344,5.98888888889
987,247362500,2026-04-15T15:43:39,2026-04-16T12:43:53,2026-04-16T15:39:11,TEXT:AUG,-1851.15305556,-1827.2275,2.92166666667,348,5.99277777778
988,247362500,2026-04-15T16:43:33,2026-04-16T12:43:53,2026-04-16T15:39:11,TEXT:AUG,-1851.15305556,-1828.22583333,2.92166666667,348,5.99277777778
989,247362500,2026-04-15T17:43:23,2026-04-16T12:43:53,2026-04-16T15:39:11,TEXT:AUG,-1851.15305556,-1829.22305556,2.92166666667,345,5.975
990,247362500,2026-04-15T18:10:44,2026-04-16T12:43:53,2026-04-16T15:39:11,TEXT:AUG,-1851.15305556,-1829.67888889,2.92166666667,320,5.43305555556
991,247362500,2026-04-15T19:43:51,2026-04-16T12:43:53,2026-04-16T15:39:11,TEXT:AUG,-1851.15305556,-1831.23083333,2.92166666667,303,5.98666666667
992,247362500,2026-04-15T20:43:36,2026-04-16T12:43:53,2026-04-16T15:39:11,TEXT:AUG,-1851.15305556,-1832.22666667,2.92166666667,292,5.98388888889
993,247362500,2026-04-15T21:43:24,2026-04-16T12:43:53,2026-04-16T15:39:11,TEXT:AUG,-1851.15305556,-1833.22333333,2.92166666667,292,5.97888888889
994,247362500,2026-04-15T22:43:12,2026-04-16T12:43:53,2026-04-16T15:39:11,TEXT:AUG,-1851.15305556,-1834.22,2.92166666667,291,5.97722222222
995,247362500,2026-04-15T23:43:02,2026-04-16T12:43:53,2026-04-16T15:39:11,TEXT:AUG,-1851.15305556,-1835.21722222,2.92166666667,292,5.97722222222
996,247362500,2026-04-16T00:36:47,2026-04-16T12:43:53,2026-04-16T15:39:11,TEXT:AUG,-1851.15305556,-1836.11305556,2.92166666667,315,5.57361111111
997,247362500,2026-04-16T01:43:43,2026-04-16T12:43:53,2026-04-16T15:39:11,TEXT:AUG,-1851.15305556,-1837.22861111,2.92166666667,318,5.98083333333
998,247362500,2026-04-16T02:43:33,2026-04-16T12:43:53,2026-04-16T15:39:11,TEXT:AUG,-1851.15305556,-1838.22583333,2.92166666667,329,5.98222222222
999,247362500,2026-04-16T03:43:22,2026-04-16T12:43:53,2026-04-16T15:39:11,TEXT:AUG,-1851.15305556,-1839.22277778,2.92166666667,329,5.98277777778
1000,247362500,2026-04-16T04:43:12,2026-04-16T12:43:53,2026-04-16T15:39:11,TEXT:AUG,-1851.15305556,-1840.22,2.92166666667,330,5.98305555556
1001,247362500,2026-04-16T05:43:04,2026-04-16T12:43:53,2026-04-16T15:39:11,TEXT:AUG,-1851.15305556,-1841.21777778,2.92166666667,331,5.98361111111
1002,247362500,2026-04-16T06:42:56,2026-04-16T12:43:53,2026-04-16T15:39:11,TEXT:AUG,-1851.15305556,-1842.21555556,2.92166666667,340,5.93361111111
1003,247362500,2026-04-16T07:43:49,2026-04-16T12:43:53,2026-04-16T15:39:11,TEXT:AUG,-1851.15305556,-1843.23027778,2.92166666667,355,5.98472222222
1004,247362500,2026-04-16T08:43:18,2026-04-16T12:43:53,2026-04-16T15:39:11,TEXT:AUG,-1851.15305556,-1844.22166667,2.92166666667,354,5.97888888889
1005,247362500,2026-04-16T09:43:10,2026-04-16T12:43:53,2026-04-16T15:39:11,TEXT:AUG,-1851.15305556,-1845.21944444,2.92166666667,354,5.97972222222
1006,247362500,2026-04-16T10:43:03,2026-04-16T12:43:53,2026-04-16T15:39:11,TEXT:AUG,-1851.15305556,-1846.2175,2.92166666667,340,5.98055555556
1007,247362500,2026-04-16T11:42:58,2026-04-16T12:43:53,2026-04-16T15:39:11,TEXT:AUG,-1851.15305556,-1847.21611111,2.92166666667,340,5.98166666667
1008,247362500,2026-04-16T12:43:53,2026-04-16T12:43:53,2026-04-16T15:39:11,TEXT:AUG,-1851.15305556,-1848.23138889,2.92166666667,340,5.99888888889
1009,247382800,2026-04-15T09:25:48,2026-04-16T09:25:55,2026-04-16T09:26:00,ITSPA,-2281.43333333,-2257.43,0.00138888888889,128,5.3925
1010,247382800,2026-04-15T10:15:34,2026-04-16T09:25:55,2026-04-16T09:26:00,ITSPA,-2281.43333333,-2258.25944444,0.00138888888889,164,5.25861111111
1011,247382800,2026-04-15T10:58:12,2026-04-16T09:25:55,2026-04-16T09:26:00,ITSPA,-2281.43333333,-2258.97,0.00138888888889,159,5.29333333333
1012,247382800,2026-04-15T13:25:22,2026-04-16T09:25:55,2026-04-16T09:26:00,ITSPA,-2281.43333333,-2261.42277778,0.00138888888889,106,4.61833333333
1013,247382800,2026-04-15T13:29:26,2026-04-16T09:25:55,2026-04-16T09:26:00,ITSPA,-2281.43333333,-2261.49055556,0.00138888888889,110,4.68611111111
1014,247382800,2026-04-16T04:24:57,2026-04-16T09:25:55,2026-04-16T09:26:00,ITSPA,-2281.43333333,-2276.41583333,0.00138888888889,21,0.591666666667
1015,247382800,2026-04-16T05:20:44,2026-04-16T09:25:55,2026-04-16T09:26:00,ITSPA,-2281.43333333,-2277.34555556,0.00138888888889,33,1.52138888889
1016,247382800,2026-04-16T06:05:23,2026-04-16T09:25:55,2026-04-16T09:26:00,ITSPA,-2281.43333333,-2278.08972222,0.00138888888889,53,2.26555555556
1017,247382800,2026-04-16T07:17:26,2026-04-16T09:25:55,2026-04-16T09:26:00,ITSPA,-2281.43333333,-2279.29055556,0.00138888888889,63,3.46638888889
1018,247382800,2026-04-16T08:16:17,2026-04-16T09:25:55,2026-04-16T09:26:00,ITSPA,-2281.43333333,-2280.27138889,0.00138888888889,86,4.44722222222
1019,247382800,2026-04-16T09:25:55,2026-04-16T09:25:55,2026-04-16T09:26:00,ITSPA,-2281.43333333,-2281.43194444,0.00138888888889,115,5.60777777778
1020,247383400,2026-04-10T23:58:41,2026-04-11T23:59:03,2026-04-11T23:59:18,ITGOA,32.5116666667,56.5219444444,0.00416666666667,354,5.97861111111
1021,247383400,2026-04-11T00:58:35,2026-04-11T23:59:03,2026-04-11T23:59:18,ITGOA,32.5116666667,55.5236111111,0.00416666666667,354,5.97777777778
1022,247383400,2026-04-11T01:58:27,2026-04-11T23:59:03,2026-04-11T23:59:18,ITGOA,32.5116666667,54.5258333333,0.00416666666667,354,5.97638888889
1023,247383400,2026-04-11T02:58:18,2026-04-11T23:59:03,2026-04-11T23:59:18,ITGOA,32.5116666667,53.5283333333,0.00416666666667,354,5.97416666667
1024,247383400,2026-04-11T03:58:09,2026-04-11T23:59:03,2026-04-11T23:59:18,ITGOA,32.5116666667,52.5308333333,0.00416666666667,354,5.97222222222
1025,247383400,2026-04-11T04:58:05,2026-04-11T23:59:03,2026-04-11T23:59:18,ITGOA,32.5116666667,51.5319444444,0.00416666666667,354,5.97194444444
1026,247383400,2026-04-11T05:59:03,2026-04-11T23:59:03,2026-04-11T23:59:18,ITGOA,32.5116666667,50.5158333333,0.00416666666667,355,5.98916666667
1027,247383400,2026-04-11T06:59:03,2026-04-11T23:59:03,2026-04-11T23:59:18,ITGOA,32.5116666667,49.5158333333,0.00416666666667,355,5.99083333333
1028,247383400,2026-04-11T07:59:00,2026-04-11T23:59:03,2026-04-11T23:59:18,ITGOA,32.5116666667,48.5166666667,0.00416666666667,355,5.99222222222
1029,247383400,2026-04-11T08:58:55,2026-04-11T23:59:03,2026-04-11T23:59:18,ITGOA,32.5116666667,47.5180555556,0.00416666666667,355,5.99333333333
1030,247383400,2026-04-11T09:58:49,2026-04-11T23:59:03,2026-04-11T23:59:18,ITGOA,32.5116666667,46.5197222222,0.00416666666667,355,5.99416666667
1031,247383400,2026-04-11T10:58:32,2026-04-11T23:59:03,2026-04-11T23:59:18,ITGOA,32.5116666667,45.5244444444,0.00416666666667,355,5.99055555556
1032,247383400,2026-04-11T11:58:13,2026-04-11T23:59:03,2026-04-11T23:59:18,ITGOA,32.5116666667,44.5297222222,0.00416666666667,355,5.98611111111
1033,247383400,2026-04-11T12:59:03,2026-04-11T23:59:03,2026-04-11T23:59:18,ITGOA,32.5116666667,43.5158333333,0.00416666666667,356,6
1034,247383400,2026-04-11T13:59:00,2026-04-11T23:59:03,2026-04-11T23:59:18,ITGOA,32.5116666667,42.5166666667,0.00416666666667,355,5.98305555556
1035,247383400,2026-04-11T14:59:03,2026-04-11T23:59:03,2026-04-11T23:59:18,ITGOA,32.5116666667,41.5158333333,0.00416666666667,355,5.98527777778
1036,247383400,2026-04-11T15:58:07,2026-04-11T23:59:03,2026-04-11T23:59:18,ITGOA,32.5116666667,40.5313888889,0.00416666666667,354,5.97138888889
1037,247383400,2026-04-11T16:58:13,2026-04-11T23:59:03,2026-04-11T23:59:18,ITGOA,32.5116666667,39.5297222222,0.00416666666667,354,5.97777777778
1038,247383400,2026-04-11T17:58:16,2026-04-11T23:59:03,2026-04-11T23:59:18,ITGOA,32.5116666667,38.5288888889,0.00416666666667,354,5.98388888889
1039,247383400,2026-04-11T18:58:17,2026-04-11T23:59:03,2026-04-11T23:59:18,ITGOA,32.5116666667,37.5286111111,0.00416666666667,354,5.98722222222
1040,247383400,2026-04-11T19:58:20,2026-04-11T23:59:03,2026-04-11T23:59:18,ITGOA,32.5116666667,36.5277777778,0.00416666666667,353,5.97194444444
1041,247383400,2026-04-11T20:58:32,2026-04-11T23:59:03,2026-04-11T23:59:18,ITGOA,32.5116666667,35.5244444444,0.00416666666667,354,5.99138888889
1042,247383400,2026-04-11T21:58:46,2026-04-11T23:59:03,2026-04-11T23:59:18,ITGOA,32.5116666667,34.5205555556,0.00416666666667,354,5.99361111111
1043,247383400,2026-04-11T22:58:56,2026-04-11T23:59:03,2026-04-11T23:59:18,ITGOA,32.5116666667,33.5177777778,0.00416666666667,354,5.995
1044,247383400,2026-04-11T23:59:03,2026-04-11T23:59:03,2026-04-11T23:59:18,ITGOA,32.5116666667,32.5158333333,0.00416666666667,354,5.99583333333
1045,247392600,2026-04-07T10:28:19,2026-04-07T14:29:06,2026-04-07T14:29:44,ITNAP,15.5044444444,19.5280555556,0.0105555555556,36,0.592222222222
1046,247392600,2026-04-07T11:28:09,2026-04-07T14:29:06,2026-04-07T14:29:44,ITNAP,15.5044444444,18.5308333333,0.0105555555556,56,1.58944444444
1047,247392600,2026-04-07T12:29:00,2026-04-07T14:29:06,2026-04-07T14:29:44,ITNAP,15.5044444444,17.5166666667,0.0105555555556,116,2.60361111111
1048,247392600,2026-04-07T13:28:59,2026-04-07T14:29:06,2026-04-07T14:29:44,ITNAP,15.5044444444,16.5169444444,0.0105555555556,175,3.60333333333
1049,247392600,2026-04-07T14:29:06,2026-04-07T14:29:06,2026-04-07T14:29:44,ITNAP,15.5044444444,15.515,0.0105555555556,234,4.60527777778
1050,247407900,2026-04-15T09:49:09,2026-04-16T09:49:15,2026-04-16T09:50:06,UNKNOWN,1902.665,1926.68083333,0.0141666666667,205,3.72
1051,247407900,2026-04-15T10:06:26,2026-04-16T09:49:15,2026-04-16T09:50:06,UNKNOWN,1902.665,1926.39277778,0.0141666666667,222,4.00805555556
1052,247407900,2026-04-16T06:49:01,2026-04-16T09:49:15,2026-04-16T09:50:06,UNKNOWN,1902.665,1905.68305556,0.0141666666667,59,0.980833333333
1053,247407900,2026-04-16T07:48:53,2026-04-16T09:49:15,2026-04-16T09:50:06,UNKNOWN,1902.665,1904.68527778,0.0141666666667,107,1.97861111111
1054,247407900,2026-04-16T08:48:23,2026-04-16T09:49:15,2026-04-16T09:50:06,UNKNOWN,1902.665,1903.69361111,0.0141666666667,165,2.97027777778
1055,247407900,2026-04-16T09:49:15,2026-04-16T09:49:15,2026-04-16T09:50:06,UNKNOWN,1902.665,1902.67916667,0.0141666666667,225,3.98472222222
1056,247408700,2026-04-15T12:43:44,2026-04-16T12:43:53,2026-04-16T15:38:47,ITAUG,-120.646388889,-93.7288888889,2.915,341,5.98722222222
1057,247408700,2026-04-15T13:43:38,2026-04-16T12:43:53,2026-04-16T15:38:47,ITAUG,-120.646388889,-94.7272222222,2.915,348,5.98777777778
1058,247408700,2026-04-15T14:43:33,2026-04-16T12:43:53,2026-04-16T15:38:47,ITAUG,-120.646388889,-95.7258333333,2.915,354,5.98888888889
1059,247408700,2026-04-15T15:43:39,2026-04-16T12:43:53,2026-04-16T15:38:47,ITAUG,-120.646388889,-96.7275,2.915,354,5.99277777778
1060,247408700,2026-04-15T16:43:33,2026-04-16T12:43:53,2026-04-16T15:38:47,ITAUG,-120.646388889,-97.7258333333,2.915,353,5.99277777778
1061,247408700,2026-04-15T17:25:09,2026-04-16T12:43:53,2026-04-16T15:38:47,ITAUG,-120.646388889,-98.4191666667,2.915,334,5.67111111111
1062,247408700,2026-04-15T18:43:08,2026-04-16T12:43:53,2026-04-16T15:38:47,ITAUG,-120.646388889,-99.7188888889,2.915,331,5.97305555556
1063,247408700,2026-04-15T19:43:51,2026-04-16T12:43:53,2026-04-16T15:38:47,ITAUG,-120.646388889,-100.730833333,2.915,330,5.98666666667
1064,247408700,2026-04-15T20:43:36,2026-04-16T12:43:53,2026-04-16T15:38:47,ITAUG,-120.646388889,-101.726666667,2.915,324,5.98388888889
1065,247408700,2026-04-15T21:43:24,2026-04-16T12:43:53,2026-04-16T15:38:47,ITAUG,-120.646388889,-102.723333333,2.915,324,5.97888888889
1066,247408700,2026-04-15T22:43:12,2026-04-16T12:43:53,2026-04-16T15:38:47,ITAUG,-120.646388889,-103.72,2.915,325,5.97722222222
1067,247408700,2026-04-15T23:43:02,2026-04-16T12:43:53,2026-04-16T15:38:47,ITAUG,-120.646388889,-104.717222222,2.915,343,5.92666666667
1068,247408700,2026-04-16T00:43:53,2026-04-16T12:43:53,2026-04-16T15:38:47,ITAUG,-120.646388889,-105.731388889,2.915,341,5.99555555556
1069,247408700,2026-04-16T01:43:43,2026-04-16T12:43:53,2026-04-16T15:38:47,ITAUG,-120.646388889,-106.728611111,2.915,342,5.98083333333
1070,247408700,2026-04-16T02:43:33,2026-04-16T12:43:53,2026-04-16T15:38:47,ITAUG,-120.646388889,-107.725833333,2.915,349,5.98222222222
1071,247408700,2026-04-16T03:43:22,2026-04-16T12:43:53,2026-04-16T15:38:47,ITAUG,-120.646388889,-108.722777778,2.915,349,5.98277777778
1072,247408700,2026-04-16T04:43:12,2026-04-16T12:43:53,2026-04-16T15:38:47,ITAUG,-120.646388889,-109.72,2.915,344,5.98305555556
1073,247408700,2026-04-16T05:43:04,2026-04-16T12:43:53,2026-04-16T15:38:47,ITAUG,-120.646388889,-110.717777778,2.915,344,5.98361111111
1074,247408700,2026-04-16T06:42:56,2026-04-16T12:43:53,2026-04-16T15:38:47,ITAUG,-120.646388889,-111.715555556,2.915,350,5.98416666667
1075,247408700,2026-04-16T07:43:49,2026-04-16T12:43:53,2026-04-16T15:38:47,ITAUG,-120.646388889,-112.730277778,2.915,350,5.98472222222
1076,247408700,2026-04-16T08:43:18,2026-04-16T12:43:53,2026-04-16T15:38:47,ITAUG,-120.646388889,-113.721666667,2.915,349,5.97888888889
1077,247408700,2026-04-16T09:43:10,2026-04-16T12:43:53,2026-04-16T15:38:47,ITAUG,-120.646388889,-114.719444444,2.915,349,5.97972222222
1078,247408700,2026-04-16T10:43:03,2026-04-16T12:43:53,2026-04-16T15:38:47,ITAUG,-120.646388889,-115.7175,2.915,354,5.98055555556
1079,247408700,2026-04-16T11:42:58,2026-04-16T12:43:53,2026-04-16T15:38:47,ITAUG,-120.646388889,-116.716111111,2.915,354,5.98166666667
1080,247408700,2026-04-16T12:43:53,2026-04-16T12:43:53,2026-04-16T15:38:47,ITAUG,-120.646388889,-117.731388889,2.915,355,5.99888888889
1081,247415100,2026-04-15T12:43:44,2026-04-16T12:43:53,2026-04-16T15:38:58,ITCTA,-174.649444444,-147.728888889,2.91805555556,355,5.98722222222
1082,247415100,2026-04-15T13:43:38,2026-04-16T12:43:53,2026-04-16T15:38:58,ITCTA,-174.649444444,-148.727222222,2.91805555556,355,5.98777777778
1083,247415100,2026-04-15T14:43:33,2026-04-16T12:43:53,2026-04-16T15:38:58,ITCTA,-174.649444444,-149.725833333,2.91805555556,355,5.98888888889
1084,247415100,2026-04-15T15:43:39,2026-04-16T12:43:53,2026-04-16T15:38:58,ITCTA,-174.649444444,-150.7275,2.91805555556,355,5.99277777778
1085,247415100,2026-04-15T16:43:33,2026-04-16T12:43:53,2026-04-16T15:38:58,ITCTA,-174.649444444,-151.725833333,2.91805555556,355,5.99277777778
1086,247415100,2026-04-15T17:43:23,2026-04-16T12:43:53,2026-04-16T15:38:58,ITCTA,-174.649444444,-152.723055556,2.91805555556,354,5.975
1087,247415100,2026-04-15T18:43:08,2026-04-16T12:43:53,2026-04-16T15:38:58,ITCTA,-174.649444444,-153.718888889,2.91805555556,354,5.97305555556
1088,247415100,2026-04-15T19:43:51,2026-04-16T12:43:53,2026-04-16T15:38:58,ITCTA,-174.649444444,-154.730833333,2.91805555556,355,5.98666666667
1089,247415100,2026-04-15T20:43:36,2026-04-16T12:43:53,2026-04-16T15:38:58,ITCTA,-174.649444444,-155.726666667,2.91805555556,355,5.98388888889
1090,247415100,2026-04-15T21:43:24,2026-04-16T12:43:53,2026-04-16T15:38:58,ITCTA,-174.649444444,-156.723333333,2.91805555556,355,5.97888888889
1091,247415100,2026-04-15T22:43:12,2026-04-16T12:43:53,2026-04-16T15:38:58,ITCTA,-174.649444444,-157.72,2.91805555556,355,5.97722222222
1092,247415100,2026-04-15T23:43:02,2026-04-16T12:43:53,2026-04-16T15:38:58,ITCTA,-174.649444444,-158.717222222,2.91805555556,355,5.97722222222
1093,247415100,2026-04-16T00:43:53,2026-04-16T12:43:53,2026-04-16T15:38:58,ITCTA,-174.649444444,-159.731388889,2.91805555556,356,5.99555555556
1094,247415100,2026-04-16T01:43:43,2026-04-16T12:43:53,2026-04-16T15:38:58,ITCTA,-174.649444444,-160.728611111,2.91805555556,355,5.98083333333
1095,247415100,2026-04-16T02:43:33,2026-04-16T12:43:53,2026-04-16T15:38:58,ITCTA,-174.649444444,-161.725833333,2.91805555556,355,5.98222222222
1096,247415100,2026-04-16T03:43:22,2026-04-16T12:43:53,2026-04-16T15:38:58,ITCTA,-174.649444444,-162.722777778,2.91805555556,355,5.98277777778
1097,247415100,2026-04-16T04:43:12,2026-04-16T12:43:53,2026-04-16T15:38:58,ITCTA,-174.649444444,-163.72,2.91805555556,355,5.98305555556
1098,247415100,2026-04-16T05:43:04,2026-04-16T12:43:53,2026-04-16T15:38:58,ITCTA,-174.649444444,-164.717777778,2.91805555556,355,5.98361111111
1099,247415100,2026-04-16T06:42:56,2026-04-16T12:43:53,2026-04-16T15:38:58,ITCTA,-174.649444444,-165.715555556,2.91805555556,355,5.98416666667
1100,247415100,2026-04-16T07:43:49,2026-04-16T12:43:53,2026-04-16T15:38:58,ITCTA,-174.649444444,-166.730277778,2.91805555556,355,5.98472222222
1101,247415100,2026-04-16T08:43:18,2026-04-16T12:43:53,2026-04-16T15:38:58,ITCTA,-174.649444444,-167.721666667,2.91805555556,354,5.97888888889
1102,247415100,2026-04-16T09:43:10,2026-04-16T12:43:53,2026-04-16T15:38:58,ITCTA,-174.649444444,-168.719444444,2.91805555556,354,5.97972222222
1103,247415100,2026-04-16T10:43:03,2026-04-16T12:43:53,2026-04-16T15:38:58,ITCTA,-174.649444444,-169.7175,2.91805555556,354,5.98055555556
1104,247415100,2026-04-16T11:42:58,2026-04-16T12:43:53,2026-04-16T15:38:58,ITCTA,-174.649444444,-170.716111111,2.91805555556,354,5.98166666667
1105,247415100,2026-04-16T12:43:53,2026-04-16T12:43:53,2026-04-16T15:38:58,ITCTA,-174.649444444,-171.731388889,2.91805555556,355,5.99888888889
1106,247415600,2026-04-11T21:54:41,2026-04-12T21:55:03,2026-04-12T21:55:18,TEXT:POZZUOLI S A F,18.5783333333,42.5886111111,0.00416666666667,347,5.99361111111
1107,247415600,2026-04-11T22:54:51,2026-04-12T21:55:03,2026-04-12T21:55:18,TEXT:POZZUOLI S A F,18.5783333333,41.5858333333,0.00416666666667,335,5.99472222222
1108,247415600,2026-04-11T23:54:58,2026-04-12T21:55:03,2026-04-12T21:55:18,TEXT:POZZUOLI S A F,18.5783333333,40.5838888889,0.00416666666667,335,5.99583333333
1109,247415600,2026-04-12T00:55:02,2026-04-12T21:55:03,2026-04-12T21:55:18,TEXT:POZZUOLI S A F,18.5783333333,39.5827777778,0.00416666666667,335,5.99666666667
1110,247415600,2026-04-12T01:54:59,2026-04-12T21:55:03,2026-04-12T21:55:18,TEXT:POZZUOLI S A F,18.5783333333,38.5836111111,0.00416666666667,335,5.995
1111,247415600,2026-04-12T02:55:01,2026-04-12T21:55:03,2026-04-12T21:55:18,TEXT:POZZUOLI S A F,18.5783333333,37.5830555556,0.00416666666667,335,5.89055555556
1112,247415600,2026-04-12T03:54:08,2026-04-12T21:55:03,2026-04-12T21:55:18,TEXT:POZZUOLI S A F,18.5783333333,36.5977777778,0.00416666666667,341,5.97388888889
1113,247415600,2026-04-12T04:54:22,2026-04-12T21:55:03,2026-04-12T21:55:18,TEXT:POZZUOLI S A F,18.5783333333,35.5938888889,0.00416666666667,353,5.975
1114,247415600,2026-04-12T05:54:41,2026-04-12T21:55:03,2026-04-12T21:55:18,TEXT:POZZUOLI S A F,18.5783333333,34.5886111111,0.00416666666667,353,5.97833333333
1115,247415600,2026-04-12T06:55:03,2026-04-12T21:55:03,2026-04-12T21:55:18,TEXT:POZZUOLI S A F,18.5783333333,33.5825,0.00416666666667,353,5.98333333333
1116,247415600,2026-04-12T07:54:28,2026-04-12T21:55:03,2026-04-12T21:55:18,TEXT:POZZUOLI S A F,18.5783333333,32.5922222222,0.00416666666667,352,5.97444444444
1117,247415600,2026-04-12T08:54:59,2026-04-12T21:55:03,2026-04-12T21:55:18,TEXT:POZZUOLI S A F,18.5783333333,31.5836111111,0.00416666666667,352,5.9825
1118,247415600,2026-04-12T09:54:24,2026-04-12T21:55:03,2026-04-12T21:55:18,TEXT:POZZUOLI S A F,18.5783333333,30.5933333333,0.00416666666667,339,5.9875
1119,247415600,2026-04-12T10:54:46,2026-04-12T21:55:03,2026-04-12T21:55:18,TEXT:POZZUOLI S A F,18.5783333333,29.5872222222,0.00416666666667,337,5.98944444444
1120,247415600,2026-04-12T11:54:07,2026-04-12T21:55:03,2026-04-12T21:55:18,TEXT:POZZUOLI S A F,18.5783333333,28.5980555556,0.00416666666667,336,5.97361111111
1121,247415600,2026-04-12T12:54:17,2026-04-12T21:55:03,2026-04-12T21:55:18,TEXT:POZZUOLI S A F,18.5783333333,27.5952777778,0.00416666666667,337,5.98722222222
1122,247415600,2026-04-12T13:54:20,2026-04-12T21:55:03,2026-04-12T21:55:18,TEXT:POZZUOLI S A F,18.5783333333,26.5944444444,0.00416666666667,337,5.98055555556
1123,247415600,2026-04-12T14:54:19,2026-04-12T21:55:03,2026-04-12T21:55:18,TEXT:POZZUOLI S A F,18.5783333333,25.5947222222,0.00416666666667,337,5.97194444444
1124,247415600,2026-04-12T15:54:14,2026-04-12T21:55:03,2026-04-12T21:55:18,TEXT:POZZUOLI S A F,18.5783333333,24.5961111111,0.00416666666667,351,5.98027777778
1125,247415600,2026-04-12T16:54:05,2026-04-12T21:55:03,2026-04-12T21:55:18,TEXT:POZZUOLI S A F,18.5783333333,23.5986111111,0.00416666666667,347,5.97166666667
1126,247415600,2026-04-12T17:54:57,2026-04-12T21:55:03,2026-04-12T21:55:18,TEXT:POZZUOLI S A F,18.5783333333,22.5841666667,0.00416666666667,349,5.99694444444
1127,247415600,2026-04-12T18:54:45,2026-04-12T21:55:03,2026-04-12T21:55:18,TEXT:POZZUOLI S A F,18.5783333333,21.5875,0.00416666666667,349,5.99083333333
1128,247415600,2026-04-12T19:54:31,2026-04-12T21:55:03,2026-04-12T21:55:18,TEXT:POZZUOLI S A F,18.5783333333,20.5913888889,0.00416666666667,349,5.98611111111
1129,247415600,2026-04-12T20:54:17,2026-04-12T21:55:03,2026-04-12T21:55:18,TEXT:POZZUOLI S A F,18.5783333333,19.5952777778,0.00416666666667,349,5.9825
1130,247415600,2026-04-12T21:55:03,2026-04-12T21:55:03,2026-04-12T21:55:18,TEXT:POZZUOLI S A F,18.5783333333,18.5825,0.00416666666667,350,5.89555555556
1131,247425900,2026-04-16T05:43:04,2026-04-16T12:43:53,2026-04-16T15:39:10,ITAUG,-1542.90277778,-1532.96777778,2.92138888889,51,0.845555555556
1132,247425900,2026-04-16T06:42:56,2026-04-16T12:43:53,2026-04-16T15:39:10,ITAUG,-1542.90277778,-1533.96555556,2.92138888889,110,1.84333333333
1133,247425900,2026-04-16T07:43:49,2026-04-16T12:43:53,2026-04-16T15:39:10,ITAUG,-1542.90277778,-1534.98027778,2.92138888889,170,2.85805555556
1134,247425900,2026-04-16T08:43:18,2026-04-16T12:43:53,2026-04-16T15:39:10,ITAUG,-1542.90277778,-1535.97166667,2.92138888889,228,3.84944444444
1135,247425900,2026-04-16T09:43:10,2026-04-16T12:43:53,2026-04-16T15:39:10,ITAUG,-1542.90277778,-1536.96944444,2.92138888889,287,4.84722222222
1136,247425900,2026-04-16T10:43:03,2026-04-16T12:43:53,2026-04-16T15:39:10,ITAUG,-1542.90277778,-1537.9675,2.92138888889,346,5.84527777778
1137,247425900,2026-04-16T11:42:58,2026-04-16T12:43:53,2026-04-16T15:39:10,ITAUG,-1542.90277778,-1538.96611111,2.92138888889,354,5.98166666667
1138,247425900,2026-04-16T12:43:53,2026-04-16T12:43:53,2026-04-16T15:39:10,ITAUG,-1542.90277778,-1539.98138889,2.92138888889,355,5.99888888889
1139,247426100,2026-04-16T05:43:04,2026-04-16T12:43:53,2026-04-16T15:39:03,ITAUG,-166.650833333,-156.717777778,2.91944444444,45,0.744166666667
1140,247426100,2026-04-16T06:42:56,2026-04-16T12:43:53,2026-04-16T15:39:03,ITAUG,-166.650833333,-157.715555556,2.91944444444,104,1.74194444444
1141,247426100,2026-04-16T07:43:49,2026-04-16T12:43:53,2026-04-16T15:39:03,ITAUG,-166.650833333,-158.730277778,2.91944444444,164,2.75666666667
1142,247426100,2026-04-16T08:43:18,2026-04-16T12:43:53,2026-04-16T15:39:03,ITAUG,-166.650833333,-159.721666667,2.91944444444,222,3.74805555556
1143,247426100,2026-04-16T09:43:10,2026-04-16T12:43:53,2026-04-16T15:39:03,ITAUG,-166.650833333,-160.719444444,2.91944444444,281,4.74583333333
1144,247426100,2026-04-16T10:43:03,2026-04-16T12:43:53,2026-04-16T15:39:03,ITAUG,-166.650833333,-161.7175,2.91944444444,340,5.74388888889
1145,247426100,2026-04-16T11:42:58,2026-04-16T12:43:53,2026-04-16T15:39:03,ITAUG,-166.650833333,-162.716111111,2.91944444444,354,5.98166666667
1146,247426100,2026-04-16T12:43:53,2026-04-16T12:43:53,2026-04-16T15:39:03,ITAUG,-166.650833333,-163.731388889,2.91944444444,355,5.99888888889
1147,247432200,2026-04-15T22:53:21,2026-04-16T01:53:51,2026-04-16T01:53:52,ITPFX,24.1022222222,27.1108333333,0.000277777777778,38,0.625277777778
1148,247432200,2026-04-15T23:53:10,2026-04-16T01:53:51,2026-04-16T01:53:52,ITPFX,24.1022222222,26.1138888889,0.000277777777778,97,1.62222222222
1149,247432200,2026-04-16T00:53:00,2026-04-16T01:53:51,2026-04-16T01:53:52,ITPFX,24.1022222222,25.1166666667,0.000277777777778,156,2.61944444444
1150,247432200,2026-04-16T01:53:51,2026-04-16T01:53:51,2026-04-16T01:53:52,ITPFX,24.1022222222,24.1025,0.000277777777778,216,3.63361111111
1151,247453600,2026-04-13T20:22:51,2026-04-13T23:23:02,2026-04-13T23:23:15,ITCTA,-0.8875,2.11916666667,0.00361111111111,48,0.793333333333
1152,247453600,2026-04-13T21:22:39,2026-04-13T23:23:02,2026-04-13T23:23:15,ITCTA,-0.8875,1.1225,0.00361111111111,107,1.79
1153,247453600,2026-04-13T22:22:22,2026-04-13T23:23:02,2026-04-13T23:23:15,ITCTA,-0.8875,0.127222222222,0.00361111111111,156,2.78527777778
1154,247453600,2026-04-13T23:23:02,2026-04-13T23:23:02,2026-04-13T23:23:15,ITCTA,-0.8875,-0.883888888889,0.00361111111111,205,3.79638888889
1155,247483800,2026-04-09T11:00:45,2026-04-09T17:01:03,2026-04-09T17:01:56,ITTRS,-3742.03222222,-3736.0125,0.0147222222222,33,0.541388888889
1156,247483800,2026-04-09T12:00:36,2026-04-09T17:01:03,2026-04-09T17:01:56,ITTRS,-3742.03222222,-3737.01,0.0147222222222,84,1.53888888889
1157,247483800,2026-04-09T13:00:29,2026-04-09T17:01:03,2026-04-09T17:01:56,ITTRS,-3742.03222222,-3738.00805556,0.0147222222222,143,2.53694444444
1158,247483800,2026-04-09T14:00:23,2026-04-09T17:01:03,2026-04-09T17:01:56,ITTRS,-3742.03222222,-3739.00638889,0.0147222222222,202,3.53527777778
1159,247483800,2026-04-09T15:00:17,2026-04-09T17:01:03,2026-04-09T17:01:56,ITTRS,-3742.03222222,-3740.00472222,0.0147222222222,254,4.53361111111
1160,247483800,2026-04-09T16:00:10,2026-04-09T17:01:03,2026-04-09T17:01:56,ITTRS,-3742.03222222,-3741.00277778,0.0147222222222,313,5.53166666667
1161,247483800,2026-04-09T17:01:03,2026-04-09T17:01:03,2026-04-09T17:01:56,ITTRS,-3742.03222222,-3742.0175,0.0147222222222,340,5.98805555556
1162,247488900,2026-04-11T09:18:13,2026-04-12T09:18:34,2026-04-12T09:19:30,EGALY,29.5083333333,53.5297222222,0.0155555555556,264,5.11444444444
1163,247488900,2026-04-11T10:17:05,2026-04-12T09:18:34,2026-04-12T09:19:30,EGALY,29.5083333333,52.5486111111,0.0155555555556,314,5.96
1164,247488900,2026-04-11T11:07:38,2026-04-12T09:18:34,2026-04-12T09:19:30,EGALY,29.5083333333,51.7061111111,0.0155555555556,295,5.80388888889
1165,247488900,2026-04-11T12:18:29,2026-04-12T09:18:34,2026-04-12T09:19:30,EGALY,29.5083333333,50.5252777778,0.0155555555556,274,5.98472222222
1166,247488900,2026-04-11T13:18:21,2026-04-12T09:18:34,2026-04-12T09:19:30,EGALY,29.5083333333,49.5275,0.0155555555556,263,5.98277777778
1167,247488900,2026-04-11T14:18:20,2026-04-12T09:18:34,2026-04-12T09:19:30,EGALY,29.5083333333,48.5277777778,0.0155555555556,281,5.98361111111
1168,247488900,2026-04-11T15:18:24,2026-04-12T09:18:34,2026-04-12T09:19:30,EGALY,29.5083333333,47.5266666667,0.0155555555556,291,5.98638888889
1169,247488900,2026-04-11T16:18:30,2026-04-12T09:18:34,2026-04-12T09:19:30,EGALY,29.5083333333,46.525,0.0155555555556,292,5.99
1170,247488900,2026-04-11T16:51:06,2026-04-12T09:18:34,2026-04-12T09:19:30,EGALY,29.5083333333,45.9816666667,0.0155555555556,284,5.15194444444
1171,247488900,2026-04-11T18:17:36,2026-04-12T09:18:34,2026-04-12T09:19:30,EGALY,29.5083333333,44.54,0.0155555555556,301,5.96833333333
1172,247488900,2026-04-11T19:17:36,2026-04-12T09:18:34,2026-04-12T09:19:30,EGALY,29.5083333333,43.54,0.0155555555556,306,5.97055555556
1173,247488900,2026-04-11T20:17:42,2026-04-12T09:18:34,2026-04-12T09:19:30,EGALY,29.5083333333,42.5383333333,0.0155555555556,306,5.9725
1174,247488900,2026-04-11T21:17:55,2026-04-12T09:18:34,2026-04-12T09:19:30,EGALY,29.5083333333,41.5347222222,0.0155555555556,306,5.975
1175,247488900,2026-04-11T22:18:10,2026-04-12T09:18:34,2026-04-12T09:19:30,EGALY,29.5083333333,40.5305555556,0.0155555555556,306,5.9775
1176,247488900,2026-04-11T22:44:40,2026-04-12T09:18:34,2026-04-12T09:19:30,EGALY,29.5083333333,40.0888888889,0.0155555555556,300,5.21416666667
1177,247488900,2026-04-12T04:17:36,2026-04-12T09:18:34,2026-04-12T09:19:30,EGALY,29.5083333333,34.54,0.0155555555556,51,5.97361111111
1178,247488900,2026-04-12T04:55:24,2026-04-12T09:18:34,2026-04-12T09:19:30,EGALY,29.5083333333,33.91,0.0155555555556,62,1.03805555556
1179,247488900,2026-04-12T06:00:49,2026-04-12T09:18:34,2026-04-12T09:19:30,EGALY,29.5083333333,32.8197222222,0.0155555555556,90,2.12833333333
1180,247488900,2026-04-12T07:15:32,2026-04-12T09:18:34,2026-04-12T09:19:30,EGALY,29.5083333333,31.5744444444,0.0155555555556,112,3.37361111111
1181,247488900,2026-04-12T08:18:03,2026-04-12T09:18:34,2026-04-12T09:19:30,EGALY,29.5083333333,30.5325,0.0155555555556,116,4.41555555556
1182,247488900,2026-04-12T09:18:34,2026-04-12T09:18:34,2026-04-12T09:19:30,EGALY,29.5083333333,29.5238888889,0.0155555555556,175,5.42416666667
1183,247530400,2026-04-10T23:35:20,2026-04-11T23:35:37,2026-04-11T23:36:15,ITGOA,39.3958333333,63.4111111111,0.0105555555556,121,5.97972222222
1184,247530400,2026-04-11T00:35:14,2026-04-11T23:35:37,2026-04-11T23:36:15,ITGOA,39.3958333333,62.4127777778,0.0105555555556,127,5.79166666667
1185,247530400,2026-04-11T01:09:45,2026-04-11T23:35:37,2026-04-11T23:36:15,ITGOA,39.3958333333,61.8375,0.0105555555556,139,4.91055555556
1186,247530400,2026-04-11T02:34:58,2026-04-11T23:35:37,2026-04-11T23:36:15,ITGOA,39.3958333333,60.4172222222,0.0105555555556,180,5.07722222222
1187,247530400,2026-04-11T03:33:48,2026-04-11T23:35:37,2026-04-11T23:36:15,ITGOA,39.3958333333,59.4366666667,0.0105555555556,200,5.95611111111
1188,247530400,2026-04-11T04:27:36,2026-04-11T23:35:37,2026-04-11T23:36:15,ITGOA,39.3958333333,58.54,0.0105555555556,224,5.85333333333
1189,247530400,2026-04-11T04:58:05,2026-04-11T23:35:37,2026-04-11T23:36:15,ITGOA,39.3958333333,58.0319444444,0.0105555555556,214,5.36222222222
1190,247530400,2026-04-11T06:12:16,2026-04-11T23:35:37,2026-04-11T23:36:15,ITGOA,39.3958333333,56.7955555556,0.0105555555556,186,5.60027777778
1191,247530400,2026-04-11T07:34:37,2026-04-11T23:35:37,2026-04-11T23:36:15,ITGOA,39.3958333333,55.4230555556,0.0105555555556,159,5.92416666667
1192,247530400,2026-04-11T07:39:42,2026-04-11T23:35:37,2026-04-11T23:36:15,ITGOA,39.3958333333,55.3383333333,0.0105555555556,110,5.06194444444
1193,247530400,2026-04-11T20:35:03,2026-04-11T23:35:37,2026-04-11T23:36:15,ITGOA,39.3958333333,42.4158333333,0.0105555555556,33,0.679722222222
1194,247530400,2026-04-11T21:35:17,2026-04-11T23:35:37,2026-04-11T23:36:15,ITGOA,39.3958333333,41.4119444444,0.0105555555556,92,1.68361111111
1195,247530400,2026-04-11T22:35:30,2026-04-11T23:35:37,2026-04-11T23:36:15,ITGOA,39.3958333333,40.4083333333,0.0105555555556,151,2.68722222222
1196,247530400,2026-04-11T23:35:37,2026-04-11T23:35:37,2026-04-11T23:36:15,ITGOA,39.3958333333,39.4063888889,0.0105555555556,210,3.68916666667
1197,248089000,2026-04-06T23:36:01,2026-04-07T03:36:17,2026-04-07T03:36:43,ITCVV,26.3880555556,30.3997222222,0.00722222222222,60,0.997222222222
1198,248089000,2026-04-07T00:35:49,2026-04-07T03:36:17,2026-04-07T03:36:43,ITCVV,26.3880555556,29.4030555556,0.00722222222222,119,1.99388888889
1199,248089000,2026-04-07T01:35:37,2026-04-07T03:36:17,2026-04-07T03:36:43,ITCVV,26.3880555556,28.4063888889,0.00722222222222,178,2.99055555556
1200,248089000,2026-04-07T02:35:27,2026-04-07T03:36:17,2026-04-07T03:36:43,ITCVV,26.3880555556,27.4091666667,0.00722222222222,237,3.98777777778
1201,248089000,2026-04-07T03:36:17,2026-04-07T03:36:17,2026-04-07T03:36:43,ITCVV,26.3880555556,26.3952777778,0.00722222222222,297,5.00166666667
1202,248105000,2026-04-07T16:50:31,2026-04-07T23:50:32,2026-04-07T23:50:49,ITAOI,47.1530555556,54.1580555556,0.00472222222222,61,1.01638888889
1203,248105000,2026-04-07T17:50:29,2026-04-07T23:50:32,2026-04-07T23:50:49,ITAOI,47.1530555556,53.1586111111,0.00472222222222,120,2.01583333333
1204,248105000,2026-04-07T18:50:18,2026-04-07T23:50:32,2026-04-07T23:50:49,ITAOI,47.1530555556,52.1616666667,0.00472222222222,171,3.01277777778
1205,248105000,2026-04-07T19:50:07,2026-04-07T23:50:32,2026-04-07T23:50:49,ITAOI,47.1530555556,51.1647222222,0.00472222222222,230,4.00972222222
1206,248105000,2026-04-07T20:49:59,2026-04-07T23:50:32,2026-04-07T23:50:49,ITAOI,47.1530555556,50.1669444444,0.00472222222222,289,5.0075
1207,248105000,2026-04-07T21:32:33,2026-04-07T23:50:32,2026-04-07T23:50:49,ITAOI,47.1530555556,49.4575,0.00472222222222,322,5.7
1208,248105000,2026-04-07T22:49:35,2026-04-07T23:50:32,2026-04-07T23:50:49,ITAOI,47.1530555556,48.1736111111,0.00472222222222,319,5.9675
1209,248105000,2026-04-07T23:50:32,2026-04-07T23:50:32,2026-04-07T23:50:49,ITAOI,47.1530555556,47.1577777778,0.00472222222222,319,5.98388888889
1210,248159000,2026-04-10T02:37:15,2026-04-10T12:37:16,2026-04-10T12:37:39,ITMLZ,6.3725,16.3791666667,0.00638888888889,16,0.254444444444
1211,248159000,2026-04-10T03:07:48,2026-04-10T12:37:16,2026-04-10T12:37:39,ITMLZ,6.3725,15.87,0.00638888888889,46,0.763611111111
1212,248159000,2026-04-10T04:36:18,2026-04-10T12:37:16,2026-04-10T12:37:39,ITMLZ,6.3725,14.395,0.00638888888889,95,2.23861111111
1213,248159000,2026-04-10T05:36:19,2026-04-10T12:37:16,2026-04-10T12:37:39,ITMLZ,6.3725,13.3947222222,0.00638888888889,128,3.23888888889
1214,248159000,2026-04-10T06:36:19,2026-04-10T12:37:16,2026-04-10T12:37:39,ITMLZ,6.3725,12.3947222222,0.00638888888889,187,4.23888888889
1215,248159000,2026-04-10T07:36:22,2026-04-10T12:37:16,2026-04-10T12:37:39,ITMLZ,6.3725,11.3938888889,0.00638888888889,246,5.23972222222
1216,248159000,2026-04-10T08:36:24,2026-04-10T12:37:16,2026-04-10T12:37:39,ITMLZ,6.3725,10.3933333333,0.00638888888889,289,5.96888888889
1217,248159000,2026-04-10T09:36:27,2026-04-10T12:37:16,2026-04-10T12:37:39,ITMLZ,6.3725,9.3925,0.00638888888889,318,5.90083333333
1218,248159000,2026-04-10T10:36:27,2026-04-10T12:37:16,2026-04-10T12:37:39,ITMLZ,6.3725,8.3925,0.00638888888889,328,5.98555555556
1219,248159000,2026-04-10T11:36:21,2026-04-10T12:37:16,2026-04-10T12:37:39,ITMLZ,6.3725,7.39416666667,0.00638888888889,308,5.98361111111
1220,248159000,2026-04-10T12:37:16,2026-04-10T12:37:16,2026-04-10T12:37:39,ITMLZ,6.3725,6.37888888889,0.00638888888889,305,5.99888888889
1221,248333000,2026-04-12T23:23:10,2026-04-13T23:24:04,2026-04-13T23:27:09,ITAUG,-27.9525,-3.88611111111,0.0513888888889,288,5.97722222222
1222,248333000,2026-04-12T23:54:35,2026-04-13T23:24:04,2026-04-13T23:27:09,ITAUG,-27.9525,-4.40972222222,0.0513888888889,258,5.50388888889
1223,248422000,2026-04-12T07:05:18,2026-04-12T12:05:21,2026-04-12T12:06:00,MTMLA,-738.6,-733.588333333,0.0108333333333,63,1.0575
1224,248422000,2026-04-12T08:04:43,2026-04-12T12:05:21,2026-04-12T12:06:00,MTMLA,-738.6,-734.578611111,0.0108333333333,121,2.04777777778
1225,248422000,2026-04-12T09:05:14,2026-04-12T12:05:21,2026-04-12T12:06:00,MTMLA,-738.6,-735.587222222,0.0108333333333,180,3.05638888889
1226,248422000,2026-04-12T10:04:38,2026-04-12T12:05:21,2026-04-12T12:06:00,MTMLA,-738.6,-736.577222222,0.0108333333333,238,4.04638888889
1227,248422000,2026-04-12T11:05:00,2026-04-12T12:05:21,2026-04-12T12:06:00,MTMLA,-738.6,-737.583333333,0.0108333333333,297,5.0525
1228,248422000,2026-04-12T12:05:21,2026-04-12T12:05:21,2026-04-12T12:06:00,MTMLA,-738.6,-738.589166667,0.0108333333333,352,5.99027777778
1229,248507000,2026-04-11T20:56:29,2026-04-12T21:04:24,2026-04-12T21:05:15,EGEDK,68.9125,93.0586111111,0.0141666666667,346,5.85527777778
1230,248507000,2026-04-11T21:19:58,2026-04-12T21:04:24,2026-04-12T21:05:15,EGEDK,68.9125,92.6672222222,0.0141666666667,297,5.24527777778
1231,248507000,2026-04-12T15:03:28,2026-04-12T21:04:24,2026-04-12T21:05:15,EGEDK,68.9125,74.9422222222,0.0141666666667,53,0.880833333333
1232,248507000,2026-04-12T15:56:15,2026-04-12T21:04:24,2026-04-12T21:05:15,EGEDK,68.9125,74.0625,0.0141666666667,101,1.76055555556
1233,248507000,2026-04-12T17:04:15,2026-04-12T21:04:24,2026-04-12T21:05:15,EGEDK,68.9125,72.9291666667,0.0141666666667,149,2.89388888889
1234,248507000,2026-04-12T18:04:05,2026-04-12T21:04:24,2026-04-12T21:05:15,EGEDK,68.9125,71.9319444444,0.0141666666667,208,3.89111111111
1235,248507000,2026-04-12T19:03:52,2026-04-12T21:04:24,2026-04-12T21:05:15,EGEDK,68.9125,70.9355555556,0.0141666666667,267,4.8875
1236,248507000,2026-04-12T20:03:38,2026-04-12T21:04:24,2026-04-12T21:05:15,EGEDK,68.9125,69.9394444444,0.0141666666667,326,5.88361111111
1237,248507000,2026-04-12T21:04:24,2026-04-12T21:04:24,2026-04-12T21:05:15,EGEDK,68.9125,68.9266666667,0.0141666666667,333,5.99861111111
1238,249004000,2026-04-11T21:05:40,2026-04-12T12:06:23,2026-04-12T12:07:13,TEXT:ALEXANDRIA,43.8797222222,58.9055555556,0.0138888888889,32,0.527222222222
1239,249004000,2026-04-11T22:05:54,2026-04-12T12:06:23,2026-04-12T12:07:13,TEXT:ALEXANDRIA,43.8797222222,57.9016666667,0.0138888888889,91,1.53111111111
1240,249004000,2026-04-11T22:34:28,2026-04-12T12:06:23,2026-04-12T12:07:13,TEXT:ALEXANDRIA,43.8797222222,57.4255555556,0.0138888888889,119,2.00722222222
1241,249004000,2026-04-12T00:06:11,2026-04-12T12:06:23,2026-04-12T12:07:13,TEXT:ALEXANDRIA,43.8797222222,55.8969444444,0.0138888888889,148,3.53583333333
1242,249004000,2026-04-12T01:00:08,2026-04-12T12:06:23,2026-04-12T12:07:13,TEXT:ALEXANDRIA,43.8797222222,54.9977777778,0.0138888888889,189,4.435
1243,249004000,2026-04-12T03:06:14,2026-04-12T12:06:23,2026-04-12T12:07:13,TEXT:ALEXANDRIA,43.8797222222,52.8961111111,0.0138888888889,215,5.99222222222
1244,249004000,2026-04-12T04:06:23,2026-04-12T12:06:23,2026-04-12T12:07:13,TEXT:ALEXANDRIA,43.8797222222,51.8936111111,0.0138888888889,205,5.99083333333
1245,249004000,2026-04-12T05:05:37,2026-04-12T12:06:23,2026-04-12T12:07:13,TEXT:ALEXANDRIA,43.8797222222,50.9063888889,0.0138888888889,235,5.46611111111
1246,249004000,2026-04-12T06:05:56,2026-04-12T12:06:23,2026-04-12T12:07:13,TEXT:ALEXANDRIA,43.8797222222,49.9011111111,0.0138888888889,265,5.97888888889
1247,249004000,2026-04-12T07:06:19,2026-04-12T12:06:23,2026-04-12T12:07:13,TEXT:ALEXANDRIA,43.8797222222,48.8947222222,0.0138888888889,283,4.96833333333
1248,249004000,2026-04-12T08:05:45,2026-04-12T12:06:23,2026-04-12T12:07:13,TEXT:ALEXANDRIA,43.8797222222,47.9041666667,0.0138888888889,341,5.95888888889
1249,249004000,2026-04-12T09:06:16,2026-04-12T12:06:23,2026-04-12T12:07:13,TEXT:ALEXANDRIA,43.8797222222,46.8955555556,0.0138888888889,342,5.98361111111
1250,249004000,2026-04-12T10:05:40,2026-04-12T12:06:23,2026-04-12T12:07:13,TEXT:ALEXANDRIA,43.8797222222,45.9055555556,0.0138888888889,352,5.98805555556
1251,249004000,2026-04-12T11:06:01,2026-04-12T12:06:23,2026-04-12T12:07:13,TEXT:ALEXANDRIA,43.8797222222,44.8997222222,0.0138888888889,352,5.98972222222
1252,249004000,2026-04-12T12:06:23,2026-04-12T12:06:23,2026-04-12T12:07:13,TEXT:ALEXANDRIA,43.8797222222,43.8936111111,0.0138888888889,352,5.99027777778
1253,249022000,2026-04-11T13:27:30,2026-04-11T22:28:22,2026-04-11T22:28:51,NLRTM,157.519166667,166.541666667,0.00805555555556,48,0.795555555556
1254,249022000,2026-04-11T14:27:29,2026-04-11T22:28:22,2026-04-11T22:28:51,NLRTM,157.519166667,165.541944444,0.00805555555556,107,1.79527777778
1255,249022000,2026-04-11T15:27:34,2026-04-11T22:28:22,2026-04-11T22:28:51,NLRTM,157.519166667,164.540555556,0.00805555555556,166,2.79666666667
1256,249022000,2026-04-11T16:27:40,2026-04-11T22:28:22,2026-04-11T22:28:51,NLRTM,157.519166667,163.538888889,0.00805555555556,225,3.79833333333
1257,249022000,2026-04-11T17:15:32,2026-04-11T22:28:22,2026-04-11T22:28:51,NLRTM,157.519166667,162.741111111,0.00805555555556,272,4.59611111111
1258,249022000,2026-04-11T19:24:44,2026-04-11T22:28:22,2026-04-11T22:28:51,NLRTM,157.519166667,160.587777778,0.00805555555556,267,5.93694444444
1259,249022000,2026-04-11T21:28:08,2026-04-11T22:28:22,2026-04-11T22:28:51,NLRTM,157.519166667,158.531111111,0.00805555555556,208,5.9925
1260,249022000,2026-04-11T22:28:22,2026-04-11T22:28:22,2026-04-11T22:28:51,NLRTM,157.519166667,157.527222222,0.00805555555556,208,5.99472222222
1261,249087000,2026-04-13T04:23:59,2026-04-13T23:24:04,2026-04-13T23:25:55,ITAUG,-17.4319444444,1.60027777778,0.0308333333333,74,1.23138888889
1262,249087000,2026-04-13T05:23:07,2026-04-13T23:24:04,2026-04-13T23:25:55,ITAUG,-17.4319444444,0.614722222222,0.0308333333333,127,2.21694444444
1263,249087000,2026-04-13T06:23:54,2026-04-13T23:24:04,2026-04-13T23:25:55,ITAUG,-17.4319444444,-0.398333333333,0.0308333333333,187,3.23
1264,249087000,2026-04-13T07:23:43,2026-04-13T23:24:04,2026-04-13T23:25:55,ITAUG,-17.4319444444,-1.39527777778,0.0308333333333,246,4.22694444444
1265,249087000,2026-04-13T08:23:32,2026-04-13T23:24:04,2026-04-13T23:25:55,ITAUG,-17.4319444444,-2.39222222222,0.0308333333333,305,5.22388888889
1266,249087000,2026-04-13T09:23:22,2026-04-13T23:24:04,2026-04-13T23:25:55,ITAUG,-17.4319444444,-3.38944444444,0.0308333333333,350,5.985
1267,249087000,2026-04-13T10:23:14,2026-04-13T23:24:04,2026-04-13T23:25:55,ITAUG,-17.4319444444,-4.38722222222,0.0308333333333,349,5.97055555556
1268,249087000,2026-04-13T11:23:06,2026-04-13T23:24:04,2026-04-13T23:25:55,ITAUG,-17.4319444444,-5.385,0.0308333333333,355,5.98277777778
1269,249087000,2026-04-13T12:24:00,2026-04-13T23:24:04,2026-04-13T23:25:55,ITAUG,-17.4319444444,-6.4,0.0308333333333,355,5.98472222222
1270,249087000,2026-04-13T13:23:58,2026-04-13T23:24:04,2026-04-13T23:25:55,ITAUG,-17.4319444444,-7.39944444444,0.0308333333333,355,5.9875
1271,249087000,2026-04-13T14:23:59,2026-04-13T23:24:04,2026-04-13T23:25:55,ITAUG,-17.4319444444,-8.39972222222,0.0308333333333,355,5.99055555556
1272,249087000,2026-04-13T15:23:56,2026-04-13T23:24:04,2026-04-13T23:25:55,ITAUG,-17.4319444444,-9.39888888889,0.0308333333333,355,5.9925
1273,249087000,2026-04-13T16:23:53,2026-04-13T23:24:04,2026-04-13T23:25:55,ITAUG,-17.4319444444,-10.3980555556,0.0308333333333,355,5.99388888889
1274,249087000,2026-04-13T17:23:48,2026-04-13T23:24:04,2026-04-13T23:25:55,ITAUG,-17.4319444444,-11.3966666667,0.0308333333333,355,5.99472222222
1275,249087000,2026-04-13T18:04:21,2026-04-13T23:24:04,2026-04-13T23:25:55,ITAUG,-17.4319444444,-12.0725,0.0308333333333,335,5.65555555556
1276,249087000,2026-04-13T19:23:06,2026-04-13T23:24:04,2026-04-13T23:25:55,ITAUG,-17.4319444444,-13.385,0.0308333333333,316,5.96861111111
1277,249087000,2026-04-13T20:23:52,2026-04-13T23:24:04,2026-04-13T23:25:55,ITAUG,-17.4319444444,-14.3977777778,0.0308333333333,317,5.98138888889
1278,249087000,2026-04-13T21:23:40,2026-04-13T23:24:04,2026-04-13T23:25:55,ITAUG,-17.4319444444,-15.3944444444,0.0308333333333,317,5.97861111111
1279,249087000,2026-04-13T22:23:23,2026-04-13T23:24:04,2026-04-13T23:25:55,ITAUG,-17.4319444444,-16.3897222222,0.0308333333333,307,5.97472222222
1280,249087000,2026-04-13T23:24:04,2026-04-13T23:24:04,2026-04-13T23:25:55,ITAUG,-17.4319444444,-17.4011111111,0.0308333333333,297,5.9875
1281,249146000,2026-04-16T08:43:18,2026-04-16T12:43:53,2026-04-16T15:38:32,ITCTA,-5.64222222222,1.27833333333,2.91083333333,73,1.22833333333
1282,249146000,2026-04-16T09:43:10,2026-04-16T12:43:53,2026-04-16T15:38:32,ITCTA,-5.64222222222,0.280555555556,2.91083333333,132,2.22611111111
1283,249146000,2026-04-16T10:43:03,2026-04-16T12:43:53,2026-04-16T15:38:32,ITCTA,-5.64222222222,-0.7175,2.91083333333,191,3.22416666667
1284,249146000,2026-04-16T11:42:58,2026-04-16T12:43:53,2026-04-16T15:38:32,ITCTA,-5.64222222222,-1.71611111111,2.91083333333,250,4.22277777778
1285,249146000,2026-04-16T12:43:53,2026-04-16T12:43:53,2026-04-16T15:38:32,ITCTA,-5.64222222222,-2.73138888889,2.91083333333,310,5.23805555556
1286,249172000,2026-04-13T20:40:05,2026-04-13T20:40:05,2026-04-13T20:40:45,MTMAR,10.3208333333,10.3319444444,0.0111111111111,39,0.996388888889
1287,249281000,2026-04-13T04:20:57,2026-04-13T23:20:59,2026-04-13T23:21:43,ITCTA,-17.3619444444,1.65083333333,0.0122222222222,57,1.04583333333
1288,249281000,2026-04-13T05:20:05,2026-04-13T23:20:59,2026-04-13T23:21:43,ITCTA,-17.3619444444,0.665277777778,0.0122222222222,110,2.03138888889
1289,249281000,2026-04-13T06:20:52,2026-04-13T23:20:59,2026-04-13T23:21:43,ITCTA,-17.3619444444,-0.347777777778,0.0122222222222,170,3.04444444444
1290,249281000,2026-04-13T07:20:40,2026-04-13T23:20:59,2026-04-13T23:21:43,ITCTA,-17.3619444444,-1.34444444444,0.0122222222222,229,4.04111111111
1291,249281000,2026-04-13T08:20:30,2026-04-13T23:20:59,2026-04-13T23:21:43,ITCTA,-17.3619444444,-2.34166666667,0.0122222222222,288,5.03833333333
1292,249281000,2026-04-13T09:20:20,2026-04-13T23:20:59,2026-04-13T23:21:43,ITCTA,-17.3619444444,-3.33888888889,0.0122222222222,344,5.985
1293,249281000,2026-04-13T10:20:11,2026-04-13T23:20:59,2026-04-13T23:21:43,ITCTA,-17.3619444444,-4.33638888889,0.0122222222222,349,5.97027777778
1294,249281000,2026-04-13T11:20:04,2026-04-13T23:20:59,2026-04-13T23:21:43,ITCTA,-17.3619444444,-5.33444444444,0.0122222222222,355,5.98277777778
1295,249281000,2026-04-13T12:20:57,2026-04-13T23:20:59,2026-04-13T23:21:43,ITCTA,-17.3619444444,-6.34916666667,0.0122222222222,355,5.98444444444
1296,249281000,2026-04-13T13:20:55,2026-04-13T23:20:59,2026-04-13T23:21:43,ITCTA,-17.3619444444,-7.34861111111,0.0122222222222,355,5.98722222222
1297,249281000,2026-04-13T14:20:56,2026-04-13T23:20:59,2026-04-13T23:21:43,ITCTA,-17.3619444444,-8.34888888889,0.0122222222222,355,5.99055555556
1298,249281000,2026-04-13T15:20:53,2026-04-13T23:20:59,2026-04-13T23:21:43,ITCTA,-17.3619444444,-9.34805555556,0.0122222222222,355,5.99222222222
1299,249281000,2026-04-13T16:20:50,2026-04-13T23:20:59,2026-04-13T23:21:43,ITCTA,-17.3619444444,-10.3472222222,0.0122222222222,355,5.99388888889
1300,249281000,2026-04-13T17:20:46,2026-04-13T23:20:59,2026-04-13T23:21:43,ITCTA,-17.3619444444,-11.3461111111,0.0122222222222,355,5.995
1301,249281000,2026-04-13T18:04:21,2026-04-13T23:20:59,2026-04-13T23:21:43,ITCTA,-17.3619444444,-12.0725,0.0122222222222,338,5.70638888889
1302,249281000,2026-04-13T19:20:04,2026-04-13T23:20:59,2026-04-13T23:21:43,ITCTA,-17.3619444444,-13.3344444444,0.0122222222222,316,5.96888888889
1303,249281000,2026-04-13T20:20:49,2026-04-13T23:20:59,2026-04-13T23:21:43,ITCTA,-17.3619444444,-14.3469444444,0.0122222222222,317,5.98111111111
1304,249281000,2026-04-13T21:20:37,2026-04-13T23:20:59,2026-04-13T23:21:43,ITCTA,-17.3619444444,-15.3436111111,0.0122222222222,317,5.97861111111
1305,249281000,2026-04-13T22:20:21,2026-04-13T23:20:59,2026-04-13T23:21:43,ITCTA,-17.3619444444,-16.3391666667,0.0122222222222,307,5.975
1306,249281000,2026-04-13T23:20:59,2026-04-13T23:20:59,2026-04-13T23:21:43,ITCTA,-17.3619444444,-17.3497222222,0.0122222222222,297,5.98666666667
1307,249414000,2026-04-07T16:43:24,2026-04-08T01:44:18,2026-04-08T01:44:20,MTMLA,2.26111111111,11.2766666667,0.000555555555556,28,0.4575
1308,249414000,2026-04-07T17:37:17,2026-04-08T01:44:18,2026-04-08T01:44:20,MTMLA,2.26111111111,10.3786111111,0.000555555555556,56,1.35555555556
1309,249414000,2026-04-07T19:44:02,2026-04-08T01:44:18,2026-04-08T01:44:20,MTMLA,2.26111111111,8.26611111111,0.000555555555556,111,3.46805555556
1310,249414000,2026-04-07T20:43:53,2026-04-08T01:44:18,2026-04-08T01:44:20,MTMLA,2.26111111111,7.26861111111,0.000555555555556,146,4.46555555556
1311,249414000,2026-04-07T21:32:33,2026-04-08T01:44:18,2026-04-08T01:44:20,MTMLA,2.26111111111,6.4575,0.000555555555556,188,5.27666666667
1312,249414000,2026-04-07T22:43:29,2026-04-08T01:44:18,2026-04-08T01:44:20,MTMLA,2.26111111111,5.27527777778,0.000555555555556,212,5.98444444444
1313,249414000,2026-04-07T23:43:25,2026-04-08T01:44:18,2026-04-08T01:44:20,MTMLA,2.26111111111,4.27638888889,0.000555555555556,243,4.90222222222
1314,249414000,2026-04-08T00:43:21,2026-04-08T01:44:18,2026-04-08T01:44:20,MTMLA,2.26111111111,3.2775,0.000555555555556,302,5.90111111111
1315,249414000,2026-04-08T01:44:18,2026-04-08T01:44:18,2026-04-08T01:44:20,MTMLA,2.26111111111,2.26166666667,0.000555555555556,307,5.98777777778
1316,249433000,2026-04-10T16:41:33,2026-04-11T08:41:39,2026-04-11T08:42:25,ESALG,81.2930555556,97.3075,0.0127777777778,35,0.577777777778
1317,249433000,2026-04-10T17:28:24,2026-04-11T08:41:39,2026-04-11T08:42:25,ESALG,81.2930555556,96.5266666667,0.0127777777778,81,1.35861111111
1318,249433000,2026-04-10T22:31:19,2026-04-11T08:41:39,2026-04-11T08:42:25,ESALG,81.2930555556,91.4780555556,0.0127777777778,72,5.8125
1319,249433000,2026-04-11T04:27:36,2026-04-11T08:41:39,2026-04-11T08:42:25,ESALG,81.2930555556,85.54,0.0127777777778,42,0.693888888889
1320,249433000,2026-04-11T05:40:45,2026-04-11T08:41:39,2026-04-11T08:42:25,ESALG,81.2930555556,84.3208333333,0.0127777777778,68,1.91305555556
1321,249433000,2026-04-11T06:40:45,2026-04-11T08:41:39,2026-04-11T08:42:25,ESALG,81.2930555556,83.3208333333,0.0127777777778,127,2.91305555556
1322,249433000,2026-04-11T07:40:43,2026-04-11T08:41:39,2026-04-11T08:42:25,ESALG,81.2930555556,82.3213888889,0.0127777777778,186,3.9125
1323,249433000,2026-04-11T08:41:39,2026-04-11T08:41:39,2026-04-11T08:42:25,ESALG,81.2930555556,81.3058333333,0.0127777777778,246,4.92805555556
1324,249596000,2026-04-03T19:50:58,2026-04-03T19:50:58,2026-04-03T19:50:59,MTMLA,10.1502777778,10.1505555556,0.000277777777778,34,0.557222222222
1325,249611000,2026-04-12T09:29:52,2026-04-12T12:30:51,2026-04-12T12:31:43,GIGIB,97.4713888889,100.502222222,0.0144444444444,53,1.28222222222
1326,249611000,2026-04-12T10:30:14,2026-04-12T12:30:51,2026-04-12T12:31:43,GIGIB,97.4713888889,99.4961111111,0.0144444444444,83,2.28833333333
1327,249611000,2026-04-12T11:30:35,2026-04-12T12:30:51,2026-04-12T12:31:43,GIGIB,97.4713888889,98.4902777778,0.0144444444444,142,3.29416666667
1328,249611000,2026-04-12T12:30:51,2026-04-12T12:30:51,2026-04-12T12:31:43,GIGIB,97.4713888889,97.4858333333,0.0144444444444,201,4.29861111111
1329,249742000,2026-04-11T14:57:01,2026-04-12T06:57:06,2026-04-12T06:57:11,TEXT:IMMINGHAM,247.046944444,263.049722222,0.00138888888889,41,0.678611111111
1330,249742000,2026-04-11T15:57:06,2026-04-12T06:57:06,2026-04-12T06:57:11,TEXT:IMMINGHAM,247.046944444,262.048333333,0.00138888888889,100,1.68
1331,249742000,2026-04-11T16:56:11,2026-04-12T06:57:06,2026-04-12T06:57:11,TEXT:IMMINGHAM,247.046944444,261.063611111,0.00138888888889,141,2.66472222222
1332,249742000,2026-04-11T17:03:19,2026-04-12T06:57:06,2026-04-12T06:57:11,TEXT:IMMINGHAM,247.046944444,260.944722222,0.00138888888889,148,2.78361111111
1333,249742000,2026-04-11T18:56:15,2026-04-12T06:57:06,2026-04-12T06:57:11,TEXT:IMMINGHAM,247.046944444,259.0625,0.00138888888889,162,4.66583333333
1334,249742000,2026-04-11T19:32:52,2026-04-12T06:57:06,2026-04-12T06:57:11,TEXT:IMMINGHAM,247.046944444,258.452222222,0.00138888888889,198,5.27611111111
1335,249742000,2026-04-11T20:56:29,2026-04-12T06:57:06,2026-04-12T06:57:11,TEXT:IMMINGHAM,247.046944444,257.058611111,0.00138888888889,205,5.97416666667
1336,249742000,2026-04-11T21:56:43,2026-04-12T06:57:06,2026-04-12T06:57:11,TEXT:IMMINGHAM,247.046944444,256.054722222,0.00138888888889,206,5.99361111111
1337,249742000,2026-04-11T22:28:22,2026-04-12T06:57:06,2026-04-12T06:57:11,TEXT:IMMINGHAM,247.046944444,255.527222222,0.00138888888889,195,5.51944444444
1338,249742000,2026-04-11T23:41:43,2026-04-12T06:57:06,2026-04-12T06:57:11,TEXT:IMMINGHAM,247.046944444,254.304722222,0.00138888888889,227,4.97833333333
1339,249742000,2026-04-12T00:57:05,2026-04-12T06:57:06,2026-04-12T06:57:11,TEXT:IMMINGHAM,247.046944444,253.048611111,0.00138888888889,264,5.99694444444
1340,249742000,2026-04-12T01:57:02,2026-04-12T06:57:06,2026-04-12T06:57:11,TEXT:IMMINGHAM,247.046944444,252.049444444,0.00138888888889,247,5.80833333333
1341,249742000,2026-04-12T02:57:04,2026-04-12T06:57:06,2026-04-12T06:57:11,TEXT:IMMINGHAM,247.046944444,251.048888889,0.00138888888889,258,5.9925
1342,249742000,2026-04-12T03:56:10,2026-04-12T06:57:06,2026-04-12T06:57:11,TEXT:IMMINGHAM,247.046944444,250.063888889,0.00138888888889,257,5.97361111111
1343,249742000,2026-04-12T04:56:25,2026-04-12T06:57:06,2026-04-12T06:57:11,TEXT:IMMINGHAM,247.046944444,249.059722222,0.00138888888889,285,5.89027777778
1344,249742000,2026-04-12T05:56:44,2026-04-12T06:57:06,2026-04-12T06:57:11,TEXT:IMMINGHAM,247.046944444,248.054444444,0.00138888888889,305,5.8425
1345,249742000,2026-04-12T06:57:06,2026-04-12T06:57:06,2026-04-12T06:57:11,TEXT:IMMINGHAM,247.046944444,247.048333333,0.00138888888889,313,5.98333333333
1346,249962000,2026-04-12T07:48:19,2026-04-12T11:49:00,2026-04-12T11:49:21,ESCAR,79.1775,83.1947222222,0.00583333333333,57,0.956111111111
1347,249962000,2026-04-12T08:48:49,2026-04-12T11:49:00,2026-04-12T11:49:21,ESCAR,79.1775,82.1863888889,0.00583333333333,116,1.96444444444
1348,249962000,2026-04-12T09:48:16,2026-04-12T11:49:00,2026-04-12T11:49:21,ESCAR,79.1775,81.1955555556,0.00583333333333,169,2.95527777778
1349,249962000,2026-04-12T09:58:30,2026-04-12T11:49:00,2026-04-12T11:49:21,ESCAR,79.1775,81.025,0.00583333333333,179,3.12583333333
1350,249962000,2026-04-12T11:49:00,2026-04-12T11:49:00,2026-04-12T11:49:21,ESCAR,79.1775,79.1833333333,0.00583333333333,213,4.9675
1351,249974000,2026-04-07T07:08:15,2026-04-07T09:09:06,2026-04-07T09:09:40,MTMLA,5.33888888889,7.3625,0.00944444444444,40,0.659166666667
1352,249974000,2026-04-07T08:08:08,2026-04-07T09:09:06,2026-04-07T09:09:40,MTMLA,5.33888888889,6.36444444444,0.00944444444444,99,1.65722222222
1353,249974000,2026-04-07T09:09:06,2026-04-07T09:09:06,2026-04-07T09:09:40,MTMLA,5.33888888889,5.34833333333,0.00944444444444,159,2.67333333333
1354,253000158,2026-04-08T11:55:35,2026-04-08T13:55:35,2026-04-08T13:56:27,TRYAR,54.0591666667,56.0736111111,0.0144444444444,38,1.41972222222
1355,253000158,2026-04-08T12:55:34,2026-04-08T13:55:35,2026-04-08T13:56:27,TRYAR,54.0591666667,55.0738888889,0.0144444444444,97,2.41944444444
1356,253000158,2026-04-08T13:55:35,2026-04-08T13:55:35,2026-04-08T13:56:27,TRYAR,54.0591666667,54.0736111111,0.0144444444444,156,3.41972222222
1357,255779000,2026-04-03T15:05:17,2026-04-04T17:19:50,2026-04-04T17:20:25,ESCAR,-15.3402777778,10.9119444444,0.00972222222222,55,2.65416666667
1358,255779000,2026-04-03T20:05:09,2026-04-04T17:19:50,2026-04-04T17:20:25,ESCAR,-15.3402777778,5.91416666667,0.00972222222222,33,5.35333333333
1359,255779000,2026-04-04T00:19:23,2026-04-04T17:19:50,2026-04-04T17:20:25,ESCAR,-15.3402777778,1.67694444444,0.00972222222222,16,4.44
1360,255779000,2026-04-04T00:26:29,2026-04-04T17:19:50,2026-04-04T17:20:25,ESCAR,-15.3402777778,1.55861111111,0.00972222222222,23,4.55833333333
1361,255779000,2026-04-04T03:19:44,2026-04-04T17:19:50,2026-04-04T17:20:25,ESCAR,-15.3402777778,-1.32888888889,0.00972222222222,20,3.03972222222
1362,255779000,2026-04-04T03:20:45,2026-04-04T17:19:50,2026-04-04T17:20:25,ESCAR,-15.3402777778,-1.34583333333,0.00972222222222,21,3.05666666667
1363,255779000,2026-04-04T10:19:18,2026-04-04T17:19:50,2026-04-04T17:20:25,ESCAR,-15.3402777778,-8.32166666667,0.00972222222222,14,0.946388888889
1364,255779000,2026-04-04T10:26:24,2026-04-04T17:19:50,2026-04-04T17:20:25,ESCAR,-15.3402777778,-8.44,0.00972222222222,21,1.06472222222
1365,255779000,2026-04-04T13:38:56,2026-04-04T17:19:50,2026-04-04T17:20:25,ESCAR,-15.3402777778,-11.6488888889,0.00972222222222,32,4.27361111111
1366,255779000,2026-04-04T16:19:03,2026-04-04T17:19:50,2026-04-04T17:20:25,ESCAR,-15.3402777778,-14.3175,0.00972222222222,62,5.97888888889
1367,255779000,2026-04-04T17:19:50,2026-04-04T17:19:50,2026-04-04T17:20:25,ESCAR,-15.3402777778,-15.3305555556,0.00972222222222,115,3.85055555556
1368,255801270,2026-04-05T20:23:24,2026-04-07T01:56:55,2026-04-07T01:57:29,ESCEU,88.0419444444,117.61,0.00944444444444,27,0.439166666667
1369,255801270,2026-04-06T20:56:52,2026-04-07T01:56:55,2026-04-07T01:57:29,ESCEU,88.0419444444,93.0522222222,0.00944444444444,63,1.04722222222
1370,255801270,2026-04-06T21:56:39,2026-04-07T01:56:55,2026-04-07T01:57:29,ESCEU,88.0419444444,92.0558333333,0.00944444444444,122,2.04361111111
1371,255801270,2026-04-06T22:56:28,2026-04-07T01:56:55,2026-04-07T01:57:29,ESCEU,88.0419444444,91.0588888889,0.00944444444444,181,3.04055555556
1372,255801270,2026-04-06T23:56:18,2026-04-07T01:56:55,2026-04-07T01:57:29,ESCEU,88.0419444444,90.0616666667,0.00944444444444,240,4.03777777778
1373,255801270,2026-04-07T00:56:05,2026-04-07T01:56:55,2026-04-07T01:57:29,ESCEU,88.0419444444,89.0652777778,0.00944444444444,299,5.03416666667
1374,255801270,2026-04-07T01:56:55,2026-04-07T01:56:55,2026-04-07T01:57:29,ESCEU,88.0419444444,88.0513888889,0.00944444444444,356,5.9975
1375,255805849,2026-04-08T04:58:21,2026-04-08T17:00:46,2026-04-08T17:00:52,MAPTM,97.9855555556,110.0275,0.00166666666667,17,0.270833333333
1376,255805849,2026-04-08T05:39:54,2026-04-08T17:00:46,2026-04-08T17:00:52,MAPTM,97.9855555556,109.335,0.00166666666667,29,0.963333333333
1377,255805849,2026-04-08T08:00:03,2026-04-08T17:00:46,2026-04-08T17:00:52,MAPTM,97.9855555556,106.999166667,0.00166666666667,32,3.29916666667
1378,255805849,2026-04-08T09:00:00,2026-04-08T17:00:46,2026-04-08T17:00:52,MAPTM,97.9855555556,106,0.00166666666667,71,4.29833333333
1379,255805849,2026-04-08T09:39:38,2026-04-08T17:00:46,2026-04-08T17:00:52,MAPTM,97.9855555556,105.339444444,0.00166666666667,110,4.95888888889
1380,255805849,2026-04-08T12:00:40,2026-04-08T17:00:46,2026-04-08T17:00:52,MAPTM,97.9855555556,102.988888889,0.00166666666667,101,4.04416666667
1381,255805849,2026-04-08T13:00:39,2026-04-08T17:00:46,2026-04-08T17:00:52,MAPTM,97.9855555556,101.989166667,0.00166666666667,160,5.04388888889
1382,255805849,2026-04-08T14:00:40,2026-04-08T17:00:46,2026-04-08T17:00:52,MAPTM,97.9855555556,100.988888889,0.00166666666667,216,5.99333333333
1383,255805849,2026-04-08T15:00:43,2026-04-08T17:00:46,2026-04-08T17:00:52,MAPTM,97.9855555556,99.9880555556,0.00166666666667,236,5.995
1384,255805849,2026-04-08T16:00:46,2026-04-08T17:00:46,2026-04-08T17:00:52,MAPTM,97.9855555556,98.9872222222,0.00166666666667,256,4.32333333333
1385,255805849,2026-04-08T17:00:46,2026-04-08T17:00:46,2026-04-08T17:00:52,MAPTM,97.9855555556,97.9872222222,0.00166666666667,315,5.32333333333
1386,255805866,2026-04-10T01:49:25,2026-04-10T06:49:33,2026-04-10T06:50:03,ITNAP,52.1658333333,57.1763888889,0.00833333333333,45,0.745277777778
1387,255805866,2026-04-10T02:49:28,2026-04-10T06:49:33,2026-04-10T06:50:03,ITNAP,52.1658333333,56.1755555556,0.00833333333333,101,1.74611111111
1388,255805866,2026-04-10T03:16:57,2026-04-10T06:49:33,2026-04-10T06:50:03,ITNAP,52.1658333333,55.7175,0.00833333333333,128,2.20416666667
1389,255805866,2026-04-10T04:49:31,2026-04-10T06:49:33,2026-04-10T06:50:03,ITNAP,52.1658333333,54.1747222222,0.00833333333333,135,3.74694444444
1390,255805866,2026-04-10T05:49:32,2026-04-10T06:49:33,2026-04-10T06:50:03,ITNAP,52.1658333333,53.1744444444,0.00833333333333,194,4.74722222222
1391,255805866,2026-04-10T06:49:33,2026-04-10T06:49:33,2026-04-10T06:50:03,ITNAP,52.1658333333,52.1741666667,0.00833333333333,253,5.7475
1392,255805951,2026-04-06T02:30:16,2026-04-06T11:31:16,2026-04-06T11:32:06,GRSTN,20.465,29.4955555556,0.0138888888889,60,0.9975
1393,255805951,2026-04-06T03:12:52,2026-04-06T11:31:16,2026-04-06T11:32:06,GRSTN,20.465,28.7855555556,0.0138888888889,102,1.7075
1394,255805951,2026-04-06T04:30:58,2026-04-06T11:31:16,2026-04-06T11:32:06,GRSTN,20.465,27.4838888889,0.0138888888889,115,3.00916666667
1395,255805951,2026-04-06T05:30:51,2026-04-06T11:31:16,2026-04-06T11:32:06,GRSTN,20.465,26.4858333333,0.0138888888889,174,4.00722222222
1396,255805951,2026-04-06T06:30:47,2026-04-06T11:31:16,2026-04-06T11:32:06,GRSTN,20.465,25.4869444444,0.0138888888889,233,5.00611111111
1397,255805951,2026-04-06T07:30:44,2026-04-06T11:31:16,2026-04-06T11:32:06,GRSTN,20.465,24.4877777778,0.0138888888889,291,5.98833333333
1398,255805951,2026-04-06T08:30:39,2026-04-06T11:31:16,2026-04-06T11:32:06,GRSTN,20.465,23.4891666667,0.0138888888889,291,5.98944444444
1399,255805951,2026-04-06T09:30:32,2026-04-06T11:31:16,2026-04-06T11:32:06,GRSTN,20.465,22.4911111111,0.0138888888889,308,5.87194444444
1400,255805951,2026-04-06T10:30:25,2026-04-06T11:31:16,2026-04-06T11:32:06,GRSTN,20.465,21.4930555556,0.0138888888889,354,5.97388888889
1401,255805951,2026-04-06T11:31:16,2026-04-06T11:31:16,2026-04-06T11:32:06,GRSTN,20.465,20.4788888889,0.0138888888889,355,5.99
1402,255805968,2026-04-11T12:07:20,2026-04-11T18:07:26,2026-04-11T18:08:18,LYTIP,21.8616666667,27.8777777778,0.0144444444444,66,1.16333333333
1403,255805968,2026-04-11T13:07:11,2026-04-11T18:07:26,2026-04-11T18:08:18,LYTIP,21.8616666667,26.8802777778,0.0144444444444,125,2.16083333333
1404,255805968,2026-04-11T14:07:09,2026-04-11T18:07:26,2026-04-11T18:08:18,LYTIP,21.8616666667,25.8808333333,0.0144444444444,184,3.16027777778
1405,255805968,2026-04-11T15:07:12,2026-04-11T18:07:26,2026-04-11T18:08:18,LYTIP,21.8616666667,24.88,0.0144444444444,243,4.16111111111
1406,255805968,2026-04-11T16:07:18,2026-04-11T18:07:26,2026-04-11T18:08:18,LYTIP,21.8616666667,23.8783333333,0.0144444444444,302,5.16277777778
1407,255805968,2026-04-11T17:07:23,2026-04-11T18:07:26,2026-04-11T18:08:18,LYTIP,21.8616666667,22.8769444444,0.0144444444444,351,5.99583333333
1408,255805968,2026-04-11T18:07:26,2026-04-11T18:07:26,2026-04-11T18:08:18,LYTIP,21.8616666667,21.8761111111,0.0144444444444,354,5.98472222222
1409,255806044,2026-04-06T20:24:26,2026-04-06T21:25:14,2026-04-06T21:25:34,ITRAN,59.5738888889,60.5927777778,0.00555555555556,46,4.08527777778
1410,255806044,2026-04-06T21:25:14,2026-04-06T21:25:14,2026-04-06T21:25:34,ITRAN,59.5738888889,59.5794444444,0.00555555555556,106,5.09861111111
1411,255806427,2026-04-08T06:08:21,2026-04-08T10:09:06,2026-04-08T10:09:25,ITGIT,5.84305555556,9.86083333333,0.00527777777778,40,0.660277777778
1412,255806427,2026-04-08T07:08:15,2026-04-08T10:09:06,2026-04-08T10:09:25,ITGIT,5.84305555556,8.8625,0.00527777777778,99,1.65861111111
1413,255806427,2026-04-08T08:08:10,2026-04-08T10:09:06,2026-04-08T10:09:25,ITGIT,5.84305555556,7.86388888889,0.00527777777778,158,2.65722222222
1414,255806427,2026-04-08T09:08:08,2026-04-08T10:09:06,2026-04-08T10:09:25,ITGIT,5.84305555556,6.86444444444,0.00527777777778,217,3.65666666667
1415,255806427,2026-04-08T10:09:06,2026-04-08T10:09:06,2026-04-08T10:09:25,ITGIT,5.84305555556,5.84833333333,0.00527777777778,277,4.67277777778
1416,255915592,2026-04-07T08:38:36,2026-04-07T09:39:35,2026-04-07T09:40:18,FRMRS,38.3283333333,39.3566666667,0.0119444444444,49,0.8125
1417,255915592,2026-04-07T09:39:35,2026-04-07T09:39:35,2026-04-07T09:40:18,FRMRS,38.3283333333,38.3402777778,0.0119444444444,103,1.82888888889
1418,255915609,2026-04-06T15:31:36,2026-04-06T15:31:36,2026-04-06T15:32:18,MTMLA,16.4616666667,16.4733333333,0.0116666666667,37,0.609166666667
1419,255915683,2026-04-09T04:46:14,2026-04-09T07:46:54,2026-04-09T07:47:15,ITRAN,83.2125,86.2294444444,0.00583333333333,53,1.29944444444
1420,255915683,2026-04-09T05:46:06,2026-04-09T07:46:54,2026-04-09T07:47:15,ITRAN,83.2125,85.2316666667,0.00583333333333,91,2.29722222222
1421,255915683,2026-04-09T06:45:58,2026-04-09T07:46:54,2026-04-09T07:47:15,ITRAN,83.2125,84.2338888889,0.00583333333333,120,3.295
1422,255915683,2026-04-09T07:46:54,2026-04-09T07:46:54,2026-04-09T07:47:15,ITRAN,83.2125,83.2183333333,0.00583333333333,180,4.31055555556
1423,255915693,2026-04-05T03:51:42,2026-04-05T07:52:33,2026-04-05T07:53:18,ITRAN,55.1116666667,59.1383333333,0.0125,46,1.13
1424,255915693,2026-04-05T03:52:42,2026-04-05T07:52:33,2026-04-05T07:53:18,ITRAN,55.1116666667,59.1216666667,0.0125,47,1.14666666667
1425,255915693,2026-04-05T05:52:07,2026-04-05T07:52:33,2026-04-05T07:53:18,ITRAN,55.1116666667,57.1313888889,0.0125,75,3.13694444444
1426,255915693,2026-04-05T06:51:48,2026-04-05T07:52:33,2026-04-05T07:53:18,ITRAN,55.1116666667,56.1366666667,0.0125,134,4.13166666667
1427,255915693,2026-04-05T07:52:33,2026-04-05T07:52:33,2026-04-05T07:53:18,ITRAN,55.1116666667,55.1241666667,0.0125,186,5.14416666667
1428,255915737,2026-04-05T03:38:32,2026-04-06T06:29:47,2026-04-06T06:30:21,ITAUG,-82.5058333333,-55.6422222222,0.00944444444444,127,3.13833333333
1429,255915737,2026-04-05T13:29:47,2026-04-06T06:29:47,2026-04-06T06:30:21,ITAUG,-82.5058333333,-65.4963888889,0.00944444444444,16,0.253333333333
1430,255915737,2026-04-05T13:38:54,2026-04-06T06:29:47,2026-04-06T06:30:21,ITAUG,-82.5058333333,-65.6483333333,0.00944444444444,25,0.405277777778
1431,255915737,2026-04-05T14:52:53,2026-04-06T06:29:47,2026-04-06T06:30:21,ITAUG,-82.5058333333,-66.8813888889,0.00944444444444,36,1.63833333333
1432,255915737,2026-04-05T18:18:43,2026-04-06T06:29:47,2026-04-06T06:30:21,ITAUG,-82.5058333333,-70.3119444444,0.00944444444444,47,5.06888888889
1433,255915737,2026-04-05T19:24:37,2026-04-06T06:29:47,2026-04-06T06:30:21,ITAUG,-82.5058333333,-71.4102777778,0.00944444444444,52,5.91388888889
1434,255915737,2026-04-05T21:03:56,2026-04-06T06:29:47,2026-04-06T06:30:21,ITAUG,-82.5058333333,-73.0655555556,0.00944444444444,61,2.9225
1435,255915737,2026-04-05T22:29:03,2026-04-06T06:29:47,2026-04-06T06:30:21,ITAUG,-82.5058333333,-74.4841666667,0.00944444444444,77,4.34111111111
1436,255915737,2026-04-05T23:28:49,2026-04-06T06:29:47,2026-04-06T06:30:21,ITAUG,-82.5058333333,-75.4802777778,0.00944444444444,135,5.33722222222
1437,255915737,2026-04-05T23:45:02,2026-04-06T06:29:47,2026-04-06T06:30:21,ITAUG,-82.5058333333,-75.7505555556,0.00944444444444,140,4.66138888889
1438,255915737,2026-04-06T02:05:55,2026-04-06T06:29:47,2026-04-06T06:30:21,ITAUG,-82.5058333333,-78.0986111111,0.00944444444444,131,5.52277777778
1439,255915737,2026-04-06T03:29:06,2026-04-06T06:29:47,2026-04-06T06:30:21,ITAUG,-82.5058333333,-79.485,0.00944444444444,135,5.25416666667
1440,255915737,2026-04-06T03:58:31,2026-04-06T06:29:47,2026-04-06T06:30:21,ITAUG,-82.5058333333,-79.9752777778,0.00944444444444,148,5.47444444444
1441,255915737,2026-04-06T06:29:47,2026-04-06T06:29:47,2026-04-06T06:30:21,ITAUG,-82.5058333333,-82.4963888889,0.00944444444444,115,4.56666666667
1442,255915759,2026-04-11T15:33:41,2026-04-12T10:48:38,2026-04-12T10:48:56,FOR_ORDERS,-566.815555556,-547.561388889,0.005,23,0.543333333333
1443,255915759,2026-04-11T16:48:02,2026-04-12T10:48:38,2026-04-12T10:48:56,FOR_ORDERS,-566.815555556,-548.800555556,0.005,30,1.7825
1444,255915759,2026-04-11T17:26:44,2026-04-12T10:48:38,2026-04-12T10:48:56,FOR_ORDERS,-566.815555556,-549.445555556,0.005,68,2.4275
1445,255915759,2026-04-12T03:48:01,2026-04-12T10:48:38,2026-04-12T10:48:56,FOR_ORDERS,-566.815555556,-559.800277778,0.005,71,1.20555555556
1446,255915759,2026-04-12T04:48:15,2026-04-12T10:48:38,2026-04-12T10:48:56,FOR_ORDERS,-566.815555556,-560.804166667,0.005,130,2.20944444444
1447,255915759,2026-04-12T05:48:33,2026-04-12T10:48:38,2026-04-12T10:48:56,FOR_ORDERS,-566.815555556,-561.809166667,0.005,189,3.21444444444
1448,255915759,2026-04-12T06:47:53,2026-04-12T10:48:38,2026-04-12T10:48:56,FOR_ORDERS,-566.815555556,-562.798055556,0.005,247,4.20333333333
1449,255915759,2026-04-12T07:48:19,2026-04-12T10:48:38,2026-04-12T10:48:56,FOR_ORDERS,-566.815555556,-563.805277778,0.005,306,5.21055555556
1450,255915759,2026-04-12T08:47:48,2026-04-12T10:48:38,2026-04-12T10:48:56,FOR_ORDERS,-566.815555556,-564.796666667,0.005,351,5.98138888889
1451,255915759,2026-04-12T09:48:16,2026-04-12T10:48:38,2026-04-12T10:48:56,FOR_ORDERS,-566.815555556,-565.804444444,0.005,352,5.98722222222
1452,255915759,2026-04-12T10:48:38,2026-04-12T10:48:38,2026-04-12T10:48:56,FOR_ORDERS,-566.815555556,-566.810555556,0.005,352,5.98944444444
1453,255915798,2026-04-09T05:41:02,2026-04-10T03:41:23,2026-04-10T03:41:42,TRMER,72.305,94.3161111111,0.00527777777778,39,1.13305555556
1454,255915798,2026-04-09T06:40:53,2026-04-10T03:41:23,2026-04-10T03:41:42,TRMER,72.305,93.3186111111,0.00527777777778,51,2.13055555556
1455,255915798,2026-04-09T06:56:07,2026-04-10T03:41:23,2026-04-10T03:41:42,TRMER,72.305,93.0647222222,0.00527777777778,66,2.38444444444
1456,255915798,2026-04-10T03:41:23,2026-04-10T03:41:23,2026-04-10T03:41:42,TRMER,72.305,72.3102777778,0.00527777777778,62,1.035
1457,255915800,2026-04-15T12:43:44,2026-04-16T12:43:53,2026-04-16T15:39:00,ITAUG,-62.65,-35.7288888889,2.91861111111,355,5.98722222222
1458,255915800,2026-04-15T13:43:38,2026-04-16T12:43:53,2026-04-16T15:39:00,ITAUG,-62.65,-36.7272222222,2.91861111111,355,5.98777777778
1459,255915800,2026-04-15T14:43:33,2026-04-16T12:43:53,2026-04-16T15:39:00,ITAUG,-62.65,-37.7258333333,2.91861111111,355,5.98888888889
1460,255915800,2026-04-15T15:43:39,2026-04-16T12:43:53,2026-04-16T15:39:00,ITAUG,-62.65,-38.7275,2.91861111111,355,5.99277777778
1461,255915800,2026-04-15T16:43:33,2026-04-16T12:43:53,2026-04-16T15:39:00,ITAUG,-62.65,-39.7258333333,2.91861111111,355,5.99277777778
1462,255915800,2026-04-15T17:43:23,2026-04-16T12:43:53,2026-04-16T15:39:00,ITAUG,-62.65,-40.7230555556,2.91861111111,351,5.975
1463,255915800,2026-04-15T18:43:08,2026-04-16T12:43:53,2026-04-16T15:39:00,ITAUG,-62.65,-41.7188888889,2.91861111111,351,5.97305555556
1464,255915800,2026-04-15T19:43:51,2026-04-16T12:43:53,2026-04-16T15:39:00,ITAUG,-62.65,-42.7308333333,2.91861111111,352,5.98666666667
1465,255915800,2026-04-15T20:43:36,2026-04-16T12:43:53,2026-04-16T15:39:00,ITAUG,-62.65,-43.7266666667,2.91861111111,352,5.98388888889
1466,255915800,2026-04-15T21:43:24,2026-04-16T12:43:53,2026-04-16T15:39:00,ITAUG,-62.65,-44.7233333333,2.91861111111,352,5.97888888889
1467,255915800,2026-04-15T22:43:12,2026-04-16T12:43:53,2026-04-16T15:39:00,ITAUG,-62.65,-45.72,2.91861111111,352,5.97722222222
1468,255915800,2026-04-15T23:43:02,2026-04-16T12:43:53,2026-04-16T15:39:00,ITAUG,-62.65,-46.7172222222,2.91861111111,355,5.97722222222
1469,255915800,2026-04-16T00:43:53,2026-04-16T12:43:53,2026-04-16T15:39:00,ITAUG,-62.65,-47.7313888889,2.91861111111,356,5.99555555556
1470,255915800,2026-04-16T01:43:43,2026-04-16T12:43:53,2026-04-16T15:39:00,ITAUG,-62.65,-48.7286111111,2.91861111111,355,5.98083333333
1471,255915800,2026-04-16T02:43:33,2026-04-16T12:43:53,2026-04-16T15:39:00,ITAUG,-62.65,-49.7258333333,2.91861111111,355,5.98222222222
1472,255915800,2026-04-16T03:43:22,2026-04-16T12:43:53,2026-04-16T15:39:00,ITAUG,-62.65,-50.7227777778,2.91861111111,355,5.98277777778
1473,255915800,2026-04-16T04:43:12,2026-04-16T12:43:53,2026-04-16T15:39:00,ITAUG,-62.65,-51.72,2.91861111111,355,5.98305555556
1474,255915800,2026-04-16T05:43:04,2026-04-16T12:43:53,2026-04-16T15:39:00,ITAUG,-62.65,-52.7177777778,2.91861111111,355,5.98361111111
1475,255915800,2026-04-16T06:42:56,2026-04-16T12:43:53,2026-04-16T15:39:00,ITAUG,-62.65,-53.7155555556,2.91861111111,355,5.98416666667
1476,255915800,2026-04-16T07:43:49,2026-04-16T12:43:53,2026-04-16T15:39:00,ITAUG,-62.65,-54.7302777778,2.91861111111,355,5.98472222222
1477,255915800,2026-04-16T08:43:18,2026-04-16T12:43:53,2026-04-16T15:39:00,ITAUG,-62.65,-55.7216666667,2.91861111111,354,5.97888888889
1478,255915800,2026-04-16T09:43:10,2026-04-16T12:43:53,2026-04-16T15:39:00,ITAUG,-62.65,-56.7194444444,2.91861111111,354,5.97972222222
1479,255915800,2026-04-16T10:43:03,2026-04-16T12:43:53,2026-04-16T15:39:00,ITAUG,-62.65,-57.7175,2.91861111111,354,5.98055555556
1480,255915800,2026-04-16T11:42:58,2026-04-16T12:43:53,2026-04-16T15:39:00,ITAUG,-62.65,-58.7161111111,2.91861111111,354,5.98166666667
1481,255915800,2026-04-16T12:43:53,2026-04-16T12:43:53,2026-04-16T15:39:00,ITAUG,-62.65,-59.7313888889,2.91861111111,355,5.99888888889
1482,255915967,2026-04-11T03:23:39,2026-04-11T15:24:31,2026-04-11T15:24:37,TEXT:ALIAGA,37.5897222222,49.6058333333,0.00166666666667,39,0.642222222222
1483,255915967,2026-04-11T04:23:32,2026-04-11T15:24:31,2026-04-11T15:24:37,TEXT:ALIAGA,37.5897222222,48.6077777778,0.00166666666667,79,1.64027777778
1484,255915967,2026-04-11T05:24:29,2026-04-11T15:24:31,2026-04-11T15:24:37,TEXT:ALIAGA,37.5897222222,47.5919444444,0.00166666666667,139,2.65611111111
1485,255915967,2026-04-11T06:24:29,2026-04-11T15:24:31,2026-04-11T15:24:37,TEXT:ALIAGA,37.5897222222,46.5919444444,0.00166666666667,198,3.65611111111
1486,255915967,2026-04-11T06:32:37,2026-04-11T15:24:31,2026-04-11T15:24:37,TEXT:ALIAGA,37.5897222222,46.4563888889,0.00166666666667,206,3.79166666667
1487,255915967,2026-04-11T15:24:31,2026-04-11T15:24:31,2026-04-11T15:24:37,TEXT:ALIAGA,37.5897222222,37.5913888889,0.00166666666667,22,0.356388888889
1488,255916537,2026-04-07T01:27:31,2026-04-07T06:27:42,2026-04-07T06:28:35,ITCVV,25.5236111111,30.5413888889,0.0147222222222,31,0.506944444444
1489,255916537,2026-04-07T02:27:20,2026-04-07T06:27:42,2026-04-07T06:28:35,ITCVV,25.5236111111,29.5444444444,0.0147222222222,90,1.50388888889
1490,255916537,2026-04-07T03:27:09,2026-04-07T06:27:42,2026-04-07T06:28:35,ITCVV,25.5236111111,28.5475,0.0147222222222,149,2.50083333333
1491,255916537,2026-04-07T04:26:59,2026-04-07T06:27:42,2026-04-07T06:28:35,ITCVV,25.5236111111,27.5502777778,0.0147222222222,208,3.49805555556
1492,255916537,2026-04-07T05:26:50,2026-04-07T06:27:42,2026-04-07T06:28:35,ITCVV,25.5236111111,26.5527777778,0.0147222222222,234,4.49555555556
1493,255916537,2026-04-07T06:27:42,2026-04-07T06:27:42,2026-04-07T06:28:35,ITCVV,25.5236111111,25.5383333333,0.0147222222222,294,5.51
1494,255970000,2026-04-13T23:24:04,2026-04-15T00:06:05,2026-04-15T00:06:31,ITTAR,22.8913888889,47.5988888889,0.00722222222222,258,4.69083333333
1495,255970000,2026-04-15T00:06:05,2026-04-15T00:06:05,2026-04-15T00:06:31,ITTAR,22.8913888889,22.8986111111,0.00722222222222,39,0.642222222222
1496,256049000,2026-04-09T17:17:17,2026-04-09T17:17:17,2026-04-09T17:18:05,FRSET,46.6986111111,46.7119444444,0.0133333333333,67,1.15
1497,256227000,2026-04-15T12:43:44,2026-04-16T12:43:53,2026-04-16T15:37:28,ITAUG,-80.6244444444,-53.7288888889,2.89305555556,337,5.98722222222
1498,256227000,2026-04-15T13:43:38,2026-04-16T12:43:53,2026-04-16T15:37:28,ITAUG,-80.6244444444,-54.7272222222,2.89305555556,329,5.98777777778
1499,256227000,2026-04-15T14:43:33,2026-04-16T12:43:53,2026-04-16T15:37:28,ITAUG,-80.6244444444,-55.7258333333,2.89305555556,330,5.98888888889
1500,256227000,2026-04-15T15:43:39,2026-04-16T12:43:53,2026-04-16T15:37:28,ITAUG,-80.6244444444,-56.7275,2.89305555556,340,5.99277777778
1501,256227000,2026-04-15T16:43:33,2026-04-16T12:43:53,2026-04-16T15:37:28,ITAUG,-80.6244444444,-57.7258333333,2.89305555556,343,5.99277777778
1502,256227000,2026-04-15T17:43:23,2026-04-16T12:43:53,2026-04-16T15:37:28,ITAUG,-80.6244444444,-58.7230555556,2.89305555556,343,5.975
1503,256227000,2026-04-15T18:43:08,2026-04-16T12:43:53,2026-04-16T15:37:28,ITAUG,-80.6244444444,-59.7188888889,2.89305555556,336,5.97305555556
1504,256227000,2026-04-15T19:43:51,2026-04-16T12:43:53,2026-04-16T15:37:28,ITAUG,-80.6244444444,-60.7308333333,2.89305555556,324,5.98666666667
1505,256227000,2026-04-15T20:43:36,2026-04-16T12:43:53,2026-04-16T15:37:28,ITAUG,-80.6244444444,-61.7266666667,2.89305555556,322,5.98388888889
1506,256227000,2026-04-15T21:43:24,2026-04-16T12:43:53,2026-04-16T15:37:28,ITAUG,-80.6244444444,-62.7233333333,2.89305555556,321,5.97888888889
1507,256227000,2026-04-15T22:43:12,2026-04-16T12:43:53,2026-04-16T15:37:28,ITAUG,-80.6244444444,-63.72,2.89305555556,307,5.97722222222
1508,256227000,2026-04-15T23:43:02,2026-04-16T12:43:53,2026-04-16T15:37:28,ITAUG,-80.6244444444,-64.7172222222,2.89305555556,308,5.97722222222
1509,256227000,2026-04-16T00:43:53,2026-04-16T12:43:53,2026-04-16T15:37:28,ITAUG,-80.6244444444,-65.7313888889,2.89305555556,318,5.77638888889
1510,256227000,2026-04-16T01:43:43,2026-04-16T12:43:53,2026-04-16T15:37:28,ITAUG,-80.6244444444,-66.7286111111,2.89305555556,338,5.98083333333
1511,256227000,2026-04-16T02:43:33,2026-04-16T12:43:53,2026-04-16T15:37:28,ITAUG,-80.6244444444,-67.7258333333,2.89305555556,340,5.98222222222
1512,256227000,2026-04-16T03:43:22,2026-04-16T12:43:53,2026-04-16T15:37:28,ITAUG,-80.6244444444,-68.7227777778,2.89305555556,341,5.98277777778
1513,256227000,2026-04-16T04:43:12,2026-04-16T12:43:53,2026-04-16T15:37:28,ITAUG,-80.6244444444,-69.72,2.89305555556,355,5.98305555556
1514,256227000,2026-04-16T05:43:04,2026-04-16T12:43:53,2026-04-16T15:37:28,ITAUG,-80.6244444444,-70.7177777778,2.89305555556,355,5.98361111111
1515,256227000,2026-04-16T06:42:56,2026-04-16T12:43:53,2026-04-16T15:37:28,ITAUG,-80.6244444444,-71.7155555556,2.89305555556,355,5.98416666667
1516,256227000,2026-04-16T07:43:49,2026-04-16T12:43:53,2026-04-16T15:37:28,ITAUG,-80.6244444444,-72.7302777778,2.89305555556,355,5.98472222222
1517,256227000,2026-04-16T08:43:18,2026-04-16T12:43:53,2026-04-16T15:37:28,ITAUG,-80.6244444444,-73.7216666667,2.89305555556,354,5.97888888889
1518,256227000,2026-04-16T09:43:10,2026-04-16T12:43:53,2026-04-16T15:37:28,ITAUG,-80.6244444444,-74.7194444444,2.89305555556,354,5.97972222222
1519,256227000,2026-04-16T10:43:03,2026-04-16T12:43:53,2026-04-16T15:37:28,ITAUG,-80.6244444444,-75.7175,2.89305555556,354,5.98055555556
1520,256227000,2026-04-16T11:42:58,2026-04-16T12:43:53,2026-04-16T15:37:28,ITAUG,-80.6244444444,-76.7161111111,2.89305555556,354,5.98166666667
1521,256227000,2026-04-16T12:43:53,2026-04-16T12:43:53,2026-04-16T15:37:28,ITAUG,-80.6244444444,-77.7313888889,2.89305555556,353,5.99888888889
1522,256251000,2026-04-11T18:06:25,2026-04-12T18:07:07,2026-04-12T18:07:41,TRIZT,59.8719444444,83.8930555556,0.00944444444444,344,5.98472222222
1523,256251000,2026-04-11T19:06:25,2026-04-12T18:07:07,2026-04-12T18:07:41,TRIZT,59.8719444444,82.8930555556,0.00944444444444,354,5.98722222222
1524,256251000,2026-04-11T20:06:30,2026-04-12T18:07:07,2026-04-12T18:07:41,TRIZT,59.8719444444,81.8916666667,0.00944444444444,354,5.98916666667
1525,256251000,2026-04-11T21:06:42,2026-04-12T18:07:07,2026-04-12T18:07:41,TRIZT,59.8719444444,80.8883333333,0.00944444444444,354,5.99166666667
1526,256251000,2026-04-11T22:06:56,2026-04-12T18:07:07,2026-04-12T18:07:41,TRIZT,59.8719444444,79.8844444444,0.00944444444444,354,5.99388888889
1527,256251000,2026-04-11T23:07:05,2026-04-12T18:07:07,2026-04-12T18:07:41,TRIZT,59.8719444444,78.8819444444,0.00944444444444,354,5.995
1528,256251000,2026-04-11T23:54:58,2026-04-12T18:07:07,2026-04-12T18:07:41,TRIZT,59.8719444444,78.0838888889,0.00944444444444,323,5.79222222222
1529,256251000,2026-04-12T01:06:13,2026-04-12T18:07:07,2026-04-12T18:07:41,TRIZT,59.8719444444,76.8963888889,0.00944444444444,265,5.97972222222
1530,256251000,2026-04-12T02:06:11,2026-04-12T18:07:07,2026-04-12T18:07:41,TRIZT,59.8719444444,75.8969444444,0.00944444444444,247,5.97777777778
1531,256251000,2026-04-12T03:06:14,2026-04-12T18:07:07,2026-04-12T18:07:41,TRIZT,59.8719444444,74.8961111111,0.00944444444444,245,5.97527777778
1532,256251000,2026-04-12T04:06:23,2026-04-12T18:07:07,2026-04-12T18:07:41,TRIZT,59.8719444444,73.8936111111,0.00944444444444,218,5.97388888889
1533,256251000,2026-04-12T04:57:26,2026-04-12T18:07:07,2026-04-12T18:07:41,TRIZT,59.8719444444,73.0427777778,0.00944444444444,190,5.82222222222
1534,256251000,2026-04-12T06:06:58,2026-04-12T18:07:07,2026-04-12T18:07:41,TRIZT,59.8719444444,71.8838888889,0.00944444444444,196,5.0125
1535,256251000,2026-04-12T07:03:15,2026-04-12T18:07:07,2026-04-12T18:07:41,TRIZT,59.8719444444,70.9458333333,0.00944444444444,228,5.93361111111
1536,256251000,2026-04-12T08:06:46,2026-04-12T18:07:07,2026-04-12T18:07:41,TRIZT,59.8719444444,69.8872222222,0.00944444444444,230,5.99277777778
1537,256251000,2026-04-12T09:06:16,2026-04-12T18:07:07,2026-04-12T18:07:41,TRIZT,59.8719444444,68.8955555556,0.00944444444444,231,5.98361111111
1538,256251000,2026-04-12T10:06:41,2026-04-12T18:07:07,2026-04-12T18:07:41,TRIZT,59.8719444444,67.8886111111,0.00944444444444,258,5.98805555556
1539,256251000,2026-04-12T11:07:03,2026-04-12T18:07:07,2026-04-12T18:07:41,TRIZT,59.8719444444,66.8825,0.00944444444444,286,5.97277777778
1540,256251000,2026-04-12T12:06:23,2026-04-12T18:07:07,2026-04-12T18:07:41,TRIZT,59.8719444444,65.8936111111,0.00944444444444,310,5.97333333333
1541,256251000,2026-04-12T13:06:29,2026-04-12T18:07:07,2026-04-12T18:07:41,TRIZT,59.8719444444,64.8919444444,0.00944444444444,336,5.7125
1542,256251000,2026-04-12T14:06:33,2026-04-12T18:07:07,2026-04-12T18:07:41,TRIZT,59.8719444444,63.8908333333,0.00944444444444,352,5.97916666667
1543,256251000,2026-04-12T15:06:31,2026-04-12T18:07:07,2026-04-12T18:07:41,TRIZT,59.8719444444,62.8913888889,0.00944444444444,353,5.98722222222
1544,256251000,2026-04-12T16:06:23,2026-04-12T18:07:07,2026-04-12T18:07:41,TRIZT,59.8719444444,61.8936111111,0.00944444444444,353,5.97777777778
1545,256251000,2026-04-12T17:06:16,2026-04-12T18:07:07,2026-04-12T18:07:41,TRIZT,59.8719444444,60.8955555556,0.00944444444444,353,5.97
1546,256251000,2026-04-12T18:07:07,2026-04-12T18:07:07,2026-04-12T18:07:41,TRIZT,59.8719444444,59.8813888889,0.00944444444444,345,5.99527777778
1547,256286000,2026-04-07T10:04:58,2026-04-07T15:24:06,2026-04-07T15:24:40,ITGOA,44.5888888889,49.9172222222,0.00944444444444,30,1.40555555556
1548,256286000,2026-04-07T12:23:55,2026-04-07T15:24:06,2026-04-07T15:24:40,ITGOA,44.5888888889,47.6013888889,0.00944444444444,79,3.72138888889
1549,256286000,2026-04-07T13:23:53,2026-04-07T15:24:06,2026-04-07T15:24:40,ITGOA,44.5888888889,46.6019444444,0.00944444444444,138,4.72083333333
1550,256286000,2026-04-07T14:24:01,2026-04-07T15:24:06,2026-04-07T15:24:40,ITGOA,44.5888888889,45.5997222222,0.00944444444444,197,5.72305555556
1551,256286000,2026-04-07T15:24:06,2026-04-07T15:24:06,2026-04-07T15:24:40,ITGOA,44.5888888889,44.5983333333,0.00944444444444,246,5.67444444444
1552,256392000,2026-04-07T22:43:29,2026-04-08T03:44:13,2026-04-08T03:44:38,TEXT:IT TARANTO,19.2561111111,24.2752777778,0.00694444444444,61,1.35111111111
1553,256392000,2026-04-07T23:43:25,2026-04-08T03:44:13,2026-04-08T03:44:38,TEXT:IT TARANTO,19.2561111111,23.2763888889,0.00694444444444,120,2.35
1554,256392000,2026-04-08T00:43:21,2026-04-08T03:44:13,2026-04-08T03:44:38,TEXT:IT TARANTO,19.2561111111,22.2775,0.00694444444444,179,3.34888888889
1555,256392000,2026-04-08T01:43:17,2026-04-08T03:44:13,2026-04-08T03:44:38,TEXT:IT TARANTO,19.2561111111,21.2786111111,0.00694444444444,238,4.34777777778
1556,256392000,2026-04-08T02:43:15,2026-04-08T03:44:13,2026-04-08T03:44:38,TEXT:IT TARANTO,19.2561111111,20.2791666667,0.00694444444444,297,5.34722222222
1557,256392000,2026-04-08T03:44:13,2026-04-08T03:44:13,2026-04-08T03:44:38,TEXT:IT TARANTO,19.2561111111,19.2630555556,0.00694444444444,346,5.84083333333
1558,256436000,2026-04-11T04:35:44,2026-04-12T03:35:47,2026-04-12T03:35:51,ITMNP,26.4025,49.4044444444,0.00111111111111,32,0.524722222222
1559,256436000,2026-04-11T05:32:37,2026-04-12T03:35:47,2026-04-12T03:35:51,ITMNP,26.4025,48.4563888889,0.00111111111111,88,1.47277777778
1560,256436000,2026-04-11T20:36:05,2026-04-12T03:35:47,2026-04-12T03:35:51,ITMNP,26.4025,33.3986111111,0.00111111111111,16,0.255277777778
1561,256436000,2026-04-11T22:28:22,2026-04-12T03:35:47,2026-04-12T03:35:51,ITMNP,26.4025,31.5272222222,0.00111111111111,66,2.12666666667
1562,256436000,2026-04-11T23:35:37,2026-04-12T03:35:47,2026-04-12T03:35:51,ITMNP,26.4025,30.4063888889,0.00111111111111,124,3.2475
1563,256436000,2026-04-12T00:35:43,2026-04-12T03:35:47,2026-04-12T03:35:51,ITMNP,26.4025,29.4047222222,0.00111111111111,183,4.24916666667
1564,256436000,2026-04-12T01:33:39,2026-04-12T03:35:47,2026-04-12T03:35:51,ITMNP,26.4025,28.4391666667,0.00111111111111,239,5.21472222222
1565,256436000,2026-04-12T02:28:34,2026-04-12T03:35:47,2026-04-12T03:35:51,ITMNP,26.4025,27.5238888889,0.00111111111111,253,5.87472222222
1566,256436000,2026-04-12T03:35:47,2026-04-12T03:35:47,2026-04-12T03:35:51,ITMNP,26.4025,26.4036111111,0.00111111111111,303,5.95722222222
1567,256515000,2026-04-15T12:43:44,2026-04-16T12:43:53,2026-04-16T15:36:37,ITSPA,-139.610277778,-112.728888889,2.87888888889,351,5.98722222222
1568,256515000,2026-04-15T13:43:38,2026-04-16T12:43:53,2026-04-16T15:36:37,ITSPA,-139.610277778,-113.727222222,2.87888888889,351,5.98777777778
1569,256515000,2026-04-15T14:43:33,2026-04-16T12:43:53,2026-04-16T15:36:37,ITSPA,-139.610277778,-114.725833333,2.87888888889,351,5.98888888889
1570,256515000,2026-04-15T15:43:39,2026-04-16T12:43:53,2026-04-16T15:36:37,ITSPA,-139.610277778,-115.7275,2.87888888889,351,5.99277777778
1571,256515000,2026-04-15T16:43:33,2026-04-16T12:43:53,2026-04-16T15:36:37,ITSPA,-139.610277778,-116.725833333,2.87888888889,351,5.99277777778
1572,256515000,2026-04-15T17:43:23,2026-04-16T12:43:53,2026-04-16T15:36:37,ITSPA,-139.610277778,-117.723055556,2.87888888889,354,5.975
1573,256515000,2026-04-15T18:43:08,2026-04-16T12:43:53,2026-04-16T15:36:37,ITSPA,-139.610277778,-118.718888889,2.87888888889,354,5.97305555556
1574,256515000,2026-04-15T19:43:51,2026-04-16T12:43:53,2026-04-16T15:36:37,ITSPA,-139.610277778,-119.730833333,2.87888888889,355,5.98666666667
1575,256515000,2026-04-15T20:43:36,2026-04-16T12:43:53,2026-04-16T15:36:37,ITSPA,-139.610277778,-120.726666667,2.87888888889,355,5.98388888889
1576,256515000,2026-04-15T21:43:24,2026-04-16T12:43:53,2026-04-16T15:36:37,ITSPA,-139.610277778,-121.723333333,2.87888888889,355,5.97888888889
1577,256515000,2026-04-15T22:43:12,2026-04-16T12:43:53,2026-04-16T15:36:37,ITSPA,-139.610277778,-122.72,2.87888888889,355,5.97722222222
1578,256515000,2026-04-15T23:43:02,2026-04-16T12:43:53,2026-04-16T15:36:37,ITSPA,-139.610277778,-123.717222222,2.87888888889,355,5.97722222222
1579,256515000,2026-04-16T00:43:53,2026-04-16T12:43:53,2026-04-16T15:36:37,ITSPA,-139.610277778,-124.731388889,2.87888888889,356,5.99555555556
1580,256515000,2026-04-16T01:43:43,2026-04-16T12:43:53,2026-04-16T15:36:37,ITSPA,-139.610277778,-125.728611111,2.87888888889,355,5.98083333333
1581,256515000,2026-04-16T02:43:33,2026-04-16T12:43:53,2026-04-16T15:36:37,ITSPA,-139.610277778,-126.725833333,2.87888888889,355,5.98222222222
1582,256515000,2026-04-16T03:43:22,2026-04-16T12:43:53,2026-04-16T15:36:37,ITSPA,-139.610277778,-127.722777778,2.87888888889,355,5.98277777778
1583,256515000,2026-04-16T04:43:12,2026-04-16T12:43:53,2026-04-16T15:36:37,ITSPA,-139.610277778,-128.72,2.87888888889,354,5.98305555556
1584,256515000,2026-04-16T05:43:04,2026-04-16T12:43:53,2026-04-16T15:36:37,ITSPA,-139.610277778,-129.717777778,2.87888888889,354,5.98361111111
1585,256515000,2026-04-16T06:42:56,2026-04-16T12:43:53,2026-04-16T15:36:37,ITSPA,-139.610277778,-130.715555556,2.87888888889,354,5.98416666667
1586,256515000,2026-04-16T07:43:49,2026-04-16T12:43:53,2026-04-16T15:36:37,ITSPA,-139.610277778,-131.730277778,2.87888888889,354,5.98472222222
1587,256515000,2026-04-16T08:43:18,2026-04-16T12:43:53,2026-04-16T15:36:37,ITSPA,-139.610277778,-132.721666667,2.87888888889,353,5.97888888889
1588,256515000,2026-04-16T09:43:10,2026-04-16T12:43:53,2026-04-16T15:36:37,ITSPA,-139.610277778,-133.719444444,2.87888888889,353,5.97972222222
1589,256515000,2026-04-16T10:43:03,2026-04-16T12:43:53,2026-04-16T15:36:37,ITSPA,-139.610277778,-134.7175,2.87888888889,354,5.98055555556
1590,256515000,2026-04-16T11:42:58,2026-04-16T12:43:53,2026-04-16T15:36:37,ITSPA,-139.610277778,-135.716111111,2.87888888889,354,5.98166666667
1591,256515000,2026-04-16T12:43:53,2026-04-16T12:43:53,2026-04-16T15:36:37,ITSPA,-139.610277778,-136.731388889,2.87888888889,355,5.99888888889
1592,256607000,2026-04-15T23:30:52,2026-04-16T05:30:53,2026-04-16T05:30:53,ITGIT,6.98527777778,12.9855555556,0,27,0.557777777778
1593,256607000,2026-04-16T00:30:42,2026-04-16T05:30:53,2026-04-16T05:30:53,ITGIT,6.98527777778,11.9883333333,0,86,1.555
1594,256607000,2026-04-16T01:30:32,2026-04-16T05:30:53,2026-04-16T05:30:53,ITGIT,6.98527777778,10.9911111111,0,145,2.55222222222
1595,256607000,2026-04-16T02:30:22,2026-04-16T05:30:53,2026-04-16T05:30:53,ITGIT,6.98527777778,9.99388888889,0,204,3.54944444444
1596,256607000,2026-04-16T03:30:11,2026-04-16T05:30:53,2026-04-16T05:30:53,ITGIT,6.98527777778,8.99694444444,0,263,4.54638888889
1597,256607000,2026-04-16T04:30:01,2026-04-16T05:30:53,2026-04-16T05:30:53,ITGIT,6.98527777778,7.99972222222,0,322,5.54361111111
1598,256607000,2026-04-16T05:30:53,2026-04-16T05:30:53,2026-04-16T05:30:53,ITGIT,6.98527777778,6.98527777778,0,355,5.98333333333
1599,256714000,2026-04-07T07:33:37,2026-04-07T20:33:44,2026-04-07T20:33:57,ITGOA,44.4341666667,57.4397222222,0.00361111111111,42,0.693055555556
1600,256714000,2026-04-07T08:09:09,2026-04-07T20:33:44,2026-04-07T20:33:57,ITGOA,44.4341666667,56.8475,0.00361111111111,77,1.28527777778
1601,256714000,2026-04-07T09:12:08,2026-04-07T20:33:44,2026-04-07T20:33:57,ITGOA,44.4341666667,55.7977777778,0.00361111111111,92,2.335
1602,256714000,2026-04-07T12:33:03,2026-04-07T20:33:44,2026-04-07T20:33:57,ITGOA,44.4341666667,52.4491666667,0.00361111111111,134,5.68361111111
1603,256714000,2026-04-07T13:33:03,2026-04-07T20:33:44,2026-04-07T20:33:57,ITGOA,44.4341666667,51.4491666667,0.00361111111111,151,5.97361111111
1604,256714000,2026-04-07T14:33:11,2026-04-07T20:33:44,2026-04-07T20:33:57,ITGOA,44.4341666667,50.4469444444,0.00361111111111,175,5.58777777778
1605,256714000,2026-04-07T15:33:15,2026-04-07T20:33:44,2026-04-07T20:33:57,ITGOA,44.4341666667,49.4458333333,0.00361111111111,219,3.69638888889
1606,256714000,2026-04-07T16:33:14,2026-04-07T20:33:44,2026-04-07T20:33:57,ITGOA,44.4341666667,48.4461111111,0.00361111111111,260,4.69611111111
1607,256714000,2026-04-07T17:33:13,2026-04-07T20:33:44,2026-04-07T20:33:57,ITGOA,44.4341666667,47.4463888889,0.00361111111111,319,5.69583333333
1608,256714000,2026-04-07T18:29:02,2026-04-07T20:33:44,2026-04-07T20:33:57,ITGOA,44.4341666667,46.5161111111,0.00361111111111,332,5.91611111111
1609,256714000,2026-04-07T19:32:52,2026-04-07T20:33:44,2026-04-07T20:33:57,ITGOA,44.4341666667,45.4522222222,0.00361111111111,328,5.97972222222
1610,256714000,2026-04-07T20:33:44,2026-04-07T20:33:44,2026-04-07T20:33:57,ITGOA,44.4341666667,44.4377777778,0.00361111111111,329,5.99222222222
1611,256812000,2026-04-05T15:12:08,2026-04-05T16:12:59,2026-04-05T16:13:07,TRCEY,80.7813888889,81.7977777778,0.00222222222222,73,1.21611111111
1612,256812000,2026-04-05T16:12:59,2026-04-05T16:12:59,2026-04-05T16:13:07,TRCEY,80.7813888889,80.7836111111,0.00222222222222,133,2.23027777778
1613,256885000,2026-04-09T23:34:19,2026-04-10T04:35:17,2026-04-10T04:35:43,ITGOA,46.4047222222,51.4280555556,0.00722222222222,52,0.862777777778
1614,256885000,2026-04-10T00:35:15,2026-04-10T04:35:17,2026-04-10T04:35:43,ITGOA,46.4047222222,50.4125,0.00722222222222,112,1.87833333333
1615,256885000,2026-04-10T01:35:11,2026-04-10T04:35:17,2026-04-10T04:35:43,ITGOA,46.4047222222,49.4136111111,0.00722222222222,171,2.87722222222
1616,256885000,2026-04-10T02:35:13,2026-04-10T04:35:17,2026-04-10T04:35:43,ITGOA,46.4047222222,48.4130555556,0.00722222222222,230,3.87777777778
1617,256885000,2026-04-10T03:35:17,2026-04-10T04:35:17,2026-04-10T04:35:43,ITGOA,46.4047222222,47.4119444444,0.00722222222222,289,4.87888888889
1618,256885000,2026-04-10T04:35:17,2026-04-10T04:35:17,2026-04-10T04:35:43,ITGOA,46.4047222222,46.4119444444,0.00722222222222,348,5.87888888889
1619,256891000,2026-04-08T11:58:38,2026-04-08T17:59:37,2026-04-08T17:59:38,ITAUG,-0.993888888889,5.02277777778,0.000277777777778,25,0.406388888889
1620,256891000,2026-04-08T12:58:37,2026-04-08T17:59:37,2026-04-08T17:59:38,ITAUG,-0.993888888889,4.02305555556,0.000277777777778,84,1.40611111111
1621,256891000,2026-04-08T13:58:38,2026-04-08T17:59:37,2026-04-08T17:59:38,ITAUG,-0.993888888889,3.02277777778,0.000277777777778,143,2.40638888889
1622,256891000,2026-04-08T14:58:41,2026-04-08T17:59:37,2026-04-08T17:59:38,ITAUG,-0.993888888889,2.02194444444,0.000277777777778,202,3.40722222222
1623,256891000,2026-04-08T15:58:44,2026-04-08T17:59:37,2026-04-08T17:59:38,ITAUG,-0.993888888889,1.02111111111,0.000277777777778,261,4.40805555556
1624,256891000,2026-04-08T16:58:45,2026-04-08T17:59:37,2026-04-08T17:59:38,ITAUG,-0.993888888889,0.0208333333333,0.000277777777778,320,5.40833333333
1625,256891000,2026-04-08T17:59:37,2026-04-08T17:59:37,2026-04-08T17:59:38,ITAUG,-0.993888888889,-0.993611111111,0.000277777777778,355,5.99944444444
1626,257824000,2026-04-05T22:47:17,2026-04-06T02:47:31,2026-04-06T02:48:05,ESVGO,121.198611111,125.211944444,0.00944444444444,17,0.270277777778
1627,257824000,2026-04-05T23:03:29,2026-04-06T02:47:31,2026-04-06T02:48:05,ESVGO,121.198611111,124.941944444,0.00944444444444,33,0.540277777778
1628,257824000,2026-04-06T00:46:51,2026-04-06T02:47:31,2026-04-06T02:48:05,ESVGO,121.198611111,123.219166667,0.00944444444444,51,2.26305555556
1629,257824000,2026-04-06T01:46:39,2026-04-06T02:47:31,2026-04-06T02:48:05,ESVGO,121.198611111,122.2225,0.00944444444444,95,3.25972222222
1630,257824000,2026-04-06T02:47:31,2026-04-06T02:47:31,2026-04-06T02:48:05,ESVGO,121.198611111,121.208055556,0.00944444444444,155,4.27416666667
1631,268251804,2026-04-06T16:18:18,2026-04-06T23:18:47,2026-04-06T23:19:41,ITVCE,70.6719444444,77.695,0.015,19,0.524444444444
1632,268251804,2026-04-06T17:18:07,2026-04-06T23:18:47,2026-04-06T23:19:41,ITVCE,70.6719444444,76.6980555556,0.015,74,1.52138888889
1633,268251804,2026-04-06T17:54:36,2026-04-06T23:18:47,2026-04-06T23:19:41,ITVCE,70.6719444444,76.09,0.015,110,2.12944444444
1634,268251804,2026-04-06T19:18:35,2026-04-06T23:18:47,2026-04-06T23:19:41,ITVCE,70.6719444444,74.6902777778,0.015,166,3.52916666667
1635,268251804,2026-04-06T20:18:21,2026-04-06T23:18:47,2026-04-06T23:19:41,ITVCE,70.6719444444,73.6941666667,0.015,222,4.52527777778
1636,268251804,2026-04-06T21:18:09,2026-04-06T23:18:47,2026-04-06T23:19:41,ITVCE,70.6719444444,72.6975,0.015,281,5.52194444444
1637,268251804,2026-04-06T22:17:56,2026-04-06T23:18:47,2026-04-06T23:19:41,ITVCE,70.6719444444,71.7011111111,0.015,321,5.97694444444
1638,268251804,2026-04-06T23:18:47,2026-04-06T23:18:47,2026-04-06T23:19:41,ITVCE,70.6719444444,70.6869444444,0.015,326,5.99416666667
1639,271000677,2026-04-11T13:04:08,2026-04-11T19:04:23,2026-04-11T19:04:49,LBBEY,60.9197222222,66.9311111111,0.00722222222222,73,1.21694444444
1640,271000677,2026-04-11T14:04:06,2026-04-11T19:04:23,2026-04-11T19:04:49,LBBEY,60.9197222222,65.9316666667,0.00722222222222,132,2.21638888889
1641,271000677,2026-04-11T15:04:09,2026-04-11T19:04:23,2026-04-11T19:04:49,LBBEY,60.9197222222,64.9308333333,0.00722222222222,146,3.21722222222
1642,271000677,2026-04-11T16:04:14,2026-04-11T19:04:23,2026-04-11T19:04:49,LBBEY,60.9197222222,63.9294444444,0.00722222222222,205,4.21861111111
1643,271000677,2026-04-11T17:04:20,2026-04-11T19:04:23,2026-04-11T19:04:49,LBBEY,60.9197222222,62.9277777778,0.00722222222222,264,5.22027777778
1644,271000677,2026-04-11T18:04:23,2026-04-11T19:04:23,2026-04-11T19:04:49,LBBEY,60.9197222222,61.9269444444,0.00722222222222,309,5.98444444444
1645,271000677,2026-04-11T19:04:23,2026-04-11T19:04:23,2026-04-11T19:04:49,LBBEY,60.9197222222,60.9269444444,0.00722222222222,309,5.98722222222
1646,271000748,2026-04-09T22:55:44,2026-04-10T05:21:04,2026-04-10T05:21:08,FRSET,35.1477777778,41.5711111111,0.00111111111111,19,0.304444444444
1647,271000748,2026-04-10T05:21:04,2026-04-10T05:21:04,2026-04-10T05:21:08,FRSET,35.1477777778,35.1488888889,0.00111111111111,48,0.796944444444
1648,271002572,2026-04-12T07:09:23,2026-04-12T14:12:39,2026-04-12T14:12:55,TRYAL,40.7847222222,47.8436111111,0.00444444444444,18,0.29
1649,271002572,2026-04-12T08:11:54,2026-04-12T14:12:39,2026-04-12T14:12:55,TRYAL,40.7847222222,46.8016666667,0.00444444444444,73,1.33194444444
1650,271002572,2026-04-12T09:12:25,2026-04-12T14:12:39,2026-04-12T14:12:55,TRYAL,40.7847222222,45.7930555556,0.00444444444444,128,2.34055555556
1651,271002572,2026-04-12T10:11:49,2026-04-12T14:12:39,2026-04-12T14:12:55,TRYAL,40.7847222222,44.8030555556,0.00444444444444,186,3.33055555556
1652,271002572,2026-04-12T11:12:10,2026-04-12T14:12:39,2026-04-12T14:12:55,TRYAL,40.7847222222,43.7972222222,0.00444444444444,241,4.33638888889
1653,271002572,2026-04-12T12:12:30,2026-04-12T14:12:39,2026-04-12T14:12:55,TRYAL,40.7847222222,42.7916666667,0.00444444444444,300,5.34194444444
1654,271002572,2026-04-12T13:12:36,2026-04-12T14:12:39,2026-04-12T14:12:55,TRYAL,40.7847222222,41.79,0.00444444444444,318,5.93388888889
1655,271002572,2026-04-12T14:12:39,2026-04-12T14:12:39,2026-04-12T14:12:55,TRYAL,40.7847222222,40.7891666667,0.00444444444444,322,5.99527777778
1656,271040948,2026-04-10T14:51:32,2026-04-10T21:51:41,2026-04-10T21:52:09,FRSET,37.8808333333,44.8911111111,0.00777777777778,32,0.526111111111
1657,271040948,2026-04-10T15:39:23,2026-04-10T21:51:41,2026-04-10T21:52:09,FRSET,37.8808333333,44.0936111111,0.00777777777778,79,1.32361111111
1658,271040948,2026-04-10T16:50:43,2026-04-10T21:51:41,2026-04-10T21:52:09,FRSET,37.8808333333,42.9047222222,0.00777777777778,103,2.5125
1659,271040948,2026-04-10T17:50:48,2026-04-10T21:51:41,2026-04-10T21:52:09,FRSET,37.8808333333,41.9033333333,0.00777777777778,162,3.51388888889
1660,271040948,2026-04-10T18:00:59,2026-04-10T21:51:41,2026-04-10T21:52:09,FRSET,37.8808333333,41.7336111111,0.00777777777778,172,3.68361111111
1661,271040948,2026-04-10T19:50:43,2026-04-10T21:51:41,2026-04-10T21:52:09,FRSET,37.8808333333,39.9047222222,0.00777777777778,187,5.5125
1662,271040948,2026-04-10T20:50:42,2026-04-10T21:51:41,2026-04-10T21:52:09,FRSET,37.8808333333,38.905,0.00777777777778,214,5.96916666667
1663,271040948,2026-04-10T21:51:41,2026-04-10T21:51:41,2026-04-10T21:52:09,FRSET,37.8808333333,37.8886111111,0.00777777777778,214,5.40694444444
1664,271044383,2026-04-09T16:54:57,2026-04-09T21:55:53,2026-04-09T21:56:42,ESCAS,67.055,72.0841666667,0.0136111111111,25,0.405555555556
1665,271044383,2026-04-09T17:02:04,2026-04-09T21:55:53,2026-04-09T21:56:42,ESCAS,67.055,71.9655555556,0.0136111111111,32,0.524166666667
1666,271044383,2026-04-09T20:55:03,2026-04-09T21:55:53,2026-04-09T21:56:42,ESCAS,67.055,68.0825,0.0136111111111,46,4.40722222222
1667,271044383,2026-04-09T21:55:53,2026-04-09T21:55:53,2026-04-09T21:56:42,ESCAS,67.055,67.0686111111,0.0136111111111,106,5.42111111111
1668,271051063,2026-04-15T08:06:41,2026-04-15T18:06:41,2026-04-15T18:06:49,MTMAR,8.88638888889,18.8886111111,0.00222222222222,68,1.18388888889
1669,271051063,2026-04-15T09:06:32,2026-04-15T18:06:41,2026-04-15T18:06:49,MTMAR,8.88638888889,17.8911111111,0.00222222222222,127,2.18138888889
1670,271051063,2026-04-15T10:06:26,2026-04-15T18:06:41,2026-04-15T18:06:49,MTMAR,8.88638888889,16.8927777778,0.00222222222222,186,3.17972222222
1671,271051063,2026-04-15T11:06:19,2026-04-15T18:06:41,2026-04-15T18:06:49,MTMAR,8.88638888889,15.8947222222,0.00222222222222,245,4.17777777778
1672,271051063,2026-04-15T12:06:11,2026-04-15T18:06:41,2026-04-15T18:06:49,MTMAR,8.88638888889,14.8969444444,0.00222222222222,304,5.17555555556
1673,271051063,2026-04-15T13:06:05,2026-04-15T18:06:41,2026-04-15T18:06:49,MTMAR,8.88638888889,13.8986111111,0.00222222222222,352,5.98777777778
1674,271051063,2026-04-15T14:05:58,2026-04-15T18:06:41,2026-04-15T18:06:49,MTMAR,8.88638888889,12.9005555556,0.00222222222222,355,5.98805555556
1675,271051063,2026-04-15T15:05:54,2026-04-15T18:06:41,2026-04-15T18:06:49,MTMAR,8.88638888889,11.9016666667,0.00222222222222,354,5.9725
1676,271051063,2026-04-15T16:05:59,2026-04-15T18:06:41,2026-04-15T18:06:49,MTMAR,8.88638888889,10.9002777778,0.00222222222222,354,5.97583333333
1677,271051063,2026-04-15T17:05:52,2026-04-15T18:06:41,2026-04-15T18:06:49,MTMAR,8.88638888889,9.90222222222,0.00222222222222,354,5.97555555556
1678,271051063,2026-04-15T18:06:41,2026-04-15T18:06:41,2026-04-15T18:06:49,MTMAR,8.88638888889,8.88861111111,0.00222222222222,355,5.99138888889
1679,271051219,2026-04-12T23:03:55,2026-04-13T23:04:51,2026-04-13T23:06:30,ITGIT,5.89166666667,29.9347222222,0.0275,352,5.97777777778
1680,271051219,2026-04-13T00:04:43,2026-04-13T23:04:51,2026-04-13T23:06:30,ITGIT,5.89166666667,28.9213888889,0.0275,353,5.99361111111
1681,271051219,2026-04-13T00:30:02,2026-04-13T23:04:51,2026-04-13T23:06:30,ITGIT,5.89166666667,28.4994444444,0.0275,319,5.41916666667
1682,271051219,2026-04-13T04:04:45,2026-04-13T23:04:51,2026-04-13T23:06:30,ITGIT,5.89166666667,24.9208333333,0.0275,198,5.99277777778
1683,271051219,2026-04-13T05:03:53,2026-04-13T23:04:51,2026-04-13T23:06:30,ITGIT,5.89166666667,23.9352777778,0.0275,192,5.9825
1684,271051219,2026-04-13T06:04:39,2026-04-13T23:04:51,2026-04-13T23:06:30,ITGIT,5.89166666667,22.9225,0.0275,188,5.98222222222
1685,271051219,2026-04-13T07:04:27,2026-04-13T23:04:51,2026-04-13T23:06:30,ITGIT,5.89166666667,21.9258333333,0.0275,221,3.88888888889
1686,271051219,2026-04-13T08:04:16,2026-04-13T23:04:51,2026-04-13T23:06:30,ITGIT,5.89166666667,20.9288888889,0.0275,280,4.88583333333
1687,271051219,2026-04-13T09:04:06,2026-04-13T23:04:51,2026-04-13T23:06:30,ITGIT,5.89166666667,19.9316666667,0.0275,338,5.88305555556
1688,271051219,2026-04-13T10:03:57,2026-04-13T23:04:51,2026-04-13T23:06:30,ITGIT,5.89166666667,18.9341666667,0.0275,343,5.96972222222
1689,271051219,2026-04-13T11:04:50,2026-04-13T23:04:51,2026-04-13T23:06:30,ITGIT,5.89166666667,17.9194444444,0.0275,350,5.99916666667
1690,271051219,2026-04-13T12:04:43,2026-04-13T23:04:51,2026-04-13T23:06:30,ITGIT,5.89166666667,16.9213888889,0.0275,353,5.98416666667
1691,271051219,2026-04-13T13:04:38,2026-04-13T23:04:51,2026-04-13T23:06:30,ITGIT,5.89166666667,15.9227777778,0.0275,354,5.98611111111
1692,271051219,2026-04-13T14:04:40,2026-04-13T23:04:51,2026-04-13T23:06:30,ITGIT,5.89166666667,14.9222222222,0.0275,354,5.98972222222
1693,271051219,2026-04-13T15:04:37,2026-04-13T23:04:51,2026-04-13T23:06:30,ITGIT,5.89166666667,13.9230555556,0.0275,355,5.99166666667
1694,271051219,2026-04-13T16:04:36,2026-04-13T23:04:51,2026-04-13T23:06:30,ITGIT,5.89166666667,12.9233333333,0.0275,355,5.99388888889
1695,271051219,2026-04-13T17:04:31,2026-04-13T23:04:51,2026-04-13T23:06:30,ITGIT,5.89166666667,11.9247222222,0.0275,354,5.97777777778
1696,271051219,2026-04-13T18:02:19,2026-04-13T23:04:51,2026-04-13T23:06:30,ITGIT,5.89166666667,10.9613888889,0.0275,352,5.94305555556
1697,271051219,2026-04-13T19:03:52,2026-04-13T23:04:51,2026-04-13T23:06:30,ITGIT,5.89166666667,9.93555555556,0.0275,307,5.97027777778
1698,271051219,2026-04-13T20:04:36,2026-04-13T23:04:51,2026-04-13T23:06:30,ITGIT,5.89166666667,8.92333333333,0.0275,308,5.98194444444
1699,271051219,2026-04-13T21:04:24,2026-04-13T23:04:51,2026-04-13T23:06:30,ITGIT,5.89166666667,7.92666666667,0.0275,308,5.97944444444
1700,271051219,2026-04-13T22:04:07,2026-04-13T23:04:51,2026-04-13T23:06:30,ITGIT,5.89166666667,6.93138888889,0.0275,298,5.975
1701,271051219,2026-04-13T23:04:51,2026-04-13T23:04:51,2026-04-13T23:06:30,ITGIT,5.89166666667,5.91916666667,0.0275,289,5.98861111111
1702,271052090,2026-04-12T02:19:24,2026-04-12T14:25:52,2026-04-12T14:26:29,ITGOA,65.5586111111,77.6766666667,0.0102777777778,44,0.728611111111
1703,271052090,2026-04-12T03:25:35,2026-04-12T14:25:52,2026-04-12T14:26:29,ITGOA,65.5586111111,76.5736111111,0.0102777777778,89,1.83166666667
1704,271052090,2026-04-12T04:25:46,2026-04-12T14:25:52,2026-04-12T14:26:29,ITGOA,65.5586111111,75.5705555556,0.0102777777778,148,2.83472222222
1705,271052090,2026-04-12T05:25:02,2026-04-12T14:25:52,2026-04-12T14:26:29,ITGOA,65.5586111111,74.5827777778,0.0102777777778,206,3.8225
1706,271052090,2026-04-12T06:25:23,2026-04-12T14:25:52,2026-04-12T14:26:29,ITGOA,65.5586111111,73.5769444444,0.0102777777778,262,4.82833333333
1707,271052090,2026-04-12T07:25:47,2026-04-12T14:25:52,2026-04-12T14:26:29,ITGOA,65.5586111111,72.5702777778,0.0102777777778,321,5.835
1708,271052090,2026-04-12T08:25:14,2026-04-12T14:25:52,2026-04-12T14:26:29,ITGOA,65.5586111111,71.5794444444,0.0102777777778,335,5.74111111111
1709,271052090,2026-04-12T09:25:45,2026-04-12T14:25:52,2026-04-12T14:26:29,ITGOA,65.5586111111,70.5708333333,0.0102777777778,349,5.98583333333
1710,271052090,2026-04-12T10:25:07,2026-04-12T14:25:52,2026-04-12T14:26:29,ITGOA,65.5586111111,69.5813888889,0.0102777777778,348,5.97222222222
1711,271052090,2026-04-12T11:25:28,2026-04-12T14:25:52,2026-04-12T14:26:29,ITGOA,65.5586111111,68.5755555556,0.0102777777778,349,5.99027777778
1712,271052090,2026-04-12T12:25:45,2026-04-12T14:25:52,2026-04-12T14:26:29,ITGOA,65.5586111111,67.5708333333,0.0102777777778,352,5.98888888889
1713,271052090,2026-04-12T13:25:50,2026-04-12T14:25:52,2026-04-12T14:26:29,ITGOA,65.5586111111,66.5694444444,0.0102777777778,352,5.98388888889
1714,271052090,2026-04-12T14:25:52,2026-04-12T14:25:52,2026-04-12T14:26:29,ITGOA,65.5586111111,65.5688888889,0.0102777777778,353,5.99361111111
1715,273267690,2026-04-10T14:51:32,2026-04-10T16:51:44,2026-04-10T16:51:47,EGPSD,65.6369444444,67.6411111111,0.000833333333333,38,0.627777777778
1716,273267690,2026-04-10T15:51:36,2026-04-10T16:51:44,2026-04-10T16:51:47,EGPSD,65.6369444444,66.64,0.000833333333333,62,1.62888888889
1717,273267690,2026-04-10T16:51:44,2026-04-10T16:51:44,2026-04-10T16:51:47,EGPSD,65.6369444444,65.6377777778,0.000833333333333,121,2.63111111111
1718,273271070,2026-04-07T21:04:11,2026-04-08T02:10:44,2026-04-08T02:11:34,FOR_ORDERS,328.807222222,333.930277778,0.0138888888889,46,0.761111111111
1719,273271070,2026-04-07T22:09:59,2026-04-08T02:10:44,2026-04-08T02:11:34,FOR_ORDERS,328.807222222,332.833611111,0.0138888888889,85,1.85777777778
1720,273271070,2026-04-07T23:09:54,2026-04-08T02:10:44,2026-04-08T02:11:34,FOR_ORDERS,328.807222222,331.835,0.0138888888889,122,2.85638888889
1721,273271070,2026-04-08T00:09:49,2026-04-08T02:10:44,2026-04-08T02:11:34,FOR_ORDERS,328.807222222,330.836388889,0.0138888888889,180,3.855
1722,273271070,2026-04-08T01:03:40,2026-04-08T02:10:44,2026-04-08T02:11:34,FOR_ORDERS,328.807222222,329.938888889,0.0138888888889,225,4.7525
1723,273271070,2026-04-08T02:10:44,2026-04-08T02:10:44,2026-04-08T02:11:34,FOR_ORDERS,328.807222222,328.821111111,0.0138888888889,261,5.87027777778
1724,273276260,2026-04-07T17:24:03,2026-04-08T10:01:59,2026-04-08T10:02:53,FOR_ORDERS,78.9519444444,95.5991666667,0.015,29,0.474444444444
1725,273276260,2026-04-08T03:47:16,2026-04-08T10:01:59,2026-04-08T10:02:53,FOR_ORDERS,78.9519444444,85.2122222222,0.015,22,2.94694444444
1726,273276260,2026-04-08T08:01:04,2026-04-08T10:01:59,2026-04-08T10:02:53,FOR_ORDERS,78.9519444444,80.9822222222,0.015,23,4.39944444444
1727,273276260,2026-04-08T09:01:01,2026-04-08T10:01:59,2026-04-08T10:02:53,FOR_ORDERS,78.9519444444,79.9830555556,0.015,71,5.39861111111
1728,273276260,2026-04-08T10:01:59,2026-04-08T10:01:59,2026-04-08T10:02:53,FOR_ORDERS,78.9519444444,78.9669444444,0.015,116,2.20166666667
1729,273277260,2026-04-08T20:36:38,2026-04-09T04:37:07,2026-04-09T04:37:51,RUMKK,322.369166667,330.389444444,0.0122222222222,27,0.438888888889
1730,273277260,2026-04-08T21:36:26,2026-04-09T04:37:07,2026-04-09T04:37:51,RUMKK,322.369166667,329.392777778,0.0122222222222,86,1.43555555556
1731,273277260,2026-04-08T22:36:16,2026-04-09T04:37:07,2026-04-09T04:37:51,RUMKK,322.369166667,328.395555556,0.0122222222222,145,2.43277777778
1732,273277260,2026-04-08T23:37:07,2026-04-09T04:37:07,2026-04-09T04:37:51,RUMKK,322.369166667,327.381388889,0.0122222222222,192,3.44694444444
1733,273277260,2026-04-09T04:37:07,2026-04-09T04:37:07,2026-04-09T04:37:51,RUMKK,322.369166667,322.381388889,0.0122222222222,80,5.99722222222
1734,273277840,2026-04-09T21:43:42,2026-04-09T21:43:42,2026-04-09T21:44:31,FOR_ORDERS,314.258055556,314.271666667,0.0136111111111,42,0.793888888889
1735,275488000,2026-04-07T07:20:26,2026-04-07T15:36:19,2026-04-07T15:36:26,FRFOS,71.3927777778,79.6594444444,0.00194444444444,20,5.15527777778
1736,275488000,2026-04-07T08:08:08,2026-04-07T15:36:19,2026-04-07T15:36:26,FRFOS,71.3927777778,78.8644444444,0.00194444444444,20,0.947222222222
1737,275488000,2026-04-07T09:35:31,2026-04-07T15:36:19,2026-04-07T15:36:26,FRFOS,71.3927777778,77.4080555556,0.00194444444444,67,2.40361111111
1738,275488000,2026-04-07T10:14:07,2026-04-07T15:36:19,2026-04-07T15:36:26,FRFOS,71.3927777778,76.7647222222,0.00194444444444,105,3.04694444444
1739,275488000,2026-04-07T11:33:13,2026-04-07T15:36:19,2026-04-07T15:36:26,FRFOS,71.3927777778,75.4463888889,0.00194444444444,133,4.36527777778
1740,275488000,2026-04-07T12:36:06,2026-04-07T15:36:19,2026-04-07T15:36:26,FRFOS,71.3927777778,74.3983333333,0.00194444444444,189,5.41333333333
1741,275488000,2026-04-07T13:36:07,2026-04-07T15:36:19,2026-04-07T15:36:26,FRFOS,71.3927777778,73.3980555556,0.00194444444444,238,5.61888888889
1742,275488000,2026-04-07T14:36:14,2026-04-07T15:36:19,2026-04-07T15:36:26,FRFOS,71.3927777778,72.3961111111,0.00194444444444,287,5.92666666667
1743,275488000,2026-04-07T15:36:19,2026-04-07T15:36:19,2026-04-07T15:36:26,FRFOS,71.3927777778,71.3947222222,0.00194444444444,299,5.99638888889
1744,275497000,2026-04-12T08:40:37,2026-04-12T15:41:02,2026-04-12T15:41:29,TRGEM,102.308611111,109.323055556,0.0075,69,1.16194444444
1745,275497000,2026-04-12T09:40:06,2026-04-12T15:41:02,2026-04-12T15:41:29,TRGEM,102.308611111,108.331666667,0.0075,127,2.15333333333
1746,275497000,2026-04-12T10:40:28,2026-04-12T15:41:02,2026-04-12T15:41:29,TRGEM,102.308611111,107.325555556,0.0075,186,3.15944444444
1747,275497000,2026-04-12T11:40:49,2026-04-12T15:41:02,2026-04-12T15:41:29,TRGEM,102.308611111,106.319722222,0.0075,245,4.16527777778
1748,275497000,2026-04-12T12:41:02,2026-04-12T15:41:02,2026-04-12T15:41:29,TRGEM,102.308611111,105.316111111,0.0075,304,5.16888888889
1749,275497000,2026-04-12T13:40:05,2026-04-12T15:41:02,2026-04-12T15:41:29,TRGEM,102.308611111,104.331944444,0.0075,343,5.98222222222
1750,275497000,2026-04-12T14:40:05,2026-04-12T15:41:02,2026-04-12T15:41:29,TRGEM,102.308611111,103.331944444,0.0075,343,5.97416666667
1751,275497000,2026-04-12T15:41:02,2026-04-12T15:41:02,2026-04-12T15:41:29,TRGEM,102.308611111,102.316111111,0.0075,345,5.99861111111
1752,304204000,2026-04-08T15:32:17,2026-04-08T16:32:19,2026-04-08T16:32:33,TRCKZ,57.4575,58.4619444444,0.00388888888889,55,0.916388888889
1753,304204000,2026-04-08T16:32:19,2026-04-08T16:32:19,2026-04-08T16:32:33,TRCKZ,57.4575,57.4613888889,0.00388888888889,114,1.91694444444
1754,304427000,2026-04-12T00:05:10,2026-04-12T08:05:45,2026-04-12T08:05:45,ITTAR,19.4041666667,27.4138888889,0,18,0.288888888889
1755,304427000,2026-04-12T00:40:48,2026-04-12T08:05:45,2026-04-12T08:05:45,ITTAR,19.4041666667,26.82,0,53,0.882777777778
1756,304427000,2026-04-12T01:54:59,2026-04-12T08:05:45,2026-04-12T08:05:45,ITTAR,19.4041666667,25.5836111111,0,84,2.11916666667
1757,304427000,2026-04-12T03:05:13,2026-04-12T08:05:45,2026-04-12T08:05:45,ITTAR,19.4041666667,24.4130555556,0,141,3.28972222222
1758,304427000,2026-04-12T04:05:21,2026-04-12T08:05:45,2026-04-12T08:05:45,ITTAR,19.4041666667,23.4108333333,0,200,4.29194444444
1759,304427000,2026-04-12T05:05:37,2026-04-12T08:05:45,2026-04-12T08:05:45,ITTAR,19.4041666667,22.4063888889,0,259,5.29638888889
1760,304427000,2026-04-12T06:04:55,2026-04-12T08:05:45,2026-04-12T08:05:45,ITTAR,19.4041666667,21.4180555556,0,299,5.97888888889
1761,304427000,2026-04-12T06:29:29,2026-04-12T08:05:45,2026-04-12T08:05:45,ITTAR,19.4041666667,21.0086111111,0,288,5.08305555556
1762,304427000,2026-04-12T08:05:45,2026-04-12T08:05:45,2026-04-12T08:05:45,ITTAR,19.4041666667,19.4041666667,0,299,5.95888888889
1763,304578000,2026-04-11T21:24:03,2026-04-12T10:24:06,2026-04-12T10:24:44,GRGPA,25.5877777778,38.5991666667,0.0105555555556,56,0.935555555556
1764,304578000,2026-04-11T22:23:16,2026-04-12T10:24:06,2026-04-12T10:24:44,GRGPA,25.5877777778,37.6122222222,0.0105555555556,114,1.9225
1765,304578000,2026-04-11T23:22:22,2026-04-12T10:24:06,2026-04-12T10:24:44,GRGPA,25.5877777778,36.6272222222,0.0105555555556,172,2.9075
1766,304578000,2026-04-12T04:23:43,2026-04-12T10:24:06,2026-04-12T10:24:44,GRGPA,25.5877777778,31.6047222222,0.0105555555556,96,5.99055555556
1767,304578000,2026-04-12T05:24:00,2026-04-12T10:24:06,2026-04-12T10:24:44,GRGPA,25.5877777778,30.6,0.0105555555556,97,1.78666666667
1768,304578000,2026-04-12T06:23:20,2026-04-12T10:24:06,2026-04-12T10:24:44,GRGPA,25.5877777778,29.6111111111,0.0105555555556,155,2.77555555556
1769,304578000,2026-04-12T07:23:44,2026-04-12T10:24:06,2026-04-12T10:24:44,GRGPA,25.5877777778,28.6044444444,0.0105555555556,214,3.78222222222
1770,304578000,2026-04-12T08:23:11,2026-04-12T10:24:06,2026-04-12T10:24:44,GRGPA,25.5877777778,27.6136111111,0.0105555555556,272,4.77305555556
1771,304578000,2026-04-12T09:23:42,2026-04-12T10:24:06,2026-04-12T10:24:44,GRGPA,25.5877777778,26.605,0.0105555555556,331,5.78166666667
1772,304578000,2026-04-12T10:24:06,2026-04-12T10:24:06,2026-04-12T10:24:44,GRGPA,25.5877777778,25.5983333333,0.0105555555556,352,5.98916666667
1773,304610000,2026-04-08T09:37:37,2026-04-08T14:38:19,2026-04-08T14:38:27,GIGIB,65.3591666667,70.3730555556,0.00222222222222,30,0.491388888889
1774,304610000,2026-04-08T10:37:30,2026-04-08T14:38:19,2026-04-08T14:38:27,GIGIB,65.3591666667,69.375,0.00222222222222,89,1.48944444444
1775,304610000,2026-04-08T11:38:19,2026-04-08T14:38:19,2026-04-08T14:38:27,GIGIB,65.3591666667,68.3613888889,0.00222222222222,147,2.50305555556
1776,304610000,2026-04-08T12:38:17,2026-04-08T14:38:19,2026-04-08T14:38:27,GIGIB,65.3591666667,67.3619444444,0.00222222222222,206,3.5025
1777,304610000,2026-04-08T13:38:17,2026-04-08T14:38:19,2026-04-08T14:38:27,GIGIB,65.3591666667,66.3619444444,0.00222222222222,265,4.5025
1778,304610000,2026-04-08T14:38:19,2026-04-08T14:38:19,2026-04-08T14:38:27,GIGIB,65.3591666667,65.3613888889,0.00222222222222,324,5.50305555556
1779,304785000,2026-04-07T22:58:43,2026-04-08T10:08:05,2026-04-08T10:08:37,ITCHI,103.856388889,115.021388889,0.00888888888889,47,1.06555555556
1780,304785000,2026-04-08T01:07:43,2026-04-08T10:08:05,2026-04-08T10:08:37,ITCHI,103.856388889,112.871388889,0.00888888888889,82,3.21555555556
1781,304785000,2026-04-08T02:07:41,2026-04-08T10:08:05,2026-04-08T10:08:37,ITCHI,103.856388889,111.871944444,0.00888888888889,141,4.215
1782,304785000,2026-04-08T03:07:39,2026-04-08T10:08:05,2026-04-08T10:08:37,ITCHI,103.856388889,110.8725,0.00888888888889,200,5.21444444444
1783,304785000,2026-04-08T04:07:35,2026-04-08T10:08:05,2026-04-08T10:08:37,ITCHI,103.856388889,109.873611111,0.00888888888889,245,5.97694444444
1784,304785000,2026-04-08T05:07:29,2026-04-08T10:08:05,2026-04-08T10:08:37,ITCHI,103.856388889,108.875277778,0.00888888888889,271,4.89333333333
1785,304785000,2026-04-08T06:07:20,2026-04-08T10:08:05,2026-04-08T10:08:37,ITCHI,103.856388889,107.877777778,0.00888888888889,318,5.89083333333
1786,304785000,2026-04-08T07:07:14,2026-04-08T10:08:05,2026-04-08T10:08:37,ITCHI,103.856388889,106.879444444,0.00888888888889,342,5.975
1787,304785000,2026-04-08T08:00:03,2026-04-08T10:08:05,2026-04-08T10:08:37,ITCHI,103.856388889,105.999166667,0.00888888888889,303,5.85583333333
1788,304785000,2026-04-08T09:07:07,2026-04-08T10:08:05,2026-04-08T10:08:37,ITCHI,103.856388889,104.881388889,0.00888888888889,275,5.97416666667
1789,304785000,2026-04-08T10:08:05,2026-04-08T10:08:05,2026-04-08T10:08:37,ITCHI,103.856388889,103.865277778,0.00888888888889,276,5.99138888889
1790,305690000,2026-04-11T15:30:37,2026-04-12T02:31:37,2026-04-12T02:32:23,ITSVN,51.4602777778,62.4897222222,0.0127777777778,54,0.984166666667
1791,305690000,2026-04-11T16:30:43,2026-04-12T02:31:37,2026-04-12T02:32:23,ITSVN,51.4602777778,61.4880555556,0.0127777777778,98,1.98583333333
1792,305690000,2026-04-11T16:33:46,2026-04-12T02:31:37,2026-04-12T02:32:23,ITSVN,51.4602777778,61.4372222222,0.0127777777778,101,2.03666666667
1793,305690000,2026-04-11T19:30:50,2026-04-12T02:31:37,2026-04-12T02:32:23,ITSVN,51.4602777778,58.4861111111,0.0127777777778,138,4.98777777778
1794,305690000,2026-04-11T20:30:58,2026-04-12T02:31:37,2026-04-12T02:32:23,ITSVN,51.4602777778,57.4838888889,0.0127777777778,196,5.97305555556
1795,305690000,2026-04-11T21:31:12,2026-04-12T02:31:37,2026-04-12T02:32:23,ITSVN,51.4602777778,56.48,0.0127777777778,202,5.9925
1796,305690000,2026-04-11T22:31:25,2026-04-12T02:31:37,2026-04-12T02:32:23,ITSVN,51.4602777778,55.4763888889,0.0127777777778,217,5.99472222222
1797,305690000,2026-04-11T23:31:32,2026-04-12T02:31:37,2026-04-12T02:32:23,ITSVN,51.4602777778,54.4744444444,0.0127777777778,273,4.91027777778
1798,305690000,2026-04-12T00:30:37,2026-04-12T02:31:37,2026-04-12T02:32:23,ITSVN,51.4602777778,53.4897222222,0.0127777777778,331,5.895
1799,305690000,2026-04-12T01:31:37,2026-04-12T02:31:37,2026-04-12T02:32:23,ITSVN,51.4602777778,52.4730555556,0.0127777777778,342,5.99611111111
1800,305690000,2026-04-12T02:31:37,2026-04-12T02:31:37,2026-04-12T02:32:23,ITSVN,51.4602777778,51.4730555556,0.0127777777778,342,5.99388888889
1801,305715000,2026-04-09T23:41:25,2026-04-09T23:41:25,2026-04-09T23:42:13,PLSZZ,320.296388889,320.309722222,0.0133333333333,37,0.609166666667
1802,308628000,2026-04-14T23:52:54,2026-04-15T01:53:32,2026-04-15T01:54:07,ITMSN,2.09805555556,4.11833333333,0.00972222222222,26,0.4225
1803,308628000,2026-04-15T00:52:43,2026-04-15T01:53:32,2026-04-15T01:54:07,ITMSN,2.09805555556,3.12138888889,0.00972222222222,85,1.41944444444
1804,308628000,2026-04-15T01:53:32,2026-04-15T01:53:32,2026-04-15T01:54:07,ITMSN,2.09805555556,2.10777777778,0.00972222222222,145,2.43305555556
1805,309467000,2026-04-12T02:46:52,2026-04-12T03:46:59,2026-04-12T03:47:33,ITSPE,52.2075,53.2188888889,0.00944444444444,19,0.695
1806,309467000,2026-04-12T03:46:59,2026-04-12T03:46:59,2026-04-12T03:47:33,ITSPE,52.2075,52.2169444444,0.00944444444444,78,1.69694444444
1807,310772000,2026-04-07T17:07:47,2026-04-07T23:17:01,2026-04-07T23:17:36,USCMU,360.723333333,366.886944444,0.00972222222222,43,0.711388888889
1808,310772000,2026-04-07T18:07:44,2026-04-07T23:17:01,2026-04-07T23:17:36,USCMU,360.723333333,365.887777778,0.00972222222222,74,1.71055555556
1809,310772000,2026-04-07T19:16:39,2026-04-07T23:17:01,2026-04-07T23:17:36,USCMU,360.723333333,364.739166667,0.00972222222222,105,2.85916666667
1810,310772000,2026-04-07T20:16:30,2026-04-07T23:17:01,2026-04-07T23:17:36,USCMU,360.723333333,363.741666667,0.00972222222222,144,3.85666666667
1811,310772000,2026-04-07T21:16:19,2026-04-07T23:17:01,2026-04-07T23:17:36,USCMU,360.723333333,362.744722222,0.00972222222222,199,4.85361111111
1812,310772000,2026-04-07T22:16:04,2026-04-07T23:17:01,2026-04-07T23:17:36,USCMU,360.723333333,361.748888889,0.00972222222222,239,5.84944444444
1813,310772000,2026-04-07T23:17:01,2026-04-07T23:17:01,2026-04-07T23:17:36,USCMU,360.723333333,360.733055556,0.00972222222222,256,5.66222222222
1814,310841000,2026-04-13T05:51:29,2026-04-13T05:51:29,2026-04-13T05:51:48,GRCHQ,22.3866666667,22.3919444444,0.00527777777778,49,0.810277777778
1815,311000231,2026-04-15T12:43:44,2026-04-16T12:43:53,2026-04-16T15:37:38,ITSPA,-125.627222222,-98.7288888889,2.89583333333,355,5.98722222222
1816,311000231,2026-04-15T13:43:38,2026-04-16T12:43:53,2026-04-16T15:37:38,ITSPA,-125.627222222,-99.7272222222,2.89583333333,355,5.98777777778
1817,311000231,2026-04-15T14:43:33,2026-04-16T12:43:53,2026-04-16T15:37:38,ITSPA,-125.627222222,-100.725833333,2.89583333333,355,5.98888888889
1818,311000231,2026-04-15T15:43:39,2026-04-16T12:43:53,2026-04-16T15:37:38,ITSPA,-125.627222222,-101.7275,2.89583333333,355,5.99277777778
1819,311000231,2026-04-15T16:43:33,2026-04-16T12:43:53,2026-04-16T15:37:38,ITSPA,-125.627222222,-102.725833333,2.89583333333,355,5.99277777778
1820,311000231,2026-04-15T17:43:23,2026-04-16T12:43:53,2026-04-16T15:37:38,ITSPA,-125.627222222,-103.723055556,2.89583333333,354,5.975
1821,311000231,2026-04-15T18:43:08,2026-04-16T12:43:53,2026-04-16T15:37:38,ITSPA,-125.627222222,-104.718888889,2.89583333333,354,5.97305555556
1822,311000231,2026-04-15T19:43:51,2026-04-16T12:43:53,2026-04-16T15:37:38,ITSPA,-125.627222222,-105.730833333,2.89583333333,355,5.98666666667
1823,311000231,2026-04-15T20:43:36,2026-04-16T12:43:53,2026-04-16T15:37:38,ITSPA,-125.627222222,-106.726666667,2.89583333333,355,5.98388888889
1824,311000231,2026-04-15T21:43:24,2026-04-16T12:43:53,2026-04-16T15:37:38,ITSPA,-125.627222222,-107.723333333,2.89583333333,355,5.97888888889
1825,311000231,2026-04-15T22:43:12,2026-04-16T12:43:53,2026-04-16T15:37:38,ITSPA,-125.627222222,-108.72,2.89583333333,355,5.97722222222
1826,311000231,2026-04-15T23:43:02,2026-04-16T12:43:53,2026-04-16T15:37:38,ITSPA,-125.627222222,-109.717222222,2.89583333333,355,5.97722222222
1827,311000231,2026-04-16T00:43:53,2026-04-16T12:43:53,2026-04-16T15:37:38,ITSPA,-125.627222222,-110.731388889,2.89583333333,356,5.99555555556
1828,311000231,2026-04-16T01:43:43,2026-04-16T12:43:53,2026-04-16T15:37:38,ITSPA,-125.627222222,-111.728611111,2.89583333333,355,5.98083333333
1829,311000231,2026-04-16T02:43:33,2026-04-16T12:43:53,2026-04-16T15:37:38,ITSPA,-125.627222222,-112.725833333,2.89583333333,355,5.98222222222
1830,311000231,2026-04-16T03:43:22,2026-04-16T12:43:53,2026-04-16T15:37:38,ITSPA,-125.627222222,-113.722777778,2.89583333333,355,5.98277777778
1831,311000231,2026-04-16T04:43:12,2026-04-16T12:43:53,2026-04-16T15:37:38,ITSPA,-125.627222222,-114.72,2.89583333333,355,5.98305555556
1832,311000231,2026-04-16T05:43:04,2026-04-16T12:43:53,2026-04-16T15:37:38,ITSPA,-125.627222222,-115.717777778,2.89583333333,355,5.98361111111
1833,311000231,2026-04-16T06:42:56,2026-04-16T12:43:53,2026-04-16T15:37:38,ITSPA,-125.627222222,-116.715555556,2.89583333333,355,5.98416666667
1834,311000231,2026-04-16T07:43:49,2026-04-16T12:43:53,2026-04-16T15:37:38,ITSPA,-125.627222222,-117.730277778,2.89583333333,355,5.98472222222
1835,311000231,2026-04-16T08:43:18,2026-04-16T12:43:53,2026-04-16T15:37:38,ITSPA,-125.627222222,-118.721666667,2.89583333333,354,5.97888888889
1836,311000231,2026-04-16T09:43:10,2026-04-16T12:43:53,2026-04-16T15:37:38,ITSPA,-125.627222222,-119.719444444,2.89583333333,354,5.97972222222
1837,311000231,2026-04-16T10:43:03,2026-04-16T12:43:53,2026-04-16T15:37:38,ITSPA,-125.627222222,-120.7175,2.89583333333,354,5.98055555556
1838,311000231,2026-04-16T11:42:58,2026-04-16T12:43:53,2026-04-16T15:37:38,ITSPA,-125.627222222,-121.716111111,2.89583333333,354,5.98166666667
1839,311000231,2026-04-16T12:43:53,2026-04-16T12:43:53,2026-04-16T15:37:38,ITSPA,-125.627222222,-122.731388889,2.89583333333,355,5.99888888889
1840,311000451,2026-04-15T12:43:44,2026-04-16T12:43:53,2026-04-16T15:38:04,ITSPA,-434.634444444,-407.728888889,2.90305555556,355,5.98722222222
1841,311000451,2026-04-15T13:43:38,2026-04-16T12:43:53,2026-04-16T15:38:04,ITSPA,-434.634444444,-408.727222222,2.90305555556,355,5.98777777778
1842,311000451,2026-04-15T14:43:33,2026-04-16T12:43:53,2026-04-16T15:38:04,ITSPA,-434.634444444,-409.725833333,2.90305555556,355,5.98888888889
1843,311000451,2026-04-15T15:43:39,2026-04-16T12:43:53,2026-04-16T15:38:04,ITSPA,-434.634444444,-410.7275,2.90305555556,355,5.99277777778
1844,311000451,2026-04-15T16:43:33,2026-04-16T12:43:53,2026-04-16T15:38:04,ITSPA,-434.634444444,-411.725833333,2.90305555556,355,5.99277777778
1845,311000451,2026-04-15T17:43:23,2026-04-16T12:43:53,2026-04-16T15:38:04,ITSPA,-434.634444444,-412.723055556,2.90305555556,354,5.975
1846,311000451,2026-04-15T18:43:08,2026-04-16T12:43:53,2026-04-16T15:38:04,ITSPA,-434.634444444,-413.718888889,2.90305555556,354,5.97305555556
1847,311000451,2026-04-15T19:43:51,2026-04-16T12:43:53,2026-04-16T15:38:04,ITSPA,-434.634444444,-414.730833333,2.90305555556,355,5.98666666667
1848,311000451,2026-04-15T20:43:36,2026-04-16T12:43:53,2026-04-16T15:38:04,ITSPA,-434.634444444,-415.726666667,2.90305555556,355,5.98388888889
1849,311000451,2026-04-15T21:43:24,2026-04-16T12:43:53,2026-04-16T15:38:04,ITSPA,-434.634444444,-416.723333333,2.90305555556,355,5.97888888889
1850,311000451,2026-04-15T22:43:12,2026-04-16T12:43:53,2026-04-16T15:38:04,ITSPA,-434.634444444,-417.72,2.90305555556,355,5.97722222222
1851,311000451,2026-04-15T23:43:02,2026-04-16T12:43:53,2026-04-16T15:38:04,ITSPA,-434.634444444,-418.717222222,2.90305555556,355,5.97722222222
1852,311000451,2026-04-16T00:43:53,2026-04-16T12:43:53,2026-04-16T15:38:04,ITSPA,-434.634444444,-419.731388889,2.90305555556,356,5.99555555556
1853,311000451,2026-04-16T01:43:43,2026-04-16T12:43:53,2026-04-16T15:38:04,ITSPA,-434.634444444,-420.728611111,2.90305555556,355,5.98083333333
1854,311000451,2026-04-16T02:43:33,2026-04-16T12:43:53,2026-04-16T15:38:04,ITSPA,-434.634444444,-421.725833333,2.90305555556,355,5.98222222222
1855,311000451,2026-04-16T03:43:22,2026-04-16T12:43:53,2026-04-16T15:38:04,ITSPA,-434.634444444,-422.722777778,2.90305555556,355,5.98277777778
1856,311000451,2026-04-16T04:43:12,2026-04-16T12:43:53,2026-04-16T15:38:04,ITSPA,-434.634444444,-423.72,2.90305555556,355,5.98305555556
1857,311000451,2026-04-16T05:43:04,2026-04-16T12:43:53,2026-04-16T15:38:04,ITSPA,-434.634444444,-424.717777778,2.90305555556,355,5.98361111111
1858,311000451,2026-04-16T06:42:56,2026-04-16T12:43:53,2026-04-16T15:38:04,ITSPA,-434.634444444,-425.715555556,2.90305555556,355,5.98416666667
1859,311000451,2026-04-16T07:43:49,2026-04-16T12:43:53,2026-04-16T15:38:04,ITSPA,-434.634444444,-426.730277778,2.90305555556,355,5.98472222222
1860,311000451,2026-04-16T08:43:18,2026-04-16T12:43:53,2026-04-16T15:38:04,ITSPA,-434.634444444,-427.721666667,2.90305555556,354,5.97888888889
1861,311000451,2026-04-16T09:43:10,2026-04-16T12:43:53,2026-04-16T15:38:04,ITSPA,-434.634444444,-428.719444444,2.90305555556,354,5.97972222222
1862,311000451,2026-04-16T10:43:03,2026-04-16T12:43:53,2026-04-16T15:38:04,ITSPA,-434.634444444,-429.7175,2.90305555556,354,5.98055555556
1863,311000451,2026-04-16T11:42:58,2026-04-16T12:43:53,2026-04-16T15:38:04,ITSPA,-434.634444444,-430.716111111,2.90305555556,354,5.98166666667
1864,311000451,2026-04-16T12:43:53,2026-04-16T12:43:53,2026-04-16T15:38:04,ITSPA,-434.634444444,-431.731388889,2.90305555556,355,5.99888888889
1865,311000516,2026-04-12T04:52:20,2026-04-12T14:54:19,2026-04-12T14:54:22,HROMI,43.0938888889,53.1277777778,0.000833333333333,51,0.851111111111
1866,311000516,2026-04-12T05:49:34,2026-04-12T14:54:19,2026-04-12T14:54:22,HROMI,43.0938888889,52.1738888889,0.000833333333333,78,1.805
1867,311000516,2026-04-12T07:53:27,2026-04-12T14:54:19,2026-04-12T14:54:22,HROMI,43.0938888889,50.1091666667,0.000833333333333,136,3.86972222222
1868,311000516,2026-04-12T08:53:57,2026-04-12T14:54:19,2026-04-12T14:54:22,HROMI,43.0938888889,49.1008333333,0.000833333333333,195,4.87805555556
1869,311000516,2026-04-12T09:53:23,2026-04-12T14:54:19,2026-04-12T14:54:22,HROMI,43.0938888889,48.1102777778,0.000833333333333,253,5.86861111111
1870,311000516,2026-04-12T10:53:45,2026-04-12T14:54:19,2026-04-12T14:54:22,HROMI,43.0938888889,47.1041666667,0.000833333333333,261,5.73416666667
1871,311000516,2026-04-12T11:54:07,2026-04-12T14:54:19,2026-04-12T14:54:22,HROMI,43.0938888889,46.0980555556,0.000833333333333,293,4.98444444444
1872,311000516,2026-04-12T12:06:23,2026-04-12T14:54:19,2026-04-12T14:54:22,HROMI,43.0938888889,45.8936111111,0.000833333333333,305,5.18888888889
1873,311000516,2026-04-12T13:53:19,2026-04-12T14:54:19,2026-04-12T14:54:22,HROMI,43.0938888889,44.1113888889,0.000833333333333,301,5.98083333333
1874,311000516,2026-04-12T14:54:19,2026-04-12T14:54:19,2026-04-12T14:54:22,HROMI,43.0938888889,43.0947222222,0.000833333333333,298,5.98888888889
1875,311000621,2026-04-05T14:59:59,2026-04-05T18:00:29,2026-04-05T18:00:41,KOPER,60.9886111111,64.0002777778,0.00333333333333,25,0.405555555556
1876,311000621,2026-04-05T15:59:48,2026-04-05T18:00:29,2026-04-05T18:00:41,KOPER,60.9886111111,63.0033333333,0.00333333333333,84,1.4025
1877,311000621,2026-04-05T16:59:39,2026-04-05T18:00:29,2026-04-05T18:00:41,KOPER,60.9886111111,62.0058333333,0.00333333333333,138,2.4
1878,311000621,2026-04-05T18:00:29,2026-04-05T18:00:29,2026-04-05T18:00:41,KOPER,60.9886111111,60.9919444444,0.00333333333333,192,3.41388888889
1879,311001060,2026-04-06T05:31:52,2026-04-06T06:32:49,2026-04-06T06:32:54,AMBIGUOUS:MALTA,5.45166666667,6.46888888889,0.00138888888889,20,0.321388888889
1880,311001060,2026-04-06T06:32:49,2026-04-06T06:32:49,2026-04-06T06:32:54,AMBIGUOUS:MALTA,5.45166666667,5.45305555556,0.00138888888889,77,1.33722222222
1881,311001144,2026-04-08T20:55:53,2026-04-09T00:56:14,2026-04-09T00:57:01,TEXT:GIGIB 0004,103.049722222,107.068611111,0.0130555555556,19,1.14833333333
1882,311001144,2026-04-08T21:55:42,2026-04-09T00:56:14,2026-04-09T00:57:01,TEXT:GIGIB 0004,103.049722222,106.071666667,0.0130555555556,78,2.14527777778
1883,311001144,2026-04-08T22:55:33,2026-04-09T00:56:14,2026-04-09T00:57:01,TEXT:GIGIB 0004,103.049722222,105.074166667,0.0130555555556,137,3.14277777778
1884,311001144,2026-04-08T23:55:22,2026-04-09T00:56:14,2026-04-09T00:57:01,TEXT:GIGIB 0004,103.049722222,104.077222222,0.0130555555556,157,4.13972222222
1885,311001144,2026-04-09T00:56:14,2026-04-09T00:56:14,2026-04-09T00:57:01,TEXT:GIGIB 0004,103.049722222,103.062777778,0.0130555555556,176,5.15416666667
1886,311085000,2026-04-03T11:25:12,2026-04-03T18:25:54,2026-04-03T18:26:47,ITCRV,10.5536111111,17.58,0.0147222222222,43,0.709444444444
1887,311085000,2026-04-03T12:25:02,2026-04-03T18:25:54,2026-04-03T18:26:47,ITCRV,10.5536111111,16.5827777778,0.0147222222222,102,1.70666666667
1888,311085000,2026-04-03T13:25:52,2026-04-03T18:25:54,2026-04-03T18:26:47,ITCRV,10.5536111111,15.5688888889,0.0147222222222,162,2.72055555556
1889,311085000,2026-04-03T14:25:42,2026-04-03T18:25:54,2026-04-03T18:26:47,ITCRV,10.5536111111,14.5716666667,0.0147222222222,221,3.71777777778
1890,311085000,2026-04-03T15:25:33,2026-04-03T18:25:54,2026-04-03T18:26:47,ITCRV,10.5536111111,13.5741666667,0.0147222222222,280,4.71527777778
1891,311085000,2026-04-03T16:25:21,2026-04-03T18:25:54,2026-04-03T18:26:47,ITCRV,10.5536111111,12.5775,0.0147222222222,339,5.71194444444
1892,311085000,2026-04-03T17:25:08,2026-04-03T18:25:54,2026-04-03T18:26:47,ITCRV,10.5536111111,11.5811111111,0.0147222222222,355,5.98194444444
1893,311085000,2026-04-03T18:25:54,2026-04-03T18:25:54,2026-04-03T18:26:47,ITCRV,10.5536111111,10.5683333333,0.0147222222222,356,5.99777777778
1894,311775000,2026-04-10T17:28:24,2026-04-11T00:04:47,2026-04-11T00:05:47,DZAZW,77.9036111111,84.5266666667,0.0166666666667,24,0.390277777778
1895,311775000,2026-04-10T19:03:59,2026-04-11T00:04:47,2026-04-11T00:05:47,DZAZW,77.9036111111,82.9336111111,0.0166666666667,33,1.98333333333
1896,311775000,2026-04-10T20:03:56,2026-04-11T00:04:47,2026-04-11T00:05:47,DZAZW,77.9036111111,81.9344444444,0.0166666666667,92,2.9825
1897,311775000,2026-04-10T21:03:55,2026-04-11T00:04:47,2026-04-11T00:05:47,DZAZW,77.9036111111,80.9347222222,0.0166666666667,151,3.98222222222
1898,311775000,2026-04-10T22:03:53,2026-04-11T00:04:47,2026-04-11T00:05:47,DZAZW,77.9036111111,79.9352777778,0.0166666666667,210,4.98166666667
1899,311775000,2026-04-10T23:03:50,2026-04-11T00:04:47,2026-04-11T00:05:47,DZAZW,77.9036111111,78.9361111111,0.0166666666667,261,5.98083333333
1900,311775000,2026-04-11T00:04:47,2026-04-11T00:04:47,2026-04-11T00:05:47,DZAZW,77.9036111111,77.9202777778,0.0166666666667,297,5.14888888889
1901,312107000,2026-04-11T14:16:18,2026-04-12T09:16:31,2026-04-12T09:17:26,TRIST,52.7094444444,71.7283333333,0.0152777777778,30,0.525555555556
1902,312107000,2026-04-11T15:16:22,2026-04-12T09:16:31,2026-04-12T09:17:26,TRIST,52.7094444444,70.7272222222,0.0152777777778,78,1.52666666667
1903,312107000,2026-04-11T16:04:14,2026-04-12T09:16:31,2026-04-12T09:17:26,TRIST,52.7094444444,69.9294444444,0.0152777777778,125,2.32444444444
1904,312107000,2026-04-11T17:15:32,2026-04-12T09:16:31,2026-04-12T09:17:26,TRIST,52.7094444444,68.7411111111,0.0152777777778,162,3.51277777778
1905,312107000,2026-04-11T18:15:34,2026-04-12T09:16:31,2026-04-12T09:17:26,TRIST,52.7094444444,67.7405555556,0.0152777777778,221,4.51333333333
1906,312107000,2026-04-11T19:15:34,2026-04-12T09:16:31,2026-04-12T09:17:26,TRIST,52.7094444444,66.7405555556,0.0152777777778,280,5.51333333333
1907,312107000,2026-04-11T20:15:40,2026-04-12T09:16:31,2026-04-12T09:17:26,TRIST,52.7094444444,65.7388888889,0.0152777777778,309,5.9725
1908,312107000,2026-04-11T21:15:53,2026-04-12T09:16:31,2026-04-12T09:17:26,TRIST,52.7094444444,64.7352777778,0.0152777777778,320,5.975
1909,312107000,2026-04-11T22:16:07,2026-04-12T09:16:31,2026-04-12T09:17:26,TRIST,52.7094444444,63.7313888889,0.0152777777778,332,5.62083333333
1910,312107000,2026-04-12T02:16:21,2026-04-12T09:16:31,2026-04-12T09:17:26,TRIST,52.7094444444,59.7275,0.0152777777778,125,5.99444444444
1911,312107000,2026-04-12T03:16:25,2026-04-12T09:16:31,2026-04-12T09:17:26,TRIST,52.7094444444,58.7263888889,0.0152777777778,125,5.99194444444
1912,312107000,2026-04-12T04:15:34,2026-04-12T09:16:31,2026-04-12T09:17:26,TRIST,52.7094444444,57.7405555556,0.0152777777778,124,2.08861111111
1913,312107000,2026-04-12T05:15:50,2026-04-12T09:16:31,2026-04-12T09:17:26,TRIST,52.7094444444,56.7361111111,0.0152777777778,183,3.09305555556
1914,312107000,2026-04-12T06:16:11,2026-04-12T09:16:31,2026-04-12T09:17:26,TRIST,52.7094444444,55.7302777778,0.0152777777778,242,4.09888888889
1915,312107000,2026-04-12T07:15:32,2026-04-12T09:16:31,2026-04-12T09:17:26,TRIST,52.7094444444,54.7411111111,0.0152777777778,300,5.08805555556
1916,312107000,2026-04-12T08:16:00,2026-04-12T09:16:31,2026-04-12T09:17:26,TRIST,52.7094444444,53.7333333333,0.0152777777778,352,5.97722222222
1917,312107000,2026-04-12T09:16:31,2026-04-12T09:16:31,2026-04-12T09:17:26,TRIST,52.7094444444,52.7247222222,0.0152777777778,352,5.98472222222
1918,312120000,2026-04-09T10:32:20,2026-04-09T17:32:30,2026-04-09T17:32:51,ITTRI,17.4525,24.4611111111,0.00583333333333,20,0.456944444444
1919,312120000,2026-04-09T11:32:13,2026-04-09T17:32:30,2026-04-09T17:32:51,ITTRI,17.4525,23.4630555556,0.00583333333333,24,1.455
1920,312120000,2026-04-09T12:32:04,2026-04-09T17:32:30,2026-04-09T17:32:51,ITTRI,17.4525,22.4655555556,0.00583333333333,75,2.4525
1921,312120000,2026-04-09T13:31:57,2026-04-09T17:32:30,2026-04-09T17:32:51,ITTRI,17.4525,21.4675,0.00583333333333,134,3.45055555556
1922,312120000,2026-04-09T14:31:51,2026-04-09T17:32:30,2026-04-09T17:32:51,ITTRI,17.4525,20.4691666667,0.00583333333333,193,4.44888888889
1923,312120000,2026-04-09T15:31:44,2026-04-09T17:32:30,2026-04-09T17:32:51,ITTRI,17.4525,19.4711111111,0.00583333333333,252,5.44694444444
1924,312120000,2026-04-09T16:31:37,2026-04-09T17:32:30,2026-04-09T17:32:51,ITTRI,17.4525,18.4730555556,0.00583333333333,291,5.04083333333
1925,312120000,2026-04-09T17:32:30,2026-04-09T17:32:30,2026-04-09T17:32:51,ITTRI,17.4525,17.4583333333,0.00583333333333,347,5.98777777778
1926,312333000,2026-04-12T07:01:12,2026-04-12T12:01:16,2026-04-12T12:01:57,ESCAS,121.9675,126.98,0.0113888888889,57,0.955277777778
1927,312333000,2026-04-12T08:00:37,2026-04-12T12:01:16,2026-04-12T12:01:57,ESCAS,121.9675,125.989722222,0.0113888888889,115,1.94555555556
1928,312333000,2026-04-12T09:01:08,2026-04-12T12:01:16,2026-04-12T12:01:57,ESCAS,121.9675,124.981111111,0.0113888888889,174,2.95416666667
1929,312333000,2026-04-12T10:00:33,2026-04-12T12:01:16,2026-04-12T12:01:57,ESCAS,121.9675,123.990833333,0.0113888888889,232,3.94444444444
1930,312333000,2026-04-12T11:00:54,2026-04-12T12:01:16,2026-04-12T12:01:57,ESCAS,121.9675,122.985,0.0113888888889,291,4.95027777778
1931,312333000,2026-04-12T12:01:16,2026-04-12T12:01:16,2026-04-12T12:01:57,ESCAS,121.9675,121.978888889,0.0113888888889,350,5.95638888889
1932,314001113,2026-04-07T20:04:19,2026-04-08T03:04:36,2026-04-08T03:05:25,GBPTB,272.909722222,279.928055556,0.0136111111111,42,0.693055555556
1933,314001113,2026-04-07T20:28:40,2026-04-08T03:04:36,2026-04-08T03:05:25,GBPTB,272.909722222,279.522222222,0.0136111111111,66,1.09888888889
1934,314001113,2026-04-07T22:03:54,2026-04-08T03:04:36,2026-04-08T03:05:25,GBPTB,272.909722222,277.935,0.0136111111111,79,2.68611111111
1935,314001113,2026-04-07T22:25:12,2026-04-08T03:04:36,2026-04-08T03:05:25,GBPTB,272.909722222,277.58,0.0136111111111,90,3.04111111111
1936,314001113,2026-04-08T00:03:44,2026-04-08T03:04:36,2026-04-08T03:05:25,GBPTB,272.909722222,275.937777778,0.0136111111111,122,4.68333333333
1937,314001113,2026-04-08T01:03:40,2026-04-08T03:04:36,2026-04-08T03:05:25,GBPTB,272.909722222,274.938888889,0.0136111111111,181,5.68222222222
1938,314001113,2026-04-08T02:03:37,2026-04-08T03:04:36,2026-04-08T03:05:25,GBPTB,272.909722222,273.939722222,0.0136111111111,198,5.97138888889
1939,314001113,2026-04-08T03:04:36,2026-04-08T03:04:36,2026-04-08T03:05:25,GBPTB,272.909722222,272.923333333,0.0136111111111,234,5.21444444444
1940,314432000,2026-04-15T00:38:31,2026-04-15T02:39:08,2026-04-15T02:39:27,ITPNG,38.3425,40.3580555556,0.00527777777778,71,1.18277777778
1941,314432000,2026-04-15T01:38:20,2026-04-15T02:39:08,2026-04-15T02:39:27,ITPNG,38.3425,39.3611111111,0.00527777777778,130,2.17972222222
1942,314432000,2026-04-15T02:39:08,2026-04-15T02:39:08,2026-04-15T02:39:27,ITPNG,38.3425,38.3477777778,0.00527777777778,172,3.19305555556
1943,314496000,2026-04-11T14:15:17,2026-04-11T16:15:26,2026-04-11T16:16:15,ITRAN,59.7291666667,61.7452777778,0.0136111111111,45,0.745555555556
1944,314496000,2026-04-11T15:15:21,2026-04-11T16:15:26,2026-04-11T16:16:15,ITRAN,59.7291666667,60.7441666667,0.0136111111111,104,1.74666666667
1945,314496000,2026-04-11T16:15:26,2026-04-11T16:15:26,2026-04-11T16:16:15,ITRAN,59.7291666667,59.7427777778,0.0136111111111,153,2.74805555556
1946,314509000,2026-04-06T08:44:51,2026-04-06T15:45:49,2026-04-06T15:46:30,MTMLA,4.225,11.2525,0.0113888888889,23,0.372222222222
1947,314509000,2026-04-06T08:57:02,2026-04-06T15:45:49,2026-04-06T15:46:30,MTMLA,4.225,11.0494444444,0.0113888888889,35,0.575277777778
1948,314509000,2026-04-06T10:45:38,2026-04-06T15:45:49,2026-04-06T15:46:30,MTMLA,4.225,9.23944444444,0.0113888888889,51,2.38527777778
1949,314509000,2026-04-06T11:45:28,2026-04-06T15:45:49,2026-04-06T15:46:30,MTMLA,4.225,8.24222222222,0.0113888888889,110,3.3825
1950,314509000,2026-04-06T12:45:17,2026-04-06T15:45:49,2026-04-06T15:46:30,MTMLA,4.225,7.24527777778,0.0113888888889,169,4.37944444444
1951,314509000,2026-04-06T13:45:05,2026-04-06T15:45:49,2026-04-06T15:46:30,MTMLA,4.225,6.24861111111,0.0113888888889,228,5.37611111111
1952,314509000,2026-04-06T14:44:54,2026-04-06T15:45:49,2026-04-06T15:46:30,MTMLA,4.225,5.25166666667,0.0113888888889,264,5.98388888889
1953,314509000,2026-04-06T15:45:49,2026-04-06T15:45:49,2026-04-06T15:46:30,MTMLA,4.225,4.23638888889,0.0113888888889,312,5.25666666667
1954,314652000,2026-04-11T14:51:55,2026-04-12T14:52:17,2026-04-12T14:53:16,FOR_ORDERS,-270.887777778,-246.865277778,0.0163888888889,62,1.05138888889
1955,314652000,2026-04-11T15:52:01,2026-04-12T14:52:17,2026-04-12T14:53:16,FOR_ORDERS,-270.887777778,-247.866944444,0.0163888888889,115,2.05305555556
1956,314652000,2026-04-11T16:52:07,2026-04-12T14:52:17,2026-04-12T14:53:16,FOR_ORDERS,-270.887777778,-248.868611111,0.0163888888889,174,3.05472222222
1957,314652000,2026-04-11T17:52:10,2026-04-12T14:52:17,2026-04-12T14:53:16,FOR_ORDERS,-270.887777778,-249.869444444,0.0163888888889,233,4.05555555556
1958,314652000,2026-04-11T18:52:10,2026-04-12T14:52:17,2026-04-12T14:53:16,FOR_ORDERS,-270.887777778,-250.869444444,0.0163888888889,292,5.05555555556
1959,314652000,2026-04-11T19:52:13,2026-04-12T14:52:17,2026-04-12T14:53:16,FOR_ORDERS,-270.887777778,-251.870277778,0.0163888888889,347,5.98861111111
1960,314652000,2026-04-11T20:51:23,2026-04-12T14:52:17,2026-04-12T14:53:16,FOR_ORDERS,-270.887777778,-252.856388889,0.0163888888889,347,5.97388888889
1961,314652000,2026-04-11T21:51:37,2026-04-12T14:52:17,2026-04-12T14:53:16,FOR_ORDERS,-270.887777778,-253.860277778,0.0163888888889,353,5.97638888889
1962,314652000,2026-04-11T22:51:48,2026-04-12T14:52:17,2026-04-12T14:53:16,FOR_ORDERS,-270.887777778,-254.863333333,0.0163888888889,324,5.97777777778
1963,314652000,2026-04-11T23:51:55,2026-04-12T14:52:17,2026-04-12T14:53:16,FOR_ORDERS,-270.887777778,-255.865277778,0.0163888888889,322,5.97888888889
1964,314652000,2026-04-12T00:03:07,2026-04-12T14:52:17,2026-04-12T14:53:16,FOR_ORDERS,-270.887777778,-256.051944444,0.0163888888889,274,5.16555555556
1965,314652000,2026-04-12T02:51:58,2026-04-12T14:52:17,2026-04-12T14:53:16,FOR_ORDERS,-270.887777778,-258.866111111,0.0163888888889,172,5.9925
1966,314652000,2026-04-12T03:52:06,2026-04-12T14:52:17,2026-04-12T14:53:16,FOR_ORDERS,-270.887777778,-259.868333333,0.0163888888889,172,5.99111111111
1967,314652000,2026-04-12T04:51:19,2026-04-12T14:52:17,2026-04-12T14:53:16,FOR_ORDERS,-270.887777778,-260.855277778,0.0163888888889,200,5.975
1968,314652000,2026-04-12T05:51:37,2026-04-12T14:52:17,2026-04-12T14:53:16,FOR_ORDERS,-270.887777778,-261.860277778,0.0163888888889,202,5.97805555556
1969,314652000,2026-04-12T06:51:59,2026-04-12T14:52:17,2026-04-12T14:53:16,FOR_ORDERS,-270.887777778,-262.866388889,0.0163888888889,250,4.23777777778
1970,314652000,2026-04-12T07:51:24,2026-04-12T14:52:17,2026-04-12T14:53:16,FOR_ORDERS,-270.887777778,-263.856666667,0.0163888888889,308,5.22805555556
1971,314652000,2026-04-12T08:51:54,2026-04-12T14:52:17,2026-04-12T14:53:16,FOR_ORDERS,-270.887777778,-264.865,0.0163888888889,352,5.98194444444
1972,314652000,2026-04-12T09:51:20,2026-04-12T14:52:17,2026-04-12T14:53:16,FOR_ORDERS,-270.887777778,-265.855555556,0.0163888888889,351,5.97027777778
1973,314652000,2026-04-12T10:51:42,2026-04-12T14:52:17,2026-04-12T14:53:16,FOR_ORDERS,-270.887777778,-266.861666667,0.0163888888889,352,5.98944444444
1974,314652000,2026-04-12T11:52:04,2026-04-12T14:52:17,2026-04-12T14:53:16,FOR_ORDERS,-270.887777778,-267.867777778,0.0163888888889,352,5.99055555556
1975,314652000,2026-04-12T12:25:45,2026-04-12T14:52:17,2026-04-12T14:53:16,FOR_ORDERS,-270.887777778,-268.429166667,0.0163888888889,324,5.54583333333
1976,314652000,2026-04-12T14:52:17,2026-04-12T14:52:17,2026-04-12T14:53:16,FOR_ORDERS,-270.887777778,-270.871388889,0.0163888888889,260,5.98916666667
1977,314900000,2026-04-11T09:50:42,2026-04-12T09:51:20,2026-04-12T09:51:29,ROCND,94.1419444444,118.155,0.0025,354,5.97722222222
1978,314900000,2026-04-11T10:50:27,2026-04-12T09:51:20,2026-04-12T09:51:29,ROCND,94.1419444444,117.159166667,0.0025,354,5.97444444444
1979,314900000,2026-04-11T11:51:07,2026-04-12T09:51:20,2026-04-12T09:51:29,ROCND,94.1419444444,116.148055556,0.0025,355,5.98666666667
1980,314900000,2026-04-11T12:50:56,2026-04-12T09:51:20,2026-04-12T09:51:29,ROCND,94.1419444444,115.151111111,0.0025,355,5.98333333333
1981,314900000,2026-04-11T13:50:52,2026-04-12T09:51:20,2026-04-12T09:51:29,ROCND,94.1419444444,114.152222222,0.0025,355,5.98305555556
1982,314900000,2026-04-11T14:50:54,2026-04-12T09:51:20,2026-04-12T09:51:29,ROCND,94.1419444444,113.151666667,0.0025,355,5.98472222222
1983,314900000,2026-04-11T15:50:59,2026-04-12T09:51:20,2026-04-12T09:51:29,ROCND,94.1419444444,112.150277778,0.0025,355,5.98777777778
1984,314900000,2026-04-11T16:51:06,2026-04-12T09:51:20,2026-04-12T09:51:29,ROCND,94.1419444444,111.148333333,0.0025,355,5.99388888889
1985,314900000,2026-04-11T17:51:09,2026-04-12T09:51:20,2026-04-12T09:51:29,ROCND,94.1419444444,110.1475,0.0025,354,5.98361111111
1986,314900000,2026-04-11T18:51:09,2026-04-12T09:51:20,2026-04-12T09:51:29,ROCND,94.1419444444,109.1475,0.0025,354,5.98666666667
1987,314900000,2026-04-11T19:51:12,2026-04-12T09:51:20,2026-04-12T09:51:29,ROCND,94.1419444444,108.146666667,0.0025,354,5.98861111111
1988,314900000,2026-04-11T20:50:22,2026-04-12T09:51:20,2026-04-12T09:51:29,ROCND,94.1419444444,107.160555556,0.0025,353,5.97416666667
1989,314900000,2026-04-11T21:50:36,2026-04-12T09:51:20,2026-04-12T09:51:29,ROCND,94.1419444444,106.156666667,0.0025,353,5.97638888889
1990,314900000,2026-04-11T22:50:47,2026-04-12T09:51:20,2026-04-12T09:51:29,ROCND,94.1419444444,105.153611111,0.0025,353,5.97777777778
1991,314900000,2026-04-11T23:50:54,2026-04-12T09:51:20,2026-04-12T09:51:29,ROCND,94.1419444444,104.151666667,0.0025,353,5.97888888889
1992,314900000,2026-04-12T00:50:58,2026-04-12T09:51:20,2026-04-12T09:51:29,ROCND,94.1419444444,103.150555556,0.0025,353,5.98
1993,314900000,2026-04-12T01:50:55,2026-04-12T09:51:20,2026-04-12T09:51:29,ROCND,94.1419444444,102.151388889,0.0025,353,5.97833333333
1994,314900000,2026-04-12T02:50:57,2026-04-12T09:51:20,2026-04-12T09:51:29,ROCND,94.1419444444,101.150833333,0.0025,354,5.99277777778
1995,314900000,2026-04-12T03:51:05,2026-04-12T09:51:20,2026-04-12T09:51:29,ROCND,94.1419444444,100.148611111,0.0025,354,5.99111111111
1996,314900000,2026-04-12T04:51:19,2026-04-12T09:51:20,2026-04-12T09:51:29,ROCND,94.1419444444,99.1447222222,0.0025,354,5.99194444444
1997,314900000,2026-04-12T05:50:36,2026-04-12T09:51:20,2026-04-12T09:51:29,ROCND,94.1419444444,98.1566666667,0.0025,353,5.97805555556
1998,314900000,2026-04-12T06:50:57,2026-04-12T09:51:20,2026-04-12T09:51:29,ROCND,94.1419444444,97.1508333333,0.0025,351,5.98277777778
1999,314900000,2026-04-12T07:50:22,2026-04-12T09:51:20,2026-04-12T09:51:29,ROCND,94.1419444444,96.1605555556,0.0025,331,5.97388888889
2000,314900000,2026-04-12T08:50:53,2026-04-12T09:51:20,2026-04-12T09:51:29,ROCND,94.1419444444,95.1519444444,0.0025,331,5.98194444444
2001,314900000,2026-04-12T09:51:20,2026-04-12T09:51:20,2026-04-12T09:51:29,ROCND,94.1419444444,94.1444444444,0.0025,331,5.98722222222
2002,319076100,2026-04-08T20:36:38,2026-04-09T00:36:58,2026-04-09T00:37:24,ITTAR,17.3766666667,21.3894444444,0.00722222222222,44,2.65055555556
2003,319076100,2026-04-08T21:36:26,2026-04-09T00:36:58,2026-04-09T00:37:24,ITTAR,17.3766666667,20.3927777778,0.00722222222222,103,3.64722222222
2004,319076100,2026-04-08T22:36:16,2026-04-09T00:36:58,2026-04-09T00:37:24,ITTAR,17.3766666667,19.3955555556,0.00722222222222,162,4.64444444444
2005,319076100,2026-04-08T23:36:06,2026-04-09T00:36:58,2026-04-09T00:37:24,ITTAR,17.3766666667,18.3983333333,0.00722222222222,221,5.64166666667
2006,319076100,2026-04-09T00:36:58,2026-04-09T00:36:58,2026-04-09T00:37:24,ITTAR,17.3766666667,17.3838888889,0.00722222222222,270,4.54583333333
2007,319301000,2026-04-10T10:34:26,2026-04-10T17:34:31,2026-04-10T17:34:43,TEXT:TOROS GABRE,87.4213888889,94.4261111111,0.00333333333333,24,0.406944444444
2008,319301000,2026-04-10T11:30:16,2026-04-10T17:34:31,2026-04-10T17:34:43,TEXT:TOROS GABRE,87.4213888889,93.4955555556,0.00333333333333,69,1.3375
2009,319301000,2026-04-10T12:34:14,2026-04-10T17:34:31,2026-04-10T17:34:43,TEXT:TOROS GABRE,87.4213888889,92.4294444444,0.00333333333333,75,2.40361111111
2010,319301000,2026-04-10T12:53:32,2026-04-10T17:34:31,2026-04-10T17:34:43,TEXT:TOROS GABRE,87.4213888889,92.1077777778,0.00333333333333,89,2.72527777778
2011,319301000,2026-04-10T14:33:12,2026-04-10T17:34:31,2026-04-10T17:34:43,TEXT:TOROS GABRE,87.4213888889,90.4466666667,0.00333333333333,113,4.38638888889
2012,319301000,2026-04-10T16:34:24,2026-04-10T17:34:31,2026-04-10T17:34:43,TEXT:TOROS GABRE,87.4213888889,88.4266666667,0.00333333333333,142,5.98277777778
2013,319301000,2026-04-10T17:34:31,2026-04-10T17:34:31,2026-04-10T17:34:43,TEXT:TOROS GABRE,87.4213888889,87.4247222222,0.00333333333333,156,5.08944444444
2014,338619000,2026-04-07T13:13:42,2026-04-07T15:13:55,2026-04-07T15:14:31,EGPSD,50.7580555556,52.7716666667,0.01,50,1.0325
2015,338619000,2026-04-07T14:13:49,2026-04-07T15:13:55,2026-04-07T15:14:31,EGPSD,50.7580555556,51.7697222222,0.01,103,2.03444444444
2016,338619000,2026-04-07T15:13:55,2026-04-07T15:13:55,2026-04-07T15:14:31,EGPSD,50.7580555556,50.7680555556,0.01,162,3.03611111111
2017,351656000,2026-04-09T14:12:34,2026-04-09T15:13:29,2026-04-09T15:13:39,ROCND,91.7725,92.7905555556,0.00277777777778,25,0.406111111111
2018,351656000,2026-04-09T15:13:29,2026-04-09T15:13:29,2026-04-09T15:13:39,ROCND,91.7725,91.7752777778,0.00277777777778,84,1.42138888889
2019,352001323,2026-04-06T09:10:14,2026-04-07T02:24:17,2026-04-07T02:24:36,ITNAP,18.59,35.8294444444,0.00527777777778,23,0.372222222222
2020,352001323,2026-04-06T09:40:41,2026-04-07T02:24:17,2026-04-07T02:24:36,ITNAP,18.59,35.3219444444,0.00527777777778,37,0.879722222222
2021,352001323,2026-04-06T23:23:51,2026-04-07T02:24:17,2026-04-07T02:24:36,ITNAP,18.59,21.6025,0.00527777777778,22,0.355
2022,352001323,2026-04-07T00:10:29,2026-04-07T02:24:17,2026-04-07T02:24:36,ITNAP,18.59,20.8252777778,0.00527777777778,68,1.13222222222
2023,352001323,2026-04-07T01:23:28,2026-04-07T02:24:17,2026-04-07T02:24:36,ITNAP,18.59,19.6088888889,0.00527777777778,103,2.34861111111
2024,352001323,2026-04-07T02:24:17,2026-04-07T02:24:17,2026-04-07T02:24:36,ITNAP,18.59,18.5952777778,0.00527777777778,163,3.36222222222
2025,352001352,2026-04-07T15:26:08,2026-04-08T06:36:46,2026-04-08T06:37:10,GIGIB,81.3805555556,96.5644444444,0.00666666666667,18,0.288333333333
2026,352001352,2026-04-07T16:27:08,2026-04-08T06:36:46,2026-04-08T06:37:10,GIGIB,81.3805555556,95.5477777778,0.00666666666667,37,1.305
2027,352001352,2026-04-07T17:10:50,2026-04-08T06:36:46,2026-04-08T06:37:10,GIGIB,81.3805555556,94.8194444444,0.00666666666667,47,2.03333333333
2028,352001352,2026-04-07T20:35:46,2026-04-08T06:36:46,2026-04-08T06:37:10,GIGIB,81.3805555556,91.4038888889,0.00666666666667,68,5.44888888889
2029,352001352,2026-04-07T21:31:32,2026-04-08T06:36:46,2026-04-08T06:37:10,GIGIB,81.3805555556,90.4744444444,0.00666666666667,98,5.37805555556
2030,352001352,2026-04-07T22:36:23,2026-04-08T06:36:46,2026-04-08T06:37:10,GIGIB,81.3805555556,89.3936111111,0.00666666666667,113,5.57833333333
2031,352001352,2026-04-07T23:20:04,2026-04-08T06:36:46,2026-04-08T06:37:10,GIGIB,81.3805555556,88.6655555556,0.00666666666667,146,3.07638888889
2032,352001352,2026-04-08T01:36:10,2026-04-08T06:36:46,2026-04-08T06:37:10,GIGIB,81.3805555556,86.3972222222,0.00666666666667,187,5.34472222222
2033,352001352,2026-04-08T02:36:09,2026-04-08T06:36:46,2026-04-08T06:37:10,GIGIB,81.3805555556,85.3975,0.00666666666667,210,5.98944444444
2034,352001352,2026-04-08T03:36:05,2026-04-08T06:36:46,2026-04-08T06:37:10,GIGIB,81.3805555556,84.3986111111,0.00666666666667,221,5.55333333333
2035,352001352,2026-04-08T04:27:53,2026-04-08T06:36:46,2026-04-08T06:37:10,GIGIB,81.3805555556,83.5352777778,0.00666666666667,238,5.84166666667
2036,352001352,2026-04-08T05:35:51,2026-04-08T06:36:46,2026-04-08T06:37:10,GIGIB,81.3805555556,82.4025,0.00666666666667,230,4.84138888889
2037,352001352,2026-04-08T06:36:46,2026-04-08T06:36:46,2026-04-08T06:37:10,GIGIB,81.3805555556,81.3872222222,0.00666666666667,290,5.85666666667
2038,352002170,2026-04-15T09:54:14,2026-04-15T10:55:09,2026-04-15T10:55:45,ITBRI,31.0708333333,32.0961111111,0.01,29,0.473888888889
2039,352002170,2026-04-15T10:55:09,2026-04-15T10:55:09,2026-04-15T10:55:45,ITBRI,31.0708333333,31.0808333333,0.01,89,1.48916666667
2040,352002243,2026-04-10T15:44:29,2026-04-11T01:45:16,2026-04-11T01:46:06,FOR_ORDERS,303.231666667,313.258611111,0.0138888888889,32,0.526388888889
2041,352002243,2026-04-10T16:44:36,2026-04-11T01:45:16,2026-04-11T01:46:06,FOR_ORDERS,303.231666667,312.256666667,0.0138888888889,81,1.52833333333
2042,352002243,2026-04-10T17:44:42,2026-04-11T01:45:16,2026-04-11T01:46:06,FOR_ORDERS,303.231666667,311.255,0.0138888888889,140,2.53
2043,352002243,2026-04-10T18:44:41,2026-04-11T01:45:16,2026-04-11T01:46:06,FOR_ORDERS,303.231666667,310.255277778,0.0138888888889,177,3.52972222222
2044,352002243,2026-04-10T19:44:37,2026-04-11T01:45:16,2026-04-11T01:46:06,FOR_ORDERS,303.231666667,309.256388889,0.0138888888889,227,4.52861111111
2045,352002243,2026-04-10T20:44:36,2026-04-11T01:45:16,2026-04-11T01:46:06,FOR_ORDERS,303.231666667,308.256666667,0.0138888888889,286,5.52833333333
2046,352002243,2026-04-10T21:44:34,2026-04-11T01:45:16,2026-04-11T01:46:06,FOR_ORDERS,303.231666667,307.257222222,0.0138888888889,311,5.98444444444
2047,352002243,2026-04-10T22:44:32,2026-04-11T01:45:16,2026-04-11T01:46:06,FOR_ORDERS,303.231666667,306.257777778,0.0138888888889,319,5.98194444444
2048,352002243,2026-04-10T23:44:28,2026-04-11T01:45:16,2026-04-11T01:46:06,FOR_ORDERS,303.231666667,305.258888889,0.0138888888889,319,5.97916666667
2049,352002243,2026-04-11T00:44:22,2026-04-11T01:45:16,2026-04-11T01:46:06,FOR_ORDERS,303.231666667,304.260555556,0.0138888888889,341,5.97777777778
2050,352002243,2026-04-11T01:45:16,2026-04-11T01:45:16,2026-04-11T01:46:06,FOR_ORDERS,303.231666667,303.245555556,0.0138888888889,351,5.99388888889
2051,352002310,2026-04-09T17:20:20,2026-04-09T23:21:07,2026-04-09T23:21:09,MACAS,104.6475,110.661111111,0.000555555555556,27,0.439722222222
2052,352002310,2026-04-09T18:18:04,2026-04-09T23:21:07,2026-04-09T23:21:09,MACAS,104.6475,109.698888889,0.000555555555556,51,1.40194444444
2053,352002310,2026-04-09T22:20:14,2026-04-09T23:21:07,2026-04-09T23:21:09,MACAS,104.6475,105.662777778,0.000555555555556,98,5.43805555556
2054,352002310,2026-04-09T23:21:07,2026-04-09T23:21:07,2026-04-09T23:21:09,MACAS,104.6475,104.648055556,0.000555555555556,131,5.99611111111
2055,352002473,2026-04-07T17:38:17,2026-04-07T22:53:39,2026-04-07T22:54:13,TEXT:ALIAGA TURKEY,54.0963888889,59.3619444444,0.00944444444444,39,3.00027777778
2056,352002473,2026-04-07T18:53:20,2026-04-07T22:53:39,2026-04-07T22:54:13,TEXT:ALIAGA TURKEY,54.0963888889,58.1111111111,0.00944444444444,45,4.25111111111
2057,352002473,2026-04-07T19:37:56,2026-04-07T22:53:39,2026-04-07T22:54:13,TEXT:ALIAGA TURKEY,54.0963888889,57.3677777778,0.00944444444444,81,4.99444444444
2058,352002473,2026-04-07T20:53:02,2026-04-07T22:53:39,2026-04-07T22:54:13,TEXT:ALIAGA TURKEY,54.0963888889,56.1161111111,0.00944444444444,89,3.72027777778
2059,352002473,2026-04-07T21:31:32,2026-04-07T22:53:39,2026-04-07T22:54:13,TEXT:ALIAGA TURKEY,54.0963888889,55.4744444444,0.00944444444444,116,4.36194444444
2060,352002473,2026-04-07T22:53:39,2026-04-07T22:53:39,2026-04-07T22:54:13,TEXT:ALIAGA TURKEY,54.0963888889,54.1058333333,0.00944444444444,176,5.73055555556
2061,352003272,2026-04-09T23:17:03,2026-04-10T00:17:59,2026-04-10T00:18:04,ESBCN,53.6988888889,54.7158333333,0.00138888888889,48,0.794722222222
2062,352003272,2026-04-10T00:17:59,2026-04-10T00:17:59,2026-04-10T00:18:04,ESBCN,53.6988888889,53.7002777778,0.00138888888889,108,1.81027777778
2063,352003495,2026-04-10T02:56:36,2026-04-10T09:56:48,2026-04-10T09:57:12,NLRTM,214.046666667,221.056666667,0.00666666666667,37,0.848333333333
2064,352003495,2026-04-10T03:56:38,2026-04-10T09:56:48,2026-04-10T09:57:12,NLRTM,214.046666667,220.056111111,0.00666666666667,96,1.84888888889
2065,352003495,2026-04-10T04:28:10,2026-04-10T09:56:48,2026-04-10T09:57:12,NLRTM,214.046666667,219.530555556,0.00666666666667,127,2.37444444444
2066,352003495,2026-04-10T06:56:40,2026-04-10T09:56:48,2026-04-10T09:57:12,NLRTM,214.046666667,217.055555556,0.00666666666667,180,4.84944444444
2067,352003495,2026-04-10T07:56:43,2026-04-10T09:56:48,2026-04-10T09:57:12,NLRTM,214.046666667,216.054722222,0.00666666666667,239,5.85027777778
2068,352003495,2026-04-10T08:56:46,2026-04-10T09:56:48,2026-04-10T09:57:12,NLRTM,214.046666667,215.053888889,0.00666666666667,261,5.98583333333
2069,352003495,2026-04-10T09:56:48,2026-04-10T09:56:48,2026-04-10T09:57:12,NLRTM,214.046666667,214.053333333,0.00666666666667,261,5.98583333333
2070,352004307,2026-04-12T08:25:14,2026-04-12T12:54:17,2026-04-12T12:54:24,GIGIB,111.593333333,116.079444444,0.00194444444444,20,0.734722222222
2071,352004307,2026-04-12T10:53:45,2026-04-12T12:54:17,2026-04-12T12:54:24,GIGIB,111.593333333,113.604166667,0.00194444444444,78,3.21
2072,352004307,2026-04-12T11:54:07,2026-04-12T12:54:17,2026-04-12T12:54:24,GIGIB,111.593333333,112.598055556,0.00194444444444,137,4.21611111111
2073,352004307,2026-04-12T12:54:17,2026-04-12T12:54:17,2026-04-12T12:54:24,GIGIB,111.593333333,111.595277778,0.00194444444444,196,5.21888888889
2074,352004590,2026-04-11T21:25:04,2026-04-12T12:25:45,2026-04-12T12:26:09,LBSEL,71.5641666667,86.5822222222,0.00666666666667,72,1.2075
2075,352004590,2026-04-11T22:25:18,2026-04-12T12:25:45,2026-04-12T12:26:09,LBSEL,71.5641666667,85.5783333333,0.00666666666667,131,2.21138888889
2076,352004590,2026-04-11T23:25:25,2026-04-12T12:25:45,2026-04-12T12:26:09,LBSEL,71.5641666667,84.5763888889,0.00666666666667,181,3.21333333333
2077,352004590,2026-04-12T00:06:11,2026-04-12T12:25:45,2026-04-12T12:26:09,LBSEL,71.5641666667,83.8969444444,0.00666666666667,221,3.89277777778
2078,352004590,2026-04-12T02:25:31,2026-04-12T12:25:45,2026-04-12T12:26:09,LBSEL,71.5641666667,81.5747222222,0.00666666666667,227,5.99416666667
2079,352004590,2026-04-12T03:25:35,2026-04-12T12:25:45,2026-04-12T12:26:09,LBSEL,71.5641666667,80.5736111111,0.00666666666667,204,5.99166666667
2080,352004590,2026-04-12T04:24:45,2026-04-12T12:25:45,2026-04-12T12:26:09,LBSEL,71.5641666667,79.5875,0.00666666666667,203,5.97388888889
2081,352004590,2026-04-12T05:25:02,2026-04-12T12:25:45,2026-04-12T12:26:09,LBSEL,71.5641666667,78.5827777778,0.00666666666667,212,5.97638888889
2082,352004590,2026-04-12T05:35:15,2026-04-12T12:25:45,2026-04-12T12:26:09,LBSEL,71.5641666667,78.4125,0.00666666666667,182,3.4675
2083,352004590,2026-04-12T07:24:45,2026-04-12T12:25:45,2026-04-12T12:26:09,LBSEL,71.5641666667,76.5875,0.00666666666667,211,5.2925
2084,352004590,2026-04-12T08:25:14,2026-04-12T12:25:45,2026-04-12T12:26:09,LBSEL,71.5641666667,75.5794444444,0.00666666666667,251,5.97833333333
2085,352004590,2026-04-12T09:25:45,2026-04-12T12:25:45,2026-04-12T12:26:09,LBSEL,71.5641666667,74.5708333333,0.00666666666667,274,5.98583333333
2086,352004590,2026-04-12T10:00:33,2026-04-12T12:25:45,2026-04-12T12:26:09,LBSEL,71.5641666667,73.9908333333,0.00666666666667,245,5.57972222222
2087,352004590,2026-04-12T11:25:28,2026-04-12T12:25:45,2026-04-12T12:26:09,LBSEL,71.5641666667,72.5755555556,0.00666666666667,234,5.99027777778
2088,352004590,2026-04-12T12:25:45,2026-04-12T12:25:45,2026-04-12T12:26:09,LBSEL,71.5641666667,71.5708333333,0.00666666666667,283,5.49444444444
2089,352004593,2026-04-07T05:15:41,2026-04-07T17:15:55,2026-04-07T17:16:46,FOR_ORDERS,274.720555556,286.738611111,0.0141666666667,60,1.01472222222
2090,352004593,2026-04-07T05:33:56,2026-04-07T17:15:55,2026-04-07T17:16:46,FOR_ORDERS,274.720555556,286.434444444,0.0141666666667,78,1.31888888889
2091,352004593,2026-04-07T09:15:11,2026-04-07T17:15:55,2026-04-07T17:16:46,FOR_ORDERS,274.720555556,282.746944444,0.0141666666667,81,5.00638888889
2092,352004593,2026-04-07T10:15:07,2026-04-07T17:15:55,2026-04-07T17:16:46,FOR_ORDERS,274.720555556,281.748055556,0.0141666666667,138,5.97138888889
2093,352004593,2026-04-07T11:09:54,2026-04-07T17:15:55,2026-04-07T17:16:46,FOR_ORDERS,274.720555556,280.835,0.0141666666667,120,5.88666666667
2094,352004593,2026-04-07T13:15:45,2026-04-07T17:15:55,2026-04-07T17:16:46,FOR_ORDERS,274.720555556,278.7375,0.0141666666667,111,4.04305555556
2095,352004593,2026-04-07T14:15:51,2026-04-07T17:15:55,2026-04-07T17:16:46,FOR_ORDERS,274.720555556,277.735833333,0.0141666666667,168,5.04472222222
2096,352004593,2026-04-07T15:14:56,2026-04-07T17:15:55,2026-04-07T17:16:46,FOR_ORDERS,274.720555556,276.751111111,0.0141666666667,223,5.97888888889
2097,352004593,2026-04-07T16:14:56,2026-04-07T17:15:55,2026-04-07T17:16:46,FOR_ORDERS,274.720555556,275.751111111,0.0141666666667,223,5.98
2098,352004593,2026-04-07T17:15:55,2026-04-07T17:15:55,2026-04-07T17:16:46,FOR_ORDERS,274.720555556,274.734722222,0.0141666666667,243,4.13861111111
2099,352004690,2026-04-11T13:35:37,2026-04-12T02:35:41,2026-04-12T02:36:27,TEXT:P P URUGUAY,533.3925,546.406388889,0.0127777777778,46,0.761666666667
2100,352004690,2026-04-11T14:35:38,2026-04-12T02:35:41,2026-04-12T02:36:27,TEXT:P P URUGUAY,533.3925,545.406111111,0.0127777777778,105,1.76194444444
2101,352004690,2026-04-11T14:59:03,2026-04-12T02:35:41,2026-04-12T02:36:27,TEXT:P P URUGUAY,533.3925,545.015833333,0.0127777777778,128,2.15222222222
2102,352004690,2026-04-11T18:04:23,2026-04-12T02:35:41,2026-04-12T02:36:27,TEXT:P P URUGUAY,533.3925,541.926944444,0.0127777777778,143,5.24111111111
2103,352004690,2026-04-11T20:35:03,2026-04-12T02:35:41,2026-04-12T02:36:27,TEXT:P P URUGUAY,533.3925,539.415833333,0.0127777777778,95,5.97333333333
2104,352004690,2026-04-11T21:35:17,2026-04-12T02:35:41,2026-04-12T02:36:27,TEXT:P P URUGUAY,533.3925,538.411944444,0.0127777777778,131,3.7525
2105,352004690,2026-04-11T22:35:30,2026-04-12T02:35:41,2026-04-12T02:36:27,TEXT:P P URUGUAY,533.3925,537.408333333,0.0127777777778,190,4.75611111111
2106,352004690,2026-04-11T23:35:37,2026-04-12T02:35:41,2026-04-12T02:36:27,TEXT:P P URUGUAY,533.3925,536.406388889,0.0127777777778,249,5.75805555556
2107,352004690,2026-04-12T00:34:42,2026-04-12T02:35:41,2026-04-12T02:36:27,TEXT:P P URUGUAY,533.3925,535.421666667,0.0127777777778,292,4.97972222222
2108,352004690,2026-04-12T01:35:41,2026-04-12T02:35:41,2026-04-12T02:36:27,TEXT:P P URUGUAY,533.3925,534.405277778,0.0127777777778,348,5.99611111111
2109,352004690,2026-04-12T02:35:41,2026-04-12T02:35:41,2026-04-12T02:36:27,TEXT:P P URUGUAY,533.3925,533.405277778,0.0127777777778,350,5.99333333333
2110,352004810,2026-04-10T08:06:54,2026-04-11T03:08:27,2026-04-11T03:08:53,GIGIB,74.8519444444,93.885,0.00722222222222,31,0.576944444444
2111,352004810,2026-04-10T15:07:49,2026-04-11T03:08:27,2026-04-11T03:08:53,GIGIB,74.8519444444,86.8697222222,0.00722222222222,26,0.424166666667
2112,352004810,2026-04-10T15:22:04,2026-04-11T03:08:27,2026-04-11T03:08:53,GIGIB,74.8519444444,86.6322222222,0.00722222222222,40,0.661666666667
2113,352004810,2026-04-10T17:08:02,2026-04-11T03:08:27,2026-04-11T03:08:53,GIGIB,74.8519444444,84.8661111111,0.00722222222222,78,2.42777777778
2114,352004810,2026-04-10T18:08:06,2026-04-11T03:08:27,2026-04-11T03:08:53,GIGIB,74.8519444444,83.865,0.00722222222222,137,3.42888888889
2115,352004810,2026-04-10T18:09:07,2026-04-11T03:08:27,2026-04-11T03:08:53,GIGIB,74.8519444444,83.8480555556,0.00722222222222,138,3.44583333333
2116,352004810,2026-04-10T22:07:57,2026-04-11T03:08:27,2026-04-11T03:08:53,GIGIB,74.8519444444,79.8675,0.00722222222222,153,5.78
2117,352004810,2026-04-10T23:07:54,2026-04-11T03:08:27,2026-04-11T03:08:53,GIGIB,74.8519444444,78.8683333333,0.00722222222222,158,5.98083333333
2118,352004810,2026-04-11T00:07:49,2026-04-11T03:08:27,2026-04-11T03:08:53,GIGIB,74.8519444444,77.8697222222,0.00722222222222,158,5.97833333333
2119,352004810,2026-04-11T01:07:43,2026-04-11T03:08:27,2026-04-11T03:08:53,GIGIB,74.8519444444,76.8713888889,0.00722222222222,216,3.91083333333
2120,352004810,2026-04-11T02:07:34,2026-04-11T03:08:27,2026-04-11T03:08:53,GIGIB,74.8519444444,75.8738888889,0.00722222222222,275,4.90833333333
2121,352004810,2026-04-11T03:08:27,2026-04-11T03:08:27,2026-04-11T03:08:53,GIGIB,74.8519444444,74.8591666667,0.00722222222222,335,5.92305555556
2122,352005357,2026-04-06T02:40:24,2026-04-06T03:41:16,2026-04-06T03:41:19,TEXT:SKAGEN,250.311388889,251.326666667,0.000833333333333,65,1.14944444444
2123,352005357,2026-04-06T03:41:16,2026-04-06T03:41:16,2026-04-06T03:41:19,TEXT:SKAGEN,250.311388889,250.312222222,0.000833333333333,125,2.16388888889
2124,352005660,2026-04-10T01:42:18,2026-04-10T09:42:33,2026-04-10T09:42:54,FOR_ORDERS,84.285,92.295,0.00583333333333,32,0.525
2125,352005660,2026-04-10T02:42:20,2026-04-10T09:42:33,2026-04-10T09:42:54,FOR_ORDERS,84.285,91.2944444444,0.00583333333333,87,1.52555555556
2126,352005660,2026-04-10T03:42:24,2026-04-10T09:42:33,2026-04-10T09:42:54,FOR_ORDERS,84.285,90.2933333333,0.00583333333333,146,2.52666666667
2127,352005660,2026-04-10T04:42:24,2026-04-10T09:42:33,2026-04-10T09:42:54,FOR_ORDERS,84.285,89.2933333333,0.00583333333333,205,3.52666666667
2128,352005660,2026-04-10T05:02:45,2026-04-10T09:42:33,2026-04-10T09:42:54,FOR_ORDERS,84.285,88.9541666667,0.00583333333333,225,3.86583333333
2129,352005660,2026-04-10T06:42:25,2026-04-10T09:42:33,2026-04-10T09:42:54,FOR_ORDERS,84.285,87.2930555556,0.00583333333333,283,5.52694444444
2130,352005660,2026-04-10T07:42:28,2026-04-10T09:42:33,2026-04-10T09:42:54,FOR_ORDERS,84.285,86.2922222222,0.00583333333333,310,5.98583333333
2131,352005660,2026-04-10T08:42:31,2026-04-10T09:42:33,2026-04-10T09:42:54,FOR_ORDERS,84.285,85.2913888889,0.00583333333333,314,5.98583333333
2132,352005660,2026-04-10T09:42:33,2026-04-10T09:42:33,2026-04-10T09:42:54,FOR_ORDERS,84.285,84.2908333333,0.00583333333333,314,5.98555555556
2133,352006086,2026-04-05T16:18:04,2026-04-05T17:18:54,2026-04-05T17:19:36,TRTEK,74.6733333333,75.6988888889,0.0116666666667,50,0.828333333333
2134,352006086,2026-04-05T17:18:54,2026-04-05T17:18:54,2026-04-05T17:19:36,TRTEK,74.6733333333,74.685,0.0116666666667,110,1.84222222222
2135,352506000,2026-04-15T07:52:29,2026-04-15T10:53:07,2026-04-15T10:53:28,TEXT:SGSIN PEBGA,640.108888889,643.125277778,0.00583333333333,40,0.676388888889
2136,352506000,2026-04-15T08:52:20,2026-04-15T10:53:07,2026-04-15T10:53:28,TEXT:SGSIN PEBGA,640.108888889,642.127777778,0.00583333333333,85,1.67388888889
2137,352506000,2026-04-15T09:52:12,2026-04-15T10:53:07,2026-04-15T10:53:28,TEXT:SGSIN PEBGA,640.108888889,641.13,0.00583333333333,144,2.67166666667
2138,352506000,2026-04-15T10:53:07,2026-04-15T10:53:07,2026-04-15T10:53:28,TEXT:SGSIN PEBGA,640.108888889,640.114722222,0.00583333333333,204,3.68694444444
2139,352604000,2026-04-08T01:50:24,2026-04-08T02:51:23,2026-04-08T02:51:38,EGEDK,70.1394444444,71.16,0.00416666666667,34,0.660555555556
2140,352604000,2026-04-08T02:51:23,2026-04-08T02:51:23,2026-04-08T02:51:38,EGEDK,70.1394444444,70.1436111111,0.00416666666667,94,1.67694444444
2141,353589000,2026-04-10T15:40:24,2026-04-10T16:40:31,2026-04-10T16:41:25,EGPSD,67.3097222222,68.3266666667,0.015,19,0.305555555556
2142,353589000,2026-04-10T16:40:31,2026-04-10T16:40:31,2026-04-10T16:41:25,EGPSD,67.3097222222,67.3247222222,0.015,78,1.3075
2143,354562000,2026-04-07T05:26:50,2026-04-07T14:41:20,2026-04-07T14:42:01,TRAMR,58.2997222222,67.5527777778,0.0113888888889,53,0.879166666667
2144,354562000,2026-04-07T06:40:52,2026-04-07T14:41:20,2026-04-07T14:42:01,TRAMR,58.2997222222,66.3188888889,0.0113888888889,95,2.11305555556
2145,354562000,2026-04-07T07:40:43,2026-04-07T14:41:20,2026-04-07T14:42:01,TRAMR,58.2997222222,65.3213888889,0.0113888888889,154,3.11055555556
2146,354562000,2026-04-07T08:40:38,2026-04-07T14:41:20,2026-04-07T14:42:01,TRAMR,58.2997222222,64.3227777778,0.0113888888889,213,4.10916666667
2147,354562000,2026-04-07T09:40:36,2026-04-07T14:41:20,2026-04-07T14:42:01,TRAMR,58.2997222222,63.3233333333,0.0113888888889,261,5.10861111111
2148,354562000,2026-04-07T10:18:10,2026-04-07T14:41:20,2026-04-07T14:42:01,TRAMR,58.2997222222,62.6972222222,0.0113888888889,287,5.59944444444
2149,354562000,2026-04-07T13:40:11,2026-04-07T14:41:20,2026-04-07T14:42:01,TRAMR,58.2997222222,59.3302777778,0.0113888888889,196,5.97416666667
2150,354562000,2026-04-07T14:41:20,2026-04-07T14:41:20,2026-04-07T14:42:01,TRAMR,58.2997222222,58.3111111111,0.0113888888889,195,5.99472222222
2151,355860000,2026-04-10T13:33:11,2026-04-10T20:33:26,2026-04-10T20:33:49,ITVCE,57.4363888889,64.4469444444,0.00638888888889,43,0.711666666667
2152,355860000,2026-04-10T14:33:12,2026-04-10T20:33:26,2026-04-10T20:33:49,ITVCE,57.4363888889,63.4466666667,0.00638888888889,100,1.71194444444
2153,355860000,2026-04-10T15:33:16,2026-04-10T20:33:26,2026-04-10T20:33:49,ITVCE,57.4363888889,62.4455555556,0.00638888888889,159,2.71305555556
2154,355860000,2026-04-10T16:33:23,2026-04-10T20:33:26,2026-04-10T20:33:49,ITVCE,57.4363888889,61.4436111111,0.00638888888889,218,3.715
2155,355860000,2026-04-10T17:32:29,2026-04-10T20:33:26,2026-04-10T20:33:49,ITVCE,57.4363888889,60.4586111111,0.00638888888889,276,4.7
2156,355860000,2026-04-10T18:32:30,2026-04-10T20:33:26,2026-04-10T20:33:49,ITVCE,57.4363888889,59.4583333333,0.00638888888889,335,5.70027777778
2157,355860000,2026-04-10T19:13:08,2026-04-10T20:33:26,2026-04-10T20:33:49,ITVCE,57.4363888889,58.7811111111,0.00638888888889,332,5.615
2158,355860000,2026-04-10T20:33:26,2026-04-10T20:33:26,2026-04-10T20:33:49,ITVCE,57.4363888889,57.4427777778,0.00638888888889,329,5.98694444444
2159,356324000,2026-04-09T12:44:15,2026-04-09T13:46:10,2026-04-09T13:46:30,ITGOA,55.225,56.2625,0.00555555555556,47,0.778055555556
2160,356324000,2026-04-09T13:46:10,2026-04-09T13:46:10,2026-04-09T13:46:30,ITGOA,55.225,55.2305555556,0.00555555555556,76,1.81
2161,356680000,2026-04-08T13:26:05,2026-04-08T16:26:12,2026-04-08T16:26:44,TEXT:ISKENDERUN,75.5544444444,78.5652777778,0.00888888888889,21,0.373055555556
2162,356680000,2026-04-08T14:26:07,2026-04-08T16:26:12,2026-04-08T16:26:44,TEXT:ISKENDERUN,75.5544444444,77.5647222222,0.00888888888889,80,1.37361111111
2163,356680000,2026-04-08T15:26:10,2026-04-08T16:26:12,2026-04-08T16:26:44,TEXT:ISKENDERUN,75.5544444444,76.5638888889,0.00888888888889,139,2.37444444444
2164,356680000,2026-04-08T16:26:12,2026-04-08T16:26:12,2026-04-08T16:26:44,TEXT:ISKENDERUN,75.5544444444,75.5633333333,0.00888888888889,198,3.375
2165,356755000,2026-04-11T10:24:10,2026-04-11T17:24:42,2026-04-11T17:24:59,GIGIB,90.5836111111,97.5972222222,0.00472222222222,21,0.338055555556
2166,356755000,2026-04-11T10:47:26,2026-04-11T17:24:42,2026-04-11T17:24:59,GIGIB,90.5836111111,97.2094444444,0.00472222222222,36,0.725833333333
2167,356755000,2026-04-11T12:24:34,2026-04-11T17:24:42,2026-04-11T17:24:59,GIGIB,90.5836111111,95.5905555556,0.00472222222222,62,2.34472222222
2168,356755000,2026-04-11T13:24:27,2026-04-11T17:24:42,2026-04-11T17:24:59,GIGIB,90.5836111111,94.5925,0.00472222222222,121,3.34277777778
2169,356755000,2026-04-11T14:06:08,2026-04-11T17:24:42,2026-04-11T17:24:59,GIGIB,90.5836111111,93.8977777778,0.00472222222222,162,4.0375
2170,356755000,2026-04-11T15:24:31,2026-04-11T17:24:42,2026-04-11T17:24:59,GIGIB,90.5836111111,92.5913888889,0.00472222222222,189,5.34388888889
2171,356755000,2026-04-11T16:24:37,2026-04-11T17:24:42,2026-04-11T17:24:59,GIGIB,90.5836111111,91.5897222222,0.00472222222222,208,5.99055555556
2172,356755000,2026-04-11T17:24:42,2026-04-11T17:24:42,2026-04-11T17:24:59,GIGIB,90.5836111111,90.5883333333,0.00472222222222,252,5.52583333333
2173,356794000,2026-04-15T15:14:02,2026-04-15T17:15:00,2026-04-15T17:15:39,MTMLA,11.7391666667,13.7661111111,0.0108333333333,65,1.1175
2174,356794000,2026-04-15T16:14:08,2026-04-15T17:15:00,2026-04-15T17:15:39,MTMLA,11.7391666667,12.7644444444,0.0108333333333,124,2.11916666667
2175,356794000,2026-04-15T17:15:00,2026-04-15T17:15:00,2026-04-15T17:15:39,MTMLA,11.7391666667,11.75,0.0108333333333,184,3.13361111111
2176,357463000,2026-04-05T16:34:17,2026-04-06T01:05:05,2026-04-06T01:05:27,ITGOA,50.9091666667,59.4286111111,0.00611111111111,18,0.287222222222
2177,357463000,2026-04-05T17:33:07,2026-04-06T01:05:05,2026-04-06T01:05:27,ITGOA,50.9091666667,58.4480555556,0.00611111111111,30,1.26777777778
2178,357463000,2026-04-05T19:04:20,2026-04-06T01:05:05,2026-04-06T01:05:27,ITGOA,50.9091666667,56.9277777778,0.00611111111111,70,2.78805555556
2179,357463000,2026-04-05T19:40:50,2026-04-06T01:05:05,2026-04-06T01:05:27,ITGOA,50.9091666667,56.3194444444,0.00611111111111,106,3.39638888889
2180,357463000,2026-04-05T22:04:44,2026-04-06T01:05:05,2026-04-06T01:05:27,ITGOA,50.9091666667,53.9211111111,0.00611111111111,148,5.79472222222
2181,357463000,2026-04-05T23:04:30,2026-04-06T01:05:05,2026-04-06T01:05:27,ITGOA,50.9091666667,52.925,0.00611111111111,189,5.70916666667
2182,357463000,2026-04-06T00:04:17,2026-04-06T01:05:05,2026-04-06T01:05:27,ITGOA,50.9091666667,51.9286111111,0.00611111111111,236,5.65805555556
2183,357463000,2026-04-06T01:05:05,2026-04-06T01:05:05,2026-04-06T01:05:27,ITGOA,50.9091666667,50.9152777778,0.00611111111111,256,5.99555555556
2184,357983000,2026-04-11T21:08:44,2026-04-12T09:09:20,2026-04-12T09:09:27,ESVLC,44.8425,56.8544444444,0.00194444444444,46,0.765555555556
2185,357983000,2026-04-11T22:07:57,2026-04-12T09:09:20,2026-04-12T09:09:27,ESVLC,44.8425,55.8675,0.00194444444444,104,1.7525
2186,357983000,2026-04-12T03:09:17,2026-04-12T09:09:20,2026-04-12T09:09:27,ESVLC,44.8425,50.8452777778,0.00194444444444,85,5.99222222222
2187,357983000,2026-04-12T04:08:25,2026-04-12T09:09:20,2026-04-12T09:09:27,ESVLC,44.8425,49.8597222222,0.00194444444444,85,1.42694444444
2188,357983000,2026-04-12T05:08:41,2026-04-12T09:09:20,2026-04-12T09:09:27,ESVLC,44.8425,48.8552777778,0.00194444444444,144,2.43138888889
2189,357983000,2026-04-12T06:09:00,2026-04-12T09:09:20,2026-04-12T09:09:27,ESVLC,44.8425,47.85,0.00194444444444,203,3.43666666667
2190,357983000,2026-04-12T07:08:22,2026-04-12T09:09:20,2026-04-12T09:09:27,ESVLC,44.8425,46.8605555556,0.00194444444444,261,4.42611111111
2191,357983000,2026-04-12T08:08:49,2026-04-12T09:09:20,2026-04-12T09:09:27,ESVLC,44.8425,45.8530555556,0.00194444444444,320,5.43361111111
2192,357983000,2026-04-12T09:09:20,2026-04-12T09:09:20,2026-04-12T09:09:27,ESVLC,44.8425,44.8444444444,0.00194444444444,352,5.98388888889
2193,372119000,2026-04-06T22:21:59,2026-04-06T23:22:50,2026-04-06T23:22:52,EGPSD,66.6188888889,67.6336111111,0.000555555555556,20,0.320833333333
2194,372119000,2026-04-06T23:22:50,2026-04-06T23:22:50,2026-04-06T23:22:52,EGPSD,66.6188888889,66.6194444444,0.000555555555556,80,1.335
2195,372668000,2026-04-06T06:01:19,2026-04-06T06:01:19,2026-04-06T06:02:10,DZAZW,59.9638888889,59.9780555556,0.0141666666667,43,1.37055555556
2196,373026000,2026-04-15T12:43:44,2026-04-16T12:43:53,2026-04-16T12:47:56,ITAUG,-36.7822222222,-12.7122222222,0.0675,355,5.98722222222
2197,373026000,2026-04-15T13:43:38,2026-04-16T12:43:53,2026-04-16T12:47:56,ITAUG,-36.7822222222,-13.7105555556,0.0675,355,5.98777777778
2198,373026000,2026-04-15T14:43:33,2026-04-16T12:43:53,2026-04-16T12:47:56,ITAUG,-36.7822222222,-14.7091666667,0.0675,355,5.98888888889
2199,373026000,2026-04-15T15:43:39,2026-04-16T12:43:53,2026-04-16T12:47:56,ITAUG,-36.7822222222,-15.7108333333,0.0675,355,5.99277777778
2200,373026000,2026-04-15T16:43:33,2026-04-16T12:43:53,2026-04-16T12:47:56,ITAUG,-36.7822222222,-16.7091666667,0.0675,355,5.99277777778
2201,373026000,2026-04-15T17:43:23,2026-04-16T12:43:53,2026-04-16T12:47:56,ITAUG,-36.7822222222,-17.7063888889,0.0675,348,5.975
2202,373026000,2026-04-15T18:43:08,2026-04-16T12:43:53,2026-04-16T12:47:56,ITAUG,-36.7822222222,-18.7022222222,0.0675,348,5.97305555556
2203,373026000,2026-04-15T19:43:51,2026-04-16T12:43:53,2026-04-16T12:47:56,ITAUG,-36.7822222222,-19.7141666667,0.0675,349,5.98666666667
2204,373026000,2026-04-15T20:43:36,2026-04-16T12:43:53,2026-04-16T12:47:56,ITAUG,-36.7822222222,-20.71,0.0675,349,5.98388888889
2205,373026000,2026-04-15T21:43:24,2026-04-16T12:43:53,2026-04-16T12:47:56,ITAUG,-36.7822222222,-21.7066666667,0.0675,349,5.97888888889
2206,373026000,2026-04-15T22:43:12,2026-04-16T12:43:53,2026-04-16T12:47:56,ITAUG,-36.7822222222,-22.7033333333,0.0675,349,5.97722222222
2207,373026000,2026-04-15T23:43:02,2026-04-16T12:43:53,2026-04-16T12:47:56,ITAUG,-36.7822222222,-23.7005555556,0.0675,355,5.97722222222
2208,373026000,2026-04-16T00:43:53,2026-04-16T12:43:53,2026-04-16T12:47:56,ITAUG,-36.7822222222,-24.7147222222,0.0675,356,5.99555555556
2209,373026000,2026-04-16T01:43:43,2026-04-16T12:43:53,2026-04-16T12:47:56,ITAUG,-36.7822222222,-25.7119444444,0.0675,355,5.98083333333
2210,373026000,2026-04-16T02:43:33,2026-04-16T12:43:53,2026-04-16T12:47:56,ITAUG,-36.7822222222,-26.7091666667,0.0675,355,5.98222222222
2211,373026000,2026-04-16T03:43:22,2026-04-16T12:43:53,2026-04-16T12:47:56,ITAUG,-36.7822222222,-27.7061111111,0.0675,355,5.98277777778
2212,373026000,2026-04-16T04:43:12,2026-04-16T12:43:53,2026-04-16T12:47:56,ITAUG,-36.7822222222,-28.7033333333,0.0675,355,5.98305555556
2213,373026000,2026-04-16T05:43:04,2026-04-16T12:43:53,2026-04-16T12:47:56,ITAUG,-36.7822222222,-29.7011111111,0.0675,355,5.98361111111
2214,373026000,2026-04-16T06:42:56,2026-04-16T12:43:53,2026-04-16T12:47:56,ITAUG,-36.7822222222,-30.6988888889,0.0675,355,5.98416666667
2215,373026000,2026-04-16T07:43:49,2026-04-16T12:43:53,2026-04-16T12:47:56,ITAUG,-36.7822222222,-31.7136111111,0.0675,355,5.98472222222
2216,373026000,2026-04-16T08:43:18,2026-04-16T12:43:53,2026-04-16T12:47:56,ITAUG,-36.7822222222,-32.705,0.0675,354,5.97888888889
2217,373026000,2026-04-16T09:43:10,2026-04-16T12:43:53,2026-04-16T12:47:56,ITAUG,-36.7822222222,-33.7027777778,0.0675,354,5.97972222222
2218,373026000,2026-04-16T10:43:03,2026-04-16T12:43:53,2026-04-16T12:47:56,ITAUG,-36.7822222222,-34.7008333333,0.0675,354,5.98055555556
2219,373026000,2026-04-16T11:42:58,2026-04-16T12:43:53,2026-04-16T12:47:56,ITAUG,-36.7822222222,-35.6994444444,0.0675,354,5.98166666667
2220,373026000,2026-04-16T12:43:53,2026-04-16T12:43:53,2026-04-16T12:47:56,ITAUG,-36.7822222222,-36.7147222222,0.0675,355,5.99888888889
2221,373808000,2026-04-12T01:14:21,2026-04-12T12:14:32,2026-04-12T12:14:38,FOR_ORDERS,18.7561111111,29.7608333333,0.00166666666667,58,0.966388888889
2222,373808000,2026-04-12T02:14:19,2026-04-12T12:14:32,2026-04-12T12:14:38,FOR_ORDERS,18.7561111111,28.7613888889,0.00166666666667,117,1.96583333333
2223,373808000,2026-04-12T03:14:23,2026-04-12T12:14:32,2026-04-12T12:14:38,FOR_ORDERS,18.7561111111,27.7602777778,0.00166666666667,176,2.96694444444
2224,373808000,2026-04-12T04:14:32,2026-04-12T12:14:32,2026-04-12T12:14:38,FOR_ORDERS,18.7561111111,26.7577777778,0.00166666666667,235,3.96944444444
2225,373808000,2026-04-12T05:13:47,2026-04-12T12:14:32,2026-04-12T12:14:38,FOR_ORDERS,18.7561111111,25.7702777778,0.00166666666667,293,4.95694444444
2226,373808000,2026-04-12T06:14:08,2026-04-12T12:14:32,2026-04-12T12:14:38,FOR_ORDERS,18.7561111111,24.7644444444,0.00166666666667,352,5.96277777778
2227,373808000,2026-04-12T07:14:31,2026-04-12T12:14:32,2026-04-12T12:14:38,FOR_ORDERS,18.7561111111,23.7580555556,0.00166666666667,353,5.98583333333
2228,373808000,2026-04-12T08:13:57,2026-04-12T12:14:32,2026-04-12T12:14:38,FOR_ORDERS,18.7561111111,22.7675,0.00166666666667,352,5.97694444444
2229,373808000,2026-04-12T09:14:28,2026-04-12T12:14:32,2026-04-12T12:14:38,FOR_ORDERS,18.7561111111,21.7588888889,0.00166666666667,352,5.98444444444
2230,373808000,2026-04-12T10:13:52,2026-04-12T12:14:32,2026-04-12T12:14:38,FOR_ORDERS,18.7561111111,20.7688888889,0.00166666666667,352,5.98888888889
2231,373808000,2026-04-12T11:14:13,2026-04-12T12:14:32,2026-04-12T12:14:38,FOR_ORDERS,18.7561111111,19.7630555556,0.00166666666667,352,5.99027777778
2232,373808000,2026-04-12T12:14:32,2026-04-12T12:14:32,2026-04-12T12:14:38,FOR_ORDERS,18.7561111111,18.7577777778,0.00166666666667,352,5.98972222222
2233,374194000,2026-04-12T11:20:21,2026-04-12T15:20:44,2026-04-12T15:20:53,FOR_ORDERS,-2439.34805556,-2435.33916667,0.0025,33,0.818055555556
2234,374194000,2026-04-12T12:20:40,2026-04-12T15:20:44,2026-04-12T15:20:53,FOR_ORDERS,-2439.34805556,-2436.34444444,0.0025,92,1.82333333333
2235,374194000,2026-04-12T13:19:44,2026-04-12T15:20:44,2026-04-12T15:20:53,FOR_ORDERS,-2439.34805556,-2437.32888889,0.0025,150,2.80777777778
2236,374194000,2026-04-12T14:03:30,2026-04-12T15:20:44,2026-04-12T15:20:53,FOR_ORDERS,-2439.34805556,-2438.05833333,0.0025,193,3.53722222222
2237,374194000,2026-04-12T15:20:44,2026-04-12T15:20:44,2026-04-12T15:20:53,FOR_ORDERS,-2439.34805556,-2439.34555556,0.0025,251,4.82444444444
2238,376304000,2026-04-13T16:06:38,2026-04-13T23:06:41,2026-04-13T23:07:21,HRZAD,45.8775,52.8894444444,0.0111111111111,27,0.694722222222
2239,376304000,2026-04-13T16:35:03,2026-04-13T23:06:41,2026-04-13T23:07:21,HRZAD,45.8775,52.4158333333,0.0111111111111,55,1.16833333333
2240,376304000,2026-04-13T20:06:38,2026-04-13T23:06:41,2026-04-13T23:07:21,HRZAD,45.8775,48.8894444444,0.0111111111111,76,4.69472222222
2241,376304000,2026-04-13T21:06:26,2026-04-13T23:06:41,2026-04-13T23:07:21,HRZAD,45.8775,47.8927777778,0.0111111111111,135,5.69138888889
2242,376304000,2026-04-13T22:06:09,2026-04-13T23:06:41,2026-04-13T23:07:21,HRZAD,45.8775,46.8975,0.0111111111111,157,5.97527777778
2243,376304000,2026-04-13T23:06:41,2026-04-13T23:06:41,2026-04-13T23:07:21,HRZAD,45.8775,45.8886111111,0.0111111111111,178,3.38916666667
2244,403532001,2026-04-12T12:12:30,2026-04-12T17:13:22,2026-04-12T17:13:49,EGPSD,51.7697222222,56.7916666667,0.0075,60,1.03972222222
2245,403532001,2026-04-12T13:12:36,2026-04-12T17:13:22,2026-04-12T17:13:49,EGPSD,51.7697222222,55.79,0.0075,119,2.04138888889
2246,403532001,2026-04-12T14:12:39,2026-04-12T17:13:22,2026-04-12T17:13:49,EGPSD,51.7697222222,54.7891666667,0.0075,178,3.04222222222
2247,403532001,2026-04-12T15:12:36,2026-04-12T17:13:22,2026-04-12T17:13:49,EGPSD,51.7697222222,53.79,0.0075,231,4.04138888889
2248,403532001,2026-04-12T16:12:28,2026-04-12T17:13:22,2026-04-12T17:13:49,EGPSD,51.7697222222,52.7922222222,0.0075,290,5.03916666667
2249,403532001,2026-04-12T17:13:22,2026-04-12T17:13:22,2026-04-12T17:13:49,EGPSD,51.7697222222,51.7772222222,0.0075,346,5.98583333333
2250,403660000,2026-04-12T04:48:15,2026-04-12T14:49:14,2026-04-12T14:50:02,ESALG,83.1661111111,93.1958333333,0.0133333333333,51,0.850833333333
2251,403660000,2026-04-12T05:48:33,2026-04-12T14:49:14,2026-04-12T14:50:02,ESALG,83.1661111111,92.1908333333,0.0133333333333,110,1.85583333333
2252,403660000,2026-04-12T06:48:55,2026-04-12T14:49:14,2026-04-12T14:50:02,ESALG,83.1661111111,91.1847222222,0.0133333333333,169,2.86194444444
2253,403660000,2026-04-12T07:48:19,2026-04-12T14:49:14,2026-04-12T14:50:02,ESALG,83.1661111111,90.1947222222,0.0133333333333,227,3.85194444444
2254,403660000,2026-04-12T08:48:49,2026-04-12T14:49:14,2026-04-12T14:50:02,ESALG,83.1661111111,89.1863888889,0.0133333333333,286,4.86027777778
2255,403660000,2026-04-12T09:48:16,2026-04-12T14:49:14,2026-04-12T14:50:02,ESALG,83.1661111111,88.1955555556,0.0133333333333,343,5.85111111111
2256,403660000,2026-04-12T10:48:38,2026-04-12T14:49:14,2026-04-12T14:50:02,ESALG,83.1661111111,87.1894444444,0.0133333333333,351,5.98944444444
2257,403660000,2026-04-12T11:49:00,2026-04-12T14:49:14,2026-04-12T14:50:02,ESALG,83.1661111111,86.1833333333,0.0133333333333,351,5.99055555556
2258,403660000,2026-04-12T12:49:11,2026-04-12T14:49:14,2026-04-12T14:50:02,ESALG,83.1661111111,85.1802777778,0.0133333333333,351,5.9875
2259,403660000,2026-04-12T13:48:14,2026-04-12T14:49:14,2026-04-12T14:50:02,ESALG,83.1661111111,84.1961111111,0.0133333333333,347,5.98138888889
2260,403660000,2026-04-12T14:49:14,2026-04-12T14:49:14,2026-04-12T14:50:02,ESALG,83.1661111111,83.1794444444,0.0133333333333,306,5.98972222222
2261,428002000,2026-04-08T02:56:28,2026-04-08T09:56:54,2026-04-08T09:57:10,TEXT:DAMIETTA,81.0472222222,88.0588888889,0.00444444444444,22,5.66916666667
2262,428002000,2026-04-08T03:56:24,2026-04-08T09:56:54,2026-04-08T09:57:10,TEXT:DAMIETTA,81.0472222222,87.06,0.00444444444444,71,1.18527777778
2263,428002000,2026-04-08T04:56:19,2026-04-08T09:56:54,2026-04-08T09:57:10,TEXT:DAMIETTA,81.0472222222,86.0613888889,0.00444444444444,130,2.18388888889
2264,428002000,2026-04-08T05:56:10,2026-04-08T09:56:54,2026-04-08T09:57:10,TEXT:DAMIETTA,81.0472222222,85.0638888889,0.00444444444444,178,3.18138888889
2265,428002000,2026-04-08T06:56:04,2026-04-08T09:56:54,2026-04-08T09:57:10,TEXT:DAMIETTA,81.0472222222,84.0655555556,0.00444444444444,204,4.17972222222
2266,428002000,2026-04-08T07:55:59,2026-04-08T09:56:54,2026-04-08T09:57:10,TEXT:DAMIETTA,81.0472222222,83.0669444444,0.00444444444444,263,5.17833333333
2267,428002000,2026-04-08T08:55:56,2026-04-08T09:56:54,2026-04-08T09:57:10,TEXT:DAMIETTA,81.0472222222,82.0677777778,0.00444444444444,310,5.97416666667
2268,428002000,2026-04-08T09:56:54,2026-04-08T09:56:54,2026-04-08T09:57:10,TEXT:DAMIETTA,81.0472222222,81.0516666667,0.00444444444444,311,5.99138888889
2269,431048000,2026-04-07T09:52:47,2026-04-08T05:59:13,2026-04-08T05:59:13,FOR_ORDERS,426.029722222,446.136944444,0,50,0.829722222222
2270,431048000,2026-04-07T16:45:26,2026-04-08T05:59:13,2026-04-08T05:59:13,FOR_ORDERS,426.029722222,439.259444444,0,29,0.474444444444
2271,431048000,2026-04-07T20:59:07,2026-04-08T05:59:13,2026-04-08T05:59:13,FOR_ORDERS,426.029722222,435.031388889,0,39,4.7025
2272,431048000,2026-04-07T21:32:33,2026-04-08T05:59:13,2026-04-08T05:59:13,FOR_ORDERS,426.029722222,434.474166667,0,65,5.25972222222
2273,431048000,2026-04-07T23:43:25,2026-04-08T05:59:13,2026-04-08T05:59:13,FOR_ORDERS,426.029722222,432.293055556,0,80,2.89055555556
2274,431048000,2026-04-08T00:58:35,2026-04-08T05:59:13,2026-04-08T05:59:13,FOR_ORDERS,426.029722222,431.040277778,0,89,4.14333333333
2275,431048000,2026-04-08T01:58:32,2026-04-08T05:59:13,2026-04-08T05:59:13,FOR_ORDERS,426.029722222,430.041111111,0,148,5.1425
2276,431048000,2026-04-08T02:58:30,2026-04-08T05:59:13,2026-04-08T05:59:13,FOR_ORDERS,426.029722222,429.041666667,0,194,5.97277777778
2277,431048000,2026-04-08T03:58:26,2026-04-08T05:59:13,2026-04-08T05:59:13,FOR_ORDERS,426.029722222,428.042777778,0,226,4.97833333333
2278,431048000,2026-04-08T04:58:21,2026-04-08T05:59:13,2026-04-08T05:59:13,FOR_ORDERS,426.029722222,427.044166667,0,285,5.97694444444
2279,431048000,2026-04-08T05:59:13,2026-04-08T05:59:13,2026-04-08T05:59:13,FOR_ORDERS,426.029722222,426.029722222,0,290,5.14611111111
2280,431476000,2026-04-08T11:42:23,2026-04-08T15:42:28,2026-04-08T15:42:59,TRDRC,49.2836111111,53.2936111111,0.00861111111111,48,0.794444444444
2281,431476000,2026-04-08T12:42:21,2026-04-08T15:42:28,2026-04-08T15:42:59,TRDRC,49.2836111111,52.2941666667,0.00861111111111,107,1.79388888889
2282,431476000,2026-04-08T13:42:21,2026-04-08T15:42:28,2026-04-08T15:42:59,TRDRC,49.2836111111,51.2941666667,0.00861111111111,166,2.79388888889
2283,431476000,2026-04-08T14:37:18,2026-04-08T15:42:28,2026-04-08T15:42:59,TRDRC,49.2836111111,50.3783333333,0.00861111111111,216,3.70972222222
2284,431476000,2026-04-08T15:42:28,2026-04-08T15:42:28,2026-04-08T15:42:59,TRDRC,49.2836111111,49.2922222222,0.00861111111111,270,4.79583333333
2285,440252000,2026-04-08T17:16:01,2026-04-08T21:16:10,2026-04-08T21:17:03,TRDRC,33.7158333333,37.7330555556,0.0147222222222,47,0.779166666667
2286,440252000,2026-04-08T17:36:19,2026-04-08T21:16:10,2026-04-08T21:17:03,TRDRC,33.7158333333,37.3947222222,0.0147222222222,67,1.1175
2287,440252000,2026-04-08T21:16:10,2026-04-08T21:16:10,2026-04-08T21:17:03,TRDRC,33.7158333333,33.7305555556,0.0147222222222,106,4.78166666667
2288,461000256,2026-04-09T23:07:55,2026-04-10T00:08:50,2026-04-10T00:09:07,FOR_ORDERS,391.848055556,392.868055556,0.00472222222222,21,0.338333333333
2289,461000256,2026-04-10T00:08:50,2026-04-10T00:08:50,2026-04-10T00:09:07,FOR_ORDERS,391.848055556,391.852777778,0.00472222222222,61,1.35361111111
2290,461000284,2026-04-11T18:02:21,2026-04-12T10:05:40,2026-04-12T10:06:36,FOR_ORDERS,334.89,350.960833333,0.0155555555556,18,0.288333333333
2291,461000284,2026-04-11T19:05:24,2026-04-12T10:05:40,2026-04-12T10:06:36,FOR_ORDERS,334.89,349.91,0.0155555555556,22,1.33916666667
2292,461000284,2026-04-11T20:05:28,2026-04-12T10:05:40,2026-04-12T10:06:36,FOR_ORDERS,334.89,348.908888889,0.0155555555556,77,2.34027777778
2293,461000284,2026-04-11T21:05:40,2026-04-12T10:05:40,2026-04-12T10:06:36,FOR_ORDERS,334.89,347.905555556,0.0155555555556,136,3.34361111111
2294,461000284,2026-04-11T22:04:53,2026-04-12T10:05:40,2026-04-12T10:06:36,FOR_ORDERS,334.89,346.918611111,0.0155555555556,194,4.33055555556
2295,461000284,2026-04-11T22:42:38,2026-04-12T10:05:40,2026-04-12T10:06:36,FOR_ORDERS,334.89,346.289444444,0.0155555555556,231,4.95972222222
2296,461000284,2026-04-12T03:05:13,2026-04-12T10:05:40,2026-04-12T10:06:36,FOR_ORDERS,334.89,341.913055556,0.0155555555556,120,5.9925
2297,461000284,2026-04-12T04:05:21,2026-04-12T10:05:40,2026-04-12T10:06:36,FOR_ORDERS,334.89,340.910833333,0.0155555555556,120,5.99083333333
2298,461000284,2026-04-12T05:05:37,2026-04-12T10:05:40,2026-04-12T10:06:36,FOR_ORDERS,334.89,339.906388889,0.0155555555556,142,2.39722222222
2299,461000284,2026-04-12T06:04:55,2026-04-12T10:05:40,2026-04-12T10:06:36,FOR_ORDERS,334.89,338.918055556,0.0155555555556,200,3.38555555556
2300,461000284,2026-04-12T07:05:18,2026-04-12T10:05:40,2026-04-12T10:06:36,FOR_ORDERS,334.89,337.911666667,0.0155555555556,259,4.39194444444
2301,461000284,2026-04-12T08:04:43,2026-04-12T10:05:40,2026-04-12T10:06:36,FOR_ORDERS,334.89,336.921388889,0.0155555555556,317,5.38222222222
2302,461000284,2026-04-12T09:05:14,2026-04-12T10:05:40,2026-04-12T10:06:36,FOR_ORDERS,334.89,335.912777778,0.0155555555556,352,5.98333333333
2303,461000284,2026-04-12T10:05:40,2026-04-12T10:05:40,2026-04-12T10:06:36,FOR_ORDERS,334.89,334.905555556,0.0155555555556,351,5.98805555556
2304,461000370,2026-04-12T05:02:33,2026-04-12T12:03:19,2026-04-12T12:03:23,FOR_ORDERS,301.943611111,308.9575,0.00111111111111,35,0.579166666667
2305,461000370,2026-04-12T06:02:52,2026-04-12T12:03:19,2026-04-12T12:03:23,FOR_ORDERS,301.943611111,307.952222222,0.00111111111111,94,1.58444444444
2306,461000370,2026-04-12T07:03:15,2026-04-12T12:03:19,2026-04-12T12:03:23,FOR_ORDERS,301.943611111,306.945833333,0.00111111111111,153,2.59083333333
2307,461000370,2026-04-12T08:02:40,2026-04-12T12:03:19,2026-04-12T12:03:23,FOR_ORDERS,301.943611111,305.955555556,0.00111111111111,211,3.58111111111
2308,461000370,2026-04-12T09:03:11,2026-04-12T12:03:19,2026-04-12T12:03:23,FOR_ORDERS,301.943611111,304.946944444,0.00111111111111,270,4.58972222222
2309,461000370,2026-04-12T10:02:36,2026-04-12T12:03:19,2026-04-12T12:03:23,FOR_ORDERS,301.943611111,303.956666667,0.00111111111111,325,5.58
2310,461000370,2026-04-12T11:02:57,2026-04-12T12:03:19,2026-04-12T12:03:23,FOR_ORDERS,301.943611111,302.950833333,0.00111111111111,349,5.98972222222
2311,461000370,2026-04-12T12:03:19,2026-04-12T12:03:19,2026-04-12T12:03:23,FOR_ORDERS,301.943611111,301.944722222,0.00111111111111,349,5.99055555556
2312,477630800,2026-04-06T15:26:31,2026-04-06T15:26:31,2026-04-06T15:26:52,ESALG,98.5522222222,98.5580555556,0.00583333333333,49,0.811944444444
2313,477856500,2026-04-11T14:24:26,2026-04-12T02:24:30,2026-04-12T02:24:52,AMBIGUOUS:MALTA,3.58555555556,15.5927777778,0.00611111111111,43,0.711944444444
2314,477856500,2026-04-11T15:23:30,2026-04-12T02:24:30,2026-04-12T02:24:52,AMBIGUOUS:MALTA,3.58555555556,14.6083333333,0.00611111111111,101,1.69638888889
2315,477856500,2026-04-11T16:23:35,2026-04-12T02:24:30,2026-04-12T02:24:52,AMBIGUOUS:MALTA,3.58555555556,13.6069444444,0.00611111111111,160,2.69777777778
2316,477856500,2026-04-11T17:22:40,2026-04-12T02:24:30,2026-04-12T02:24:52,AMBIGUOUS:MALTA,3.58555555556,12.6222222222,0.00611111111111,218,3.6825
2317,477856500,2026-04-11T18:02:21,2026-04-12T02:24:30,2026-04-12T02:24:52,AMBIGUOUS:MALTA,3.58555555556,11.9608333333,0.00611111111111,235,4.34388888889
2318,477856500,2026-04-11T19:23:43,2026-04-12T02:24:30,2026-04-12T02:24:52,AMBIGUOUS:MALTA,3.58555555556,10.6047222222,0.00611111111111,256,5.7
2319,477856500,2026-04-11T20:23:50,2026-04-12T02:24:30,2026-04-12T02:24:52,AMBIGUOUS:MALTA,3.58555555556,9.60277777778,0.00611111111111,272,5.97305555556
2320,477856500,2026-04-11T21:24:03,2026-04-12T02:24:30,2026-04-12T02:24:52,AMBIGUOUS:MALTA,3.58555555556,8.59916666667,0.00611111111111,273,5.99222222222
2321,477856500,2026-04-11T22:24:17,2026-04-12T02:24:30,2026-04-12T02:24:52,AMBIGUOUS:MALTA,3.58555555556,7.59527777778,0.00611111111111,273,5.99444444444
2322,477856500,2026-04-11T23:24:24,2026-04-12T02:24:30,2026-04-12T02:24:52,AMBIGUOUS:MALTA,3.58555555556,6.59333333333,0.00611111111111,274,5.63888888889
2323,477856500,2026-04-12T00:24:30,2026-04-12T02:24:30,2026-04-12T02:24:52,AMBIGUOUS:MALTA,3.58555555556,5.59166666667,0.00611111111111,316,5.35222222222
2324,477856500,2026-04-12T01:24:30,2026-04-12T02:24:30,2026-04-12T02:24:52,AMBIGUOUS:MALTA,3.58555555556,4.59166666667,0.00611111111111,354,5.99611111111
2325,477856500,2026-04-12T02:24:30,2026-04-12T02:24:30,2026-04-12T02:24:52,AMBIGUOUS:MALTA,3.58555555556,3.59166666667,0.00611111111111,354,5.99416666667
2326,477963900,2026-04-10T07:55:42,2026-04-11T00:56:33,2026-04-11T00:56:40,AMBIGUOUS:MALTA,3.05555555556,20.0716666667,0.00194444444444,50,4.88333333333
2327,477963900,2026-04-10T08:55:45,2026-04-11T00:56:33,2026-04-11T00:56:40,AMBIGUOUS:MALTA,3.05555555556,19.0708333333,0.00194444444444,106,5.88416666667
2328,477963900,2026-04-10T09:22:13,2026-04-11T00:56:33,2026-04-11T00:56:40,AMBIGUOUS:MALTA,3.05555555556,18.6297222222,0.00194444444444,104,2.01861111111
2329,477963900,2026-04-10T16:50:43,2026-04-11T00:56:33,2026-04-11T00:56:40,AMBIGUOUS:MALTA,3.05555555556,11.1547222222,0.00194444444444,55,0.917222222222
2330,477963900,2026-04-10T17:55:53,2026-04-11T00:56:33,2026-04-11T00:56:40,AMBIGUOUS:MALTA,3.05555555556,10.0686111111,0.00194444444444,112,2.00333333333
2331,477963900,2026-04-10T18:28:26,2026-04-11T00:56:33,2026-04-11T00:56:40,AMBIGUOUS:MALTA,3.05555555556,9.52611111111,0.00194444444444,144,2.54583333333
2332,477963900,2026-04-10T19:55:48,2026-04-11T00:56:33,2026-04-11T00:56:40,AMBIGUOUS:MALTA,3.05555555556,8.07,0.00194444444444,162,4.00194444444
2333,477963900,2026-04-10T20:55:47,2026-04-11T00:56:33,2026-04-11T00:56:40,AMBIGUOUS:MALTA,3.05555555556,7.07027777778,0.00194444444444,221,5.00166666667
2334,477963900,2026-04-10T21:55:45,2026-04-11T00:56:33,2026-04-11T00:56:40,AMBIGUOUS:MALTA,3.05555555556,6.07083333333,0.00194444444444,279,5.98416666667
2335,477963900,2026-04-10T22:48:36,2026-04-11T00:56:33,2026-04-11T00:56:40,AMBIGUOUS:MALTA,3.05555555556,5.19,0.00194444444444,277,5.82888888889
2336,477963900,2026-04-10T23:55:39,2026-04-11T00:56:33,2026-04-11T00:56:40,AMBIGUOUS:MALTA,3.05555555556,4.0725,0.00194444444444,266,5.97888888889
2337,477963900,2026-04-11T00:56:33,2026-04-11T00:56:33,2026-04-11T00:56:40,AMBIGUOUS:MALTA,3.05555555556,3.0575,0.00194444444444,294,5.30027777778
2338,511100560,2026-04-11T14:35:38,2026-04-12T05:36:16,2026-04-12T05:36:18,ITNAP,14.895,29.9061111111,0.000555555555556,44,1.60972222222
2339,511100560,2026-04-11T15:35:43,2026-04-12T05:36:16,2026-04-12T05:36:18,ITNAP,14.895,28.9047222222,0.000555555555556,103,2.61111111111
2340,511100560,2026-04-11T16:35:49,2026-04-12T05:36:16,2026-04-12T05:36:18,ITNAP,14.895,27.9030555556,0.000555555555556,162,3.61277777778
2341,511100560,2026-04-11T17:35:53,2026-04-12T05:36:16,2026-04-12T05:36:18,ITNAP,14.895,26.9019444444,0.000555555555556,221,4.61388888889
2342,511100560,2026-04-11T18:35:54,2026-04-12T05:36:16,2026-04-12T05:36:18,ITNAP,14.895,25.9016666667,0.000555555555556,280,5.61416666667
2343,511100560,2026-04-11T19:35:55,2026-04-12T05:36:16,2026-04-12T05:36:18,ITNAP,14.895,24.9013888889,0.000555555555556,329,5.56444444444
2344,511100560,2026-04-11T20:36:05,2026-04-12T05:36:16,2026-04-12T05:36:18,ITNAP,14.895,23.8986111111,0.000555555555556,354,5.99055555556
2345,511100560,2026-04-11T21:35:17,2026-04-12T05:36:16,2026-04-12T05:36:18,ITNAP,14.895,22.9119444444,0.000555555555556,353,5.97583333333
2346,511100560,2026-04-11T22:35:30,2026-04-12T05:36:16,2026-04-12T05:36:18,ITNAP,14.895,21.9083333333,0.000555555555556,353,5.97777777778
2347,511100560,2026-04-11T23:35:37,2026-04-12T05:36:16,2026-04-12T05:36:18,ITNAP,14.895,20.9063888889,0.000555555555556,353,5.97861111111
2348,511100560,2026-04-12T00:35:43,2026-04-12T05:36:16,2026-04-12T05:36:18,ITNAP,14.895,19.9047222222,0.000555555555556,353,5.98
2349,511100560,2026-04-12T01:35:41,2026-04-12T05:36:16,2026-04-12T05:36:18,ITNAP,14.895,18.9052777778,0.000555555555556,353,5.97916666667
2350,511100560,2026-04-12T02:35:41,2026-04-12T05:36:16,2026-04-12T05:36:18,ITNAP,14.895,17.9052777778,0.000555555555556,353,5.97638888889
2351,511100560,2026-04-12T03:35:47,2026-04-12T05:36:16,2026-04-12T05:36:18,ITNAP,14.895,16.9036111111,0.000555555555556,354,5.99138888889
2352,511100560,2026-04-12T04:35:59,2026-04-12T05:36:16,2026-04-12T05:36:18,ITNAP,14.895,15.9002777778,0.000555555555556,354,5.99111111111
2353,511100560,2026-04-12T05:36:16,2026-04-12T05:36:16,2026-04-12T05:36:18,ITNAP,14.895,14.8955555556,0.000555555555556,349,5.99388888889
2354,538001657,2026-04-07T03:57:34,2026-04-07T08:57:55,2026-04-07T08:58:03,GRAST,15.0325,20.0405555556,0.00222222222222,21,0.338055555556
2355,538001657,2026-04-07T04:57:25,2026-04-07T08:57:55,2026-04-07T08:58:03,GRAST,15.0325,19.0430555556,0.00222222222222,80,1.33555555556
2356,538001657,2026-04-07T05:57:16,2026-04-07T08:57:55,2026-04-07T08:58:03,GRAST,15.0325,18.0455555556,0.00222222222222,139,2.33305555556
2357,538001657,2026-04-07T06:57:06,2026-04-07T08:57:55,2026-04-07T08:58:03,GRAST,15.0325,17.0483333333,0.00222222222222,198,3.33027777778
2358,538001657,2026-04-07T07:56:57,2026-04-07T08:57:55,2026-04-07T08:58:03,GRAST,15.0325,16.0508333333,0.00222222222222,257,4.32777777778
2359,538001657,2026-04-07T08:57:55,2026-04-07T08:57:55,2026-04-07T08:58:03,GRAST,15.0325,15.0347222222,0.00222222222222,317,5.34388888889
2360,538002883,2026-04-10T07:31:16,2026-04-11T07:31:34,2026-04-11T07:31:37,TRISK,79.4730555556,103.478888889,0.000833333333333,354,5.98555555556
2361,538002883,2026-04-10T08:31:19,2026-04-11T07:31:34,2026-04-11T07:31:37,TRISK,79.4730555556,102.478055556,0.000833333333333,354,5.98583333333
2362,538002883,2026-04-10T09:31:22,2026-04-11T07:31:34,2026-04-11T07:31:37,TRISK,79.4730555556,101.477222222,0.000833333333333,354,5.98555555556
2363,538002883,2026-04-10T09:37:28,2026-04-11T07:31:34,2026-04-11T07:31:37,TRISK,79.4730555556,101.375555556,0.000833333333333,301,5.08722222222
2364,538002883,2026-04-11T05:24:29,2026-04-11T07:31:34,2026-04-11T07:31:37,TRISK,79.4730555556,81.5919444444,0.000833333333333,16,0.253888888889
2365,538002883,2026-04-11T06:30:35,2026-04-11T07:31:34,2026-04-11T07:31:37,TRISK,79.4730555556,80.4902777778,0.000833333333333,65,1.35555555556
2366,538002883,2026-04-11T07:31:34,2026-04-11T07:31:34,2026-04-11T07:31:37,TRISK,79.4730555556,79.4738888889,0.000833333333333,125,2.37194444444
2367,538003678,2026-04-15T12:43:44,2026-04-16T12:43:53,2026-04-16T15:39:13,ITSPA,-186.653611111,-159.728888889,2.92222222222,355,5.98722222222
2368,538003678,2026-04-15T13:43:38,2026-04-16T12:43:53,2026-04-16T15:39:13,ITSPA,-186.653611111,-160.727222222,2.92222222222,355,5.98777777778
2369,538003678,2026-04-15T14:43:33,2026-04-16T12:43:53,2026-04-16T15:39:13,ITSPA,-186.653611111,-161.725833333,2.92222222222,355,5.98888888889
2370,538003678,2026-04-15T15:43:39,2026-04-16T12:43:53,2026-04-16T15:39:13,ITSPA,-186.653611111,-162.7275,2.92222222222,355,5.99277777778
2371,538003678,2026-04-15T16:43:33,2026-04-16T12:43:53,2026-04-16T15:39:13,ITSPA,-186.653611111,-163.725833333,2.92222222222,355,5.99277777778
2372,538003678,2026-04-15T17:43:23,2026-04-16T12:43:53,2026-04-16T15:39:13,ITSPA,-186.653611111,-164.723055556,2.92222222222,354,5.975
2373,538003678,2026-04-15T18:43:08,2026-04-16T12:43:53,2026-04-16T15:39:13,ITSPA,-186.653611111,-165.718888889,2.92222222222,354,5.97305555556
2374,538003678,2026-04-15T19:43:51,2026-04-16T12:43:53,2026-04-16T15:39:13,ITSPA,-186.653611111,-166.730833333,2.92222222222,355,5.98666666667
2375,538003678,2026-04-15T20:43:36,2026-04-16T12:43:53,2026-04-16T15:39:13,ITSPA,-186.653611111,-167.726666667,2.92222222222,355,5.98388888889
2376,538003678,2026-04-15T21:43:24,2026-04-16T12:43:53,2026-04-16T15:39:13,ITSPA,-186.653611111,-168.723333333,2.92222222222,355,5.97888888889
2377,538003678,2026-04-15T22:43:12,2026-04-16T12:43:53,2026-04-16T15:39:13,ITSPA,-186.653611111,-169.72,2.92222222222,355,5.97722222222
2378,538003678,2026-04-15T23:43:02,2026-04-16T12:43:53,2026-04-16T15:39:13,ITSPA,-186.653611111,-170.717222222,2.92222222222,355,5.97722222222
2379,538003678,2026-04-16T00:43:53,2026-04-16T12:43:53,2026-04-16T15:39:13,ITSPA,-186.653611111,-171.731388889,2.92222222222,356,5.99555555556
2380,538003678,2026-04-16T01:43:43,2026-04-16T12:43:53,2026-04-16T15:39:13,ITSPA,-186.653611111,-172.728611111,2.92222222222,355,5.98083333333
2381,538003678,2026-04-16T02:43:33,2026-04-16T12:43:53,2026-04-16T15:39:13,ITSPA,-186.653611111,-173.725833333,2.92222222222,355,5.98222222222
2382,538003678,2026-04-16T03:43:22,2026-04-16T12:43:53,2026-04-16T15:39:13,ITSPA,-186.653611111,-174.722777778,2.92222222222,355,5.98277777778
2383,538003678,2026-04-16T04:43:12,2026-04-16T12:43:53,2026-04-16T15:39:13,ITSPA,-186.653611111,-175.72,2.92222222222,355,5.98305555556
2384,538003678,2026-04-16T05:43:04,2026-04-16T12:43:53,2026-04-16T15:39:13,ITSPA,-186.653611111,-176.717777778,2.92222222222,355,5.98361111111
2385,538003678,2026-04-16T06:42:56,2026-04-16T12:43:53,2026-04-16T15:39:13,ITSPA,-186.653611111,-177.715555556,2.92222222222,355,5.98416666667
2386,538003678,2026-04-16T07:43:49,2026-04-16T12:43:53,2026-04-16T15:39:13,ITSPA,-186.653611111,-178.730277778,2.92222222222,355,5.98472222222
2387,538003678,2026-04-16T08:43:18,2026-04-16T12:43:53,2026-04-16T15:39:13,ITSPA,-186.653611111,-179.721666667,2.92222222222,354,5.97888888889
2388,538003678,2026-04-16T09:43:10,2026-04-16T12:43:53,2026-04-16T15:39:13,ITSPA,-186.653611111,-180.719444444,2.92222222222,354,5.97972222222
2389,538003678,2026-04-16T10:43:03,2026-04-16T12:43:53,2026-04-16T15:39:13,ITSPA,-186.653611111,-181.7175,2.92222222222,354,5.98055555556
2390,538003678,2026-04-16T11:42:58,2026-04-16T12:43:53,2026-04-16T15:39:13,ITSPA,-186.653611111,-182.716111111,2.92222222222,354,5.98166666667
2391,538003678,2026-04-16T12:43:53,2026-04-16T12:43:53,2026-04-16T15:39:13,ITSPA,-186.653611111,-183.731388889,2.92222222222,355,5.99888888889
2392,538004518,2026-04-12T08:31:23,2026-04-12T15:31:54,2026-04-12T15:32:20,TRCKZ,50.4611111111,57.4769444444,0.00722222222222,40,0.666388888889
2393,538004518,2026-04-12T09:30:53,2026-04-12T15:31:54,2026-04-12T15:32:20,TRCKZ,50.4611111111,56.4852777778,0.00722222222222,98,1.65805555556
2394,538004518,2026-04-12T10:31:16,2026-04-12T15:31:54,2026-04-12T15:32:20,TRCKZ,50.4611111111,55.4788888889,0.00722222222222,157,2.66444444444
2395,538004518,2026-04-12T11:31:36,2026-04-12T15:31:54,2026-04-12T15:32:20,TRCKZ,50.4611111111,54.4733333333,0.00722222222222,216,3.67
2396,538004518,2026-04-12T12:31:52,2026-04-12T15:31:54,2026-04-12T15:32:20,TRCKZ,50.4611111111,53.4688888889,0.00722222222222,275,4.67444444444
2397,538004518,2026-04-12T13:30:56,2026-04-12T15:31:54,2026-04-12T15:32:20,TRCKZ,50.4611111111,52.4844444444,0.00722222222222,333,5.65888888889
2398,538004518,2026-04-12T14:30:57,2026-04-12T15:31:54,2026-04-12T15:32:20,TRCKZ,50.4611111111,51.4841666667,0.00722222222222,352,5.97555555556
2399,538004518,2026-04-12T15:31:54,2026-04-12T15:31:54,2026-04-12T15:32:20,TRCKZ,50.4611111111,50.4683333333,0.00722222222222,354,5.99972222222
2400,538004558,2026-04-06T09:29:31,2026-04-06T15:47:51,2026-04-06T15:48:29,ITPFX,56.1919444444,62.5080555556,0.0105555555556,48,0.795
2401,538004558,2026-04-06T14:46:56,2026-04-06T15:47:51,2026-04-06T15:48:29,ITPFX,56.1919444444,57.2177777778,0.0105555555556,58,5.98388888889
2402,538004558,2026-04-06T15:47:51,2026-04-06T15:47:51,2026-04-06T15:48:29,ITPFX,56.1919444444,56.2025,0.0105555555556,62,1.26888888889
2403,538005330,2026-04-11T09:30:23,2026-04-12T06:30:30,2026-04-12T06:30:46,TRISK,68.4872222222,89.4936111111,0.00444444444444,53,0.879722222222
2404,538005330,2026-04-11T09:47:39,2026-04-12T06:30:30,2026-04-12T06:30:46,TRISK,68.4872222222,89.2058333333,0.00444444444444,65,1.1675
2405,538005330,2026-04-11T12:23:33,2026-04-12T06:30:30,2026-04-12T06:30:46,TRISK,68.4872222222,86.6075,0.00444444444444,78,3.76583333333
2406,538005330,2026-04-11T13:29:32,2026-04-12T06:30:30,2026-04-12T06:30:46,TRISK,68.4872222222,85.5077777778,0.00444444444444,116,4.86555555556
2407,538005330,2026-04-11T14:29:31,2026-04-12T06:30:30,2026-04-12T06:30:46,TRISK,68.4872222222,84.5080555556,0.00444444444444,175,5.86527777778
2408,538005330,2026-04-11T15:29:36,2026-04-12T06:30:30,2026-04-12T06:30:46,TRISK,68.4872222222,83.5066666667,0.00444444444444,181,5.97
2409,538005330,2026-04-11T16:29:42,2026-04-12T06:30:30,2026-04-12T06:30:46,TRISK,68.4872222222,82.505,0.00444444444444,228,4.305
2410,538005330,2026-04-11T17:19:37,2026-04-12T06:30:30,2026-04-12T06:30:46,TRISK,68.4872222222,81.6730555556,0.00444444444444,277,5.13694444444
2411,538005330,2026-04-11T21:30:10,2026-04-12T06:30:30,2026-04-12T06:30:46,TRISK,68.4872222222,77.4972222222,0.00444444444444,130,5.9925
2412,538005330,2026-04-11T21:46:31,2026-04-12T06:30:30,2026-04-12T06:30:46,TRISK,68.4872222222,77.2247222222,0.00444444444444,87,5.26333333333
2413,538005330,2026-04-12T05:30:08,2026-04-12T06:30:30,2026-04-12T06:30:46,TRISK,68.4872222222,69.4977777778,0.00444444444444,60,1.00472222222
2414,538005330,2026-04-12T06:30:30,2026-04-12T06:30:30,2026-04-12T06:30:46,TRISK,68.4872222222,68.4916666667,0.00444444444444,119,2.01083333333
2415,538005431,2026-04-11T21:13:50,2026-04-12T11:14:13,2026-04-12T11:14:19,AMBIGUOUS:MALTA,5.76138888889,19.7694444444,0.00166666666667,16,0.255
2416,538005431,2026-04-11T22:14:05,2026-04-12T11:14:13,2026-04-12T11:14:19,AMBIGUOUS:MALTA,5.76138888889,18.7652777778,0.00166666666667,60,1.25916666667
2417,538005431,2026-04-11T23:14:13,2026-04-12T11:14:13,2026-04-12T11:14:19,AMBIGUOUS:MALTA,5.76138888889,17.7630555556,0.00166666666667,81,2.26138888889
2418,538005431,2026-04-12T00:13:19,2026-04-12T11:14:13,2026-04-12T11:14:19,AMBIGUOUS:MALTA,5.76138888889,16.7780555556,0.00166666666667,139,3.24638888889
2419,538005431,2026-04-12T01:13:20,2026-04-12T11:14:13,2026-04-12T11:14:19,AMBIGUOUS:MALTA,5.76138888889,15.7777777778,0.00166666666667,198,4.24666666667
2420,538005431,2026-04-12T02:13:18,2026-04-12T11:14:13,2026-04-12T11:14:19,AMBIGUOUS:MALTA,5.76138888889,14.7783333333,0.00166666666667,257,5.24611111111
2421,538005431,2026-04-12T03:13:22,2026-04-12T11:14:13,2026-04-12T11:14:19,AMBIGUOUS:MALTA,5.76138888889,13.7772222222,0.00166666666667,300,5.97527777778
2422,538005431,2026-04-12T04:13:31,2026-04-12T11:14:13,2026-04-12T11:14:19,AMBIGUOUS:MALTA,5.76138888889,12.7747222222,0.00166666666667,315,5.97361111111
2423,538005431,2026-04-12T05:13:47,2026-04-12T11:14:13,2026-04-12T11:14:19,AMBIGUOUS:MALTA,5.76138888889,11.7702777778,0.00166666666667,354,5.99277777778
2424,538005431,2026-04-12T06:14:08,2026-04-12T11:14:13,2026-04-12T11:14:19,AMBIGUOUS:MALTA,5.76138888889,10.7644444444,0.00166666666667,354,5.99666666667
2425,538005431,2026-04-12T07:13:29,2026-04-12T11:14:13,2026-04-12T11:14:19,AMBIGUOUS:MALTA,5.76138888889,9.77527777778,0.00166666666667,353,5.98555555556
2426,538005431,2026-04-12T08:13:57,2026-04-12T11:14:13,2026-04-12T11:14:19,AMBIGUOUS:MALTA,5.76138888889,8.7675,0.00166666666667,353,5.99388888889
2427,538005431,2026-04-12T09:13:27,2026-04-12T11:14:13,2026-04-12T11:14:19,AMBIGUOUS:MALTA,5.76138888889,7.77583333333,0.00166666666667,352,5.98444444444
2428,538005431,2026-04-12T10:13:52,2026-04-12T11:14:13,2026-04-12T11:14:19,AMBIGUOUS:MALTA,5.76138888889,6.76888888889,0.00166666666667,352,5.98888888889
2429,538005431,2026-04-12T11:14:13,2026-04-12T11:14:13,2026-04-12T11:14:19,AMBIGUOUS:MALTA,5.76138888889,5.76305555556,0.00166666666667,352,5.99027777778
2430,538005496,2026-04-15T12:43:44,2026-04-16T12:43:53,2026-04-16T15:36:51,ITSPA,-163.314166667,-136.428888889,2.88277777778,355,5.98722222222
2431,538005496,2026-04-15T13:43:38,2026-04-16T12:43:53,2026-04-16T15:36:51,ITSPA,-163.314166667,-137.427222222,2.88277777778,355,5.98777777778
2432,538005496,2026-04-15T14:43:33,2026-04-16T12:43:53,2026-04-16T15:36:51,ITSPA,-163.314166667,-138.425833333,2.88277777778,355,5.98888888889
2433,538005496,2026-04-15T15:43:39,2026-04-16T12:43:53,2026-04-16T15:36:51,ITSPA,-163.314166667,-139.4275,2.88277777778,355,5.99277777778
2434,538005496,2026-04-15T16:43:33,2026-04-16T12:43:53,2026-04-16T15:36:51,ITSPA,-163.314166667,-140.425833333,2.88277777778,355,5.99277777778
2435,538005496,2026-04-15T17:43:23,2026-04-16T12:43:53,2026-04-16T15:36:51,ITSPA,-163.314166667,-141.423055556,2.88277777778,354,5.975
2436,538005496,2026-04-15T18:28:58,2026-04-16T12:43:53,2026-04-16T15:36:51,ITSPA,-163.314166667,-142.182777778,2.88277777778,335,5.73694444444
2437,538005496,2026-04-15T19:43:51,2026-04-16T12:43:53,2026-04-16T15:36:51,ITSPA,-163.314166667,-143.430833333,2.88277777778,298,5.98666666667
2438,538005496,2026-04-15T20:43:36,2026-04-16T12:43:53,2026-04-16T15:36:51,ITSPA,-163.314166667,-144.426666667,2.88277777778,298,5.98388888889
2439,538005496,2026-04-15T21:43:24,2026-04-16T12:43:53,2026-04-16T15:36:51,ITSPA,-163.314166667,-145.423333333,2.88277777778,298,5.97888888889
2440,538005496,2026-04-15T22:43:12,2026-04-16T12:43:53,2026-04-16T15:36:51,ITSPA,-163.314166667,-146.42,2.88277777778,298,5.97722222222
2441,538005496,2026-04-15T23:43:02,2026-04-16T12:43:53,2026-04-16T15:36:51,ITSPA,-163.314166667,-147.417222222,2.88277777778,298,5.97722222222
2442,538005496,2026-04-16T00:43:53,2026-04-16T12:43:53,2026-04-16T15:36:51,ITSPA,-163.314166667,-148.431388889,2.88277777778,318,5.35472222222
2443,538005496,2026-04-16T01:43:43,2026-04-16T12:43:53,2026-04-16T15:36:51,ITSPA,-163.314166667,-149.428611111,2.88277777778,355,5.98083333333
2444,538005496,2026-04-16T02:43:33,2026-04-16T12:43:53,2026-04-16T15:36:51,ITSPA,-163.314166667,-150.425833333,2.88277777778,355,5.98222222222
2445,538005496,2026-04-16T03:43:22,2026-04-16T12:43:53,2026-04-16T15:36:51,ITSPA,-163.314166667,-151.422777778,2.88277777778,355,5.98277777778
2446,538005496,2026-04-16T04:43:12,2026-04-16T12:43:53,2026-04-16T15:36:51,ITSPA,-163.314166667,-152.42,2.88277777778,355,5.98305555556
2447,538005496,2026-04-16T05:43:04,2026-04-16T12:43:53,2026-04-16T15:36:51,ITSPA,-163.314166667,-153.417777778,2.88277777778,355,5.98361111111
2448,538005496,2026-04-16T06:42:56,2026-04-16T12:43:53,2026-04-16T15:36:51,ITSPA,-163.314166667,-154.415555556,2.88277777778,355,5.98416666667
2449,538005496,2026-04-16T07:43:49,2026-04-16T12:43:53,2026-04-16T15:36:51,ITSPA,-163.314166667,-155.430277778,2.88277777778,355,5.98472222222
2450,538005496,2026-04-16T08:43:18,2026-04-16T12:43:53,2026-04-16T15:36:51,ITSPA,-163.314166667,-156.421666667,2.88277777778,354,5.97888888889
2451,538005496,2026-04-16T09:43:10,2026-04-16T12:43:53,2026-04-16T15:36:51,ITSPA,-163.314166667,-157.419444444,2.88277777778,354,5.97972222222
2452,538005496,2026-04-16T10:43:03,2026-04-16T12:43:53,2026-04-16T15:36:51,ITSPA,-163.314166667,-158.4175,2.88277777778,354,5.98055555556
2453,538005496,2026-04-16T11:42:58,2026-04-16T12:43:53,2026-04-16T15:36:51,ITSPA,-163.314166667,-159.416111111,2.88277777778,354,5.98166666667
2454,538005496,2026-04-16T12:43:53,2026-04-16T12:43:53,2026-04-16T15:36:51,ITSPA,-163.314166667,-160.431388889,2.88277777778,355,5.99888888889
2455,538005853,2026-04-10T02:04:41,2026-04-10T09:19:09,2026-04-10T09:19:22,ITPZL,6.67722222222,13.9219444444,0.00361111111111,51,0.847222222222
2456,538005853,2026-04-10T03:18:59,2026-04-10T09:19:09,2026-04-10T09:19:22,ITPZL,6.67722222222,12.6836111111,0.00361111111111,76,2.08555555556
2457,538005853,2026-04-10T04:19:00,2026-04-10T09:19:09,2026-04-10T09:19:22,ITPZL,6.67722222222,11.6833333333,0.00361111111111,113,3.08583333333
2458,538005853,2026-04-10T05:19:02,2026-04-10T09:19:09,2026-04-10T09:19:22,ITPZL,6.67722222222,10.6827777778,0.00361111111111,172,4.08638888889
2459,538005853,2026-04-10T06:19:01,2026-04-10T09:19:09,2026-04-10T09:19:22,ITPZL,6.67722222222,9.68305555556,0.00361111111111,231,5.08611111111
2460,538005853,2026-04-10T07:19:03,2026-04-10T09:19:09,2026-04-10T09:19:22,ITPZL,6.67722222222,8.6825,0.00361111111111,284,5.985
2461,538005853,2026-04-10T08:19:06,2026-04-10T09:19:09,2026-04-10T09:19:22,ITPZL,6.67722222222,7.68166666667,0.00361111111111,298,5.40916666667
2462,538005853,2026-04-10T09:19:09,2026-04-10T09:19:09,2026-04-10T09:19:22,ITPZL,6.67722222222,6.68083333333,0.00361111111111,332,5.98555555556
2463,538006774,2026-04-10T05:19:02,2026-04-10T15:20:02,2026-04-10T15:20:56,GIGIB,103.651111111,113.682777778,0.015,50,0.830833333333
2464,538006774,2026-04-10T05:36:19,2026-04-10T15:20:02,2026-04-10T15:20:56,GIGIB,103.651111111,113.394722222,0.015,67,1.11888888889
2465,538006774,2026-04-10T10:19:11,2026-04-10T15:20:02,2026-04-10T15:20:56,GIGIB,103.651111111,108.680277778,0.015,103,5.83333333333
2466,538006774,2026-04-10T11:19:06,2026-04-10T15:20:02,2026-04-10T15:20:56,GIGIB,103.651111111,107.681666667,0.015,87,5.98416666667
2467,538006774,2026-04-10T12:20:01,2026-04-10T15:20:02,2026-04-10T15:20:56,GIGIB,103.651111111,106.666388889,0.015,130,2.6075
2468,538006774,2026-04-10T13:19:58,2026-04-10T15:20:02,2026-04-10T15:20:56,GIGIB,103.651111111,105.667222222,0.015,189,3.60666666667
2469,538006774,2026-04-10T14:19:58,2026-04-10T15:20:02,2026-04-10T15:20:56,GIGIB,103.651111111,104.667222222,0.015,247,4.60666666667
2470,538006774,2026-04-10T15:20:02,2026-04-10T15:20:02,2026-04-10T15:20:56,GIGIB,103.651111111,103.666111111,0.015,306,5.60777777778
2471,538007198,2026-04-16T12:43:53,2026-04-16T12:43:53,2026-04-16T15:39:05,GNKMR,234.348611111,237.268611111,2.92,53,0.88
2472,538007504,2026-04-06T07:23:37,2026-04-06T15:42:46,2026-04-06T15:42:50,TRYAR,73.2861111111,81.6063888889,0.00111111111111,29,0.626388888889
2473,538007504,2026-04-06T08:41:49,2026-04-06T15:42:46,2026-04-06T15:42:50,TRYAR,73.2861111111,80.3030555556,0.00111111111111,45,1.92972222222
2474,538007504,2026-04-06T09:42:42,2026-04-06T15:42:46,2026-04-06T15:42:50,TRYAR,73.2861111111,79.2883333333,0.00111111111111,96,2.94444444444
2475,538007504,2026-04-06T10:34:28,2026-04-06T15:42:46,2026-04-06T15:42:50,TRYAR,73.2861111111,78.4255555556,0.00111111111111,147,3.80722222222
2476,538007504,2026-04-06T15:42:46,2026-04-06T15:42:46,2026-04-06T15:42:50,TRYAR,73.2861111111,73.2872222222,0.00111111111111,75,5.98416666667
2477,538007511,2026-04-13T14:44:18,2026-04-13T20:45:09,2026-04-13T20:45:17,GIGIB,79.2452777778,85.2616666667,0.00222222222222,73,1.22027777778
2478,538007511,2026-04-13T15:44:17,2026-04-13T20:45:09,2026-04-13T20:45:17,GIGIB,79.2452777778,84.2619444444,0.00222222222222,132,2.22
2479,538007511,2026-04-13T16:34:02,2026-04-13T20:45:09,2026-04-13T20:45:17,GIGIB,79.2452777778,83.4327777778,0.00222222222222,181,3.04916666667
2480,538007511,2026-04-13T17:01:28,2026-04-13T20:45:09,2026-04-13T20:45:17,GIGIB,79.2452777778,82.9755555556,0.00222222222222,191,3.50638888889
2481,538007511,2026-04-13T18:02:19,2026-04-13T20:45:09,2026-04-13T20:45:17,GIGIB,79.2452777778,81.9613888889,0.00222222222222,203,4.52055555556
2482,538007511,2026-04-13T19:26:08,2026-04-13T20:45:09,2026-04-13T20:45:17,GIGIB,79.2452777778,80.5644444444,0.00222222222222,203,5.68
2483,538007511,2026-04-13T20:45:09,2026-04-13T20:45:09,2026-04-13T20:45:17,GIGIB,79.2452777778,79.2475,0.00222222222222,172,5.99722222222
2484,538007661,2026-04-11T06:45:50,2026-04-11T21:46:31,2026-04-11T21:46:51,TRERE,50.2191666667,65.2361111111,0.00555555555556,57,0.949166666667
2485,538007661,2026-04-11T07:45:47,2026-04-11T21:46:31,2026-04-11T21:46:51,TRERE,50.2191666667,64.2369444444,0.00555555555556,116,1.94833333333
2486,538007661,2026-04-11T07:47:49,2026-04-11T21:46:31,2026-04-11T21:46:51,TRERE,50.2191666667,64.2030555556,0.00555555555556,118,1.98222222222
2487,538007661,2026-04-11T19:37:58,2026-04-11T21:46:31,2026-04-11T21:46:51,TRERE,50.2191666667,52.3672222222,0.00555555555556,17,0.271666666667
2488,538007661,2026-04-11T20:46:17,2026-04-11T21:46:31,2026-04-11T21:46:51,TRERE,50.2191666667,51.2286111111,0.00555555555556,30,1.41027777778
2489,538007661,2026-04-11T21:46:31,2026-04-11T21:46:31,2026-04-11T21:46:51,TRERE,50.2191666667,50.2247222222,0.00555555555556,89,2.41416666667
2490,538008070,2026-04-10T05:28:11,2026-04-10T14:59:40,2026-04-10T14:59:59,GIGIB,89.0002777778,98.5302777778,0.00527777777778,44,0.729166666667
2491,538008070,2026-04-10T07:58:45,2026-04-10T14:59:40,2026-04-10T14:59:59,GIGIB,89.0002777778,96.0208333333,0.00527777777778,76,3.23861111111
2492,538008070,2026-04-10T08:58:48,2026-04-10T14:59:40,2026-04-10T14:59:59,GIGIB,89.0002777778,95.02,0.00527777777778,95,4.23944444444
2493,538008070,2026-04-10T09:58:50,2026-04-10T14:59:40,2026-04-10T14:59:59,GIGIB,89.0002777778,94.0194444444,0.00527777777778,154,5.24
2494,538008070,2026-04-10T10:58:48,2026-04-10T14:59:40,2026-04-10T14:59:59,GIGIB,89.0002777778,93.02,0.00527777777778,198,5.98527777778
2495,538008070,2026-04-10T11:58:41,2026-04-10T14:59:40,2026-04-10T14:59:59,GIGIB,89.0002777778,92.0219444444,0.00527777777778,228,4.52472222222
2496,538008070,2026-04-10T12:43:22,2026-04-10T14:59:40,2026-04-10T14:59:59,GIGIB,89.0002777778,91.2772222222,0.00527777777778,258,5.26944444444
2497,538008070,2026-04-10T13:56:34,2026-04-10T14:59:40,2026-04-10T14:59:59,GIGIB,89.0002777778,90.0572222222,0.00527777777778,259,5.94666666667
2498,538008070,2026-04-10T14:59:40,2026-04-10T14:59:40,2026-04-10T14:59:59,GIGIB,89.0002777778,89.0055555556,0.00527777777778,290,5.9975
2499,538009008,2026-04-07T15:15:57,2026-04-08T06:00:14,2026-04-08T06:00:33,RUULU,334.990833333,349.734166667,0.00527777777778,25,0.407222222222
2500,538009008,2026-04-07T22:59:44,2026-04-08T06:00:14,2026-04-08T06:00:33,RUULU,334.990833333,342.004444444,0.00527777777778,38,0.626111111111
2501,538009008,2026-04-07T23:11:56,2026-04-08T06:00:14,2026-04-08T06:00:33,RUULU,334.990833333,341.801111111,0.00527777777778,50,0.829444444444
2502,538009008,2026-04-08T00:59:36,2026-04-08T06:00:14,2026-04-08T06:00:33,RUULU,334.990833333,340.006666667,0.00527777777778,97,2.62388888889
2503,538009008,2026-04-08T01:33:07,2026-04-08T06:00:14,2026-04-08T06:00:33,RUULU,334.990833333,339.448055556,0.00527777777778,123,3.1825
2504,538009008,2026-04-08T04:55:18,2026-04-08T06:00:14,2026-04-08T06:00:33,RUULU,334.990833333,336.078333333,0.00527777777778,110,5.90916666667
2505,538009008,2026-04-08T06:00:14,2026-04-08T06:00:14,2026-04-08T06:00:33,RUULU,334.990833333,334.996111111,0.00527777777778,141,5.80638888889
2506,538009052,2026-04-10T02:16:53,2026-04-10T11:17:04,2026-04-10T11:17:19,MTMLA,-741.288611111,-732.281388889,0.00416666666667,31,0.508611111111
2507,538009052,2026-04-10T03:16:57,2026-04-10T11:17:04,2026-04-10T11:17:19,MTMLA,-741.288611111,-733.2825,0.00416666666667,67,1.50972222222
2508,538009052,2026-04-10T04:16:58,2026-04-10T11:17:04,2026-04-10T11:17:19,MTMLA,-741.288611111,-734.282777778,0.00416666666667,126,2.51
2509,538009052,2026-04-10T05:16:59,2026-04-10T11:17:04,2026-04-10T11:17:19,MTMLA,-741.288611111,-735.283055556,0.00416666666667,185,3.51027777778
2510,538009052,2026-04-10T06:01:44,2026-04-10T11:17:04,2026-04-10T11:17:19,MTMLA,-741.288611111,-736.028888889,0.00416666666667,225,4.25611111111
2511,538009052,2026-04-10T07:59:46,2026-04-10T11:17:04,2026-04-10T11:17:19,MTMLA,-741.288611111,-737.996111111,0.00416666666667,233,5.69777777778
2512,538009052,2026-04-10T09:16:06,2026-04-10T11:17:04,2026-04-10T11:17:19,MTMLA,-741.288611111,-739.268333333,0.00416666666667,199,5.96888888889
2513,538009052,2026-04-10T09:51:42,2026-04-10T11:17:04,2026-04-10T11:17:19,MTMLA,-741.288611111,-739.861666667,0.00416666666667,175,5.56194444444
2514,538009052,2026-04-10T11:17:04,2026-04-10T11:17:04,2026-04-10T11:17:19,MTMLA,-741.288611111,-741.284444444,0.00416666666667,175,5.98444444444
2515,538009159,2026-04-10T01:50:26,2026-04-10T06:50:34,2026-04-10T06:50:36,TRISK,88.1566666667,93.1594444444,0.000555555555556,35,2.13333333333
2516,538009159,2026-04-10T02:50:29,2026-04-10T06:50:34,2026-04-10T06:50:36,TRISK,88.1566666667,92.1586111111,0.000555555555556,94,3.13416666667
2517,538009159,2026-04-10T03:50:32,2026-04-10T06:50:34,2026-04-10T06:50:36,TRISK,88.1566666667,91.1577777778,0.000555555555556,153,4.135
2518,538009159,2026-04-10T04:50:32,2026-04-10T06:50:34,2026-04-10T06:50:36,TRISK,88.1566666667,90.1577777778,0.000555555555556,212,5.135
2519,538009159,2026-04-10T05:50:33,2026-04-10T06:50:34,2026-04-10T06:50:36,TRISK,88.1566666667,89.1575,0.000555555555556,262,5.98305555556
2520,538009159,2026-04-10T06:50:34,2026-04-10T06:50:34,2026-04-10T06:50:36,TRISK,88.1566666667,88.1572222222,0.000555555555556,319,5.39166666667
2521,538009183,2026-04-12T03:05:13,2026-04-12T10:05:40,2026-04-12T10:05:51,PLGDN,284.9025,291.913055556,0.00305555555556,54,0.95
2522,538009183,2026-04-12T04:05:21,2026-04-12T10:05:40,2026-04-12T10:05:51,PLGDN,284.9025,290.910833333,0.00305555555556,113,1.95222222222
2523,538009183,2026-04-12T05:05:37,2026-04-12T10:05:40,2026-04-12T10:05:51,PLGDN,284.9025,289.906388889,0.00305555555556,172,2.95666666667
2524,538009183,2026-04-12T06:04:55,2026-04-12T10:05:40,2026-04-12T10:05:51,PLGDN,284.9025,288.918055556,0.00305555555556,230,3.945
2525,538009183,2026-04-12T07:05:18,2026-04-12T10:05:40,2026-04-12T10:05:51,PLGDN,284.9025,287.911666667,0.00305555555556,289,4.95138888889
2526,538009183,2026-04-12T08:04:43,2026-04-12T10:05:40,2026-04-12T10:05:51,PLGDN,284.9025,286.921388889,0.00305555555556,347,5.94166666667
2527,538009183,2026-04-12T09:05:14,2026-04-12T10:05:40,2026-04-12T10:05:51,PLGDN,284.9025,285.912777778,0.00305555555556,352,5.98333333333
2528,538009183,2026-04-12T10:05:40,2026-04-12T10:05:40,2026-04-12T10:05:51,PLGDN,284.9025,284.905555556,0.00305555555556,338,5.98805555556
2529,538009214,2026-04-06T13:24:49,2026-04-07T13:24:54,2026-04-07T13:24:56,GIGIB,79.0844444444,103.086388889,0.000555555555556,289,5.98611111111
2530,538009214,2026-04-06T14:24:37,2026-04-07T13:24:54,2026-04-07T13:24:56,GIGIB,79.0844444444,102.089722222,0.000555555555556,260,5.98416666667
2531,538009214,2026-04-06T15:24:30,2026-04-07T13:24:54,2026-04-07T13:24:56,GIGIB,79.0844444444,101.091666667,0.000555555555556,271,5.98416666667
2532,538009214,2026-04-06T15:55:58,2026-04-07T13:24:54,2026-04-07T13:24:56,GIGIB,79.0844444444,100.567222222,0.000555555555556,239,5.51055555556
2533,538009214,2026-04-06T17:24:12,2026-04-07T13:24:54,2026-04-07T13:24:56,GIGIB,79.0844444444,99.0966666667,0.000555555555556,218,5.86527777778
2534,538009214,2026-04-06T17:25:13,2026-04-07T13:24:54,2026-04-07T13:24:56,GIGIB,79.0844444444,99.0797222222,0.000555555555556,189,4.81777777778
2535,538009214,2026-04-06T18:50:14,2026-04-07T13:24:54,2026-04-07T13:24:56,GIGIB,79.0844444444,97.6627777778,0.000555555555556,162,5.40666666667
2536,538009214,2026-04-06T22:24:01,2026-04-07T13:24:54,2026-04-07T13:24:56,GIGIB,79.0844444444,94.0997222222,0.000555555555556,83,5.50361111111
2537,538009214,2026-04-06T23:24:52,2026-04-07T13:24:54,2026-04-07T13:24:56,GIGIB,79.0844444444,93.0855555556,0.000555555555556,120,5.99416666667
2538,538009214,2026-04-07T00:21:38,2026-04-07T13:24:54,2026-04-07T13:24:56,GIGIB,79.0844444444,92.1394444444,0.000555555555556,175,5.87805555556
2539,538009214,2026-04-07T01:24:28,2026-04-07T13:24:54,2026-04-07T13:24:56,GIGIB,79.0844444444,91.0922222222,0.000555555555556,187,3.61555555556
2540,538009214,2026-04-07T02:18:12,2026-04-07T13:24:54,2026-04-07T13:24:56,GIGIB,79.0844444444,90.1966666667,0.000555555555556,240,4.51111111111
2541,538009214,2026-04-07T05:24:48,2026-04-07T13:24:54,2026-04-07T13:24:56,GIGIB,79.0844444444,87.0866666667,0.000555555555556,191,5.98194444444
2542,538009214,2026-04-07T06:24:39,2026-04-07T13:24:54,2026-04-07T13:24:56,GIGIB,79.0844444444,86.0891666667,0.000555555555556,194,5.96583333333
2543,538009214,2026-04-07T07:24:29,2026-04-07T13:24:54,2026-04-07T13:24:56,GIGIB,79.0844444444,85.0919444444,0.000555555555556,219,5.98333333333
2544,538009214,2026-04-07T08:24:23,2026-04-07T13:24:54,2026-04-07T13:24:56,GIGIB,79.0844444444,84.0936111111,0.000555555555556,225,3.7875
2545,538009214,2026-04-07T09:19:15,2026-04-07T13:24:54,2026-04-07T13:24:56,GIGIB,79.0844444444,83.1791666667,0.000555555555556,279,4.70194444444
2546,538009214,2026-04-07T10:24:16,2026-04-07T13:24:54,2026-04-07T13:24:56,GIGIB,79.0844444444,82.0955555556,0.000555555555556,334,5.78555555556
2547,538009214,2026-04-07T11:24:06,2026-04-07T13:24:54,2026-04-07T13:24:56,GIGIB,79.0844444444,81.0983333333,0.000555555555556,344,5.97138888889
2548,538009214,2026-04-07T12:13:47,2026-04-07T13:24:54,2026-04-07T13:24:56,GIGIB,79.0844444444,80.2702777778,0.000555555555556,310,5.80194444444
2549,538009214,2026-04-07T13:24:54,2026-04-07T13:24:54,2026-04-07T13:24:56,GIGIB,79.0844444444,79.085,0.000555555555556,297,5.99
2550,538009532,2026-04-07T04:47:16,2026-04-07T10:00:54,2026-04-07T10:01:45,GIGIB,91.9708333333,97.2122222222,0.0141666666667,32,0.524166666667
2551,538009532,2026-04-07T06:48:59,2026-04-07T10:00:54,2026-04-07T10:01:45,GIGIB,91.9708333333,95.1836111111,0.0141666666667,43,2.55277777778
2552,538009532,2026-04-07T08:59:57,2026-04-07T10:00:54,2026-04-07T10:01:45,GIGIB,91.9708333333,93.0008333333,0.0141666666667,55,4.73555555556
2553,538009532,2026-04-07T10:00:54,2026-04-07T10:00:54,2026-04-07T10:01:45,GIGIB,91.9708333333,91.985,0.0141666666667,108,5.75138888889
2554,538009615,2026-04-06T06:34:51,2026-04-06T11:35:20,2026-04-06T11:35:29,NLRTM,190.408611111,195.419166667,0.0025,38,0.626388888889
2555,538009615,2026-04-06T07:19:34,2026-04-06T11:35:20,2026-04-06T11:35:29,NLRTM,190.408611111,194.673888889,0.0025,82,1.37166666667
2556,538009615,2026-04-06T08:34:42,2026-04-06T11:35:20,2026-04-06T11:35:29,NLRTM,190.408611111,193.421666667,0.0025,98,2.62388888889
2557,538009615,2026-04-06T09:34:35,2026-04-06T11:35:20,2026-04-06T11:35:29,NLRTM,190.408611111,192.423611111,0.0025,157,3.62194444444
2558,538009615,2026-04-06T10:34:28,2026-04-06T11:35:20,2026-04-06T11:35:29,NLRTM,190.408611111,191.425555556,0.0025,204,4.62
2559,538009615,2026-04-06T11:35:20,2026-04-06T11:35:20,2026-04-06T11:35:29,NLRTM,190.408611111,190.411111111,0.0025,259,5.63444444444
2560,538009968,2026-04-13T22:44:13,2026-04-13T22:44:13,2026-04-13T22:45:23,EGPSD,68.2436111111,68.2630555556,0.0194444444444,26,0.778055555556
2561,538009987,2026-04-09T23:54:37,2026-04-10T00:55:34,2026-04-10T00:56:23,GIGIB,84.0602777778,85.0897222222,0.0136111111111,70,1.1675
2562,538009987,2026-04-10T00:55:34,2026-04-10T00:55:34,2026-04-10T00:56:23,GIGIB,84.0602777778,84.0738888889,0.0136111111111,130,2.18333333333
2563,538010211,2026-04-16T00:43:53,2026-04-16T12:43:53,2026-04-16T15:36:52,ITSPA,-12.6144444444,2.26861111111,2.88305555556,52,0.862222222222
2564,538010211,2026-04-16T01:43:43,2026-04-16T12:43:53,2026-04-16T15:36:52,ITSPA,-12.6144444444,1.27138888889,2.88305555556,111,1.85944444444
2565,538010211,2026-04-16T02:43:33,2026-04-16T12:43:53,2026-04-16T15:36:52,ITSPA,-12.6144444444,0.274166666667,2.88305555556,170,2.85666666667
2566,538010211,2026-04-16T03:43:22,2026-04-16T12:43:53,2026-04-16T15:36:52,ITSPA,-12.6144444444,-0.722777777778,2.88305555556,229,3.85361111111
2567,538010211,2026-04-16T04:43:12,2026-04-16T12:43:53,2026-04-16T15:36:52,ITSPA,-12.6144444444,-1.72,2.88305555556,288,4.85083333333
2568,538010211,2026-04-16T05:43:04,2026-04-16T12:43:53,2026-04-16T15:36:52,ITSPA,-12.6144444444,-2.71777777778,2.88305555556,347,5.84861111111
2569,538010211,2026-04-16T06:42:56,2026-04-16T12:43:53,2026-04-16T15:36:52,ITSPA,-12.6144444444,-3.71555555556,2.88305555556,355,5.98416666667
2570,538010211,2026-04-16T07:43:49,2026-04-16T12:43:53,2026-04-16T15:36:52,ITSPA,-12.6144444444,-4.73027777778,2.88305555556,355,5.98472222222
2571,538010211,2026-04-16T08:43:18,2026-04-16T12:43:53,2026-04-16T15:36:52,ITSPA,-12.6144444444,-5.72166666667,2.88305555556,354,5.97888888889
2572,538010211,2026-04-16T09:43:10,2026-04-16T12:43:53,2026-04-16T15:36:52,ITSPA,-12.6144444444,-6.71944444444,2.88305555556,354,5.97972222222
2573,538010211,2026-04-16T10:43:03,2026-04-16T12:43:53,2026-04-16T15:36:52,ITSPA,-12.6144444444,-7.7175,2.88305555556,354,5.98055555556
2574,538010211,2026-04-16T11:42:58,2026-04-16T12:43:53,2026-04-16T15:36:52,ITSPA,-12.6144444444,-8.71611111111,2.88305555556,354,5.98166666667
2575,538010211,2026-04-16T12:43:53,2026-04-16T12:43:53,2026-04-16T15:36:52,ITSPA,-12.6144444444,-9.73138888889,2.88305555556,355,5.99888888889
2576,538010262,2026-04-10T21:58:48,2026-04-11T00:59:36,2026-04-11T01:00:27,TRGEB,64.9925,68.02,0.0141666666667,67,1.21972222222
2577,538010262,2026-04-10T22:57:44,2026-04-11T00:59:36,2026-04-11T01:00:27,TRGEB,64.9925,67.0377777778,0.0141666666667,125,2.20194444444
2578,538010262,2026-04-10T23:58:41,2026-04-11T00:59:36,2026-04-11T01:00:27,TRGEB,64.9925,66.0219444444,0.0141666666667,129,3.21777777778
2579,538010262,2026-04-11T00:59:36,2026-04-11T00:59:36,2026-04-11T01:00:27,TRGEB,64.9925,65.0066666667,0.0141666666667,189,4.23305555556
2580,538010540,2026-04-10T02:08:45,2026-04-10T09:08:59,2026-04-10T09:09:22,GIGIB,96.8438888889,103.854166667,0.00638888888889,23,0.373055555556
2581,538010540,2026-04-10T03:08:49,2026-04-10T09:08:59,2026-04-10T09:09:22,GIGIB,96.8438888889,102.853055556,0.00638888888889,82,1.37416666667
2582,538010540,2026-04-10T04:08:50,2026-04-10T09:08:59,2026-04-10T09:09:22,GIGIB,96.8438888889,101.852777778,0.00638888888889,141,2.37444444444
2583,538010540,2026-04-10T05:08:51,2026-04-10T09:08:59,2026-04-10T09:09:22,GIGIB,96.8438888889,100.8525,0.00638888888889,200,3.37472222222
2584,538010540,2026-04-10T05:15:58,2026-04-10T09:08:59,2026-04-10T09:09:22,GIGIB,96.8438888889,100.733888889,0.00638888888889,207,3.49333333333
2585,538010540,2026-04-10T07:48:34,2026-04-10T09:08:59,2026-04-10T09:09:22,GIGIB,96.8438888889,98.1905555556,0.00638888888889,195,5.64666666667
2586,538010540,2026-04-10T09:08:59,2026-04-10T09:08:59,2026-04-10T09:09:22,GIGIB,96.8438888889,96.8502777778,0.00638888888889,155,5.98583333333
2587,538010653,2026-04-10T08:01:49,2026-04-11T06:18:23,2026-04-11T06:19:00,FOR_ORDERS,90.6833333333,112.969722222,0.0102777777778,34,0.56
2588,538010653,2026-04-10T15:17:59,2026-04-11T06:18:23,2026-04-11T06:19:00,FOR_ORDERS,90.6833333333,105.700277778,0.0102777777778,22,0.356111111111
2589,538010653,2026-04-10T16:18:05,2026-04-11T06:18:23,2026-04-11T06:19:00,FOR_ORDERS,90.6833333333,104.698611111,0.0102777777778,66,1.35777777778
2590,538010653,2026-04-10T17:18:13,2026-04-11T06:18:23,2026-04-11T06:19:00,FOR_ORDERS,90.6833333333,103.696388889,0.0102777777778,125,2.36
2591,538010653,2026-04-10T18:13:11,2026-04-11T06:18:23,2026-04-11T06:19:00,FOR_ORDERS,90.6833333333,102.780277778,0.0102777777778,178,3.27611111111
2592,538010653,2026-04-10T21:58:48,2026-04-11T06:18:23,2026-04-11T06:19:00,FOR_ORDERS,90.6833333333,99.02,0.0102777777778,130,5.66166666667
2593,538010653,2026-04-10T23:18:04,2026-04-11T06:18:23,2026-04-11T06:19:00,FOR_ORDERS,90.6833333333,97.6988888889,0.0102777777778,106,5.96333333333
2594,538010653,2026-04-10T23:28:14,2026-04-11T06:18:23,2026-04-11T06:19:00,FOR_ORDERS,90.6833333333,97.5294444444,0.0102777777778,63,1.77861111111
2595,538010653,2026-04-11T01:17:52,2026-04-11T06:18:23,2026-04-11T06:19:00,FOR_ORDERS,90.6833333333,95.7022222222,0.0102777777778,95,3.60583333333
2596,538010653,2026-04-11T02:17:43,2026-04-11T06:18:23,2026-04-11T06:19:00,FOR_ORDERS,90.6833333333,94.7047222222,0.0102777777778,134,4.60333333333
2597,538010653,2026-04-11T03:17:34,2026-04-11T06:18:23,2026-04-11T06:19:00,FOR_ORDERS,90.6833333333,93.7072222222,0.0102777777778,193,5.60083333333
2598,538010653,2026-04-11T04:17:27,2026-04-11T06:18:23,2026-04-11T06:19:00,FOR_ORDERS,90.6833333333,92.7091666667,0.0102777777778,234,5.56555555556
2599,538010653,2026-04-11T05:18:23,2026-04-11T06:18:23,2026-04-11T06:19:00,FOR_ORDERS,90.6833333333,91.6936111111,0.0102777777778,259,5.98833333333
2600,538010653,2026-04-11T06:18:23,2026-04-11T06:18:23,2026-04-11T06:19:00,FOR_ORDERS,90.6833333333,90.6936111111,0.0102777777778,308,5.56694444444
2601,538010874,2026-04-07T20:03:18,2026-04-08T04:03:31,2026-04-08T04:03:44,MTMLA,2.93777777778,10.945,0.00361111111111,38,0.625555555556
2602,538010874,2026-04-07T20:14:28,2026-04-08T04:03:31,2026-04-08T04:03:44,MTMLA,2.93777777778,10.7588888889,0.00361111111111,49,0.811666666667
2603,538010874,2026-04-07T22:02:53,2026-04-08T04:03:31,2026-04-08T04:03:44,MTMLA,2.93777777778,8.95194444444,0.00361111111111,78,2.61861111111
2604,538010874,2026-04-07T22:47:33,2026-04-08T04:03:31,2026-04-08T04:03:44,MTMLA,2.93777777778,8.2075,0.00361111111111,122,3.36305555556
2605,538010874,2026-04-08T00:02:43,2026-04-08T04:03:31,2026-04-08T04:03:44,MTMLA,2.93777777778,6.95472222222,0.00361111111111,164,4.61583333333
2606,538010874,2026-04-08T01:02:39,2026-04-08T04:03:31,2026-04-08T04:03:44,MTMLA,2.93777777778,5.95583333333,0.00361111111111,223,5.61472222222
2607,538010874,2026-04-08T02:02:36,2026-04-08T04:03:31,2026-04-08T04:03:44,MTMLA,2.93777777778,4.95666666667,0.00361111111111,244,5.97138888889
2608,538010874,2026-04-08T03:02:34,2026-04-08T04:03:31,2026-04-08T04:03:44,MTMLA,2.93777777778,3.95722222222,0.00361111111111,292,5.78777777778
2609,538010874,2026-04-08T04:03:31,2026-04-08T04:03:31,2026-04-08T04:03:44,MTMLA,2.93777777778,2.94138888889,0.00361111111111,323,5.99361111111
2610,538011225,2026-04-12T10:27:10,2026-04-12T14:27:54,2026-04-12T14:28:23,ITTAR,13.5269444444,17.5472222222,0.00805555555556,64,1.07472222222
2611,538011225,2026-04-12T11:27:31,2026-04-12T14:27:54,2026-04-12T14:28:23,ITTAR,13.5269444444,16.5413888889,0.00805555555556,123,2.08055555556
2612,538011225,2026-04-12T12:27:48,2026-04-12T14:27:54,2026-04-12T14:28:23,ITTAR,13.5269444444,15.5366666667,0.00805555555556,182,3.08527777778
2613,538011225,2026-04-12T13:27:52,2026-04-12T14:27:54,2026-04-12T14:28:23,ITTAR,13.5269444444,14.5355555556,0.00805555555556,241,4.08638888889
2614,538011225,2026-04-12T14:27:54,2026-04-12T14:27:54,2026-04-12T14:28:23,ITTAR,13.5269444444,13.535,0.00805555555556,300,5.08694444444
2615,538011848,2026-04-08T13:36:15,2026-04-08T15:36:21,2026-04-08T15:36:24,FOR_ORDERS,-79.6066666667,-77.6041666667,0.000833333333333,53,1.16944444444
2616,538011848,2026-04-08T14:35:16,2026-04-08T15:36:21,2026-04-08T15:36:24,FOR_ORDERS,-79.6066666667,-78.5877777778,0.000833333333333,111,2.15305555556
2617,538011848,2026-04-08T15:36:21,2026-04-08T15:36:21,2026-04-08T15:36:24,FOR_ORDERS,-79.6066666667,-79.6058333333,0.000833333333333,153,3.17111111111
2618,538011969,2026-04-11T17:26:44,2026-04-11T21:27:07,2026-04-11T21:27:39,HRRJK,34.5391666667,38.5544444444,0.00888888888889,28,0.458333333333
2619,538011969,2026-04-11T18:26:45,2026-04-11T21:27:07,2026-04-11T21:27:39,HRRJK,34.5391666667,37.5541666667,0.00888888888889,87,1.45861111111
2620,538011969,2026-04-11T19:26:46,2026-04-11T21:27:07,2026-04-11T21:27:39,HRRJK,34.5391666667,36.5538888889,0.00888888888889,146,2.45888888889
2621,538011969,2026-04-11T20:26:53,2026-04-11T21:27:07,2026-04-11T21:27:39,HRRJK,34.5391666667,35.5519444444,0.00888888888889,205,3.46083333333
2622,538011969,2026-04-11T21:27:07,2026-04-11T21:27:07,2026-04-11T21:27:39,HRRJK,34.5391666667,34.5480555556,0.00888888888889,264,4.46472222222
2623,538012456,2026-04-15T12:43:44,2026-04-16T12:43:53,2026-04-16T15:39:04,FOR_ORDERS,-5.65111111111,21.2711111111,2.91972222222,354,5.98722222222
2624,538012456,2026-04-15T13:43:38,2026-04-16T12:43:53,2026-04-16T15:39:04,FOR_ORDERS,-5.65111111111,20.2727777778,2.91972222222,354,5.98777777778
2625,538012456,2026-04-15T14:43:33,2026-04-16T12:43:53,2026-04-16T15:39:04,FOR_ORDERS,-5.65111111111,19.2741666667,2.91972222222,354,5.98888888889
2626,538012456,2026-04-15T15:43:39,2026-04-16T12:43:53,2026-04-16T15:39:04,FOR_ORDERS,-5.65111111111,18.2725,2.91972222222,353,5.99277777778
2627,538012456,2026-04-15T16:43:33,2026-04-16T12:43:53,2026-04-16T15:39:04,FOR_ORDERS,-5.65111111111,17.2741666667,2.91972222222,353,5.99277777778
2628,538012456,2026-04-15T17:22:07,2026-04-16T12:43:53,2026-04-16T15:39:04,FOR_ORDERS,-5.65111111111,16.6313888889,2.91972222222,331,5.62055555556
2629,538012456,2026-04-15T18:21:52,2026-04-16T12:43:53,2026-04-16T15:39:04,FOR_ORDERS,-5.65111111111,15.6355555556,2.91972222222,298,5.61861111111
2630,538012456,2026-04-15T20:43:36,2026-04-16T12:43:53,2026-04-16T15:39:04,FOR_ORDERS,-5.65111111111,13.2733333333,2.91972222222,217,5.98388888889
2631,538012456,2026-04-15T21:43:24,2026-04-16T12:43:53,2026-04-16T15:39:04,FOR_ORDERS,-5.65111111111,12.2766666667,2.91972222222,211,5.97888888889
2632,538012456,2026-04-15T22:43:12,2026-04-16T12:43:53,2026-04-16T15:39:04,FOR_ORDERS,-5.65111111111,11.28,2.91972222222,209,5.97722222222
2633,538012456,2026-04-15T23:43:02,2026-04-16T12:43:53,2026-04-16T15:39:04,FOR_ORDERS,-5.65111111111,10.2827777778,2.91972222222,230,5.77472222222
2634,538012456,2026-04-16T00:43:53,2026-04-16T12:43:53,2026-04-16T15:39:04,FOR_ORDERS,-5.65111111111,9.26861111111,2.91972222222,264,4.64611111111
2635,538012456,2026-04-16T01:43:43,2026-04-16T12:43:53,2026-04-16T15:39:04,FOR_ORDERS,-5.65111111111,8.27138888889,2.91972222222,323,5.64333333333
2636,538012456,2026-04-16T02:43:33,2026-04-16T12:43:53,2026-04-16T15:39:04,FOR_ORDERS,-5.65111111111,7.27416666667,2.91972222222,346,5.98222222222
2637,538012456,2026-04-16T03:43:22,2026-04-16T12:43:53,2026-04-16T15:39:04,FOR_ORDERS,-5.65111111111,6.27722222222,2.91972222222,351,5.98277777778
2638,538012456,2026-04-16T04:43:12,2026-04-16T12:43:53,2026-04-16T15:39:04,FOR_ORDERS,-5.65111111111,5.28,2.91972222222,352,5.98305555556
2639,538012456,2026-04-16T05:43:04,2026-04-16T12:43:53,2026-04-16T15:39:04,FOR_ORDERS,-5.65111111111,4.28222222222,2.91972222222,352,5.98361111111
2640,538012456,2026-04-16T06:42:56,2026-04-16T12:43:53,2026-04-16T15:39:04,FOR_ORDERS,-5.65111111111,3.28444444444,2.91972222222,352,5.98416666667
2641,538012456,2026-04-16T07:43:49,2026-04-16T12:43:53,2026-04-16T15:39:04,FOR_ORDERS,-5.65111111111,2.26972222222,2.91972222222,352,5.98472222222
2642,538012456,2026-04-16T08:43:18,2026-04-16T12:43:53,2026-04-16T15:39:04,FOR_ORDERS,-5.65111111111,1.27833333333,2.91972222222,351,5.97888888889
2643,538012456,2026-04-16T09:43:10,2026-04-16T12:43:53,2026-04-16T15:39:04,FOR_ORDERS,-5.65111111111,0.280555555556,2.91972222222,353,5.97972222222
2644,538012456,2026-04-16T10:43:03,2026-04-16T12:43:53,2026-04-16T15:39:04,FOR_ORDERS,-5.65111111111,-0.7175,2.91972222222,354,5.98055555556
2645,538012456,2026-04-16T11:42:58,2026-04-16T12:43:53,2026-04-16T15:39:04,FOR_ORDERS,-5.65111111111,-1.71611111111,2.91972222222,354,5.98166666667
2646,538012456,2026-04-16T12:43:53,2026-04-16T12:43:53,2026-04-16T15:39:04,FOR_ORDERS,-5.65111111111,-2.73138888889,2.91972222222,355,5.99888888889
2647,538071393,2026-04-16T08:18:19,2026-04-16T11:18:36,2026-04-16T11:19:20,ITSIR,-2.32222222222,0.694722222222,0.0122222222222,42,0.693611111111
2648,538071393,2026-04-16T09:17:48,2026-04-16T11:18:36,2026-04-16T11:19:20,ITSIR,-2.32222222222,-0.296666666667,0.0122222222222,100,1.685
2649,538071393,2026-04-16T10:17:40,2026-04-16T11:18:36,2026-04-16T11:19:20,ITSIR,-2.32222222222,-1.29444444444,0.0122222222222,159,2.68277777778
2650,538071393,2026-04-16T11:18:36,2026-04-16T11:18:36,2026-04-16T11:19:20,ITSIR,-2.32222222222,-2.31,0.0122222222222,219,3.69833333333
2651,538090701,2026-04-07T09:46:41,2026-04-08T02:47:19,2026-04-08T02:48:02,RULED,297.199444444,314.221944444,0.0119444444444,40,0.660277777778
2652,538090701,2026-04-07T09:50:45,2026-04-08T02:47:19,2026-04-08T02:48:02,RULED,297.199444444,314.154166667,0.0119444444444,44,0.728055555556
2653,538090701,2026-04-07T13:47:19,2026-04-08T02:47:19,2026-04-08T02:48:02,RULED,297.199444444,310.211388889,0.0119444444444,89,4.67083333333
2654,538090701,2026-04-07T13:57:31,2026-04-08T02:47:19,2026-04-08T02:48:02,RULED,297.199444444,310.041388889,0.0119444444444,99,4.84083333333
2655,538090701,2026-04-07T16:46:27,2026-04-08T02:47:19,2026-04-08T02:48:02,RULED,297.199444444,307.225833333,0.0119444444444,82,3.7325
2656,538090701,2026-04-07T17:39:19,2026-04-08T02:47:19,2026-04-08T02:48:02,RULED,297.199444444,306.344722222,0.0119444444444,134,4.61361111111
2657,538090701,2026-04-07T18:25:59,2026-04-08T02:47:19,2026-04-08T02:48:02,RULED,297.199444444,305.566944444,0.0119444444444,157,5.39138888889
2658,538090701,2026-04-07T19:47:04,2026-04-08T02:47:19,2026-04-08T02:48:02,RULED,297.199444444,304.215555556,0.0119444444444,153,5.99583333333
2659,538090701,2026-04-07T20:46:56,2026-04-08T02:47:19,2026-04-08T02:48:02,RULED,297.199444444,303.217777778,0.0119444444444,201,4.44861111111
2660,538090701,2026-04-07T21:22:25,2026-04-08T02:47:19,2026-04-08T02:48:02,RULED,297.199444444,302.626388889,0.0119444444444,229,5.04
2661,538090701,2026-04-07T22:46:32,2026-04-08T02:47:19,2026-04-08T02:48:02,RULED,297.199444444,301.224444444,0.0119444444444,235,5.98444444444
2662,538090701,2026-04-07T23:46:28,2026-04-08T02:47:19,2026-04-08T02:48:02,RULED,297.199444444,300.225555556,0.0119444444444,242,5.79777777778
2663,538090701,2026-04-08T00:46:23,2026-04-08T02:47:19,2026-04-08T02:48:02,RULED,297.199444444,299.226944444,0.0119444444444,278,5.64777777778
2664,538090701,2026-04-08T01:46:20,2026-04-08T02:47:19,2026-04-08T02:48:02,RULED,297.199444444,298.227777778,0.0119444444444,297,5.97083333333
2665,538090701,2026-04-08T02:47:19,2026-04-08T02:47:19,2026-04-08T02:48:02,RULED,297.199444444,297.211388889,0.0119444444444,288,5.98944444444
2666,544203120,2026-04-10T14:55:36,2026-04-11T01:56:25,2026-04-11T01:56:34,ESCAS,102.057222222,113.073333333,0.0025,69,5.62444444444
2667,544203120,2026-04-10T15:55:41,2026-04-11T01:56:25,2026-04-11T01:56:34,ESCAS,102.057222222,112.071944444,0.0025,114,1.9175
2668,544203120,2026-04-10T16:55:48,2026-04-11T01:56:25,2026-04-11T01:56:34,ESCAS,102.057222222,111.07,0.0025,173,2.91944444444
2669,544203120,2026-04-10T17:55:53,2026-04-11T01:56:25,2026-04-11T01:56:34,ESCAS,102.057222222,110.068611111,0.0025,232,3.92083333333
2670,544203120,2026-04-10T18:13:11,2026-04-11T01:56:25,2026-04-11T01:56:34,ESCAS,102.057222222,109.780277778,0.0025,249,4.20916666667
2671,544203120,2026-04-11T00:55:32,2026-04-11T01:56:25,2026-04-11T01:56:34,ESCAS,102.057222222,103.074444444,0.0025,27,0.439722222222
2672,544203120,2026-04-11T01:56:25,2026-04-11T01:56:25,2026-04-11T01:56:34,ESCAS,102.057222222,102.059722222,0.0025,87,1.45444444444
2673,548651000,2026-04-15T12:43:44,2026-04-16T12:43:53,2026-04-16T15:39:11,ITAUG,-76.6530555556,-49.7288888889,2.92166666667,122,5.98722222222
2674,548651000,2026-04-15T13:41:36,2026-04-16T12:43:53,2026-04-16T15:39:11,ITAUG,-76.6530555556,-50.6933333333,2.92166666667,138,5.02388888889
2675,548651000,2026-04-15T14:43:33,2026-04-16T12:43:53,2026-04-16T15:39:11,ITAUG,-76.6530555556,-51.7258333333,2.92166666667,183,5.98888888889
2676,548651000,2026-04-15T15:43:39,2026-04-16T12:43:53,2026-04-16T15:39:11,ITAUG,-76.6530555556,-52.7275,2.92166666667,234,5.33277777778
2677,548651000,2026-04-15T16:43:33,2026-04-16T12:43:53,2026-04-16T15:39:11,ITAUG,-76.6530555556,-53.7258333333,2.92166666667,278,5.99277777778
2678,548651000,2026-04-15T17:26:10,2026-04-16T12:43:53,2026-04-16T15:39:11,ITAUG,-76.6530555556,-54.4361111111,2.92166666667,299,5.24833333333
2679,548651000,2026-04-15T18:30:59,2026-04-16T12:43:53,2026-04-16T15:39:11,ITAUG,-76.6530555556,-55.5163888889,2.92166666667,305,5.77055555556
2680,548651000,2026-04-15T19:43:51,2026-04-16T12:43:53,2026-04-16T15:39:11,ITAUG,-76.6530555556,-56.7308333333,2.92166666667,296,5.8175
2681,548651000,2026-04-15T20:43:36,2026-04-16T12:43:53,2026-04-16T15:39:11,ITAUG,-76.6530555556,-57.7266666667,2.92166666667,306,5.98388888889
2682,548651000,2026-04-15T21:43:24,2026-04-16T12:43:53,2026-04-16T15:39:11,ITAUG,-76.6530555556,-58.7233333333,2.92166666667,306,5.97888888889
2683,548651000,2026-04-15T22:43:12,2026-04-16T12:43:53,2026-04-16T15:39:11,ITAUG,-76.6530555556,-59.72,2.92166666667,306,5.97722222222
2684,548651000,2026-04-15T23:43:02,2026-04-16T12:43:53,2026-04-16T15:39:11,ITAUG,-76.6530555556,-60.7172222222,2.92166666667,323,5.89305555556
2685,548651000,2026-04-16T00:43:53,2026-04-16T12:43:53,2026-04-16T15:39:11,ITAUG,-76.6530555556,-61.7313888889,2.92166666667,344,5.79305555556
2686,548651000,2026-04-16T01:43:43,2026-04-16T12:43:53,2026-04-16T15:39:11,ITAUG,-76.6530555556,-62.7286111111,2.92166666667,355,5.98083333333
2687,548651000,2026-04-16T02:43:33,2026-04-16T12:43:53,2026-04-16T15:39:11,ITAUG,-76.6530555556,-63.7258333333,2.92166666667,355,5.98222222222
2688,548651000,2026-04-16T03:43:22,2026-04-16T12:43:53,2026-04-16T15:39:11,ITAUG,-76.6530555556,-64.7227777778,2.92166666667,355,5.98277777778
2689,548651000,2026-04-16T04:43:12,2026-04-16T12:43:53,2026-04-16T15:39:11,ITAUG,-76.6530555556,-65.72,2.92166666667,355,5.98305555556
2690,548651000,2026-04-16T05:43:04,2026-04-16T12:43:53,2026-04-16T15:39:11,ITAUG,-76.6530555556,-66.7177777778,2.92166666667,355,5.98361111111
2691,548651000,2026-04-16T06:42:56,2026-04-16T12:43:53,2026-04-16T15:39:11,ITAUG,-76.6530555556,-67.7155555556,2.92166666667,355,5.98416666667
2692,548651000,2026-04-16T07:40:46,2026-04-16T12:43:53,2026-04-16T15:39:11,ITAUG,-76.6530555556,-68.6794444444,2.92166666667,352,5.93388888889
2693,548651000,2026-04-16T08:43:18,2026-04-16T12:43:53,2026-04-16T15:39:11,ITAUG,-76.6530555556,-69.7216666667,2.92166666667,331,5.97888888889
2694,548651000,2026-04-16T09:43:10,2026-04-16T12:43:53,2026-04-16T15:39:11,ITAUG,-76.6530555556,-70.7194444444,2.92166666667,331,5.97972222222
2695,548651000,2026-04-16T10:43:03,2026-04-16T12:43:53,2026-04-16T15:39:11,ITAUG,-76.6530555556,-71.7175,2.92166666667,331,5.98055555556
2696,548651000,2026-04-16T11:42:58,2026-04-16T12:43:53,2026-04-16T15:39:11,ITAUG,-76.6530555556,-72.7161111111,2.92166666667,331,5.98166666667
2697,548651000,2026-04-16T12:43:53,2026-04-16T12:43:53,2026-04-16T15:39:11,ITAUG,-76.6530555556,-73.7313888889,2.92166666667,332,5.99888888889
2698,563003300,2026-04-13T13:24:59,2026-04-13T14:24:59,2026-04-13T14:25:23,EGSKT,46.5769444444,47.5836111111,0.00666666666667,44,0.728611111111
2699,563003300,2026-04-13T14:24:59,2026-04-13T14:24:59,2026-04-13T14:25:23,EGSKT,46.5769444444,46.5836111111,0.00666666666667,103,1.72861111111
2700,563162400,2026-04-06T15:01:09,2026-04-06T16:02:04,2026-04-06T16:02:04,USNSS,372.982222222,373.9975,0,24,0.389166666667
2701,563162400,2026-04-06T16:02:04,2026-04-06T16:02:04,2026-04-06T16:02:04,USNSS,372.982222222,372.982222222,0,84,1.40444444444
2702,563186100,2026-04-07T20:19:32,2026-04-08T00:19:59,2026-04-08T00:20:56,ESALG,82.6511111111,86.6744444444,0.0158333333333,52,1.20027777778
2703,563186100,2026-04-07T21:19:22,2026-04-08T00:19:59,2026-04-08T00:20:56,ESALG,82.6511111111,85.6772222222,0.0158333333333,92,2.1975
2704,563186100,2026-04-07T22:19:07,2026-04-08T00:19:59,2026-04-08T00:20:56,ESALG,82.6511111111,84.6813888889,0.0158333333333,134,3.19333333333
2705,563186100,2026-04-07T23:19:03,2026-04-08T00:19:59,2026-04-08T00:20:56,ESALG,82.6511111111,83.6825,0.0158333333333,193,4.19222222222
2706,563186100,2026-04-08T00:19:59,2026-04-08T00:19:59,2026-04-08T00:20:56,ESALG,82.6511111111,82.6669444444,0.0158333333333,253,5.20777777778
2707,563205300,2026-04-03T16:56:45,2026-04-04T16:57:33,2026-04-04T16:57:56,TEXT:BANDIRMA TR,67.0344444444,91.0541666667,0.00638888888889,355,5.98194444444
2708,563205300,2026-04-03T17:57:33,2026-04-04T16:57:33,2026-04-04T16:57:56,TEXT:BANDIRMA TR,67.0344444444,90.0408333333,0.00638888888889,356,5.99861111111
2709,563205300,2026-04-03T18:57:17,2026-04-04T16:57:33,2026-04-04T16:57:56,TEXT:BANDIRMA TR,67.0344444444,89.0452777778,0.00638888888889,355,5.98
2710,563205300,2026-04-03T19:57:02,2026-04-04T16:57:33,2026-04-04T16:57:56,TEXT:BANDIRMA TR,67.0344444444,88.0494444444,0.00638888888889,355,5.97861111111
2711,563205300,2026-04-03T20:56:49,2026-04-04T16:57:33,2026-04-04T16:57:56,TEXT:BANDIRMA TR,67.0344444444,87.0530555556,0.00638888888889,355,5.9775
2712,563205300,2026-04-03T21:56:34,2026-04-04T16:57:33,2026-04-04T16:57:56,TEXT:BANDIRMA TR,67.0344444444,86.0572222222,0.00638888888889,355,5.97638888889
2713,563205300,2026-04-03T22:57:21,2026-04-04T16:57:33,2026-04-04T16:57:56,TEXT:BANDIRMA TR,67.0344444444,85.0441666667,0.00638888888889,356,5.99305555556
2714,563205300,2026-04-03T23:57:06,2026-04-04T16:57:33,2026-04-04T16:57:56,TEXT:BANDIRMA TR,67.0344444444,84.0483333333,0.00638888888889,356,5.9925
2715,563205300,2026-04-04T00:56:52,2026-04-04T16:57:33,2026-04-04T16:57:56,TEXT:BANDIRMA TR,67.0344444444,83.0522222222,0.00638888888889,355,5.97611111111
2716,563205300,2026-04-04T01:56:40,2026-04-04T16:57:33,2026-04-04T16:57:56,TEXT:BANDIRMA TR,67.0344444444,82.0555555556,0.00638888888889,355,5.97694444444
2717,563205300,2026-04-04T02:54:25,2026-04-04T16:57:33,2026-04-04T16:57:56,TEXT:BANDIRMA TR,67.0344444444,81.0930555556,0.00638888888889,353,5.94305555556
2718,563205300,2026-04-04T03:57:13,2026-04-04T16:57:33,2026-04-04T16:57:56,TEXT:BANDIRMA TR,67.0344444444,80.0463888889,0.00638888888889,353,5.99388888889
2719,563205300,2026-04-04T04:57:00,2026-04-04T16:57:33,2026-04-04T16:57:56,TEXT:BANDIRMA TR,67.0344444444,79.05,0.00638888888889,352,5.97722222222
2720,563205300,2026-04-04T05:56:47,2026-04-04T16:57:33,2026-04-04T16:57:56,TEXT:BANDIRMA TR,67.0344444444,78.0536111111,0.00638888888889,352,5.97777777778
2721,563205300,2026-04-04T06:56:34,2026-04-04T16:57:33,2026-04-04T16:57:56,TEXT:BANDIRMA TR,67.0344444444,77.0572222222,0.00638888888889,352,5.97805555556
2722,563205300,2026-04-04T07:57:22,2026-04-04T16:57:33,2026-04-04T16:57:56,TEXT:BANDIRMA TR,67.0344444444,76.0438888889,0.00638888888889,353,5.995
2723,563205300,2026-04-04T08:57:10,2026-04-04T16:57:33,2026-04-04T16:57:56,TEXT:BANDIRMA TR,67.0344444444,75.0472222222,0.00638888888889,355,5.97833333333
2724,563205300,2026-04-04T09:56:59,2026-04-04T16:57:33,2026-04-04T16:57:56,TEXT:BANDIRMA TR,67.0344444444,74.0502777778,0.00638888888889,355,5.97916666667
2725,563205300,2026-04-04T10:56:49,2026-04-04T16:57:33,2026-04-04T16:57:56,TEXT:BANDIRMA TR,67.0344444444,73.0530555556,0.00638888888889,355,5.98
2726,563205300,2026-04-04T11:56:37,2026-04-04T16:57:33,2026-04-04T16:57:56,TEXT:BANDIRMA TR,67.0344444444,72.0563888889,0.00638888888889,355,5.98027777778
2727,563205300,2026-04-04T12:57:24,2026-04-04T16:57:33,2026-04-04T16:57:56,TEXT:BANDIRMA TR,67.0344444444,71.0433333333,0.00638888888889,356,5.99694444444
2728,563205300,2026-04-04T13:57:11,2026-04-04T16:57:33,2026-04-04T16:57:56,TEXT:BANDIRMA TR,67.0344444444,70.0469444444,0.00638888888889,355,5.98
2729,563205300,2026-04-04T14:57:00,2026-04-04T16:57:33,2026-04-04T16:57:56,TEXT:BANDIRMA TR,67.0344444444,69.05,0.00638888888889,355,5.98027777778
2730,563205300,2026-04-04T15:56:46,2026-04-04T16:57:33,2026-04-04T16:57:56,TEXT:BANDIRMA TR,67.0344444444,68.0538888889,0.00638888888889,349,5.97944444444
2731,563205300,2026-04-04T16:57:33,2026-04-04T16:57:33,2026-04-04T16:57:56,TEXT:BANDIRMA TR,67.0344444444,67.0408333333,0.00638888888889,350,5.99555555556
2732,563246500,2026-04-10T16:09:56,2026-04-10T17:10:05,2026-04-10T17:10:19,GIGIB,-654.671944444,-653.665555556,0.00388888888889,38,0.678888888889
2733,563246500,2026-04-10T17:10:05,2026-04-10T17:10:05,2026-04-10T17:10:19,GIGIB,-654.671944444,-654.668055556,0.00388888888889,97,1.68138888889
2734,563279900,2026-04-05T15:33:26,2026-04-05T17:34:08,2026-04-05T17:34:56,ITLIV,34.4177777778,36.4427777778,0.0133333333333,18,0.287222222222
2735,563279900,2026-04-05T16:33:16,2026-04-05T17:34:08,2026-04-05T17:34:56,ITLIV,34.4177777778,35.4455555556,0.0133333333333,77,1.28444444444
2736,563279900,2026-04-05T17:34:08,2026-04-05T17:34:08,2026-04-05T17:34:56,ITLIV,34.4177777778,34.4311111111,0.0133333333333,100,2.29888888889
2737,563280700,2026-04-12T10:06:41,2026-04-12T12:07:24,2026-04-12T12:07:55,EGPSD,49.8680555556,51.8886111111,0.00861111111111,11,0.255833333333
2738,563280700,2026-04-12T11:07:03,2026-04-12T12:07:24,2026-04-12T12:07:55,EGPSD,49.8680555556,50.8825,0.00861111111111,36,1.26194444444
2739,563280700,2026-04-12T12:07:24,2026-04-12T12:07:24,2026-04-12T12:07:55,EGPSD,49.8680555556,49.8766666667,0.00861111111111,95,2.26777777778
2740,564724000,2026-04-04T22:54:01,2026-04-05T01:54:17,2026-04-05T01:54:57,ALDRZ,14.0841666667,17.0997222222,0.0111111111111,48,0.843611111111
2741,564724000,2026-04-04T23:53:47,2026-04-05T01:54:17,2026-04-05T01:54:57,ALDRZ,14.0841666667,16.1036111111,0.0111111111111,86,1.83972222222
2742,564724000,2026-04-05T00:53:32,2026-04-05T01:54:17,2026-04-05T01:54:57,ALDRZ,14.0841666667,15.1077777778,0.0111111111111,145,2.83555555556
2743,564724000,2026-04-05T01:54:17,2026-04-05T01:54:17,2026-04-05T01:54:57,ALDRZ,14.0841666667,14.0952777778,0.0111111111111,205,3.84805555556
2744,565712000,2026-04-12T06:32:33,2026-04-12T16:32:46,2026-04-12T16:33:05,ITNAP,53.4486111111,63.4575,0.00527777777778,35,0.58
2745,565712000,2026-04-12T07:31:55,2026-04-12T16:32:46,2026-04-12T16:33:05,ITNAP,53.4486111111,62.4680555556,0.00527777777778,93,1.56944444444
2746,565712000,2026-04-12T08:32:25,2026-04-12T16:32:46,2026-04-12T16:33:05,ITNAP,53.4486111111,61.4597222222,0.00527777777778,152,2.57777777778
2747,565712000,2026-04-12T09:31:55,2026-04-12T16:32:46,2026-04-12T16:33:05,ITNAP,53.4486111111,60.4680555556,0.00527777777778,210,3.56944444444
2748,565712000,2026-04-12T10:32:17,2026-04-12T16:32:46,2026-04-12T16:33:05,ITNAP,53.4486111111,59.4619444444,0.00527777777778,269,4.57555555556
2749,565712000,2026-04-12T11:32:38,2026-04-12T16:32:46,2026-04-12T16:33:05,ITNAP,53.4486111111,58.4561111111,0.00527777777778,328,5.58138888889
2750,565712000,2026-04-12T12:31:52,2026-04-12T16:32:46,2026-04-12T16:33:05,ITNAP,53.4486111111,57.4688888889,0.00527777777778,351,5.97166666667
2751,565712000,2026-04-12T12:53:16,2026-04-12T16:32:46,2026-04-12T16:33:05,ITNAP,53.4486111111,57.1122222222,0.00527777777778,314,5.33861111111
2752,565712000,2026-04-12T14:31:57,2026-04-12T16:32:46,2026-04-12T16:33:05,ITNAP,53.4486111111,55.4675,0.00527777777778,309,5.97527777778
2753,565712000,2026-04-12T15:31:54,2026-04-12T16:32:46,2026-04-12T16:33:05,ITNAP,53.4486111111,54.4683333333,0.00527777777778,302,5.98277777778
2754,565712000,2026-04-12T16:32:46,2026-04-12T16:32:46,2026-04-12T16:33:05,ITNAP,53.4486111111,53.4538888889,0.00527777777778,291,5.99111111111
2755,566453000,2026-04-10T16:10:57,2026-04-10T23:10:57,2026-04-10T23:11:57,GIGIB,83.8008333333,90.8175,0.0166666666667,29,0.56
2756,566453000,2026-04-10T17:10:05,2026-04-10T23:10:57,2026-04-10T23:11:57,GIGIB,83.8008333333,89.8319444444,0.0166666666667,84,1.54555555556
2757,566453000,2026-04-10T18:10:08,2026-04-10T23:10:57,2026-04-10T23:11:57,GIGIB,83.8008333333,88.8311111111,0.0166666666667,143,2.54638888889
2758,566453000,2026-04-10T19:10:05,2026-04-10T23:10:57,2026-04-10T23:11:57,GIGIB,83.8008333333,87.8319444444,0.0166666666667,202,3.54555555556
2759,566453000,2026-04-10T20:10:02,2026-04-10T23:10:57,2026-04-10T23:11:57,GIGIB,83.8008333333,86.8327777778,0.0166666666667,252,4.54472222222
2760,566453000,2026-04-10T21:10:01,2026-04-10T23:10:57,2026-04-10T23:11:57,GIGIB,83.8008333333,85.8330555556,0.0166666666667,311,5.54444444444
2761,566453000,2026-04-10T22:09:58,2026-04-10T23:10:57,2026-04-10T23:11:57,GIGIB,83.8008333333,84.8338888889,0.0166666666667,342,5.98361111111
2762,566453000,2026-04-10T23:10:57,2026-04-10T23:10:57,2026-04-10T23:11:57,GIGIB,83.8008333333,83.8175,0.0166666666667,346,5.9975
2763,566579000,2026-04-08T02:05:39,2026-04-08T08:06:08,2026-04-08T08:06:41,MTMLA,3.88861111111,9.90583333333,0.00916666666667,43,0.796111111111
2764,566579000,2026-04-08T03:05:37,2026-04-08T08:06:08,2026-04-08T08:06:41,MTMLA,3.88861111111,8.90638888889,0.00916666666667,102,1.79555555556
2765,566579000,2026-04-08T04:05:33,2026-04-08T08:06:08,2026-04-08T08:06:41,MTMLA,3.88861111111,7.9075,0.00916666666667,161,2.79444444444
2766,566579000,2026-04-08T05:05:27,2026-04-08T08:06:08,2026-04-08T08:06:41,MTMLA,3.88861111111,6.90916666667,0.00916666666667,220,3.79277777778
2767,566579000,2026-04-08T06:05:19,2026-04-08T08:06:08,2026-04-08T08:06:41,MTMLA,3.88861111111,5.91138888889,0.00916666666667,271,4.79055555556
2768,566579000,2026-04-08T06:58:06,2026-04-08T08:06:08,2026-04-08T08:06:41,MTMLA,3.88861111111,5.03166666667,0.00916666666667,323,5.67027777778
2769,566579000,2026-04-08T08:06:08,2026-04-08T08:06:08,2026-04-08T08:06:41,MTMLA,3.88861111111,3.89777777778,0.00916666666667,308,5.99111111111
2770,566722000,2026-04-15T23:32:53,2026-04-15T23:32:53,2026-04-15T23:33:23,GRKLX,36.4436111111,36.4519444444,0.00833333333333,46,0.760277777778
2771,577339000,2026-04-15T12:43:44,2026-04-16T12:43:53,2026-04-16T14:58:13,TRGEM,88.0297222222,114.271111111,2.23888888889,354,5.98722222222
2772,577339000,2026-04-15T13:43:38,2026-04-16T12:43:53,2026-04-16T14:58:13,TRGEM,88.0297222222,113.272777778,2.23888888889,354,5.98777777778
2773,577339000,2026-04-15T14:43:33,2026-04-16T12:43:53,2026-04-16T14:58:13,TRGEM,88.0297222222,112.274166667,2.23888888889,354,5.98888888889
2774,577339000,2026-04-15T15:43:39,2026-04-16T12:43:53,2026-04-16T14:58:13,TRGEM,88.0297222222,111.2725,2.23888888889,354,5.99277777778
2775,577339000,2026-04-15T16:43:33,2026-04-16T12:43:53,2026-04-16T14:58:13,TRGEM,88.0297222222,110.274166667,2.23888888889,355,5.99277777778
2776,577339000,2026-04-15T17:26:10,2026-04-16T12:43:53,2026-04-16T14:58:13,TRGEM,88.0297222222,109.563888889,2.23888888889,337,5.68805555556
2777,577339000,2026-04-15T19:43:51,2026-04-16T12:43:53,2026-04-16T14:58:13,TRGEM,88.0297222222,107.269166667,2.23888888889,230,5.98666666667
2778,577339000,2026-04-15T20:43:36,2026-04-16T12:43:53,2026-04-16T14:58:13,TRGEM,88.0297222222,106.273333333,2.23888888889,205,5.98388888889
2779,577339000,2026-04-15T21:43:24,2026-04-16T12:43:53,2026-04-16T14:58:13,TRGEM,88.0297222222,105.276666667,2.23888888889,192,5.97888888889
2780,577339000,2026-04-15T22:43:12,2026-04-16T12:43:53,2026-04-16T14:58:13,TRGEM,88.0297222222,104.28,2.23888888889,178,5.97722222222
2781,577339000,2026-04-15T23:07:32,2026-04-16T12:43:53,2026-04-16T14:58:13,TRGEM,88.0297222222,103.874444444,2.23888888889,158,3.56333333333
2782,577339000,2026-04-16T00:43:53,2026-04-16T12:43:53,2026-04-16T14:58:13,TRGEM,88.0297222222,102.268611111,2.23888888889,190,5.16916666667
2783,577339000,2026-04-16T01:43:43,2026-04-16T12:43:53,2026-04-16T14:58:13,TRGEM,88.0297222222,101.271388889,2.23888888889,230,5.96416666667
2784,577339000,2026-04-16T02:43:33,2026-04-16T12:43:53,2026-04-16T14:58:13,TRGEM,88.0297222222,100.274166667,2.23888888889,218,5.98222222222
2785,577339000,2026-04-16T03:43:22,2026-04-16T12:43:53,2026-04-16T14:58:13,TRGEM,88.0297222222,99.2772222222,2.23888888889,224,5.86444444444
2786,577339000,2026-04-16T04:43:12,2026-04-16T12:43:53,2026-04-16T14:58:13,TRGEM,88.0297222222,98.28,2.23888888889,230,5.98305555556
2787,577339000,2026-04-16T05:43:04,2026-04-16T12:43:53,2026-04-16T14:58:13,TRGEM,88.0297222222,97.2822222222,2.23888888889,263,5.74722222222
2788,577339000,2026-04-16T06:42:56,2026-04-16T12:43:53,2026-04-16T14:58:13,TRGEM,88.0297222222,96.2844444444,2.23888888889,291,5.98416666667
2789,577339000,2026-04-16T07:43:49,2026-04-16T12:43:53,2026-04-16T14:58:13,TRGEM,88.0297222222,95.2697222222,2.23888888889,294,5.56222222222
2790,577339000,2026-04-16T08:43:18,2026-04-16T12:43:53,2026-04-16T14:58:13,TRGEM,88.0297222222,94.2783333333,2.23888888889,330,5.97888888889
2791,577339000,2026-04-16T09:43:10,2026-04-16T12:43:53,2026-04-16T14:58:13,TRGEM,88.0297222222,93.2805555556,2.23888888889,337,5.97972222222
2792,577339000,2026-04-16T10:43:03,2026-04-16T12:43:53,2026-04-16T14:58:13,TRGEM,88.0297222222,92.2825,2.23888888889,339,5.98055555556
2793,577339000,2026-04-16T11:42:58,2026-04-16T12:43:53,2026-04-16T14:58:13,TRGEM,88.0297222222,91.2838888889,2.23888888889,338,5.98166666667
2794,577339000,2026-04-16T12:43:53,2026-04-16T12:43:53,2026-04-16T14:58:13,TRGEM,88.0297222222,90.2686111111,2.23888888889,332,5.99888888889
2795,578001200,2026-04-10T04:34:16,2026-04-10T20:34:27,2026-04-10T20:35:11,TEXT:MA VALLETTA,7.66361111111,23.6788888889,0.0122222222222,27,0.440833333333
2796,578001200,2026-04-10T05:34:17,2026-04-10T20:34:27,2026-04-10T20:35:11,TEXT:MA VALLETTA,7.66361111111,22.6786111111,0.0122222222222,75,1.44111111111
2797,578001200,2026-04-10T06:34:17,2026-04-10T20:34:27,2026-04-10T20:35:11,TEXT:MA VALLETTA,7.66361111111,21.6786111111,0.0122222222222,134,2.44111111111
2798,578001200,2026-04-10T07:34:19,2026-04-10T20:34:27,2026-04-10T20:35:11,TEXT:MA VALLETTA,7.66361111111,20.6780555556,0.0122222222222,193,3.44166666667
2799,578001200,2026-04-10T08:34:22,2026-04-10T20:34:27,2026-04-10T20:35:11,TEXT:MA VALLETTA,7.66361111111,19.6772222222,0.0122222222222,252,4.4425
2800,578001200,2026-04-10T08:41:30,2026-04-10T20:34:27,2026-04-10T20:35:11,TEXT:MA VALLETTA,7.66361111111,19.5583333333,0.0122222222222,259,4.56138888889
2801,578001200,2026-04-10T19:33:27,2026-04-10T20:34:27,2026-04-10T20:35:11,TEXT:MA VALLETTA,7.66361111111,8.6925,0.0122222222222,74,1.23611111111
2802,578001200,2026-04-10T20:34:27,2026-04-10T20:34:27,2026-04-10T20:35:11,TEXT:MA VALLETTA,7.66361111111,7.67583333333,0.0122222222222,133,2.25277777778
2803,605026210,2026-04-06T17:34:20,2026-04-06T23:35:00,2026-04-06T23:35:34,ALROM,34.4072222222,40.4277777778,0.00944444444444,13,0.641944444444
2804,605026210,2026-04-06T17:53:35,2026-04-06T23:35:00,2026-04-06T23:35:34,ALROM,34.4072222222,40.1069444444,0.00944444444444,32,0.962777777778
2805,605026210,2026-04-06T20:23:26,2026-04-06T23:35:00,2026-04-06T23:35:34,ALROM,34.4072222222,37.6094444444,0.00944444444444,54,3.46027777778
2806,605026210,2026-04-06T21:34:21,2026-04-06T23:35:00,2026-04-06T23:35:34,ALROM,34.4072222222,36.4275,0.00944444444444,110,4.64222222222
2807,605026210,2026-04-06T22:34:10,2026-04-06T23:35:00,2026-04-06T23:35:34,ALROM,34.4072222222,35.4305555556,0.00944444444444,169,5.63916666667
2808,605026210,2026-04-06T23:35:00,2026-04-06T23:35:00,2026-04-06T23:35:34,ALROM,34.4072222222,34.4166666667,0.00944444444444,216,5.99416666667
2809,605076070,2026-04-09T03:25:13,2026-04-09T11:26:08,2026-04-09T11:26:18,DZORN,69.5616666667,77.5797222222,0.00277777777778,23,0.371666666667
2810,605076070,2026-04-09T03:39:24,2026-04-09T11:26:08,2026-04-09T11:26:18,DZORN,69.5616666667,77.3433333333,0.00277777777778,37,0.608055555556
2811,605076070,2026-04-09T05:25:48,2026-04-09T11:26:08,2026-04-09T11:26:18,DZORN,69.5616666667,75.57,0.00277777777778,60,2.38138888889
2812,605076070,2026-04-09T05:33:55,2026-04-09T11:26:08,2026-04-09T11:26:18,DZORN,69.5616666667,75.4347222222,0.00277777777778,68,2.51666666667
2813,605076070,2026-04-09T10:25:13,2026-04-09T11:26:08,2026-04-09T11:26:18,DZORN,69.5616666667,70.5797222222,0.00277777777778,67,5.46333333333
2814,605076070,2026-04-09T11:26:08,2026-04-09T11:26:08,2026-04-09T11:26:18,DZORN,69.5616666667,69.5644444444,0.00277777777778,104,5.98861111111
2815,613404821,2026-04-10T17:27:23,2026-04-11T08:32:31,2026-04-11T08:32:40,TEXT:TALLINN,368.455555556,383.543611111,0.0025,37,1.13805555556
2816,613404821,2026-04-10T18:09:07,2026-04-11T08:32:31,2026-04-11T08:32:40,TEXT:TALLINN,368.455555556,382.848055556,0.0025,63,1.83361111111
2817,613404821,2026-04-10T22:32:20,2026-04-11T08:32:31,2026-04-11T08:32:40,TEXT:TALLINN,368.455555556,378.461111111,0.0025,73,5.47277777778
2818,613404821,2026-04-10T23:18:04,2026-04-11T08:32:31,2026-04-11T08:32:40,TEXT:TALLINN,368.455555556,377.698888889,0.0025,95,5.57305555556
2819,613404821,2026-04-11T01:32:04,2026-04-11T08:32:31,2026-04-11T08:32:40,TEXT:TALLINN,368.455555556,375.465555556,0.0025,87,3.43583333333
2820,613404821,2026-04-11T01:49:19,2026-04-11T08:32:31,2026-04-11T08:32:40,TEXT:TALLINN,368.455555556,375.178055556,0.0025,104,3.72333333333
2821,613404821,2026-04-11T03:31:46,2026-04-11T08:32:31,2026-04-11T08:32:40,TEXT:TALLINN,368.455555556,373.470555556,0.0025,141,5.43083333333
2822,613404821,2026-04-11T04:31:40,2026-04-11T08:32:31,2026-04-11T08:32:40,TEXT:TALLINN,368.455555556,372.472222222,0.0025,174,5.97194444444
2823,613404821,2026-04-11T05:16:22,2026-04-11T08:32:31,2026-04-11T08:32:40,TEXT:TALLINN,368.455555556,371.727222222,0.0025,161,4.02583333333
2824,613404821,2026-04-11T06:31:36,2026-04-11T08:32:31,2026-04-11T08:32:40,TEXT:TALLINN,368.455555556,370.473333333,0.0025,215,5.27972222222
2825,613404821,2026-04-11T07:31:34,2026-04-11T08:32:31,2026-04-11T08:32:40,TEXT:TALLINN,368.455555556,369.473888889,0.0025,256,5.97472222222
2826,613404821,2026-04-11T08:32:31,2026-04-11T08:32:31,2026-04-11T08:32:40,TEXT:TALLINN,368.455555556,368.458055556,0.0025,299,5.67166666667
2827,613471602,2026-04-12T04:10:27,2026-04-12T12:10:28,2026-04-12T12:10:54,TEXT:PRIMORSK,367.818333333,375.825833333,0.00722222222222,74,1.24027777778
2828,613471602,2026-04-12T05:09:42,2026-04-12T12:10:28,2026-04-12T12:10:54,TEXT:PRIMORSK,367.818333333,374.838333333,0.00722222222222,132,2.22777777778
2829,613471602,2026-04-12T06:10:02,2026-04-12T12:10:28,2026-04-12T12:10:54,TEXT:PRIMORSK,367.818333333,373.832777778,0.00722222222222,191,3.23333333333
2830,613471602,2026-04-12T07:10:25,2026-04-12T12:10:28,2026-04-12T12:10:54,TEXT:PRIMORSK,367.818333333,372.826388889,0.00722222222222,250,4.23972222222
2831,613471602,2026-04-12T08:09:51,2026-04-12T12:10:28,2026-04-12T12:10:54,TEXT:PRIMORSK,367.818333333,371.835833333,0.00722222222222,308,5.23027777778
2832,613471602,2026-04-12T09:10:22,2026-04-12T12:10:28,2026-04-12T12:10:54,TEXT:PRIMORSK,367.818333333,370.827222222,0.00722222222222,352,5.98416666667
2833,613471602,2026-04-12T10:09:46,2026-04-12T12:10:28,2026-04-12T12:10:54,TEXT:PRIMORSK,367.818333333,369.837222222,0.00722222222222,351,5.97138888889
2834,613471602,2026-04-12T11:10:07,2026-04-12T12:10:28,2026-04-12T12:10:54,TEXT:PRIMORSK,367.818333333,368.831388889,0.00722222222222,352,5.99
2835,613471602,2026-04-12T12:10:28,2026-04-12T12:10:28,2026-04-12T12:10:54,TEXT:PRIMORSK,367.818333333,367.825555556,0.00722222222222,352,5.99
2836,613992601,2026-04-08T14:23:03,2026-04-08T15:23:07,2026-04-08T15:23:44,TRHAY,64.6044444444,65.6158333333,0.0102777777778,56,0.9325
2837,613992601,2026-04-08T15:23:07,2026-04-08T15:23:07,2026-04-08T15:23:44,TRHAY,64.6044444444,64.6147222222,0.0102777777778,115,1.93361111111
2838,629009126,2026-04-16T00:36:47,2026-04-16T06:36:50,2026-04-16T06:36:52,ITMFR,96.3855555556,102.386944444,0.000555555555556,36,2.26472222222
2839,629009126,2026-04-16T01:36:37,2026-04-16T06:36:50,2026-04-16T06:36:52,ITMFR,96.3855555556,101.389722222,0.000555555555556,95,3.26194444444
2840,629009126,2026-04-16T02:36:27,2026-04-16T06:36:50,2026-04-16T06:36:52,ITMFR,96.3855555556,100.3925,0.000555555555556,154,4.25916666667
2841,629009126,2026-04-16T03:36:16,2026-04-16T06:36:50,2026-04-16T06:36:52,ITMFR,96.3855555556,99.3955555556,0.000555555555556,213,5.25611111111
2842,629009126,2026-04-16T04:36:06,2026-04-16T06:36:50,2026-04-16T06:36:52,ITMFR,96.3855555556,98.3983333333,0.000555555555556,261,4.39444444444
2843,629009126,2026-04-16T05:35:57,2026-04-16T06:36:50,2026-04-16T06:36:52,ITMFR,96.3855555556,97.4008333333,0.000555555555556,320,5.39194444444
2844,629009126,2026-04-16T06:36:50,2026-04-16T06:36:50,2026-04-16T06:36:52,ITMFR,96.3855555556,96.3861111111,0.000555555555556,355,5.98388888889
2845,630001201,2026-04-12T07:53:27,2026-04-12T08:53:57,2026-04-12T08:54:47,LBBEY,29.0869444444,30.1091666667,0.0138888888889,55,0.921944444444
2846,630001201,2026-04-12T08:53:57,2026-04-12T08:53:57,2026-04-12T08:54:47,LBBEY,29.0869444444,29.1008333333,0.0138888888889,114,1.93027777778
2847,636011638,2026-04-10T12:24:04,2026-04-10T23:24:10,2026-04-10T23:25:07,TEXT:SUEZ EG,63.5813888889,74.5988888889,0.0158333333333,33,0.541388888889
2848,636011638,2026-04-10T13:24:02,2026-04-10T23:24:10,2026-04-10T23:25:07,TEXT:SUEZ EG,63.5813888889,73.5994444444,0.0158333333333,92,1.54083333333
2849,636011638,2026-04-10T14:24:02,2026-04-10T23:24:10,2026-04-10T23:25:07,TEXT:SUEZ EG,63.5813888889,72.5994444444,0.0158333333333,151,2.54083333333
2850,636011638,2026-04-10T15:24:06,2026-04-10T23:24:10,2026-04-10T23:25:07,TEXT:SUEZ EG,63.5813888889,71.5983333333,0.0158333333333,210,3.54194444444
2851,636011638,2026-04-10T16:23:11,2026-04-10T23:24:10,2026-04-10T23:25:07,TEXT:SUEZ EG,63.5813888889,70.6136111111,0.0158333333333,268,4.52666666667
2852,636011638,2026-04-10T17:23:19,2026-04-10T23:24:10,2026-04-10T23:25:07,TEXT:SUEZ EG,63.5813888889,69.6113888889,0.0158333333333,327,5.52888888889
2853,636011638,2026-04-10T18:23:21,2026-04-10T23:24:10,2026-04-10T23:25:07,TEXT:SUEZ EG,63.5813888889,68.6108333333,0.0158333333333,353,5.97111111111
2854,636011638,2026-04-10T19:23:17,2026-04-10T23:24:10,2026-04-10T23:25:07,TEXT:SUEZ EG,63.5813888889,67.6119444444,0.0158333333333,353,5.97055555556
2855,636011638,2026-04-10T20:23:15,2026-04-10T23:24:10,2026-04-10T23:25:07,TEXT:SUEZ EG,63.5813888889,66.6125,0.0158333333333,353,5.97
2856,636011638,2026-04-10T21:23:13,2026-04-10T23:24:10,2026-04-10T23:25:07,TEXT:SUEZ EG,63.5813888889,65.6130555556,0.0158333333333,353,5.96833333333
2857,636011638,2026-04-10T22:23:11,2026-04-10T23:24:10,2026-04-10T23:25:07,TEXT:SUEZ EG,63.5813888889,64.6136111111,0.0158333333333,354,5.98305555556
2858,636011638,2026-04-10T23:24:10,2026-04-10T23:24:10,2026-04-10T23:25:07,TEXT:SUEZ EG,63.5813888889,63.5972222222,0.0158333333333,355,5.99722222222
2859,636012378,2026-04-05T12:07:44,2026-04-05T12:07:44,2026-04-05T12:07:55,TRCKZ,44.8680555556,44.8711111111,0.00305555555556,50,0.827222222222
2860,636013095,2026-04-05T09:18:35,2026-04-05T13:15:36,2026-04-05T13:16:01,ITVCE,64.7330555556,68.6902777778,0.00694444444444,18,0.286944444444
2861,636013095,2026-04-05T11:15:03,2026-04-05T13:15:36,2026-04-05T13:16:01,ITVCE,64.7330555556,66.7491666667,0.00694444444444,68,2.22805555556
2862,636013095,2026-04-05T12:14:49,2026-04-05T13:15:36,2026-04-05T13:16:01,ITVCE,64.7330555556,65.7530555556,0.00694444444444,104,3.22416666667
2863,636013095,2026-04-05T13:15:36,2026-04-05T13:15:36,2026-04-05T13:16:01,ITVCE,64.7330555556,64.74,0.00694444444444,164,4.23722222222
2864,636015710,2026-04-12T11:29:34,2026-04-12T13:29:55,2026-04-12T13:30:38,EGEDK,100.489444444,102.507222222,0.0119444444444,65,1.09111111111
2865,636015710,2026-04-12T12:29:50,2026-04-12T13:29:55,2026-04-12T13:30:38,EGEDK,100.489444444,101.502777778,0.0119444444444,124,2.09555555556
2866,636015710,2026-04-12T13:29:55,2026-04-12T13:29:55,2026-04-12T13:30:38,EGEDK,100.489444444,100.501388889,0.0119444444444,183,3.09694444444
2867,636015940,2026-04-07T05:17:42,2026-04-07T13:17:47,2026-04-07T13:18:31,DZSKI,38.6913888889,46.705,0.0122222222222,52,0.862222222222
2868,636015940,2026-04-07T05:43:04,2026-04-07T13:17:47,2026-04-07T13:18:31,DZSKI,38.6913888889,46.2822222222,0.0122222222222,77,1.285
2869,636015940,2026-04-07T08:15:14,2026-04-07T13:17:47,2026-04-07T13:18:31,DZSKI,38.6913888889,43.7461111111,0.0122222222222,91,3.82111111111
2870,636015940,2026-04-07T09:10:07,2026-04-07T13:17:47,2026-04-07T13:18:31,DZSKI,38.6913888889,42.8313888889,0.0122222222222,127,4.73583333333
2871,636015940,2026-04-07T10:17:09,2026-04-07T13:17:47,2026-04-07T13:18:31,DZSKI,38.6913888889,41.7141666667,0.0122222222222,163,5.85305555556
2872,636015940,2026-04-07T11:10:55,2026-04-07T13:17:47,2026-04-07T13:18:31,DZSKI,38.6913888889,40.8180555556,0.0122222222222,154,5.87
2873,636015940,2026-04-07T12:16:49,2026-04-07T13:17:47,2026-04-07T13:18:31,DZSKI,38.6913888889,39.7197222222,0.0122222222222,148,4.24638888889
2874,636015940,2026-04-07T13:17:47,2026-04-07T13:17:47,2026-04-07T13:18:31,DZSKI,38.6913888889,38.7036111111,0.0122222222222,208,5.2625
2875,636016014,2026-04-09T06:32:46,2026-04-10T06:33:16,2026-04-10T06:33:51,GBPTI,94.4358333333,118.453888889,0.00972222222222,29,0.473611111111
2876,636016014,2026-04-09T07:32:40,2026-04-10T06:33:16,2026-04-10T06:33:51,GBPTI,94.4358333333,117.455555556,0.00972222222222,88,1.47194444444
2877,636016014,2026-04-09T08:32:34,2026-04-10T06:33:16,2026-04-10T06:33:51,GBPTI,94.4358333333,116.457222222,0.00972222222222,147,2.47027777778
2878,636016014,2026-04-09T09:32:26,2026-04-10T06:33:16,2026-04-10T06:33:51,GBPTI,94.4358333333,115.459444444,0.00972222222222,206,3.46805555556
2879,636016014,2026-04-09T10:32:20,2026-04-10T06:33:16,2026-04-10T06:33:51,GBPTI,94.4358333333,114.461111111,0.00972222222222,265,4.46638888889
2880,636016014,2026-04-09T11:33:14,2026-04-10T06:33:16,2026-04-10T06:33:51,GBPTI,94.4358333333,113.446111111,0.00972222222222,325,5.48138888889
2881,636016014,2026-04-09T11:34:15,2026-04-10T06:33:16,2026-04-10T06:33:51,GBPTI,94.4358333333,113.429166667,0.00972222222222,297,5.00777777778
2882,636016014,2026-04-10T00:21:02,2026-04-10T06:33:16,2026-04-10T06:33:51,GBPTI,94.4358333333,100.649444444,0.00972222222222,32,0.829444444444
2883,636016014,2026-04-10T01:33:09,2026-04-10T06:33:16,2026-04-10T06:33:51,GBPTI,94.4358333333,99.4475,0.00972222222222,74,2.03138888889
2884,636016014,2026-04-10T02:33:11,2026-04-10T06:33:16,2026-04-10T06:33:51,GBPTI,94.4358333333,98.4469444444,0.00972222222222,133,3.03194444444
2885,636016014,2026-04-10T03:33:15,2026-04-10T06:33:16,2026-04-10T06:33:51,GBPTI,94.4358333333,97.4458333333,0.00972222222222,186,4.03305555556
2886,636016014,2026-04-10T04:33:15,2026-04-10T06:33:16,2026-04-10T06:33:51,GBPTI,94.4358333333,96.4458333333,0.00972222222222,240,5.03305555556
2887,636016014,2026-04-10T05:33:16,2026-04-10T06:33:16,2026-04-10T06:33:51,GBPTI,94.4358333333,95.4455555556,0.00972222222222,281,5.99944444444
2888,636016014,2026-04-10T06:33:16,2026-04-10T06:33:16,2026-04-10T06:33:51,GBPTI,94.4358333333,94.4455555556,0.00972222222222,310,5.69611111111
2889,636016205,2026-04-15T03:27:46,2026-04-15T06:28:16,2026-04-15T06:28:25,ESTAR,45.0263888889,48.0372222222,0.0025,69,1.14833333333
2890,636016205,2026-04-15T04:27:36,2026-04-15T06:28:16,2026-04-15T06:28:25,ESTAR,45.0263888889,47.04,0.0025,128,2.14555555556
2891,636016205,2026-04-15T05:27:26,2026-04-15T06:28:16,2026-04-15T06:28:25,ESTAR,45.0263888889,46.0427777778,0.0025,187,3.14277777778
2892,636016205,2026-04-15T06:28:16,2026-04-15T06:28:16,2026-04-15T06:28:25,ESTAR,45.0263888889,45.0288888889,0.0025,247,4.15666666667
2893,636017773,2026-04-11T10:07:57,2026-04-11T14:08:10,2026-04-11T14:09:08,GIGIB,87.8477777778,91.8675,0.0161111111111,18,0.2875
2894,636017773,2026-04-11T10:17:05,2026-04-11T14:08:10,2026-04-11T14:09:08,GIGIB,87.8477777778,91.7152777778,0.0161111111111,27,0.439722222222
2895,636017773,2026-04-11T12:07:20,2026-04-11T14:08:10,2026-04-11T14:09:08,GIGIB,87.8477777778,89.8777777778,0.0161111111111,56,2.27722222222
2896,636017773,2026-04-11T13:07:11,2026-04-11T14:08:10,2026-04-11T14:09:08,GIGIB,87.8477777778,88.8802777778,0.0161111111111,114,3.27472222222
2897,636017773,2026-04-11T14:08:10,2026-04-11T14:08:10,2026-04-11T14:09:08,GIGIB,87.8477777778,87.8638888889,0.0161111111111,174,4.29111111111
2898,636018276,2026-04-10T20:20:12,2026-04-10T23:21:07,2026-04-10T23:21:20,ITGIT,10.6444444444,13.6633333333,0.00361111111111,34,0.559166666667
2899,636018276,2026-04-10T21:20:10,2026-04-10T23:21:07,2026-04-10T23:21:20,ITGIT,10.6444444444,12.6638888889,0.00361111111111,93,1.55861111111
2900,636018276,2026-04-10T22:20:09,2026-04-10T23:21:07,2026-04-10T23:21:20,ITGIT,10.6444444444,11.6641666667,0.00361111111111,152,2.55833333333
2901,636018276,2026-04-10T23:21:07,2026-04-10T23:21:07,2026-04-10T23:21:20,ITGIT,10.6444444444,10.6480555556,0.00361111111111,212,3.57444444444
2902,636018323,2026-04-10T02:44:23,2026-04-11T06:49:54,2026-04-11T06:50:52,TEXT:MTMAR SIKOP,47.1522222222,75.2602777778,0.0161111111111,110,1.89833333333
2903,636018323,2026-04-11T00:49:27,2026-04-11T06:49:54,2026-04-11T06:50:52,TEXT:MTMAR SIKOP,47.1522222222,53.1758333333,0.0161111111111,46,0.761388888889
2904,636018323,2026-04-11T01:49:19,2026-04-11T06:49:54,2026-04-11T06:50:52,TEXT:MTMAR SIKOP,47.1522222222,52.1780555556,0.0161111111111,105,1.75916666667
2905,636018323,2026-04-11T02:49:10,2026-04-11T06:49:54,2026-04-11T06:50:52,TEXT:MTMAR SIKOP,47.1522222222,51.1805555556,0.0161111111111,164,2.75666666667
2906,636018323,2026-04-11T03:49:01,2026-04-11T06:49:54,2026-04-11T06:50:52,TEXT:MTMAR SIKOP,47.1522222222,50.1830555556,0.0161111111111,223,3.75416666667
2907,636018323,2026-04-11T04:48:56,2026-04-11T06:49:54,2026-04-11T06:50:52,TEXT:MTMAR SIKOP,47.1522222222,49.1844444444,0.0161111111111,282,4.75277777778
2908,636018323,2026-04-11T05:49:54,2026-04-11T06:49:54,2026-04-11T06:50:52,TEXT:MTMAR SIKOP,47.1522222222,48.1683333333,0.0161111111111,342,5.76888888889
2909,636018323,2026-04-11T06:49:54,2026-04-11T06:49:54,2026-04-11T06:50:52,TEXT:MTMAR SIKOP,47.1522222222,47.1683333333,0.0161111111111,355,5.99055555556
2910,636018629,2026-04-06T15:04:12,2026-04-06T16:14:14,2026-04-06T16:14:34,ITCAG,47.7572222222,48.93,0.00555555555556,21,0.338611111111
2911,636018629,2026-04-06T16:14:14,2026-04-06T16:14:14,2026-04-06T16:14:34,ITCAG,47.7572222222,47.7627777778,0.00555555555556,78,1.50583333333
2912,636018926,2026-04-06T03:29:06,2026-04-06T05:31:52,2026-04-06T05:32:11,ESCEU,75.9636111111,78.015,0.00527777777778,64,1.06527777778
2913,636018926,2026-04-06T04:30:58,2026-04-06T05:31:52,2026-04-06T05:32:11,ESCEU,75.9636111111,76.9838888889,0.00527777777778,114,2.09638888889
2914,636018926,2026-04-06T05:31:52,2026-04-06T05:31:52,2026-04-06T05:32:11,ESCEU,75.9636111111,75.9688888889,0.00527777777778,174,3.11138888889
2915,636019542,2026-04-13T10:40:29,2026-04-13T20:24:53,2026-04-13T20:25:34,EGDAM,65.5738888889,75.3252777778,0.0113888888889,26,0.422777777778
2916,636019542,2026-04-13T13:23:58,2026-04-13T20:24:53,2026-04-13T20:25:34,EGDAM,65.5738888889,72.6005555556,0.0113888888889,50,3.1475
2917,636019542,2026-04-13T13:42:17,2026-04-13T20:24:53,2026-04-13T20:25:34,EGDAM,65.5738888889,72.2952777778,0.0113888888889,68,3.45277777778
2918,636019542,2026-04-13T20:24:53,2026-04-13T20:24:53,2026-04-13T20:25:34,EGDAM,65.5738888889,65.5852777778,0.0113888888889,26,0.4225
2919,636019819,2026-04-11T13:45:47,2026-04-12T01:45:51,2026-04-12T01:46:35,ESALG,95.2236111111,107.236944444,0.0122222222222,51,0.846666666667
2920,636019819,2026-04-11T14:45:49,2026-04-12T01:45:51,2026-04-12T01:46:35,ESALG,95.2236111111,106.236388889,0.0122222222222,110,1.84722222222
2921,636019819,2026-04-11T14:56:00,2026-04-12T01:45:51,2026-04-12T01:46:35,ESALG,95.2236111111,106.066666667,0.0122222222222,120,2.01694444444
2922,636019819,2026-04-11T19:45:05,2026-04-12T01:45:51,2026-04-12T01:46:35,ESALG,95.2236111111,101.248611111,0.0122222222222,93,5.97138888889
2923,636019819,2026-04-11T20:45:16,2026-04-12T01:45:51,2026-04-12T01:46:35,ESALG,95.2236111111,100.245555556,0.0122222222222,93,5.97388888889
2924,636019819,2026-04-11T21:45:30,2026-04-12T01:45:51,2026-04-12T01:46:35,ESALG,95.2236111111,99.2416666667,0.0122222222222,142,2.39722222222
2925,636019819,2026-04-11T22:45:41,2026-04-12T01:45:51,2026-04-12T01:46:35,ESALG,95.2236111111,98.2386111111,0.0122222222222,201,3.40027777778
2926,636019819,2026-04-11T23:45:48,2026-04-12T01:45:51,2026-04-12T01:46:35,ESALG,95.2236111111,97.2366666667,0.0122222222222,260,4.40222222222
2927,636019819,2026-04-12T00:44:52,2026-04-12T01:45:51,2026-04-12T01:46:35,ESALG,95.2236111111,96.2522222222,0.0122222222222,318,5.38666666667
2928,636019819,2026-04-12T01:45:51,2026-04-12T01:45:51,2026-04-12T01:46:35,ESALG,95.2236111111,95.2358333333,0.0122222222222,353,5.99583333333
2929,636019983,2026-04-11T16:21:33,2026-04-12T06:22:19,2026-04-12T06:22:45,SGSIN,760.620833333,774.640833333,0.00722222222222,48,2.07055555556
2930,636019983,2026-04-11T17:21:39,2026-04-12T06:22:19,2026-04-12T06:22:45,SGSIN,760.620833333,773.639166667,0.00722222222222,107,3.07222222222
2931,636019983,2026-04-11T17:44:02,2026-04-12T06:22:19,2026-04-12T06:22:45,SGSIN,760.620833333,773.266111111,0.00722222222222,129,3.44527777778
2932,636019983,2026-04-11T21:22:00,2026-04-12T06:22:19,2026-04-12T06:22:45,SGSIN,760.620833333,769.633333333,0.00722222222222,140,5.55083333333
2933,636019983,2026-04-11T22:22:15,2026-04-12T06:22:19,2026-04-12T06:22:45,SGSIN,760.620833333,768.629166667,0.00722222222222,166,5.99472222222
2934,636019983,2026-04-11T23:21:21,2026-04-12T06:22:19,2026-04-12T06:22:45,SGSIN,760.620833333,767.644166667,0.00722222222222,165,5.97805555556
2935,636019983,2026-04-12T00:21:27,2026-04-12T06:22:19,2026-04-12T06:22:45,SGSIN,760.620833333,766.6425,0.00722222222222,202,3.41611111111
2936,636019983,2026-04-12T01:20:27,2026-04-12T06:22:19,2026-04-12T06:22:45,SGSIN,760.620833333,765.659166667,0.00722222222222,260,4.39944444444
2937,636019983,2026-04-12T02:21:26,2026-04-12T06:22:19,2026-04-12T06:22:45,SGSIN,760.620833333,764.642777778,0.00722222222222,315,5.41583333333
2938,636019983,2026-04-12T03:21:31,2026-04-12T06:22:19,2026-04-12T06:22:45,SGSIN,760.620833333,763.641388889,0.00722222222222,348,5.97472222222
2939,636019983,2026-04-12T04:21:41,2026-04-12T06:22:19,2026-04-12T06:22:45,SGSIN,760.620833333,762.638611111,0.00722222222222,348,5.97361111111
2940,636019983,2026-04-12T05:21:58,2026-04-12T06:22:19,2026-04-12T06:22:45,SGSIN,760.620833333,761.633888889,0.00722222222222,349,5.99333333333
2941,636019983,2026-04-12T06:22:19,2026-04-12T06:22:19,2026-04-12T06:22:45,SGSIN,760.620833333,760.628055556,0.00722222222222,349,5.9975
2942,636020064,2026-04-06T02:34:19,2026-04-06T11:34:19,2026-04-06T11:34:28,EGPSW,70.4255555556,79.4280555556,0.0025,36,0.828333333333
2943,636020064,2026-04-06T03:34:10,2026-04-06T11:34:19,2026-04-06T11:34:28,EGPSW,70.4255555556,78.4305555556,0.0025,76,1.82583333333
2944,636020064,2026-04-06T04:34:01,2026-04-06T11:34:19,2026-04-06T11:34:28,EGPSW,70.4255555556,77.4330555556,0.0025,135,2.82333333333
2945,636020064,2026-04-06T05:33:54,2026-04-06T11:34:19,2026-04-06T11:34:28,EGPSW,70.4255555556,76.435,0.0025,194,3.82138888889
2946,636020064,2026-04-06T06:33:50,2026-04-06T11:34:19,2026-04-06T11:34:28,EGPSW,70.4255555556,75.4361111111,0.0025,250,4.82027777778
2947,636020064,2026-04-06T07:07:22,2026-04-06T11:34:19,2026-04-06T11:34:28,EGPSW,70.4255555556,74.8772222222,0.0025,283,5.37916666667
2948,636020064,2026-04-06T10:33:27,2026-04-06T11:34:19,2026-04-06T11:34:28,EGPSW,70.4255555556,71.4425,0.0025,150,5.97361111111
2949,636020064,2026-04-06T11:34:19,2026-04-06T11:34:19,2026-04-06T11:34:28,EGPSW,70.4255555556,70.4280555556,0.0025,151,5.99
2950,636020328,2026-04-11T18:47:05,2026-04-12T11:16:16,2026-04-12T11:16:31,PTAVE,124.724722222,141.215277778,0.00416666666667,35,0.694722222222
2951,636020328,2026-04-11T20:15:40,2026-04-12T11:16:16,2026-04-12T11:16:31,PTAVE,124.724722222,139.738888889,0.00416666666667,70,2.17111111111
2952,636020328,2026-04-11T21:15:53,2026-04-12T11:16:16,2026-04-12T11:16:31,PTAVE,124.724722222,138.735277778,0.00416666666667,129,3.17472222222
2953,636020328,2026-04-11T22:16:07,2026-04-12T11:16:16,2026-04-12T11:16:31,PTAVE,124.724722222,137.731388889,0.00416666666667,188,4.17861111111
2954,636020328,2026-04-11T22:46:42,2026-04-12T11:16:16,2026-04-12T11:16:31,PTAVE,124.724722222,137.221666667,0.00416666666667,218,4.68833333333
2955,636020328,2026-04-12T03:15:24,2026-04-12T11:16:16,2026-04-12T11:16:31,PTAVE,124.724722222,132.743333333,0.00416666666667,114,5.975
2956,636020328,2026-04-12T04:15:34,2026-04-12T11:16:16,2026-04-12T11:16:31,PTAVE,124.724722222,131.740555556,0.00416666666667,114,5.97361111111
2957,636020328,2026-04-12T05:15:50,2026-04-12T11:16:16,2026-04-12T11:16:31,PTAVE,124.724722222,130.736111111,0.00416666666667,143,2.41472222222
2958,636020328,2026-04-12T06:16:11,2026-04-12T11:16:16,2026-04-12T11:16:31,PTAVE,124.724722222,129.730277778,0.00416666666667,202,3.42055555556
2959,636020328,2026-04-12T07:15:32,2026-04-12T11:16:16,2026-04-12T11:16:31,PTAVE,124.724722222,128.741111111,0.00416666666667,260,4.40972222222
2960,636020328,2026-04-12T08:16:00,2026-04-12T11:16:16,2026-04-12T11:16:31,PTAVE,124.724722222,127.733333333,0.00416666666667,319,5.4175
2961,636020328,2026-04-12T09:15:30,2026-04-12T11:16:16,2026-04-12T11:16:31,PTAVE,124.724722222,126.741666667,0.00416666666667,352,5.98472222222
2962,636020328,2026-04-12T10:15:54,2026-04-12T11:16:16,2026-04-12T11:16:31,PTAVE,124.724722222,125.735,0.00416666666667,352,5.98861111111
2963,636020328,2026-04-12T11:16:16,2026-04-12T11:16:16,2026-04-12T11:16:31,PTAVE,124.724722222,124.728888889,0.00416666666667,352,5.99027777778
2964,636020540,2026-04-10T21:58:48,2026-04-11T14:59:03,2026-04-11T15:00:03,BGVAR,92.9991666667,110.02,0.0166666666667,21,0.406666666667
2965,636020540,2026-04-10T22:23:11,2026-04-11T14:59:03,2026-04-11T15:00:03,BGVAR,92.9991666667,109.613611111,0.0166666666667,45,0.813055555556
2966,636020540,2026-04-11T00:58:35,2026-04-11T14:59:03,2026-04-11T15:00:03,BGVAR,92.9991666667,107.023611111,0.0166666666667,90,3.40305555556
2967,636020540,2026-04-11T01:29:01,2026-04-11T14:59:03,2026-04-11T15:00:03,BGVAR,92.9991666667,106.516388889,0.0166666666667,115,3.91027777778
2968,636020540,2026-04-11T14:59:03,2026-04-11T14:59:03,2026-04-11T15:00:03,BGVAR,92.9991666667,93.0158333333,0.0166666666667,43,0.7125
2969,636020938,2026-04-08T13:48:27,2026-04-08T16:48:35,2026-04-08T16:48:40,MACAS,78.1888888889,81.1925,0.00138888888889,45,0.898333333333
2970,636020938,2026-04-08T14:48:30,2026-04-08T16:48:35,2026-04-08T16:48:40,MACAS,78.1888888889,80.1916666667,0.00138888888889,104,1.89916666667
2971,636020938,2026-04-08T15:48:34,2026-04-08T16:48:35,2026-04-08T16:48:40,MACAS,78.1888888889,79.1905555556,0.00138888888889,163,2.90027777778
2972,636020938,2026-04-08T16:48:35,2026-04-08T16:48:35,2026-04-08T16:48:40,MACAS,78.1888888889,78.1902777778,0.00138888888889,222,3.90055555556
2973,636020986,2026-04-06T03:16:55,2026-04-06T04:17:47,2026-04-06T04:18:18,TEXT:MAPTM EGPSE,61.695,62.7180555556,0.00861111111111,73,1.21722222222
2974,636020986,2026-04-06T04:17:47,2026-04-06T04:17:47,2026-04-06T04:18:18,TEXT:MAPTM EGPSE,61.695,61.7036111111,0.00861111111111,133,2.23166666667
2975,636021078,2026-04-15T22:10:46,2026-04-16T02:11:06,2026-04-16T02:11:41,LYMRA,25.8052777778,29.8205555556,0.00972222222222,50,0.827777777778
2976,636021078,2026-04-15T23:10:35,2026-04-16T02:11:06,2026-04-16T02:11:41,LYMRA,25.8052777778,28.8236111111,0.00972222222222,109,1.82472222222
2977,636021078,2026-04-16T00:10:25,2026-04-16T02:11:06,2026-04-16T02:11:41,LYMRA,25.8052777778,27.8263888889,0.00972222222222,168,2.82194444444
2978,636021078,2026-04-16T01:10:15,2026-04-16T02:11:06,2026-04-16T02:11:41,LYMRA,25.8052777778,26.8291666667,0.00972222222222,227,3.81916666667
2979,636021078,2026-04-16T02:11:06,2026-04-16T02:11:06,2026-04-16T02:11:41,LYMRA,25.8052777778,25.815,0.00972222222222,287,4.83333333333
2980,636021161,2026-04-11T19:10:29,2026-04-12T03:11:19,2026-04-12T03:12:14,GBFXT,182.796111111,190.825277778,0.0152777777778,47,0.779722222222
2981,636021161,2026-04-11T20:10:34,2026-04-12T03:11:19,2026-04-12T03:12:14,GBFXT,182.796111111,189.823888889,0.0152777777778,106,1.78111111111
2982,636021161,2026-04-11T21:10:46,2026-04-12T03:11:19,2026-04-12T03:12:14,GBFXT,182.796111111,188.820555556,0.0152777777778,165,2.78444444444
2983,636021161,2026-04-11T22:11:01,2026-04-12T03:11:19,2026-04-12T03:12:14,GBFXT,182.796111111,187.816388889,0.0152777777778,194,3.78861111111
2984,636021161,2026-04-11T23:11:09,2026-04-12T03:11:19,2026-04-12T03:12:14,GBFXT,182.796111111,186.814166667,0.0152777777778,253,4.79083333333
2985,636021161,2026-04-12T00:11:16,2026-04-12T03:11:19,2026-04-12T03:12:14,GBFXT,182.796111111,185.812222222,0.0152777777778,312,5.79277777778
2986,636021161,2026-04-12T01:11:18,2026-04-12T03:11:19,2026-04-12T03:12:14,GBFXT,182.796111111,184.811666667,0.0152777777778,324,5.99666666667
2987,636021161,2026-04-12T02:11:16,2026-04-12T03:11:19,2026-04-12T03:12:14,GBFXT,182.796111111,183.812222222,0.0152777777778,324,5.99472222222
2988,636021161,2026-04-12T03:11:19,2026-04-12T03:11:19,2026-04-12T03:12:14,GBFXT,182.796111111,182.811388889,0.0152777777778,319,5.99194444444
2989,636021246,2026-04-13T11:51:31,2026-04-13T16:52:20,2026-04-13T16:52:29,MTMAR,7.10861111111,12.1247222222,0.0025,68,1.13333333333
2990,636021246,2026-04-13T12:51:25,2026-04-13T16:52:20,2026-04-13T16:52:29,MTMAR,7.10861111111,11.1263888889,0.0025,127,2.13166666667
2991,636021246,2026-04-13T13:51:26,2026-04-13T16:52:20,2026-04-13T16:52:29,MTMAR,7.10861111111,10.1261111111,0.0025,186,3.13194444444
2992,636021246,2026-04-13T14:50:24,2026-04-13T16:52:20,2026-04-13T16:52:29,MTMAR,7.10861111111,9.14333333333,0.0025,244,4.11472222222
2993,636021246,2026-04-13T15:51:23,2026-04-13T16:52:20,2026-04-13T16:52:29,MTMAR,7.10861111111,8.12694444444,0.0025,288,5.13111111111
2994,636021246,2026-04-13T16:52:20,2026-04-13T16:52:20,2026-04-13T16:52:29,MTMAR,7.10861111111,7.11111111111,0.0025,296,5.99472222222
2995,636021362,2026-04-06T10:07:04,2026-04-06T17:07:59,2026-04-06T17:08:58,TEXT:IT LVN VIA MESSINA,22.8505555556,29.8822222222,0.0163888888889,69,1.15027777778
2996,636021362,2026-04-06T11:07:57,2026-04-06T17:07:59,2026-04-06T17:08:58,TEXT:IT LVN VIA MESSINA,22.8505555556,28.8675,0.0163888888889,129,2.165
2997,636021362,2026-04-06T11:50:32,2026-04-06T17:07:59,2026-04-06T17:08:58,TEXT:IT LVN VIA MESSINA,22.8505555556,28.1577777778,0.0163888888889,171,2.87472222222
2998,636021362,2026-04-06T13:07:35,2026-04-06T17:07:59,2026-04-06T17:08:58,TEXT:IT LVN VIA MESSINA,22.8505555556,26.8736111111,0.0163888888889,190,4.15888888889
2999,636021362,2026-04-06T14:07:23,2026-04-06T17:07:59,2026-04-06T17:08:58,TEXT:IT LVN VIA MESSINA,22.8505555556,25.8769444444,0.0163888888889,245,5.15555555556
3000,636021362,2026-04-06T15:07:14,2026-04-06T17:07:59,2026-04-06T17:08:58,TEXT:IT LVN VIA MESSINA,22.8505555556,24.8794444444,0.0163888888889,294,5.98388888889
3001,636021362,2026-04-06T16:07:08,2026-04-06T17:07:59,2026-04-06T17:08:58,TEXT:IT LVN VIA MESSINA,22.8505555556,23.8811111111,0.0163888888889,294,5.98416666667
3002,636021362,2026-04-06T17:07:59,2026-04-06T17:07:59,2026-04-06T17:08:58,TEXT:IT LVN VIA MESSINA,22.8505555556,22.8669444444,0.0163888888889,294,5.98361111111
3003,636021365,2026-04-12T03:14:23,2026-04-12T14:15:42,2026-04-12T14:16:27,TEXT:ABU QIR,41.7258333333,52.7602777778,0.0125,67,1.17055555556
3004,636021365,2026-04-12T04:15:34,2026-04-12T14:15:42,2026-04-12T14:16:27,TEXT:ABU QIR,41.7258333333,51.7405555556,0.0125,106,2.19027777778
3005,636021365,2026-04-12T05:14:48,2026-04-12T14:15:42,2026-04-12T14:16:27,TEXT:ABU QIR,41.7258333333,50.7533333333,0.0125,164,3.1775
3006,636021365,2026-04-12T06:15:09,2026-04-12T14:15:42,2026-04-12T14:16:27,TEXT:ABU QIR,41.7258333333,49.7475,0.0125,223,4.18333333333
3007,636021365,2026-04-12T07:15:32,2026-04-12T14:15:42,2026-04-12T14:16:27,TEXT:ABU QIR,41.7258333333,48.7411111111,0.0125,282,5.18972222222
3008,636021365,2026-04-12T08:14:59,2026-04-12T14:15:42,2026-04-12T14:16:27,TEXT:ABU QIR,41.7258333333,47.7502777778,0.0125,328,5.97722222222
3009,636021365,2026-04-12T09:15:30,2026-04-12T14:15:42,2026-04-12T14:16:27,TEXT:ABU QIR,41.7258333333,46.7416666667,0.0125,332,5.645
3010,636021365,2026-04-12T10:14:53,2026-04-12T14:15:42,2026-04-12T14:16:27,TEXT:ABU QIR,41.7258333333,45.7519444444,0.0125,351,5.97166666667
3011,636021365,2026-04-12T11:15:14,2026-04-12T14:15:42,2026-04-12T14:16:27,TEXT:ABU QIR,41.7258333333,44.7461111111,0.0125,352,5.99
3012,636021365,2026-04-12T12:15:34,2026-04-12T14:15:42,2026-04-12T14:16:27,TEXT:ABU QIR,41.7258333333,43.7405555556,0.0125,352,5.98972222222
3013,636021365,2026-04-12T13:15:39,2026-04-12T14:15:42,2026-04-12T14:16:27,TEXT:ABU QIR,41.7258333333,42.7391666667,0.0125,352,5.98472222222
3014,636021365,2026-04-12T14:15:42,2026-04-12T14:15:42,2026-04-12T14:16:27,TEXT:ABU QIR,41.7258333333,41.7383333333,0.0125,353,5.995
3015,636021513,2026-04-06T10:43:36,2026-04-06T15:43:47,2026-04-06T15:44:42,TRZON,81.255,86.2733333333,0.0152777777778,33,0.676666666667
3016,636021513,2026-04-06T11:43:26,2026-04-06T15:43:47,2026-04-06T15:44:42,TRZON,81.255,85.2761111111,0.0152777777778,81,1.67388888889
3017,636021513,2026-04-06T12:43:15,2026-04-06T15:43:47,2026-04-06T15:44:42,TRZON,81.255,84.2791666667,0.0152777777778,103,2.67083333333
3018,636021513,2026-04-06T13:09:37,2026-04-06T15:43:47,2026-04-06T15:44:42,TRZON,81.255,83.8397222222,0.0152777777778,129,3.11027777778
3019,636021513,2026-04-06T14:42:52,2026-04-06T15:43:47,2026-04-06T15:44:42,TRZON,81.255,82.2855555556,0.0152777777778,172,4.66444444444
3020,636021513,2026-04-06T15:43:47,2026-04-06T15:43:47,2026-04-06T15:44:42,TRZON,81.255,81.2702777778,0.0152777777778,232,5.67972222222
3021,636021596,2026-04-12T14:14:41,2026-04-12T15:15:39,2026-04-12T15:16:38,ITRAN,48.7227777778,49.7552777778,0.0163888888889,47,0.780277777778
3022,636021596,2026-04-12T15:15:39,2026-04-12T15:15:39,2026-04-12T15:16:38,ITRAN,48.7227777778,48.7391666667,0.0163888888889,107,1.79638888889
3023,636021665,2026-04-10T03:35:17,2026-04-10T09:35:26,2026-04-10T09:36:23,ITTRS,41.3936111111,47.4119444444,0.0158333333333,20,0.3225
3024,636021665,2026-04-10T04:35:17,2026-04-10T09:35:26,2026-04-10T09:36:23,ITTRS,41.3936111111,46.4119444444,0.0158333333333,79,1.3225
3025,636021665,2026-04-10T05:35:18,2026-04-10T09:35:26,2026-04-10T09:36:23,ITTRS,41.3936111111,45.4116666667,0.0158333333333,138,2.32277777778
3026,636021665,2026-04-10T06:35:18,2026-04-10T09:35:26,2026-04-10T09:36:23,ITTRS,41.3936111111,44.4116666667,0.0158333333333,197,3.32277777778
3027,636021665,2026-04-10T07:35:21,2026-04-10T09:35:26,2026-04-10T09:36:23,ITTRS,41.3936111111,43.4108333333,0.0158333333333,256,4.32361111111
3028,636021665,2026-04-10T08:35:23,2026-04-10T09:35:26,2026-04-10T09:36:23,ITTRS,41.3936111111,42.4102777778,0.0158333333333,315,5.32416666667
3029,636021665,2026-04-10T09:35:26,2026-04-10T09:35:26,2026-04-10T09:36:23,ITTRS,41.3936111111,41.4094444444,0.0158333333333,354,5.98555555556
3030,636021700,2026-04-15T12:43:44,2026-04-16T12:43:53,2026-04-16T15:27:46,ITAUG,-356.462777778,-329.728888889,2.73138888889,355,5.98722222222
3031,636021700,2026-04-15T13:43:38,2026-04-16T12:43:53,2026-04-16T15:27:46,ITAUG,-356.462777778,-330.727222222,2.73138888889,355,5.98777777778
3032,636021700,2026-04-15T14:43:33,2026-04-16T12:43:53,2026-04-16T15:27:46,ITAUG,-356.462777778,-331.725833333,2.73138888889,355,5.98888888889
3033,636021700,2026-04-15T15:43:39,2026-04-16T12:43:53,2026-04-16T15:27:46,ITAUG,-356.462777778,-332.7275,2.73138888889,355,5.99277777778
3034,636021700,2026-04-15T16:43:33,2026-04-16T12:43:53,2026-04-16T15:27:46,ITAUG,-356.462777778,-333.725833333,2.73138888889,355,5.99277777778
3035,636021700,2026-04-15T17:43:23,2026-04-16T12:43:53,2026-04-16T15:27:46,ITAUG,-356.462777778,-334.723055556,2.73138888889,354,5.975
3036,636021700,2026-04-15T18:43:08,2026-04-16T12:43:53,2026-04-16T15:27:46,ITAUG,-356.462777778,-335.718888889,2.73138888889,352,5.97305555556
3037,636021700,2026-04-15T19:43:51,2026-04-16T12:43:53,2026-04-16T15:27:46,ITAUG,-356.462777778,-336.730833333,2.73138888889,353,5.98666666667
3038,636021700,2026-04-15T20:43:36,2026-04-16T12:43:53,2026-04-16T15:27:46,ITAUG,-356.462777778,-337.726666667,2.73138888889,353,5.98388888889
3039,636021700,2026-04-15T21:43:24,2026-04-16T12:43:53,2026-04-16T15:27:46,ITAUG,-356.462777778,-338.723333333,2.73138888889,353,5.97888888889
3040,636021700,2026-04-15T22:43:12,2026-04-16T12:43:53,2026-04-16T15:27:46,ITAUG,-356.462777778,-339.72,2.73138888889,353,5.97722222222
3041,636021700,2026-04-15T23:43:02,2026-04-16T12:43:53,2026-04-16T15:27:46,ITAUG,-356.462777778,-340.717222222,2.73138888889,353,5.97722222222
3042,636021700,2026-04-16T00:43:53,2026-04-16T12:43:53,2026-04-16T15:27:46,ITAUG,-356.462777778,-341.731388889,2.73138888889,356,5.99555555556
3043,636021700,2026-04-16T01:43:43,2026-04-16T12:43:53,2026-04-16T15:27:46,ITAUG,-356.462777778,-342.728611111,2.73138888889,355,5.98083333333
3044,636021700,2026-04-16T02:43:33,2026-04-16T12:43:53,2026-04-16T15:27:46,ITAUG,-356.462777778,-343.725833333,2.73138888889,355,5.98222222222
3045,636021700,2026-04-16T03:43:22,2026-04-16T12:43:53,2026-04-16T15:27:46,ITAUG,-356.462777778,-344.722777778,2.73138888889,355,5.98277777778
3046,636021700,2026-04-16T04:43:12,2026-04-16T12:43:53,2026-04-16T15:27:46,ITAUG,-356.462777778,-345.72,2.73138888889,355,5.98305555556
3047,636021700,2026-04-16T05:43:04,2026-04-16T12:43:53,2026-04-16T15:27:46,ITAUG,-356.462777778,-346.717777778,2.73138888889,355,5.98361111111
3048,636021700,2026-04-16T06:42:56,2026-04-16T12:43:53,2026-04-16T15:27:46,ITAUG,-356.462777778,-347.715555556,2.73138888889,355,5.98416666667
3049,636021700,2026-04-16T07:43:49,2026-04-16T12:43:53,2026-04-16T15:27:46,ITAUG,-356.462777778,-348.730277778,2.73138888889,355,5.98472222222
3050,636021700,2026-04-16T08:43:18,2026-04-16T12:43:53,2026-04-16T15:27:46,ITAUG,-356.462777778,-349.721666667,2.73138888889,354,5.97888888889
3051,636021700,2026-04-16T09:43:10,2026-04-16T12:43:53,2026-04-16T15:27:46,ITAUG,-356.462777778,-350.719444444,2.73138888889,354,5.97972222222
3052,636021700,2026-04-16T10:43:03,2026-04-16T12:43:53,2026-04-16T15:27:46,ITAUG,-356.462777778,-351.7175,2.73138888889,354,5.98055555556
3053,636021700,2026-04-16T11:42:58,2026-04-16T12:43:53,2026-04-16T15:27:46,ITAUG,-356.462777778,-352.716111111,2.73138888889,354,5.98166666667
3054,636021700,2026-04-16T12:43:53,2026-04-16T12:43:53,2026-04-16T15:27:46,ITAUG,-356.462777778,-353.731388889,2.73138888889,355,5.99888888889
3055,636021702,2026-04-10T19:58:51,2026-04-11T01:59:28,2026-04-11T01:59:29,ITBDS,17.0086111111,23.0191666667,0.000277777777778,36,0.592777777778
3056,636021702,2026-04-10T20:58:50,2026-04-11T01:59:28,2026-04-11T01:59:29,ITBDS,17.0086111111,22.0194444444,0.000277777777778,95,1.5925
3057,636021702,2026-04-10T21:58:48,2026-04-11T01:59:28,2026-04-11T01:59:29,ITBDS,17.0086111111,21.02,0.000277777777778,154,2.59194444444
3058,636021702,2026-04-10T22:58:45,2026-04-11T01:59:28,2026-04-11T01:59:29,ITBDS,17.0086111111,20.0208333333,0.000277777777778,213,3.59111111111
3059,636021702,2026-04-10T23:53:37,2026-04-11T01:59:28,2026-04-11T01:59:29,ITBDS,17.0086111111,19.1063888889,0.000277777777778,267,4.50555555556
3060,636021702,2026-04-11T00:42:21,2026-04-11T01:59:28,2026-04-11T01:59:29,ITBDS,17.0086111111,18.2941666667,0.000277777777778,287,5.31777777778
3061,636021702,2026-04-11T01:59:28,2026-04-11T01:59:28,2026-04-11T01:59:29,ITBDS,17.0086111111,17.0088888889,0.000277777777778,274,5.99333333333
3062,636021733,2026-04-10T05:13:56,2026-04-10T14:14:53,2026-04-10T14:15:53,ITTAR,16.7352777778,25.7677777778,0.0166666666667,39,0.644166666667
3063,636021733,2026-04-10T06:13:56,2026-04-10T14:14:53,2026-04-10T14:15:53,ITTAR,16.7352777778,24.7677777778,0.0166666666667,98,1.64416666667
3064,636021733,2026-04-10T06:43:26,2026-04-10T14:14:53,2026-04-10T14:15:53,ITTAR,16.7352777778,24.2761111111,0.0166666666667,118,2.13583333333
3065,636021733,2026-04-10T08:38:26,2026-04-10T14:14:53,2026-04-10T14:15:53,ITTAR,16.7352777778,22.3594444444,0.0166666666667,134,4.0525
3066,636021733,2026-04-10T14:14:53,2026-04-10T14:14:53,2026-04-10T14:15:53,ITTAR,16.7352777778,16.7519444444,0.0166666666667,65,5.86166666667
3067,636021739,2026-04-16T06:24:40,2026-04-16T06:24:40,2026-04-16T06:24:55,ITMEI,1.41805555556,1.42222222222,0.00416666666667,69,1.15
3068,636021781,2026-04-12T02:44:50,2026-04-12T16:44:57,2026-04-12T16:45:05,TRCEY,76.2652777778,90.2694444444,0.00222222222222,17,0.338888888889
3069,636021781,2026-04-12T03:44:57,2026-04-12T16:44:57,2026-04-12T16:45:05,TRCEY,76.2652777778,89.2675,0.00222222222222,76,1.34083333333
3070,636021781,2026-04-12T04:44:09,2026-04-12T16:44:57,2026-04-12T16:45:05,TRCEY,76.2652777778,88.2808333333,0.00222222222222,134,2.3275
3071,636021781,2026-04-12T05:44:27,2026-04-12T16:44:57,2026-04-12T16:45:05,TRCEY,76.2652777778,87.2758333333,0.00222222222222,193,3.3325
3072,636021781,2026-04-12T06:44:49,2026-04-12T16:44:57,2026-04-12T16:45:05,TRCEY,76.2652777778,86.2697222222,0.00222222222222,252,4.33861111111
3073,636021781,2026-04-12T07:44:13,2026-04-12T16:44:57,2026-04-12T16:45:05,TRCEY,76.2652777778,85.2797222222,0.00222222222222,310,5.32861111111
3074,636021781,2026-04-12T08:44:43,2026-04-12T16:44:57,2026-04-12T16:45:05,TRCEY,76.2652777778,84.2713888889,0.00222222222222,352,5.98111111111
3075,636021781,2026-04-12T09:44:10,2026-04-12T16:44:57,2026-04-12T16:45:05,TRCEY,76.2652777778,83.2805555556,0.00222222222222,352,5.98694444444
3076,636021781,2026-04-12T10:44:32,2026-04-12T16:44:57,2026-04-12T16:45:05,TRCEY,76.2652777778,82.2744444444,0.00222222222222,352,5.98944444444
3077,636021781,2026-04-12T11:44:54,2026-04-12T16:44:57,2026-04-12T16:45:05,TRCEY,76.2652777778,81.2683333333,0.00222222222222,352,5.99027777778
3078,636021781,2026-04-12T12:44:06,2026-04-12T16:44:57,2026-04-12T16:45:05,TRCEY,76.2652777778,80.2816666667,0.00222222222222,351,5.97083333333
3079,636021781,2026-04-12T13:44:10,2026-04-12T16:44:57,2026-04-12T16:45:05,TRCEY,76.2652777778,79.2805555556,0.00222222222222,352,5.98194444444
3080,636021781,2026-04-12T14:44:09,2026-04-12T16:44:57,2026-04-12T16:45:05,TRCEY,76.2652777778,78.2808333333,0.00222222222222,336,5.97333333333
3081,636021781,2026-04-12T16:44:57,2026-04-12T16:44:57,2026-04-12T16:45:05,TRCEY,76.2652777778,76.2675,0.00222222222222,245,5.98972222222
3082,636022183,2026-04-11T14:03:04,2026-04-12T02:03:08,2026-04-12T02:03:51,MTMLA,3.93583333333,15.9488888889,0.0119444444444,21,0.338888888889
3083,636022183,2026-04-11T15:03:08,2026-04-12T02:03:08,2026-04-12T02:03:51,MTMLA,3.93583333333,14.9477777778,0.0119444444444,80,1.34
3084,636022183,2026-04-11T16:02:12,2026-04-12T02:03:08,2026-04-12T02:03:51,MTMLA,3.93583333333,13.9633333333,0.0119444444444,138,2.32444444444
3085,636022183,2026-04-11T16:43:57,2026-04-12T02:03:08,2026-04-12T02:03:51,MTMLA,3.93583333333,13.2675,0.0119444444444,179,3.02027777778
3086,636022183,2026-04-11T20:02:25,2026-04-12T02:03:08,2026-04-12T02:03:51,MTMLA,3.93583333333,9.95972222222,0.0119444444444,165,5.97194444444
3087,636022183,2026-04-11T21:02:37,2026-04-12T02:03:08,2026-04-12T02:03:51,MTMLA,3.93583333333,8.95638888889,0.0119444444444,151,5.99138888889
3088,636022183,2026-04-11T22:02:51,2026-04-12T02:03:08,2026-04-12T02:03:51,MTMLA,3.93583333333,7.9525,0.0119444444444,151,5.99388888889
3089,636022183,2026-04-11T23:03:00,2026-04-12T02:03:08,2026-04-12T02:03:51,MTMLA,3.93583333333,6.95,0.0119444444444,169,3.11166666667
3090,636022183,2026-04-12T00:03:07,2026-04-12T02:03:08,2026-04-12T02:03:51,MTMLA,3.93583333333,5.94805555556,0.0119444444444,228,4.11361111111
3091,636022183,2026-04-12T01:00:08,2026-04-12T02:03:08,2026-04-12T02:03:51,MTMLA,3.93583333333,4.99777777778,0.0119444444444,284,5.06388888889
3092,636022183,2026-04-12T02:03:08,2026-04-12T02:03:08,2026-04-12T02:03:51,MTMLA,3.93583333333,3.94777777778,0.0119444444444,320,5.995
3093,636022522,2026-04-10T17:59:58,2026-04-11T02:00:28,2026-04-11T02:00:57,EGPSD,75.9841666667,84.0005555556,0.00805555555556,48,0.7975
3094,636022522,2026-04-10T18:59:55,2026-04-11T02:00:28,2026-04-11T02:00:57,EGPSD,75.9841666667,83.0013888889,0.00805555555556,105,1.79666666667
3095,636022522,2026-04-10T19:59:52,2026-04-11T02:00:28,2026-04-11T02:00:57,EGPSD,75.9841666667,82.0022222222,0.00805555555556,164,2.79583333333
3096,636022522,2026-04-10T20:23:15,2026-04-11T02:00:28,2026-04-11T02:00:57,EGPSD,75.9841666667,81.6125,0.00805555555556,187,3.18555555556
3097,636022522,2026-04-10T21:55:45,2026-04-11T02:00:28,2026-04-11T02:00:57,EGPSD,75.9841666667,80.0708333333,0.00805555555556,201,4.72722222222
3098,636022522,2026-04-10T22:59:46,2026-04-11T02:00:28,2026-04-11T02:00:57,EGPSD,75.9841666667,79.0038888889,0.00805555555556,257,5.79416666667
3099,636022522,2026-04-10T23:33:18,2026-04-11T02:00:28,2026-04-11T02:00:57,EGPSD,75.9841666667,78.445,0.00805555555556,242,5.53861111111
3100,636022522,2026-04-11T02:00:28,2026-04-11T02:00:28,2026-04-11T02:00:57,EGPSD,75.9841666667,75.9922222222,0.00805555555556,165,5.99305555556
3101,636022541,2026-04-10T05:58:41,2026-04-10T09:58:50,2026-04-10T09:59:20,GRGPA,18.0111111111,22.0219444444,0.00833333333333,43,0.711944444444
3102,636022541,2026-04-10T06:58:42,2026-04-10T09:58:50,2026-04-10T09:59:20,GRGPA,18.0111111111,21.0216666667,0.00833333333333,102,1.71222222222
3103,636022541,2026-04-10T07:58:45,2026-04-10T09:58:50,2026-04-10T09:59:20,GRGPA,18.0111111111,20.0208333333,0.00833333333333,161,2.71305555556
3104,636022541,2026-04-10T08:58:48,2026-04-10T09:58:50,2026-04-10T09:59:20,GRGPA,18.0111111111,19.02,0.00833333333333,220,3.71388888889
3105,636022541,2026-04-10T09:58:50,2026-04-10T09:58:50,2026-04-10T09:59:20,GRGPA,18.0111111111,18.0194444444,0.00833333333333,279,4.71444444444
3106,636022867,2026-04-11T22:28:22,2026-04-12T16:28:42,2026-04-12T16:29:39,TRTUZ,67.5058333333,85.5272222222,0.0158333333333,71,1.19111111111
3107,636022867,2026-04-11T23:28:29,2026-04-12T16:28:42,2026-04-12T16:29:39,TRTUZ,67.5058333333,84.5252777778,0.0158333333333,130,2.19305555556
3108,636022867,2026-04-12T00:28:35,2026-04-12T16:28:42,2026-04-12T16:29:39,TRTUZ,67.5058333333,83.5236111111,0.0158333333333,187,3.19472222222
3109,636022867,2026-04-12T01:16:23,2026-04-12T16:28:42,2026-04-12T16:29:39,TRTUZ,67.5058333333,82.7269444444,0.0158333333333,234,3.99138888889
3110,636022867,2026-04-12T05:28:06,2026-04-12T16:28:42,2026-04-12T16:29:39,TRTUZ,67.5058333333,78.5316666667,0.0158333333333,122,5.97666666667
3111,636022867,2026-04-12T06:28:27,2026-04-12T16:28:42,2026-04-12T16:29:39,TRTUZ,67.5058333333,77.5258333333,0.0158333333333,124,5.98083333333
3112,636022867,2026-04-12T07:27:50,2026-04-12T16:28:42,2026-04-12T16:29:39,TRTUZ,67.5058333333,76.5361111111,0.0158333333333,130,2.89833333333
3113,636022867,2026-04-12T08:28:18,2026-04-12T16:28:42,2026-04-12T16:29:39,TRTUZ,67.5058333333,75.5283333333,0.0158333333333,189,3.90611111111
3114,636022867,2026-04-12T09:27:48,2026-04-12T16:28:42,2026-04-12T16:29:39,TRTUZ,67.5058333333,74.5366666667,0.0158333333333,247,4.89777777778
3115,636022867,2026-04-12T10:28:12,2026-04-12T16:28:42,2026-04-12T16:29:39,TRTUZ,67.5058333333,73.53,0.0158333333333,296,5.90444444444
3116,636022867,2026-04-12T11:28:32,2026-04-12T16:28:42,2026-04-12T16:29:39,TRTUZ,67.5058333333,72.5244444444,0.0158333333333,337,5.99027777778
3117,636022867,2026-04-12T11:50:01,2026-04-12T16:28:42,2026-04-12T16:29:39,TRTUZ,67.5058333333,72.1663888889,0.0158333333333,299,5.34222222222
3118,636022867,2026-04-12T16:28:42,2026-04-12T16:28:42,2026-04-12T16:29:39,TRTUZ,67.5058333333,67.5216666667,0.0158333333333,94,5.99138888889
3119,636022905,2026-04-08T10:30:24,2026-04-08T16:31:18,2026-04-08T16:31:55,SIKOP,57.4680555556,63.4933333333,0.0102777777778,62,1.08305555556
3120,636022905,2026-04-08T11:31:13,2026-04-08T16:31:18,2026-04-08T16:31:55,SIKOP,57.4680555556,62.4797222222,0.0102777777778,115,2.09666666667
3121,636022905,2026-04-08T12:31:10,2026-04-08T16:31:18,2026-04-08T16:31:55,SIKOP,57.4680555556,61.4805555556,0.0102777777778,174,3.09583333333
3122,636022905,2026-04-08T13:31:10,2026-04-08T16:31:18,2026-04-08T16:31:55,SIKOP,57.4680555556,60.4805555556,0.0102777777778,233,4.09583333333
3123,636022905,2026-04-08T14:31:12,2026-04-08T16:31:18,2026-04-08T16:31:55,SIKOP,57.4680555556,59.48,0.0102777777778,292,5.09638888889
3124,636022905,2026-04-08T15:31:16,2026-04-08T16:31:18,2026-04-08T16:31:55,SIKOP,57.4680555556,58.4788888889,0.0102777777778,345,5.99583333333
3125,636022905,2026-04-08T16:31:18,2026-04-08T16:31:18,2026-04-08T16:31:55,SIKOP,57.4680555556,57.4783333333,0.0102777777778,348,5.99805555556
3126,636023127,2026-04-07T02:54:43,2026-04-07T13:01:29,2026-04-07T13:01:36,ITSAL,14.9733333333,25.0880555556,0.00194444444444,21,0.338055555556
3127,636023127,2026-04-07T05:01:28,2026-04-07T13:01:29,2026-04-07T13:01:36,ITSAL,14.9733333333,22.9755555556,0.00194444444444,75,2.45055555556
3128,636023127,2026-04-07T06:01:20,2026-04-07T13:01:29,2026-04-07T13:01:36,ITSAL,14.9733333333,21.9777777778,0.00194444444444,134,3.44833333333
3129,636023127,2026-04-07T07:01:09,2026-04-07T13:01:29,2026-04-07T13:01:36,ITSAL,14.9733333333,20.9808333333,0.00194444444444,193,4.44527777778
3130,636023127,2026-04-07T07:27:32,2026-04-07T13:01:29,2026-04-07T13:01:36,ITSAL,14.9733333333,20.5411111111,0.00194444444444,219,4.885
3131,636023127,2026-04-07T09:00:58,2026-04-07T13:01:29,2026-04-07T13:01:36,ITSAL,14.9733333333,18.9838888889,0.00194444444444,224,4.88777777778
3132,636023127,2026-04-07T10:00:54,2026-04-07T13:01:29,2026-04-07T13:01:36,ITSAL,14.9733333333,17.985,0.00194444444444,279,5.88666666667
3133,636023127,2026-04-07T10:22:14,2026-04-07T13:01:29,2026-04-07T13:01:36,ITSAL,14.9733333333,17.6294444444,0.00194444444444,246,5.32916666667
3134,636023127,2026-04-07T12:00:35,2026-04-07T13:01:29,2026-04-07T13:01:36,ITSAL,14.9733333333,15.9902777778,0.00194444444444,234,5.97083333333
3135,636023127,2026-04-07T13:01:29,2026-04-07T13:01:29,2026-04-07T13:01:36,ITSAL,14.9733333333,14.9752777778,0.00194444444444,235,5.98861111111
3136,636023250,2026-04-13T17:28:53,2026-04-13T20:46:10,2026-04-13T20:46:31,EGDAM,46.2247222222,49.5186111111,0.00583333333333,49,0.8125
3137,636023250,2026-04-13T19:45:22,2026-04-13T20:46:10,2026-04-13T20:46:31,EGDAM,46.2247222222,47.2438888889,0.00583333333333,60,3.08722222222
3138,636023250,2026-04-13T20:46:10,2026-04-13T20:46:10,2026-04-13T20:46:31,EGDAM,46.2247222222,46.2305555556,0.00583333333333,120,4.10055555556
3139,636023526,2026-04-10T20:40:32,2026-04-10T20:40:32,2026-04-10T20:40:44,SIKOP,38.3211111111,38.3244444444,0.00333333333333,18,0.288055555556
3140,636023809,2026-04-13T21:04:24,2026-04-13T23:04:51,2026-04-13T23:06:32,GIGIB,75.8911111111,77.9266666667,0.0280555555556,25,0.658611111111
3141,636023809,2026-04-13T21:07:27,2026-04-13T23:04:51,2026-04-13T23:06:32,GIGIB,75.8911111111,77.8758333333,0.0280555555556,28,0.709444444444
3142,636023809,2026-04-13T23:04:51,2026-04-13T23:04:51,2026-04-13T23:06:32,GIGIB,75.8911111111,75.9191666667,0.0280555555556,53,2.66611111111
3143,636024336,2026-04-05T00:17:04,2026-04-05T02:31:45,2026-04-05T02:32:17,TEXT:FIUMICINO ITALY,711.461944444,713.715555556,0.00888888888889,47,0.827222222222
3144,636024336,2026-04-05T01:30:59,2026-04-05T02:31:45,2026-04-05T02:32:17,TEXT:FIUMICINO ITALY,711.461944444,712.483611111,0.00888888888889,84,2.05916666667
3145,636024336,2026-04-05T02:31:45,2026-04-05T02:31:45,2026-04-05T02:32:17,TEXT:FIUMICINO ITALY,711.461944444,711.470833333,0.00888888888889,144,3.07194444444
3146,636024536,2026-04-12T04:32:55,2026-04-12T13:32:58,2026-04-12T13:33:17,ITGOA,52.4452777778,61.4513888889,0.00527777777778,58,0.969444444444
3147,636024536,2026-04-12T05:32:11,2026-04-12T13:32:58,2026-04-12T13:33:17,ITGOA,52.4452777778,60.4636111111,0.00527777777778,116,1.95722222222
3148,636024536,2026-04-12T06:32:33,2026-04-12T13:32:58,2026-04-12T13:33:17,ITGOA,52.4452777778,59.4575,0.00527777777778,175,2.96333333333
3149,636024536,2026-04-12T07:32:57,2026-04-12T13:32:58,2026-04-12T13:33:17,ITGOA,52.4452777778,58.4508333333,0.00527777777778,234,3.97
3150,636024536,2026-04-12T08:32:25,2026-04-12T13:32:58,2026-04-12T13:33:17,ITGOA,52.4452777778,57.4597222222,0.00527777777778,292,4.96111111111
3151,636024536,2026-04-12T09:32:56,2026-04-12T13:32:58,2026-04-12T13:33:17,ITGOA,52.4452777778,56.4511111111,0.00527777777778,351,5.96972222222
3152,636024536,2026-04-12T10:32:17,2026-04-12T13:32:58,2026-04-12T13:33:17,ITGOA,52.4452777778,55.4619444444,0.00527777777778,351,5.9725
3153,636024536,2026-04-12T11:32:38,2026-04-12T13:32:58,2026-04-12T13:33:17,ITGOA,52.4452777778,54.4561111111,0.00527777777778,352,5.99055555556
3154,636024536,2026-04-12T12:32:53,2026-04-12T13:32:58,2026-04-12T13:33:17,ITGOA,52.4452777778,53.4519444444,0.00527777777778,343,5.98861111111
3155,636024536,2026-04-12T13:32:58,2026-04-12T13:32:58,2026-04-12T13:33:17,ITGOA,52.4452777778,52.4505555556,0.00527777777778,343,5.98333333333
3156,636024606,2026-04-12T01:34:40,2026-04-12T13:35:00,2026-04-12T13:35:35,TEXT:DARDANELLES,36.4069444444,48.4222222222,0.00972222222222,61,1.01666666667
3157,636024606,2026-04-12T02:34:40,2026-04-12T13:35:00,2026-04-12T13:35:35,TEXT:DARDANELLES,36.4069444444,47.4222222222,0.00972222222222,120,2.01666666667
3158,636024606,2026-04-12T03:34:45,2026-04-12T13:35:00,2026-04-12T13:35:35,TEXT:DARDANELLES,36.4069444444,46.4208333333,0.00972222222222,179,3.01805555556
3159,636024606,2026-04-12T04:34:57,2026-04-12T13:35:00,2026-04-12T13:35:35,TEXT:DARDANELLES,36.4069444444,45.4175,0.00972222222222,238,4.02138888889
3160,636024606,2026-04-12T05:34:14,2026-04-12T13:35:00,2026-04-12T13:35:35,TEXT:DARDANELLES,36.4069444444,44.4294444444,0.00972222222222,296,5.00944444444
3161,636024606,2026-04-12T06:34:35,2026-04-12T13:35:00,2026-04-12T13:35:35,TEXT:DARDANELLES,36.4069444444,43.4236111111,0.00972222222222,353,5.98111111111
3162,636024606,2026-04-12T07:35:00,2026-04-12T13:35:00,2026-04-12T13:35:35,TEXT:DARDANELLES,36.4069444444,42.4166666667,0.00972222222222,353,5.98861111111
3163,636024606,2026-04-12T08:34:28,2026-04-12T13:35:00,2026-04-12T13:35:35,TEXT:DARDANELLES,36.4069444444,41.4255555556,0.00972222222222,352,5.97972222222
3164,636024606,2026-04-12T09:34:59,2026-04-12T13:35:00,2026-04-12T13:35:35,TEXT:DARDANELLES,36.4069444444,40.4169444444,0.00972222222222,352,5.98666666667
3165,636024606,2026-04-12T10:34:20,2026-04-12T13:35:00,2026-04-12T13:35:35,TEXT:DARDANELLES,36.4069444444,39.4277777778,0.00972222222222,351,5.9725
3166,636024606,2026-04-12T11:34:40,2026-04-12T13:35:00,2026-04-12T13:35:35,TEXT:DARDANELLES,36.4069444444,38.4222222222,0.00972222222222,352,5.99027777778
3167,636024606,2026-04-12T12:34:55,2026-04-12T13:35:00,2026-04-12T13:35:35,TEXT:DARDANELLES,36.4069444444,37.4180555556,0.00972222222222,352,5.98833333333
3168,636024606,2026-04-12T13:35:00,2026-04-12T13:35:00,2026-04-12T13:35:35,TEXT:DARDANELLES,36.4069444444,36.4166666667,0.00972222222222,353,6
3169,636024786,2026-04-05T17:36:09,2026-04-05T17:36:09,2026-04-05T17:36:28,EGPSD,74.3922222222,74.3975,0.00527777777778,35,0.574722222222
3170,636024805,2026-04-11T14:51:55,2026-04-12T06:27:26,2026-04-12T06:27:31,TRIZT,27.5413888889,43.1347222222,0.00138888888889,35,0.576666666667
3171,636024805,2026-04-12T03:12:20,2026-04-12T06:27:26,2026-04-12T06:27:31,TRIZT,27.5413888889,30.7944444444,0.00138888888889,24,0.610833333333
3172,636024805,2026-04-12T04:26:47,2026-04-12T06:27:26,2026-04-12T06:27:31,TRIZT,27.5413888889,29.5536111111,0.00138888888889,70,1.85166666667
3173,636024805,2026-04-12T05:27:04,2026-04-12T06:27:26,2026-04-12T06:27:31,TRIZT,27.5413888889,28.5488888889,0.00138888888889,129,2.85638888889
3174,636024805,2026-04-12T06:27:26,2026-04-12T06:27:26,2026-04-12T06:27:31,TRIZT,27.5413888889,27.5427777778,0.00138888888889,163,3.8625
3175,636024824,2026-04-11T18:51:09,2026-04-12T12:51:13,2026-04-12T12:51:58,USLCH,647.133888889,665.1475,0.0125,29,1.01694444444
3176,636024824,2026-04-11T19:51:12,2026-04-12T12:51:13,2026-04-12T12:51:58,USLCH,647.133888889,664.146666667,0.0125,57,2.01777777778
3177,636024824,2026-04-11T20:50:22,2026-04-12T12:51:13,2026-04-12T12:51:58,USLCH,647.133888889,663.160555556,0.0125,115,3.00388888889
3178,636024824,2026-04-11T21:50:36,2026-04-12T12:51:13,2026-04-12T12:51:58,USLCH,647.133888889,662.156666667,0.0125,174,4.00777777778
3179,636024824,2026-04-11T22:50:47,2026-04-12T12:51:13,2026-04-12T12:51:58,USLCH,647.133888889,661.153611111,0.0125,233,5.01083333333
3180,636024824,2026-04-11T22:55:52,2026-04-12T12:51:13,2026-04-12T12:51:58,USLCH,647.133888889,661.068888889,0.0125,236,5.06166666667
3181,636024824,2026-04-12T02:50:57,2026-04-12T12:51:13,2026-04-12T12:51:58,USLCH,647.133888889,657.150833333,0.0125,133,5.99277777778
3182,636024824,2026-04-12T03:51:05,2026-04-12T12:51:13,2026-04-12T12:51:58,USLCH,647.133888889,656.148611111,0.0125,133,5.99111111111
3183,636024824,2026-04-12T04:50:17,2026-04-12T12:51:13,2026-04-12T12:51:58,USLCH,647.133888889,655.161944444,0.0125,132,5.97472222222
3184,636024824,2026-04-12T05:50:36,2026-04-12T12:51:13,2026-04-12T12:51:58,USLCH,647.133888889,654.156666667,0.0125,186,3.14694444444
3185,636024824,2026-04-12T06:50:57,2026-04-12T12:51:13,2026-04-12T12:51:58,USLCH,647.133888889,653.150833333,0.0125,245,4.15277777778
3186,636024824,2026-04-12T07:50:22,2026-04-12T12:51:13,2026-04-12T12:51:58,USLCH,647.133888889,652.160555556,0.0125,303,5.14305555556
3187,636024824,2026-04-12T08:50:53,2026-04-12T12:51:13,2026-04-12T12:51:58,USLCH,647.133888889,651.151944444,0.0125,352,5.98194444444
3188,636024824,2026-04-12T09:50:18,2026-04-12T12:51:13,2026-04-12T12:51:58,USLCH,647.133888889,650.161666667,0.0125,351,5.97
3189,636024824,2026-04-12T10:50:41,2026-04-12T12:51:13,2026-04-12T12:51:58,USLCH,647.133888889,649.155277778,0.0125,352,5.98944444444
3190,636024824,2026-04-12T11:47:59,2026-04-12T12:51:13,2026-04-12T12:51:58,USLCH,647.133888889,648.200277778,0.0125,349,5.93944444444
3191,636024824,2026-04-12T12:51:13,2026-04-12T12:51:13,2026-04-12T12:51:58,USLCH,647.133888889,647.146388889,0.0125,334,5.98722222222
3192,636024855,2026-04-06T03:11:51,2026-04-06T05:12:35,2026-04-06T05:12:43,GIGIB,72.7880555556,74.8025,0.00222222222222,28,0.456388888889
3193,636024855,2026-04-06T04:11:42,2026-04-06T05:12:35,2026-04-06T05:12:43,GIGIB,72.7880555556,73.805,0.00222222222222,87,1.45388888889
3194,636024855,2026-04-06T05:12:35,2026-04-06T05:12:35,2026-04-06T05:12:43,GIGIB,72.7880555556,72.7902777778,0.00222222222222,127,2.46861111111
3195,636024939,2026-04-07T12:51:19,2026-04-07T20:52:01,2026-04-07T20:52:12,ILASH,54.13,62.1447222222,0.00305555555556,64,1.06527777778
3196,636024939,2026-04-07T13:51:23,2026-04-07T20:52:01,2026-04-07T20:52:12,ILASH,54.13,61.1436111111,0.00305555555556,123,2.06638888889
3197,636024939,2026-04-07T14:51:31,2026-04-07T20:52:01,2026-04-07T20:52:12,ILASH,54.13,60.1413888889,0.00305555555556,182,3.06861111111
3198,636024939,2026-04-07T15:51:34,2026-04-07T20:52:01,2026-04-07T20:52:12,ILASH,54.13,59.1405555556,0.00305555555556,241,4.06944444444
3199,636024939,2026-04-07T16:51:32,2026-04-07T20:52:01,2026-04-07T20:52:12,ILASH,54.13,58.1411111111,0.00305555555556,296,5.06888888889
3200,636024939,2026-04-07T17:39:19,2026-04-07T20:52:01,2026-04-07T20:52:12,ILASH,54.13,57.3447222222,0.00305555555556,338,5.78055555556
3201,636024939,2026-04-07T19:51:08,2026-04-07T20:52:01,2026-04-07T20:52:12,ILASH,54.13,55.1477777778,0.00305555555556,238,5.97861111111
3202,636024939,2026-04-07T20:52:01,2026-04-07T20:52:01,2026-04-07T20:52:12,ILASH,54.13,54.1330555556,0.00305555555556,239,5.99138888889
3203,636025061,2026-04-06T23:17:46,2026-04-07T05:18:43,2026-04-07T05:19:00,ILHFA,58.6833333333,64.7038888889,0.00472222222222,48,0.794444444444
3204,636025061,2026-04-06T23:31:58,2026-04-07T05:18:43,2026-04-07T05:19:00,ILHFA,58.6833333333,64.4672222222,0.00472222222222,62,1.03111111111
3205,636025061,2026-04-07T05:18:43,2026-04-07T05:18:43,2026-04-07T05:19:00,ILHFA,58.6833333333,58.6880555556,0.00472222222222,43,5.99888888889
3206,636025888,2026-04-04T11:46:29,2026-04-04T13:51:06,2026-04-04T13:51:58,AMBIGUOUS:MALTA,12.1338888889,14.2252777778,0.0144444444444,37,0.658888888889
3207,636025888,2026-04-04T13:51:06,2026-04-04T13:51:06,2026-04-04T13:51:58,AMBIGUOUS:MALTA,12.1338888889,12.1483333333,0.0144444444444,63,2.73583333333
3208,636025912,2026-04-08T12:37:16,2026-04-08T15:37:22,2026-04-08T15:38:10,GRKLX,21.8638888889,24.8788888889,0.0133333333333,18,0.288055555556
3209,636025912,2026-04-08T13:37:16,2026-04-08T15:37:22,2026-04-08T15:38:10,GRKLX,21.8638888889,23.8788888889,0.0133333333333,77,1.28805555556
3210,636025912,2026-04-08T14:37:18,2026-04-08T15:37:22,2026-04-08T15:38:10,GRKLX,21.8638888889,22.8783333333,0.0133333333333,136,2.28861111111
3211,636025912,2026-04-08T15:37:22,2026-04-08T15:37:22,2026-04-08T15:38:10,GRKLX,21.8638888889,21.8772222222,0.0133333333333,195,3.28972222222
3212,636092313,2026-04-08T00:55:32,2026-04-08T06:56:04,2026-04-08T06:56:26,TRMRM,39.0594444444,45.0744444444,0.00611111111111,29,0.473888888889
3213,636092313,2026-04-08T01:55:29,2026-04-08T06:56:04,2026-04-08T06:56:26,TRMRM,39.0594444444,44.0752777778,0.00611111111111,88,1.47305555556
3214,636092313,2026-04-08T02:55:27,2026-04-08T06:56:04,2026-04-08T06:56:26,TRMRM,39.0594444444,43.0758333333,0.00611111111111,147,2.4725
3215,636092313,2026-04-08T03:12:43,2026-04-08T06:56:04,2026-04-08T06:56:26,TRMRM,39.0594444444,42.7880555556,0.00611111111111,164,2.76027777778
3216,636092313,2026-04-08T04:55:18,2026-04-08T06:56:04,2026-04-08T06:56:26,TRMRM,39.0594444444,41.0783333333,0.00611111111111,201,4.47
3217,636092313,2026-04-08T05:55:09,2026-04-08T06:56:04,2026-04-08T06:56:26,TRMRM,39.0594444444,40.0808333333,0.00611111111111,250,5.4675
3218,636092313,2026-04-08T06:56:04,2026-04-08T06:56:04,2026-04-08T06:56:26,TRMRM,39.0594444444,39.0655555556,0.00611111111111,281,5.99194444444
3219,636092552,2026-04-10T17:19:14,2026-04-11T10:20:07,2026-04-11T10:21:04,ESALG,90.6488888889,107.679444444,0.0158333333333,60,1.00222222222
3220,636092552,2026-04-10T17:40:37,2026-04-11T10:20:07,2026-04-11T10:21:04,ESALG,90.6488888889,107.323055556,0.0158333333333,81,1.35861111111
3221,636092552,2026-04-11T05:19:24,2026-04-11T10:20:07,2026-04-11T10:21:04,ESALG,90.6488888889,95.6766666667,0.0158333333333,47,0.778611111111
3222,636092552,2026-04-11T06:19:24,2026-04-11T10:20:07,2026-04-11T10:21:04,ESALG,90.6488888889,94.6766666667,0.0158333333333,106,1.77861111111
3223,636092552,2026-04-11T07:19:23,2026-04-11T10:20:07,2026-04-11T10:21:04,ESALG,90.6488888889,93.6769444444,0.0158333333333,165,2.77833333333
3224,636092552,2026-04-11T08:19:19,2026-04-11T10:20:07,2026-04-11T10:21:04,ESALG,90.6488888889,92.6780555556,0.0158333333333,224,3.77722222222
3225,636092552,2026-04-11T09:19:13,2026-04-11T10:20:07,2026-04-11T10:21:04,ESALG,90.6488888889,91.6797222222,0.0158333333333,283,4.77555555556
3226,636092552,2026-04-11T10:20:07,2026-04-11T10:20:07,2026-04-11T10:21:04,ESALG,90.6488888889,90.6647222222,0.0158333333333,343,5.79055555556
3227,636093132,2026-04-11T17:53:11,2026-04-12T17:53:56,2026-04-12T17:54:48,TRIST,74.0866666667,98.1136111111,0.0144444444444,46,0.763333333333
3228,636093132,2026-04-11T18:10:29,2026-04-12T17:53:56,2026-04-12T17:54:48,TRIST,74.0866666667,97.8252777778,0.0144444444444,63,1.05166666667
3229,636093132,2026-04-11T19:53:14,2026-04-12T17:53:56,2026-04-12T17:54:48,TRIST,74.0866666667,96.1127777778,0.0144444444444,76,2.76416666667
3230,636093132,2026-04-11T20:53:26,2026-04-12T17:53:56,2026-04-12T17:54:48,TRIST,74.0866666667,95.1094444444,0.0144444444444,135,3.7675
3231,636093132,2026-04-11T21:53:40,2026-04-12T17:53:56,2026-04-12T17:54:48,TRIST,74.0866666667,94.1055555556,0.0144444444444,194,4.77138888889
3232,636093132,2026-04-11T22:53:50,2026-04-12T17:53:56,2026-04-12T17:54:48,TRIST,74.0866666667,93.1027777778,0.0144444444444,253,5.77416666667
3233,636093132,2026-04-11T23:52:56,2026-04-12T17:53:56,2026-04-12T17:54:48,TRIST,74.0866666667,92.1177777778,0.0144444444444,265,5.97888888889
3234,636093132,2026-04-12T00:53:00,2026-04-12T17:53:56,2026-04-12T17:54:48,TRIST,74.0866666667,91.1166666667,0.0144444444444,307,5.19972222222
3235,636093132,2026-04-12T01:52:57,2026-04-12T17:53:56,2026-04-12T17:54:48,TRIST,74.0866666667,90.1175,0.0144444444444,311,5.97805555556
3236,636093132,2026-04-12T02:52:59,2026-04-12T17:53:56,2026-04-12T17:54:48,TRIST,74.0866666667,89.1169444444,0.0144444444444,311,5.97555555556
3237,636093132,2026-04-12T03:53:07,2026-04-12T17:53:56,2026-04-12T17:54:48,TRIST,74.0866666667,88.1147222222,0.0144444444444,311,5.97388888889
3238,636093132,2026-04-12T04:53:21,2026-04-12T17:53:56,2026-04-12T17:54:48,TRIST,74.0866666667,87.1108333333,0.0144444444444,311,5.975
3239,636093132,2026-04-12T05:53:40,2026-04-12T17:53:56,2026-04-12T17:54:48,TRIST,74.0866666667,86.1055555556,0.0144444444444,312,5.99527777778
3240,636093132,2026-04-12T06:53:00,2026-04-12T17:53:56,2026-04-12T17:54:48,TRIST,74.0866666667,85.1166666667,0.0144444444444,311,5.98305555556
3241,636093132,2026-04-12T07:53:27,2026-04-12T17:53:56,2026-04-12T17:54:48,TRIST,74.0866666667,84.1091666667,0.0144444444444,353,5.99138888889
3242,636093132,2026-04-12T08:52:56,2026-04-12T17:53:56,2026-04-12T17:54:48,TRIST,74.0866666667,83.1177777778,0.0144444444444,352,5.98222222222
3243,636093132,2026-04-12T09:53:23,2026-04-12T17:53:56,2026-04-12T17:54:48,TRIST,74.0866666667,82.1102777778,0.0144444444444,352,5.9875
3244,636093132,2026-04-12T10:53:45,2026-04-12T17:53:56,2026-04-12T17:54:48,TRIST,74.0866666667,81.1041666667,0.0144444444444,352,5.98972222222
3245,636093132,2026-04-12T11:53:06,2026-04-12T17:53:56,2026-04-12T17:54:48,TRIST,74.0866666667,80.115,0.0144444444444,351,5.97361111111
3246,636093132,2026-04-12T12:53:16,2026-04-12T17:53:56,2026-04-12T17:54:48,TRIST,74.0866666667,79.1122222222,0.0144444444444,352,5.98722222222
3247,636093132,2026-04-12T13:53:19,2026-04-12T17:53:56,2026-04-12T17:54:48,TRIST,74.0866666667,78.1113888889,0.0144444444444,352,5.98083333333
3248,636093132,2026-04-12T14:32:58,2026-04-12T17:53:56,2026-04-12T17:54:48,TRIST,74.0866666667,77.4505555556,0.0144444444444,333,5.65027777778
3249,636093132,2026-04-12T16:53:05,2026-04-12T17:53:56,2026-04-12T17:54:48,TRIST,74.0866666667,75.1152777778,0.0144444444444,249,5.97194444444
3250,636093132,2026-04-12T17:53:56,2026-04-12T17:53:56,2026-04-12T17:54:48,TRIST,74.0866666667,74.1011111111,0.0144444444444,248,5.99694444444
3251,636093171,2026-04-11T08:33:32,2026-04-11T14:33:36,2026-04-11T14:34:16,EGPSE,46.4288888889,52.4411111111,0.0111111111111,41,0.677222222222
3252,636093171,2026-04-11T09:33:26,2026-04-11T14:33:36,2026-04-11T14:34:16,EGPSE,46.4288888889,51.4427777778,0.0111111111111,81,1.67555555556
3253,636093171,2026-04-11T09:37:30,2026-04-11T14:33:36,2026-04-11T14:34:16,EGPSE,46.4288888889,51.375,0.0111111111111,85,1.74333333333
3254,636093171,2026-04-11T12:32:41,2026-04-11T14:33:36,2026-04-11T14:34:16,EGPSE,46.4288888889,48.4552777778,0.0111111111111,138,4.66305555556
3255,636093171,2026-04-11T13:33:35,2026-04-11T14:33:36,2026-04-11T14:34:16,EGPSE,46.4288888889,47.4402777778,0.0111111111111,198,5.67805555556
3256,636093171,2026-04-11T14:33:36,2026-04-11T14:33:36,2026-04-11T14:34:16,EGPSE,46.4288888889,46.44,0.0111111111111,216,5.98416666667
3257,636093237,2026-04-12T08:47:48,2026-04-12T17:14:23,2026-04-12T17:15:21,BEGNE,208.744166667,217.203333333,0.0161111111111,39,2.74888888889
3258,636093237,2026-04-12T09:56:27,2026-04-12T17:14:23,2026-04-12T17:15:21,BEGNE,208.744166667,216.059166667,0.0161111111111,65,3.89305555556
3259,636093237,2026-04-12T17:14:23,2026-04-12T17:14:23,2026-04-12T17:15:21,BEGNE,208.744166667,208.760277778,0.0161111111111,47,0.778333333333
3260,636093368,2026-04-05T11:42:24,2026-04-05T11:42:24,2026-04-05T11:42:45,EGPSD,52.7875,52.7933333333,0.00583333333333,64,1.06361111111
3261,647553008,2026-04-12T07:54:28,2026-04-12T12:55:18,2026-04-12T12:55:41,FOR_ORDERS,69.0719444444,74.0922222222,0.00638888888889,65,1.0925
3262,647553008,2026-04-12T08:54:59,2026-04-12T12:55:18,2026-04-12T12:55:41,FOR_ORDERS,69.0719444444,73.0836111111,0.00638888888889,97,2.10111111111
3263,647553008,2026-04-12T09:54:24,2026-04-12T12:55:18,2026-04-12T12:55:41,FOR_ORDERS,69.0719444444,72.0933333333,0.00638888888889,155,3.09138888889
3264,647553008,2026-04-12T10:54:46,2026-04-12T12:55:18,2026-04-12T12:55:41,FOR_ORDERS,69.0719444444,71.0872222222,0.00638888888889,214,4.0975
3265,647553008,2026-04-12T11:55:08,2026-04-12T12:55:18,2026-04-12T12:55:41,FOR_ORDERS,69.0719444444,70.0811111111,0.00638888888889,273,5.10361111111
3266,647553008,2026-04-12T12:55:18,2026-04-12T12:55:18,2026-04-12T12:55:41,FOR_ORDERS,69.0719444444,69.0783333333,0.00638888888889,325,5.98694444444
3267,667001639,2026-04-11T17:38:57,2026-04-12T11:39:48,2026-04-12T11:40:13,TRCKZ,48.3297222222,66.3508333333,0.00694444444444,46,0.865555555556
3268,667001639,2026-04-11T18:13:32,2026-04-12T11:39:48,2026-04-12T11:40:13,TRCKZ,48.3297222222,65.7744444444,0.00694444444444,60,1.44194444444
3269,667001639,2026-04-11T19:38:59,2026-04-12T11:39:48,2026-04-12T11:40:13,TRCKZ,48.3297222222,64.3502777778,0.00694444444444,81,2.86611111111
3270,667001639,2026-04-11T20:39:08,2026-04-12T11:39:48,2026-04-12T11:40:13,TRCKZ,48.3297222222,63.3477777778,0.00694444444444,140,3.86861111111
3271,667001639,2026-04-11T21:39:22,2026-04-12T11:39:48,2026-04-12T11:40:13,TRCKZ,48.3297222222,62.3438888889,0.00694444444444,199,4.8725
3272,667001639,2026-04-11T22:39:34,2026-04-12T11:39:48,2026-04-12T11:40:13,TRCKZ,48.3297222222,61.3405555556,0.00694444444444,258,5.87583333333
3273,667001639,2026-04-11T23:39:41,2026-04-12T11:39:48,2026-04-12T11:40:13,TRCKZ,48.3297222222,60.3386111111,0.00694444444444,271,5.99527777778
3274,667001639,2026-04-12T00:31:38,2026-04-12T11:39:48,2026-04-12T11:40:13,TRCKZ,48.3297222222,59.4727777778,0.00694444444444,298,5.31861111111
3275,667001639,2026-04-12T02:39:45,2026-04-12T11:39:48,2026-04-12T11:40:13,TRCKZ,48.3297222222,57.3375,0.00694444444444,224,5.99305555556
3276,667001639,2026-04-12T03:38:50,2026-04-12T11:39:48,2026-04-12T11:40:13,TRCKZ,48.3297222222,56.3527777778,0.00694444444444,223,5.97388888889
3277,667001639,2026-04-12T04:39:03,2026-04-12T11:39:48,2026-04-12T11:40:13,TRCKZ,48.3297222222,55.3491666667,0.00694444444444,223,5.97444444444
3278,667001639,2026-04-12T05:39:20,2026-04-12T11:39:48,2026-04-12T11:40:13,TRCKZ,48.3297222222,54.3444444444,0.00694444444444,223,5.97722222222
3279,667001639,2026-04-12T06:39:42,2026-04-12T11:39:48,2026-04-12T11:40:13,TRCKZ,48.3297222222,53.3383333333,0.00694444444444,241,4.08388888889
3280,667001639,2026-04-12T07:39:06,2026-04-12T11:39:48,2026-04-12T11:40:13,TRCKZ,48.3297222222,52.3483333333,0.00694444444444,299,5.07388888889
3281,667001639,2026-04-12T08:39:35,2026-04-12T11:39:48,2026-04-12T11:40:13,TRCKZ,48.3297222222,51.3402777778,0.00694444444444,352,5.98027777778
3282,667001639,2026-04-12T09:39:04,2026-04-12T11:39:48,2026-04-12T11:40:13,TRCKZ,48.3297222222,50.3488888889,0.00694444444444,352,5.98694444444
3283,667001639,2026-04-12T10:35:21,2026-04-12T11:39:48,2026-04-12T11:40:13,TRCKZ,48.3297222222,49.4108333333,0.00694444444444,346,5.92138888889
3284,667001639,2026-04-12T11:39:48,2026-04-12T11:39:48,2026-04-12T11:40:13,TRCKZ,48.3297222222,48.3366666667,0.00694444444444,341,5.99055555556
3285,667002240,2026-04-10T05:42:25,2026-04-10T17:44:42,2026-04-10T17:45:04,EGPSD,60.2488888889,72.2930555556,0.00611111111111,24,0.389722222222
3286,667002240,2026-04-10T06:44:27,2026-04-10T17:44:42,2026-04-10T17:45:04,EGPSD,60.2488888889,71.2591666667,0.00611111111111,33,1.42361111111
3287,667002240,2026-04-10T07:44:30,2026-04-10T17:44:42,2026-04-10T17:45:04,EGPSD,60.2488888889,70.2583333333,0.00611111111111,92,2.42444444444
3288,667002240,2026-04-10T08:36:24,2026-04-10T17:44:42,2026-04-10T17:45:04,EGPSD,60.2488888889,69.3933333333,0.00611111111111,143,3.28944444444
3289,667002240,2026-04-10T09:37:28,2026-04-10T17:44:42,2026-04-10T17:45:04,EGPSD,60.2488888889,68.3755555556,0.00611111111111,162,4.30722222222
3290,667002240,2026-04-10T10:56:46,2026-04-10T17:44:42,2026-04-10T17:45:04,EGPSD,60.2488888889,67.0538888889,0.00611111111111,149,4.34083333333
3291,667002240,2026-04-10T12:39:18,2026-04-10T17:44:42,2026-04-10T17:45:04,EGPSD,60.2488888889,65.345,0.00611111111111,170,5.89722222222
3292,667002240,2026-04-10T14:44:24,2026-04-10T17:44:42,2026-04-10T17:45:04,EGPSD,60.2488888889,63.26,0.00611111111111,72,5.42083333333
3293,667002240,2026-04-10T15:44:29,2026-04-10T17:44:42,2026-04-10T17:45:04,EGPSD,60.2488888889,62.2586111111,0.00611111111111,112,4.96444444444
3294,667002240,2026-04-10T16:44:36,2026-04-10T17:44:42,2026-04-10T17:45:04,EGPSD,60.2488888889,61.2566666667,0.00611111111111,163,5.96638888889
3295,667002240,2026-04-10T17:44:42,2026-04-10T17:44:42,2026-04-10T17:45:04,EGPSD,60.2488888889,60.255,0.00611111111111,211,5.58083333333
3296,667002260,2026-04-10T02:57:37,2026-04-10T08:57:47,2026-04-10T08:58:47,FOR_ORDERS,318.020277778,324.039722222,0.0166666666667,35,0.576944444444
3297,667002260,2026-04-10T03:57:39,2026-04-10T08:57:47,2026-04-10T08:58:47,FOR_ORDERS,318.020277778,323.039166667,0.0166666666667,94,1.5775
3298,667002260,2026-04-10T04:57:39,2026-04-10T08:57:47,2026-04-10T08:58:47,FOR_ORDERS,318.020277778,322.039166667,0.0166666666667,153,2.5775
3299,667002260,2026-04-10T05:35:18,2026-04-10T08:57:47,2026-04-10T08:58:47,FOR_ORDERS,318.020277778,321.411666667,0.0166666666667,190,3.205
3300,667002260,2026-04-10T06:57:41,2026-04-10T08:57:47,2026-04-10T08:58:47,FOR_ORDERS,318.020277778,320.038611111,0.0166666666667,199,4.57805555556
3301,667002260,2026-04-10T07:56:43,2026-04-10T08:57:47,2026-04-10T08:58:47,FOR_ORDERS,318.020277778,319.054722222,0.0166666666667,257,5.56194444444
3302,667002260,2026-04-10T08:57:47,2026-04-10T08:57:47,2026-04-10T08:58:47,FOR_ORDERS,318.020277778,318.036944444,0.0166666666667,232,5.98583333333
3303,667002373,2026-04-07T15:00:41,2026-04-08T14:13:54,2026-04-08T14:14:39,TEXT:W AFRICA,-128.244166667,-105.011388889,0.0125,58,0.967777777778
3304,667002373,2026-04-08T06:03:17,2026-04-08T14:13:54,2026-04-08T14:14:39,TEXT:W AFRICA,-128.244166667,-120.054722222,0.0125,45,0.946944444444
3305,667002373,2026-04-08T09:09:09,2026-04-08T14:13:54,2026-04-08T14:14:39,TEXT:W AFRICA,-128.244166667,-123.1525,0.0125,59,4.04472222222
3306,667002373,2026-04-08T10:13:10,2026-04-08T14:13:54,2026-04-08T14:14:39,TEXT:W AFRICA,-128.244166667,-124.219444444,0.0125,111,5.11166666667
3307,667002373,2026-04-08T10:18:15,2026-04-08T14:13:54,2026-04-08T14:14:39,TEXT:W AFRICA,-128.244166667,-124.304166667,0.0125,108,5.06111111111
3308,667002373,2026-04-08T12:13:53,2026-04-08T14:13:54,2026-04-08T14:14:39,TEXT:W AFRICA,-128.244166667,-126.231388889,0.0125,122,3.29916666667
3309,667002373,2026-04-08T13:13:52,2026-04-08T14:13:54,2026-04-08T14:14:39,TEXT:W AFRICA,-128.244166667,-127.231111111,0.0125,181,4.29888888889
3310,667002373,2026-04-08T14:13:54,2026-04-08T14:13:54,2026-04-08T14:14:39,TEXT:W AFRICA,-128.244166667,-128.231666667,0.0125,240,5.29944444444
3311,671500100,2026-04-07T01:09:16,2026-04-07T04:09:44,2026-04-07T04:10:25,TEXT:FOR ORD,101.826388889,104.845555556,0.0113888888889,17,0.270277777778
3312,671500100,2026-04-07T01:18:24,2026-04-07T04:09:44,2026-04-07T04:10:25,TEXT:FOR ORD,101.826388889,104.693333333,0.0113888888889,26,0.4225
3313,671500100,2026-04-07T03:08:54,2026-04-07T04:09:44,2026-04-07T04:10:25,TEXT:FOR ORD,101.826388889,102.851666667,0.0113888888889,50,2.26416666667
3314,671500100,2026-04-07T04:09:44,2026-04-07T04:09:44,2026-04-07T04:10:25,TEXT:FOR ORD,101.826388889,101.837777778,0.0113888888889,110,3.27805555556
3315,671562100,2026-04-08T10:19:15,2026-04-08T17:23:08,2026-04-08T17:23:39,TEXT:SHENGJIN,40.6058333333,47.6791666667,0.00861111111111,69,1.15138888889
3316,671562100,2026-04-08T11:23:06,2026-04-08T17:23:08,2026-04-08T17:23:39,TEXT:SHENGJIN,40.6058333333,46.615,0.00861111111111,103,2.21555555556
3317,671562100,2026-04-08T12:09:49,2026-04-08T17:23:08,2026-04-08T17:23:39,TEXT:SHENGJIN,40.6058333333,45.8363888889,0.00861111111111,149,2.99416666667
3318,671562100,2026-04-08T13:23:02,2026-04-08T17:23:08,2026-04-08T17:23:39,TEXT:SHENGJIN,40.6058333333,44.6161111111,0.00861111111111,173,4.21444444444
3319,671562100,2026-04-08T14:23:03,2026-04-08T17:23:08,2026-04-08T17:23:39,TEXT:SHENGJIN,40.6058333333,43.6158333333,0.00861111111111,232,5.21472222222
3320,671562100,2026-04-08T15:23:07,2026-04-08T17:23:08,2026-04-08T17:23:39,TEXT:SHENGJIN,40.6058333333,42.6147222222,0.00861111111111,278,5.99555555556
3321,671562100,2026-04-08T16:22:08,2026-04-08T17:23:08,2026-04-08T17:23:39,TEXT:SHENGJIN,40.6058333333,41.6311111111,0.00861111111111,280,5.96361111111
3322,671562100,2026-04-08T17:23:08,2026-04-08T17:23:08,2026-04-08T17:23:39,TEXT:SHENGJIN,40.6058333333,40.6144444444,0.00861111111111,306,5.98361111111
3323,672296000,2026-04-06T21:44:29,2026-04-06T23:45:09,2026-04-06T23:45:57,TNBIZ,42.2341666667,44.2586111111,0.0133333333333,25,0.405277777778
3324,672296000,2026-04-06T22:44:18,2026-04-06T23:45:09,2026-04-06T23:45:57,TNBIZ,42.2341666667,43.2616666667,0.0133333333333,83,1.40222222222
3325,672296000,2026-04-06T23:45:09,2026-04-06T23:45:09,2026-04-06T23:45:57,TNBIZ,42.2341666667,42.2475,0.0133333333333,143,2.41638888889
3326,677089900,2026-04-07T13:52:25,2026-04-07T20:53:02,2026-04-07T20:53:16,TRIST,85.1122222222,92.1263888889,0.00388888888889,59,0.984444444444
3327,677089900,2026-04-07T14:52:32,2026-04-07T20:53:02,2026-04-07T20:53:16,TRIST,85.1122222222,91.1244444444,0.00388888888889,118,1.98638888889
3328,677089900,2026-04-07T15:52:35,2026-04-07T20:53:02,2026-04-07T20:53:16,TRIST,85.1122222222,90.1236111111,0.00388888888889,177,2.98722222222
3329,677089900,2026-04-07T16:52:33,2026-04-07T20:53:02,2026-04-07T20:53:16,TRIST,85.1122222222,89.1241666667,0.00388888888889,233,3.98666666667
3330,677089900,2026-04-07T17:52:31,2026-04-07T20:53:02,2026-04-07T20:53:16,TRIST,85.1122222222,88.1247222222,0.00388888888889,292,4.98611111111
3331,677089900,2026-04-07T18:23:58,2026-04-07T20:53:02,2026-04-07T20:53:16,TRIST,85.1122222222,87.6005555556,0.00388888888889,323,5.51027777778
3332,677089900,2026-04-07T19:52:09,2026-04-07T20:53:02,2026-04-07T20:53:16,TRIST,85.1122222222,86.1308333333,0.00388888888889,298,5.97861111111
3333,677089900,2026-04-07T20:53:02,2026-04-07T20:53:02,2026-04-07T20:53:16,TRIST,85.1122222222,85.1161111111,0.00388888888889,299,5.99111111111
