mmsi,window_end_at,history_cutoff_at,raw_points,observed_span_h
210627000,2026-04-04T04:15:28,2026-04-16T12:43:53,2,0.016944444444444446
210627000,2026-04-15T15:31:27,2026-04-16T12:43:53,53,0.8827777777777778
210627000,2026-04-16T02:04:00,2026-04-16T12:43:53,356,5.998055555555555
210627000,2026-04-16T12:43:53,2026-04-16T12:43:53,350,5.998888888888889
210688000,2026-04-07T01:28:32,2026-04-16T12:43:53,2,0.016944444444444446
210688000,2026-04-08T09:18:18,2026-04-16T12:43:53,267,4.501944444444445
210688000,2026-04-09T22:40:31,2026-04-16T12:43:53,196,3.2941666666666665
210688000,2026-04-16T12:43:53,2026-04-16T12:43:53,116,5.998888888888889
212690000,2026-04-16T12:18:30,2026-04-16T12:26:38,2,0.016666666666666666
212690000,2026-04-16T12:20:32,2026-04-16T12:26:38,4,0.050555555555555555
212690000,2026-04-16T12:23:35,2026-04-16T12:26:38,7,0.10138888888888889
212690000,2026-04-16T12:26:38,2026-04-16T12:26:38,10,0.15222222222222223
215035000,2026-04-10T19:15:09,2026-04-11T03:23:39,2,0.016666666666666666
215035000,2026-04-10T21:27:17,2026-04-11T03:23:39,132,2.218888888888889
215035000,2026-04-10T23:39:24,2026-04-11T03:23:39,262,4.420833333333333
215035000,2026-04-11T03:23:39,2026-04-11T03:23:39,264,5.990277777777778
215054000,2026-04-07T12:36:06,2026-04-16T12:43:53,2,0.016944444444444446
215054000,2026-04-08T19:27:45,2026-04-16T12:43:53,355,5.993888888888889
215054000,2026-04-09T19:42:06,2026-04-16T12:43:53,356,5.999722222222222
215054000,2026-04-16T12:43:53,2026-04-16T12:43:53,188,5.998888888888889
215178000,2026-04-07T16:49:30,2026-04-07T20:38:48,2,0.016944444444444446
215178000,2026-04-07T18:43:12,2026-04-07T20:38:48,58,1.9119444444444444
215178000,2026-04-07T19:40:59,2026-04-07T20:38:48,115,2.875
215178000,2026-04-07T20:38:48,2026-04-07T20:38:48,172,3.838611111111111
215232000,2026-04-03T10:52:46,2026-04-16T12:43:53,2,0.016944444444444446
215232000,2026-04-09T06:41:54,2026-04-16T12:43:53,312,5.997777777777777
215232000,2026-04-12T17:38:43,2026-04-16T12:43:53,355,5.9991666666666665
215232000,2026-04-16T12:43:53,2026-04-16T12:43:53,355,5.998888888888889
215270000,2026-04-08T22:52:30,2026-04-08T23:54:22,2,0.016944444444444446
215270000,2026-04-08T23:20:54,2026-04-08T23:54:22,18,0.49027777777777776
215270000,2026-04-08T23:37:07,2026-04-08T23:54:22,34,0.7605555555555555
215270000,2026-04-08T23:54:22,2026-04-08T23:54:22,51,1.0480555555555555
215282000,2026-04-12T08:12:56,2026-04-12T11:58:12,2,0.017222222222222222
215282000,2026-04-12T09:13:27,2026-04-12T11:58:12,43,1.0258333333333334
215282000,2026-04-12T11:08:04,2026-04-12T11:58:12,84,2.936111111111111
215282000,2026-04-12T11:58:12,2026-04-12T11:58:12,125,3.7716666666666665
215481000,2026-04-05T08:06:43,2026-04-13T00:21:56,2,0.016944444444444446
215481000,2026-04-05T10:47:42,2026-04-13T00:21:56,144,2.7
215481000,2026-04-12T21:58:05,2026-04-13T00:21:56,91,1.6372222222222221
215481000,2026-04-13T00:21:56,2026-04-13T00:21:56,233,4.034722222222222
215498000,2026-04-12T05:21:58,2026-04-16T12:43:53,2,0.017222222222222222
215498000,2026-04-13T09:26:25,2026-04-16T12:43:53,350,5.985277777777778
215498000,2026-04-15T11:37:47,2026-04-16T12:43:53,355,5.986666666666666
215498000,2026-04-16T12:43:53,2026-04-16T12:43:53,355,5.998888888888889
215826000,2026-04-03T15:24:32,2026-04-03T20:07:10,2,0.016944444444444446
215826000,2026-04-03T17:25:08,2026-04-03T20:07:10,59,2.0269444444444447
215826000,2026-04-03T19:07:25,2026-04-03T20:07:10,116,3.7316666666666665
215826000,2026-04-03T20:07:10,2026-04-03T20:07:10,173,4.7275
215867000,2026-04-06T14:29:41,2026-04-10T00:59:38,2,0.016666666666666666
215867000,2026-04-08T01:32:06,2026-04-10T00:59:38,160,2.7086111111111113
215867000,2026-04-09T06:11:27,2026-04-10T00:59:38,244,5.997222222222222
215867000,2026-04-10T00:59:38,2026-04-10T00:59:38,291,5.1402777777777775
215909000,2026-04-04T07:01:38,2026-04-15T06:14:04,2,0.016944444444444446
215909000,2026-04-07T02:04:01,2026-04-15T06:14:04,342,5.9975
215909000,2026-04-11T17:02:18,2026-04-15T06:14:04,313,5.4061111111111115
215909000,2026-04-15T06:14:04,2026-04-15T06:14:04,356,5.998055555555555
215958000,2026-04-13T16:55:23,2026-04-16T12:43:53,2,0.016944444444444446
215958000,2026-04-15T10:07:26,2026-04-16T12:43:53,351,5.985
215958000,2026-04-15T23:32:53,2026-04-16T12:43:53,340,5.993888888888889
215958000,2026-04-16T12:43:53,2026-04-16T12:43:53,355,5.998888888888889
215993000,2026-04-08T14:13:54,2026-04-08T19:54:05,2,0.016944444444444446
215993000,2026-04-08T15:59:45,2026-04-08T19:54:05,106,1.781111111111111
215993000,2026-04-08T18:07:44,2026-04-08T19:54:05,210,3.9141666666666666
215993000,2026-04-08T19:54:05,2026-04-08T19:54:05,315,5.6866666666666665
219028212,2026-04-11T16:35:49,2026-04-12T11:17:17,2,0.016944444444444446
219028212,2026-04-11T22:26:19,2026-04-12T11:17:17,289,5.858611111111111
219028212,2026-04-12T06:06:58,2026-04-12T11:17:17,190,5.996111111111111
219028212,2026-04-12T11:17:17,2026-04-12T11:17:17,337,5.990277777777778
219031822,2026-04-09T07:24:33,2026-04-10T20:43:35,2,0.016944444444444446
219031822,2026-04-09T19:49:12,2026-04-10T20:43:35,356,5.999722222222222
219031822,2026-04-10T08:16:03,2026-04-10T20:43:35,354,5.986111111111111
219031822,2026-04-10T20:43:35,2026-04-10T20:43:35,354,5.9863888888888885
219110000,2026-04-10T16:32:22,2026-04-11T09:55:46,2,0.016944444444444446
219110000,2026-04-11T05:25:30,2026-04-11T09:55:46,18,5.988333333333333
219110000,2026-04-11T07:40:43,2026-04-11T09:55:46,143,2.4058333333333333
219110000,2026-04-11T09:55:46,2026-04-11T09:55:46,276,4.656666666666666
219133000,2026-04-13T10:42:31,2026-04-13T15:16:49,2,0.016944444444444446
219133000,2026-04-13T12:17:55,2026-04-13T15:16:49,90,1.6069444444444445
219133000,2026-04-13T13:47:22,2026-04-13T15:16:49,178,3.097777777777778
219133000,2026-04-13T15:16:49,2026-04-13T15:16:49,266,4.588611111111111
219210000,2026-04-09T23:57:40,2026-04-10T05:33:16,2,0.016944444444444446
219210000,2026-04-10T01:49:25,2026-04-10T05:33:16,112,1.8794444444444445
219210000,2026-04-10T03:41:23,2026-04-10T05:33:16,222,3.7455555555555557
219210000,2026-04-10T05:33:16,2026-04-10T05:33:16,332,5.610277777777778
219303000,2026-04-04T13:03:28,2026-04-04T14:12:24,2,0.016666666666666666
219303000,2026-04-04T13:25:46,2026-04-04T14:12:24,24,0.3883333333333333
219303000,2026-04-04T13:49:04,2026-04-04T14:12:24,47,0.7766666666666666
219303000,2026-04-04T14:12:24,2026-04-04T14:12:24,70,1.1655555555555555
219432000,2026-04-03T10:43:39,2026-04-16T12:43:53,2,0.016944444444444446
219432000,2026-04-13T22:03:06,2026-04-16T12:43:53,305,5.991944444444444
219432000,2026-04-15T17:30:13,2026-04-16T12:43:53,355,5.9925
219432000,2026-04-16T12:43:53,2026-04-16T12:43:53,355,5.998888888888889
219550000,2026-04-08T12:56:35,2026-04-08T16:18:04,2,0.016944444444444446
219550000,2026-04-08T14:03:43,2026-04-08T16:18:04,68,1.1358333333333333
219550000,2026-04-08T15:10:54,2026-04-08T16:18:04,134,2.2555555555555555
219550000,2026-04-08T16:18:04,2026-04-08T16:18:04,200,3.375
219608000,2026-04-09T23:54:37,2026-04-10T06:45:28,2,0.016944444444444446
219608000,2026-04-10T01:43:19,2026-04-10T06:45:28,109,1.8286111111111112
219608000,2026-04-10T03:32:14,2026-04-10T06:45:28,216,3.6438888888888887
219608000,2026-04-10T06:45:28,2026-04-10T06:45:28,272,5.984166666666667
228481700,2026-04-10T16:31:21,2026-04-11T07:28:31,2,0.016944444444444446
228481700,2026-04-11T01:45:16,2026-04-11T07:28:31,125,4.147222222222222
228481700,2026-04-11T05:02:08,2026-04-11T07:28:31,245,5.988611111111111
228481700,2026-04-11T07:28:31,2026-04-11T07:28:31,304,5.991666666666666
229331000,2026-04-11T13:49:51,2026-04-12T02:26:32,2,0.016944444444444446
229331000,2026-04-11T19:18:37,2026-04-12T02:26:32,208,5.496388888888889
229331000,2026-04-11T22:48:44,2026-04-12T02:26:32,237,5.994722222222222
229331000,2026-04-12T02:26:32,2026-04-12T02:26:32,346,5.994166666666667
229370000,2026-04-05T08:00:38,2026-04-08T17:25:10,2,0.016666666666666666
229370000,2026-04-06T04:59:24,2026-04-08T17:25:10,356,5.999444444444444
229370000,2026-04-07T17:13:53,2026-04-08T17:25:10,285,5.998888888888889
229370000,2026-04-08T17:25:10,2026-04-08T17:25:10,354,5.983611111111111
229412000,2026-04-11T11:35:55,2026-04-11T17:59:18,2,0.016944444444444446
229412000,2026-04-11T13:42:44,2026-04-11T17:59:18,127,2.1305555555555555
229412000,2026-04-11T15:50:59,2026-04-11T17:59:18,253,4.268055555555556
229412000,2026-04-11T17:59:18,2026-04-11T17:59:18,354,5.984444444444445
229456000,2026-04-03T12:03:43,2026-04-05T11:04:56,2,0.016666666666666666
229456000,2026-04-03T15:08:19,2026-04-05T11:04:56,184,3.0933333333333333
229456000,2026-04-05T07:40:24,2026-04-05T11:04:56,52,0.8605555555555555
229456000,2026-04-05T11:04:56,2026-04-05T11:04:56,235,4.269444444444445
229471000,2026-04-05T06:56:52,2026-04-11T06:51:56,2,0.016944444444444446
229471000,2026-04-11T01:41:12,2026-04-11T06:51:56,76,2.0130555555555554
229471000,2026-04-11T04:43:51,2026-04-11T06:51:56,201,5.057222222222222
229471000,2026-04-11T06:51:56,2026-04-11T06:51:56,268,5.990555555555556
229548000,2026-04-10T03:16:57,2026-04-10T21:42:32,2,0.016944444444444446
229548000,2026-04-10T15:45:30,2026-04-10T21:42:32,118,1.985
229548000,2026-04-10T18:43:40,2026-04-10T21:42:32,293,4.954444444444444
229548000,2026-04-10T21:42:32,2026-04-10T21:42:32,354,5.9847222222222225
229648000,2026-04-09T22:11:06,2026-04-10T00:47:26,2,0.016944444444444446
229648000,2026-04-09T23:18:04,2026-04-10T00:47:26,46,1.1330555555555555
229648000,2026-04-10T00:02:45,2026-04-10T00:47:26,90,1.8777777777777778
229648000,2026-04-10T00:47:26,2026-04-10T00:47:26,134,2.6225
230723000,2026-04-08T11:28:10,2026-04-08T19:00:24,2,0.016944444444444446
230723000,2026-04-08T13:58:38,2026-04-08T19:00:24,141,2.524722222222222
230723000,2026-04-08T16:39:26,2026-04-08T19:00:24,280,5.204722222222222
230723000,2026-04-08T19:00:24,2026-04-08T19:00:24,336,5.995833333333334
232012490,2026-04-09T20:46:56,2026-04-09T22:20:14,2,0.016666666666666666
232012490,2026-04-09T21:26:28,2026-04-09T22:20:14,28,0.6755555555555556
232012490,2026-04-09T21:52:50,2026-04-09T22:20:14,54,1.115
232012490,2026-04-09T22:20:14,2026-04-09T22:20:14,81,1.5716666666666668
232026551,2026-04-10T18:51:48,2026-04-11T00:05:48,2,0.016944444444444446
232026551,2026-04-10T20:36:29,2026-04-11T00:05:48,105,1.7616666666666667
232026551,2026-04-10T22:21:10,2026-04-11T00:05:48,208,3.506388888888889
232026551,2026-04-11T00:05:48,2026-04-11T00:05:48,311,5.250277777777778
232058998,2026-04-10T02:14:51,2026-04-10T17:22:18,2,0.016944444444444446
232058998,2026-04-10T13:15:54,2026-04-10T17:22:18,50,5.998333333333333
232058998,2026-04-10T15:28:11,2026-04-10T17:22:18,131,2.7977777777777777
232058998,2026-04-10T17:22:18,2026-04-10T17:22:18,226,4.699722222222222
232061535,2026-04-11T16:35:49,2026-04-12T07:06:19,2,0.016944444444444446
232061535,2026-04-11T21:29:09,2026-04-12T07:06:19,285,4.905833333333334
232061535,2026-04-12T02:17:22,2026-04-12T07:06:19,354,5.9944444444444445
232061535,2026-04-12T07:06:19,2026-04-12T07:06:19,353,5.9847222222222225
232062004,2026-04-10T17:24:20,2026-04-12T09:16:31,2,0.016944444444444446
232062004,2026-04-11T21:43:27,2026-04-12T09:16:31,178,5.993055555555555
232062004,2026-04-12T03:57:12,2026-04-12T09:16:31,297,5.990833333333334
232062004,2026-04-12T09:16:31,2026-04-12T09:16:31,350,5.9847222222222225
232063279,2026-04-11T13:42:44,2026-04-12T01:29:35,2,0.016944444444444446
232063279,2026-04-11T19:30:50,2026-04-12T01:29:35,178,5.818611111111111
232063279,2026-04-11T22:30:24,2026-04-12T01:29:35,232,3.9591666666666665
232063279,2026-04-12T01:29:35,2026-04-12T01:29:35,354,5.996111111111111
235010170,2026-04-05T11:50:31,2026-04-05T16:53:34,2,0.016944444444444446
235010170,2026-04-05T13:22:42,2026-04-05T16:53:34,88,1.5533333333333332
235010170,2026-04-05T15:18:14,2026-04-05T16:53:34,174,3.4788888888888887
235010170,2026-04-05T16:53:34,2026-04-05T16:53:34,260,5.067777777777778
236623000,2026-04-11T14:06:08,2026-04-12T12:16:35,2,0.016944444444444446
236623000,2026-04-11T22:02:51,2026-04-12T12:16:35,282,4.7716666666666665
236623000,2026-04-12T06:21:18,2026-04-12T12:16:35,217,3.6755555555555555
236623000,2026-04-12T12:16:35,2026-04-12T12:16:35,352,5.989722222222222
238066000,2026-04-11T20:37:06,2026-04-12T07:17:35,2,0.016944444444444446
238066000,2026-04-12T04:29:51,2026-04-12T07:17:35,17,0.2722222222222222
238066000,2026-04-12T05:53:40,2026-04-12T07:17:35,99,1.6691666666666667
238066000,2026-04-12T07:17:35,2026-04-12T07:17:35,181,3.0677777777777777
240544000,2026-04-07T02:01:59,2026-04-10T09:47:38,2,0.016944444444444446
240544000,2026-04-10T02:44:23,2026-04-10T09:47:38,32,0.5261111111111111
240544000,2026-04-10T08:20:07,2026-04-10T09:47:38,110,5.986111111111111
240544000,2026-04-10T09:47:38,2026-04-10T09:47:38,142,2.628888888888889
240633000,2026-04-11T16:41:55,2026-04-12T11:38:46,2,0.016944444444444446
240633000,2026-04-12T04:11:29,2026-04-12T11:38:46,174,5.990833333333334
240633000,2026-04-12T07:58:34,2026-04-12T11:38:46,283,4.923333333333333
240633000,2026-04-12T11:38:46,2026-04-12T11:38:46,352,5.990555555555556
240788000,2026-04-03T10:43:39,2026-04-03T14:56:09,2,0.016944444444444446
240788000,2026-04-03T12:07:47,2026-04-03T14:56:09,85,1.4191666666666667
240788000,2026-04-03T13:31:57,2026-04-03T14:56:09,168,2.8219444444444446
240788000,2026-04-03T14:56:09,2026-04-03T14:56:09,251,4.2252777777777775
240878000,2026-04-06T21:33:20,2026-04-06T22:00:42,2,0.016944444444444446
240878000,2026-04-06T21:42:27,2026-04-06T22:00:42,11,0.1688888888888889
240878000,2026-04-06T21:51:35,2026-04-06T22:00:42,20,0.3211111111111111
240878000,2026-04-06T22:00:42,2026-04-06T22:00:42,29,0.47305555555555556
240893000,2026-04-03T10:43:39,2026-04-07T12:01:36,2,0.016944444444444446
240893000,2026-04-04T16:16:01,2026-04-07T12:01:36,356,5.995833333333334
240893000,2026-04-06T04:35:02,2026-04-07T12:01:36,308,5.998611111111111
240893000,2026-04-07T12:01:36,2026-04-07T12:01:36,343,5.987777777777778
240942000,2026-04-05T12:51:17,2026-04-08T22:30:11,2,0.016944444444444446
240942000,2026-04-06T14:18:32,2026-04-08T22:30:11,333,5.984444444444445
240942000,2026-04-07T14:54:35,2026-04-08T22:30:11,350,5.995277777777778
240942000,2026-04-08T22:30:11,2026-04-08T22:30:11,264,5.964444444444444
241287000,2026-04-04T22:47:56,2026-04-13T23:23:02,2,0.016944444444444446
241287000,2026-04-05T00:43:24,2026-04-13T23:23:02,105,1.9413888888888888
241287000,2026-04-13T20:32:59,2026-04-13T23:23:02,9,0.135
241287000,2026-04-13T23:23:02,2026-04-13T23:23:02,113,2.9691666666666667
241298000,2026-04-08T21:00:57,2026-04-08T22:31:12,2,0.016944444444444446
241298000,2026-04-08T21:30:21,2026-04-08T22:31:12,30,0.5069444444444444
241298000,2026-04-08T22:01:47,2026-04-08T22:31:12,58,1.0308333333333333
241298000,2026-04-08T22:31:12,2026-04-08T22:31:12,87,1.521111111111111
241618000,2026-04-10T02:47:26,2026-04-10T14:34:13,2,0.016944444444444446
241618000,2026-04-10T08:38:26,2026-04-10T14:34:13,138,5.866944444444444
241618000,2026-04-10T10:56:46,2026-04-10T14:34:13,212,3.950833333333333
241618000,2026-04-10T14:34:13,2026-04-10T14:34:13,278,5.9975
241689000,2026-04-10T07:01:45,2026-04-11T00:36:15,2,0.016944444444444446
241689000,2026-04-10T18:11:09,2026-04-11T00:36:15,111,1.8675
241689000,2026-04-10T21:16:06,2026-04-11T00:36:15,276,4.95
241689000,2026-04-11T00:36:15,2026-04-11T00:36:15,306,5.995
241745000,2026-04-08T15:15:59,2026-04-08T21:32:23,2,0.016944444444444446
241745000,2026-04-08T16:03:49,2026-04-08T21:32:23,47,0.8141666666666667
241745000,2026-04-08T20:46:45,2026-04-08T21:32:23,92,5.529722222222222
241745000,2026-04-08T21:32:23,2026-04-08T21:32:23,119,5.9847222222222225
241751000,2026-04-06T14:00:17,2026-04-06T15:20:26,2,0.016666666666666666
241751000,2026-04-06T14:21:35,2026-04-06T15:20:26,23,0.37166666666666665
241751000,2026-04-06T14:58:06,2026-04-06T15:20:26,44,0.9802777777777778
241751000,2026-04-06T15:20:26,2026-04-06T15:20:26,66,1.3525
241859000,2026-04-08T09:54:52,2026-04-08T13:49:28,2,0.016944444444444446
241859000,2026-04-08T11:16:00,2026-04-08T13:49:28,77,1.3691666666666666
241859000,2026-04-08T12:32:11,2026-04-08T13:49:28,152,2.638888888888889
241859000,2026-04-08T13:49:28,2026-04-08T13:49:28,228,3.9269444444444446
241929000,2026-04-12T04:06:23,2026-04-12T12:15:34,2,0.017222222222222222
241929000,2026-04-12T07:45:15,2026-04-12T12:15:34,133,3.665
241929000,2026-04-12T10:00:33,2026-04-12T12:15:34,265,5.92
241929000,2026-04-12T12:15:34,2026-04-12T12:15:34,341,5.989722222222222
241953000,2026-04-09T09:31:26,2026-04-10T03:32:14,2,0.016944444444444446
241953000,2026-04-09T10:35:22,2026-04-10T03:32:14,65,1.0825
241953000,2026-04-10T02:28:05,2026-04-10T03:32:14,41,0.6783333333333333
241953000,2026-04-10T03:32:14,2026-04-10T03:32:14,104,1.7475
242494400,2026-04-09T21:55:53,2026-04-09T23:51:34,2,0.016944444444444446
242494400,2026-04-09T23:00:49,2026-04-09T23:51:34,27,1.0991666666666666
242494400,2026-04-09T23:26:12,2026-04-09T23:51:34,52,1.5222222222222221
242494400,2026-04-09T23:51:34,2026-04-09T23:51:34,77,1.945
244090800,2026-04-03T19:49:57,2026-04-03T22:58:22,2,0.016944444444444446
244090800,2026-04-03T20:52:46,2026-04-03T22:58:22,64,1.0638888888888889
244090800,2026-04-03T21:55:34,2026-04-03T22:58:22,126,2.1105555555555555
244090800,2026-04-03T22:58:22,2026-04-03T22:58:22,188,3.1572222222222224
244865000,2026-04-05T14:41:44,2026-04-05T15:49:39,2,0.016944444444444446
244865000,2026-04-05T15:04:02,2026-04-05T15:49:39,24,0.38861111111111113
244865000,2026-04-05T15:26:20,2026-04-05T15:49:39,46,0.7602777777777778
244865000,2026-04-05T15:49:39,2026-04-05T15:49:39,69,1.1488888888888888
245278000,2026-04-11T14:09:11,2026-04-12T00:20:26,2,0.016944444444444446
245278000,2026-04-11T17:32:50,2026-04-12T00:20:26,202,3.411111111111111
245278000,2026-04-11T20:56:29,2026-04-12T00:20:26,354,5.9911111111111115
245278000,2026-04-12T00:20:26,2026-04-12T00:20:26,354,5.996388888888889
246518000,2026-04-07T01:00:09,2026-04-07T11:03:49,2,0.016944444444444446
246518000,2026-04-07T04:20:53,2026-04-07T11:03:49,200,3.3625
246518000,2026-04-07T07:41:44,2026-04-07T11:03:49,355,5.983611111111111
246518000,2026-04-07T11:03:49,2026-04-07T11:03:49,355,5.988333333333333
247018700,2026-04-07T03:57:34,2026-04-07T14:28:05,2,0.016944444444444446
247018700,2026-04-07T05:10:36,2026-04-07T14:28:05,65,1.2341666666666666
247018700,2026-04-07T13:23:53,2026-04-07T14:28:05,63,1.1008333333333333
247018700,2026-04-07T14:28:05,2026-04-07T14:28:05,126,2.1708333333333334
247045300,2026-04-03T10:43:39,2026-04-15T08:16:50,2,0.016944444444444446
247045300,2026-04-07T00:07:27,2026-04-15T08:16:50,349,5.877777777777778
247045300,2026-04-10T13:49:27,2026-04-15T08:16:50,355,5.997777777777777
247045300,2026-04-15T08:16:50,2026-04-15T08:16:50,356,5.999722222222222
247055200,2026-04-03T10:43:39,2026-04-10T01:53:30,2,0.016944444444444446
247055200,2026-04-05T12:18:52,2026-04-10T01:53:30,338,5.8052777777777775
247055200,2026-04-07T16:03:46,2026-04-10T01:53:30,355,5.996944444444445
247055200,2026-04-10T01:53:30,2026-04-10T01:53:30,355,5.987222222222222
247069600,2026-04-10T14:48:28,2026-04-11T03:04:23,2,0.016944444444444446
247069600,2026-04-10T21:10:01,2026-04-11T03:04:23,104,5.985833333333333
247069600,2026-04-11T00:27:07,2026-04-11T03:04:23,128,3.3019444444444446
247069600,2026-04-11T03:04:23,2026-04-11T03:04:23,254,5.923055555555556
247077700,2026-04-07T08:34:32,2026-04-16T12:43:53,2,0.016944444444444446
247077700,2026-04-09T13:40:05,2026-04-16T12:43:53,95,5.9880555555555555
247077700,2026-04-10T14:33:12,2026-04-16T12:43:53,55,4.233611111111111
247077700,2026-04-16T12:43:53,2026-04-16T12:43:53,22,0.6769444444444445
247095300,2026-04-05T08:06:43,2026-04-06T11:51:33,2,0.016944444444444446
247095300,2026-04-06T02:37:22,2026-04-06T11:51:33,172,2.8891666666666667
247095300,2026-04-06T07:20:35,2026-04-06T11:51:33,342,5.9880555555555555
247095300,2026-04-06T11:51:33,2026-04-06T11:51:33,342,5.989444444444445
247100900,2026-04-03T10:43:39,2026-04-16T12:43:53,2,0.016944444444444446
247100900,2026-04-06T23:32:59,2026-04-16T12:43:53,339,5.9944444444444445
247100900,2026-04-11T07:43:45,2026-04-16T12:43:53,173,2.913611111111111
247100900,2026-04-16T12:43:53,2026-04-16T12:43:53,355,5.998888888888889
247101700,2026-04-05T05:56:09,2026-04-12T08:25:14,2,0.016666666666666666
247101700,2026-04-12T06:01:51,2026-04-12T08:25:14,19,0.30694444444444446
247101700,2026-04-12T07:13:29,2026-04-12T08:25:14,89,1.5008333333333332
247101700,2026-04-12T08:25:14,2026-04-12T08:25:14,159,2.6966666666666668
247104500,2026-04-07T06:59:08,2026-04-07T08:08:08,2,0.016944444444444446
247104500,2026-04-07T07:21:27,2026-04-07T08:08:08,24,0.3888888888888889
247104500,2026-04-07T07:44:46,2026-04-07T08:08:08,47,0.7775
247104500,2026-04-07T08:08:08,2026-04-07T08:08:08,70,1.1669444444444443
247131100,2026-04-07T21:53:46,2026-04-16T12:43:53,2,0.016944444444444446
247131100,2026-04-10T09:50:41,2026-04-16T12:43:53,354,5.985555555555556
247131100,2026-04-12T22:17:20,2026-04-16T12:43:53,356,5.996666666666667
247131100,2026-04-16T12:43:53,2026-04-16T12:43:53,355,5.998888888888889
247144750,2026-04-04T01:44:30,2026-04-12T01:32:38,2,0.016944444444444446
247144750,2026-04-08T00:54:31,2026-04-12T01:32:38,28,0.45694444444444443
247144750,2026-04-12T01:32:38,2026-04-12T01:32:38,20,0.32166666666666666
247147120,2026-04-07T14:39:17,2026-04-11T22:51:48,2,0.016944444444444446
247147120,2026-04-11T21:43:27,2026-04-11T22:51:48,11,1.0377777777777777
247147120,2026-04-11T22:17:09,2026-04-11T22:51:48,44,1.5994444444444444
247147120,2026-04-11T22:51:48,2026-04-11T22:51:48,78,2.1769444444444446
247153450,2026-04-10T13:48:26,2026-04-10T14:04:43,2,0.016944444444444446
247153450,2026-04-10T13:53:31,2026-04-10T14:04:43,7,0.10166666666666667
247153450,2026-04-10T13:58:36,2026-04-10T14:04:43,12,0.18638888888888888
247153450,2026-04-10T14:04:43,2026-04-10T14:04:43,18,0.28833333333333333
247176900,2026-04-10T10:07:59,2026-04-13T13:57:33,2,0.016944444444444446
247176900,2026-04-13T09:56:51,2026-04-13T13:57:33,46,0.7608333333333334
247176900,2026-04-13T11:56:36,2026-04-13T13:57:33,164,2.756666666666667
247176900,2026-04-13T13:57:33,2026-04-13T13:57:33,283,4.7725
247219700,2026-04-03T17:22:05,2026-04-10T16:04:51,2,0.016666666666666666
247219700,2026-04-05T21:18:07,2026-04-10T16:04:51,356,5.998055555555555
247219700,2026-04-08T01:22:58,2026-04-10T16:04:51,351,5.987222222222222
247219700,2026-04-10T16:04:51,2026-04-10T16:04:51,277,5.998611111111111
247231200,2026-04-06T10:13:10,2026-04-06T15:44:48,2,0.016944444444444446
247231200,2026-04-06T13:07:35,2026-04-06T15:44:48,71,2.923888888888889
247231200,2026-04-06T14:31:43,2026-04-06T15:44:48,141,4.3261111111111115
247231200,2026-04-06T15:44:48,2026-04-06T15:44:48,211,5.5441666666666665
247241800,2026-04-03T10:43:39,2026-04-16T12:43:53,2,0.016944444444444446
247241800,2026-04-10T06:48:32,2026-04-16T12:43:53,155,2.6108333333333333
247241800,2026-04-12T16:30:44,2026-04-16T12:43:53,354,5.9911111111111115
247241800,2026-04-16T12:43:53,2026-04-16T12:43:53,355,5.998888888888889
247268300,2026-04-04T04:58:01,2026-04-16T12:43:53,2,0.016944444444444446
247268300,2026-04-08T07:15:21,2026-04-16T12:43:53,66,2.9266666666666667
247268300,2026-04-12T07:16:34,2026-04-16T12:43:53,141,2.3869444444444445
247268300,2026-04-16T12:43:53,2026-04-16T12:43:53,355,5.998888888888889
247278300,2026-04-03T10:43:39,2026-04-16T12:37:48,2,0.016944444444444446
247278300,2026-04-08T07:20:26,2026-04-16T12:37:48,198,3.5527777777777776
247278300,2026-04-12T04:37:00,2026-04-16T12:37:48,7,0.10222222222222223
247278300,2026-04-16T12:37:48,2026-04-16T12:37:48,62,1.0325
247282600,2026-04-16T05:58:17,2026-04-16T12:43:53,2,0.016944444444444446
247282600,2026-04-16T08:13:15,2026-04-16T12:43:53,135,2.266388888888889
247282600,2026-04-16T10:28:50,2026-04-16T12:43:53,268,4.526111111111111
247282600,2026-04-16T12:43:53,2026-04-16T12:43:53,355,5.998888888888889
247296500,2026-04-05T04:44:19,2026-04-12T02:34:40,2,0.016944444444444446
247296500,2026-04-06T04:45:11,2026-04-12T02:34:40,356,5.998888888888889
247296500,2026-04-07T04:47:16,2026-04-12T02:34:40,356,5.998888888888889
247296500,2026-04-12T02:34:40,2026-04-12T02:34:40,354,5.993611111111111
247298300,2026-04-03T10:48:43,2026-04-16T12:43:53,2,0.016944444444444446
247298300,2026-04-08T12:01:41,2026-04-16T12:43:53,320,5.990277777777778
247298300,2026-04-11T21:39:22,2026-04-16T12:43:53,320,5.993055555555555
247298300,2026-04-16T12:43:53,2026-04-16T12:43:53,211,5.998888888888889
247305480,2026-04-06T05:21:43,2026-04-16T06:46:59,2,0.016944444444444446
247305480,2026-04-06T05:27:49,2026-04-16T06:46:59,8,0.11861111111111111
247305480,2026-04-06T05:33:54,2026-04-16T06:46:59,14,0.22
247305480,2026-04-16T06:46:59,2026-04-16T06:46:59,2,0.016944444444444446
247306670,2026-04-10T20:27:20,2026-04-10T20:29:22,2,0.017222222222222222
247306670,2026-04-10T20:28:21,2026-04-10T20:29:22,3,0.034166666666666665
247306670,2026-04-10T20:29:22,2026-04-10T20:29:22,4,0.051111111111111114
247310200,2026-04-08T08:24:25,2026-04-08T13:56:36,2,0.016944444444444446
247310200,2026-04-08T11:24:07,2026-04-08T13:56:36,77,3.0119444444444445
247310200,2026-04-08T12:40:19,2026-04-08T13:56:36,152,4.281944444444444
247310200,2026-04-08T13:56:36,2026-04-08T13:56:36,227,5.553333333333334
247313600,2026-04-09T01:48:59,2026-04-09T08:12:16,2,0.016944444444444446
247313600,2026-04-09T04:20:53,2026-04-09T08:12:16,108,2.548611111111111
247313600,2026-04-09T06:24:39,2026-04-09T08:12:16,214,4.6113888888888885
247313600,2026-04-09T08:12:16,2026-04-09T08:12:16,296,5.9991666666666665
247319800,2026-04-04T04:28:38,2026-04-15T18:00:36,2,0.016944444444444446
247319800,2026-04-06T06:03:21,2026-04-15T18:00:36,14,0.22
247319800,2026-04-09T06:14:30,2026-04-15T18:00:36,95,1.5894444444444444
247319800,2026-04-15T18:00:36,2026-04-15T18:00:36,355,5.991388888888889
247324900,2026-04-05T02:36:48,2026-04-13T00:01:40,2,0.016666666666666666
247324900,2026-04-12T04:48:15,2026-04-13T00:01:40,115,1.9380555555555556
247324900,2026-04-12T14:23:50,2026-04-13T00:01:40,195,5.993888888888889
247324900,2026-04-13T00:01:40,2026-04-13T00:01:40,281,4.726944444444444
247333600,2026-04-13T07:22:42,2026-04-16T12:43:53,2,0.016944444444444446
247333600,2026-04-15T14:33:24,2026-04-16T12:43:53,355,5.988611111111111
247333600,2026-04-16T02:18:12,2026-04-16T12:43:53,350,5.998611111111111
247333600,2026-04-16T12:43:53,2026-04-16T12:43:53,353,5.998888888888889
247343900,2026-04-03T10:43:39,2026-04-16T12:43:53,2,0.016944444444444446
247343900,2026-04-06T21:54:37,2026-04-16T12:43:53,340,5.9944444444444445
247343900,2026-04-11T09:43:35,2026-04-16T12:43:53,346,5.841666666666667
247343900,2026-04-16T12:43:53,2026-04-16T12:43:53,355,5.998888888888889
247349400,2026-04-03T10:43:39,2026-04-16T12:43:53,2,0.016944444444444446
247349400,2026-04-07T10:01:55,2026-04-16T12:43:53,355,5.9880555555555555
247349400,2026-04-11T09:28:22,2026-04-16T12:43:53,355,5.993888888888889
247349400,2026-04-16T12:43:53,2026-04-16T12:43:53,355,5.998888888888889
247351700,2026-04-03T12:15:54,2026-04-16T12:43:53,2,0.016944444444444446
247351700,2026-04-09T08:24:27,2026-04-16T12:43:53,255,4.296111111111111
247351700,2026-04-12T12:03:19,2026-04-16T12:43:53,323,5.990555555555556
247351700,2026-04-16T12:43:53,2026-04-16T12:43:53,351,5.998888888888889
247355500,2026-04-04T00:47:45,2026-04-13T19:12:58,2,0.016944444444444446
247355500,2026-04-06T00:25:33,2026-04-13T19:12:58,356,5.995555555555556
247355500,2026-04-08T01:12:48,2026-04-13T19:12:58,320,5.986666666666666
247355500,2026-04-13T19:12:58,2026-04-13T19:12:58,298,5.6130555555555555
247362500,2026-04-03T10:43:39,2026-04-16T12:43:53,2,0.016944444444444446
247362500,2026-04-10T03:53:35,2026-04-16T12:43:53,19,0.305
247362500,2026-04-12T17:36:42,2026-04-16T12:43:53,265,5.999722222222222
247362500,2026-04-16T12:43:53,2026-04-16T12:43:53,340,5.998888888888889
247382800,2026-04-05T04:57:28,2026-04-16T09:25:55,2,0.016666666666666666
247382800,2026-04-08T08:51:52,2026-04-16T09:25:55,280,4.992222222222222
247382800,2026-04-11T07:55:57,2026-04-16T09:25:55,235,3.980277777777778
247382800,2026-04-16T09:25:55,2026-04-16T09:25:55,115,5.607777777777778
247383400,2026-04-06T22:45:19,2026-04-11T23:59:03,2,0.016944444444444446
247383400,2026-04-08T15:08:52,2026-04-11T23:59:03,355,5.995277777777778
247383400,2026-04-10T07:31:16,2026-04-11T23:59:03,354,5.985555555555556
247383400,2026-04-11T23:59:03,2026-04-11T23:59:03,354,5.995833333333334
247392600,2026-04-07T09:53:48,2026-04-07T14:29:06,2,0.016944444444444446
247392600,2026-04-07T11:51:28,2026-04-07T14:29:06,79,1.9780555555555555
247392600,2026-04-07T13:09:38,2026-04-07T14:29:06,156,3.2808333333333333
247392600,2026-04-07T14:29:06,2026-04-07T14:29:06,234,4.605277777777777
247407900,2026-04-04T05:46:39,2026-04-16T09:49:15,2,0.016944444444444446
247407900,2026-04-09T08:49:50,2026-04-16T09:49:15,166,2.7916666666666665
247407900,2026-04-12T10:10:47,2026-04-16T09:49:15,226,4.183055555555556
247407900,2026-04-16T09:49:15,2026-04-16T09:49:15,225,3.984722222222222
247408700,2026-04-03T10:43:39,2026-04-16T12:43:53,2,0.016944444444444446
247408700,2026-04-07T14:18:55,2026-04-16T12:43:53,243,5.993611111111111
247408700,2026-04-11T16:41:55,2026-04-16T12:43:53,279,5.116944444444444
247408700,2026-04-16T12:43:53,2026-04-16T12:43:53,355,5.998888888888889
247415100,2026-04-08T16:43:30,2026-04-16T12:43:53,2,0.016944444444444446
247415100,2026-04-11T00:06:49,2026-04-16T12:43:53,355,5.995555555555556
247415100,2026-04-13T07:19:39,2026-04-16T12:43:53,242,4.159166666666667
247415100,2026-04-16T12:43:53,2026-04-16T12:43:53,355,5.998888888888889
247415600,2026-04-05T19:51:59,2026-04-12T21:55:03,2,0.016944444444444446
247415600,2026-04-08T03:26:57,2026-04-12T21:55:03,350,5.9911111111111115
247415600,2026-04-10T11:27:13,2026-04-12T21:55:03,354,5.983888888888889
247415600,2026-04-12T21:55:03,2026-04-12T21:55:03,350,5.895555555555555
247425900,2026-04-04T04:57:00,2026-04-16T12:43:53,2,0.016944444444444446
247425900,2026-04-07T15:33:15,2026-04-16T12:43:53,355,5.996111111111111
247425900,2026-04-11T14:02:03,2026-04-16T12:43:53,321,6.0
247425900,2026-04-16T12:43:53,2026-04-16T12:43:53,355,5.998888888888889
247426100,2026-04-03T10:43:39,2026-04-16T12:43:53,2,0.016944444444444446
247426100,2026-04-07T20:13:27,2026-04-16T12:43:53,352,5.993888888888889
247426100,2026-04-11T07:19:23,2026-04-16T12:43:53,145,2.439722222222222
247426100,2026-04-16T12:43:53,2026-04-16T12:43:53,355,5.998888888888889
247432200,2026-04-15T22:16:51,2026-04-16T01:53:51,2,0.016944444444444446
247432200,2026-04-15T23:28:50,2026-04-16T01:53:51,73,1.2166666666666666
247432200,2026-04-16T00:40:50,2026-04-16T01:53:51,144,2.4166666666666665
247432200,2026-04-16T01:53:51,2026-04-16T01:53:51,216,3.633611111111111
247453600,2026-04-03T13:05:35,2026-04-13T23:23:02,2,0.016944444444444446
247453600,2026-04-04T19:25:26,2026-04-13T23:23:02,5,0.0675
247453600,2026-04-09T14:02:25,2026-04-13T23:23:02,166,2.7908333333333335
247453600,2026-04-13T23:23:02,2026-04-13T23:23:02,205,3.796388888888889
247483800,2026-04-09T10:29:17,2026-04-09T17:01:03,2,0.016944444444444446
247483800,2026-04-09T12:42:13,2026-04-09T17:01:03,125,2.2325
247483800,2026-04-09T14:55:13,2026-04-09T17:01:03,249,4.449166666666667
247483800,2026-04-09T17:01:03,2026-04-09T17:01:03,340,5.9880555555555555
247488900,2026-04-11T04:12:22,2026-04-12T09:18:34,2,0.016944444444444446
247488900,2026-04-11T11:54:09,2026-04-12T09:18:34,280,5.952222222222222
247488900,2026-04-11T19:22:42,2026-04-12T09:18:34,307,5.987777777777778
247488900,2026-04-12T09:18:34,2026-04-12T09:18:34,175,5.424166666666666
247530400,2026-04-03T19:31:43,2026-04-11T23:35:37,2,0.016944444444444446
247530400,2026-04-10T14:59:40,2026-04-11T23:35:37,166,2.881111111111111
247530400,2026-04-11T01:54:23,2026-04-11T23:35:37,153,5.654444444444445
247530400,2026-04-11T23:35:37,2026-04-11T23:35:37,210,3.6891666666666665
248089000,2026-04-05T12:27:59,2026-04-07T03:36:17,2,0.016944444444444446
248089000,2026-04-05T15:23:18,2026-04-07T03:36:17,175,2.938888888888889
248089000,2026-04-07T00:39:53,2026-04-07T03:36:17,123,2.0616666666666665
248089000,2026-04-07T03:36:17,2026-04-07T03:36:17,297,5.001666666666667
248105000,2026-04-07T15:50:33,2026-04-07T23:50:32,2,0.016944444444444446
248105000,2026-04-07T18:17:53,2026-04-07T23:50:32,147,2.4725
248105000,2026-04-07T20:54:03,2026-04-07T23:50:32,293,5.075277777777778
248105000,2026-04-07T23:50:32,2026-04-07T23:50:32,319,5.983888888888889
248159000,2026-04-10T02:23:00,2026-04-10T12:37:16,2,0.016944444444444446
248159000,2026-04-10T06:13:56,2026-04-10T12:37:16,165,3.8658333333333332
248159000,2026-04-10T08:59:49,2026-04-10T12:37:16,290,5.985833333333333
248159000,2026-04-10T12:37:16,2026-04-10T12:37:16,305,5.998888888888889
248333000,2026-04-06T19:34:47,2026-04-13T23:24:04,2,0.016944444444444446
248333000,2026-04-12T17:02:13,2026-04-13T23:24:04,70,1.59
248333000,2026-04-12T20:10:44,2026-04-13T23:24:04,242,4.731944444444444
248333000,2026-04-13T23:24:04,2026-04-13T23:24:04,6,0.08527777777777777
248422000,2026-04-12T06:02:52,2026-04-12T12:05:21,2,0.016944444444444446
248422000,2026-04-12T08:03:42,2026-04-12T12:05:21,120,2.0308333333333333
248422000,2026-04-12T10:04:38,2026-04-12T12:05:21,238,4.046388888888889
248422000,2026-04-12T12:05:21,2026-04-12T12:05:21,352,5.990277777777778
248507000,2026-04-11T09:22:16,2026-04-12T21:04:24,2,0.016944444444444446
248507000,2026-04-11T17:02:18,2026-04-12T21:04:24,253,4.358611111111111
248507000,2026-04-12T15:22:46,2026-04-12T21:04:24,68,1.2025
248507000,2026-04-12T21:04:24,2026-04-12T21:04:24,333,5.998611111111111
249004000,2026-04-11T20:35:03,2026-04-12T12:06:23,2,0.016944444444444446
249004000,2026-04-12T03:17:26,2026-04-12T12:06:23,213,5.991944444444444
249004000,2026-04-12T07:45:15,2026-04-12T12:06:23,321,5.617222222222222
249004000,2026-04-12T12:06:23,2026-04-12T12:06:23,352,5.990277777777778
249022000,2026-04-11T12:40:47,2026-04-11T22:28:22,2,0.016944444444444446
249022000,2026-04-11T15:06:11,2026-04-11T22:28:22,145,2.4402777777777778
249022000,2026-04-11T18:57:16,2026-04-11T22:28:22,271,5.987222222222222
249022000,2026-04-11T22:28:22,2026-04-11T22:28:22,208,5.994722222222222
249087000,2026-04-13T03:11:07,2026-04-13T23:24:04,2,0.016944444444444446
249087000,2026-04-13T09:38:35,2026-04-13T23:24:04,350,5.985555555555556
249087000,2026-04-13T16:01:33,2026-04-13T23:24:04,355,5.993611111111111
249087000,2026-04-13T23:24:04,2026-04-13T23:24:04,297,5.9875
249146000,2026-04-03T10:43:39,2026-04-16T12:43:53,2,0.016944444444444446
249146000,2026-04-10T10:34:26,2026-04-16T12:43:53,247,4.171944444444445
249146000,2026-04-10T19:05:00,2026-04-16T12:43:53,354,5.987777777777778
249146000,2026-04-16T12:43:53,2026-04-16T12:43:53,310,5.2380555555555555
249172000,2026-04-12T12:08:25,2026-04-13T20:40:05,2,0.016944444444444446
249172000,2026-04-12T12:29:50,2026-04-13T20:40:05,23,0.3738888888888889
249172000,2026-04-13T20:18:48,2026-04-13T20:40:05,18,0.6416666666666667
249172000,2026-04-13T20:40:05,2026-04-13T20:40:05,39,0.9963888888888889
249281000,2026-04-04T15:33:28,2026-04-13T23:20:59,2,0.016944444444444446
249281000,2026-04-08T00:14:54,2026-04-13T23:20:59,337,5.6802777777777775
249281000,2026-04-08T19:35:51,2026-04-13T23:20:59,355,5.993333333333333
249281000,2026-04-13T23:20:59,2026-04-13T23:20:59,297,5.986666666666666
249414000,2026-04-07T16:16:58,2026-04-08T01:44:18,2,0.016944444444444446
249414000,2026-04-07T20:37:48,2026-04-08T01:44:18,140,4.364166666666667
249414000,2026-04-07T23:23:06,2026-04-08T01:44:18,237,5.984166666666667
249414000,2026-04-08T01:44:18,2026-04-08T01:44:18,307,5.987777777777778
249433000,2026-04-10T16:07:54,2026-04-11T08:41:39,2,0.016944444444444446
249433000,2026-04-11T03:57:08,2026-04-11T08:41:39,38,5.853611111111111
249433000,2026-04-11T06:42:47,2026-04-11T08:41:39,129,2.9469444444444446
249433000,2026-04-11T08:41:39,2026-04-11T08:41:39,246,4.928055555555556
249596000,2026-04-03T19:18:33,2026-04-03T19:50:58,2,0.016944444444444446
249596000,2026-04-03T19:28:41,2026-04-03T19:50:58,12,0.18583333333333332
249596000,2026-04-03T19:39:49,2026-04-03T19:50:58,23,0.3713888888888889
249596000,2026-04-03T19:50:58,2026-04-03T19:50:58,34,0.5572222222222222
249611000,2026-04-12T08:13:57,2026-04-12T12:30:51,2,0.016944444444444446
249611000,2026-04-12T10:14:53,2026-04-12T12:30:51,68,2.0325
249611000,2026-04-12T11:22:24,2026-04-12T12:30:51,134,3.1577777777777776
249611000,2026-04-12T12:30:51,2026-04-12T12:30:51,201,4.298611111111111
249697000,2026-04-06T15:40:44,2026-04-06T15:43:47,2,0.016666666666666666
249697000,2026-04-06T15:41:45,2026-04-06T15:43:47,3,0.03361111111111111
249697000,2026-04-06T15:42:46,2026-04-06T15:43:47,4,0.050555555555555555
249697000,2026-04-06T15:43:47,2026-04-06T15:43:47,5,0.0675
249742000,2026-04-11T14:17:19,2026-04-12T06:57:06,2,0.016944444444444446
249742000,2026-04-11T20:57:31,2026-04-12T06:57:06,206,5.991388888888889
249742000,2026-04-12T02:45:51,2026-04-12T06:57:06,258,5.9927777777777775
249742000,2026-04-12T06:57:06,2026-04-12T06:57:06,313,5.983333333333333
249962000,2026-04-12T06:51:59,2026-04-12T11:49:00,2,0.017222222222222222
249962000,2026-04-12T08:03:42,2026-04-12T11:49:00,72,1.2125
249962000,2026-04-12T09:15:30,2026-04-12T11:49:00,142,2.4091666666666667
249962000,2026-04-12T11:49:00,2026-04-12T11:49:00,213,4.9675
249974000,2026-04-07T06:29:43,2026-04-07T09:09:06,2,0.016944444444444446
249974000,2026-04-07T07:22:27,2026-04-07T09:09:06,54,0.8958333333333334
249974000,2026-04-07T08:15:14,2026-04-07T09:09:06,106,1.7755555555555556
249974000,2026-04-07T09:09:06,2026-04-07T09:09:06,159,2.6733333333333333
253000158,2026-04-08T10:31:25,2026-04-08T13:55:35,2,0.016944444444444446
253000158,2026-04-08T12:10:50,2026-04-08T13:55:35,53,1.673888888888889
253000158,2026-04-08T13:02:41,2026-04-08T13:55:35,104,2.5380555555555557
253000158,2026-04-08T13:55:35,2026-04-08T13:55:35,156,3.419722222222222
255779000,2026-04-03T12:27:03,2026-04-04T17:19:50,2,0.016944444444444446
255779000,2026-04-04T00:24:27,2026-04-04T17:19:50,21,4.524444444444445
255779000,2026-04-04T16:03:51,2026-04-04T17:19:50,50,5.776388888888889
255779000,2026-04-04T17:19:50,2026-04-04T17:19:50,115,3.8505555555555557
255801270,2026-04-05T12:12:48,2026-04-07T01:56:55,2,0.016944444444444446
255801270,2026-04-05T18:45:05,2026-04-07T01:56:55,219,5.001666666666667
255801270,2026-04-06T22:05:46,2026-04-07T01:56:55,131,2.1955555555555555
255801270,2026-04-07T01:56:55,2026-04-07T01:56:55,356,5.9975
255805849,2026-04-08T04:43:07,2026-04-08T17:00:46,2,0.016944444444444446
255805849,2026-04-08T12:13:53,2026-04-08T17:00:46,114,4.264444444444444
255805849,2026-04-08T14:37:18,2026-04-08T17:00:46,231,5.909722222222222
255805849,2026-04-08T17:00:46,2026-04-08T17:00:46,315,5.323333333333333
255805866,2026-04-10T01:05:43,2026-04-10T06:49:33,2,0.016944444444444446
255805866,2026-04-10T02:33:11,2026-04-10T06:49:33,85,1.4747222222222223
255805866,2026-04-10T05:24:07,2026-04-10T06:49:33,169,4.323611111111111
255805866,2026-04-10T06:49:33,2026-04-10T06:49:33,253,5.7475
255805951,2026-04-06T01:31:26,2026-04-06T11:31:16,2,0.016944444444444446
255805951,2026-04-06T05:33:54,2026-04-06T11:31:16,177,4.058055555555556
255805951,2026-04-06T08:32:40,2026-04-06T11:31:16,291,5.989444444444445
255805951,2026-04-06T11:31:16,2026-04-06T11:31:16,355,5.99
255805968,2026-04-08T11:59:39,2026-04-11T18:07:26,2,0.016944444444444446
255805968,2026-04-08T16:34:21,2026-04-11T18:07:26,271,4.595277777777778
255805968,2026-04-11T13:32:34,2026-04-11T18:07:26,150,2.5838888888888887
255805968,2026-04-11T18:07:26,2026-04-11T18:07:26,354,5.9847222222222225
255806044,2026-04-06T16:20:20,2026-04-06T21:25:14,2,0.016944444444444446
255806044,2026-04-06T20:14:18,2026-04-06T21:25:14,36,3.9163888888888887
255806044,2026-04-06T20:49:46,2026-04-06T21:25:14,71,4.5075
255806044,2026-04-06T21:25:14,2026-04-06T21:25:14,106,5.098611111111111
255806427,2026-04-08T05:29:45,2026-04-08T10:09:06,2,0.016944444444444446
255806427,2026-04-08T07:02:09,2026-04-08T10:09:06,93,1.5569444444444445
255806427,2026-04-08T08:35:36,2026-04-08T10:09:06,185,3.1144444444444446
255806427,2026-04-08T10:09:06,2026-04-08T10:09:06,277,4.672777777777778
255915592,2026-04-07T07:50:52,2026-04-07T09:39:35,2,0.016944444444444446
255915592,2026-04-07T08:24:23,2026-04-07T09:39:35,35,0.5755555555555556
255915592,2026-04-07T08:58:56,2026-04-07T09:39:35,69,1.1513888888888888
255915592,2026-04-07T09:39:35,2026-04-07T09:39:35,103,1.8288888888888888
255915609,2026-04-06T14:56:04,2026-04-06T15:31:36,2,0.016944444444444446
255915609,2026-04-06T15:07:14,2026-04-06T15:31:36,13,0.20305555555555554
255915609,2026-04-06T15:19:25,2026-04-06T15:31:36,25,0.4061111111111111
255915609,2026-04-06T15:31:36,2026-04-06T15:31:36,37,0.6091666666666666
255915683,2026-04-09T03:29:16,2026-04-09T07:46:54,2,0.016666666666666666
255915683,2026-04-09T04:54:22,2026-04-09T07:46:54,61,1.435
255915683,2026-04-09T06:45:58,2026-04-09T07:46:54,120,3.295
255915683,2026-04-09T07:46:54,2026-04-09T07:46:54,180,4.310555555555555
255915693,2026-04-05T02:44:54,2026-04-05T07:52:33,2,0.016666666666666666
255915693,2026-04-05T05:38:58,2026-04-05T07:52:33,63,2.917777777777778
255915693,2026-04-05T06:41:41,2026-04-05T07:52:33,124,3.9630555555555556
255915693,2026-04-05T07:52:33,2026-04-05T07:52:33,186,5.144166666666667
255915737,2026-04-03T10:43:39,2026-04-06T06:29:47,2,0.016944444444444446
255915737,2026-04-03T21:35:18,2026-04-06T06:29:47,305,5.993611111111111
255915737,2026-04-05T00:46:26,2026-04-06T06:29:47,106,5.991388888888889
255915737,2026-04-06T06:29:47,2026-04-06T06:29:47,115,4.566666666666666
255915759,2026-04-11T15:02:06,2026-04-12T10:48:38,2,0.016944444444444446
255915759,2026-04-12T04:33:56,2026-04-12T10:48:38,116,1.9708333333333334
255915759,2026-04-12T07:41:09,2026-04-12T10:48:38,299,5.091111111111111
255915759,2026-04-12T10:48:38,2026-04-12T10:48:38,352,5.989444444444445
255915798,2026-04-06T16:20:20,2026-04-10T03:41:23,2,0.016944444444444446
255915798,2026-04-06T19:27:42,2026-04-10T03:41:23,160,3.1397222222222223
255915798,2026-04-06T22:28:05,2026-04-10T03:41:23,309,5.994166666666667
255915798,2026-04-10T03:41:23,2026-04-10T03:41:23,62,1.035
255915800,2026-04-13T15:22:55,2026-04-16T12:43:53,2,0.016944444444444446
255915800,2026-04-15T09:54:14,2026-04-16T12:43:53,355,5.9847222222222225
255915800,2026-04-15T23:19:43,2026-04-16T12:43:53,353,5.993888888888889
255915800,2026-04-16T12:43:53,2026-04-16T12:43:53,355,5.998888888888889
255915967,2026-04-11T02:46:08,2026-04-11T15:24:31,2,0.016944444444444446
255915967,2026-04-11T04:21:30,2026-04-11T15:24:31,77,1.6063888888888889
255915967,2026-04-11T05:37:42,2026-04-11T15:24:31,152,2.876388888888889
255915967,2026-04-11T15:24:31,2026-04-11T15:24:31,22,0.35638888888888887
255916537,2026-04-07T00:58:07,2026-04-07T06:27:42,2,0.016944444444444446
255916537,2026-04-07T02:36:28,2026-04-07T06:27:42,99,1.656111111111111
255916537,2026-04-07T04:14:48,2026-04-07T06:27:42,196,3.295
255916537,2026-04-07T06:27:42,2026-04-07T06:27:42,294,5.51
255970000,2026-04-11T00:12:54,2026-04-15T00:06:05,2,0.016944444444444446
255970000,2026-04-11T23:53:57,2026-04-15T00:06:05,354,5.995833333333334
255970000,2026-04-12T22:17:20,2026-04-15T00:06:05,356,5.996666666666667
255970000,2026-04-15T00:06:05,2026-04-15T00:06:05,39,0.6422222222222222
256049000,2026-04-09T16:09:18,2026-04-09T17:17:17,2,0.016944444444444446
256049000,2026-04-09T16:30:37,2026-04-09T17:17:17,23,0.37222222222222223
256049000,2026-04-09T16:54:57,2026-04-09T17:17:17,45,0.7777777777777778
256049000,2026-04-09T17:17:17,2026-04-09T17:17:17,67,1.15
256227000,2026-04-13T05:44:23,2026-04-16T12:43:53,2,0.016666666666666666
256227000,2026-04-15T00:50:41,2026-04-16T12:43:53,73,1.3855555555555557
256227000,2026-04-15T18:58:19,2026-04-16T12:43:53,324,5.989166666666667
256227000,2026-04-16T12:43:53,2026-04-16T12:43:53,353,5.998888888888889
256251000,2026-04-10T19:09:04,2026-04-12T18:07:07,2,0.016944444444444446
256251000,2026-04-11T08:56:53,2026-04-12T18:07:07,354,5.993333333333333
256251000,2026-04-12T02:00:05,2026-04-12T18:07:07,248,5.995
256251000,2026-04-12T18:07:07,2026-04-12T18:07:07,345,5.995277777777778
256286000,2026-04-05T04:29:08,2026-04-07T15:24:06,2,0.016944444444444446
256286000,2026-04-05T15:27:21,2026-04-07T15:24:06,354,5.994166666666667
256286000,2026-04-06T02:14:02,2026-04-07T15:24:06,332,5.995833333333334
256286000,2026-04-07T15:24:06,2026-04-07T15:24:06,246,5.674444444444444
256392000,2026-04-07T21:23:26,2026-04-08T03:44:13,2,0.016944444444444446
256392000,2026-04-07T23:43:25,2026-04-08T03:44:13,120,2.35
256392000,2026-04-08T01:43:17,2026-04-08T03:44:13,238,4.347777777777778
256392000,2026-04-08T03:44:13,2026-04-08T03:44:13,346,5.840833333333333
256436000,2026-04-07T05:57:16,2026-04-12T03:35:47,2,0.016944444444444446
256436000,2026-04-08T20:41:42,2026-04-12T03:35:47,28,0.4558333333333333
256436000,2026-04-11T22:22:15,2026-04-12T03:35:47,60,2.024722222222222
256436000,2026-04-12T03:35:47,2026-04-12T03:35:47,303,5.957222222222223
256515000,2026-04-09T23:37:21,2026-04-16T12:43:53,2,0.016944444444444446
256515000,2026-04-11T17:24:42,2026-04-16T12:43:53,329,5.796111111111111
256515000,2026-04-13T21:05:25,2026-04-16T12:43:53,321,5.996388888888889
256515000,2026-04-16T12:43:53,2026-04-16T12:43:53,355,5.998888888888889
256607000,2026-04-15T22:58:25,2026-04-16T05:30:53,2,0.016944444444444446
256607000,2026-04-16T01:13:17,2026-04-16T05:30:53,128,2.2647222222222223
256607000,2026-04-16T03:22:05,2026-04-16T05:30:53,255,4.411388888888889
256607000,2026-04-16T05:30:53,2026-04-16T05:30:53,355,5.983333333333333
256714000,2026-04-07T06:53:03,2026-04-07T20:33:44,2,0.016944444444444446
256714000,2026-04-07T13:35:06,2026-04-07T20:33:44,152,5.990833333333334
256714000,2026-04-07T17:09:49,2026-04-07T20:33:44,296,5.305833333333333
256714000,2026-04-07T20:33:44,2026-04-07T20:33:44,329,5.992222222222222
256812000,2026-04-05T14:00:11,2026-04-05T16:12:59,2,0.016944444444444446
256812000,2026-04-05T14:43:45,2026-04-05T16:12:59,45,0.7430555555555556
256812000,2026-04-05T15:28:22,2026-04-05T16:12:59,89,1.4866666666666666
256812000,2026-04-05T16:12:59,2026-04-05T16:12:59,133,2.230277777777778
256885000,2026-04-05T02:32:45,2026-04-10T04:35:17,2,0.016666666666666666
256885000,2026-04-07T04:37:08,2026-04-10T04:35:17,202,3.3969444444444443
256885000,2026-04-07T11:55:31,2026-04-10T04:35:17,294,5.987777777777778
256885000,2026-04-10T04:35:17,2026-04-10T04:35:17,348,5.878888888888889
256891000,2026-04-08T11:35:16,2026-04-08T17:59:37,2,0.016944444444444446
256891000,2026-04-08T13:43:22,2026-04-08T17:59:37,128,2.1519444444444447
256891000,2026-04-08T15:51:37,2026-04-08T17:59:37,254,4.289444444444444
256891000,2026-04-08T17:59:37,2026-04-08T17:59:37,355,5.999444444444444
257824000,2026-04-05T22:32:05,2026-04-06T02:47:31,2,0.016944444444444446
257824000,2026-04-06T00:48:52,2026-04-06T02:47:31,53,2.296666666666667
257824000,2026-04-06T01:55:47,2026-04-06T02:47:31,104,3.4119444444444444
257824000,2026-04-06T02:47:31,2026-04-06T02:47:31,155,4.274166666666667
268251804,2026-04-06T15:47:51,2026-04-06T23:18:47,2,0.016944444444444446
268251804,2026-04-06T18:46:10,2026-04-06T23:18:47,134,2.988888888888889
268251804,2026-04-06T21:03:57,2026-04-06T23:18:47,267,5.285277777777778
268251804,2026-04-06T23:18:47,2026-04-06T23:18:47,326,5.994166666666667
271000677,2026-04-11T11:52:08,2026-04-11T19:04:23,2,0.016944444444444446
271000677,2026-04-11T14:00:01,2026-04-11T19:04:23,128,2.1483333333333334
271000677,2026-04-11T16:55:10,2026-04-11T19:04:23,255,5.0675
271000677,2026-04-11T19:04:23,2026-04-11T19:04:23,309,5.987222222222222
271000748,2026-04-09T22:38:29,2026-04-10T05:21:04,2,0.016944444444444446
271000748,2026-04-10T04:36:18,2026-04-10T05:21:04,23,5.980555555555555
271000748,2026-04-10T04:58:40,2026-04-10T05:21:04,26,0.4236111111111111
271000748,2026-04-10T05:21:04,2026-04-10T05:21:04,48,0.7969444444444445
271002572,2026-04-08T17:01:47,2026-04-12T14:12:39,2,0.016944444444444446
271002572,2026-04-12T09:10:22,2026-04-12T14:12:39,126,2.306388888888889
271002572,2026-04-12T11:31:36,2026-04-12T14:12:39,260,4.660277777777778
271002572,2026-04-12T14:12:39,2026-04-12T14:12:39,322,5.995277777777778
271040948,2026-04-06T13:04:32,2026-04-10T21:51:41,2,0.016666666666666666
271040948,2026-04-10T14:54:35,2026-04-10T21:51:41,35,0.5769444444444445
271040948,2026-04-10T17:52:50,2026-04-10T21:51:41,164,3.5477777777777777
271040948,2026-04-10T21:51:41,2026-04-10T21:51:41,214,5.406944444444444
271044383,2026-04-09T16:31:37,2026-04-09T21:55:53,2,0.016666666666666666
271044383,2026-04-09T20:44:55,2026-04-09T21:55:53,36,4.238333333333333
271044383,2026-04-09T21:20:23,2026-04-09T21:55:53,71,4.829444444444444
271044383,2026-04-09T21:55:53,2026-04-09T21:55:53,106,5.421111111111111
271051063,2026-04-15T06:56:40,2026-04-15T18:06:41,2,0.016944444444444446
271051063,2026-04-15T10:41:57,2026-04-15T18:06:41,221,3.7716666666666665
271051063,2026-04-15T14:24:15,2026-04-15T18:06:41,355,5.988333333333333
271051063,2026-04-15T18:06:41,2026-04-15T18:06:41,355,5.991388888888889
271051219,2026-04-03T10:56:49,2026-04-13T23:04:51,2,0.016944444444444446
271051219,2026-04-08T23:01:38,2026-04-13T23:04:51,148,5.9975
271051219,2026-04-12T08:06:46,2026-04-13T23:04:51,341,5.9927777777777775
271051219,2026-04-13T23:04:51,2026-04-13T23:04:51,289,5.988611111111111
271052090,2026-04-12T01:36:42,2026-04-12T14:25:52,2,0.016944444444444446
271052090,2026-04-12T06:04:55,2026-04-12T14:25:52,245,4.487222222222222
271052090,2026-04-12T10:16:56,2026-04-12T14:25:52,349,5.988888888888889
271052090,2026-04-12T14:25:52,2026-04-12T14:25:52,353,5.993611111111111
273267690,2026-04-10T14:14:53,2026-04-10T16:51:44,2,0.016944444444444446
273267690,2026-04-10T14:54:35,2026-04-10T16:51:44,41,0.6786111111111112
273267690,2026-04-10T16:10:57,2026-04-10T16:51:44,81,1.9513888888888888
273267690,2026-04-10T16:51:44,2026-04-10T16:51:44,121,2.631111111111111
273271070,2026-04-07T12:47:15,2026-04-08T02:10:44,2,0.016944444444444446
273271070,2026-04-07T22:05:56,2026-04-08T02:10:44,81,1.7902777777777779
273271070,2026-04-08T00:00:41,2026-04-08T02:10:44,171,3.702777777777778
273271070,2026-04-08T02:10:44,2026-04-08T02:10:44,261,5.870277777777778
273276260,2026-04-07T16:56:36,2026-04-08T10:01:59,2,0.016944444444444446
273276260,2026-04-08T07:54:58,2026-04-08T10:01:59,17,4.297777777777778
273276260,2026-04-08T09:02:02,2026-04-08T10:01:59,72,5.415555555555556
273276260,2026-04-08T10:01:59,2026-04-08T10:01:59,116,2.2016666666666667
273277260,2026-04-08T20:11:18,2026-04-09T04:37:07,2,0.016666666666666666
273277260,2026-04-08T21:26:18,2026-04-09T04:37:07,76,1.2666666666666666
273277260,2026-04-08T22:41:20,2026-04-09T04:37:07,150,2.5172222222222222
273277260,2026-04-09T04:37:07,2026-04-09T04:37:07,80,5.997222222222222
273277840,2026-04-09T20:57:04,2026-04-09T21:43:42,2,0.016666666666666666
273277840,2026-04-09T21:10:15,2026-04-09T21:43:42,15,0.2363888888888889
273277840,2026-04-09T21:29:30,2026-04-09T21:43:42,28,0.5572222222222222
273277840,2026-04-09T21:43:42,2026-04-09T21:43:42,42,0.7938888888888889
275488000,2026-04-05T13:04:27,2026-04-07T15:36:19,2,0.016666666666666666
275488000,2026-04-05T17:11:49,2026-04-07T15:36:19,206,4.139444444444444
275488000,2026-04-07T12:07:41,2026-04-07T15:36:19,161,4.939722222222223
275488000,2026-04-07T15:36:19,2026-04-07T15:36:19,299,5.996388888888889
275497000,2026-04-12T07:31:55,2026-04-12T15:41:02,2,0.016944444444444446
275497000,2026-04-12T10:11:49,2026-04-12T15:41:02,158,2.6819444444444445
275497000,2026-04-12T13:01:24,2026-04-12T15:41:02,315,5.508333333333334
275497000,2026-04-12T15:41:02,2026-04-12T15:41:02,345,5.998611111111111
304204000,2026-04-08T14:38:19,2026-04-08T16:32:19,2,0.016944444444444446
304204000,2026-04-08T15:15:59,2026-04-08T16:32:19,39,0.6447222222222222
304204000,2026-04-08T15:53:39,2026-04-08T16:32:19,76,1.2725
304204000,2026-04-08T16:32:19,2026-04-08T16:32:19,114,1.9169444444444443
304427000,2026-04-11T23:48:51,2026-04-12T08:05:45,2,0.016944444444444446
304427000,2026-04-12T02:52:59,2026-04-12T08:05:45,129,3.0858333333333334
304427000,2026-04-12T05:02:33,2026-04-12T08:05:45,256,5.245277777777778
304427000,2026-04-12T08:05:45,2026-04-12T08:05:45,299,5.958888888888889
304578000,2026-04-11T20:28:56,2026-04-12T10:24:06,2,0.016944444444444446
304578000,2026-04-12T03:52:06,2026-04-12T10:24:06,105,5.9911111111111115
304578000,2026-04-12T07:12:28,2026-04-12T10:24:06,203,3.5944444444444446
304578000,2026-04-12T10:24:06,2026-04-12T10:24:06,352,5.989166666666667
304610000,2026-04-08T09:09:09,2026-04-08T14:38:19,2,0.016944444444444446
304610000,2026-04-08T10:59:46,2026-04-08T14:38:19,109,1.8605555555555555
304610000,2026-04-08T12:48:27,2026-04-08T14:38:19,216,3.6719444444444442
304610000,2026-04-08T14:38:19,2026-04-08T14:38:19,324,5.503055555555555
304785000,2026-04-07T21:55:47,2026-04-08T10:08:05,2,0.016666666666666666
304785000,2026-04-08T02:46:18,2026-04-08T10:08:05,179,4.858611111111111
304785000,2026-04-08T05:59:13,2026-04-08T10:08:05,310,5.7555555555555555
304785000,2026-04-08T10:08:05,2026-04-08T10:08:05,276,5.991388888888889
305690000,2026-04-11T14:32:35,2026-04-12T02:31:37,2,0.016944444444444446
305690000,2026-04-11T20:14:39,2026-04-12T02:31:37,181,5.718055555555556
305690000,2026-04-11T23:17:16,2026-04-12T02:31:37,259,4.6725
305690000,2026-04-12T02:31:37,2026-04-12T02:31:37,342,5.993888888888889
305715000,2026-04-09T23:05:53,2026-04-09T23:41:25,2,0.016944444444444446
305715000,2026-04-09T23:17:03,2026-04-09T23:41:25,13,0.20305555555555554
305715000,2026-04-09T23:29:14,2026-04-09T23:41:25,25,0.4061111111111111
305715000,2026-04-09T23:41:25,2026-04-09T23:41:25,37,0.6091666666666666
308628000,2026-04-14T23:28:34,2026-04-15T01:53:32,2,0.016944444444444446
308628000,2026-04-15T00:16:13,2026-04-15T01:53:32,49,0.8111111111111111
308628000,2026-04-15T01:04:52,2026-04-15T01:53:32,97,1.6219444444444444
308628000,2026-04-15T01:53:32,2026-04-15T01:53:32,145,2.4330555555555557
309467000,2026-04-05T09:33:47,2026-04-12T03:46:59,2,0.016944444444444446
309467000,2026-04-05T12:11:47,2026-04-12T03:46:59,90,2.6502777777777777
309467000,2026-04-05T14:35:39,2026-04-12T03:46:59,179,5.048055555555556
309467000,2026-04-12T03:46:59,2026-04-12T03:46:59,78,1.6969444444444444
310610000,2026-04-08T13:50:29,2026-04-15T20:52:43,2,0.016944444444444446
310610000,2026-04-08T17:13:59,2026-04-15T20:52:43,202,3.408611111111111
310610000,2026-04-10T20:43:35,2026-04-15T20:52:43,186,3.1341666666666668
310610000,2026-04-15T20:52:43,2026-04-15T20:52:43,11,0.1688888888888889
310772000,2026-04-07T16:26:07,2026-04-07T23:17:01,2,0.016944444444444446
310772000,2026-04-07T19:12:35,2026-04-07T23:17:01,101,2.7913888888888887
310772000,2026-04-07T21:17:20,2026-04-07T23:17:01,200,4.870555555555556
310772000,2026-04-07T23:17:01,2026-04-07T23:17:01,256,5.662222222222222
310841000,2026-04-13T05:03:53,2026-04-13T05:51:29,2,0.016944444444444446
310841000,2026-04-13T05:19:04,2026-04-13T05:51:29,17,0.27
310841000,2026-04-13T05:35:17,2026-04-13T05:51:29,33,0.5402777777777777
310841000,2026-04-13T05:51:29,2026-04-13T05:51:29,49,0.8102777777777778
311000231,2026-04-11T03:53:05,2026-04-16T12:43:53,2,0.016944444444444446
311000231,2026-04-12T15:27:50,2026-04-16T12:43:53,305,5.983333333333333
311000231,2026-04-15T04:13:24,2026-04-16T12:43:53,275,4.764166666666667
311000231,2026-04-16T12:43:53,2026-04-16T12:43:53,355,5.998888888888889
311000451,2026-04-03T10:43:39,2026-04-16T12:43:53,2,0.016944444444444446
311000451,2026-04-07T10:16:08,2026-04-16T12:43:53,355,5.988333333333333
311000451,2026-04-11T09:57:48,2026-04-16T12:43:53,355,5.994166666666667
311000451,2026-04-16T12:43:53,2026-04-16T12:43:53,355,5.998888888888889
311000516,2026-04-12T04:02:18,2026-04-12T14:54:19,2,0.017222222222222222
311000516,2026-04-12T08:23:11,2026-04-12T14:54:19,165,4.365277777777778
311000516,2026-04-12T11:11:08,2026-04-12T14:54:19,276,5.99
311000516,2026-04-12T14:54:19,2026-04-12T14:54:19,298,5.988888888888889
311000621,2026-04-05T14:36:40,2026-04-05T18:00:29,2,0.016944444444444446
311000621,2026-04-05T15:40:32,2026-04-05T18:00:29,65,1.081388888888889
311000621,2026-04-05T16:49:30,2026-04-05T18:00:29,128,2.2308333333333334
311000621,2026-04-05T18:00:29,2026-04-05T18:00:29,192,3.4138888888888888
311001060,2026-04-06T05:13:36,2026-04-06T06:32:49,2,0.016944444444444446
311001060,2026-04-06T05:38:59,2026-04-06T06:32:49,27,0.44
311001060,2026-04-06T06:07:25,2026-04-06T06:32:49,52,0.9138888888888889
311001060,2026-04-06T06:32:49,2026-04-06T06:32:49,77,1.3372222222222223
311001144,2026-04-08T19:48:00,2026-04-09T00:56:14,2,0.016944444444444446
311001144,2026-04-08T21:37:27,2026-04-09T00:56:14,60,1.8411111111111111
311001144,2026-04-08T22:36:16,2026-04-09T00:56:14,118,2.821388888888889
311001144,2026-04-09T00:56:14,2026-04-09T00:56:14,176,5.154166666666667
311085000,2026-04-03T10:43:39,2026-04-03T18:25:54,2,0.016944444444444446
311085000,2026-04-03T13:17:46,2026-04-03T18:25:54,154,2.5855555555555556
311085000,2026-04-03T15:51:54,2026-04-03T18:25:54,306,5.154444444444445
311085000,2026-04-03T18:25:54,2026-04-03T18:25:54,356,5.997777777777777
311775000,2026-04-04T17:32:00,2026-04-11T00:04:47,2,0.016944444444444446
311775000,2026-04-10T17:08:02,2026-04-11T00:04:47,4,0.050833333333333335
311775000,2026-04-10T21:15:06,2026-04-11T00:04:47,162,4.168611111111111
311775000,2026-04-11T00:04:47,2026-04-11T00:04:47,297,5.148888888888889
312107000,2026-04-11T13:45:47,2026-04-12T09:16:31,2,0.016944444444444446
312107000,2026-04-11T19:28:48,2026-04-12T09:16:31,293,5.733888888888889
312107000,2026-04-12T04:18:37,2026-04-12T09:16:31,127,2.1394444444444445
312107000,2026-04-12T09:16:31,2026-04-12T09:16:31,352,5.9847222222222225
312120000,2026-04-09T10:05:56,2026-04-09T17:32:30,2,0.016944444444444446
312120000,2026-04-09T13:22:49,2026-04-09T17:32:30,125,3.2983333333333333
312120000,2026-04-09T15:27:41,2026-04-09T17:32:30,248,5.379444444444444
312120000,2026-04-09T17:32:30,2026-04-09T17:32:30,347,5.987777777777778
312333000,2026-04-12T06:04:55,2026-04-12T12:01:16,2,0.017222222222222222
312333000,2026-04-12T08:03:42,2026-04-12T12:01:16,118,1.9969444444444444
312333000,2026-04-12T10:02:36,2026-04-12T12:01:16,234,3.9786111111111113
312333000,2026-04-12T12:01:16,2026-04-12T12:01:16,350,5.956388888888889
314001113,2026-04-07T19:23:44,2026-04-08T03:04:36,2,0.016666666666666666
314001113,2026-04-07T23:31:14,2026-04-08T03:04:36,101,4.141666666666667
314001113,2026-04-08T01:22:58,2026-04-08T03:04:36,199,5.987222222222222
314001113,2026-04-08T03:04:36,2026-04-08T03:04:36,234,5.214444444444444
314432000,2026-04-14T23:28:34,2026-04-15T02:39:08,2,0.016944444444444446
314432000,2026-04-15T00:25:20,2026-04-15T02:39:08,58,0.9630555555555556
314432000,2026-04-15T01:23:08,2026-04-15T02:39:08,115,1.926388888888889
314432000,2026-04-15T02:39:08,2026-04-15T02:39:08,172,3.1930555555555555
314496000,2026-04-11T13:31:34,2026-04-11T16:15:26,2,0.016944444444444446
314496000,2026-04-11T14:22:24,2026-04-11T16:15:26,52,0.8641666666666666
314496000,2026-04-11T15:13:19,2026-04-11T16:15:26,102,1.7127777777777777
314496000,2026-04-11T16:15:26,2026-04-11T16:15:26,153,2.7480555555555557
314509000,2026-04-06T08:23:32,2026-04-06T15:45:49,2,0.016944444444444446
314509000,2026-04-06T11:52:34,2026-04-06T15:45:49,117,3.5008333333333335
314509000,2026-04-06T13:49:09,2026-04-06T15:45:49,232,5.443888888888889
314509000,2026-04-06T15:45:49,2026-04-06T15:45:49,312,5.256666666666667
314652000,2026-04-03T10:43:39,2026-04-12T14:52:17,2,0.016944444444444446
314652000,2026-04-08T05:02:24,2026-04-12T14:52:17,308,5.993611111111111
314652000,2026-04-11T14:46:50,2026-04-12T14:52:17,58,0.9666666666666667
314652000,2026-04-12T14:52:17,2026-04-12T14:52:17,260,5.989166666666667
314900000,2026-04-06T00:21:30,2026-04-12T09:51:20,2,0.016944444444444446
314900000,2026-04-08T03:58:26,2026-04-12T09:51:20,355,5.993333333333333
314900000,2026-04-10T06:40:23,2026-04-12T09:51:20,354,5.983888888888889
314900000,2026-04-12T09:51:20,2026-04-12T09:51:20,331,5.987222222222222
319076100,2026-04-08T17:58:37,2026-04-09T00:36:58,2,0.016944444444444446
319076100,2026-04-08T21:28:20,2026-04-09T00:36:58,95,3.5122222222222224
319076100,2026-04-08T23:02:39,2026-04-09T00:36:58,188,5.0841666666666665
319076100,2026-04-09T00:36:58,2026-04-09T00:36:58,270,4.545833333333333
319301000,2026-04-10T10:11:02,2026-04-10T17:34:31,2,0.016944444444444446
319301000,2026-04-10T12:35:15,2026-04-10T17:34:31,76,2.4205555555555556
319301000,2026-04-10T16:18:05,2026-04-10T17:34:31,142,5.998611111111111
319301000,2026-04-10T17:34:31,2026-04-10T17:34:31,156,5.089444444444444
338619000,2026-04-07T12:12:46,2026-04-07T15:13:55,2,0.016944444444444446
338619000,2026-04-07T13:18:48,2026-04-07T15:13:55,55,1.1175
338619000,2026-04-07T14:18:55,2026-04-07T15:13:55,108,2.1194444444444445
338619000,2026-04-07T15:13:55,2026-04-07T15:13:55,162,3.036111111111111
351656000,2026-04-09T13:49:13,2026-04-09T15:13:29,2,0.016944444444444446
351656000,2026-04-09T14:16:38,2026-04-09T15:13:29,29,0.4738888888888889
351656000,2026-04-09T14:45:03,2026-04-09T15:13:29,56,0.9475
351656000,2026-04-09T15:13:29,2026-04-09T15:13:29,84,1.4213888888888888
352001323,2026-04-06T08:48:55,2026-04-07T02:24:17,2,0.016944444444444446
352001323,2026-04-06T23:32:59,2026-04-07T02:24:17,31,0.5072222222222222
352001323,2026-04-07T01:17:23,2026-04-07T02:24:17,97,2.2472222222222222
352001323,2026-04-07T02:24:17,2026-04-07T02:24:17,163,3.362222222222222
352001352,2026-04-07T15:09:51,2026-04-08T06:36:46,2,0.016944444444444446
352001352,2026-04-07T22:48:34,2026-04-08T06:36:46,125,5.7813888888888885
352001352,2026-04-08T03:20:51,2026-04-08T06:36:46,217,5.990833333333334
352001352,2026-04-08T06:36:46,2026-04-08T06:36:46,290,5.8566666666666665
352002170,2026-04-15T09:26:49,2026-04-15T10:55:09,2,0.016944444444444446
352002170,2026-04-15T09:56:16,2026-04-15T10:55:09,31,0.5077777777777778
352002170,2026-04-15T10:25:43,2026-04-15T10:55:09,60,0.9986111111111111
352002170,2026-04-15T10:55:09,2026-04-15T10:55:09,89,1.4891666666666667
352002243,2026-04-10T06:33:16,2026-04-11T01:45:16,2,0.016944444444444446
352002243,2026-04-10T18:53:50,2026-04-11T01:45:16,186,3.6822222222222223
352002243,2026-04-10T22:24:12,2026-04-11T01:45:16,322,6.0
352002243,2026-04-11T01:45:16,2026-04-11T01:45:16,351,5.993888888888889
352002310,2026-04-09T16:54:57,2026-04-09T23:21:07,2,0.016666666666666666
352002310,2026-04-09T21:35:35,2026-04-09T23:21:07,54,4.693888888888889
352002310,2026-04-09T22:28:21,2026-04-09T23:21:07,106,5.573333333333333
352002310,2026-04-09T23:21:07,2026-04-09T23:21:07,131,5.996111111111111
352002473,2026-04-07T14:39:17,2026-04-07T22:53:39,2,0.016944444444444446
352002473,2026-04-07T19:11:35,2026-04-07T22:53:39,63,4.5552777777777775
352002473,2026-04-07T21:29:30,2026-04-07T22:53:39,114,4.328055555555555
352002473,2026-04-07T22:53:39,2026-04-07T22:53:39,176,5.730555555555555
352003272,2026-04-09T22:30:22,2026-04-10T00:17:59,2,0.016666666666666666
352003272,2026-04-09T23:05:53,2026-04-10T00:17:59,37,0.6086111111111111
352003272,2026-04-09T23:41:25,2026-04-10T00:17:59,72,1.2008333333333334
352003272,2026-04-10T00:17:59,2026-04-10T00:17:59,108,1.8102777777777779
352003495,2026-04-10T02:06:43,2026-04-10T09:56:48,2,0.016944444444444446
352003495,2026-04-10T04:21:03,2026-04-10T09:56:48,120,2.2558333333333334
352003495,2026-04-10T07:55:42,2026-04-10T09:56:48,238,5.833333333333333
352003495,2026-04-10T09:56:48,2026-04-10T09:56:48,261,5.985833333333333
352004307,2026-04-12T07:42:10,2026-04-12T12:54:17,2,0.016944444444444446
352004307,2026-04-12T10:41:29,2026-04-12T12:54:17,66,3.0055555555555555
352004307,2026-04-12T11:47:59,2026-04-12T12:54:17,131,4.113888888888889
352004307,2026-04-12T12:54:17,2026-04-12T12:54:17,196,5.2188888888888885
352004590,2026-04-11T20:13:38,2026-04-12T12:25:45,2,0.016944444444444446
352004590,2026-04-12T02:15:20,2026-04-12T12:25:45,227,5.9944444444444445
352004590,2026-04-12T07:51:24,2026-04-12T12:25:45,237,5.736666666666666
352004590,2026-04-12T12:25:45,2026-04-12T12:25:45,283,5.4944444444444445
352004593,2026-04-07T04:15:49,2026-04-07T17:15:55,2,0.016944444444444446
352004593,2026-04-07T10:17:09,2026-04-07T17:15:55,139,5.988333333333333
352004593,2026-04-07T14:52:32,2026-04-07T17:15:55,204,5.6561111111111115
352004593,2026-04-07T17:15:55,2026-04-07T17:15:55,243,4.1386111111111115
352004690,2026-04-11T12:50:56,2026-04-12T02:35:41,2,0.016944444444444446
352004690,2026-04-11T20:18:44,2026-04-12T02:35:41,96,5.989722222222222
352004690,2026-04-11T23:25:25,2026-04-12T02:35:41,239,5.588055555555556
352004690,2026-04-12T02:35:41,2026-04-12T02:35:41,350,5.993333333333333
352004810,2026-04-10T07:33:18,2026-04-11T03:08:27,2,0.016944444444444446
352004810,2026-04-10T18:09:07,2026-04-11T03:08:27,138,3.4458333333333333
352004810,2026-04-11T00:17:58,2026-04-11T03:08:27,167,3.0816666666666666
352004810,2026-04-11T03:08:27,2026-04-11T03:08:27,335,5.923055555555556
352005357,2026-04-06T01:32:27,2026-04-06T03:41:16,2,0.016944444444444446
352005357,2026-04-06T02:18:05,2026-04-06T03:41:16,43,0.7775
352005357,2026-04-06T02:59:41,2026-04-06T03:41:16,84,1.4708333333333334
352005357,2026-04-06T03:41:16,2026-04-06T03:41:16,125,2.1638888888888888
352005660,2026-04-10T01:11:49,2026-04-10T09:42:33,2,0.016944444444444446
352005660,2026-04-10T03:50:32,2026-04-10T09:42:33,154,2.6622222222222223
352005660,2026-04-10T07:06:50,2026-04-10T09:42:33,307,5.933888888888889
352005660,2026-04-10T09:42:33,2026-04-10T09:42:33,314,5.985555555555556
352006086,2026-04-05T15:29:23,2026-04-05T17:18:54,2,0.016944444444444446
352006086,2026-04-05T16:05:53,2026-04-05T17:18:54,38,0.6252777777777778
352006086,2026-04-05T16:42:24,2026-04-05T17:18:54,74,1.2338888888888888
352006086,2026-04-05T17:18:54,2026-04-05T17:18:54,110,1.8422222222222222
352506000,2026-04-06T05:22:44,2026-04-15T10:53:07,2,0.016944444444444446
352506000,2026-04-15T07:41:19,2026-04-15T10:53:07,29,0.49027777777777776
352506000,2026-04-15T09:23:47,2026-04-15T10:53:07,116,2.1980555555555554
352506000,2026-04-15T10:53:07,2026-04-15T10:53:07,204,3.6869444444444444
352604000,2026-04-08T01:11:47,2026-04-08T02:51:23,2,0.016944444444444446
352604000,2026-04-08T01:48:22,2026-04-08T02:51:23,32,0.6266666666666667
352604000,2026-04-08T02:19:54,2026-04-08T02:51:23,63,1.1522222222222223
352604000,2026-04-08T02:51:23,2026-04-08T02:51:23,94,1.6769444444444443
353589000,2026-04-10T15:23:05,2026-04-10T16:40:31,2,0.016944444444444446
353589000,2026-04-10T15:48:33,2026-04-10T16:40:31,27,0.4413888888888889
353589000,2026-04-10T16:14:01,2026-04-10T16:40:31,52,0.8658333333333333
353589000,2026-04-10T16:40:31,2026-04-10T16:40:31,78,1.3075
354562000,2026-04-07T04:35:06,2026-04-07T14:41:20,2,0.016944444444444446
354562000,2026-04-07T07:23:28,2026-04-07T14:41:20,137,2.8230555555555554
354562000,2026-04-07T09:54:49,2026-04-07T14:41:20,272,5.345555555555555
354562000,2026-04-07T14:41:20,2026-04-07T14:41:20,195,5.994722222222222
355860000,2026-04-10T12:51:30,2026-04-10T20:33:26,2,0.016944444444444446
355860000,2026-04-10T15:17:59,2026-04-10T20:33:26,144,2.4583333333333335
355860000,2026-04-10T17:42:39,2026-04-10T20:33:26,286,4.8694444444444445
355860000,2026-04-10T20:33:26,2026-04-10T20:33:26,329,5.986944444444444
356324000,2026-04-09T11:58:35,2026-04-09T13:46:10,2,0.016944444444444446
356324000,2026-04-09T12:22:56,2026-04-09T13:46:10,26,0.42277777777777775
356324000,2026-04-09T13:20:47,2026-04-09T13:46:10,51,1.3869444444444445
356324000,2026-04-09T13:46:10,2026-04-09T13:46:10,76,1.81
356680000,2026-04-08T13:04:43,2026-04-08T16:26:12,2,0.016944444444444446
356680000,2026-04-08T14:12:53,2026-04-08T16:26:12,67,1.1530555555555555
356680000,2026-04-08T15:19:02,2026-04-08T16:26:12,132,2.2555555555555555
356680000,2026-04-08T16:26:12,2026-04-08T16:26:12,198,3.375
356755000,2026-04-10T17:20:16,2026-04-11T17:24:42,2,0.017222222222222222
356755000,2026-04-11T12:52:58,2026-04-11T17:24:42,90,2.8180555555555555
356755000,2026-04-11T15:24:31,2026-04-11T17:24:42,189,5.3438888888888885
356755000,2026-04-11T17:24:42,2026-04-11T17:24:42,252,5.525833333333333
356794000,2026-04-15T14:08:00,2026-04-15T17:15:00,2,0.016944444444444446
356794000,2026-04-15T15:10:59,2026-04-15T17:15:00,62,1.0666666666666667
356794000,2026-04-15T16:13:07,2026-04-15T17:15:00,123,2.102222222222222
356794000,2026-04-15T17:15:00,2026-04-15T17:15:00,184,3.133611111111111
357463000,2026-04-05T16:18:04,2026-04-06T01:05:05,2,0.016944444444444446
357463000,2026-04-05T21:16:06,2026-04-06T01:05:05,110,4.984166666666667
357463000,2026-04-05T23:15:38,2026-04-06T01:05:05,200,5.894722222222223
357463000,2026-04-06T01:05:05,2026-04-06T01:05:05,256,5.995555555555556
357983000,2026-04-11T20:23:50,2026-04-12T09:09:20,2,0.017222222222222222
357983000,2026-04-12T03:40:52,2026-04-12T09:09:20,85,5.990833333333334
357983000,2026-04-12T06:24:22,2026-04-12T09:09:20,218,3.6927777777777777
357983000,2026-04-12T09:09:20,2026-04-12T09:09:20,352,5.983888888888889
372119000,2026-04-06T22:03:45,2026-04-06T23:22:50,2,0.016944444444444446
372119000,2026-04-06T22:30:06,2026-04-06T23:22:50,28,0.45611111111111113
372119000,2026-04-06T22:56:28,2026-04-06T23:22:50,54,0.8955555555555555
372119000,2026-04-06T23:22:50,2026-04-06T23:22:50,80,1.335
372668000,2026-04-06T04:40:06,2026-04-06T06:01:19,2,0.016944444444444446
372668000,2026-04-06T05:32:53,2026-04-06T06:01:19,15,0.8966666666666666
372668000,2026-04-06T05:47:06,2026-04-06T06:01:19,29,1.1336111111111111
372668000,2026-04-06T06:01:19,2026-04-06T06:01:19,43,1.3705555555555555
373026000,2026-04-14T23:28:34,2026-04-16T12:43:53,2,0.016944444444444446
373026000,2026-04-15T11:50:58,2026-04-16T12:43:53,355,5.986944444444444
373026000,2026-04-16T00:19:32,2026-04-16T12:43:53,356,5.994722222222222
373026000,2026-04-16T12:43:53,2026-04-16T12:43:53,355,5.998888888888889
373808000,2026-04-12T00:17:23,2026-04-12T12:14:32,2,0.016944444444444446
373808000,2026-04-12T04:15:34,2026-04-12T12:14:32,236,3.986666666666667
373808000,2026-04-12T08:14:59,2026-04-12T12:14:32,353,5.994166666666667
373808000,2026-04-12T12:14:32,2026-04-12T12:14:32,352,5.989722222222222
374194000,2026-04-12T10:32:17,2026-04-12T15:20:44,2,0.016944444444444446
374194000,2026-04-12T12:13:31,2026-04-12T15:20:44,85,1.7041666666666666
374194000,2026-04-12T13:38:03,2026-04-12T15:20:44,168,3.1130555555555555
374194000,2026-04-12T15:20:44,2026-04-12T15:20:44,251,4.8244444444444445
376304000,2026-04-13T15:25:58,2026-04-13T23:06:41,2,0.016944444444444446
376304000,2026-04-13T20:09:40,2026-04-13T23:06:41,79,4.745277777777778
376304000,2026-04-13T21:27:43,2026-04-13T23:06:41,153,5.995277777777778
376304000,2026-04-13T23:06:41,2026-04-13T23:06:41,178,3.3891666666666667
403532001,2026-04-12T11:11:08,2026-04-12T17:13:22,2,0.016944444444444446
403532001,2026-04-12T13:11:35,2026-04-12T17:13:22,118,2.0244444444444443
403532001,2026-04-12T15:15:39,2026-04-12T17:13:22,234,4.092222222222222
403532001,2026-04-12T17:13:22,2026-04-12T17:13:22,346,5.985833333333333
403660000,2026-04-11T14:02:03,2026-04-12T14:49:14,2,0.016944444444444446
403660000,2026-04-12T07:09:23,2026-04-12T14:49:14,189,3.2030555555555558
403660000,2026-04-12T10:36:22,2026-04-12T14:49:14,351,5.989444444444445
403660000,2026-04-12T14:49:14,2026-04-12T14:49:14,306,5.989722222222222
428002000,2026-04-07T21:17:20,2026-04-08T09:56:54,2,0.016944444444444446
428002000,2026-04-08T04:48:11,2026-04-08T09:56:54,122,2.0483333333333333
428002000,2026-04-08T07:44:49,2026-04-08T09:56:54,252,4.992222222222222
428002000,2026-04-08T09:56:54,2026-04-08T09:56:54,311,5.991388888888889
431048000,2026-04-07T09:04:01,2026-04-08T05:59:13,2,0.016944444444444446
431048000,2026-04-07T23:35:18,2026-04-08T05:59:13,72,2.7552777777777777
431048000,2026-04-08T03:16:47,2026-04-08T05:59:13,201,5.990833333333334
431048000,2026-04-08T05:59:13,2026-04-08T05:59:13,290,5.146111111111111
431476000,2026-04-08T10:55:43,2026-04-08T15:42:28,2,0.016666666666666666
431476000,2026-04-08T12:26:05,2026-04-08T15:42:28,91,1.5227777777777778
431476000,2026-04-08T13:56:36,2026-04-08T15:42:28,180,3.031388888888889
431476000,2026-04-08T15:42:28,2026-04-08T15:42:28,270,4.795833333333333
440252000,2026-04-08T16:30:17,2026-04-08T21:16:10,2,0.016944444444444446
440252000,2026-04-08T17:04:50,2026-04-08T21:16:10,36,0.5927777777777777
440252000,2026-04-08T20:40:41,2026-04-08T21:16:10,71,4.190277777777778
440252000,2026-04-08T21:16:10,2026-04-08T21:16:10,106,4.781666666666666
461000256,2026-04-09T22:48:38,2026-04-10T00:08:50,2,0.016944444444444446
461000256,2026-04-09T23:07:55,2026-04-10T00:08:50,21,0.3383333333333333
461000256,2026-04-09T23:48:32,2026-04-10T00:08:50,41,1.0152777777777777
461000256,2026-04-10T00:08:50,2026-04-10T00:08:50,61,1.353611111111111
461000284,2026-04-11T17:46:04,2026-04-12T10:05:40,2,0.016944444444444446
461000284,2026-04-11T22:34:28,2026-04-12T10:05:40,223,4.823611111111111
461000284,2026-04-12T06:18:13,2026-04-12T10:05:40,213,3.607222222222222
461000284,2026-04-12T10:05:40,2026-04-12T10:05:40,351,5.9880555555555555
461000370,2026-04-12T04:28:50,2026-04-12T12:03:19,2,0.017222222222222222
461000370,2026-04-12T06:59:09,2026-04-12T12:03:19,149,2.5225
461000370,2026-04-12T09:29:52,2026-04-12T12:03:19,296,5.0344444444444445
461000370,2026-04-12T12:03:19,2026-04-12T12:03:19,349,5.990555555555556
477630800,2026-04-06T14:38:49,2026-04-06T15:26:31,2,0.016944444444444446
477630800,2026-04-06T14:54:02,2026-04-06T15:26:31,17,0.27055555555555555
477630800,2026-04-06T15:10:17,2026-04-06T15:26:31,33,0.5413888888888889
477630800,2026-04-06T15:26:31,2026-04-06T15:26:31,49,0.8119444444444445
477856500,2026-04-11T13:42:44,2026-04-12T02:24:30,2,0.016944444444444446
477856500,2026-04-11T17:51:09,2026-04-12T02:24:30,224,4.157222222222222
477856500,2026-04-11T22:37:32,2026-04-12T02:24:30,273,5.994722222222222
477856500,2026-04-12T02:24:30,2026-04-12T02:24:30,354,5.994166666666667
477963900,2026-04-10T03:03:43,2026-04-11T00:56:33,2,0.016944444444444446
477963900,2026-04-10T17:11:06,2026-04-11T00:56:33,68,1.2569444444444444
477963900,2026-04-10T21:28:18,2026-04-11T00:56:33,253,5.543611111111111
477963900,2026-04-11T00:56:33,2026-04-11T00:56:33,294,5.300277777777778
511100560,2026-04-11T13:00:04,2026-04-12T05:36:16,2,0.016944444444444446
511100560,2026-04-11T19:05:24,2026-04-12T05:36:16,302,5.987222222222222
511100560,2026-04-12T00:18:24,2026-04-12T05:36:16,354,5.996388888888889
511100560,2026-04-12T05:36:16,2026-04-12T05:36:16,349,5.993888888888889
538001657,2026-04-07T03:38:18,2026-04-07T08:57:55,2,0.016944444444444446
538001657,2026-04-07T05:24:48,2026-04-07T08:57:55,107,1.7919444444444443
538001657,2026-04-07T07:11:18,2026-04-07T08:57:55,212,3.5669444444444443
538001657,2026-04-07T08:57:55,2026-04-07T08:57:55,317,5.3438888888888885
538002883,2026-04-04T10:54:47,2026-04-11T07:31:34,2,0.016944444444444446
538002883,2026-04-06T17:51:33,2026-04-11T07:31:34,180,5.628611111111111
538002883,2026-04-08T13:22:01,2026-04-11T07:31:34,340,5.9925
538002883,2026-04-11T07:31:34,2026-04-11T07:31:34,125,2.3719444444444444
538003678,2026-04-08T15:05:49,2026-04-16T12:43:53,2,0.017222222222222222
538003678,2026-04-10T21:04:56,2026-04-16T12:43:53,354,5.985833333333333
538003678,2026-04-13T06:40:07,2026-04-16T12:43:53,203,3.500277777777778
538003678,2026-04-16T12:43:53,2026-04-16T12:43:53,355,5.998888888888889
538004518,2026-04-12T07:52:25,2026-04-12T15:31:54,2,0.016944444444444446
538004518,2026-04-12T10:26:09,2026-04-12T15:31:54,152,2.5791666666666666
538004518,2026-04-12T12:59:22,2026-04-12T15:31:54,302,5.132777777777778
538004518,2026-04-12T15:31:54,2026-04-12T15:31:54,354,5.999722222222222
538004558,2026-04-06T08:42:50,2026-04-06T15:47:51,2,0.016944444444444446
538004558,2026-04-06T09:19:22,2026-04-06T15:47:51,38,0.6258333333333334
538004558,2026-04-06T15:10:17,2026-04-06T15:47:51,45,5.983888888888889
538004558,2026-04-06T15:47:51,2026-04-06T15:47:51,62,1.268888888888889
538005330,2026-04-11T08:38:36,2026-04-12T06:30:30,2,0.016666666666666666
538005330,2026-04-11T14:21:23,2026-04-12T06:30:30,167,5.729722222222223
538005330,2026-04-11T17:10:27,2026-04-12T06:30:30,268,4.984166666666667
538005330,2026-04-12T06:30:30,2026-04-12T06:30:30,119,2.0108333333333333
538005431,2026-04-11T20:59:33,2026-04-12T11:14:13,2,0.016944444444444446
538005431,2026-04-12T02:19:24,2026-04-12T11:14:13,263,5.347777777777778
538005431,2026-04-12T06:45:51,2026-04-12T11:14:13,354,5.999444444444444
538005431,2026-04-12T11:14:13,2026-04-12T11:14:13,352,5.990277777777778
538005496,2026-04-09T15:31:44,2026-04-16T12:43:53,2,0.016666666666666666
538005496,2026-04-11T16:16:28,2026-04-16T12:43:53,222,4.557777777777778
538005496,2026-04-13T14:55:29,2026-04-16T12:43:53,355,5.991666666666666
538005496,2026-04-16T12:43:53,2026-04-16T12:43:53,355,5.998888888888889
538005853,2026-04-10T01:14:52,2026-04-10T09:19:09,2,0.016944444444444446
538005853,2026-04-10T04:43:25,2026-04-10T09:19:09,137,3.492777777777778
538005853,2026-04-10T07:00:44,2026-04-10T09:19:09,272,5.7813888888888885
538005853,2026-04-10T09:19:09,2026-04-10T09:19:09,332,5.985555555555556
538006774,2026-04-10T04:30:12,2026-04-10T15:20:02,2,0.016944444444444446
538006774,2026-04-10T11:06:55,2026-04-10T15:20:02,87,5.9847222222222225
538006774,2026-04-10T13:12:51,2026-04-10T15:20:02,182,3.4880555555555555
538006774,2026-04-10T15:20:02,2026-04-10T15:20:02,306,5.607777777777778
538007198,2026-04-05T16:51:32,2026-04-16T12:43:53,2,0.016944444444444446
538007198,2026-04-05T20:03:08,2026-04-16T12:43:53,160,3.210277777777778
538007198,2026-04-05T23:23:45,2026-04-16T12:43:53,288,5.996111111111111
538007198,2026-04-16T12:43:53,2026-04-16T12:43:53,53,0.88
538007504,2026-04-06T06:47:03,2026-04-06T15:42:46,2,0.016944444444444446
538007504,2026-04-06T09:04:09,2026-04-06T15:42:46,58,2.3019444444444446
538007504,2026-04-06T10:00:58,2026-04-06T15:42:46,114,3.2488888888888887
538007504,2026-04-06T15:42:46,2026-04-06T15:42:46,75,5.984166666666667
538007511,2026-04-05T11:25:11,2026-04-13T20:45:09,2,0.016944444444444446
538007511,2026-04-13T14:24:59,2026-04-13T20:45:09,54,0.8983333333333333
538007511,2026-04-13T16:01:33,2026-04-13T20:45:09,149,2.5077777777777777
538007511,2026-04-13T20:45:09,2026-04-13T20:45:09,172,5.997222222222222
538007661,2026-04-11T05:49:54,2026-04-11T21:46:31,2,0.016944444444444446
538007661,2026-04-11T06:59:03,2026-04-11T21:46:31,70,1.1694444444444445
538007661,2026-04-11T20:36:05,2026-04-11T21:46:31,20,1.2402777777777778
538007661,2026-04-11T21:46:31,2026-04-11T21:46:31,89,2.4141666666666666
538008070,2026-04-10T04:45:27,2026-04-10T14:59:40,2,0.016944444444444446
538008070,2026-04-10T09:33:24,2026-04-10T14:59:40,129,4.816111111111111
538008070,2026-04-10T11:43:28,2026-04-10T14:59:40,213,4.271111111111111
538008070,2026-04-10T14:59:40,2026-04-10T14:59:40,290,5.9975
538009008,2026-04-07T14:52:32,2026-04-08T06:00:14,2,0.016944444444444446
538009008,2026-04-07T23:09:54,2026-04-08T06:00:14,48,0.7955555555555556
538009008,2026-04-08T01:29:03,2026-04-08T06:00:14,119,3.1147222222222224
538009008,2026-04-08T06:00:14,2026-04-08T06:00:14,141,5.806388888888889
538009052,2026-04-10T01:47:23,2026-04-10T11:17:04,2,0.016944444444444446
538009052,2026-04-10T04:11:53,2026-04-10T11:17:04,121,2.4252777777777776
538009052,2026-04-10T07:34:19,2026-04-10T11:17:04,240,5.799166666666666
538009052,2026-04-10T11:17:04,2026-04-10T11:17:04,175,5.984444444444445
538009159,2026-04-09T23:43:27,2026-04-10T06:50:34,2,0.016944444444444446
538009159,2026-04-10T03:07:48,2026-04-10T06:50:34,111,3.4227777777777777
538009159,2026-04-10T04:58:40,2026-04-10T06:50:34,220,5.270555555555555
538009159,2026-04-10T06:50:34,2026-04-10T06:50:34,319,5.391666666666667
538009183,2026-04-12T02:09:14,2026-04-12T10:05:40,2,0.016944444444444446
538009183,2026-04-12T04:44:09,2026-04-12T10:05:40,151,2.598888888888889
538009183,2026-04-12T07:17:35,2026-04-12T10:05:40,301,5.1561111111111115
538009183,2026-04-12T10:05:40,2026-04-12T10:05:40,338,5.9880555555555555
538009214,2026-04-03T10:43:39,2026-04-07T13:24:54,2,0.016944444444444446
538009214,2026-04-05T06:21:27,2026-04-07T13:24:54,304,5.988611111111111
538009214,2026-04-06T05:16:38,2026-04-07T13:24:54,340,5.999722222222222
538009214,2026-04-07T13:24:54,2026-04-07T13:24:54,297,5.99
538009532,2026-04-07T04:16:50,2026-04-07T10:00:54,2,0.016944444444444446
538009532,2026-04-07T06:42:54,2026-04-07T10:00:54,37,2.451388888888889
538009532,2026-04-07T09:24:20,2026-04-07T10:00:54,72,5.141944444444444
538009532,2026-04-07T10:00:54,2026-04-07T10:00:54,108,5.751388888888889
538009615,2026-04-06T05:58:16,2026-04-06T11:35:20,2,0.016666666666666666
538009615,2026-04-06T08:23:32,2026-04-06T11:35:20,87,2.437777777777778
538009615,2026-04-06T09:50:49,2026-04-06T11:35:20,173,3.8925
538009615,2026-04-06T11:35:20,2026-04-06T11:35:20,259,5.634444444444444
538009968,2026-04-13T22:02:04,2026-04-13T22:44:13,2,0.07555555555555556
538009968,2026-04-13T22:27:26,2026-04-13T22:44:13,10,0.49833333333333335
538009968,2026-04-13T22:35:33,2026-04-13T22:44:13,18,0.6336111111111111
538009968,2026-04-13T22:44:13,2026-04-13T22:44:13,26,0.7780555555555555
538009987,2026-04-09T22:45:35,2026-04-10T00:55:34,2,0.016944444444444446
538009987,2026-04-09T23:28:13,2026-04-10T00:55:34,44,0.7275
538009987,2026-04-10T00:11:53,2026-04-10T00:55:34,87,1.4552777777777777
538009987,2026-04-10T00:55:34,2026-04-10T00:55:34,130,2.183333333333333
538010211,2026-04-15T23:53:10,2026-04-16T12:43:53,2,0.016944444444444446
538010211,2026-04-16T04:09:44,2026-04-16T12:43:53,255,4.293055555555555
538010211,2026-04-16T08:26:26,2026-04-16T12:43:53,355,5.985277777777778
538010211,2026-04-16T12:43:53,2026-04-16T12:43:53,355,5.998888888888889
538010262,2026-04-10T20:46:38,2026-04-11T00:59:36,2,0.016944444444444446
538010262,2026-04-10T21:55:45,2026-04-11T00:59:36,64,1.1688888888888889
538010262,2026-04-10T23:55:39,2026-04-11T00:59:36,126,3.167222222222222
538010262,2026-04-11T00:59:36,2026-04-11T00:59:36,189,4.233055555555556
538010540,2026-04-10T01:47:23,2026-04-10T09:08:59,2,0.016944444444444446
538010540,2026-04-10T03:06:47,2026-04-10T09:08:59,80,1.3402777777777777
538010540,2026-04-10T04:26:08,2026-04-10T09:08:59,158,2.662777777777778
538010540,2026-04-10T09:08:59,2026-04-10T09:08:59,155,5.985833333333333
538010653,2026-04-10T07:29:14,2026-04-11T06:18:23,2,0.016944444444444446
538010653,2026-04-10T17:55:53,2026-04-11T06:18:23,161,2.9877777777777776
538010653,2026-04-11T03:01:21,2026-04-11T06:18:23,177,5.330555555555556
538010653,2026-04-11T06:18:23,2026-04-11T06:18:23,308,5.566944444444444
538010874,2026-04-07T19:26:47,2026-04-08T04:03:31,2,0.016944444444444446
538010874,2026-04-07T23:33:16,2026-04-08T04:03:31,135,4.125
538010874,2026-04-08T01:48:22,2026-04-08T04:03:31,245,5.987777777777778
538010874,2026-04-08T04:03:31,2026-04-08T04:03:31,323,5.993611111111111
538011225,2026-04-12T09:23:42,2026-04-12T14:27:54,2,0.016944444444444446
538011225,2026-04-12T11:05:00,2026-04-12T14:27:54,101,1.7052777777777777
538011225,2026-04-12T12:46:08,2026-04-12T14:27:54,200,3.390833333333333
538011225,2026-04-12T14:27:54,2026-04-12T14:27:54,300,5.086944444444445
538011848,2026-04-08T12:27:06,2026-04-08T15:36:21,2,0.016944444444444446
538011848,2026-04-08T13:35:14,2026-04-08T15:36:21,52,1.1525
538011848,2026-04-08T14:26:07,2026-04-08T15:36:21,102,2.0005555555555556
538011848,2026-04-08T15:36:21,2026-04-08T15:36:21,153,3.171111111111111
538011969,2026-04-11T17:00:16,2026-04-11T21:27:07,2,0.017222222222222222
538011969,2026-04-11T18:28:47,2026-04-11T21:27:07,89,1.4925
538011969,2026-04-11T19:57:19,2026-04-11T21:27:07,176,2.9680555555555554
538011969,2026-04-11T21:27:07,2026-04-11T21:27:07,264,4.464722222222222
538012456,2026-04-15T03:01:25,2026-04-16T12:43:53,2,0.016944444444444446
538012456,2026-04-15T13:24:21,2026-04-16T12:43:53,354,5.9875
538012456,2026-04-16T02:17:11,2026-04-16T12:43:53,345,5.998611111111111
538012456,2026-04-16T12:43:53,2026-04-16T12:43:53,355,5.998888888888889
538071393,2026-04-05T20:21:23,2026-04-16T11:18:36,2,0.016944444444444446
538071393,2026-04-16T08:28:06,2026-04-16T11:18:36,51,0.8566666666666667
538071393,2026-04-16T09:53:19,2026-04-16T11:18:36,135,2.2769444444444447
538071393,2026-04-16T11:18:36,2026-04-16T11:18:36,219,3.6983333333333333
538090701,2026-04-07T09:08:05,2026-04-08T02:47:19,2,0.016944444444444446
538090701,2026-04-07T18:21:56,2026-04-08T02:47:19,153,5.323888888888889
538090701,2026-04-07T23:18:02,2026-04-08T02:47:19,235,5.984444444444445
538090701,2026-04-08T02:47:19,2026-04-08T02:47:19,288,5.989444444444445
544203120,2026-04-10T09:19:09,2026-04-11T01:56:25,2,0.016944444444444446
544203120,2026-04-10T15:45:30,2026-04-11T01:56:25,104,1.7477777777777779
544203120,2026-04-10T17:43:41,2026-04-11T01:56:25,220,3.7175
544203120,2026-04-11T01:56:25,2026-04-11T01:56:25,87,1.4544444444444444
548651000,2026-04-13T08:46:51,2026-04-16T12:43:53,2,0.016944444444444446
548651000,2026-04-15T02:14:49,2026-04-16T12:43:53,166,2.787777777777778
548651000,2026-04-15T21:46:26,2026-04-16T12:43:53,307,5.995833333333334
548651000,2026-04-16T12:43:53,2026-04-16T12:43:53,332,5.998888888888889
563003300,2026-04-13T05:27:10,2026-04-13T14:24:59,2,0.016666666666666666
563003300,2026-04-13T13:09:43,2026-04-13T14:24:59,29,0.4741666666666667
563003300,2026-04-13T13:47:22,2026-04-13T14:24:59,66,1.1016666666666666
563003300,2026-04-13T14:24:59,2026-04-13T14:24:59,103,1.728611111111111
563162400,2026-04-06T14:38:49,2026-04-06T16:02:04,2,0.016944444444444446
563162400,2026-04-06T15:06:13,2026-04-06T16:02:04,29,0.4736111111111111
563162400,2026-04-06T15:33:38,2026-04-06T16:02:04,56,0.9305555555555556
563162400,2026-04-06T16:02:04,2026-04-06T16:02:04,84,1.4044444444444444
563186100,2026-04-07T19:08:32,2026-04-08T00:19:59,2,0.016944444444444446
563186100,2026-04-07T21:12:16,2026-04-08T00:19:59,85,2.0791666666666666
563186100,2026-04-07T22:54:40,2026-04-08T00:19:59,169,3.785833333333333
563186100,2026-04-08T00:19:59,2026-04-08T00:19:59,253,5.207777777777777
563205300,2026-04-03T10:43:39,2026-04-04T16:57:33,2,0.016944444444444446
563205300,2026-04-03T20:44:39,2026-04-04T16:57:33,356,5.994722222222222
563205300,2026-04-04T06:49:28,2026-04-04T16:57:33,353,5.994722222222222
563205300,2026-04-04T16:57:33,2026-04-04T16:57:33,350,5.995555555555556
563246500,2026-04-10T07:07:51,2026-04-10T17:10:05,2,0.016944444444444446
563246500,2026-04-10T15:56:42,2026-04-10T17:10:05,25,0.4583333333333333
563246500,2026-04-10T16:33:23,2026-04-10T17:10:05,61,1.0697222222222222
563246500,2026-04-10T17:10:05,2026-04-10T17:10:05,97,1.6813888888888888
563279900,2026-04-05T15:17:13,2026-04-05T17:34:08,2,0.016944444444444446
563279900,2026-04-05T15:49:39,2026-04-05T17:34:08,34,0.5575
563279900,2026-04-05T16:23:08,2026-04-05T17:34:08,67,1.1155555555555556
563279900,2026-04-05T17:34:08,2026-04-05T17:34:08,100,2.298888888888889
563280700,2026-04-12T09:52:21,2026-04-12T12:07:24,2,0.016944444444444446
563280700,2026-04-12T11:03:59,2026-04-12T12:07:24,33,1.2108333333333334
563280700,2026-04-12T11:35:42,2026-04-12T12:07:24,64,1.7394444444444443
563280700,2026-04-12T12:07:24,2026-04-12T12:07:24,95,2.267777777777778
564724000,2026-04-04T22:04:24,2026-04-05T01:54:17,2,0.016666666666666666
564724000,2026-04-04T23:17:18,2026-04-05T01:54:17,69,1.2316666666666667
564724000,2026-04-05T00:45:26,2026-04-05T01:54:17,137,2.7005555555555554
564724000,2026-04-05T01:54:17,2026-04-05T01:54:17,205,3.8480555555555553
565712000,2026-04-11T21:15:53,2026-04-12T16:32:46,2,0.017222222222222222
565712000,2026-04-12T09:02:10,2026-04-12T16:32:46,181,3.073611111111111
565712000,2026-04-12T12:15:34,2026-04-12T16:32:46,352,5.989722222222222
565712000,2026-04-12T16:32:46,2026-04-12T16:32:46,291,5.9911111111111115
566453000,2026-04-10T15:38:22,2026-04-10T23:10:57,2,0.016944444444444446
566453000,2026-04-10T18:11:09,2026-04-10T23:10:57,144,2.5633333333333335
566453000,2026-04-10T20:45:37,2026-04-10T23:10:57,287,5.137777777777778
566453000,2026-04-10T23:10:57,2026-04-10T23:10:57,346,5.9975
566579000,2026-04-08T01:18:54,2026-04-08T08:06:08,2,0.016944444444444446
566579000,2026-04-08T03:21:52,2026-04-08T08:06:08,118,2.066388888888889
566579000,2026-04-08T05:27:44,2026-04-08T08:06:08,234,4.164166666666667
566579000,2026-04-08T08:06:08,2026-04-08T08:06:08,308,5.9911111111111115
566722000,2026-04-05T07:51:32,2026-04-15T23:32:53,2,0.016944444444444446
566722000,2026-04-05T10:39:36,2026-04-15T23:32:53,117,2.8180555555555555
566722000,2026-04-08T12:47:26,2026-04-15T23:32:53,93,3.7058333333333335
566722000,2026-04-15T23:32:53,2026-04-15T23:32:53,46,0.7602777777777778
577339000,2026-04-03T10:44:40,2026-04-16T12:43:53,2,0.016944444444444446
577339000,2026-04-07T13:54:27,2026-04-16T12:43:53,311,5.992222222222222
577339000,2026-04-11T05:28:33,2026-04-16T12:43:53,355,5.988333333333333
577339000,2026-04-16T12:43:53,2026-04-16T12:43:53,332,5.998888888888889
578001200,2026-04-10T04:08:50,2026-04-10T20:34:27,2,0.016944444444444446
578001200,2026-04-10T06:32:15,2026-04-10T20:34:27,132,2.4072222222222224
578001200,2026-04-10T18:21:19,2026-04-10T20:34:27,3,0.03388888888888889
578001200,2026-04-10T20:34:27,2026-04-10T20:34:27,133,2.2527777777777778
605026210,2026-04-06T16:56:50,2026-04-06T23:35:00,2,0.016944444444444446
605026210,2026-04-06T21:00:55,2026-04-06T23:35:00,77,4.085
605026210,2026-04-06T22:17:56,2026-04-06T23:35:00,153,5.368611111111111
605026210,2026-04-06T23:35:00,2026-04-06T23:35:00,216,5.994166666666667
605076070,2026-04-09T03:03:56,2026-04-09T11:26:08,2,0.016944444444444446
605076070,2026-04-09T05:21:45,2026-04-09T11:26:08,56,2.313888888888889
605076070,2026-04-09T10:31:19,2026-04-09T11:26:08,73,5.565
605076070,2026-04-09T11:26:08,2026-04-09T11:26:08,104,5.988611111111111
613404821,2026-04-10T16:20:08,2026-04-11T08:32:31,2,0.017222222222222222
613404821,2026-04-11T01:38:09,2026-04-11T08:32:31,93,3.5372222222222223
613404821,2026-04-11T05:54:59,2026-04-11T08:32:31,179,4.669444444444444
613404821,2026-04-11T08:32:31,2026-04-11T08:32:31,299,5.671666666666667
613471602,2026-04-12T02:57:04,2026-04-12T12:10:28,2,0.017222222222222222
613471602,2026-04-12T06:00:49,2026-04-12T12:10:28,182,3.0797222222222222
613471602,2026-04-12T09:05:14,2026-04-12T12:10:28,352,5.983333333333333
613471602,2026-04-12T12:10:28,2026-04-12T12:10:28,352,5.99
613992601,2026-04-08T13:28:07,2026-04-08T15:23:07,2,0.016944444444444446
613992601,2026-04-08T14:05:45,2026-04-08T15:23:07,39,0.6441666666666667
613992601,2026-04-08T14:44:26,2026-04-08T15:23:07,77,1.288888888888889
613992601,2026-04-08T15:23:07,2026-04-08T15:23:07,115,1.9336111111111112
629009126,2026-04-06T06:56:12,2026-04-16T06:36:50,2,0.016944444444444446
629009126,2026-04-06T13:46:06,2026-04-16T06:36:50,156,5.985277777777778
629009126,2026-04-16T03:09:55,2026-04-16T06:36:50,187,4.816944444444444
629009126,2026-04-16T06:36:50,2026-04-16T06:36:50,355,5.983888888888889
630001201,2026-04-12T06:59:09,2026-04-12T08:53:57,2,0.016944444444444446
630001201,2026-04-12T07:37:03,2026-04-12T08:53:57,39,0.6486111111111111
630001201,2026-04-12T08:14:59,2026-04-12T08:53:57,76,1.2808333333333333
630001201,2026-04-12T08:53:57,2026-04-12T08:53:57,114,1.9302777777777778
636011638,2026-04-10T11:52:36,2026-04-10T23:24:10,2,0.016944444444444446
636011638,2026-04-10T15:42:26,2026-04-10T23:24:10,228,3.8475
636011638,2026-04-10T19:33:27,2026-04-10T23:24:10,354,5.9875
636011638,2026-04-10T23:24:10,2026-04-10T23:24:10,355,5.997222222222222
636012378,2026-04-05T11:19:07,2026-04-05T12:07:44,2,0.016944444444444446
636012378,2026-04-05T11:35:19,2026-04-05T12:07:44,18,0.28694444444444445
636012378,2026-04-05T11:51:31,2026-04-05T12:07:44,34,0.5569444444444445
636012378,2026-04-05T12:07:44,2026-04-05T12:07:44,50,0.8272222222222222
636013095,2026-04-05T09:02:23,2026-04-05T13:15:36,2,0.016944444444444446
636013095,2026-04-05T11:02:54,2026-04-05T13:15:36,56,2.0255555555555556
636013095,2026-04-05T12:20:54,2026-04-05T13:15:36,110,3.3255555555555554
636013095,2026-04-05T13:15:36,2026-04-05T13:15:36,164,4.237222222222222
636014168,2026-04-13T23:18:57,2026-04-13T23:27:14,2,0.017222222222222222
636014168,2026-04-13T23:20:59,2026-04-13T23:27:14,4,0.051111111111111114
636014168,2026-04-13T23:23:02,2026-04-13T23:27:14,6,0.08527777777777777
636014168,2026-04-13T23:27:14,2026-04-13T23:27:14,8,0.15527777777777776
636015710,2026-04-12T10:25:07,2026-04-12T13:29:55,2,0.016944444444444446
636015710,2026-04-12T11:26:29,2026-04-12T13:29:55,62,1.0397222222222222
636015710,2026-04-12T12:27:48,2026-04-12T13:29:55,122,2.0616666666666665
636015710,2026-04-12T13:29:55,2026-04-12T13:29:55,183,3.0969444444444445
636015940,2026-04-07T04:26:59,2026-04-07T13:17:47,2,0.016944444444444446
636015940,2026-04-07T08:38:36,2026-04-07T13:17:47,96,4.210555555555556
636015940,2026-04-07T10:44:33,2026-04-07T13:17:47,171,5.988611111111111
636015940,2026-04-07T13:17:47,2026-04-07T13:17:47,208,5.2625
636016014,2026-04-07T00:42:55,2026-04-10T06:33:16,2,0.016944444444444446
636016014,2026-04-09T09:06:04,2026-04-10T06:33:16,180,3.028611111111111
636016014,2026-04-10T01:57:34,2026-04-10T06:33:16,98,2.4383333333333335
636016014,2026-04-10T06:33:16,2026-04-10T06:33:16,310,5.696111111111111
636016205,2026-04-05T00:41:23,2026-04-15T06:28:16,2,0.016944444444444446
636016205,2026-04-15T03:34:52,2026-04-15T06:28:16,76,1.2666666666666666
636016205,2026-04-15T05:01:04,2026-04-15T06:28:16,161,2.703333333333333
636016205,2026-04-15T06:28:16,2026-04-15T06:28:16,247,4.156666666666666
636017773,2026-04-11T09:51:43,2026-04-11T14:08:10,2,0.016944444444444446
636017773,2026-04-11T12:10:23,2026-04-11T14:08:10,59,2.3280555555555558
636017773,2026-04-11T13:09:13,2026-04-11T14:08:10,116,3.308611111111111
636017773,2026-04-11T14:08:10,2026-04-11T14:08:10,174,4.291111111111111
636018276,2026-04-10T19:47:40,2026-04-10T23:21:07,2,0.016944444444444446
636018276,2026-04-10T20:58:50,2026-04-10T23:21:07,72,1.2030555555555555
636018276,2026-04-10T22:09:58,2026-04-10T23:21:07,142,2.388611111111111
636018276,2026-04-10T23:21:07,2026-04-10T23:21:07,212,3.5744444444444445
636018323,2026-04-08T11:36:17,2026-04-11T06:49:54,2,0.016944444444444446
636018323,2026-04-10T01:27:04,2026-04-11T06:49:54,211,3.553611111111111
636018323,2026-04-11T02:49:10,2026-04-11T06:49:54,164,2.756666666666667
636018323,2026-04-11T06:49:54,2026-04-11T06:49:54,355,5.990555555555556
636018629,2026-04-06T14:44:54,2026-04-06T16:14:14,2,0.016944444444444446
636018629,2026-04-06T15:22:28,2026-04-06T16:14:14,27,0.6430555555555556
636018629,2026-04-06T15:47:51,2026-04-06T16:14:14,52,1.066111111111111
636018629,2026-04-06T16:14:14,2026-04-06T16:14:14,78,1.5058333333333334
636018926,2026-04-06T02:26:12,2026-04-06T05:31:52,2,0.016944444444444446
636018926,2026-04-06T03:24:01,2026-04-06T05:31:52,59,0.9805555555555555
636018926,2026-04-06T04:33:00,2026-04-06T05:31:52,116,2.1302777777777777
636018926,2026-04-06T05:31:52,2026-04-06T05:31:52,174,3.111388888888889
636019542,2026-04-13T10:16:08,2026-04-13T20:24:53,2,0.016944444444444446
636019542,2026-04-13T12:46:20,2026-04-13T20:24:53,32,2.520277777777778
636019542,2026-04-13T13:37:12,2026-04-13T20:24:53,63,3.3680555555555554
636019542,2026-04-13T20:24:53,2026-04-13T20:24:53,26,0.4225
636019819,2026-04-11T12:56:00,2026-04-12T01:45:51,2,0.016944444444444446
636019819,2026-04-11T20:08:32,2026-04-12T01:45:51,94,5.989166666666667
636019819,2026-04-11T22:56:53,2026-04-12T01:45:51,212,3.5869444444444443
636019819,2026-04-12T01:45:51,2026-04-12T01:45:51,353,5.995833333333334
636019983,2026-04-11T14:18:20,2026-04-12T06:22:19,2,0.016944444444444446
636019983,2026-04-11T22:36:31,2026-04-12T06:22:19,166,5.994722222222222
636019983,2026-04-12T02:31:37,2026-04-12T06:22:19,325,5.585555555555556
636019983,2026-04-12T06:22:19,2026-04-12T06:22:19,349,5.9975
636020064,2026-04-06T01:45:38,2026-04-06T11:34:19,2,0.016944444444444446
636020064,2026-04-06T04:14:44,2026-04-06T11:34:19,116,2.5019444444444443
636020064,2026-04-06T06:13:31,2026-04-06T11:34:19,230,4.4816666666666665
636020064,2026-04-06T11:34:19,2026-04-06T11:34:19,151,5.99
636020328,2026-04-11T18:06:25,2026-04-12T11:16:16,2,0.016944444444444446
636020328,2026-04-12T03:11:19,2026-04-12T11:16:16,115,5.991944444444444
636020328,2026-04-12T07:13:29,2026-04-12T11:16:16,258,4.375555555555556
636020328,2026-04-12T11:16:16,2026-04-12T11:16:16,352,5.990277777777778
636020540,2026-04-10T21:35:25,2026-04-11T14:59:03,2,0.016944444444444446
636020540,2026-04-11T00:22:02,2026-04-11T14:59:03,54,2.793888888888889
636020540,2026-04-11T01:19:54,2026-04-11T14:59:03,106,3.7583333333333333
636020540,2026-04-11T14:59:03,2026-04-11T14:59:03,43,0.7125
636020938,2026-04-08T12:55:34,2026-04-08T16:48:35,2,0.016944444444444446
636020938,2026-04-08T14:18:59,2026-04-08T16:48:35,75,1.4072222222222222
636020938,2026-04-08T15:33:18,2026-04-08T16:48:35,148,2.6458333333333335
636020938,2026-04-08T16:48:35,2026-04-08T16:48:35,222,3.9005555555555556
636020986,2026-04-06T02:04:54,2026-04-06T04:17:47,2,0.016944444444444446
636020986,2026-04-06T02:48:31,2026-04-06T04:17:47,45,0.7438888888888889
636020986,2026-04-06T03:33:09,2026-04-06T04:17:47,89,1.4877777777777779
636020986,2026-04-06T04:17:47,2026-04-06T04:17:47,133,2.2316666666666665
636021078,2026-04-05T04:37:14,2026-04-16T02:11:06,2,0.016944444444444446
636021078,2026-04-08T08:12:14,2026-04-16T02:11:06,218,3.823888888888889
636021078,2026-04-15T22:10:46,2026-04-16T02:11:06,50,0.8277777777777777
636021078,2026-04-16T02:11:06,2026-04-16T02:11:06,287,4.833333333333333
636021161,2026-04-11T18:24:43,2026-04-12T03:11:19,2,0.016944444444444446
636021161,2026-04-11T21:07:43,2026-04-12T03:11:19,162,2.733611111111111
636021161,2026-04-12T00:22:28,2026-04-12T03:11:19,323,5.979444444444445
636021161,2026-04-12T03:11:19,2026-04-12T03:11:19,319,5.991944444444444
636021246,2026-04-10T00:07:49,2026-04-13T16:52:20,2,0.016944444444444446
636021246,2026-04-10T10:48:39,2026-04-13T16:52:20,264,4.46
636021246,2026-04-13T11:05:51,2026-04-13T16:52:20,23,0.37222222222222223
636021246,2026-04-13T16:52:20,2026-04-13T16:52:20,296,5.994722222222222
636021362,2026-04-06T08:59:04,2026-04-06T17:07:59,2,0.016944444444444446
636021362,2026-04-06T11:21:08,2026-04-06T17:07:59,142,2.3847222222222224
636021362,2026-04-06T14:44:54,2026-04-06T17:07:59,282,5.780833333333334
636021362,2026-04-06T17:07:59,2026-04-06T17:07:59,294,5.983611111111111
636021365,2026-04-12T02:05:10,2026-04-12T14:15:42,2,0.016944444444444446
636021365,2026-04-12T06:24:22,2026-04-12T14:15:42,232,4.336944444444445
636021365,2026-04-12T10:20:00,2026-04-12T14:15:42,352,5.988888888888889
636021365,2026-04-12T14:15:42,2026-04-12T14:15:42,353,5.995
636021513,2026-04-06T10:04:01,2026-04-06T15:43:47,2,0.016944444444444446
636021513,2026-04-06T11:40:24,2026-04-06T15:43:47,78,1.6233333333333333
636021513,2026-04-06T14:25:38,2026-04-06T15:43:47,155,4.377222222222223
636021513,2026-04-06T15:43:47,2026-04-06T15:43:47,232,5.679722222222222
636021596,2026-04-12T13:28:53,2026-04-12T15:15:39,2,0.016944444444444446
636021596,2026-04-12T14:04:31,2026-04-12T15:15:39,37,0.6108333333333333
636021596,2026-04-12T14:40:05,2026-04-12T15:15:39,72,1.2036111111111112
636021596,2026-04-12T15:15:39,2026-04-12T15:15:39,107,1.7963888888888888
636021665,2026-04-10T03:16:57,2026-04-10T09:35:26,2,0.016944444444444446
636021665,2026-04-10T05:23:06,2026-04-10T09:35:26,126,2.1194444444444445
636021665,2026-04-10T07:29:14,2026-04-10T09:35:26,250,4.221666666666667
636021665,2026-04-10T09:35:26,2026-04-10T09:35:26,354,5.985555555555556
636021700,2026-04-03T10:43:39,2026-04-16T12:43:53,2,0.016944444444444446
636021700,2026-04-07T11:30:11,2026-04-16T12:43:53,341,5.9880555555555555
636021700,2026-04-11T02:38:00,2026-04-16T12:43:53,355,5.991666666666666
636021700,2026-04-16T12:43:53,2026-04-16T12:43:53,355,5.998888888888889
636021702,2026-04-10T19:24:18,2026-04-11T01:59:28,2,0.016944444444444446
636021702,2026-04-10T21:07:59,2026-04-11T01:59:28,104,1.745
636021702,2026-04-10T22:52:39,2026-04-11T01:59:28,207,3.4894444444444446
636021702,2026-04-11T01:59:28,2026-04-11T01:59:28,274,5.993333333333333
636021733,2026-04-03T20:55:48,2026-04-10T14:14:53,2,0.016944444444444446
636021733,2026-04-04T18:29:43,2026-04-10T14:14:53,176,5.9944444444444445
636021733,2026-04-05T20:37:35,2026-04-10T14:14:53,346,5.998333333333333
636021733,2026-04-10T14:14:53,2026-04-10T14:14:53,65,5.861666666666666
636021739,2026-04-16T05:16:41,2026-04-16T06:24:40,2,0.016944444444444446
636021739,2026-04-16T05:39:00,2026-04-16T06:24:40,24,0.3888888888888889
636021739,2026-04-16T06:01:19,2026-04-16T06:24:40,46,0.7608333333333334
636021739,2026-04-16T06:24:40,2026-04-16T06:24:40,69,1.15
636021781,2026-04-12T02:25:31,2026-04-12T16:44:57,2,0.016944444444444446
636021781,2026-04-12T06:37:40,2026-04-12T16:44:57,245,4.219444444444444
636021781,2026-04-12T10:46:35,2026-04-12T16:44:57,352,5.989444444444445
636021781,2026-04-12T16:44:57,2026-04-12T16:44:57,245,5.989722222222222
636022183,2026-04-11T13:43:45,2026-04-12T02:03:08,2,0.016944444444444446
636022183,2026-04-11T16:34:48,2026-04-12T02:03:08,170,2.867777777777778
636022183,2026-04-11T22:52:49,2026-04-12T02:03:08,159,2.9419444444444443
636022183,2026-04-12T02:03:08,2026-04-12T02:03:08,320,5.995
636022522,2026-04-10T17:13:08,2026-04-11T02:00:28,2,0.016944444444444446
636022522,2026-04-10T19:06:01,2026-04-11T02:00:28,111,1.8983333333333334
636022522,2026-04-10T22:22:11,2026-04-11T02:00:28,220,5.167777777777777
636022522,2026-04-11T02:00:28,2026-04-11T02:00:28,165,5.993055555555555
636022541,2026-04-10T05:16:59,2026-04-10T09:58:50,2,0.016944444444444446
636022541,2026-04-10T06:50:34,2026-04-10T09:58:50,94,1.5766666666666667
636022541,2026-04-10T08:24:12,2026-04-10T09:58:50,186,3.1372222222222224
636022541,2026-04-10T09:58:50,2026-04-10T09:58:50,279,4.714444444444444
636022867,2026-04-11T21:17:55,2026-04-12T16:28:42,2,0.016944444444444446
636022867,2026-04-12T00:50:58,2026-04-12T16:28:42,209,3.5677777777777777
636022867,2026-04-12T08:21:08,2026-04-12T16:28:42,182,3.7866666666666666
636022867,2026-04-12T16:28:42,2026-04-12T16:28:42,94,5.991388888888889
636022905,2026-04-08T09:26:26,2026-04-08T16:31:18,2,0.016944444444444446
636022905,2026-04-08T11:54:34,2026-04-08T16:31:18,138,2.4858333333333333
636022905,2026-04-08T14:12:53,2026-04-08T16:31:18,274,4.791111111111111
636022905,2026-04-08T16:31:18,2026-04-08T16:31:18,348,5.998055555555555
636023127,2026-04-07T02:35:27,2026-04-07T13:01:29,2,0.016944444444444446
636023127,2026-04-07T06:11:28,2026-04-07T13:01:29,144,3.6172222222222223
636023127,2026-04-07T09:46:41,2026-04-07T13:01:29,265,5.6497222222222225
636023127,2026-04-07T13:01:29,2026-04-07T13:01:29,235,5.988611111111111
636023250,2026-04-13T16:41:09,2026-04-13T20:46:10,2,0.016944444444444446
636023250,2026-04-13T17:20:46,2026-04-13T20:46:10,41,0.6772222222222222
636023250,2026-04-13T20:05:37,2026-04-13T20:46:10,80,3.424722222222222
636023250,2026-04-13T20:46:10,2026-04-13T20:46:10,120,4.100555555555555
636023526,2026-04-10T20:24:16,2026-04-10T20:40:32,2,0.016944444444444446
636023526,2026-04-10T20:29:22,2026-04-10T20:40:32,7,0.10194444444444445
636023526,2026-04-10T20:34:27,2026-04-10T20:40:32,12,0.18666666666666668
636023526,2026-04-10T20:40:32,2026-04-10T20:40:32,18,0.28805555555555556
636023809,2026-04-13T20:25:53,2026-04-13T23:04:51,2,0.016666666666666666
636023809,2026-04-13T20:58:20,2026-04-13T23:04:51,19,0.5575
636023809,2026-04-13T22:37:35,2026-04-13T23:04:51,36,2.2116666666666664
636023809,2026-04-13T23:04:51,2026-04-13T23:04:51,53,2.6661111111111113
636024336,2026-04-04T23:28:27,2026-04-05T02:31:45,2,0.016944444444444446
636024336,2026-04-05T00:55:33,2026-04-05T02:31:45,49,1.468611111111111
636024336,2026-04-05T01:43:08,2026-04-05T02:31:45,96,2.2616666666666667
636024336,2026-04-05T02:31:45,2026-04-05T02:31:45,144,3.0719444444444446
636024536,2026-04-12T03:35:47,2026-04-12T13:32:58,2,0.017222222222222222
636024536,2026-04-12T06:50:57,2026-04-12T13:32:58,193,3.27
636024536,2026-04-12T10:07:43,2026-04-12T13:32:58,352,5.988333333333333
636024536,2026-04-12T13:32:58,2026-04-12T13:32:58,343,5.983333333333333
636024606,2026-04-12T00:34:42,2026-04-12T13:35:00,2,0.017222222222222222
636024606,2026-04-12T04:53:21,2026-04-12T13:35:00,256,4.328055555555555
636024606,2026-04-12T09:14:28,2026-04-12T13:35:00,352,5.984444444444445
636024606,2026-04-12T13:35:00,2026-04-12T13:35:00,353,6.0
636024786,2026-04-05T17:02:41,2026-04-05T17:36:09,2,0.016944444444444446
636024786,2026-04-05T17:13:50,2026-04-05T17:36:09,13,0.20277777777777778
636024786,2026-04-05T17:24:59,2026-04-05T17:36:09,24,0.38861111111111113
636024786,2026-04-05T17:36:09,2026-04-05T17:36:09,35,0.5747222222222222
636024805,2026-04-11T14:18:20,2026-04-12T06:27:26,2,0.016944444444444446
636024805,2026-04-12T03:46:59,2026-04-12T06:27:26,32,1.1883333333333332
636024805,2026-04-12T04:54:22,2026-04-12T06:27:26,97,2.3113888888888887
636024805,2026-04-12T06:27:26,2026-04-12T06:27:26,163,3.8625
636024824,2026-04-11T17:51:09,2026-04-12T12:51:13,2,0.016944444444444446
636024824,2026-04-12T03:16:25,2026-04-12T12:51:13,133,5.991944444444444
636024824,2026-04-12T07:54:28,2026-04-12T12:51:13,307,5.211388888888889
636024824,2026-04-12T12:51:13,2026-04-12T12:51:13,334,5.987222222222222
636024855,2026-04-06T02:45:29,2026-04-06T05:12:35,2,0.016944444444444446
636024855,2026-04-06T03:27:04,2026-04-06T05:12:35,43,0.71
636024855,2026-04-06T04:09:40,2026-04-06T05:12:35,85,1.42
636024855,2026-04-06T05:12:35,2026-04-06T05:12:35,127,2.468611111111111
636024939,2026-04-07T11:48:25,2026-04-07T20:52:01,2,0.016944444444444446
636024939,2026-04-07T14:09:44,2026-04-07T20:52:01,141,2.3722222222222222
636024939,2026-04-07T16:32:13,2026-04-07T20:52:01,281,4.746944444444445
636024939,2026-04-07T20:52:01,2026-04-07T20:52:01,239,5.991388888888889
636025061,2026-04-06T22:31:07,2026-04-07T05:18:43,2,0.016944444444444446
636025061,2026-04-06T23:00:31,2026-04-07T05:18:43,31,0.5069444444444444
636025061,2026-04-06T23:30:57,2026-04-07T05:18:43,61,1.0141666666666667
636025061,2026-04-07T05:18:43,2026-04-07T05:18:43,43,5.998888888888889
636025888,2026-04-04T11:07:58,2026-04-04T13:51:06,2,0.016944444444444446
636025888,2026-04-04T11:31:17,2026-04-04T13:51:06,22,0.40555555555555556
636025888,2026-04-04T13:29:49,2026-04-04T13:51:06,42,2.381111111111111
636025888,2026-04-04T13:51:06,2026-04-04T13:51:06,63,2.7358333333333333
636025912,2026-04-08T12:21:00,2026-04-08T15:37:22,2,0.016944444444444446
636025912,2026-04-08T13:26:05,2026-04-08T15:37:22,66,1.1016666666666666
636025912,2026-04-08T14:31:12,2026-04-08T15:37:22,130,2.1869444444444444
636025912,2026-04-08T15:37:22,2026-04-08T15:37:22,195,3.289722222222222
636092313,2026-04-08T00:28:07,2026-04-08T06:56:04,2,0.016944444444444446
636092313,2026-04-08T02:11:45,2026-04-08T06:56:04,104,1.7441666666666666
636092313,2026-04-08T05:01:24,2026-04-08T06:56:04,207,4.571666666666666
636092313,2026-04-08T06:56:04,2026-04-08T06:56:04,281,5.991944444444444
636092552,2026-04-10T16:20:08,2026-04-11T10:20:07,2,0.017222222222222222
636092552,2026-04-11T05:33:38,2026-04-11T10:20:07,61,1.0158333333333334
636092552,2026-04-11T07:56:58,2026-04-11T10:20:07,202,3.4047222222222224
636092552,2026-04-11T10:20:07,2026-04-11T10:20:07,343,5.790555555555556
636093132,2026-04-11T17:08:24,2026-04-12T17:53:56,2,0.016944444444444446
636093132,2026-04-12T02:14:19,2026-04-12T17:53:56,312,5.9944444444444445
636093132,2026-04-12T09:10:22,2026-04-12T17:53:56,352,5.984166666666667
636093132,2026-04-12T17:53:56,2026-04-12T17:53:56,248,5.996944444444445
636093171,2026-04-11T07:53:55,2026-04-11T14:33:36,2,0.016944444444444446
636093171,2026-04-11T11:38:57,2026-04-11T14:33:36,87,3.7675
636093171,2026-04-11T13:07:11,2026-04-11T14:33:36,172,5.2380555555555555
636093171,2026-04-11T14:33:36,2026-04-11T14:33:36,216,5.984166666666667
636093237,2026-04-12T06:03:53,2026-04-12T17:14:23,2,0.016944444444444446
636093237,2026-04-12T08:46:46,2026-04-12T17:14:23,38,2.7316666666666665
636093237,2026-04-12T16:36:50,2026-04-12T17:14:23,10,0.1525
636093237,2026-04-12T17:14:23,2026-04-12T17:14:23,47,0.7783333333333333
636093368,2026-04-05T10:39:36,2026-04-05T11:42:24,2,0.016944444444444446
636093368,2026-04-05T10:59:52,2026-04-05T11:42:24,22,0.3547222222222222
636093368,2026-04-05T11:21:08,2026-04-05T11:42:24,43,0.7091666666666666
636093368,2026-04-05T11:42:24,2026-04-05T11:42:24,64,1.063611111111111
647553008,2026-04-12T06:49:56,2026-04-12T12:55:18,2,0.016944444444444446
647553008,2026-04-12T09:10:22,2026-04-12T12:55:18,112,2.3575
647553008,2026-04-12T11:02:57,2026-04-12T12:55:18,222,4.233888888888889
647553008,2026-04-12T12:55:18,2026-04-12T12:55:18,325,5.986944444444444
667001639,2026-04-11T16:48:02,2026-04-12T11:39:48,2,0.016944444444444446
667001639,2026-04-11T23:17:16,2026-04-12T11:39:48,271,5.995
667001639,2026-04-12T06:28:27,2026-04-12T11:39:48,234,5.997777777777777
667001639,2026-04-12T11:39:48,2026-04-12T11:39:48,341,5.990555555555556
667002240,2026-04-10T05:20:03,2026-04-10T17:44:42,2,0.016944444444444446
667002240,2026-04-10T08:22:09,2026-04-10T17:44:42,129,3.0519444444444446
667002240,2026-04-10T15:26:09,2026-04-10T17:44:42,106,5.997777777777777
667002240,2026-04-10T17:44:42,2026-04-10T17:44:42,211,5.5808333333333335
667002260,2026-04-10T02:24:01,2026-04-10T08:57:47,2,0.016944444444444446
667002260,2026-04-10T03:53:35,2026-04-10T08:57:47,90,1.5097222222222222
667002260,2026-04-10T05:23:06,2026-04-10T08:57:47,178,3.0016666666666665
667002260,2026-04-10T08:57:47,2026-04-10T08:57:47,232,5.985833333333333
667002373,2026-04-07T14:03:38,2026-04-08T14:13:54,2,0.016944444444444446
667002373,2026-04-08T09:07:07,2026-04-08T14:13:54,57,4.010833333333333
667002373,2026-04-08T12:17:57,2026-04-08T14:13:54,126,3.3669444444444445
667002373,2026-04-08T14:13:54,2026-04-08T14:13:54,240,5.299444444444444
671500100,2026-04-07T00:54:04,2026-04-07T04:09:44,2,0.016944444444444446
671500100,2026-04-07T02:56:44,2026-04-07T04:09:44,38,2.0613888888888887
671500100,2026-04-07T03:33:14,2026-04-07T04:09:44,74,2.669722222222222
671500100,2026-04-07T04:09:44,2026-04-07T04:09:44,110,3.2780555555555555
671562100,2026-04-06T13:40:01,2026-04-08T17:23:08,2,0.016944444444444446
671562100,2026-04-06T17:09:00,2026-04-08T17:23:08,208,3.5
671562100,2026-04-08T13:52:31,2026-04-08T17:23:08,202,4.7058333333333335
671562100,2026-04-08T17:23:08,2026-04-08T17:23:08,306,5.983611111111111
672296000,2026-04-06T21:21:11,2026-04-06T23:45:09,2,0.016944444444444446
672296000,2026-04-06T22:09:50,2026-04-06T23:45:09,49,0.8277777777777777
672296000,2026-04-06T22:57:29,2026-04-06T23:45:09,96,1.6219444444444444
672296000,2026-04-06T23:45:09,2026-04-06T23:45:09,143,2.4163888888888887
677089900,2026-04-07T12:54:22,2026-04-07T20:53:02,2,0.016944444444444446
677089900,2026-04-07T15:14:56,2026-04-07T20:53:02,140,2.359722222222222
677089900,2026-04-07T17:38:17,2026-04-07T20:53:02,278,4.748888888888889
677089900,2026-04-07T20:53:02,2026-04-07T20:53:02,299,5.9911111111111115
