row_index,mmsi,outer_fold,canonical_destination,target_tte_h,pred_m17a_ssl_h,pred_m17b_owner_same_encoder_h,pred_m17b_memory_static_exact_h,pred_m17b_memory_snapshot_exact_h,pred_m17b_memory_snapshot_hnsw_h,exact_gate_used,hnsw_gate_used,exact_owner_recall_at_k,exact_candidate_windows,hnsw_distance_evaluations,exact_neighbour_owners,hnsw_neighbour_owners,exact_neighbour_memory_ids,hnsw_neighbour_memory_ids
0,210627000,1,ITAUG,-20.6094444444,-120.646388889,-120.646388889,-136.652222222,-132.599722222,-132.599722222,destination,destination,1,347,239,247131100;247100900;219432000;249087000;247351700;247298300;255915800;247343900;548651000,247131100;247100900;219432000;249087000;247351700;247298300;255915800;247343900;548651000,525;510;181;1050;780;631;1204;740;2192,525;510;181;1050;780;631;1204;740;2192
1,210688000,4,ITLIV,54.3475,-12.6144444444,-12.6144444444,-125.627222222,-121.642777778,-121.642777778,destination_fallback_global,destination_fallback_global,1,2603,365,219432000;247131100;311000231;538012456;247298300;247343900;311000451;219031822;538010211,219432000;247131100;311000231;538012456;247298300;247343900;311000451;219031822;538010211,184;608;1465;2074;706;780;1486;136;2021,184;608;1465;2074;706;780;1486;136;2021
2,212690000,3,ITAUG,-0.651944444444,-36.7822222222,-36.7822222222,-79.6436111111,-62.9394444444,-62.9394444444,destination,destination,1,302,244,247268300;373026000;247426100;247343900;255915800;219432000;247408700;247333600;247100900,247268300;373026000;247426100;247343900;255915800;219432000;247408700;247333600;247100900,606;1734;929;720;1198;235;856;696;563,606;1734;929;720;1198;235;856;696;563
3,215035000,1,ITRAN,43.6044444444,55.1116666667,55.1116666667,55.1116666667,59.1369444444,59.1369444444,destination,destination,1,27,28,255915693;255915683;247095300;314496000;636021596,255915693;255915683;247095300;314496000;636021596,1161;1157;500;1592;2450,1161;1157;500;1592;2450
4,215054000,3,ITSPA,12.3469444444,-186.653611111,-186.653611111,-139.610277778,-117.6475,-117.6475,destination,destination,1,89,105,256515000;215498000;247382800;247101700;538003678,256515000;215498000;247382800;247101700;538003678,1254;91;807;573;1865,1254;91;807;573;1865
5,215178000,4,TRTUT,84.3366666667,74.6733333333,74.6733333333,68.4872222222,75.5466666667,75.5466666667,destination_fallback_global,destination_fallback_global,1,2603,311,538004518;352006086;256812000;538005330;538010262;356680000;538007504;538007661;667001639,538004518;352006086;256812000;538005330;538010262;356680000;538007504;538007661;667001639,1850;1661;1324;1860;2025;1672;1928;1939;2548,1850;1661;1324;1860;2025;1672;1928;1939;2548
6,215232000,0,ITCTA,-100.135833333,-17.3619444444,-17.3619444444,-17.3619444444,-8.23888888889,-8.23888888889,destination,destination,1,29,34,249281000;249146000;247453600,249281000;249146000;247453600,950;941;832,950;941;832
7,215270000,2,ESCAR,69.0805555556,83.8008333333,83.8008333333,83.8008333333,85.8197222222,85.8197222222,destination_fallback_global,destination_fallback_global,1,2790,249,566453000;215481000;241287000;538005853;229412000;232061535;566579000;538007198;538005431,566453000;215481000;241287000;538005853;229412000;232061535;566579000;538007198;538005431,2324;103;508;2062;322;378;2330;2071;2024,2324;103;508;2062;322;378;2330;2071;2024
8,215282000,1,EGPSD,64.0183333333,66.6188888889,60.2488888889,60.2488888889,61.245,61.245,destination,destination,1,48,51,667002240;219608000;273267690;636022522;372119000;353589000;403532001;636093368;338619000,667002240;219608000;273267690;636022522;372119000;353589000;403532001;636093368;338619000,2688;202;1397;2516;1814;1762;1831;2654;1656,2688;202;1397;2516;1814;1762;1831;2654;1656
9,215481000,4,GIGIB,97.6213888889,79.0844444444,79.0844444444,79.0844444444,79.0719444444,79.0719444444,destination,destination,0.222222222222,124,40,538009214;304610000;538009532;232058998;538009987;563246500;538007511;352004810;538006774,538009214;304610000,1997;1417;2001;316;2009;2152;1937;1647;1922,1997;1417
10,215498000,0,ITSPA,-117.643055556,-186.653611111,-186.653611111,-139.610277778,-129.6375,-129.6375,destination,destination,1,160,183,311000231;538005496;311000451;256515000;538003678;538010211;247101700;215054000,311000231;538005496;311000451;256515000;538003678;538010211;247101700;215054000,1364;1897;1389;1134;1859;2004;472;68,1364;1897;1389;1134;1859;2004;472;68
11,215826000,0,TRDER,70.8777777778,-15.3402777778,-15.3402777778,59.8719444444,66.8797222222,66.8797222222,destination_fallback_global,destination_fallback_global,1,2628,380,247351700;255779000;256251000;247362500;538002883;311085000;215054000;314900000;563205300,247351700;255779000;256251000;247362500;538002883;311085000;215054000;314900000;563205300,688;1022;1107;726;1828;1422;54;1513;2147,688;1022;1107;726;1828;1422;54;1513;2147
12,215867000,4,ESVLC,61.9911111111,23.0305555556,-2.3475,12.3469444444,29.9069444444,29.9069444444,destination_fallback_global,destination_fallback_global,1,2603,356,229456000;311085000;215054000;563205300;247282600;247219700;256227000;255915737;255915800,229456000;311085000;215054000;563205300;247282600;247219700;256227000;255915737;255915800,270;1516;32;2143;680;631;1232;1152;1187,270;1516;32;2143;680;631;1232;1152;1187
13,215909000,2,ITVVA,9.765,18.4938888889,9.26722222222,9.26722222222,9.27305555556,9.27305555556,destination_fallback_global,destination_fallback_global,1,2790,367,219031822;271051063;275488000;255779000;247095300;240893000;247268300;247144750;373026000,219031822;271051063;275488000;255779000;247095300;240893000;247268300;247144750;373026000,221;1397;1455;1119;578;481;693;633;1868,221;1397;1455;1119;578;481;693;633;1868
14,215958000,4,ITFCO,27.3138888889,23.0305555556,10.5536111111,18.4938888889,18.5563888889,18.5563888889,destination_fallback_global,destination_fallback_global,1,2603,470,247219700;247355500;240942000;247362500;229370000;256251000;215909000;247278300;247055200,247219700;247355500;240942000;247362500;229370000;256251000;215909000;247278300;247055200,644;817;455;830;259;1251;111;668;542,644;817;455;830;259;1251;111;668;542
15,215993000,4,ITMNP,22.0844444444,19.2561111111,26.3880555556,26.3880555556,26.3811111111,26.3811111111,destination_fallback_global,destination_fallback_global,1,2603,255,256392000;636022905;636018323;319076100;247483800;248089000;248105000;215035000;564724000,256392000;636022905;636018323;319076100;247483800;248089000;248105000;215035000;564724000,1269;2423;2272;1556;947;987;994;26;2163,1269;2423;2272;1556;947;987;994;26;2163
16,219028212,1,ROMID,78.6966666667,52.7094444444,52.7094444444,52.7094444444,53.7180555556,53.7180555556,destination_fallback_global,destination_fallback_global,1,2721,346,312107000;667001639;352004590;255915967;538005330;241953000;314900000;255915798;247488900,312107000;667001639;352004590;255915967;538005330;241953000;314900000;255915798;247488900,1574;2678;1719;1225;1985;432;1648;1194;979,1574;2678;1719;1225;1985;432;1648;1194;979
17,219031822,1,NON_SPECIFIC,9.26722222222,21.2675,11.9605555556,11.9605555556,11.9658333333,11.9658333333,destination_fallback_global,destination_fallback_global,1,2721,395,275488000;215909000;247144750;247324900;247530400;240893000;247407900;247055200;247382800,275488000;215909000;247144750;247324900;247530400;240893000;247407900;247055200;247382800,1423;122;544;702;996;398;861;481;828,1423;122;544;702;996;398;861;481;828
18,219110000,1,GBTBY,175.056111111,81.3805555556,95.2236111111,83.1661111111,84.6669444444,84.6669444444,destination_fallback_global,destination_fallback_global,1,2721,307,403660000;636018926;232063279;352002243;431048000;563186100;241745000;352004593;229548000,403660000;636018926;232063279;352002243;431048000;563186100;241745000;352004593;229548000,1842;2351;327;1690;1853;2196;419;1728;262,1842;2351;327;1690;1853;2196;419;1728;262
19,219133000,2,ILHFA,58.2141666667,50.7580555556,50.7580555556,49.8680555556,49.8711111111,49.8711111111,destination_fallback_global,destination_fallback_global,1,2790,297,636093368;636023250;636093171;338619000;636021365;403532001;636025061;273267690;563280700,636093368;636023250;636093171;338619000;636021365;403532001;636025061;273267690;563280700,2760;2652;2755;1697;2537;1902;2709;1434;2307,2760;2652;2755;1697;2537;1902;2709;1434;2307
20,219210000,0,SGSIN,692.941388889,175.056111111,175.056111111,175.056111111,175.066388889,175.066388889,destination_fallback_global,destination_fallback_global,1,2628,348,636019983;228481700;219110000;241689000;352004593;431048000;636018926;356755000;242494400,636019983;228481700;219110000;241689000;352004593;431048000;636018926;356755000;242494400,2341;203;184;374;1605;1776;2314;1668;394,2341;203;184;374;1605;1776;2314;1668;394
21,219303000,0,ITMLZ,1.77916666667,38.3283333333,38.3283333333,40.9797222222,40.9658333333,40.9658333333,destination_fallback_global,destination_fallback_global,1,2628,352,357463000;636024336;352001323;241298000;563279900;255915592;636023127;636021739;248159000,357463000;636024336;352001323;241298000;563279900;255915592;636023127;636021739;248159000,1681;2497;1553;354;2152;1061;2494;2441;884,1681;2497;1553;354;2152;1061;2494;2441;884
22,219432000,0,ITAUG,-79.6436111111,-166.650833333,-120.646388889,-166.650833333,-165.628333333,-165.628333333,destination,destination,1,291,236,373026000;247343900;247408700;247298300;247131100;247426100;249087000;248333000;548651000,373026000;247343900;247408700;247298300;247131100;247426100;249087000;248333000;548651000,1711;682;774;610;478;827;928;885;2100,1711;682;774;610;478;827;928;885;2100
23,219550000,2,AMBIGUOUS:MALTA,6.19583333333,3.58555555556,3.58555555556,3.58555555556,5.58861111111,5.58861111111,destination,destination,1,30,33,477856500;311001060;538005431,477856500;311001060;538005431,1950;1575;2029,1950;1575;2029
24,219608000,0,EGPSD,41.2513888889,60.2488888889,60.2488888889,60.2488888889,61.2491666667,61.2491666667,destination,destination,1,35,40,667002240;215282000;273267690;338619000;636093368;372119000;563280700;403532001;636024786,667002240;215282000;273267690;338619000;636093368;372119000;563280700;403532001;636024786,2596;77;1248;1545;2568;1692;2155;1747;2522,2596;77;1248;1545;2568;1692;2155;1747;2522
25,228481700,3,ESALG,57.5136111111,83.1661111111,83.1661111111,83.1661111111,83.3097222222,83.3097222222,destination,destination,1,43,48,249433000;403660000;636019819;636092552;477630800;229456000,249433000;403660000;636019819;636092552;477630800;229456000,1076;1778;2254;2486;1830;288,1076;1778;2254;2486;1830;288
26,229331000,1,MTMLA,1.55583333333,2.26111111111,2.26111111111,2.26111111111,2.25972222222,4.89277777778,destination,destination,0.555555555556,72,43,249414000;538010874;242494400;538009052;232061535;566579000;314509000;248422000;249974000,232061535;566579000;314509000;248422000;249974000;356794000;249596000,1089;2135;434;2071;300;2261;1600;1017;1113,300;2261;1600;1017;1113;1794;1090
27,229370000,3,EGALY,65.5713888889,59.7291666667,64.6044444444,48.7227777778,59.735,59.735,destination_fallback_global,destination_fallback_global,1,2594,316,636020540;374194000;314496000;667001639;275497000;236623000;376304000;636021596;636015710,636020540;374194000;314496000;667001639;275497000;236623000;376304000;636021596;636015710,2290;1757;1535;2527;1417;369;1763;2336;2203,2290;1757;1535;2527;1417;369;1763;2336;2203
28,229412000,1,FRLAV,68.0102777778,25.0463888889,69.0805555556,25.0463888889,25.0552777778,25.0552777778,destination_fallback_global,destination_fallback_global,1,2721,252,215481000;314509000;247310200;232061535;215270000;578001200;538007198;566453000;241287000,215481000;314509000;247310200;232061535;215270000;578001200;538007198;566453000;241287000,72;1600;656;299;69;2289;2035;2252;400,72;1600;656;299;69;2289;2035;2252;400
29,229456000,0,ESALG,85.9019444444,82.6511111111,83.1661111111,82.6511111111,95.22,95.22,destination,destination,1,46,55,249433000;477630800;563186100;636019819;228481700;403660000,249433000;477630800;563186100;636019819;228481700;403660000,973;1802;2122;2330;194;1748,973;1802;2122;2330;194;1748
30,229471000,0,NON_SPECIFIC,256.149722222,2378.25222222,2378.25222222,2378.25222222,2378.25333333,2378.25333333,destination,destination,1,45,48,247278300;219031822;247153450,247278300;219031822;247153450,564;155;503,564;155;503
31,229548000,0,ESVLC,-3047.71833333,232.388333333,232.388333333,175.056111111,175.061111111,175.061111111,destination_fallback_global,destination_fallback_global,1,2628,337,636019983;228481700;219110000;241689000;229648000;352004593;636018926;356755000;431048000,636019983;228481700;219110000;241689000;229648000;352004593;636018926;356755000;431048000,2342;204;184;375;249;1606;2315;1669;1777,2342;204;184;375;249;1606;2315;1669;1777
32,229648000,1,TEXT:TANGER MED2,68.2094444444,81.3805555556,90.5836111111,90.5836111111,90.5883333333,90.5883333333,destination_fallback_global,destination_fallback_global,1,2721,336,352004593;636019983;636018926;352005357;273276260;636015940;241745000;636024855;356755000,352004593;636019983;636018926;352005357;273276260;636015940;241745000;636024855;356755000,1729;2380;2353;1743;1408;2339;419;2587;1792,1729;2380;2353;1743;1408;2339;419;2587;1792
33,230723000,2,ITMNF,37.9788888889,45.8775,45.8775,45.8775,45.8741666667,45.8741666667,destination_fallback_global,destination_fallback_global,1,2790,373,376304000;671562100;304785000;255970000;636013095;256436000;255915693;304427000;314432000,376304000;671562100;304785000;255970000;636013095;256436000;255915693;304427000;314432000,1896;2780;1494;1240;2418;1310;1176;1473;1629,1896;2780;1494;1240;2418;1310;1176;1473;1629
34,232012490,0,NLTNZ,205.648333333,85.6202777778,230.653333333,214.046666667,214.038888889,214.038888889,destination_fallback_global,destination_fallback_global,1,2628,342,245278000;249742000;563246500;477963900;538090701;352003495;352003272;247069600;305715000,245278000;249742000;563246500;477963900;538090701;352003495;352003272;247069600;305715000,409;1000;2148;1827;2081;1592;1585;468;1330,409;1000;2148;1827;2081;1592;1585;468;1330
35,232026551,0,GRGYT,26.8955555556,54.0591666667,54.0591666667,54.0591666667,54.0658333333,54.0658333333,destination_fallback_global,destination_fallback_global,1,2628,443,636016014;253000158;636024606;338619000;373808000;563280700;636024939;219133000;636025061,636016014;253000158;636024606;338619000;373808000;563280700;636024939;219133000;636025061,2288;1011;2515;1545;1726;2155;2554;189;2556,2288;1011;2515;1545;1726;2155;2554;189;2556
36,232058998,3,GIGIB,85.6202777778,84.0602777778,79.2452777778,79.2452777778,79.2394444444,79.2394444444,destination,destination,0.888888888889,93,59,563246500;538007511;538009987;352001352;538009532;636023809;538010540;538006774;304610000,563246500;538007511;538009987;352001352;538009532;636023809;538010540;538006774;352004307,2102;1940;2008;1617;2001;2431;2020;1928;1446,2102;1940;2008;1617;2001;2431;2020;1928;1647
37,232061535,0,MTMLA,4.87833333333,3.88861111111,4.225,4.225,4.22,4.22,destination,destination,0.555555555556,62,34,314509000;248422000;566579000;249974000;356794000;255915609;229331000;636022183;249414000,314509000;248422000;566579000;249974000;356794000,1482;892;2174;1008;1673;1062;207;2459;965,1482;892;2174;1008;1673
38,232062004,0,GBBRS,290.709722222,115.341388889,54.1683333333,54.1683333333,54.1575,54.1575,destination_fallback_global,destination_fallback_global,1,2628,350,314001113;244865000;305690000;538004558;247324900;563246500;667002373;215867000;240893000,314001113;244865000;305690000;538004558;247324900;563246500;667002373;215867000;240893000,1468;399;1329;1862;646;2149;2612;82;319,1468;399;1329;1862;646;2149;2612;82;319
39,232063279,3,ARSLO,502.520555556,95.2236111111,303.231666667,95.2236111111,95.2327777778,95.2327777778,destination_fallback_global,destination_fallback_global,1,2594,285,352002243;636018926;636019819;352004690;613404821;636015940;431048000;403660000;229331000,352002243;636018926;636019819;352004690;613404821;636015940;431048000;403660000;229331000,1630;2242;2254;1683;2184;2212;1797;1778;280,1630;2242;2254;1683;2184;2212;1797;1778;280
40,235010170,4,GRSTN,27.5930555556,34.4072222222,34.4072222222,34.4072222222,34.4025,34.4025,destination_fallback_global,destination_fallback_global,1,2603,277,311000621;256436000;255970000;605026210;314432000;215035000;248105000;564724000;319076100,311000621;256436000;255970000;605026210;314432000;215035000;248105000;564724000;319076100,1508;1279;1208;2180;1544;28;995;2163;1557,1508;1279;1208;2180;1544;28;995;2163;1557
41,236623000,0,FOR_ORDERS,38.715,18.7561111111,47.5175,90.6833333333,112.961111111,112.961111111,destination,destination,1,192,180,247018700;538010653;255915759;461000284;373808000;241689000;431048000;273276260;352004593,247018700;538010653;255915759;461000284;373808000;241689000;431048000;273276260;352004593,423;2017;1072;1780;1730;365;1767;1255;1597,423;2017;1072;1780;1730;365;1767;1255;1597
42,238066000,0,TRCKZ,30.7016666667,52.7094444444,68.4872222222,72.305,72.305,72.305,destination_fallback_global,destination_fallback_global,1,2628,302,636024805;255915798;352001323;247488900;241689000;312333000;431048000;538007661;636093237,636024805;255915798;352001323;247488900;241689000;312333000;431048000;538007661;636093237,2527;1086;1548;856;365;1455;1767;1936;2565,2527;1086;1548;856;365;1455;1767;1936;2565
43,240544000,1,TRIZM,50.1938888889,59.8719444444,59.7291666667,59.8719444444,61.7330555556,61.7330555556,destination_fallback_global,destination_fallback_global,1,2721,279,636020064;247488900;314900000;256251000;636022541;351656000;566722000;538002883;314496000,636020064;247488900;314900000;256251000;636022541;351656000;566722000;538002883;314496000,2386;970;1639;1284;2521;1658;2262;1934;1590,2386;970;1639;1284;2521;1658;2262;1934;1590
44,240633000,3,GIGIB,115.341388889,91.9708333333,91.9708333333,91.9708333333,91.9725,91.9725,destination,destination,1,93,63,538010540;538006774;352001352;538009532;538009987;538007511;563246500;636023809;352004307,538010540;538006774;352001352;538009532;538009987;538007511;563246500;636023809;352004307,2020;1928;1616;2001;2008;1939;2102;2431;1647,2020;1928;1616;2001;2008;1939;2102;2431;1647
45,240788000,2,GRPIR,40.0636111111,27.3138888889,27.3138888889,59.8719444444,68.895,68.895,destination_fallback_global,destination_fallback_global,1,2790,387,563205300;255801270;256251000;219031822;247355500;247408700;229370000;247100900;538003678,563205300;255801270;256251000;219031822;247355500;247408700;229370000;247100900;538003678,2299;1127;1281;198;829;896;313;594;1984,2299;1127;1281;198;829;896;313;594;1984
46,240878000,4,FOR_ORDERS,428.973333333,314.258055556,303.231666667,303.231666667,311.24,311.24,destination,destination,1,164,195,352002243;431048000;273276260;241689000;667002260;241745000;273271070;352005660;461000284,352002243;431048000;273276260;241689000;667002260;241745000;273271070;352005660;461000284,1580;1761;1395;472;2573;481;1388;1654;1785,1580;1761;1395;472;2573;481;1388;1654;1785
47,240893000,3,COCVE,298.963611111,18.4938888889,18.4938888889,21.2675,21.2741666667,21.2741666667,destination_fallback_global,destination_fallback_global,1,2594,383,247362500;247355500;240942000;247278300;215909000;255801270;256515000;240788000;247055200,247362500;247355500;240942000;247278300;215909000;255801270;256515000;240788000;247055200,791;779;426;620;135;1098;1255;401;524,791;779;426;620;135;1098;1255;401;524
48,240942000,1,ITNAP,18.4938888889,15.9166666667,15.9166666667,15.9166666667,15.9161111111,15.9161111111,destination,destination,1,63,65,247219700;511100560;352001323;247392600;565712000,247219700;511100560;352001323;247392600;565712000,578;1925;1664;858;2246,578;1925;1664;858;2246
49,241287000,0,FOR_ORDERS,390.611388889,232.388333333,18.7561111111,47.5175,57.6302777778,57.6302777778,destination,destination,1,192,202,247018700;538011848;374194000;538012456;373808000;461000284;538010653;352005660;241689000,247018700;538011848;374194000;538012456;373808000;461000284;538010653;352005660;241689000,420;2032;1734;2041;1719;1788;2025;1631;366,420;2032;1734;2041;1719;1788;2025;1631;366
50,241298000,4,FRMRS,40.9797222222,35.1477777778,34.5391666667,35.1477777778,35.1486111111,35.1486111111,destination_fallback_global,destination_fallback_global,1,2603,321,255915592;563279900;636021739;271000748;255805866;247296500;247453600;255916537;271040948,255915592;563279900;636021739;271000748;255805866;247296500;247453600;255916537;271040948,1141;2156;2380;1353;1125;684;939;1206;1369,1141;2156;2380;1353;1125;684;939;1206;1369
51,241618000,1,GBPTL,175.416666667,95.2236111111,95.2236111111,95.2236111111,95.2227777778,95.2227777778,destination_fallback_global,destination_fallback_global,1,2721,359,538008070;273271070;636019819;538009183;240633000;232063279;563186100;273276260;636015940,538008070;273271070;636019819;538009183;240633000;232063279;563186100;273276260;636015940,2056;1403;2367;2086;368;328;2198;1407;2338,2056;1403;2367;2086;368;328;2198;1407;2338
52,241689000,2,FOR_ORDERS,232.388333333,274.720555556,274.720555556,274.720555556,274.727222222,274.727222222,destination,destination,1,165,198,667002260;273276260;352004593;241745000;461000370;352005660;538010653;461000256;240878000,667002260;273276260;352004593;241745000;461000370;352005660;538010653;461000256;240878000,2772;1440;1758;525;1939;1791;2173;1930;457,2772;1440;1758;525;1939;1791;2173;1930;457
53,241745000,0,FOR_ORDERS,48.4636111111,301.943611111,301.943611111,301.943611111,301.931388889,301.931388889,destination,destination,1,192,183,241689000;352004593;431048000;461000284;461000370;352002243;352005660;667002260;538010653,241689000;352004593;431048000;461000284;461000370;352002243;352005660;667002260;538010653,375;1606;1777;1793;1801;1577;1636;2602;2029,375;1606;1777;1793;1801;1577;1636;2602;2029
54,241751000,4,ITPFX,32.6686111111,79.1775,91.735,3.93583333333,11.1472222222,11.1472222222,destination_fallback_global,destination_fallback_global,1,2603,312,352005660;538010653;477856500;538009052;636022183;477963900;538010874;538090701;229331000,352005660;538010653;477856500;538009052;636022183;477963900;538010874;538090701;229331000,1652;2042;1800;1957;2386;1809;2049;2104;232,1652;2042;1800;1957;2386;1809;2049;2104;232
55,241859000,1,SIKOP,42.1702777778,17.0086111111,17.0086111111,17.0086111111,18.5255555556,18.5255555556,destination_fallback_global,destination_fallback_global,1,2721,252,636021665;538011225;247392600;636021702;215993000;256392000;355860000;636022905;538001657,636021665;538011225;247392600;636021702;215993000;256392000;355860000;636022905;538001657,2455;2141;855;2489;149;1290;1771;2523;1928,2455;2141;855;2489;149;1290;1771;2523;1928
56,241929000,2,TEXT:ORAN ALGERIA,91.735,121.9675,121.9675,247.046944444,263.044166667,263.044166667,destination_fallback_global,destination_fallback_global,1,2790,286,538010653;538090701;636024824;249742000;636093237;477856500;232058998;249433000;255915759,538010653;538090701;636024824;249742000;636093237;477856500;232058998;249433000;255915759,2162;2223;2693;1087;2759;1940;361;1076;1191,2162;2223;2693;1087;2759;1940;361;1076;1191
57,241953000,3,GRPIR,26.4461111111,52.7094444444,52.7094444444,52.7094444444,57.7238888889,57.7238888889,destination_fallback_global,destination_fallback_global,1,2594,294,636020540;667001639;312107000;236623000;219028212;255915967;636021781;538005330;314900000,636020540;667001639;312107000;236623000;219028212;255915967;636021781;538005330;314900000,2294;2543;1510;387;180;1204;2370;1910;1589,2294;2543;1510;387;180;1204;2370;1910;1589
58,242494400,4,MTMLA,-3043.85944444,2.26111111111,2.26111111111,2.26111111111,2.26166666667,2.26166666667,destination,destination,0.666666666667,84,58,229331000;636022183;249414000;538010874;538009052;255915609;232061535;314509000;249974000,229331000;636022183;249414000;538010874;538009052;255915609,237;2391;1056;2056;1960;1142;334;1552;1094,237;2391;1056;2056;1960;1142
59,244090800,3,TNLGN,33.0186111111,25.0463888889,21.8616666667,11.9605555556,26.9725,26.9725,destination_fallback_global,destination_fallback_global,1,2594,349,210688000;356794000;247324900;271051063;636021078;210627000;247310200;247241800;249281000,210688000;356794000;247324900;271051063;636021078;210627000;247310200;247241800;249281000,25;1715;675;1356;2301;3;640;586;1045,25;1715;675;1356;2301;3;640;586;1045
60,244865000,1,TEXT:BEJAIA,54.1683333333,230.653333333,205.648333333,104.6475,104.643888889,104.643888889,destination_fallback_global,destination_fallback_global,1,2721,389,245278000;249742000;356324000;232012490;256714000;256891000;232058998;352002310;563246500,245278000;249742000;356324000;232012490;256714000;256891000;232058998;352002310;563246500,448;1107;1779;272;1321;1326;285;1694;2224,448;1107;1779;272;1321;1326;285;1694;2224
61,245278000,2,NLMOE,230.653333333,85.6202777778,85.6202777778,85.6202777778,85.6222222222,85.6222222222,destination_fallback_global,destination_fallback_global,1,2790,359,249742000;356324000;247069600;232012490;271044383;232058998;244865000;538090701;314001113,249742000;356324000;247069600;232012490;271044383;232058998;244865000;538090701;314001113,1103;1819;575;354;1386;367;541;2235;1627,1103;1819;575;354;1386;367;541;2235;1627
62,246518000,1,ITNAP,18.9361111111,15.9166666667,15.9166666667,15.9166666667,18.595,18.595,destination,destination,1,63,66,247219700;511100560;352001323;565712000;247392600,247219700;511100560;352001323;565712000;247392600,558;1924;1664;2237;858,558;1924;1664;2237;858
63,247018700,4,FOR_ORDERS,47.5175,38.715,48.4636111111,78.9519444444,95.5847222222,95.5847222222,destination,destination,1,164,197,373808000;236623000;538010653;461000284;241689000;431048000;273276260;241745000;352002243,373808000;236623000;538010653;461000284;241689000;431048000;273276260;241745000;352002243,1737;381;2035;1778;471;1757;1394;481;1578,1737;381;2035;1778;471;1757;1394;481;1578
64,247045300,4,ITPMO,10.7030555556,21.2675,18.5783333333,18.4938888889,19.4947222222,19.4947222222,destination_fallback_global,destination_fallback_global,1,2603,454,247355500;247219700;240942000;247362500;229370000;215909000;247278300;256251000;563205300,247355500;247219700;240942000;247362500;229370000;215909000;247278300;256251000;563205300,818;644;455;824;259;111;668;1251;2150,818;644;455;824;259;111;668;1251;2150
65,247055200,2,ITPMO,30.1,44.5888888889,17.4525,9.26722222222,11.2808333333,11.2808333333,destination_fallback_global,destination_fallback_global,1,2790,327,247144750;219031822;256286000;256436000;247425900;247382800;255779000;240893000;247530400,247144750;219031822;256286000;256436000;247425900;247382800;255779000;240893000;247530400,633;219;1291;1304;928;848;1110;460;978,633;219;1291;1304;928;848;1110;460;978
66,247069600,1,TNLGN,27.925,230.653333333,230.653333333,205.648333333,206.675277778,206.675277778,destination_fallback_global,destination_fallback_global,1,2721,352,245278000;249742000;356324000;232012490;477963900;352002310;232058998;538090701;311001144,245278000;249742000;356324000;232012490;477963900;352002310;232058998;538090701;311001144,447;1107;1779;272;1909;1694;284;2168;1551,447;1107;1779;272;1909;1694;284;2168;1551
67,247077700,4,ITAUG,-595.088611111,-82.5058333333,-82.5058333333,-62.65,-54.575,-54.575,destination,destination,1,263,206,255915800;255915737;256227000;210627000;373026000;247282600;247343900;636021700;247100900,255915800;255915737;256227000;210627000;373026000;247282600;247343900;636021700;247100900,1187;1152;1227;4;1709;680;772;2366;574,1187;1152;1227;4;1709;680;772;2366;574
68,247095300,0,ITRAN,42.1283333333,59.5738888889,59.5738888889,59.5738888889,59.5669444444,59.5669444444,destination,destination,1,23,25,314496000;636021596;255915683;255915693;255806044;215035000,314496000;636021596;255915683;255915693;255806044;215035000,1474;2396;1066;1071;1054;49,1474;2396;1066;1071;1054;49
69,247100900,0,ITAUG,-136.652222222,-20.6094444444,-120.646388889,-120.646388889,-116.6425,-116.6425,destination,destination,1,291,237,210627000;247298300;247131100;373026000;249087000;247343900;247333600;247408700;636021700,210627000;247298300;247131100;373026000;249087000;247343900;247333600;247408700;636021700,13;601;480;1703;929;674;666;783;2408,13;601;480;1703;929;674;666;783;2408
70,247101700,4,ITSPA,-2010.43222222,-125.627222222,-125.627222222,-139.610277778,-126.7375,-126.7375,destination,destination,1,168,191,311000231;311000451;256515000;538010211;538005496;215498000;247382800;215054000,311000231;311000451;256515000;538010211;538005496;215498000;247382800;215054000,1450;1474;1294;2022;1895;102;849;33,1450;1474;1294;2022;1895;102;849;33
71,247104500,3,GRPIR,30.8516666667,49.2836111111,80.7813888889,52.7094444444,64.7225,64.7225,destination_fallback_global,destination_fallback_global,1,2594,333,312107000;636021781;667001639;219028212;538004518;319301000;538005330;428002000;636012378,312107000;636021781;667001639;219028212;538004518;319301000;538005330;428002000;636012378,1506;2364;2534;176;1897;1598;1906;1786;2198,1506;2364;2534;176;1897;1598;1906;1786;2198
72,247131100,3,ITAUG,-201.613888889,-79.6436111111,-62.65,-79.6436111111,-79.6138888889,-79.6138888889,destination,destination,1,302,245,247408700;219432000;373026000;247343900;247268300;247100900;249087000;247426100;255915800,247408700;219432000;373026000;247343900;247268300;247100900;249087000;247426100;255915800,861;257;1736;723;598;563;1026;932;1196,861;257;1736;723;598;563;1026;932;1196
73,247144750,4,UNKNOWN,-2424.53972222,-2395.48805556,-2395.48805556,18.5783333333,18.57,18.57,destination_fallback_global,destination_fallback_global,1,2603,263,256436000;538010211;219031822;247530400;629009126;215909000;247055200;247362500;247415600,256436000;538010211;219031822;247530400;629009126;215909000;247055200;247362500;247415600,1272;2012;156;980;2216;113;549;832;916,1272;2012;156;980;2216;113;549;832;916
74,247147120,2,UNKNOWN,-2422.87055556,-5.65111111111,10.5536111111,18.4938888889,24.2808333333,24.2808333333,destination_fallback_global,destination_fallback_global,1,2790,348,215958000;256227000;311085000;247355500;215826000;210627000;247382800;314900000;240942000,215958000;256227000;311085000;247355500;215826000;210627000;247382800;314900000;240942000,162;1260;1588;837;131;15;844;1663;501,162;1260;1588;837;131;15;844;1663;501
75,247153450,4,NON_SPECIFIC,2378.25222222,9.26722222222,9.26722222222,9.26722222222,9.27111111111,9.27111111111,destination,destination,1,51,56,219031822;247278300;229471000,219031822;247278300;229471000,156;656;281,156;656;281
76,247176900,3,ITSIR,23.0305555556,-117.643055556,-166.650833333,-20.6094444444,-13.7319444444,-13.7319444444,destination_fallback_global,destination_fallback_global,1,2594,359,247408700;247100900;210627000;538012456;247278300;538003678;219031822;247268300;256515000,247408700;247100900;210627000;538012456;247278300;538003678;219031822;247268300;256515000,870;558;17;2042;614;1889;191;595;1266,870;558;17;2042;614;1889;191;595;1266
77,247219700,3,ITNAP,15.9166666667,18.4938888889,18.59,18.59,18.5927777778,18.5927777778,destination,destination,1,78,86,240942000;246518000;511100560;352001323;247392600;255805866;565712000,240942000;246518000;511100560;352001323;247392600;255805866;565712000,426;493;1858;1604;845;1115;2112,426;493;1858;1604;845;1115;2112
78,247231200,4,ESTAR,2885.25,90.6488888889,104.6475,81.2930555556,83.3175,83.3175,destination_fallback_global,destination_fallback_global,1,2603,372,636020328;636092552;605076070;249433000;461000284;538007511;352002310;352004810;271044383,636020328;636092552;605076070;249433000;461000284;538007511;352002310;352004810;271044383,2302;2505;2185;1062;1790;1937;1590;1647;1370,2302;2505;2185;1062;1790;1937;1590;1647;1370
79,247241800,0,ITCTA,-10.6105555556,-5.64222222222,-17.3619444444,-17.3619444444,-9.22833333333,-9.22833333333,destination,destination,1,29,34,249281000;249146000;247453600,249281000;249146000;247453600,951;941;832,951;941;832
80,247268300,4,ITAUG,229.347777778,-79.6436111111,-79.6436111111,-166.650833333,-164.638333333,-164.638333333,destination,destination,1,263,203,373026000;247343900;247426100;219432000;255915800;247425900;247131100;247298300;247100900,373026000;247343900;247426100;219432000;255915800;247425900;247131100;247298300;247100900,1716;776;930;181;1192;922;593;711;584,1716;776;930;181;1192;922;593;711;584
81,247278300,1,NON_SPECIFIC,3786.35444444,-125.627222222,-166.650833333,-120.646388889,-113.737222222,-113.737222222,destination_fallback_global,destination_fallback_global,1,2721,337,215498000;538005496;247408700;311000451;538010211;255970000;311000231;249087000;538003678,215498000;538005496;247408700;311000451;538010211;255970000;311000231;249087000;538003678,89;2017;885;1530;2105;1232;1504;1048;1954,89;2017;885;1530;2105;1232;1504;1048;1954
82,247282600,3,ITAUG,-2.3475,-76.6530555556,-82.5058333333,-36.7822222222,-21.6183333333,-21.6183333333,destination,destination,1,302,236,210627000;247077700;247343900;373026000;256227000;256891000;255915737;247333600;255915800,210627000;247077700;247343900;373026000;256227000;256891000;255915737;247333600;255915800,4;543;717;1726;1214;1310;1157;714;1186,4;543;717;1726;1214;1310;1157;714;1186
83,247296500,2,ITLIV,40.4125,-0.993888888889,-76.6530555556,-76.6530555556,-67.7252777778,-67.7252777778,destination_fallback_global,destination_fallback_global,1,2790,357,548651000;215498000;563205300;256891000;247333600;247298300;210627000;311000451;255915800,548651000;215498000;563205300;256891000;247333600;247298300;210627000;311000451;255915800,2261;107;2280;1358;779;741;7;1538;1209,2261;107;2280;1358;779;741;7;1538;1209
84,247298300,3,ITAUG,-393.143611111,-76.6530555556,-76.6530555556,-20.6094444444,-8.29722222222,-8.29722222222,destination,destination,1,302,265,247351700;548651000;255915737;247333600;256891000;256227000;210627000;249087000;255915800,247351700;548651000;255915737;247333600;256891000;256227000;210627000;249087000;255915800,761;2092;1147;706;1308;1226;7;1024;1182,761;2092;1147;706;1308;1226;7;1024;1182
85,247305480,2,UNKNOWN,-2525.77555556,-17.4319444444,-17.4319444444,18.9361111111,20.9408333333,20.9408333333,destination_fallback_global,destination_fallback_global,1,2790,288,247351700;256227000;246518000;247241800;247530400;256251000;229370000;373026000;247333600,247351700;256227000;246518000;247241800;247530400;256251000;229370000;373026000;247333600,820;1254;549;678;972;1274;299;1854;781,820;1254;549;678;972;1274;299;1854;781
86,247306670,1,UNKNOWN,-2395.48805556,-2422.87055556,-2422.87055556,-2422.87055556,-2421.87555556,-2421.87555556,destination,destination,1,10,10,247147120;247407900;247144750,247147120;247407900;247144750,546;862;544,546;862;544
87,247310200,2,TNSFA,25.0463888889,68.0102777778,68.0102777778,68.0102777778,68.0013888889,68.0013888889,destination_fallback_global,destination_fallback_global,1,2790,281,229412000;232061535;215481000;566453000;210688000;566579000;538005853;241287000;636021078,229412000;232061535;215481000;566453000;210688000;566579000;538005853;241287000;636021078,325;381;105;2326;24;2333;2062;509;2508,325;381;105;2326;24;2333;2062;509;2508
88,247313600,2,ITCHI,54.7930555556,55.1116666667,55.1116666667,55.1116666667,55.1216666667,55.1216666667,destination_fallback_global,destination_fallback_global,1,2790,335,636013095;255915693;304427000;255806044;255970000;355860000;314432000;256436000;671562100,636013095;255915693;304427000;255806044;255970000;355860000;314432000;256436000;671562100,2418;1176;1472;1163;1240;1817;1629;1310;2778,2418;1176;1472;1163;1240;1817;1629;1310;2778
89,247319800,0,ITSAL,11.9872222222,11.9605555556,8.88638888889,5.89166666667,7.92388888889,7.92388888889,destination_fallback_global,destination_fallback_global,1,2628,321,271051219;256891000;275488000;563205300;247415600;311000451;247407900;247383400;548651000,271051219;256891000;275488000;563205300;247415600;311000451;247407900;247383400;548651000,1230;1165;1272;2129;811;1369;759;751;2097,1230;1165;1272;2129;811;1369;759;751;2097
90,247324900,2,ITGEA,11.9605555556,10.7030555556,5.89166666667,5.89166666667,6.91972222222,6.91972222222,destination_fallback_global,destination_fallback_global,1,2790,446,256515000;271051063;240893000;271051219;275488000;548651000;538010211;249087000;563205300,256515000;271051063;240893000;271051219;275488000;548651000;538010211;249087000;563205300,1311;1394;481;1419;1453;2243;2146;1033;2283,1311;1394;481;1419;1453;2243;2146;1033;2283
91,247333600,4,ITAUG,4084.76305556,-62.65,-62.65,-166.650833333,-160.637777778,-160.637777778,destination,destination,1,263,203,247426100;247425900;247343900;255915800;373026000;219432000;247298300;247131100;247100900,247426100;247425900;247343900;255915800;373026000;219432000;247298300;247131100;247100900,926;920;775;1194;1714;181;711;593;584,926;920;775;1194;1714;181;711;593;584
92,247343900,2,ITAUG,-2457.65333333,-20.6094444444,-20.6094444444,-62.65,-58.6436111111,-58.6436111111,destination,destination,1,373,264,249087000;219432000;247131100;255915800;247408700;210627000;373026000;247100900;247298300,249087000;219432000;247131100;255915800;247408700;210627000;373026000;247100900;247298300,1041;256;609;1222;898;13;1864;599;733,1041;256;609;1222;898;13;1864;599;733
93,247349400,0,ITCTA,-648.636388889,-5.64222222222,-17.3619444444,-17.3619444444,-9.25416666667,-9.25416666667,destination,destination,1,29,34,249281000;249146000;247453600,249281000;249146000;247453600,951;941;832,951;941;832
94,247351700,4,ITAUG,4051.84972222,-166.650833333,-136.652222222,-136.652222222,-116.644722222,-116.644722222,destination,destination,1,263,216,247131100;219432000;210627000;247343900;247298300;247100900;248333000;255915800;373026000,247131100;219432000;210627000;247343900;247298300;247100900;248333000;255915800;373026000,605;180;20;782;701;578;1008;1190;1711,605;180;20;782;701;578;1008;1190;1711
95,247355500,0,ITTOA,21.2675,15.9166666667,15.9166666667,9.765,11.7602777778,11.7602777778,destination_fallback_global,destination_fallback_global,1,2628,420,247219700;247362500;219031822;215909000;240942000;275488000;247045300;247415600;247383400,247219700;247362500;219031822;215909000;240942000;275488000;247045300;247415600;247383400,533;710;173;99;352;1273;432;812;730,533;710;173;99;352;1273;432;812;730
96,247362500,2,TEXT:AUG,-1851.15305556,10.5536111111,27.3138888889,70.8777777778,68.9716666667,68.9716666667,destination_fallback_global,destination_fallback_global,1,2790,398,215826000;247351700;538002883;256251000;311085000;247100900;248507000;215958000;210627000,215826000;247351700;538002883;256251000;311085000;247100900;248507000;215958000;210627000,134;815;1975;1283;1589;595;1004;161;16,134;815;1975;1283;1589;595;1004;161;16
97,247382800,0,ITSPA,-2281.43333333,-139.610277778,-139.610277778,-186.653611111,-168.724722222,-168.724722222,destination,destination,1,160,183,311000451;538003678;311000231;247101700;215054000;256515000;538010211;538005496,311000451;538003678;311000231;247101700;215054000;256515000;538010211;538005496,1369;1844;1358;470;56;1144;1996;1893,1369;1844;1358;470;56;1144;1996;1893
98,247383400,4,ITGOA,32.5116666667,44.5888888889,44.5888888889,44.5888888889,49.9130555556,49.9130555556,destination,destination,1,57,64,247530400;256286000;357463000;256714000;256885000;356324000;636024536,247530400;256286000;357463000;256714000;256885000;356324000;636024536,979;1260;1688;1323;1326;1668;2454,979;1260;1688;1323;1326;1668;2454
99,247392600,2,ITNAP,15.5044444444,18.4938888889,18.4938888889,18.4938888889,22.9247222222,22.9247222222,destination,destination,1,92,102,255805866;511100560;247219700;240942000;246518000;565712000,255805866;511100560;247219700;240942000;246518000;565712000,1144;1968;658;506;545;2318,1144;1968;658;506;545;2318
100,247407900,2,UNKNOWN,1902.665,-20.6094444444,-120.646388889,18.4938888889,26.4997222222,26.4997222222,destination_fallback_global,destination_fallback_global,1,2790,389,240942000;275488000;215498000;247131100;247278300;538010211;538005496;311000231;229370000,240942000;275488000;215498000;247131100;247278300;538010211;538005496;311000231;229370000,499;1452;116;624;710;2150;2038;1515;305,499;1452;116;624;710;2150;2038;1515;305
101,247408700,4,ITAUG,-120.646388889,-166.650833333,-166.650833333,-201.613888889,-186.638333333,-186.638333333,destination,destination,1,263,228,247131100;247298300;219432000;210627000;247343900;255915800;248333000;247100900;373026000,247131100;247298300;219432000;210627000;247343900;255915800;248333000;247100900;373026000,598;701;194;8;780;1190;1008;583;1711,598;701;194;8;780;1190;1008;583;1711
102,247415100,0,ITCTA,-174.649444444,-5.64222222222,-17.3619444444,-17.3619444444,-8.2525,-8.2525,destination,destination,1,29,34,249281000;249146000;247453600,249281000;249146000;247453600,950;941;832,950;941;832
103,247415600,2,TEXT:POZZUOLI S A F,18.5783333333,15.9166666667,5.89166666667,8.88638888889,11.8975,11.8975,destination_fallback_global,destination_fallback_global,1,2790,401,271051063;271051219;563205300;311000451;275488000;210688000;256891000;247383400;247219700,271051063;271051219;563205300;311000451;275488000;210688000;256891000;247383400;247219700,1394;1419;2283;1536;1455;40;1359;861;657,1394;1419;2283;1536;1455;40;1359;861;657
104,247425900,3,ITAUG,-1542.90277778,-62.65,-36.7822222222,-36.7822222222,-35.6263888889,-35.6263888889,destination,destination,1,302,226,247268300;373026000;247333600;247408700;255915800;219432000;249087000;256891000;247343900,247268300;373026000;247333600;247408700;255915800;219432000;249087000;256891000;247343900,599;1740;691;865;1196;255;1028;1309;724,599;1740;691;865;1196;255;1028;1309;724
105,247426100,2,ITAUG,-166.650833333,-20.6094444444,-20.6094444444,-79.6436111111,-72.6372222222,-72.6372222222,destination,destination,1,373,251,247408700;219432000;210627000;247131100;373026000;249087000;255915800;247298300;247100900,247408700;219432000;210627000;247131100;373026000;249087000;255915800;247298300;247100900,897;256;20;624;1864;1041;1222;733;599,897;256;20;624;1864;1041;1222;733;599
106,247432200,0,ITPFX,24.1022222222,7.10861111111,7.10861111111,25.0463888889,27.0563888889,27.0563888889,destination_fallback_global,destination_fallback_global,1,2628,265,247310200;247324900;229412000;215481000;248422000;636021246;538071393;636016014;249974000,247310200;247324900;229412000;215481000;248422000;636021246;538071393;636016014;249974000,619;630;245;80;891;2381;2065;2278;1007,619;630;245;80;891;2381;2065;2278;1007
107,247453600,2,ITCTA,-0.8875,-100.135833333,-100.135833333,-17.3619444444,-2.34527777778,-2.34527777778,destination,destination,1,109,122,249281000;249146000;247241800;215232000;247415100;247349400,249281000;249146000;247241800;215232000;247415100;247349400,1058;1051;673;78;923;808,1058;1051;673;78;923;808
108,247483800,1,ITTRS,-3742.03222222,19.2561111111,22.0844444444,22.0844444444,24.3983333333,24.3983333333,destination_fallback_global,destination_fallback_global,1,2721,234,215993000;256392000;355860000;247313600;636022905;304427000;636021665;538011225;352002170,215993000;256392000;355860000;247313600;636022905;304427000;636021665;538011225;352002170,153;1294;1773;657;2526;1437;2457;2141;1678,153;1294;1773;657;2526;1437;2457;2141;1678
109,247488900,3,EGALY,29.5083333333,43.8797222222,43.8797222222,43.8797222222,43.8780555556,43.8780555556,destination_fallback_global,destination_fallback_global,1,2594,314,636024805;238066000;255915798;249004000;538005330;219028212;538007661;352004590;373808000,636024805;238066000;255915798;249004000;538005330;219028212;538007661;352004590;373808000,2440;392;1173;1008;1912;185;1946;1662;1756,2440;392;1173;1008;1912;185;1946;1662;1756
110,247530400,0,ITGOA,39.3958333333,46.4047222222,46.4047222222,46.4047222222,46.4013888889,46.4013888889,destination,destination,1,67,74,271052090;256286000;256885000;247383400;357463000;636024536,271052090;256286000;256885000;247383400;357463000;636024536,1245;1119;1159;732;1681;2508,1245;1119;1159;732;1681;2508
111,248089000,1,ITCVV,26.3880555556,17.3766666667,19.2561111111,15.5044444444,15.5077777778,15.5077777778,destination_fallback_global,destination_fallback_global,1,2721,256,247392600;308628000;538010211;215993000;256436000;271052090;538011225;247296500;247313600,247392600;308628000;538010211;215993000;256436000;271052090;538011225;247296500;247313600,858;1472;2094;153;1296;1385;2141;618;657,858;1472;2094;153;1296;1385;2141;618;657
112,248105000,1,ITAOI,47.1530555556,19.4041666667,34.4072222222,54.7930555556,56.8044444444,56.8044444444,destination_fallback_global,destination_fallback_global,1,2721,252,564724000;255915693;268251804;247313600;304427000;319076100;355860000;605026210;636022905,564724000;255915693;268251804;247313600;304427000;319076100;355860000;605026210;636022905,2235;1163;1336;661;1440;1653;1777;2300;2528,2235;1163;1336;661;1440;1653;1777;2300;2528
113,248159000,2,ITMLZ,6.3725,38.3283333333,34.4177777778,44.4341666667,46.5097222222,46.5097222222,destination_fallback_global,destination_fallback_global,1,2790,452,256714000;636024336;255916537;563279900;357463000;219303000;241298000;636021362;255915592,256714000;636024336;255916537;563279900;357463000;219303000;241298000;636021362;255915592,1345;2657;1238;2304;1841;238;511;2530;1170,1345;2657;1238;2304;1841;238;511;2530;1170
114,248333000,3,ITAUG,-27.9525,-79.6436111111,-80.6244444444,-20.6094444444,-12.7816666667,-12.7816666667,destination,destination,1,302,259,247100900;247351700;210627000;247268300;247408700;219432000;247426100;247343900;255915800,247100900;247351700;210627000;247268300;247408700;219432000;247426100;247343900;255915800,562;754;16;596;871;234;934;727;1194,562;754;16;596;871;234;934;727;1194
115,248422000,2,MTMLA,-738.6,5.33888888889,5.33888888889,5.33888888889,5.3375,3.93694444444,destination,destination,0.444444444444,73,49,356794000;566579000;232061535;249974000;249596000;255915609;538009052;538010874;636022183,255915609;538009052;538010874;636022183;229331000;242494400,1835;2333;382;1106;1082;1171;2107;2183;2621,1171;2107;2183;2621;289;536
116,248507000,3,EGEDK,68.9125,27.3138888889,10.7030555556,21.2675,23.2752777778,23.2752777778,destination_fallback_global,destination_fallback_global,1,2594,314,247362500;247147120;215958000;247355500;247055200;215826000;247351700;255801270;247101700,247362500;247147120;215958000;247355500;247055200;215826000;247351700;255801270;247101700,782;577;162;777;523;116;756;1098;573,782;577;162;777;523;116;756;1098;573
117,249004000,1,TEXT:ALEXANDRIA,43.8797222222,65.5738888889,60.2488888889,41.7258333333,41.7244444444,41.7244444444,destination_fallback_global,destination_fallback_global,1,2721,360,352004590;667002240;238066000;247488900;219608000;636024606;255915798;636021781;636021365,352004590;667002240;238066000;247488900;219608000;636024606;255915798;636021781;636021365,1717;2689;354;979;202;2567;1194;2508;2442,1717;2689;354;979;202;2567;1194;2508;2442
118,249022000,0,NLRTM,157.519166667,6.19583333333,69.5616666667,84.285,85.2833333333,85.2833333333,destination_fallback_global,destination_fallback_global,1,2628,376,538009532;538010653;352005660;352003495;219550000;477856500;229331000;242494400;477963900,538009532;538010653;352005660;352003495;219550000;477856500;229331000;242494400;477963900,1985;2028;1637;1589;193;1813;215;394;1825,1985;2028;1637;1589;193;1813;215;394;1825
119,249087000,4,ITAUG,-17.4319444444,-166.650833333,-166.650833333,-79.6436111111,-64.7622222222,-64.7622222222,destination,destination,1,263,222,247298300;219432000;255915800;210627000;247131100;247100900;247343900;373026000;248333000,247298300;219432000;255915800;210627000;247131100;247100900;247343900;373026000;248333000,694;191;1178;11;596;586;780;1711;1008,694;191;1178;11;596;586;780;1711;1008
120,249146000,4,ITCTA,-5.64222222222,-174.649444444,-174.649444444,-100.135833333,-80.1366666667,-80.1366666667,destination,destination,1,88,101,247241800;247349400;247415100;215232000;247453600,247241800;247349400;247415100;215232000;247453600,648;788;875;52;940,648;788;875;52;940
121,249172000,3,MTMAR,10.3208333333,12.5461111111,12.5461111111,175.416666667,180.432222222,180.432222222,destination_fallback_global,destination_fallback_global,1,2594,316,255805849;241618000;613471602;352004690;538009183;636019819;240878000;613404821;352002243,255805849;241618000;613471602;352004690;538009183;636019819;240878000;613404821;352002243,1104;436;2191;1677;1970;2249;402;2177;1624,1104;436;2191;1677;1970;2249;402;2177;1624
122,249281000,4,ITCTA,-17.3619444444,-174.649444444,-174.649444444,-174.649444444,-154.743055556,-154.743055556,destination,destination,1,88,95,247349400;247415100;215232000;247241800;247453600,247349400;247415100;215232000;247241800;247453600,806;874;50;648;940,806;874;50;648;940
123,249414000,2,MTMLA,2.26111111111,1.55583333333,2.93777777778,2.93777777778,3.94722222222,3.94722222222,destination,destination,0.666666666667,73,49,636022183;538010874;229331000;538009052;242494400;255915609;232061535;566579000;356794000,636022183;538010874;229331000;538009052;242494400;255915609,2621;2182;293;2106;537;1171;379;2330;1834,2621;2182;293;2106;537;1171
124,249433000,1,ESALG,81.2930555556,90.6488888889,90.6488888889,90.6488888889,90.6519444444,90.6519444444,destination,destination,1,51,60,636092552;563186100;403660000;636019819;228481700;477630800;229456000,636092552;563186100;403660000;636019819;228481700;477630800;229456000,2620;2197;1842;2367;213;1884;241,2620;2197;1842;2367;213;1884;241
125,249596000,0,MTMLA,10.1502777778,4.225,4.225,4.225,5.03138888889,5.03138888889,destination,destination,0.555555555556,62,34,356794000;248422000;249974000;314509000;566579000;255915609;636022183;229331000;249414000,356794000;248422000;249974000;314509000;566579000,1671;887;1007;1482;2173;1062;2456;205;963,1671;887;1007;1482;2173
126,249611000,1,GIGIB,97.4713888889,89.0002777778,91.9708333333,89.0002777778,98.5158333333,98.5158333333,destination,destination,1,124,125,352001352;352004307;240633000;636017773;538006774;538008070;352004810;232058998;356755000,352001352;352004307;240633000;636017773;538006774;538008070;352004810;232058998;356755000,1665;1704;359;2344;2027;2048;1731;279;1785,1665;1704;359;2344;2027;2048;1731;279;1785
127,249697000,1,TRDRC,92.2597222222,74.6733333333,69.0719444444,72.305,82.275,82.275,destination_fallback_global,destination_fallback_global,1,2721,341,538009159;352002473;538005330;538004518;636021513;538007504;255915798;636021781;352004590,538009159;352002473;538005330;538004518;636021513;538007504;255915798;636021781;352004590,2073;1698;1980;1971;2447;2039;1193;2503;1707,2073;1698;1980;1971;2447;2039;1193;2503;1707
128,249742000,3,TEXT:IMMINGHAM,247.046944444,103.049722222,103.049722222,90.6488888889,91.6783333333,91.6783333333,destination_fallback_global,destination_fallback_global,1,2594,325,245278000;356324000;271044383;636024824;311001144;477963900;352003495;563246500;636092552,245278000;356324000;271044383;636024824;311001144;477963900;352003495;563246500;636092552,483;1712;1351;2457;1483;1842;1643;2102;2485,483;1712;1351;2457;1483;1842;1643;2102;2485
129,249962000,2,ESCAR,79.1775,97.4713888889,97.4713888889,274.720555556,282.741111111,282.741111111,destination_fallback_global,destination_fallback_global,1,2790,299,352001352;273277260;613404821;232063279;352004593;240633000;565712000;538009008;403660000,352001352;273277260;613404821;232063279;352004593;240633000;565712000;538009008;403660000,1704;1442;2376;403;1751;446;2311;2092;1904,1704;1442;2376;403;1751;446;2311;2092;1904
130,249974000,3,MTMLA,5.33888888889,3.88861111111,3.88861111111,4.225,4.22694444444,3.88833333333,destination,destination,0.666666666667,93,51,566579000;248422000;232061535;314509000;356794000;249596000;242494400;229331000;636022183,566579000;248422000;232061535;314509000;356794000;249596000,2133;993;345;1543;1716;1079;472;280;2381,2133;993;345;1543;1716;1079
131,253000158,1,TRYAR,54.0591666667,44.8680555556,44.8680555556,39.0594444444,45.4030555556,45.4030555556,destination_fallback_global,destination_fallback_global,1,2721,309,232026551;636024606;304204000;636012378;636092313;352002473;255915798;431476000;440252000,232026551;636024606;304204000;636012378;636092313;352002473;255915798;431476000;440252000,276;2558;1433;2328;2610;1695;1191;1856;1861,276;2558;1433;2328;2610;1695;1191;1856;1861
132,255779000,3,ESCAR,-15.3402777778,21.2675,21.2675,70.8777777778,70.8708333333,70.8708333333,destination_fallback_global,destination_fallback_global,1,2594,341,215826000;247362500;247351700;247055200;538009214;247355500;247147120;247278300;215958000,215826000;247362500;247351700;247055200;538009214;247355500;247147120;247278300;215958000,117;780;754;524;1982;779;577;620;162,117;780;754;524;1982;779;577;620;162
133,255801270,4,ESCEU,88.0419444444,23.0305555556,23.0305555556,59.8719444444,68.8861111111,68.8861111111,destination_fallback_global,destination_fallback_global,1,2603,372,256251000;248507000;563205300;247055200;240788000;247278300;311000231;210627000;215826000,256251000;248507000;563205300;247055200;240788000;247278300;311000231;210627000;215826000,1250;1022;2149;541;407;667;1450;16;104,1250;1022;2149;541;407;667;1450;16;104
134,255805849,0,MAPTM,97.9855555556,89.0002777778,96.8438888889,89.0002777778,92.0202777778,92.0202777778,destination_fallback_global,destination_fallback_global,1,2628,339,241618000;249172000;240633000;636024536;255915759;538008070;538010540;613471602;538004558,241618000;249172000;240633000;636024536;255915759;538008070;538010540;613471602;538004558,362;942;295;2508;1079;1942;2015;2240;1860,362;942;295;2508;1079;1942;2015;2240;1860
135,255805866,1,ITNAP,52.1658333333,18.59,18.59,18.59,21.5941666667,21.5941666667,destination,destination,1,63,66,352001323;565712000;247392600;511100560;247219700,352001323;565712000;247392600;511100560;247219700,1661;2246;858;1925;578,1661;2246;858;1925;578
136,255805951,4,GRSTN,20.465,47.1530555556,47.1530555556,47.1530555556,47.1438888889,47.1438888889,destination_fallback_global,destination_fallback_global,1,2603,290,256436000;311000621;605026210;268251804;255970000;230723000;248105000;255806044;255915683,256436000;311000621;605026210;268251804;255970000;230723000;248105000;255806044;255915683,1279;1508;2180;1344;1208;305;995;1134;1146,1279;1508;2180;1344;1208;305;995;1134;1146
137,255805968,1,LYTIP,21.8616666667,7.10861111111,7.10861111111,7.10861111111,7.09666666667,7.09666666667,destination_fallback_global,destination_fallback_global,1,2721,335,636021246;248422000;247324900;636021078;538071393;247432200;210688000;249974000;578001200,636021246;248422000;247324900;636021078;538071393;247432200;210688000;249974000;578001200,2422;1017;685;2407;2153;959;2;1113;2294,2422;1017;685;2407;2153;959;2;1113;2294
138,255806044,1,ITRAN,59.5738888889,55.1116666667,55.1116666667,55.1116666667,56.1311111111,56.1311111111,destination,destination,1,27,28,255915693;255915683;247095300;314496000;636021596,255915693;255915683;247095300;314496000;636021596,1164;1157;500;1592;2450,1164;1157;500;1592;2450
139,255806427,1,ITGIT,5.84305555556,15.5044444444,15.5044444444,15.5044444444,15.5097222222,15.5097222222,destination_fallback_global,destination_fallback_global,1,2721,272,247392600;308628000;247453600;247296500;538011225;636021665;215993000;538010211;355860000,247392600;308628000;247453600;247296500;538011225;636021665;215993000;538010211;355860000,858;1473;962;617;2141;2454;151;2094;1771,858;1473;962;617;2141;2454;151;2094;1771
140,255915592,3,FRMRS,38.3283333333,35.1477777778,37.8808333333,37.8808333333,37.8766666667,37.8766666667,destination_fallback_global,destination_fallback_global,1,2594,401,241298000;636021739;271040948;271000748;255805866;219303000;255916537;256049000;311775000,241298000;636021739;271040948;271000748;255805866;219303000;255916537;256049000;311775000,430;2356;1348;1332;1115;232;1210;1211;1492,430;2356;1348;1332;1115;232;1210;1211;1492
141,255915609,1,MTMLA,16.4616666667,2.93777777778,2.26111111111,2.26111111111,9.22777777778,7.35083333333,destination,destination,0.555555555556,72,43,249414000;538010874;538009052;242494400;232061535;314509000;566579000;356794000;248422000,232061535;314509000;566579000;356794000;248422000;249974000;249596000,1081;2129;2064;434;298;1595;2258;1794;1012,298;1595;2258;1794;1012;1113;1090
142,255915683,2,ITRAN,83.2125,55.1116666667,55.1116666667,55.1116666667,55.1183333333,55.1183333333,destination,destination,1,32,35,255915693;255806044;247095300;314496000;215035000;636021596,255915693;255806044;247095300;314496000;215035000;636021596,1176;1163;589;1634;49;2551,1176;1163;589;1634;49;2551
143,255915693,3,ITRAN,55.1116666667,59.5738888889,59.5738888889,59.5738888889,59.5669444444,59.5669444444,destination,destination,1,31,33,255806044;255915683;215035000;247095300;314496000;636021596,255806044;255915683;215035000;247095300;314496000;636021596,1134;1143;43;556;1535;2336,1134;1143;43;556;1535;2336
144,255915737,0,ITAUG,-82.5058333333,-356.462777778,-356.462777778,-201.613888889,-196.726944444,-196.726944444,destination,destination,1,291,226,373026000;247333600;247343900;636021700;249087000;247077700;210627000;247298300;247131100,373026000;247333600;247343900;636021700;249087000;247077700;210627000;247298300;247131100,1699;668;676;2415;931;469;14;597;496,1699;668;676;2415;931;469;14;597;496
145,255915759,4,FOR_ORDERS,-566.815555556,303.231666667,90.6833333333,90.6833333333,90.6886111111,90.6886111111,destination,destination,1,164,197,538010653;352005660;273271070;273276260;461000256;667002260;352002243;461000284;647553008,538010653;352005660;273271070;273276260;461000256;667002260;352002243;461000284;647553008,2048;1660;1388;1396;1776;2576;1586;1791;2543,2048;1660;1388;1396;1776;2576;1586;1791;2543
146,255915798,2,TRMER,72.305,50.2191666667,50.2191666667,50.2191666667,50.2194444444,50.2194444444,destination_fallback_global,destination_fallback_global,1,2790,360,352004590;247488900;219028212;238066000;538007661;636024805;312107000;219608000;255915967,352004590;247488900;219028212;238066000;538007661;636024805;312107000;219608000;255915967,1748;961;196;439;2082;2688;1606;270;1232,1748;961;196;439;2082;2688;1606;270;1232
147,255915800,0,ITAUG,-62.65,-36.7822222222,-36.7822222222,-166.650833333,-161.648888889,-161.648888889,destination,destination,1,291,221,247425900;247333600;247343900;247426100;548651000;247268300;247408700;373026000;249087000,247425900;247333600;247343900;247426100;548651000;247268300;247408700;373026000;249087000,818;655;679;823;2093;550;768;1717;920,818;655;679;823;2093;550;768;1717;920
148,255915967,0,TEXT:ALIAGA,37.5897222222,50.2191666667,52.7094444444,52.7094444444,57.7388888889,57.7388888889,destination_fallback_global,destination_fallback_global,1,2628,303,219028212;312107000;538007661;667001639;538005330;241953000;636021781;636020540;255915798,219028212;312107000;538007661;667001639;538005330;241953000;636021781;636020540;255915798,146;1441;1934;2586;1873;393;2455;2370;1086,146;1441;1934;2586;1873;393;2455;2370;1086
149,255916537,0,ITCVV,25.5236111111,34.4177777778,18.59,18.59,21.5877777778,21.5877777778,destination_fallback_global,destination_fallback_global,1,2628,265,636023127;248159000;352001323;563279900;241298000;255915592;255805866;636021739;636024336,636023127;248159000;352001323;563279900;241298000;255915592;255805866;636021739;636024336,2493;884;1550;2150;353;1060;1035;2441;2496,2493;884;1550;2150;353;1060;1035;2441;2496
150,255970000,3,ITTAR,22.8913888889,19.4041666667,19.4041666667,19.4041666667,25.5763888889,25.5763888889,destination,destination,1,19,20,304427000;538011225;636021733,304427000;538011225;636021733,1428;2030;2353,1428;2030;2353
151,256049000,2,FRSET,46.6986111111,35.1477777778,35.1477777778,35.1477777778,36.4294444444,36.4294444444,destination_fallback_global,destination_fallback_global,1,2790,391,271000748;255805866;255916537;636021739;255915592;563279900;256714000;241298000;357463000,271000748;255805866;255916537;636021739;255915592;563279900;256714000;241298000;357463000,1374;1144;1233;2596;1169;2302;1341;510;1836,1374;1144;1233;2596;1169;2302;1341;510;1836
152,256227000,0,ITAUG,-80.6244444444,-120.646388889,-166.650833333,-20.6094444444,-14.9655555556,-14.9655555556,destination,destination,1,291,226,247333600;247077700;247351700;210627000;249087000;373026000;247131100;247343900;247408700,247333600;247077700;247351700;210627000;249087000;373026000;247131100;247343900;247408700,673;469;689;15;931;1700;474;685;781,673;469;689;15;931;1700;474;685;781
153,256251000,3,TRIZT,59.8719444444,60.9197222222,80.7813888889,78.6966666667,83.2711111111,83.2711111111,destination_fallback_global,destination_fallback_global,1,2594,323,219028212;428002000;319301000;667001639;312107000;671500100;636022522;636021781;314900000,219028212;428002000;319301000;667001639;312107000;671500100;636022522;636021781;314900000,176;1786;1597;2534;1506;2571;2388;2364;1581,176;1786;1597;2534;1506;2571;2388;2364;1581
154,256286000,3,ITGOA,44.5888888889,46.4047222222,46.4047222222,39.3958333333,55.5141666667,55.5141666667,destination,destination,1,72,80,271052090;247530400;247383400;256885000;256714000;356324000,271052090;247530400;247383400;256885000;256714000;356324000,1398;961;817;1298;1295;1712,1398;961;817;1298;1295;1712
155,256392000,0,TEXT:IT TARANTO,19.2561111111,43.6044444444,34.4072222222,22.0844444444,22.0916666667,22.0916666667,destination_fallback_global,destination_fallback_global,1,2628,246,215993000;319076100;248105000;636018323;355860000;247483800;564724000;605026210;215035000,215993000;319076100;248105000;636018323;355860000;247483800;564724000;605026210;215035000,132;1534;872;2311;1655;839;2156;2212;49,132;1534;872;2311;1655;839;2156;2212;49
156,256436000,0,ITMNP,26.4025,38.3425,40.6058333333,40.6058333333,40.6133333333,40.6133333333,destination_fallback_global,destination_fallback_global,1,2628,284,255970000;376304000;671562100;230723000;255915683;268251804;314432000;304427000;636013095,255970000;376304000;671562100;230723000;255915683;268251804;314432000;304427000;636013095,1088;1741;2624;259;1066;1179;1471;1291;2268,1088;1741;2624;259;1066;1179;1471;1291;2268
157,256515000,1,ITSPA,-139.610277778,-163.314166667,-163.314166667,-125.627222222,-115.604722222,-115.604722222,destination,destination,1,171,174,215498000;311000231;538003678;311000451;538005496;538010211;215054000;247382800;247101700,215498000;311000231;538003678;311000451;538005496;538010211;215054000;247382800;247101700,83;1499;1955;1528;2005;2099;27;828;516,83;1499;1955;1528;2005;2099;27;828;516
158,256607000,2,ITGIT,6.98527777778,5.89166666667,5.89166666667,5.89166666667,5.91916666667,5.91916666667,destination,destination,1,32,35,271051219;255806427;636018276,271051219;255806427;636018276,1420;1168;2456,1420;1168;2456
159,256714000,0,ITGOA,44.4341666667,50.9091666667,50.9091666667,50.9091666667,50.9116666667,50.9116666667,destination,destination,1,67,74,357463000;256885000;271052090;256286000;247383400;636024536,357463000;256885000;271052090;256286000;247383400;636024536,1681;1159;1245;1119;730;2508,1681;1159;1245;1119;730;2508
160,256812000,2,TRCEY,80.7813888889,74.6733333333,74.6733333333,76.2652777778,84.3511111111,84.3511111111,destination_fallback_global,destination_fallback_global,1,2790,307,636021781;219028212;215178000;538007661;352006086;319301000;356680000;538004518;538011848,636021781;219028212;215178000;538007661;352006086;319301000;356680000;538004518;538011848,2601;184;72;2077;1794;1691;1824;2010;2191,2601;184;72;2077;1794;1691;1824;2010;2191
161,256885000,1,ITGOA,46.4047222222,44.5888888889,44.5888888889,44.5888888889,44.5911111111,44.5911111111,destination,destination,1,89,102,271052090;247530400;256286000;256714000;636024536;356324000;247383400;357463000,271052090;247530400;256286000;256714000;636024536;356324000;247383400;357463000,1385;998;1289;1323;2554;1780;853;1803,1385;998;1289;1323;2554;1780;853;1803
162,256891000,4,ITAUG,-0.993888888889,-136.652222222,-136.652222222,-80.6244444444,-72.7305555556,-72.7305555556,destination,destination,1,263,228,210627000;247131100;247100900;247343900;256227000;255915800;219432000;373026000;247298300,210627000;247131100;247100900;247343900;256227000;255915800;219432000;373026000;247298300,15;589;575;781;1229;1189;196;1710;705,15;589;575;781;1229;1189;196;1710;705
163,257824000,1,ESVGO,121.198611111,79.2452777778,74.8519444444,74.8519444444,74.8497222222,74.8497222222,destination_fallback_global,destination_fallback_global,1,2721,324,357983000;636021161;352004810;538007511;242494400;241689000;636019983;605076070;229548000,357983000;636021161;352004810;538007511;242494400;241689000;636019983;605076070;229548000,1812;2416;1741;2047;435;415;2380;2306;263,1812;2416;1741;2047;435;415;2380;2306;263
164,268251804,2,ITVCE,70.6719444444,45.8775,55.1116666667,45.8775,45.8736111111,45.8736111111,destination_fallback_global,destination_fallback_global,1,2790,369,255915693;304427000;636013095;255970000;256436000;255806044;314432000;376304000;355860000,255915693;304427000;636013095;255970000;256436000;255806044;314432000;376304000;355860000,1176;1473;2418;1240;1310;1163;1629;1896;1817,1176;1473;2418;1240;1310;1163;1629;1896;1817
165,271000677,1,LBBEY,60.9197222222,40.7847222222,34.5391666667,40.7847222222,46.5177777778,46.5177777778,destination_fallback_global,destination_fallback_global,1,2721,367,271002572;247488900;314900000;247018700;310841000;538011969;247296500;636020064;249974000,271002572;247488900;314900000;247018700;310841000;538011969;247296500;636020064;249974000,1347;971;1638;450;1484;2146;614;2385;1115,1347;971;1638;450;1484;2146;614;2385;1115
166,271000748,0,FRSET,35.1477777778,37.8808333333,37.8808333333,37.8808333333,37.8875,37.8875,destination_fallback_global,destination_fallback_global,1,2628,358,255915592;636021739;563279900;241298000;271040948;255805866;248159000;256049000;636023127,255915592;636021739;563279900;241298000;271040948;255805866;248159000;256049000;636023127,1060;2441;2151;353;1194;1035;884;1089;2493,1060;2441;2151;353;1194;1035;884;1089;2493
167,271002572,0,TRYAL,40.7847222222,47.5175,47.5175,60.9197222222,60.9225,60.9225,destination_fallback_global,destination_fallback_global,1,2628,326,247488900;271000677;247018700;310772000;310841000;314900000;311775000;352506000;636016205,247488900;271000677;247018700;310772000;310841000;314900000;311775000;352506000;636016205,849;1186;422;1336;1343;1524;1423;1639;2291,849;1186;422;1336;1343;1524;1423;1639;2291
168,271040948,2,FRSET,37.8808333333,35.1477777778,35.1477777778,35.1477777778,35.1411111111,35.1411111111,destination_fallback_global,destination_fallback_global,1,2790,391,255805866;271000748;255916537;636021739;255915592;563279900;241298000;256714000;357463000,255805866;271000748;255916537;636021739;255915592;563279900;241298000;256714000;357463000,1144;1374;1233;2596;1169;2302;510;1341;1836,1144;1374;1233;2596;1169;2302;510;1341;1836
169,271044383,1,ESCAS,67.055,104.6475,205.648333333,205.648333333,206.663611111,206.663611111,destination_fallback_global,destination_fallback_global,1,2721,342,356324000;232012490;245278000;232058998;249742000;538009987;636024824;563246500;538090701,356324000;232012490;245278000;232058998;249742000;538009987;636024824;563246500;538090701,1779;272;448;285;1107;2092;2585;2224;2168,1779;272;448;285;1107;2092;2585;2224;2168
170,271051063,1,MTMAR,8.88638888889,10.3208333333,10.3208333333,30.1,35.1141666667,35.1141666667,destination_fallback_global,destination_fallback_global,1,2721,311,255779000;247055200;247362500;240893000;247095300;247268300;219432000;215909000;215958000,255779000;247055200;247362500;240893000;247095300;247268300;219432000;215909000;215958000,1125;481;812;398;489;606;169;122;139,1125;481;812;398;489;606;169;122;139
171,271051219,4,ITGIT,5.89166666667,6.98527777778,6.98527777778,6.98527777778,6.95777777778,6.95777777778,destination,destination,1,16,18,256607000;255806427;636018276,256607000;255806427;636018276,1311;1136;2263,1311;1136;2263
172,271052090,4,ITGOA,65.5586111111,44.5888888889,44.5888888889,44.5888888889,44.5880555556,44.5880555556,destination,destination,1,57,64,256286000;247530400;256885000;256714000;357463000;636024536;356324000,256286000;247530400;256885000;256714000;357463000;636024536;356324000,1264;981;1326;1323;1688;2454;1668,1264;981;1326;1323;1688;2454;1668
173,273267690,3,EGPSD,65.6369444444,67.3097222222,66.6188888889,64.0183333333,66.6186111111,66.6186111111,destination,destination,1,36,36,667002240;372119000;219608000;353589000;636093368;636022522;636024786;215282000,667002240;372119000;219608000;353589000;636093368;636022522;636024786;215282000,2547;1718;262;1695;2520;2389;2435;81,2547;1718;262;1695;2520;2389;2435;81
174,273271070,2,FOR_ORDERS,328.807222222,301.943611111,274.720555556,274.720555556,274.720833333,274.720833333,destination,destination,1,165,198,667002260;273276260;352004593;461000370;241745000;461000256;352005660;538010653;240878000,667002260;273276260;352004593;461000370;241745000;461000256;352005660;538010653;240878000,2773;1440;1758;1939;525;1930;1792;2174;457,2773;1440;1758;1939;525;1930;1792;2174;457
175,273276260,3,FOR_ORDERS,78.9519444444,318.020277778,318.020277778,318.020277778,318.021944444,318.021944444,destination,destination,1,196,208,273277840;461000256;667002260;352004593;241689000;431048000;352002243;273271070;461000284,273277840;461000256;667002260;352004593;241689000;431048000;352002243;273271070;461000284,1406;1806;2562;1672;452;1797;1630;1405;1821,1406;1806;2562;1672;452;1797;1630;1405;1821
176,273277260,3,RUMKK,322.369166667,175.056111111,175.056111111,83.1661111111,84.1838888889,84.1838888889,destination_fallback_global,destination_fallback_global,1,2594,326,403660000;613404821;636015940;461000370;229331000;219110000;219550000;352004593;538009183,403660000;613404821;636015940;461000370;229331000;219110000;219550000;352004593;538009183,1777;2182;2211;1829;279;218;261;1670;1976,1777;2182;2211;1829;279;218;261;1670;1976
177,273277840,2,FOR_ORDERS,314.258055556,274.720555556,274.720555556,274.720555556,274.721111111,274.721111111,destination,destination,1,165,198,273276260;461000256;667002260;314652000;352004593;241745000;538010653;352005660;461000370,273276260;461000256;667002260;314652000;352004593;241745000;538010653;352005660;461000370,1441;1930;2773;1655;1758;525;2174;1792;1939,1441;1930;2773;1655;1758;525;2174;1792;1939
178,275488000,4,FRFOS,71.3927777778,9.765,18.4938888889,9.765,10.7775,10.7775,destination_fallback_global,destination_fallback_global,1,2603,308,219031822;215909000;256436000;247530400;247362500;247095300;247415600;247055200;240942000,219031822;215909000;256436000;247530400;247362500;247095300;247415600;247055200;240942000,156;113;1275;980;832;573;916;547;456,156;113;1275;980;832;573;916;547;456
179,275497000,4,TRGEM,102.308611111,80.7813888889,65.5713888889,65.5713888889,66.5897222222,66.5897222222,destination_fallback_global,destination_fallback_global,1,2603,453,236623000;677089900;636093132;374194000;247488900;636020540;352006086;241953000;229370000,236623000;677089900;636093132;374194000;247488900;636020540;352006086;241953000;229370000,368;2597;2518;1742;953;2307;1662;498;261,368;2597;2518;1742;953;2307;1662;498;261
180,304204000,0,TRCKZ,57.4575,54.0591666667,50.7580555556,51.7697222222,55.7861111111,55.7861111111,destination_fallback_global,destination_fallback_global,1,2628,280,636024606;538010262;219133000;636012378;636024939;636021365;403532001;563280700;538005330,636024606;538010262;219133000;636012378;636024939;636021365;403532001;563280700;538005330,2509;2009;185;2264;2551;2383;1743;2153;1865,2509;2009;185;2264;2551;2383;1743;2153;1865
181,304427000,4,ITTAR,19.4041666667,17.3766666667,17.3766666667,17.3766666667,17.3838888889,17.3838888889,destination,destination,1,12,15,319076100;255970000;538011225,319076100;255970000;538011225,1557;1208;2058,1557;1208;2058
182,304578000,1,GRGPA,25.5877777778,48.3297222222,48.3297222222,48.3297222222,48.3261111111,48.3261111111,destination_fallback_global,destination_fallback_global,1,2721,333,636093132;236623000;241953000;311000516;667001639;538005330;255915798;238066000;312107000,636093132;236623000;241953000;311000516;667001639;538005330;255915798;238066000;312107000,2643;349;433;1544;2678;1986;1194;357;1575,2643;349;433;1544;2678;1986;1194;357;1575
183,304610000,2,GIGIB,65.3591666667,83.8008333333,83.8008333333,83.8008333333,89.8297222222,89.8297222222,destination,destination,1,119,135,566453000;215481000;538009214;232058998;352004810;538009987;636023809;538006774;356755000,566453000;215481000;538009214;232058998;352004810;538009987;636023809;538006774;356755000,2320;102;2134;363;1779;2142;2654;2066;1826,2320;102;2134;363;1779;2142;2654;2066;1826
184,304785000,4,ITCHI,103.856388889,44.5888888889,37.9788888889,37.9788888889,38.9975,38.9975,destination_fallback_global,destination_fallback_global,1,2603,281,230723000;256286000;255915683;247530400;256607000;629009126;247055200;247362500;312120000,230723000;256286000;255915683;247530400;256607000;629009126;247055200;247362500;312120000,304;1263;1146;980;1311;2213;548;832;1528,304;1263;1146;980;1311;2213;548;832;1528
185,305690000,3,ITSVN,51.4602777778,-128.244166667,27.925,54.1683333333,54.1597222222,54.1597222222,destination_fallback_global,destination_fallback_global,1,2594,304,232062004;667002373;255915759;314001113;538004558;538009052;245278000;477963900;244865000,232062004;667002373;255915759;314001113;538004558;538009052;245278000;477963900;244865000,361;2570;1169;1528;1900;1962;482;1841;473,361;2570;1169;1528;1900;1962;482;1841;473
186,305715000,3,PLSZZ,320.296388889,318.020277778,214.046666667,81.2930555556,81.2925,81.2925,destination_fallback_global,destination_fallback_global,1,2594,284,461000256;563246500;477963900;352003272;538009987;352003495;356324000;249433000;538009008,461000256;563246500;477963900;352003272;538009987;352003495;356324000;249433000;538009008,1807;2102;1842;1635;2008;1643;1713;1078;1953,1807;2102;1842;1635;2008;1643;1713;1078;1953
187,308628000,2,ITMSN,2.09805555556,13.5269444444,25.5236111111,25.5236111111,26.3855555556,26.3855555556,destination_fallback_global,destination_fallback_global,1,2790,383,255806427;636018276;248089000;255805866;256885000;247483800;271000748;255916537;215035000,255806427;636018276;248089000;255805866;256885000;247483800;271000748;255916537;215035000,1168;2456;985;1144;1353;945;1374;1237;49,1168;2456;985;1144;1353;945;1374;1237;49
188,309467000,4,ITSPE,52.2075,22.8505555556,-2.3475,11.9605555556,23.9347222222,23.9347222222,destination_fallback_global,destination_fallback_global,1,2603,301,210627000;247282600;215054000;271051063;244090800;246518000;247324900;563205300;538009214,210627000;247282600;215054000;271051063;244090800;246518000;247324900;563205300;538009214,0;674;29;1378;501;519;756;2144;1978,0;674;29;1378;501;519;756;2144;1978
189,310610000,2,MTMLA,-786.144166667,4.87833333333,4.87833333333,4.87833333333,9.89027777778,5.94027777778,destination,destination,0.444444444444,73,49,566579000;249974000;232061535;356794000;249596000;538009052;255915609;538010874;636022183,538009052;255915609;538010874;636022183;229331000;242494400,2327;1104;376;1835;1082;2105;1171;2180;2617,2105;1171;2180;2617;289;536
190,310772000,2,USCMU,360.723333333,234.348611111,234.348611111,83.8008333333,90.8077777778,90.8077777778,destination_fallback_global,destination_fallback_global,1,2790,334,229471000;352506000;636016205;566579000;249281000;538005853;566453000;578001200;538007198,229471000;352506000;636016205;566579000;249281000;538005853;566453000;578001200;538007198,337;1795;2444;2327;1055;2058;2319;2359;2071,337;1795;2444;2327;1055;2058;2319;2359;2071
191,310841000,4,GRCHQ,22.3866666667,38.3211111111,38.3211111111,38.3211111111,38.3191666667,38.3191666667,destination_fallback_global,destination_fallback_global,1,2603,347,271002572;538011969;636023526;271000677;636025912;373808000;431476000;219028212;440252000,271002572;538011969;636023526;271000677;636025912;373808000;431476000;219028212;440252000,1354;2064;2438;1347;2489;1726;1768;115;1773,1354;2064;2438;1347;2489;1726;1768;115;1773
192,311000231,3,ITSPA,-125.627222222,-186.653611111,-186.653611111,-186.653611111,-176.621666667,-176.621666667,destination,destination,1,89,105,247382800;538003678;256515000;215498000;247101700,247382800;538003678;256515000;215498000;247101700,805;1879;1260;104;572,805;1879;1260;104;572
193,311000451,3,ITSPA,-434.634444444,-186.653611111,-139.610277778,-117.643055556,-110.620833333,-110.620833333,destination,destination,1,89,105,215498000;256515000;538003678;247382800;247101700,215498000;256515000;538003678;247382800;247101700,105;1265;1879;805;572,105;1265;1879;805;572
194,311000516,3,HROMI,43.0938888889,41.3936111111,68.4872222222,90.6488888889,99.2802777778,99.2802777778,destination_fallback_global,destination_fallback_global,1,2594,319,636021733;636093237;352001323;249433000;461000284;636020328;636092552;241929000;241689000,636021733;636093237;352001323;249433000;461000284;636020328;636092552;241929000;241689000,2355;2517;1599;1071;1808;2276;2479;463;442,2355;2517;1599;1071;1808;2276;2479;463;442
195,311000621,1,KOPER,60.9886111111,34.4072222222,54.7930555556,54.7930555556,54.7922222222,54.7922222222,destination_fallback_global,destination_fallback_global,1,2721,296,605026210;255915693;564724000;247313600;268251804;355860000;304427000;671562100;319076100,605026210;255915693;564724000;247313600;268251804;355860000;304427000;671562100;319076100,2300;1165;2234;663;1338;1778;1441;2702;1653,2300;1165;2234;663;1338;1778;1441;2702;1653
196,311001060,3,AMBIGUOUS:MALTA,5.45166666667,3.05555555556,3.05555555556,3.05555555556,3.05611111111,3.05611111111,destination,destination,1,18,18,477963900;219550000;636025888,477963900;219550000;636025888,1842;261;2467,1842;261;2467
197,311001144,4,TEXT:GIGIB 0004,103.049722222,91.9708333333,91.9708333333,214.046666667,216.041666667,216.041666667,destination_fallback_global,destination_fallback_global,1,2603,306,249742000;245278000;352003495;477963900;538009532;538010653;271044383;232058998;538090701,249742000;245278000;352003495;477963900;538009532;538010653;271044383;232058998;538090701,1084;511;1605;1815;2001;2046;1371;316;2108,1084;511;1605;1815;2001;2046;1371;316;2108
198,311085000,1,ITCRV,10.5536111111,67.0344444444,61.9911111111,61.9911111111,66.8677777778,66.8677777778,destination_fallback_global,destination_fallback_global,1,2721,386,256251000;314900000;247362500;563205300;248507000;215867000;215054000;215826000;249146000,256251000;314900000;247362500;563205300;248507000;215867000;215054000;215826000;249146000,1277;1630;794;2223;1026;116;36;102;1059,1277;1630;794;2223;1026;116;36;102;1059
199,311775000,2,DZAZW,77.9036111111,83.8008333333,234.348611111,45.0263888889,45.0122222222,45.0122222222,destination_fallback_global,destination_fallback_global,1,2790,348,352506000;636016205;229471000;566579000;636016014;538005853;578001200;249974000;566453000,352506000;636016205;229471000;566579000;636016014;538005853;578001200;249974000;566453000,1798;2447;335;2327;2430;2060;2362;1104;2319,1798;2447;335;2327;2430;2060;2362;1104;2319
200,312107000,4,TRIST,52.7094444444,50.2191666667,50.2191666667,50.2191666667,51.2133333333,51.2133333333,destination_fallback_global,destination_fallback_global,1,2603,356,538007661;219028212;667001639;538005330;255915967;241953000;636020540;636024805;236623000,538007661;219028212;667001639;538005330;255915967;241953000;636020540;636024805;236623000,1943;130;2561;1868;1200;500;2308;2471;381,1943;130;2561;1868;1200;500;2308;2471;381
201,312120000,3,ITTRI,17.4525,40.6058333333,45.8775,40.6058333333,45.8827777778,45.8827777778,destination_fallback_global,destination_fallback_global,1,2594,281,256607000;271052090;671562100;304785000;230723000;255915683;376304000;256436000;636013095,256607000;271052090;671562100;304785000;230723000;255915683;376304000;256436000;636013095,1282;1397;2582;1461;323;1144;1767;1243;2200,1282;1397;2582;1461;323;1144;1767;1243;2200
202,312333000,4,ESCAS,121.9675,91.735,91.735,90.6488888889,107.311666667,107.311666667,destination_fallback_global,destination_fallback_global,1,2603,340,352004307;241689000;636092552;565712000;636020328;636022183;273276260;249962000;249433000,352004307;241689000;636092552;565712000;636020328;636022183;273276260;249962000;249433000,1609;471;2501;2164;2291;2381;1394;1087;1058,1609;471;2501;2164;2291;2381;1394;1087;1058
203,314001113,1,GBPTB,272.909722222,230.653333333,230.653333333,230.653333333,230.645833333,230.645833333,destination_fallback_global,destination_fallback_global,1,2721,376,245278000;232062004;249742000;356324000;256714000;256891000;232012490;563246500;538090701,245278000;232062004;249742000;356324000;256714000;256891000;232012490;563246500;538090701,448;318;1107;1779;1321;1326;272;2224;2168,448;318;1107;1779;1321;1326;272;2224;2168
204,314432000,1,ITPNG,38.3425,22.8913888889,22.8913888889,39.3958333333,39.4011111111,39.4011111111,destination_fallback_global,destination_fallback_global,1,2721,285,304427000;355860000;247313600;255915693;671562100;319076100;247530400;256607000;312120000,304427000;355860000;247313600;255915693;671562100;319076100;247530400;256607000;312120000,1442;1778;663;1165;2705;1653;998;1307;1576,1442;1778;663;1165;2705;1653;998;1307;1576
205,314496000,4,ITRAN,59.7291666667,55.1116666667,55.1116666667,55.1116666667,55.1105555556,55.1105555556,destination,destination,1,31,36,247095300;215035000;255915693;255806044;255915683,247095300;215035000;255915693;255806044;255915683,573;28;1151;1134;1146,573;28;1151;1134;1146
206,314509000,2,MTMLA,4.225,4.87833333333,4.87833333333,4.87833333333,7.89944444444,2.93,destination,destination,0.444444444444,73,49,566579000;232061535;356794000;249974000;255915609;249596000;538009052;538010874;636022183,255915609;538009052;538010874;636022183;229331000;242494400,2332;379;1834;1104;1171;1082;2107;2183;2621,1171;2107;2183;2621;293;537
207,314652000,4,FOR_ORDERS,-270.887777778,303.231666667,314.258055556,303.231666667,303.229166667,303.229166667,destination,destination,1,164,197,538012456;273277840;461000256;236623000;273276260;374194000;273271070;667002260;352002243,538012456;273277840;461000256;236623000;273276260;374194000;273271070;667002260;352002243,2086;1404;1777;366;1398;1738;1393;2579;1588,2086;1404;1777;366;1398;1738;1393;2579;1588
208,314900000,4,ROCND,94.1419444444,50.1938888889,48.3297222222,48.3297222222,48.3341666667,48.3341666667,destination_fallback_global,destination_fallback_global,1,2603,326,636020540;241953000;667001639;236623000;219028212;255915967;538007661;538005330;636093132,636020540;241953000;667001639;236623000;219028212;255915967;538007661;538005330;636093132,2308;500;2561;381;127;1200;1942;1868;2531,2308;500;2561;381;127;1200;1942;1868;2531
209,319076100,3,ITTAR,17.3766666667,19.4041666667,19.4041666667,19.4041666667,19.3969444444,19.3969444444,destination,destination,1,19,20,304427000;538011225;636021733,304427000;538011225;636021733,1434;2030;2355,1434;2030;2355
210,319301000,1,TEXT:TOROS GABRE,87.4213888889,74.3922222222,69.0719444444,71.5641666667,75.9888888889,75.9888888889,destination_fallback_global,destination_fallback_global,1,2721,304,636022522;636021781;352004590;538005330;352002473;312107000;636011638;538004518;372119000,636022522;636021781;352004590;538005330;352002473;312107000;636011638;538004518;372119000,2516;2504;1708;1981;1699;1567;2323;1971;1814,2516;2504;1708;1981;1699;1567;2323;1971;1814
211,338619000,3,EGPSD,50.7580555556,66.6188888889,66.6188888889,60.2488888889,67.3147222222,67.3147222222,destination,destination,1,36,36,636093368;353589000;219608000;372119000;636024786;667002240;636022522;215282000,636093368;353589000;219608000;372119000;636024786;667002240;636022522;215282000,2520;1695;262;1717;2435;2547;2389;81,2520;1695;262;1717;2435;2547;2389;81
212,351656000,3,ROCND,91.7725,38.3211111111,36.4436111111,50.1938888889,56.6127777778,56.6127777778,destination_fallback_global,destination_fallback_global,1,2594,345,240544000;314900000;636022541;636021596;314496000;566722000;428002000;249596000;636020064,240544000;314900000;636022541;636021596;314496000;566722000;428002000;249596000;636020064,394;1576;2390;2335;1534;2134;1779;1079;2268,394;1576;2390;2335;1534;2134;1779;1079;2268
213,352001323,2,ITNAP,18.59,18.4938888889,18.4938888889,18.4938888889,27.9447222222,27.9447222222,destination,destination,1,92,102,511100560;255805866;246518000;247219700;240942000;565712000,511100560;255805866;246518000;247219700;240942000;565712000,1966;1144;542;658;496;2318,1966;1144;542;658;496;2318
214,352001352,4,GIGIB,81.3805555556,89.0002777778,89.0002777778,89.0002777778,88.9988888889,88.9988888889,destination,destination,1,124,110,356755000;636024855;538008070;240633000;538010540;538006774;538009987;538007511;563246500,356755000;636024855;538008070;240633000;538010540;538006774;538009987;538007511;563246500,1680;2473;1953;403;2034;1925;2010;1938;2152,1680;2473;1953;403;2034;1925;2010;1938;2152
215,352002170,0,ITBRI,31.0708333333,47.1522222222,26.3880555556,22.0844444444,25.5736111111,25.5736111111,destination_fallback_global,destination_fallback_global,1,2628,249,355860000;319076100;304427000;215993000;564724000;248105000;605026210;247313600;636018323,355860000;319076100;304427000;215993000;564724000;248105000;605026210;247313600;636018323,1653;1533;1285;132;2156;872;2211;622;2311,1653;1533;1285;132;2156;872;2211;622;2311
216,352002243,2,FOR_ORDERS,303.231666667,274.720555556,274.720555556,274.720555556,275.737222222,275.737222222,destination,destination,1,165,198,667002260;273276260;352004593;461000370;241745000;240878000;352005660;461000256;538010653,667002260;273276260;352004593;461000370;241745000;240878000;352005660;461000256;538010653,2771;1440;1757;1939;525;457;1788;1930;2173,2771;1440;1757;1939;525;457;1788;1930;2173
217,352002310,0,MACAS,104.6475,85.6202777778,79.2452777778,79.2452777778,79.2469444444,79.2469444444,destination_fallback_global,destination_fallback_global,1,2628,314,247231200;271044383;636020938;352004810;257824000;538007511;232058998;636020328;357983000,247231200;271044383;636020938;352004810;257824000;538007511;232058998;636020328;357983000,539;1197;2374;1629;1171;1930;264;2365;1690,539;1197;2374;1629;1171;1930;264;2365;1690
218,352002473,3,TEXT:ALIAGA TURKEY,54.0963888889,81.255,81.255,73.2861111111,80.2722222222,80.2722222222,destination_fallback_global,destination_fallback_global,1,2594,306,538007504;538005330;636021781;538009159;352004590;312107000;667001639;538004518;636021513,538007504;538005330;636021781;538009159;352004590;312107000;667001639;538004518;636021513,1933;1908;2367;1964;1652;1507;2536;1897;2334,1933;1908;2367;1964;1652;1507;2536;1897;2334
219,352003272,1,ESBCN,53.6988888889,90.5836111111,84.0602777778,84.0602777778,84.0725,84.0725,destination_fallback_global,destination_fallback_global,1,2721,348,305715000;538009987;273276260;636024855;352005357;356755000;563246500;538009008;352001352,305715000;538009987;273276260;636024855;352005357;356755000;563246500;538009008;352001352,1471;2093;1408;2587;1743;1792;2224;2063;1677,1471;2093;1408;2587;1743;1792;2224;2063;1677
220,352003495,1,NLRTM,214.046666667,84.285,90.6833333333,90.6488888889,90.6869444444,90.6869444444,destination_fallback_global,destination_fallback_global,1,2721,347,477963900;538010653;232058998;352005660;538090701;636024824;249742000;636092552;245278000,477963900;538010653;232058998;352005660;538090701;636024824;249742000;636092552;245278000,1909;2127;283;1752;2167;2584;1106;2619;447,1909;2127;283;1752;2167;2584;1106;2619;447
221,352004307,2,GIGIB,111.593333333,89.0002777778,89.0002777778,90.5836111111,98.5283333333,98.5283333333,destination,destination,1,119,135,240633000;352001352;249611000;538006774;352004810;636017773;538008070;356755000;232058998,240633000;352001352;249611000;538006774;352004810;636017773;538008070;356755000;232058998,445;1702;1083;2063;1770;2448;2083;1825;361,445;1702;1083;2063;1770;2448;2083;1825;361
222,352004590,0,LBSEL,71.5641666667,50.2191666667,43.8797222222,43.8797222222,43.8869444444,43.8869444444,destination_fallback_global,destination_fallback_global,1,2628,363,247488900;249004000;636024606;636024805;636025061;255915798;636021365;667002240;219028212,247488900;249004000;636024606;636024805;636025061;255915798;636021365;667002240;219028212,855;916;2521;2524;2558;1086;2394;2597;149,855;916;2521;2524;2558;1086;2394;2597;149
223,352004593,4,FOR_ORDERS,274.720555556,303.231666667,303.231666667,303.231666667,303.231388889,303.231388889,destination,destination,1,164,195,431048000;241689000;241745000;352002243;667002260;273276260;273277840;273271070;461000256,431048000;241689000;241745000;352002243;667002260;273276260;273277840;273271070;461000256,1767;480;484;1588;2579;1398;1404;1393;1776,1767;480;484;1588;2579;1398;1404;1393;1776
224,352004690,1,TEXT:P P URUGUAY,533.3925,95.2236111111,95.2236111111,95.2236111111,95.2230555556,95.2230555556,destination_fallback_global,destination_fallback_global,1,2721,343,636019819;538008070;232063279;273271070;563186100;636015940;538009183;352002243;352001352,636019819;538008070;232063279;273271070;563186100;636015940;538009183;352002243;352001352,2367;2056;328;1403;2198;2338;2086;1690;1676,2367;2056;328;1403;2198;2338;2086;1690;1676
225,352004810,3,GIGIB,74.8519444444,79.2452777778,79.2452777778,79.2452777778,79.2402777778,79.2402777778,destination,destination,0.888888888889,93,59,538007511;636023809;352001352;538009987;563246500;538009532;538010540;538006774;304610000,538007511;636023809;352001352;538009987;563246500;538009532;538010540;538006774;352004307,1940;2431;1617;2008;2102;2001;2020;1928;1450,1940;2431;1617;2008;2102;2001;2020;1928;1647
226,352005357,0,TEXT:SKAGEN,250.311388889,115.341388889,96.8438888889,78.9519444444,78.9661111111,78.9661111111,destination_fallback_global,destination_fallback_global,1,2628,317,273276260;636024855;538009008;461000256;352003272;273277840;273271070;667002260;305715000,273276260;636024855;538009008;461000256;352003272;273277840;273271070;667002260;305715000,1259;2547;1952;1778;1584;1265;1254;2604;1330,1259;2547;1952;1778;1584;1265;1254;2604;1330
227,352005660,3,FOR_ORDERS,84.285,303.231666667,318.020277778,318.020277778,318.031111111,318.031111111,destination,destination,1,196,198,461000256;241689000;461000284;667002260;273277840;273271070;352002243;352004593;255915759,461000256;241689000;461000284;667002260;273277840;273271070;352002243;352004593;255915759,1806;452;1821;2562;1406;1405;1630;1672;1169,1806;452;1821;2562;1406;1405;1630;1672;1169
228,352006086,0,TRTEK,74.6733333333,80.7813888889,75.5544444444,78.6966666667,81.7861111111,81.7861111111,destination_fallback_global,destination_fallback_global,1,2628,328,667001639;215178000;256812000;219028212;636021781;636020540;374194000;356680000;538007661,667001639;215178000;256812000;219028212;636021781;636020540;374194000;356680000;538007661,2575;72;1152;136;2445;2369;1735;1661;1931,2575;72;1152;136;2445;2369;1735;1661;1931
229,352506000,4,TEXT:SGSIN PEBGA,640.108888889,65.3591666667,65.3591666667,77.9036111111,77.9144444444,77.9144444444,destination_fallback_global,destination_fallback_global,1,2603,348,311775000;636016205;229471000;310772000;247296500;304610000;636018323;249974000;636016014,311775000;636016205;229471000;310772000;247296500;304610000;636018323;249974000;636016014,1525;2256;280;1444;681;1422;2266;1094;2245,1525;2256;280;1444;681;1422;2266;1094;2245
230,352604000,0,EGEDK,70.1394444444,68.2436111111,74.3922222222,74.3922222222,74.5947222222,74.5947222222,destination_fallback_global,destination_fallback_global,1,2628,375,319301000;428002000;636011638;538009968;636024939;636019542;636024786;636020986;256812000,319301000;428002000;636011638;538009968;636024939;636019542;636024786;636020986;256812000,1538;1763;2252;1992;2549;2319;2522;2376;1153,1538;1763;2252;1992;2549;2319;2522;2376;1153
231,353589000,0,EGPSD,67.3097222222,65.6369444444,52.7875,52.7875,52.7783333333,52.7783333333,destination,destination,1,35,40,273267690;403532001;636093368;372119000;338619000;563280700;667002240;636024786;215282000,273267690;403532001;636093368;372119000;338619000;563280700;667002240;636024786;215282000,1246;1747;2568;1692;1545;2155;2588;2522;75,1246;1747;2568;1692;1545;2155;2588;2522;75
232,354562000,4,TRAMR,58.2997222222,50.1938888889,59.8719444444,59.8719444444,59.87,59.87,destination_fallback_global,destination_fallback_global,1,2603,467,667001639;636021513;677089900;247104500;304578000;256251000;538005330;538007504;236623000,667001639;636021513;677089900;247104500;304578000;256251000;538005330;538007504;236623000,2553;2354;2602;588;1415;1259;1865;1931;371,2553;2354;2602;588;1415;1259;1865;1931;371
233,355860000,4,ITVCE,57.4363888889,43.6044444444,38.3425,38.3425,39.3547222222,39.3547222222,destination_fallback_global,destination_fallback_global,1,2603,249,311000621;314432000;564724000;248105000;319076100;636022905;605026210;256392000;215035000,311000621;314432000;564724000;248105000;319076100;636022905;605026210;256392000;215035000,1508;1543;2163;995;1557;2424;2180;1270;28,1508;1543;2163;995;1557;2424;2180;1270;28
234,356324000,0,ITGOA,55.225,50.9091666667,50.9091666667,50.9091666667,52.445,52.445,destination,destination,1,67,74,636024536;271052090;256885000;357463000;247383400;256286000,636024536;271052090;256885000;357463000;247383400;256286000,2508;1233;1154;1678;749;1119,2508;1233;1154;1678;749;1119
235,356680000,3,TEXT:ISKENDERUN,75.5544444444,64.6044444444,64.9925,50.2191666667,65.2272222222,65.2272222222,destination_fallback_global,destination_fallback_global,1,2594,285,538007661;538011848;538010262;312107000;255915967;636021781;256812000;538004518;219028212,538007661;538011848;538010262;312107000;255915967;636021781;256812000;538004518;219028212,1941;2037;2011;1503;1202;2361;1297;1893;173,1941;2037;2011;1503;1202;2361;1297;1893;173
236,356755000,3,GIGIB,90.5836111111,81.3805555556,81.3805555556,81.3805555556,81.3825,81.3825,destination,destination,1,93,59,352001352;538007511;538009987;636023809;538010540;563246500;538009532;538006774;352004307,352001352;538007511;538009987;636023809;538010540;563246500;538009532;538006774;352004307,1617;1940;2008;2431;2020;2102;2001;1928;1647,1617;1940;2008;2431;2020;2102;2001;1928;1647
237,356794000,4,MTMLA,11.7391666667,4.225,4.225,4.225,7.23444444444,7.23444444444,destination,destination,0.555555555556,84,40,248422000;314509000;232061535;249596000;249974000;255915609;538009052;538010874;636022183,248422000;314509000;232061535;249596000;249974000,1009;1549;331;1065;1092;1142;1962;2057;2391,1009;1549;331;1065;1092
238,357463000,3,ITGOA,50.9091666667,44.4341666667,44.4341666667,44.4341666667,44.4316666667,44.4316666667,destination,destination,1,72,80,256714000;356324000;247383400;247530400;256885000;271052090,256714000;356324000;247383400;247530400;256885000;271052090,1295;1712;834;955;1303;1399,1295;1712;834;955;1303;1399
239,357983000,3,ESVLC,44.8425,121.198611111,121.198611111,121.198611111,123.217222222,123.217222222,destination_fallback_global,destination_fallback_global,1,2594,286,636021161;257824000;636020938;229648000;636019983;538007511;461000284;636023809;229548000,636021161;257824000;636020938;229648000;636019983;538007511;461000284;636023809;229548000,2314;1313;2295;313;2267;1940;1821;2431;312,2314;1313;2295;313;2267;1940;1821;2431;312
240,372119000,2,EGPSD,66.6188888889,65.6369444444,65.6369444444,65.6369444444,65.6372222222,65.6372222222,destination,destination,1,39,42,273267690;636022522;403532001;636093368;353589000;338619000;219608000;636024786;563280700,273267690;636022522;403532001;636093368;353589000;338619000;219608000;636024786;563280700,1436;2629;1902;2760;1802;1697;264;2683;2307,1436;2629;1902;2760;1802;1697;264;2683;2307
241,372668000,1,DZAZW,59.9638888889,82.6511111111,81.3805555556,78.9519444444,78.9527777778,78.9527777778,destination_fallback_global,destination_fallback_global,1,2721,324,636015940;352001352;636018926;356755000;636024855;352005357;273276260;538009008;352004593,636015940;352001352;636018926;356755000;636024855;352005357;273276260;538009008;352004593,2339;1677;2353;1792;2587;1742;1408;2063;1729,2339;1677;2353;1792;2587;1742;1408;2063;1729
242,373026000,1,ITAUG,-36.7822222222,-76.6530555556,-79.6436111111,-79.6436111111,-74.785,-74.785,destination,destination,1,347,226,247268300;247408700;255915800;219432000;247426100;247425900;247298300;548651000;247333600,247268300;247408700;255915800;219432000;247426100;247425900;247298300;548651000;247333600,602;866;1217;189;953;946;644;2172;705,602;866;1217;189;953;946;644;2172;705
243,373808000,1,FOR_ORDERS,18.7561111111,47.5175,47.5175,78.9519444444,95.5975,95.5975,destination,destination,1,179,198,247018700;647553008;236623000;431048000;241689000;273276260;461000284;538010653;352004593,247018700;647553008;236623000;431048000;241689000;273276260;461000284;538010653;352004593,452;2660;352;1843;406;1404;1863;2114;1720,452;2660;352;1843;406;1404;1863;2114;1720
244,374194000,2,FOR_ORDERS,-2439.34805556,18.7561111111,18.7561111111,38.715,55.7211111111,55.7211111111,destination,destination,1,165,182,236623000;538011848;314652000;373808000;247018700;647553008;538012456;241287000;538010653,236623000;538011848;314652000;373808000;247018700;647553008;538012456;241287000;538010653,419;2189;1636;1879;553;2761;2201;509;2161,419;2189;1636;1879;553;2761;2201;509;2161
245,376304000,4,HRZAD,45.8775,44.5888888889,39.3958333333,39.3958333333,40.3972222222,40.3972222222,destination_fallback_global,destination_fallback_global,1,2603,245,256436000;230723000;247530400;268251804;255970000;636013095;255915683;247313600;255915693,256436000;230723000;247530400;268251804;255970000;636013095;255915683;247313600;255915693,1278;305;981;1344;1208;2235;1146;730;1151,1278;305;981;1344;1208;2235;1146;730;1151
246,403532001,3,EGPSD,51.7697222222,67.3097222222,67.3097222222,67.3097222222,67.3172222222,67.3172222222,destination,destination,1,36,36,353589000;372119000;636093368;636024786;636022522;667002240;219608000;215282000,353589000;372119000;636093368;636024786;636022522;667002240;219608000;215282000,1695;1717;2520;2435;2389;2546;262;81,1695;1717;2520;2435;2389;2546;262;81
247,403660000,4,ESALG,83.1661111111,82.6511111111,82.6511111111,82.6511111111,84.6680555556,84.6680555556,destination,destination,1,48,59,636019819;563186100;228481700;636092552;249433000;477630800;229456000,636019819;563186100;228481700;636092552;249433000;477630800;229456000,2287;2124;223;2507;1064;1792;272,2287;2124;223;2507;1064;1792;272
248,428002000,1,TEXT:DAMIETTA,81.0472222222,74.3922222222,66.6188888889,71.5641666667,74.3930555556,74.3930555556,destination_fallback_global,destination_fallback_global,1,2721,303,636022522;636011638;636021781;352004590;312107000;247104500;636024786;538004518;372119000,636022522;636011638;636021781;352004590;312107000;247104500;636024786;538004518;372119000,2515;2322;2503;1706;1567;518;2568;1971;1813,2515;2322;2503;1706;1567;518;2568;1971;1813
249,431048000,2,FOR_ORDERS,426.029722222,274.720555556,274.720555556,274.720555556,274.734722222,274.734722222,destination,destination,1,165,190,352004593;667002260;241745000;273276260;461000370;240878000;352005660;461000256;538010653,352004593;667002260;241745000;273276260;461000370;240878000;352005660;461000256;538010653,1758;2771;525;1440;1939;457;1788;1930;2169,1758;2771;525;1440;1939;457;1788;1930;2169
250,431476000,0,TRDRC,49.2836111111,52.7875,50.7580555556,27.5413888889,43.1261111111,43.1261111111,destination_fallback_global,destination_fallback_global,1,2628,328,373808000;636025912;636024805;338619000;563280700;253000158;636024606;636016014;219133000,373808000;636025912;636024805;338619000;563280700;253000158;636024606;636016014;219133000,1722;2564;2523;1543;2153;1010;2512;2284;185,1722;2564;2523;1543;2153;1010;2512;2284;185
251,440252000,0,TRDRC,33.7158333333,52.7875,50.7580555556,27.5413888889,43.12,43.12,destination_fallback_global,destination_fallback_global,1,2628,499,373808000;636025912;636024805;253000158;338619000;563280700;636016014;636024606;219133000,373808000;636025912;636024805;253000158;338619000;563280700;636016014;636024606;219133000,1723;2564;2523;1009;1543;2153;2287;2512;187,1723;2564;2523;1009;1543;2153;2287;2512;187
252,461000256,1,FOR_ORDERS,391.848055556,303.231666667,274.720555556,274.720555556,274.73,274.73,destination,destination,1,179,177,273276260;273277840;273271070;352004593;241689000;352002243;431048000;241745000;538010653,273276260;273277840;273271070;352004593;241689000;352002243;431048000;241745000;538010653,1408;1414;1403;1729;415;1690;1853;419;2127,1408;1414;1403;1729;415;1690;1853;419;2127
253,461000284,2,FOR_ORDERS,334.89,90.6833333333,90.6833333333,90.6833333333,92.6936111111,92.6936111111,destination,destination,1,165,198,352005660;538010653;273276260;667002260;352004593;255915759;461000370;241745000;240878000,352005660;538010653;273276260;667002260;352004593;255915759;461000370;241745000;240878000,1790;2172;1439;2770;1757;1198;1939;522;457,1790;2172;1439;2770;1757;1198;1939;522;457
254,461000370,4,FOR_ORDERS,301.943611111,303.231666667,303.231666667,303.231666667,304.259444444,304.259444444,destination,destination,1,164,195,352002243;431048000;667002260;273276260;241689000;273271070;241745000;461000256;461000284,352002243;431048000;667002260;273276260;241689000;273271070;241745000;461000256;461000284,1587;1766;2574;1396;479;1388;482;1776;1791,1587;1766;2574;1396;479;1388;482;1776;1791
255,477630800,2,ESALG,98.5522222222,82.6511111111,82.6511111111,83.1661111111,90.1888888889,90.1888888889,destination,destination,1,48,53,403660000;636092552;228481700;249433000;563186100;229456000,403660000;636092552;228481700;249433000;563186100;229456000,1906;2720;272;1076;2272;327,1906;2720;272;1076;2272;327
256,477856500,3,AMBIGUOUS:MALTA,3.58555555556,6.19583333333,6.19583333333,6.19583333333,6.19277777778,6.19277777778,destination,destination,1,18,18,219550000;477963900;636025888,219550000;477963900;636025888,261;1842;2467,261;1842;2467
257,477963900,2,AMBIGUOUS:MALTA,3.05555555556,5.45166666667,5.45166666667,5.45166666667,5.45111111111,5.45111111111,destination,destination,1,30,33,311001060;477856500;538005431,311001060;477856500;538005431,1576;1952;2024,1576;1952;2024
258,511100560,0,ITNAP,14.895,18.59,18.4938888889,18.4938888889,19.5105555556,19.5105555556,destination,destination,1,76,88,246518000;247219700;240942000;352001323;247392600;255805866,246518000;247219700;240942000;352001323;247392600;255805866,413;533;351;1553;756;1035,413;533;351;1553;756;1035
259,538001657,0,GRAST,15.0325,42.1702777778,17.0086111111,17.0086111111,17.0066666667,17.0066666667,destination_fallback_global,destination_fallback_global,1,2628,219,636021702;241859000;636021665;247392600;215035000;255806427;636018323;308628000;247483800,636021702;241859000;636021665;247392600;215035000;255806427;636018323;308628000;247483800,2435;381;2403;755;48;1059;2311;1332;839,2435;381;2403;755;48;1059;2311;1332;839
260,538002883,3,TRISK,79.4730555556,66.6188888889,66.6188888889,66.6188888889,66.6186111111,66.6186111111,destination_fallback_global,destination_fallback_global,1,2594,360,636016014;372119000;249004000;232026551;647553008;352004590;667002240;636092313;253000158,636016014;372119000;249004000;232026551;647553008;352004590;667002240;636092313;253000158,2226;1718;994;330;2524;1652;2545;2478;1091,2226;1718;994;330;2524;1652;2545;2478;1091
261,538003678,4,ITSPA,-186.653611111,-125.627222222,-125.627222222,-125.627222222,-122.653055556,-122.653055556,destination,destination,1,168,191,256515000;311000231;538010211;538005496;311000451;215498000;247382800;215054000,256515000;311000231;538010211;538005496;311000451;215498000;247382800;215054000,1287;1467;2022;1907;1492;97;849;33,1287;1467;2022;1907;1492;97;849;33
262,538004518,0,TRCKZ,50.4611111111,80.7813888889,66.6188888889,68.4872222222,82.2672222222,82.2672222222,destination_fallback_global,destination_fallback_global,1,2628,313,636021781;538005330;319301000;538007661;219028212;312107000;352002473;636011638;538010262,636021781;538005330;319301000;538007661;219028212;312107000;352002473;636011638;538010262,2450;1868;1542;1933;140;1438;1580;2258;2009,2450;1868;1542;1933;140;1438;1580;2258;2009
263,538004558,2,ITPFX,56.1919444444,103.651111111,5.45166666667,51.4602777778,53.4791666667,53.4791666667,destination_fallback_global,destination_fallback_global,1,2790,316,232062004;255915759;305690000;538009052;311001060;538010874;352003495;538090701;314001113,232062004;255915759;305690000;538009052;311001060;538010874;352003495;538090701;314001113,394;1201;1504;2107;1576;2183;1733;2234;1621,394;1201;1504;2107;1576;2183;1733;2234;1621
264,538005330,2,TRISK,68.4872222222,52.7094444444,50.2191666667,50.2191666667,50.2202777778,50.2202777778,destination_fallback_global,destination_fallback_global,1,2790,335,219028212;538007661;312107000;636024805;247488900;352004590;255915967;241953000;636020540,219028212;538007661;312107000;636024805;247488900;352004590;255915967;241953000;636020540,196;2082;1606;2688;961;1748;1232;535;2497,196;2082;1606;2688;961;1748;1232;535;2497
265,538005431,3,AMBIGUOUS:MALTA,5.76138888889,12.1338888889,12.1338888889,12.1338888889,12.1466666667,12.1466666667,destination,destination,1,18,18,636025888;477963900;219550000,636025888;477963900;219550000,2467;1842;261,2467;1842;261
266,538005496,3,ITSPA,-163.314166667,-186.653611111,-186.653611111,-139.610277778,-127.614166667,-127.614166667,destination,destination,1,89,105,215498000;256515000;247382800;538003678;247101700,215498000;256515000;247382800;538003678;247101700,99;1264;806;1877;572,99;1264;806;1877;572
267,538005853,1,ITPZL,6.67722222222,65.3591666667,69.0805555556,69.0805555556,69.0902777778,69.0902777778,destination_fallback_global,destination_fallback_global,1,2721,241,314509000;578001200;241287000;566453000;215270000;538007198;566579000;215481000;304610000,314509000;578001200;241287000;566453000;215270000;538007198;566579000;215481000;304610000,1600;2290;402;2253;69;2035;2259;70;1445,1600;2290;402;2253;69;2035;2259;70;1445
268,538006774,0,GIGIB,103.651111111,90.5836111111,90.5836111111,90.5836111111,90.5733333333,90.5733333333,destination,destination,1,136,110,240633000;538010540;538008070;636024855;563246500;352001352;636017773;356755000;538009532,240633000;538010540;538008070;636024855;563246500;352001352;636017773;356755000;538009532,298;2016;1945;2547;2148;1566;2299;1670;1985,298;2016;1945;2547;2148;1566;2299;1670;1985
269,538007198,3,GNKMR,234.348611111,65.3591666667,69.0805555556,7.66361111111,19.7586111111,19.7586111111,destination_fallback_global,destination_fallback_global,1,2594,426,566453000;578001200;538005853;241287000;636025888;314509000;566579000;215481000;215270000,566453000;578001200;538005853;241287000;636025888;314509000;566579000;215481000;215270000,2122;2160;1918;427;2466;1541;2128;84;79,2122;2160;1918;427;2466;1541;2128;84;79
270,538007504,0,TRYAR,73.2861111111,65.5738888889,66.6188888889,68.4872222222,79.2794444444,79.2794444444,destination_fallback_global,destination_fallback_global,1,2628,302,538005330;636021781;352002473;219028212;312107000;636019542;667001639;636011638;372119000,538005330;636021781;352002473;219028212;312107000;636019542;667001639;636011638;372119000,1870;2453;1583;142;1439;2320;2580;2261;1692,1870;2453;1583;142;1439;2320;2580;2261;1692
271,538007511,2,GIGIB,79.2452777778,81.3805555556,84.0602777778,81.3805555556,82.4002777778,82.4002777778,destination,destination,1,119,135,352004810;356755000;636023809;232058998;352001352;538009987;538006774;240633000;636024855,352004810;356755000;636023809;232058998;352001352;538009987;538006774;240633000;636024855,1781;1831;2656;364;1711;2142;2068;455;2707,1781;1831;2656;364;1711;2142;2068;455;2707
272,538007661,1,TRERE,50.2191666667,52.7094444444,52.7094444444,52.7094444444,53.7277777778,53.7277777778,destination_fallback_global,destination_fallback_global,1,2721,331,312107000;667001639;538005330;241953000;255915798;352004590;314900000;255915967;236623000,312107000;667001639;538005330;241953000;255915798;352004590;314900000;255915967;236623000,1574;2678;1985;433;1194;1719;1648;1225;352,1574;2678;1985;433;1194;1719;1648;1225;352
273,538008070,3,GIGIB,89.0002777778,84.0602777778,91.9708333333,91.9708333333,91.9797222222,91.9797222222,destination,destination,1,93,63,538006774;538010540;352001352;538009532;538009987;538007511;636023809;563246500;352004307,538006774;538010540;352001352;538009532;538009987;538007511;636023809;563246500;352004307,1926;2020;1615;2001;2008;1939;2431;2102;1647,1926;2020;1615;2001;2008;1939;2431;2102;1647
274,538009008,4,RUULU,334.990833333,318.020277778,250.311388889,250.311388889,251.321388889,251.321388889,destination_fallback_global,destination_fallback_global,1,2603,405,636024855;352005357;667002260;273276260;273271070;461000256;613404821;636019819;563186100,636024855;352005357;667002260;273276260;273271070;461000256;613404821;636019819;563186100,2474;1650;2579;1398;1393;1776;2198;2289;2126,2474;1650;2579;1398;1393;1776;2198;2289;2126
275,538009052,0,MTMLA,-741.288611111,2.26111111111,2.26111111111,2.26111111111,2.2575,2.2575,destination,destination,0.555555555556,62,39,249414000;636022183;229331000;242494400;255915609;566579000;314509000;248422000;356794000,249414000;636022183;229331000;242494400;255915609,971;2466;216;395;1062;2174;1482;892;1673,971;2466;216;395;1062
276,538009159,0,TRISK,88.1566666667,65.5738888889,58.6833333333,58.6833333333,58.6875,58.6875,destination_fallback_global,destination_fallback_global,1,2628,331,636024606;538005330;352002473;636021781;636011638;636025061;219028212;563003300;249004000,636024606;538005330;352002473;636021781;636011638;636025061;219028212;563003300;249004000,2519;1871;1583;2455;2263;2558;144;2115;908,2519;1871;1583;2455;2263;2558;144;2115;908
277,538009183,2,PLGDN,284.9025,301.943611111,274.720555556,368.455555556,370.470277778,370.470277778,destination_fallback_global,destination_fallback_global,1,2790,290,232063279;352004690;538008070;613404821;403660000;667002260;461000370;219110000;241618000,232063279;352004690;538008070;613404821;403660000;667002260;461000370;219110000;241618000,409;1768;2090;2382;1913;2771;1939;230;520,409;1768;2090;2382;1913;2771;1939;230;520
278,538009214,1,GIGIB,79.0844444444,84.0602777778,85.6202777778,91.9708333333,95.1830555556,90.8169444444,destination,destination,0.333333333333,124,37,215481000;566453000;304610000;232058998;538009532;240633000;352004307;352004810;538006774,215481000;566453000;304610000,73;2247;1443;281;2088;358;1701;1730;2027,73;2247;1443
279,538009532,2,GIGIB,91.9708333333,85.6202777778,85.6202777778,85.6202777778,89.6194444444,89.6194444444,destination,destination,1,119,135,232058998;538006774;352004810;538009987;636023809;356755000;240633000;352001352;636017773,232058998;538006774;352004810;538009987;636023809;356755000;240633000;352001352;636017773,363;2067;1779;2142;2654;1827;453;1709;2451,363;2067;1779;2142;2654;1827;453;1709;2451
280,538009615,1,NLRTM,190.408611111,75.8911111111,75.8911111111,124.724722222,127.730833333,127.730833333,destination_fallback_global,destination_fallback_global,1,2721,335,461000284;636020328;538007511;352004810;352005660;247231200;249022000;636023809;636092552,461000284;636020328;538007511;352004810;352005660;247231200;249022000;636023809;636092552,1873;2399;2043;1738;1749;581;1034;2542;2615,1873;2399;2043;1738;1749;581;1034;2542;2615
281,538009968,3,EGPSD,68.2436111111,67.3097222222,67.3097222222,74.3922222222,74.3780555556,74.3780555556,destination,destination,1,36,36,636022522;636024786;353589000;372119000;636093368;667002240;219608000;215282000,636022522;636024786;353589000;372119000;636093368;667002240;219608000;215282000,2384;2435;1694;1717;2520;2545;262;81,2384;2435;1694;1717;2520;2545;262;81
282,538009987,0,GIGIB,84.0602777778,85.6202777778,85.6202777778,85.6202777778,85.6147222222,85.6147222222,destination,destination,1,136,104,232058998;636024855;356755000;352001352;563246500;538009532;538010540;538007511;538008070,232058998;636024855;356755000;352001352;563246500;538009532;538010540;538007511;538008070,266;2546;1670;1566;2148;1985;2016;1930;1945,266;2546;1670;1566;2148;1985;2016;1930;1945
283,538010211,3,ITSPA,-12.6144444444,-139.610277778,-139.610277778,-139.610277778,-136.6025,-136.6025,destination,destination,1,89,105,215498000;256515000;538003678;247382800;247101700,215498000;256515000;538003678;247382800;247101700,110;1273;1883;805;572,110;1273;1883;805;572
284,538010262,1,TRGEB,64.9925,57.4575,57.4575,52.7094444444,57.4472222222,57.4472222222,destination_fallback_global,destination_fallback_global,1,2721,302,538011848;356680000;304204000;352002473;636021781;312107000;538004518;636092313;255915967,538011848;356680000;304204000;352002473;636021781;312107000;538004518;636092313;255915967,2144;1784;1433;1695;2500;1565;1968;2609;1224,2144;1784;1433;1695;2500;1565;1968;2609;1224
285,538010540,2,GIGIB,96.8438888889,90.5836111111,90.5836111111,90.5836111111,90.5819444444,90.5819444444,destination,destination,1,119,135,538006774;240633000;636024855;356755000;352001352;538009987;232058998;538008070;352004810,538006774;240633000;636024855;356755000;352001352;538009987;232058998;538008070;352004810,2070;456;2707;1832;1712;2143;366;2091;1781,2070;456;2707;1832;1712;2143;366;2091;1781
286,538010653,3,FOR_ORDERS,90.6833333333,303.231666667,318.020277778,318.020277778,318.026666667,318.026666667,destination,destination,1,196,198,461000256;241689000;461000284;273277840;667002260;273271070;352004593;352002243;255915759,461000256;241689000;461000284;273277840;667002260;273271070;352004593;352002243;255915759,1807;452;1821;1406;2562;1405;1672;1630;1169,1807;452;1821;1406;2562;1405;1672;1630;1169
287,538010874,0,MTMLA,2.93777777778,2.26111111111,2.26111111111,2.26111111111,2.25805555556,2.25805555556,destination,destination,0.555555555556,62,39,249414000;636022183;229331000;242494400;255915609;566579000;314509000;248422000;249974000,249414000;636022183;229331000;242494400;255915609,971;2466;216;395;1062;2174;1482;892;1008,971;2466;216;395;1062
288,538011225,0,ITTAR,13.5269444444,17.3766666667,17.3766666667,17.3766666667,21.3813888889,21.3813888889,destination,destination,1,21,22,319076100;304427000;255970000;636021733,319076100;304427000;255970000;636021733,1531;1284;1088;2440,1531;1284;1088;2440
289,538011848,4,FOR_ORDERS,-79.6066666667,38.715,69.0719444444,38.715,57.7233333333,57.7233333333,destination,destination,1,164,181,373808000;374194000;236623000;647553008;241745000;431048000;241689000;273277840;461000284,373808000;374194000;236623000;647553008;241745000;431048000;241689000;273277840;461000284,1726;1742;364;2538;484;1767;480;1404;1791,1726;1742;364;2538;484;1767;480;1404;1791
290,538011969,3,HRRJK,34.5391666667,38.3211111111,38.3211111111,40.7847222222,42.1666666667,42.1666666667,destination_fallback_global,destination_fallback_global,1,2594,348,271002572;636023526;271000677;310841000;247018700;308628000;255806427;636021665;241859000,271002572;636023526;271000677;310841000;247018700;308628000;255806427;636021665;241859000,1334;2428;1327;1474;495;1464;1139;2343;462,1334;2428;1327;1474;495;1464;1139;2343;462
291,538012456,1,FOR_ORDERS,-5.65111111111,47.5175,38.715,38.715,42.8163888889,42.8163888889,destination,destination,1,179,199,314652000;241287000;236623000;374194000;247018700;255915759;538010653;461000284;352005660,314652000;241287000;236623000;374194000;247018700;255915759;538010653;461000284;352005660,1612;400;345;1818;449;1190;2114;1862;1752,1612;400;345;1818;449;1190;2114;1862;1752
292,538071393,2,ITSIR,-2.32222222222,11.7391666667,11.7391666667,24.1022222222,27.8141666667,27.8141666667,destination_fallback_global,destination_fallback_global,1,2790,358,636021246;255805968;636021078;538002883;247432200;210688000;636016014;578001200;636018323,636021246;255805968;636021078;538002883;247432200;210688000;636016014;578001200;636018323,2520;1155;2506;1978;938;23;2435;2366;2457,2520;1155;2506;1978;938;23;2435;2366;2457
293,538090701,3,RULED,297.199444444,103.049722222,91.9708333333,91.9708333333,91.9730555556,91.9730555556,destination_fallback_global,destination_fallback_global,1,2594,342,352003495;477963900;356324000;636024824;538009532;636092552;538009052;245278000;461000256,352003495;477963900;356324000;636024824;538009532;636092552;538009052;245278000;461000256,1643;1842;1712;2457;2001;2485;1962;483;1807,1643;1842;1712;2457;2001;2485;1962;483;1807
294,544203120,1,ESCAS,102.057222222,14.9733333333,18.59,18.59,27.2661111111,27.2661111111,destination_fallback_global,destination_fallback_global,1,2721,355,256891000;249087000;247095300;215867000;256714000;247144750;247296500;215054000;352001323,256891000;249087000;247095300;215867000;256714000;247144750;247296500;215054000;352001323,1329;1038;488;110;1323;545;621;29;1664,1329;1038;488;110;1323;545;621;29;1664
295,548651000,4,ITAUG,-76.6530555556,-166.650833333,-166.650833333,-80.6244444444,-70.6475,-70.6475,destination,destination,1,263,244,210627000;247298300;247131100;219432000;255915800;247100900;247343900;373026000;256227000,210627000;247298300;247131100;219432000;255915800;247100900;247343900;373026000;256227000,8;695;601;191;1178;583;782;1710;1224,8;695;601;191;1178;583;782;1710;1224
296,563003300,1,EGSKT,46.5769444444,65.6369444444,63.5813888889,60.2488888889,64.6069444444,64.6069444444,destination_fallback_global,destination_fallback_global,1,2721,294,636021365;636011638;667002240;636025061;352004590;219608000;636024606;273267690;372119000,636021365;636011638;667002240;636025061;352004590;219608000;636024606;273267690;372119000,2441;2326;2685;2599;1711;200;2565;1397;1814,2441;2326;2685;2599;1711;200;2565;1397;1814
297,563162400,1,USNSS,372.982222222,79.1775,87.8477777778,301.943611111,304.946944444,304.946944444,destination_fallback_global,destination_fallback_global,1,2721,351,229548000;431048000;636019983;403660000;352002243;461000370;232063279;228481700;352004593,229548000;431048000;636019983;403660000;352002243;461000370;232063279;228481700;352004593,256;1849;2373;1838;1686;1880;323;208;1725,256;1849;2373;1838;1686;1880;323;208;1725
298,563186100,3,ESALG,82.6511111111,90.6488888889,83.1661111111,83.1661111111,83.1636111111,83.1636111111,destination,destination,1,43,48,636019819;403660000;249433000;636092552;477630800;229456000,636019819;403660000;249433000;636092552;477630800;229456000,2254;1778;1077;2486;1830;289,2254;1778;1077;2486;1830;289
299,563205300,3,TEXT:BANDIRMA TR,67.0344444444,27.3138888889,21.2675,27.3138888889,28.2622222222,28.2622222222,destination_fallback_global,destination_fallback_global,1,2594,331,247362500;215826000;247355500;215958000;247147120;229456000;247351700;255801270;247055200,247362500;215826000;247355500;215958000;247147120;229456000;247351700;255801270;247055200,782;117;779;162;577;292;754;1098;523,782;117;779;162;577;292;754;1098;523
300,563246500,2,GIGIB,-654.671944444,85.6202777778,85.6202777778,85.6202777778,85.6244444444,85.6244444444,destination,destination,1,119,135,538009987;232058998;538006774;636024855;240633000;352001352;356755000;352004810;538008070,538009987;232058998;538006774;636024855;240633000;352001352;356755000;352004810;538008070,2143;367;2070;2708;456;1712;1832;1781;2091,2143;367;2070;2708;456;1712;1832;1781;2091
301,563279900,3,ITLIV,34.4177777778,25.5236111111,25.5236111111,25.5236111111,25.525,25.525,destination_fallback_global,destination_fallback_global,1,2594,341,241298000;219303000;255916537;636024336;352001323;636023127;271040948;256049000;636021739,241298000;219303000;255916537;636024336;352001323;636023127;271040948;256049000;636021739,430;232;1210;2433;1604;2424;1348;1211;2356,430;232;1210;2433;1604;2424;1348;1211;2356
302,563280700,3,EGPSD,49.8680555556,66.6188888889,66.6188888889,66.6188888889,67.625,67.625,destination,destination,1,36,36,636093368;353589000;636024786;372119000;219608000;667002240;636022522;215282000,636093368;353589000;636024786;372119000;219608000;667002240;636022522;215282000,2520;1694;2435;1717;262;2546;2388;81,2520;1694;2435;1717;262;2546;2388;81
303,564724000,2,ALDRZ,14.0841666667,47.1530555556,47.1530555556,57.4363888889,57.4672222222,57.4672222222,destination_fallback_global,destination_fallback_global,1,2790,313,355860000;248105000;319076100;636022905;311000621;256392000;255806044;215993000;304427000,355860000;248105000;319076100;636022905;311000621;256392000;255806044;215993000;304427000,1817;993;1687;2649;1573;1301;1163;179;1472,1817;993;1687;2649;1573;1301;1163;179;1472
304,565712000,0,ITNAP,53.4486111111,18.59,18.59,18.59,35.8241666667,35.8241666667,destination,destination,1,76,88,352001323;255805866;247392600;246518000;240942000;247219700,352001323;255805866;247392600;246518000;240942000;247219700,1548;1030;752;410;352;526,1548;1030;752;410;352;526
305,566453000,4,GIGIB,83.8008333333,79.0844444444,79.0844444444,79.0844444444,79.0683333333,70.3563888889,destination,destination,0.222222222222,124,40,304610000;538009214;232058998;538009532;538009987;538007511;352004810;563246500;636023809,304610000;538009214,1417;1997;316;2001;2009;1938;1647;2152;2439,1417;1997
306,566579000,4,MTMLA,3.88861111111,4.225,4.225,4.225,4.22722222222,4.22722222222,destination,destination,0.555555555556,84,40,314509000;232061535;248422000;249974000;249596000;538009052;255915609;538010874;636022183,314509000;232061535;248422000;249974000;249596000,1552;334;1014;1094;1065;1962;1142;2057;2391,1552;334;1014;1094;1065
307,566722000,4,GRKLX,36.4436111111,38.3211111111,10.1502777778,11.9605555556,26.1055555556,26.1055555556,destination_fallback_global,destination_fallback_global,1,2603,345,249596000;538071393;256251000;538002883;240544000;351656000;247324900;248422000;247432200,249596000;538071393;256251000;538002883;240544000;351656000;247324900;248422000;247432200,1065;2092;1253;1843;388;1569;750;1009;934,1065;2092;1253;1843;388;1569;750;1009;934
308,577339000,4,TRGEM,88.0297222222,-136.652222222,-163.314166667,-163.314166667,-157.669166667,-157.669166667,destination_fallback_global,destination_fallback_global,1,2603,321,247343900;538005496;311000451;256515000;229370000;240893000;538012456;247298300;215498000,247343900;538005496;311000451;256515000;229370000;240893000;538012456;247298300;215498000,770;1904;1485;1292;242;415;2080;705;90,770;1904;1485;1292;242;415;2080;705;90
309,578001200,4,TEXT:MA VALLETTA,7.66361111111,21.8616666667,10.1502777778,12.3469444444,27.9602777778,27.9602777778,destination_fallback_global,destination_fallback_global,1,2603,306,247324900;538002883;636021078;255805968;248422000;271051063;215054000;247282600;247310200,247324900;538002883;636021078;255805968;248422000;271051063;215054000;247282600;247310200,754;1843;2315;1126;1009;1377;31;678;720,754;1843;2315;1126;1009;1377;31;678;720
310,605026210,3,ALROM,34.4072222222,57.4363888889,47.1530555556,47.1530555556,48.1641666667,48.1641666667,destination_fallback_global,destination_fallback_global,1,2594,298,311000621;248105000;564724000;636022905;355860000;256392000;352002170;235010170;636018323,311000621;248105000;564724000;636022905;355860000;256392000;352002170;235010170;636018323,1478;975;2107;2411;1709;1239;1619;368;2235,1478;975;2107;2411;1709;1239;1619;368;2235
311,605076070,2,DZORN,69.5616666667,84.285,81.2930555556,84.285,85.2886111111,85.2886111111,destination_fallback_global,destination_fallback_global,1,2790,378,249433000;636092552;352004810;636024824;352005660;477856500;247231200;538010653;636022183,249433000;636092552;352004810;636024824;352005660;477856500;247231200;538010653;636022183,1080;2724;1780;2703;1791;1952;670;2173;2621,1080;2724;1780;2703;1791;1952;670;2173;2621
312,613404821,1,TEXT:TALLINN,368.455555556,83.1661111111,82.6511111111,81.3805555556,82.4,82.4,destination_fallback_global,destination_fallback_global,1,2721,328,636015940;352001352;636024855;563186100;636019819;232063279;636018926;273271070;352005357,636015940;352001352;636024855;563186100;636019819;232063279;636018926;273271070;352005357,2339;1676;2586;2198;2367;328;2353;1403;1742,2339;1676;2586;2198;2367;328;2353;1403;1742
313,613471602,1,TEXT:PRIMORSK,367.818333333,97.9855555556,87.8477777778,95.2236111111,99.9808333333,99.9808333333,destination_fallback_global,destination_fallback_global,1,2721,344,538008070;538009183;636019819;255805849;636024536;249172000;232063279;636017773;352002243,538008070;538009183;636019819;255805849;636024536;249172000;232063279;636017773;352002243,2052;2082;2362;1142;2553;1060;324;2348;1687,2052;2082;2362;1142;2553;1060;324;2348;1687
314,613992601,2,TRHAY,64.6044444444,68.2436111111,74.6733333333,52.7094444444,71.7180555556,71.7180555556,destination_fallback_global,destination_fallback_global,1,2790,298,312107000;255915967;356680000;636021781;219028212;538011848;215178000;538004518;538010262,312107000;255915967;356680000;636021781;219028212;538011848;215178000;538004518;538010262,1590;1227;1822;2598;181;2189;71;2007;2157,1590;1227;1822;2598;181;2189;71;2007;2157
315,629009126,3,ITMFR,96.3855555556,9.26722222222,6.98527777778,6.98527777778,6.98472222222,6.98472222222,destination_fallback_global,destination_fallback_global,1,2594,322,247101700;256607000;256436000;247324900;247333600;210688000;548651000;255915800;255801270,247101700;256607000;256436000;247324900;247333600;210688000;548651000;255915800;255801270,571;1283;1244;688;696;28;2077;1198;1092,571;1283;1244;688;696;28;2077;1198;1092
316,630001201,1,LBBEY,29.0869444444,2.93777777778,98.5522222222,95.2236111111,105.986111111,105.986111111,destination_fallback_global,destination_fallback_global,1,2721,335,636019819;636024536;273276260;352001352;240633000;538009008;352004307;249962000;255805849,636019819;636024536;273276260;352001352;240633000;538009008;352004307;249962000;255805849,2358;2545;1404;1667;359;2057;1704;1108;1137,2358;2545;1404;1667;359;2057;1704;1108;1137
317,636011638,3,TEXT:SUEZ EG,63.5813888889,60.2488888889,66.6188888889,66.6188888889,68.3597222222,68.3597222222,destination_fallback_global,destination_fallback_global,1,2594,324,352004590;563003300;219028212;249004000;636016014;372119000;667002240;636024939;636021781,352004590;563003300;219028212;249004000;636016014;372119000;667002240;636024939;636021781,1656;2099;178;999;2227;1718;2549;2465;2370,1656;2099;178;999;2227;1718;2549;2465;2370
318,636012378,2,TRCKZ,44.8680555556,50.4611111111,50.4611111111,50.4611111111,51.4811111111,51.4811111111,destination,destination,1,15,16,538004518;304204000;238066000,538004518;304204000;238066000,2013;1465;435,2013;1465;435
319,636013095,1,ITVCE,64.7330555556,54.7930555556,54.7930555556,54.7930555556,54.7886111111,54.7886111111,destination_fallback_global,destination_fallback_global,1,2721,299,268251804;230723000;671562100;304427000;247313600;255915693;564724000;312120000;255915683,268251804;230723000;671562100;304427000;247313600;255915693;564724000;312120000;255915683,1339;264;2706;1442;663;1165;2234;1577;1157,1339;264;2706;1442;663;1165;2234;1577;1157
320,636014168,2,MTMAR,12.5461111111,10.3208333333,10.3208333333,10.3208333333,10.3319444444,10.3319444444,destination,destination,1,18,19,249172000;636021246;271051063,249172000;636021246;271051063,1053;2523;1388,1053;2523;1388
321,636015710,0,EGEDK,100.489444444,79.4730555556,68.2436111111,68.2436111111,74.3855555556,74.3855555556,destination_fallback_global,destination_fallback_global,1,2628,356,636019542;428002000;319301000;636024939;538009968;636011638;671500100;538005431;636024786,636019542;428002000;319301000;636024939;538009968;636011638;671500100;538005431;636024786,2318;1760;1536;2548;1992;2252;2613;1889;2522,2318;1760;1536;2548;1992;2252;2613;1889;2522
322,636015940,4,DZSKI,38.6913888889,318.020277778,318.020277778,250.311388889,251.314444444,251.314444444,destination_fallback_global,destination_fallback_global,1,2603,467,613404821;232063279;372668000;636024855;356755000;667002260;636019819;352005357;563186100,613404821;232063279;372668000;636024855;356755000;667002260;636019819;352005357;563186100,2198;362;1700;2473;1680;2579;2289;1650;2126,2198;362;1700;2473;1680;2579;2289;1650;2126
323,636016014,1,GBPTI,94.4358333333,44.8680555556,65.6369444444,44.8680555556,44.8613888889,44.8613888889,destination_fallback_global,destination_fallback_global,1,2721,289,636024606;538002883;232026551;636012378;352004590;667002240;273267690;647553008;636092313,636024606;538002883;232026551;636012378;352004590;667002240;273267690;647553008;636092313,2562;1937;278;2328;1705;2679;1395;2656;2612,2562;1937;278;2328;1705;2679;1395;2656;2612
324,636016205,3,ESTAR,45.0263888889,77.9036111111,77.9036111111,256.149722222,256.148611111,256.148611111,destination_fallback_global,destination_fallback_global,1,2594,283,311775000;352506000;310772000;229471000;304610000;566579000;249281000;247296500;566453000,311775000;352506000;310772000;229471000;304610000;566579000;249281000;247296500;566453000,1498;1689;1473;299;1450;2133;1043;630;2126,1498;1689;1473;299;1450;2133;1043;630;2126
325,636017773,3,GIGIB,87.8477777778,84.0602777778,96.8438888889,96.8438888889,97.4697222222,97.4697222222,destination,destination,1,93,63,352001352;538010540;538006774;352004307;538007511;249611000;538009532;636023809;538009987,352001352;538010540;538006774;352004307;538007511;249611000;538009532;636023809;538009987,1612;2014;1923;1647;1934;1083;1998;2429;2008,1612;2014;1923;1647;1934;1083;1998;2429;2008
326,636018276,1,ITGIT,10.6444444444,15.5044444444,15.5044444444,15.5044444444,16.5133333333,16.5133333333,destination_fallback_global,destination_fallback_global,1,2721,311,247453600;247296500;247392600;308628000;538011225;636021665;215993000;636021702;256392000,247453600;247296500;247392600;308628000;538011225;636021665;215993000;636021702;256392000,961;617;857;1472;2139;2453;149;2489;1290,961;617;857;1472;2139;2453;149;2489;1290
327,636018323,1,TEXT:MTMAR SIKOP,47.1522222222,19.2561111111,22.0844444444,22.0844444444,24.3969444444,24.3969444444,destination_fallback_global,destination_fallback_global,1,2721,244,256392000;636022905;215993000;319076100;352002170;355860000;304427000;247313600;564724000,256392000;636022905;215993000;319076100;352002170;355860000;304427000;247313600;564724000,1295;2527;154;1652;1679;1774;1437;657;2232,1295;2527;154;1652;1679;1774;1437;657;2232
328,636018629,2,ITCAG,47.7572222222,52.4452777778,87.8477777778,53.4486111111,62.4625,62.4625,destination_fallback_global,destination_fallback_global,1,2790,339,538006774;477856500;249022000;538010874;240633000;565712000;636022183;229331000;232062004,538006774;477856500;249022000;538010874;240633000;565712000;636022183;229331000;232062004,2064;1946;1020;2176;445;2309;2615;289;386,2064;1946;1020;2176;445;2309;2615;289;386
329,636018926,4,ESCEU,75.9636111111,303.231666667,232.388333333,232.388333333,232.390555556,232.390555556,destination_fallback_global,destination_fallback_global,1,2603,342,356755000;431048000;372668000;232063279;241689000;613404821;352002243;219110000;352003272,356755000;431048000;372668000;232063279;241689000;613404821;352002243;219110000;352003272,1680;1767;1700;362;480;2198;1588;166;1599,1680;1767;1700;362;480;2198;1588;166;1599
330,636019542,3,EGDAM,65.5738888889,75.9841666667,76.2652777778,73.2861111111,79.2691666667,79.2691666667,destination_fallback_global,destination_fallback_global,1,2594,353,352004590;636021781;219028212;538007504;538005330;312107000;538009159;667001639;319301000,352004590;636021781;219028212;538007504;538005330;312107000;538009159;667001639;319301000,1653;2368;177;1933;1909;1508;1967;2537;1598,1653;2368;177;1933;1909;1508;1967;2537;1598
331,636019819,2,ESALG,95.2236111111,82.6511111111,82.6511111111,82.6511111111,82.6547222222,82.6547222222,destination,destination,1,48,51,563186100;403660000;228481700;249433000;636092552;229456000,563186100;403660000;228481700;249433000;636092552;229456000,2276;1913;280;1081;2726;328,2276;1913;280;1081;2726;328
332,636019983,4,SGSIN,760.620833333,57.5136111111,57.5136111111,57.5136111111,57.5175,57.5175,destination_fallback_global,destination_fallback_global,1,2603,352,229648000;229548000;228481700;241745000;219210000;357983000;219110000;257824000;431048000,229648000;229548000;228481700;241745000;219210000;357983000;219110000;257824000;431048000,295;294;225;484;177;1697;166;1335;1767,295;294;225;484;177;1697;166;1335;1767
333,636020064,4,EGPSW,70.4255555556,50.1938888889,59.8719444444,50.1938888889,54.3419444444,54.3419444444,destination_fallback_global,destination_fallback_global,1,2603,389,240544000;667001639;236623000;636093132;256251000;636020540;241953000;219028212;247488900,240544000;667001639;236623000;636093132;256251000;636020540;241953000;219028212;247488900,391;2555;374;2529;1259;2308;499;124;954,391;2555;374;2529;1259;2308;499;124;954
334,636020328,2,PTAVE,124.724722222,90.6488888889,90.6488888889,90.6488888889,90.6894444444,90.6894444444,destination_fallback_global,destination_fallback_global,1,2790,369,249433000;636092552;636024824;352004810;247231200;352005660;232058998;538010653;538090701,249433000;636092552;636024824;352004810;247231200;352005660;232058998;538010653;538090701,1081;2725;2704;1781;671;1792;365;2174;2234,1081;2725;2704;1781;671;1792;365;2174;2234
335,636020540,1,BGVAR,92.9991666667,48.3297222222,48.3297222222,48.3297222222,48.32,48.32,destination_fallback_global,destination_fallback_global,1,2721,325,241953000;667001639;312107000;236623000;314900000;538005330;636093132;255915798;255915967,241953000;667001639;312107000;236623000;314900000;538005330;636093132;255915798;255915967,433;2678;1573;352;1648;1985;2644;1194;1225,433;2678;1573;352;1648;1985;2644;1194;1225
336,636020938,1,MACAS,78.1888888889,85.6202777778,79.2452777778,79.2452777778,79.2461111111,79.2461111111,destination_fallback_global,destination_fallback_global,1,2721,331,352004810;538007511;357983000;636021161;605076070;636020328;242494400;241689000;461000284,352004810;538007511;357983000;636021161;605076070;636020328;242494400;241689000;461000284,1741;2047;1812;2416;2306;2402;435;415;1875,1741;2047;1812;2416;2306;2402;435;415;1875
337,636020986,1,TEXT:MAPTM EGPSE,61.695,58.2141666667,51.7697222222,54.13,59.1319444444,59.1319444444,destination_fallback_global,destination_fallback_global,1,2721,314,636024939;403532001;636021365;636011638;636024786;219133000;636092313;431476000;352604000,636024939;403532001;636021365;636011638;636024786;219133000;636092313;431476000;352604000,2592;1827;2431;2318;2568;155;2611;1858;1760,2592;1827;2431;2318;2568;155;2611;1858;1760
338,636021078,0,LYMRA,25.8052777778,7.10861111111,7.66361111111,11.9605555556,24.8702777778,24.8702777778,destination_fallback_global,destination_fallback_global,1,2628,331,255805968;247324900;210688000;636021246;248422000;538002883;538071393;356794000;244090800,255805968;247324900;210688000;636021246;248422000;538002883;538071393;356794000;244090800,1049;632;24;2379;888;1831;2065;1673;398,1049;632;24;2379;888;1831;2065;1673;398
339,636021161,0,GBFXT,182.796111111,78.1888888889,78.1888888889,78.1888888889,80.1763888889,80.1763888889,destination_fallback_global,destination_fallback_global,1,2628,331,257824000;636020938;357983000;352004810;538007511;461000284;249433000;247231200;605076070,257824000;636020938;357983000;352004810;538007511;461000284;249433000;247231200;605076070,1169;2372;1690;1628;1929;1793;976;539;2219,1169;2372;1690;1628;1929;1793;976;539;2219
340,636021246,4,MTMAR,7.10861111111,10.3208333333,10.3208333333,11.9605555556,22.8744444444,22.8744444444,destination_fallback_global,destination_fallback_global,1,2603,258,248422000;247432200;247324900;255805968;636021078;538071393;538005853;314509000;247310200,248422000;247432200;247324900;255805968;636021078;538071393;538005853;314509000;247310200,1014;936;752;1131;2319;2095;1917;1552;722,1014;936;752;1131;2319;2095;1917;1552;722
341,636021362,0,TEXT:IT LVN VIA MESSINA,22.8505555556,40.9797222222,38.3283333333,38.3283333333,38.3238888889,38.3238888889,destination_fallback_global,destination_fallback_global,1,2628,368,357463000;636024336;352001323;563279900;636023127;241298000;248159000;255915592;636021739,357463000;636024336;352001323;563279900;636023127;241298000;248159000;255915592;636021739,1681;2497;1553;2152;2494;354;884;1061;2441,1681;2497;1553;2152;2494;354;884;1061;2441
342,636021365,3,TEXT:ABU QIR,41.7258333333,46.5769444444,46.5769444444,43.8797222222,46.5711111111,46.5711111111,destination_fallback_global,destination_fallback_global,1,2594,304,219608000;667002240;249004000;563003300;373808000;636024939;352004590;636024805;247018700,219608000;667002240;249004000;563003300;373808000;636024939;352004590;636024805;247018700,267;2552;1002;2099;1754;2465;1660;2437;497,267;2552;1002;2099;1754;2465;1660;2437;497
343,636021513,0,TRZON,81.255,81.0472222222,65.5738888889,68.4872222222,81.2530555556,81.2530555556,destination_fallback_global,destination_fallback_global,1,2628,354,538005330;636021781;667001639;312107000;352002473;247104500;219028212;319301000;538007661,538005330;636021781;667001639;312107000;352002473;247104500;219028212;319301000;538007661,1869;2451;2578;1438;1582;473;141;1542;1933,1869;2451;2578;1438;1582;473;141;1542;1933
344,636021596,4,ITRAN,48.7227777778,55.1116666667,55.1116666667,55.1116666667,55.1077777778,55.1077777778,destination,destination,1,31,36,247095300;215035000;255915693;255806044;255915683,247095300;215035000;255915693;255806044;255915683,573;28;1151;1134;1146,573;28;1151;1134;1146
345,636021665,4,ITTRS,41.3936111111,42.1702777778,15.0325,15.5044444444,16.5011111111,16.5011111111,destination_fallback_global,destination_fallback_global,1,2603,251,538011225;241859000;247392600;255806427;215035000;538001657;308628000;247483800;256392000,538011225;241859000;247392600;255806427;215035000;538001657;308628000;247483800;256392000,2062;488;859;1139;28;1836;1437;947;1270,2062;488;859;1139;28;1836;1437;947;1270
346,636021700,3,ITAUG,-356.462777778,-120.646388889,-82.5058333333,-80.6244444444,-62.4502777778,-62.4502777778,destination,destination,1,302,242,247343900;256227000;373026000;247351700;247333600;255915737;210627000;255915800;247100900,247343900;256227000;373026000;247351700;247333600;255915737;210627000;255915800;247100900,719;1218;1720;759;708;1146;6;1184;570,719;1218;1720;759;708;1146;6;1184;570
347,636021702,4,ITBDS,17.0086111111,19.2561111111,15.0325,15.0325,16.5166666667,16.5166666667,destination_fallback_global,destination_fallback_global,1,2603,254,538011225;241859000;247392600;255806427;215035000;538001657;308628000;247483800;247296500,538011225;241859000;247392600;255806427;215035000;538001657;308628000;247483800;247296500,2062;488;859;1139;28;1837;1437;947;685,2062;488;859;1139;28;1837;1437;947;685
348,636021733,4,ITTAR,16.7352777778,17.3766666667,17.3766666667,17.3766666667,19.3788888889,19.3788888889,destination,destination,1,12,15,319076100;538011225;255970000,319076100;538011225;255970000,1555;2059;1208,1555;2059;1208
349,636021739,1,ITMEI,1.41805555556,35.1477777778,35.1477777778,35.1477777778,36.4386111111,36.4386111111,destination_fallback_global,destination_fallback_global,1,2721,382,255915592;241298000;271000748;563279900;255916537;219303000;271040948;352001323;636023127,255915592;241298000;271000748;563279900;255916537;219303000;271040948;352001323;636023127,1156;403;1342;2226;1231;166;1358;1664;2538,1156;403;1342;2226;1231;166;1358;1664;2538
350,636021781,4,TRCEY,76.2652777778,48.3297222222,38.715,50.2191666667,52.365,52.365,destination_fallback_global,destination_fallback_global,1,2603,344,538005330;219028212;255915967;667001639;636024606;241953000;538007661;636020540;236623000,538005330;219028212;255915967;667001639;636024606;241953000;538007661;636020540;236623000,1867;126;1200;2558;2467;499;1942;2308;381,1867;126;1200;2558;2467;499;1942;2308;381
351,636022183,1,MTMLA,3.93583333333,2.26111111111,2.26111111111,2.26111111111,2.24972222222,4.88277777778,destination,destination,0.555555555556,72,43,249414000;538010874;538009052;242494400;232061535;566579000;314509000;248422000;249974000,232061535;566579000;314509000;248422000;249974000;356794000;249596000,1089;2136;2072;434;300;2261;1600;1017;1113,300;2261;1600;1017;1113;1794;1090
352,636022522,0,EGPSD,75.9841666667,66.6188888889,66.6188888889,66.6188888889,67.6330555556,67.6330555556,destination,destination,1,35,38,636024786;372119000;403532001;538009968;273267690;636093368;667002240;338619000;563280700,636024786;372119000;403532001;538009968;273267690;636093368;667002240;338619000;563280700,2522;1691;1747;1992;1246;2568;2588;1545;2155,2522;1691;1747;1992;1246;2568;2588;1545;2155
353,636022541,2,GRGPA,18.0111111111,50.1938888889,50.1938888889,59.7291666667,59.7344444444,59.7344444444,destination_fallback_global,destination_fallback_global,1,2790,348,636021596;636020064;240544000;351656000;314496000;314900000;271000677;538011969;636023526,636021596;636020064;240544000;351656000;314496000;314900000;271000677;538011969;636023526,2551;2485;442;1699;1634;1670;1366;2194;2653,2551;2485;442;1699;1634;1670;1366;2194;2653
354,636022867,1,TRTUZ,67.5058333333,69.0719444444,68.4872222222,68.4872222222,72.2944444444,72.2944444444,destination_fallback_global,destination_fallback_global,1,2721,340,352004590;667002240;238066000;636019542;636021781;538005330;538009159;636024606;255915798,352004590;667002240;238066000;636019542;636021781;538005330;538009159;636024606;255915798,1717;2689;354;2357;2508;1984;2078;2567;1194,1717;2689;354;2357;2508;1984;2078;2567;1194
355,636022905,0,SIKOP,57.4680555556,43.6044444444,34.4072222222,34.4072222222,35.4202777778,35.4202777778,destination_fallback_global,destination_fallback_global,1,2628,248,248105000;319076100;215993000;355860000;636018323;564724000;605026210;247483800;215035000,248105000;319076100;215993000;355860000;636018323;564724000;605026210;247483800;215035000,872;1534;132;1655;2311;2157;2212;839;49,872;1534;132;1655;2311;2157;2212;839;49
356,636023127,2,ITSAL,14.9733333333,40.9797222222,40.9797222222,44.4341666667,45.4502777778,45.4502777778,destination_fallback_global,destination_fallback_global,1,2790,444,256714000;636024336;255916537;219303000;357463000;563279900;241298000;636021362;255915592,256714000;636024336;255916537;219303000;357463000;563279900;241298000;636021362;255915592,1346;2657;1238;238;1842;2304;511;2531;1170,1346;2657;1238;238;1842;2304;511;2531;1170
357,636023250,0,EGDAM,46.2247222222,52.7875,52.7875,50.7580555556,50.7622222222,50.7622222222,destination_fallback_global,destination_fallback_global,1,2628,288,338619000;563280700;636093368;219133000;636024939;373808000;636025061;253000158;636024606,338619000;563280700;636093368;219133000;636024939;373808000;636025061;253000158;636024606,1545;2155;2568;187;2554;1725;2556;1011;2514,1545;2155;2568;187;2554;1725;2556;1011;2514
358,636023526,1,SIKOP,38.3211111111,34.5391666667,22.3866666667,40.7847222222,47.8402777778,47.8402777778,destination_fallback_global,destination_fallback_global,1,2721,344,538011969;247018700;271002572;310841000;314900000;247296500;636022541;256251000;249974000,538011969;247018700;271002572;310841000;314900000;247296500;636022541;256251000;249974000,2146;450;1343;1484;1636;614;2519;1281;1115,2146;450;1343;1484;1636;614;2519;1281;1115
359,636023809,0,GIGIB,75.8911111111,81.3805555556,81.3805555556,79.2452777778,80.5363888889,80.5363888889,destination,destination,1,136,110,538007511;352004810;232058998;356755000;538009532;352001352;636024855;636017773;538010540,538007511;352004810;232058998;356755000;538009532;352001352;636024855;636017773;538010540,1929;1627;263;1668;1984;1564;2545;2299;2010,1929;1627;263;1668;1984;1564;2545;2299;2010
360,636024336,1,TEXT:FIUMICINO ITALY,711.461944444,18.59,18.59,18.59,18.5863888889,18.5863888889,destination_fallback_global,destination_fallback_global,1,2721,367,352001323;256714000;256891000;636023127;219303000;248159000;255916537;357463000;247095300,352001323;256714000;256891000;636023127;219303000;248159000;255916537;357463000;247095300,1664;1323;1326;2538;166;1009;1231;1803;488,1664;1323;1326;2538;166;1009;1231;1803;488
361,636024536,3,ITGOA,52.4452777778,46.4047222222,46.4047222222,46.4047222222,56.2572222222,56.2572222222,destination,destination,1,72,80,356324000;256714000;271052090;256885000;247530400;247383400,356324000;256714000;271052090;256885000;247530400;247383400,1712;1284;1387;1299;963;833,1712;1284;1387;1299;963;833
362,636024606,3,TEXT:DARDANELLES,36.4069444444,48.3297222222,68.4872222222,68.4872222222,75.5697222222,75.5697222222,destination_fallback_global,destination_fallback_global,1,2594,282,352004590;219028212;255915967;538007661;312107000;636021781;538005330;667001639;249004000,352004590;219028212;255915967;538007661;312107000;636021781;538005330;667001639;249004000,1658;181;1204;1944;1510;2370;1910;2544;1003,1658;181;1204;1944;1510;2370;1910;2544;1003
363,636024786,4,EGPSD,74.3922222222,66.6188888889,66.6188888889,66.6188888889,67.6358333333,67.6358333333,destination,destination,1,50,52,403532001;353589000;636022522;538009968;372119000;563280700;338619000;273267690;219608000,403532001;353589000;636022522;538009968;372119000;563280700;338619000;273267690;219608000,1746;1665;2397;2008;1698;2159;1567;1385;208,1746;1665;2397;2008;1698;2159;1567;1385;208
364,636024805,1,TRIZT,27.5413888889,47.5175,52.7094444444,52.7094444444,53.7319444444,53.7319444444,destination_fallback_global,destination_fallback_global,1,2721,371,247488900;352004590;312107000;255915967;538005330;255915798;667001639;314900000;241953000,247488900;352004590;312107000;255915967;538005330;255915798;667001639;314900000;241953000,979;1719;1574;1225;1985;1194;2678;1648;432,979;1719;1574;1225;1985;1194;2678;1648;432
365,636024824,4,USLCH,647.133888889,90.6488888889,85.6202777778,85.6202777778,86.6180555556,86.6180555556,destination_fallback_global,destination_fallback_global,1,2603,394,232058998;636092552;271044383;249433000;352005660;538010653;538090701;636020328;538009987,232058998;636092552;271044383;249433000;352005660;538010653;538090701;636020328;538009987,318;2507;1372;1064;1660;2048;2110;2303;2009,318;2507;1372;1064;1660;2048;2110;2303;2009
366,636024855,3,GIGIB,72.7880555556,84.0602777778,81.3805555556,81.3805555556,81.385,81.385,destination,destination,1,93,59,352001352;538009987;538010540;538007511;538006774;563246500;538009532;636023809;352004307,352001352;538009987;538010540;538007511;538006774;563246500;538009532;636023809;352004307,1617;2008;2020;1940;1928;2102;2001;2431;1647,1617;2008;2020;1940;1928;2102;2001;2431;1647
367,636024939,2,ILASH,54.13,46.4288888889,52.7875,46.2247222222,47.2566666667,47.2566666667,destination_fallback_global,destination_fallback_global,1,2790,318,636025061;219608000;636021365;636093171;636024606;373808000;273267690;636023250;636011638,636025061;219608000;636021365;636093171;636024606;373808000;273267690;636023250;636011638,2710;264;2539;2756;2679;1886;1436;2652;2412,2710;264;2539;2756;2679;1886;1436;2652;2412
368,636025061,3,ILHFA,58.6833333333,46.5769444444,46.5769444444,43.8797222222,46.5788888889,46.5788888889,destination_fallback_global,destination_fallback_global,1,2594,305,219608000;563003300;249004000;373808000;667002240;352004590;636024939;636024805;247018700,219608000;563003300;249004000;373808000;667002240;352004590;636024939;636024805;247018700,267;2099;1002;1755;2552;1658;2465;2437;497,267;2099;1002;1755;2552;1658;2465;2437;497
369,636025888,2,AMBIGUOUS:MALTA,12.1338888889,5.76138888889,5.76138888889,5.76138888889,9.76083333333,9.76083333333,destination,destination,1,30,33,538005431;311001060;477856500,538005431;311001060;477856500,2025;1576;1948,2025;1576;1948
370,636025912,2,GRKLX,21.8638888889,49.2836111111,49.8680555556,39.0594444444,43.1213888889,43.1213888889,destination_fallback_global,destination_fallback_global,1,2790,296,431476000;636092313;636024805;373808000;440252000;304204000;636093171;636024606;563280700,431476000;636092313;636024805;373808000;440252000;304204000;636093171;636024606;563280700,1924;2715;2684;1879;1928;1465;2751;2671;2305,1924;2715;2684;1879;1928;1465;2751;2671;2305
371,636092313,0,TRMRM,39.0594444444,54.13,52.7875,50.7580555556,50.7619444444,50.7619444444,destination_fallback_global,destination_fallback_global,1,2628,311,636012378;636024606;219133000;636024939;636093368;338619000;563280700;636025061;373808000,636012378;636024606;219133000;636024939;636093368;338619000;563280700;636025061;373808000,2264;2514;188;2553;2568;1545;2155;2556;1725,2264;2514;188;2553;2568;1545;2155;2556;1725
372,636092552,0,ESALG,90.6488888889,82.6511111111,81.2930555556,81.2930555556,81.29,81.29,destination,destination,1,46,55,249433000;228481700;403660000;563186100;636019819;477630800,249433000;228481700;403660000;563186100;636019819;477630800,979;204;1758;2121;2330;1802,979;204;1758;2121;2330;1802
373,636093132,0,TRIST,74.0866666667,52.7094444444,52.7094444444,68.4872222222,76.2530555556,76.2530555556,destination_fallback_global,destination_fallback_global,1,2628,381,636020540;241953000;667001639;314900000;312107000;636021781;538005330;304578000;219028212,636020540;241953000;667001639;314900000;312107000;636021781;538005330;304578000;219028212,2370;392;2582;1528;1440;2455;1872;1301;144,2370;392;2582;1528;1440;2455;1872;1301;144
374,636093171,0,EGPSE,46.4288888889,52.7875,52.7875,52.7875,52.7822222222,52.7822222222,destination_fallback_global,destination_fallback_global,1,2628,394,338619000;636024939;636093368;563280700;219133000;373808000;636025061;636016014;636024606,338619000;636024939;636093368;563280700;219133000;373808000;636025061;636016014;636024606,1545;2554;2568;2155;189;1726;2557;2289;2515,1545;2554;2568;2155;189;1726;2557;2289;2515
375,636093237,4,BEGNE,208.744166667,91.735,79.1775,90.6833333333,105.684166667,105.684166667,destination_fallback_global,destination_fallback_global,1,2603,363,538010653;249433000;538090701;241929000;461000284;477963900;636020328;636022183;249742000,538010653;249433000;538090701;241929000;461000284;477963900;636020328;636022183;249742000,2036;1059;2096;496;1783;1808;2294;2381;1070,2036;1059;2096;496;1783;1808;2294;2381;1070
376,636093368,4,EGPSD,52.7875,51.7697222222,51.7697222222,51.7697222222,52.7863888889,52.7863888889,destination,destination,1,50,52,338619000;563280700;403532001;353589000;273267690;538009968;372119000;219608000;636022522,338619000;563280700;403532001;353589000;273267690;538009968;372119000;219608000;636022522,1567;2159;1747;1666;1385;2008;1698;208;2397,1567;2159;1747;1666;1385;2008;1698;208;2397
377,647553008,0,FOR_ORDERS,69.0719444444,-5.65111111111,301.943611111,303.231666667,310.248888889,310.248888889,destination,destination,1,192,180,255915759;273276260;240878000;352002243;461000370;273271070;373808000;431048000;667002260,255915759;273276260;240878000;352002243;461000370;273271070;373808000;431048000;667002260,1077;1256;303;1570;1795;1249;1728;1771;2598,1077;1256;303;1570;1795;1249;1728;1771;2598
378,667001639,2,TRCKZ,48.3297222222,30.7016666667,30.7016666667,30.7016666667,30.7,30.7,destination,destination,1,15,16,238066000;538004518;304204000,238066000;538004518;304204000,439;2014;1465,439;2014;1465
379,667002240,2,EGPSD,60.2488888889,64.0183333333,64.0183333333,64.0183333333,64.0238888889,64.0238888889,destination,destination,1,39,42,215282000;219608000;273267690;636022522;636093368;338619000;403532001;353589000;563280700,215282000;219608000;273267690;636022522;636093368;338619000;403532001;353589000;563280700,101;270;1436;2629;2760;1697;1902;1802;2307,101;270;1436;2629;2760;1697;1902;1802;2307
380,667002260,1,FOR_ORDERS,318.020277778,303.231666667,303.231666667,303.231666667,303.228888889,303.228888889,destination,destination,1,179,177,273271070;352002243;273276260;352004593;431048000;241689000;241745000;461000370;273277840,273271070;352002243;273276260;352004593;431048000;241689000;241745000;461000370;273277840,1403;1690;1407;1729;1853;415;419;1883;1414,1403;1690;1407;1729;1853;415;419;1883;1414
381,667002373,2,TEXT:W AFRICA,-128.244166667,2.93777777778,5.45166666667,51.4602777778,53.4772222222,53.4772222222,destination_fallback_global,destination_fallback_global,1,2790,278,255915759;305690000;538009052;311001060;352003495;232062004;249742000;538090701;314001113,255915759;305690000;538009052;311001060;352003495;232062004;249742000;538090701;314001113,1201;1504;2107;1576;1733;394;1101;2234;1621,1201;1504;2107;1576;1733;394;1101;2234;1621
382,671500100,2,TEXT:FOR ORD,101.826388889,76.2652777778,81.0472222222,75.9841666667,80.2702777778,80.2702777778,destination_fallback_global,destination_fallback_global,1,2790,404,636022522;236623000;636093132;319301000;428002000;677089900;636019542;636021781;636011638,636022522;236623000;636093132;319301000;428002000;677089900;636019542;636021781;636011638,2629;425;2741;1694;1921;2789;2471;2607;2411,2629;425;2741;1694;1921;2789;2471;2607;2411
383,671562100,4,TEXT:SHENGJIN,40.6058333333,44.5888888889,54.7930555556,55.1116666667,59.1297222222,59.1297222222,destination_fallback_global,destination_fallback_global,1,2603,238,230723000;255915683;636013095;268251804;312120000;256286000;247313600;247530400;255915693,230723000;255915683;636013095;268251804;312120000;256286000;247313600;247530400;255915693,305;1146;2233;1343;1533;1264;727;981;1147,305;1146;2233;1343;1533;1264;727;981;1147
384,672296000,2,TNBIZ,42.2341666667,52.2075,51.4602777778,33.0186111111,34.0269444444,14.8836111111,destination_fallback_global,destination_fallback_global,0.666666666667,2790,363,314001113;210627000;247282600;271051063;247069600;309467000;305690000;229412000;244090800,210627000;247282600;271051063;309467000;229412000;244090800;215054000;232061535;215481000,1623;2;717;1391;573;1508;1506;320;539,2;717;1391;1508;320;539;51;376;105
385,677089900,0,TRIST,85.1122222222,87.4213888889,80.7813888889,76.2652777778,82.2705555556,82.2705555556,destination_fallback_global,destination_fallback_global,1,2628,337,667001639;671500100;275497000;256251000;636021781;247104500;256812000;314900000;215178000,667001639;671500100;275497000;256251000;636021781;247104500;256812000;314900000;215178000,2577;2616;1282;1114;2450;473;1153;1522;72,2577;2616;1282;1114;2450;473;1153;1522;72
