mmsi,target_tte_h,m16a_outer_fold,pred_m17d_expert_prior_h,pred_m17d_expert_route_h,pred_m17d_expert_physics_gate_h,pred_m17d_expert_tabular_h,pred_m17d_expert_learned_retrieval_h,pred_m17d_expert_corridor_graph_gate_h,pred_m17d_selected_h,m17d_selected_meta_id,m17d_selected_expert,pred_m16g_frozen_h,pred_m17d_median_blend_h,pred_m17d_mean_blend_h,pred_m17d_nnls_convex_h,pred_m17d_rf_hard_gate_h,pred_m17d_extra_trees_hard_gate_h,pred_m17d_hist_gb_hard_gate_h,pred_m17d_logit_soft_gate_h
210627000,-20.6094444444,1,-31.3823036859,-166.650833333,-166.650833333,-96.3973426829,-120.646388889,-166.650833333,-31.3823036859,hist_gb_hard_gate,prior,-131.524088008,-143.648611111,-124.729755876,-96.3973426829,-31.3823036859,-166.650833333,-31.3823036859,-96.0452987695
210688000,54.3475,4,44.9947106481,-79.6436111111,-79.6436111111,-10.8372308792,-12.6144444444,-79.6436111111,4.79992335799,logit_soft_gate,SOFT:prior,44.9947106481,-46.1290277777,-36.2312996681,-74.6003333672,44.9947106481,44.9947106481,44.9947106481,4.79992335799
212690000,-0.651944444444,3,-43.2463237311,-36.7822222222,-36.7822222222,-62.768948114,-36.7822222222,-36.7822222222,-62.768948114,hist_gb_hard_gate,tabular,-62.768948114,-36.7822222222,-42.1906934556,-42.6279506965,-62.768948114,-62.768948114,-62.768948114,-49.2030141079
215035000,43.6044444444,1,49.502962963,55.1116666667,35.2951260601,37.841103372,55.1116666667,35.2951260601,35.2951260601,hist_gb_hard_gate,physics_gate,43.6720331675,43.6720331675,44.6929419648,37.841103372,35.2951260601,35.2951260601,35.2951260601,39.122212081
215054000,12.3469444444,3,-29.9980555556,-186.653611111,-186.653611111,-61.8418667344,-186.653611111,-186.653611111,-61.8418667344,hist_gb_hard_gate,tabular,-61.8418667344,-186.653611111,-139.742394456,-44.9841400322,-61.8418667344,-61.8418667344,-61.8418667344,-95.090847476
215178000,84.3366666667,4,48.3297222222,75.5544444444,75.5544444444,72.1630975698,74.6733333333,75.5544444444,68.1700950129,logit_soft_gate,SOFT:learned_retrieval,75.5544444444,75.1138888888,70.3049144097,74.5103851462,75.5544444444,74.6733333333,75.5544444444,68.1700950129
215232000,-100.135833333,0,27.7754306377,-17.3619444444,-17.3619444444,-49.7908939555,-17.3619444444,-17.3619444444,-17.21289672,logit_soft_gate,SOFT:route,-17.3619444444,-17.3619444444,-15.2438735159,-49.7908939555,-17.3619444444,-17.3619444444,-17.3619444444,-17.21289672
215270000,69.0805555556,2,49.8680555556,64.7330555556,64.7330555556,57.7033505565,83.8008333333,64.7330555556,83.8008333333,extra_trees_hard_gate,learned_retrieval,49.8680555556,64.7330555556,64.2619010187,80.8046689901,64.7330555556,83.8008333333,83.8008333333,64.3084265006
215282000,64.0183333333,1,59.2457239057,60.2488888889,65.0885056982,46.5426968022,66.6188888889,65.0885056982,65.0885056982,hist_gb_hard_gate,physics_gate,59.7473063973,62.6686972935,60.472201647,46.5426968022,65.0885056982,65.0885056982,65.0885056982,62.8939475161
215481000,97.6213888889,4,85.222142481,74.8519444444,98.8652680464,30.8677721304,79.0844444444,98.8652680464,98.864025051,logit_soft_gate,SOFT:corridor_graph_gate,98.8652680464,82.1532934627,77.9594732655,75.0257765025,98.8652680464,98.8652680464,98.8652680464,98.864025051
215498000,-117.643055556,0,-130.83350823,-163.314166667,-163.314166667,-115.024638651,-186.653611111,-163.314166667,-141.648295894,logit_soft_gate,SOFT:tabular,-163.314166667,-163.314166667,-153.742376332,-115.024638651,-186.653611111,-115.024638651,-186.653611111,-141.648295894
215826000,70.8777777778,0,50.8336111111,27.3138888889,27.3138888889,43.1141582224,-15.3402777778,27.3138888889,28.596013526,logit_soft_gate,SOFT:prior,50.8336111111,27.3138888889,26.7581930371,43.1141582224,-15.3402777778,-15.3402777778,-15.3402777778,28.596013526
215867000,61.9911111111,4,-425.21038966,68.9125,62.4724017845,39.4214156566,23.0305555556,62.4724017845,62.4764230124,logit_soft_gate,SOFT:corridor_graph_gate,62.4724017845,50.9469087205,-28.1501858131,50.1215693715,62.4724017845,62.4724017845,23.0305555556,62.4764230124
215909000,9.765,2,49.8680555556,18.4938888889,18.4938888889,2.94036974395,18.4938888889,18.4938888889,18.4938888889,extra_trees_hard_gate,route,18.4938888889,18.4938888889,21.1306634759,20.9814606877,18.4938888889,18.4938888889,49.8680555556,24.2833375456
215958000,27.3138888889,4,48.3297222222,18.5783333333,18.5783333333,41.3783168742,23.0305555556,18.5783333333,32.6323663554,logit_soft_gate,SOFT:prior,18.5783333333,20.8044444444,28.078932442,19.8136969727,23.0305555556,23.0305555556,23.0305555556,32.6323663554
215993000,22.0844444444,4,48.3297222222,54.7930555556,54.7930555556,43.5759985797,19.2561111111,54.7930555556,42.3997278581,logit_soft_gate,SOFT:prior,54.7930555556,51.5613888889,45.9234997633,54.4937082663,54.7930555556,54.7930555556,54.7930555556,42.3997278581
219028212,78.6966666667,1,46.6986111111,52.7094444444,52.7094444444,52.382529704,52.7094444444,52.7094444444,46.6986111111,hist_gb_hard_gate,prior,52.5459870742,52.7094444444,51.6531530988,52.382529704,46.6986111111,46.6986111111,46.6986111111,51.1492192079
219031822,9.26722222222,1,258.44900463,21.2675,21.2675,51.8573788927,21.2675,21.2675,258.44900463,hist_gb_hard_gate,prior,36.5624394463,21.2675,65.8960639204,51.8573788927,21.2675,21.2675,258.44900463,117.68691222
219110000,175.056111111,1,46.6986111111,57.5136111111,57.5136111111,130.902612796,81.3805555556,57.5136111111,57.5136111111,hist_gb_hard_gate,route,57.5136111111,57.5136111111,71.920435466,130.902612796,81.3805555556,130.902612796,57.5136111111,94.0896630625
219133000,58.2141666667,2,49.8680555556,52.7875,52.7875,47.5232187395,50.7580555556,52.7875,49.8680555556,extra_trees_hard_gate,prior,52.7875,51.7727777778,51.0853049751,50.7200294211,49.8680555556,49.8680555556,49.8680555556,50.3147615699
219210000,692.941388889,0,50.8336111111,301.943611111,301.943611111,169.070882942,175.056111111,301.943611111,169.55368559,logit_soft_gate,SOFT:learned_retrieval,301.943611111,238.499861111,216.798573083,169.070882942,175.056111111,175.056111111,301.943611111,169.55368559
219303000,1.77916666667,0,50.8336111111,40.9797222222,5.05277716038,15.632700641,38.3283333333,5.05277716038,15.4093953077,logit_soft_gate,SOFT:physics_gate,5.05277716038,26.9805169872,25.9799869381,15.632700641,5.05277716038,5.05277716038,40.9797222222,15.4093953077
219432000,-79.6436111111,0,-23.1539699644,-36.7822222222,-36.7822222222,-98.3491534216,-166.650833333,-36.7822222222,-48.7686873824,logit_soft_gate,SOFT:route,-36.7822222222,-36.7822222222,-66.4167705643,-98.3491534216,-166.650833333,-98.3491534216,-166.650833333,-48.7686873824
219550000,6.19583333333,2,30.8468811714,92.2597222222,92.2597222222,79.9594887292,3.58555555556,92.2597222222,3.58555555556,extra_trees_hard_gate,learned_retrieval,30.8468811714,86.1096054757,65.1951820205,7.16880756692,3.58555555556,3.58555555556,3.58555555556,41.2764990551
219608000,41.2513888889,0,56.8700231481,60.2488888889,44.1185332069,53.0630249468,60.2488888889,44.1185332069,44.1209741188,logit_soft_gate,SOFT:corridor_graph_gate,44.1185332069,54.9665240475,53.1113153811,53.0630249468,44.1185332069,44.1185332069,44.1185332069,44.1209741188
228481700,57.5136111111,3,77.0214790099,83.1661111111,58.1809699039,133.69785552,83.1661111111,58.1809699039,58.1809699039,hist_gb_hard_gate,physics_gate,58.1809699039,80.0937950605,82.23558276,77.6092907566,58.1809699039,58.1809699039,58.1809699039,58.1809708433
229331000,1.55583333333,1,-152.685858586,2.26111111111,5.98566811361,9.63140425888,2.26111111111,4.33917554959,2.26111111111,hist_gb_hard_gate,route,4.12338961236,3.30014333035,-21.3678980736,9.63140425888,4.33917554959,4.33917554959,2.26111111111,-11.2942317318
229370000,65.5713888889,3,48.3297222222,59.5738888889,59.5738888889,37.3900526433,59.7291666667,59.5738888889,59.5738888889,hist_gb_hard_gate,route,59.5738888889,59.5738888889,54.0284346998,49.4202232059,59.7291666667,59.7291666667,59.5738888889,50.9016255395
229412000,68.0102777778,1,46.6986111111,65.3591666667,65.3591666667,67.8663065458,25.0463888889,65.3591666667,65.3591666667,hist_gb_hard_gate,route,65.3591666667,65.3591666667,55.9481344243,67.8663065458,25.0463888889,25.0463888889,65.3591666667,51.6072255637
229456000,85.9019444444,0,70.3793142361,82.6511111111,88.3558926546,74.9296746001,82.6511111111,88.3558926546,88.3558909675,logit_soft_gate,SOFT:corridor_graph_gate,88.3558926546,82.6511111111,81.2204993946,74.9296746001,88.3558926546,88.3558926546,88.3558926546,88.3558909675
229471000,256.149722222,0,1001.08144642,2378.25222222,2378.25222222,88.3597981434,2378.25222222,2378.25222222,2377.91600163,logit_soft_gate,SOFT:learned_retrieval,88.3597981434,2378.25222222,1767.07502224,88.3597981434,88.3597981434,2378.25222222,88.3597981434,2377.91600163
229548000,-3047.71833333,0,51.6229205247,232.388333333,49.9563422215,94.7054169309,232.388333333,49.9563422215,49.9563518434,logit_soft_gate,SOFT:corridor_graph_gate,49.9563422215,73.1641687278,118.502948094,94.7054169309,49.9563422215,49.9563422215,49.9563422215,49.9563518434
229648000,68.2094444444,1,46.6986111111,90.5836111111,90.5836111111,98.4702320804,81.3805555556,90.5836111111,98.4702320804,hist_gb_hard_gate,tabular,90.5836111111,90.5836111111,83.0500386801,98.4702320804,98.4702320804,98.4702320804,98.4702320804,84.8931420193
230723000,37.9788888889,2,49.8680555556,45.8775,45.8775,43.0982963921,45.8775,45.8775,49.8680555556,extra_trees_hard_gate,prior,49.8680555556,45.8775,46.0793919913,46.1939002272,43.0982963921,49.8680555556,49.8680555556,45.9325638671
232012490,205.648333333,0,50.8336111111,72.7880555556,72.7880555556,99.9887688328,85.6202777778,72.7880555556,77.9035420126,logit_soft_gate,SOFT:learned_retrieval,99.9887688328,72.7880555556,75.8011373981,99.9887688328,99.9887688328,99.9887688328,85.6202777778,77.9035420126
232026551,26.8955555556,0,50.8336111111,54.0591666667,54.0591666667,47.4186387122,54.0591666667,54.0591666667,51.7092524797,logit_soft_gate,SOFT:learned_retrieval,50.8336111111,54.0591666667,52.414819415,47.4186387122,47.4186387122,54.0591666667,54.0591666667,51.7092524797
232058998,85.6202777778,3,81.5162195276,81.3805555556,87.078356905,87.9243211261,84.0602777778,87.078356905,87.078356905,hist_gb_hard_gate,physics_gate,87.078356905,85.5693173414,84.8396812995,81.7595908636,87.078356905,87.078356905,87.078356905,87.0783564523
232061535,4.87833333333,0,19.6237981859,3.88861111111,4.33229027834,4.08990457196,3.88861111111,3.92739153574,4.60796919742,logit_soft_gate,SOFT:corridor_graph_gate,4.33229027834,4.00864805385,6.62510113236,4.08990457196,3.92739153574,3.92739153574,3.88861111111,4.60796919742
232062004,290.709722222,0,50.8336111111,230.653333333,230.653333333,106.79576367,115.341388889,230.653333333,116.207251791,logit_soft_gate,SOFT:learned_retrieval,230.653333333,172.997361111,160.821793945,106.79576367,50.8336111111,115.341388889,115.341388889,116.207251791
232063279,502.520555556,3,48.3297222222,303.231666667,303.231666667,231.880210286,95.2236111111,303.231666667,48.3297222222,hist_gb_hard_gate,prior,303.231666667,267.555938476,214.188090603,52.8157155713,48.3297222222,48.3297222222,48.3297222222,182.82923486
235010170,27.5930555556,4,48.3297222222,34.4072222222,34.4072222222,60.3967925912,34.4072222222,34.4072222222,43.8313192797,logit_soft_gate,SOFT:learned_retrieval,34.4072222222,34.4072222222,41.0592339504,35.0610728713,48.3297222222,48.3297222222,48.3297222222,43.8313192797
236623000,38.715,0,272.870095568,232.388333333,232.388333333,38.3047745097,18.7561111111,232.388333333,188.111623725,logit_soft_gate,SOFT:prior,38.3047745097,232.388333333,171.182663531,38.3047745097,38.3047745097,38.3047745097,38.3047745097,188.111623725
238066000,30.7016666667,0,49.5396682099,72.305,72.305,48.1528188912,52.7094444444,72.305,54.6079252716,logit_soft_gate,SOFT:prior,49.5396682099,62.5072222222,61.2194885909,48.1528188912,49.5396682099,49.5396682099,48.1528188912,54.6079252716
240544000,50.1938888889,1,46.6986111111,40.7847222222,40.7847222222,40.0506924893,59.8719444444,40.7847222222,59.8719444444,hist_gb_hard_gate,learned_retrieval,40.7847222222,40.7847222222,44.8292357852,40.0506924893,59.8719444444,59.8719444444,59.8719444444,47.8660629234
240633000,115.341388889,3,81.5162195276,84.0602777778,96.3095729183,104.510683015,91.9708333333,96.3095729183,84.0602777778,hist_gb_hard_gate,route,96.3095729183,94.1402031258,92.4461932484,82.5163355152,96.3095729183,96.3095729183,84.0602777778,96.3095722754
240788000,40.0636111111,2,49.8680555556,25.8052777778,25.8052777778,47.0378301592,27.3138888889,25.8052777778,49.8680555556,extra_trees_hard_gate,prior,49.8680555556,26.5595833333,33.6059346562,29.0779583921,25.8052777778,49.8680555556,27.3138888889,39.4514044184
240878000,428.973333333,4,115.240189356,69.0719444444,69.0719444444,112.773011165,314.258055556,69.0719444444,178.509129281,logit_soft_gate,SOFT:learned_retrieval,112.773011165,90.9224778047,124.914514902,71.0301207475,314.258055556,112.773011165,314.258055556,178.509129281
240893000,298.963611111,3,48.3297222222,10.1502777778,10.1502777778,45.1804828019,18.4938888889,10.1502777778,48.3297222222,hist_gb_hard_gate,prior,48.3297222222,14.3220833333,23.7424878744,45.475547551,18.4938888889,10.1502777778,48.3297222222,29.3475285696
240942000,18.4938888889,1,36.437962963,15.9166666667,19.1043980184,28.9268520378,15.9166666667,19.1043980184,19.1043980184,hist_gb_hard_gate,physics_gate,24.0156250281,19.1043980184,22.5678240618,28.9268520378,19.1043980184,19.1043980184,19.1043980184,26.5859976394
241287000,390.611388889,0,272.870095568,-5.65111111111,-5.65111111111,72.2047442043,232.388333333,-5.65111111111,116.097232102,logit_soft_gate,SOFT:tabular,-5.65111111111,33.2768165466,93.4183066287,72.2047442043,232.388333333,72.2047442043,-5.65111111111,116.097232102
241298000,40.9797222222,4,48.3297222222,34.4177777778,34.4177777778,50.2084751372,35.1477777778,34.4177777778,41.5851716481,logit_soft_gate,SOFT:route,34.4177777778,34.7827777778,39.4898847451,35.0208030077,34.4177777778,34.4177777778,34.4177777778,41.5851716481
241618000,175.416666667,1,46.6986111111,95.2236111111,95.2236111111,92.4543893715,95.2236111111,95.2236111111,92.4543893715,hist_gb_hard_gate,tabular,93.8390002413,95.2236111111,86.6745741545,92.4543893715,92.4543893715,92.4543893715,92.4543893715,86.5944358683
241689000,232.388333333,2,75.2653230481,84.285,84.285,170.472201393,274.720555556,84.285,274.720555556,extra_trees_hard_gate,learned_retrieval,170.472201393,84.285,128.885513333,255.852907106,274.720555556,274.720555556,274.720555556,171.142571925
241745000,48.4636111111,0,272.870095568,303.231666667,303.231666667,164.166401438,301.943611111,303.231666667,268.151799001,logit_soft_gate,SOFT:route,164.166401438,302.587638889,274.779184686,164.166401438,272.870095568,303.231666667,303.231666667,268.151799001
241751000,32.6686111111,4,45.8294714506,16.4616666667,16.4616666667,62.1515846818,79.1775,16.4616666667,52.3341793095,logit_soft_gate,SOFT:tabular,45.8294714506,31.1455690587,39.4239260221,17.795732802,79.1775,79.1775,79.1775,52.3341793095
241859000,42.1702777778,1,46.6986111111,22.0844444444,22.0844444444,25.9742501217,17.0086111111,22.0844444444,17.0086111111,hist_gb_hard_gate,learned_retrieval,24.0293472831,22.0844444444,25.9891342795,25.9742501217,22.0844444444,22.0844444444,17.0086111111,27.7580654546
241929000,91.735,2,49.8680555556,47.5175,47.5175,103.236229976,121.9675,47.5175,103.236229976,extra_trees_hard_gate,tabular,103.236229976,48.6927777778,69.6040475886,115.057222479,47.5175,103.236229976,121.9675,80.3208054653
241953000,26.4461111111,3,48.3297222222,48.3297222222,24.7714035819,74.061655628,52.7094444444,24.7714035819,24.7714035819,hist_gb_hard_gate,physics_gate,24.7714035819,48.3297222222,45.4955586134,48.7486980253,24.7714035819,24.7714035819,24.7714035819,48.5649204706
242494400,-3043.85944444,4,16.6949021465,2.26111111111,4.29654521872,16.9139822447,2.26111111111,5.16342039136,3.39582677773,logit_soft_gate,SOFT:route,2.26111111111,4.72998280504,7.93184537058,2.87820172915,5.16342039136,5.16342039136,2.26111111111,3.39582677773
244090800,33.0186111111,3,48.3297222222,25.8052777778,25.8052777778,40.8191837045,25.0463888889,25.8052777778,25.8052777778,hist_gb_hard_gate,route,25.8052777778,25.8052777778,31.9351880248,46.1023770189,25.8052777778,48.3297222222,25.8052777778,35.8908547529
244865000,54.1683333333,1,46.6986111111,104.6475,104.6475,84.0824000025,230.653333333,104.6475,104.6475,hist_gb_hard_gate,route,94.3649500012,104.6475,112.562807408,84.0824000025,84.0824000025,230.653333333,104.6475,144.199484647
245278000,230.653333333,2,49.8680555556,121.198611111,121.198611111,122.614075495,85.6202777778,121.198611111,122.614075495,extra_trees_hard_gate,tabular,122.614075495,121.198611111,103.616373694,83.3560347164,122.614075495,122.614075495,122.614075495,98.2175949742
246518000,18.9361111111,1,36.437962963,15.9166666667,25.9893964355,57.4310211896,15.9166666667,25.9893964355,25.9893964355,hist_gb_hard_gate,physics_gate,31.2136796993,25.9893964355,29.6135183928,57.4310211896,25.9893964355,25.9893964355,25.9893964355,28.8118682487
247018700,47.5175,4,147.096278345,38.715,38.715,36.1887100981,38.715,38.715,41.0099918308,logit_soft_gate,SOFT:tabular,36.1887100981,38.715,56.3574980739,42.7921424085,36.1887100981,36.1887100981,38.715,41.0099918308
247045300,10.7030555556,4,48.3297222222,18.5783333333,9.44820488809,-22.3163506523,21.2675,9.44820488809,10.0419741533,logit_soft_gate,SOFT:physics_gate,9.44820488809,14.0132691107,14.1259357799,19.4987662408,9.44820488809,9.44820488809,9.44820488809,10.0419741533
247055200,30.1,2,49.8680555556,21.2675,29.0959989029,-8.91186369684,44.5888888889,29.0959989029,29.0959989029,extra_trees_hard_gate,physics_gate,29.0959989029,29.0959989029,27.5007630922,44.6335311122,29.0959989029,29.0959989029,29.0959989029,4.60818299583
247069600,27.925,1,46.6986111111,104.6475,104.6475,74.2067681812,230.653333333,104.6475,104.6475,hist_gb_hard_gate,route,89.4271340906,104.6475,110.916868771,74.2067681812,74.2067681812,230.653333333,104.6475,134.097958276
247077700,-595.088611111,4,-61.0168974359,-136.652222222,2.57409048802,-38.9628149763,-82.5058333333,2.8528130787,2.85281307865,logit_soft_gate,SOFT:corridor_graph_gate,2.57409048802,-49.9898562061,-52.2851440668,-133.315203195,2.8528130787,2.8528130787,-38.9628149763,2.85281307865
247095300,42.1283333333,0,54.8001345486,59.5738888889,39.483656691,36.6631932149,59.5738888889,39.483656691,39.4826795455,logit_soft_gate,SOFT:corridor_graph_gate,39.483656691,47.1418956198,48.2630698205,36.6631932149,39.483656691,39.483656691,39.483656691,39.4826795455
247100900,-136.652222222,0,-154.553343731,-201.613888889,-201.613888889,-50.4281200515,-20.6094444444,-201.613888889,-86.2905443458,logit_soft_gate,SOFT:tabular,-201.613888889,-178.08361631,-138.405429149,-50.4281200515,-201.613888889,-50.4281200515,-50.4281200515,-86.2905443458
247101700,-2010.43222222,4,-76.3641267248,-139.610277778,3.27045196388,-36.9810807711,-125.627222222,1.08049378746,-6.67285102911,logit_soft_gate,SOFT:corridor_graph_gate,-139.610277778,-56.6726037479,-62.3719602908,-136.716324677,1.08049378746,1.08049378746,-139.610277778,-6.67285102911
247104500,30.8516666667,3,48.3297222222,49.2836111111,28.9754880499,41.2160911248,49.2836111111,28.9754880499,28.9754880499,hist_gb_hard_gate,physics_gate,28.9754880499,44.7729066735,41.0106686115,48.4209737544,28.9754880499,28.9754880499,28.9754880499,32.7055224275
247131100,-201.613888889,3,-78.8541901822,-36.7822222222,-36.7822222222,-45.0754026846,-79.6436111111,-36.7822222222,-45.0754026846,hist_gb_hard_gate,tabular,-45.0754026846,-40.9288124534,-52.3199784407,-78.9297082747,-45.0754026846,-45.0754026846,-45.0754026846,-56.07739774
247144750,-2424.53972222,4,-1447.85333508,-2395.48805556,-2395.48805556,27.0721601474,-2395.48805556,-2395.48805556,-2193.30585674,logit_soft_gate,SOFT:route,-2395.48805556,-2395.48805556,-1833.78889953,-2347.7521709,27.0721601474,27.0721601474,-2395.48805556,-2193.30585674
247147120,-2422.87055556,2,49.8680555556,-163.314166667,-163.314166667,49.3557938849,-5.65111111111,-163.314166667,49.8680555556,extra_trees_hard_gate,prior,49.8680555556,-84.4826388891,-66.0616269453,-3.77707250473,49.8680555556,49.8680555556,49.8680555556,-31.9095705642
247153450,2378.25222222,4,133.179308021,256.149722222,256.149722222,42.7396940584,9.26722222222,256.149722222,179.999784229,logit_soft_gate,SOFT:route,42.7396940584,194.664515121,158.939231828,250.454405312,42.7396940584,256.149722222,256.149722222,179.999784229
247176900,23.0305555556,3,48.3297222222,-17.4319444444,-17.4319444444,-15.4762629936,-117.643055556,-17.4319444444,48.3297222222,hist_gb_hard_gate,prior,48.3297222222,-17.4319444444,-22.8475716101,32.4523276428,48.3297222222,48.3297222222,48.3297222222,-7.8203930608
247219700,15.9166666667,3,28.8805613226,18.4938888889,18.5401119103,6.41742580972,18.4938888889,18.5401119103,18.5401119103,hist_gb_hard_gate,physics_gate,18.5401119103,18.5170003996,18.2276647885,27.8869447862,18.5401119103,18.5401119103,18.5401119103,18.5398328621
247231200,2885.25,4,48.3297222222,54.1683333333,54.1683333333,73.9179513478,90.6488888889,54.1683333333,71.053056416,logit_soft_gate,SOFT:learned_retrieval,73.9179513478,54.1683333333,62.5669270765,54.0456702167,90.6488888889,90.6488888889,90.6488888889,71.053056416
247241800,-10.6105555556,0,27.7754306377,-5.64222222222,-5.64222222222,-51.4260036722,-5.64222222222,-5.64222222222,-11.528364011,logit_soft_gate,SOFT:route,-5.64222222222,-5.64222222222,-7.7032436539,-51.4260036722,-5.64222222222,-5.64222222222,-51.4260036722,-11.528364011
247268300,229.347777778,4,-471.171865754,-62.65,-62.65,-70.8730648893,-79.6436111111,-62.65,-101.958909477,logit_soft_gate,SOFT:tabular,-70.8730648893,-66.7615324447,-134.939756959,-78.105724775,-70.8730648893,-70.8730648893,-70.8730648893,-101.958909477
247278300,3786.35444444,1,258.44900463,-120.646388889,-120.646388889,-39.1143489197,-125.627222222,-120.646388889,-39.1143489197,hist_gb_hard_gate,tabular,-79.8803689043,-120.646388889,-44.7052888631,-39.1143489197,258.44900463,258.44900463,-39.1143489197,64.2682176155
247282600,-2.3475,3,-55.0081391385,-79.6436111111,2.31209655775,-42.7545371182,-76.6530555556,1.46756039824,1.46756039824,hist_gb_hard_gate,corridor_graph_gate,2.31209655775,-48.8813381283,-41.7132809946,-57.0787490493,1.46756039824,1.46756039824,1.46756039824,-71.0940428486
247296500,40.4125,2,49.8680555556,11.9872222222,11.9872222222,25.6184107314,-0.993888888889,11.9872222222,11.9872222222,extra_trees_hard_gate,route,49.8680555556,11.9872222222,18.4090406775,3.24695087613,11.9872222222,11.9872222222,-0.993888888889,22.9115608679
247298300,-393.143611111,3,-78.8541901822,-62.65,-62.65,-74.2425433254,-76.6530555556,-62.65,-74.2425433254,hist_gb_hard_gate,tabular,-78.8541901822,-68.4462716627,-69.6166315105,-78.6436238263,-74.2425433254,-74.2425433254,-74.2425433254,-73.1254579712
247305480,-2525.77555556,2,49.8680555556,-100.135833333,-100.135833333,29.6316440045,-17.4319444444,-100.135833333,49.8680555556,extra_trees_hard_gate,prior,49.8680555556,-58.7838888887,-39.7232908139,-13.4219620583,-100.135833333,49.8680555556,-100.135833333,-17.7964989524
247306670,-2395.48805556,1,-1066.53303724,-2424.53972222,-2424.53972222,56.196056535,-2422.87055556,-2424.53972222,56.196056535,hist_gb_hard_gate,tabular,-1745.53637973,-2423.70513889,-1784.47111715,56.196056535,-1066.53303724,-2424.53972222,56.196056535,53.5989499933
247310200,25.0463888889,2,49.8680555556,10.1502777778,10.1502777778,68.1456507505,68.0102777778,10.1502777778,10.1502777778,extra_trees_hard_gate,route,10.1502777778,30.0091666667,36.0791362362,65.6441200129,10.1502777778,10.1502777778,10.1502777778,40.6848234223
247313600,54.7930555556,2,49.8680555556,22.0844444444,22.0844444444,39.0422938494,55.1116666667,22.0844444444,22.0844444444,extra_trees_hard_gate,route,22.0844444444,30.5633691469,35.0458915675,54.1663660983,22.0844444444,22.0844444444,22.0844444444,38.3860557858
247319800,11.9872222222,0,50.8336111111,18.9361111111,18.9361111111,25.3130431985,11.9605555556,18.9361111111,30.5470793512,logit_soft_gate,SOFT:prior,50.8336111111,18.9361111111,24.1525905331,25.3130431985,11.9605555556,50.8336111111,50.8336111111,30.5470793512
247324900,11.9605555556,2,49.8680555556,10.1502777778,10.1502777778,54.542496724,10.7030555556,10.1502777778,10.1502777778,extra_trees_hard_gate,route,10.1502777778,10.4266666667,24.2607401948,13.7994781244,10.1502777778,10.1502777778,10.1502777778,30.4831820284
247333600,4084.76305556,4,-61.0168974359,-62.65,-62.65,-79.1950089293,-62.65,-62.65,-69.2308802022,logit_soft_gate,SOFT:tabular,-62.65,-62.65,-65.1353177275,-62.6701817318,-79.1950089293,-79.1950089293,-62.65,-69.2308802022
247343900,-2457.65333333,2,-65.3041984127,-20.6094444444,-20.6094444444,-108.749118616,-20.6094444444,-20.6094444444,-108.749118616,extra_trees_hard_gate,tabular,-108.749118616,-20.6094444444,-42.748515801,-24.1531691497,-108.749118616,-108.749118616,-108.749118616,-53.8379453324
247349400,-648.636388889,0,27.7754306377,-17.3619444444,-17.3619444444,-48.6712315586,-5.64222222222,-17.3619444444,-9.71331127059,logit_soft_gate,SOFT:route,-17.3619444444,-17.3619444444,-13.1039760794,-48.6712315586,-5.64222222222,-17.3619444444,-17.3619444444,-9.71331127059
247351700,4051.84972222,4,-61.0168974359,-201.613888889,-201.613888889,-76.3259472777,-166.650833333,-201.613888889,-130.20333339,logit_soft_gate,SOFT:tabular,-201.613888889,-184.132361111,-151.472557452,-195.689164119,-76.3259472777,-76.3259472777,-201.613888889,-130.20333339
247355500,21.2675,0,50.8336111111,15.9166666667,15.9166666667,33.5524395759,15.9166666667,15.9166666667,28.557992191,logit_soft_gate,SOFT:learned_retrieval,50.8336111111,15.9166666667,24.6754528923,33.5524395759,15.9166666667,50.8336111111,33.5524395759,28.557992191
247362500,-1851.15305556,2,49.8680555556,-5.65111111111,-5.65111111111,-33.1871443575,10.5536111111,-5.65111111111,-5.65111111111,extra_trees_hard_gate,route,49.8680555556,-5.65111111111,1.71353149598,13.4109239387,-5.65111111111,-5.65111111111,10.5536111111,7.98749437797
247382800,-2281.43333333,0,-90.2326851852,-163.314166667,2.97894945733,-43.5342513036,-139.610277778,0.681418658967,-95.7356843288,logit_soft_gate,SOFT:learned_retrieval,2.97894945733,-66.8834682444,-72.1718354696,-43.5342513036,0.681418658967,0.681418658967,-163.314166667,-95.7356843288
247383400,32.5116666667,4,46.5543464052,44.5888888889,44.5888888889,3.09306889167,44.5888888889,44.5888888889,24.8682577601,logit_soft_gate,SOFT:tabular,44.5888888889,44.5888888889,38.0004951421,44.4578818326,3.09306889167,3.09306889167,3.09306889167,24.8682577601
247392600,15.5044444444,2,37.1487606838,26.3880555556,14.6579045065,33.0820593585,18.4938888889,14.6579045065,14.6579045065,extra_trees_hard_gate,physics_gate,14.6579045065,22.4409722223,24.0714289166,20.0995554133,14.6579045065,14.6579045065,14.6579045065,31.5322230499
247407900,1902.665,2,49.8680555556,-20.6094444444,-20.6094444444,38.0203892218,-20.6094444444,-20.6094444444,49.8680555556,extra_trees_hard_gate,prior,49.8680555556,-20.6094444444,0.908444499967,-15.0214763779,49.8680555556,49.8680555556,-20.6094444444,9.79308893248
247408700,-120.646388889,4,-61.0168974359,-79.6436111111,-79.6436111111,-112.484065907,-166.650833333,-79.6436111111,-107.312728744,logit_soft_gate,SOFT:tabular,-79.6436111111,-79.6436111111,-96.5137716682,-79.1031308678,-61.0168974359,-112.484065907,-61.0168974359,-107.312728744
247415100,-174.649444444,0,27.7754306377,-5.64222222222,-5.64222222222,-61.2787890246,-5.64222222222,-5.64222222222,-10.2827500909,logit_soft_gate,SOFT:route,-5.64222222222,-5.64222222222,-9.34537454596,-61.2787890246,-61.2787890246,-5.64222222222,-61.2787890246,-10.2827500909
247415600,18.5783333333,2,49.8680555556,21.2675,21.2675,1.98675776261,15.9166666667,21.2675,21.2675,extra_trees_hard_gate,route,49.8680555556,21.2675,21.9289966642,18.6943730861,49.8680555556,21.2675,49.8680555556,23.2471704574
247425900,-1542.90277778,3,-99.1149539863,-36.7822222222,-36.7822222222,-99.6389181553,-62.65,-36.7822222222,-62.65,hist_gb_hard_gate,learned_retrieval,-99.6389181553,-49.7161111111,-61.9584231347,-95.6266201131,-99.6389181553,-99.1149539863,-62.65,-82.7617471652
247426100,-166.650833333,2,-65.3041984127,-80.6244444444,-80.6244444444,-125.993722048,-20.6094444444,-80.6244444444,-125.993722048,extra_trees_hard_gate,tabular,-65.3041984127,-80.6244444444,-75.6301163731,-25.115432424,-65.3041984127,-125.993722048,-125.993722048,-71.0776274565
247432200,24.1022222222,0,48.877037037,7.10861111111,7.10861111111,67.6637735414,7.10861111111,7.10861111111,33.7030935781,logit_soft_gate,SOFT:route,7.10861111111,7.10861111111,24.1625425038,67.6637735414,7.10861111111,7.10861111111,7.10861111111,33.7030935781
247453600,-0.8875,2,5.52149243918,15.9166666667,15.9166666667,0.608588522218,-100.135833333,15.9166666667,-100.135833333,extra_trees_hard_gate,learned_retrieval,15.9166666667,10.7190795529,-7.70929206192,-89.8978007181,-100.135833333,-100.135833333,5.52149243918,-31.6397207766
247483800,-3742.03222222,1,46.6986111111,22.0844444444,38.0761731457,39.9676305292,19.2561111111,38.0761731457,38.0761731457,hist_gb_hard_gate,physics_gate,39.0219018375,38.0761731457,34.0265239145,39.9676305292,38.0761731457,38.0761731457,38.0761731457,39.2650380077
247488900,29.5083333333,3,48.3297222222,71.5641666667,71.5641666667,104.239390629,43.8797222222,71.5641666667,104.239390629,hist_gb_hard_gate,tabular,104.239390629,71.5641666667,68.5235558456,47.9040234611,48.3297222222,48.3297222222,104.239390629,72.1968126821
247530400,39.3958333333,0,48.8131481481,44.5888888889,40.1963755407,32.7621305926,46.4047222222,40.1963755407,40.1962107272,logit_soft_gate,SOFT:corridor_graph_gate,40.1963755407,42.3926322148,42.1602734889,32.7621305926,40.1963755407,40.1963755407,40.1963755407,40.1962107272
248089000,26.3880555556,1,46.6986111111,17.4525,17.4525,43.8291218496,17.3766666667,17.4525,17.4525,hist_gb_hard_gate,route,30.6408109248,17.4525,26.7103166046,43.8291218496,17.4525,17.4525,17.4525,31.0300683231
248105000,47.1530555556,1,46.6986111111,19.2561111111,19.2561111111,51.8287535465,19.4041666667,19.2561111111,19.2561111111,hist_gb_hard_gate,route,32.9773611111,19.3301388889,29.2833107763,51.8287535465,19.2561111111,19.2561111111,19.2561111111,33.6877234123
248159000,6.3725,2,49.8680555556,38.3283333333,5.56734303704,19.9331583837,38.3283333333,4.28927346971,4.28927346971,extra_trees_hard_gate,corridor_graph_gate,5.56734303704,29.1307458585,26.0524161854,39.2432863222,4.28927346971,4.28927346971,19.9331583837,16.4765022505
248333000,-27.9525,3,-49.735255144,-80.6244444444,-80.6244444444,-75.694217596,-79.6436111111,-80.6244444444,-75.694217596,hist_gb_hard_gate,tabular,-75.694217596,-80.1340277777,-74.4910695307,-52.596367522,-79.6436111111,-80.6244444444,-75.694217596,-75.8241777426
248422000,-738.6,2,28.8856756272,10.1502777778,6.09667570977,11.49560397,5.33888888889,6.21018642982,6.21018642982,extra_trees_hard_gate,corridor_graph_gate,6.09667570977,8.18023210381,11.3628847339,7.28299358561,6.21018642982,6.21018642982,6.09667570977,8.32330650101
248507000,68.9125,3,59.6306095679,61.9911111111,61.9911111111,16.0150790704,27.3138888889,61.9911111111,27.3138888889,hist_gb_hard_gate,learned_retrieval,59.6306095679,60.8108603395,48.1554851434,56.5391066564,59.6306095679,61.9911111111,27.3138888889,40.9229867219
249004000,43.8797222222,1,46.6986111111,71.5641666667,71.5641666667,53.7407390463,65.5738888889,71.5641666667,46.6986111111,hist_gb_hard_gate,prior,62.6524528565,68.5690277778,63.4509565077,53.7407390463,71.5641666667,46.6986111111,46.6986111111,62.0648479106
249022000,157.519166667,0,97.0928973765,84.285,86.4865151824,104.949734895,6.19583333333,86.4865151824,86.4865151827,logit_soft_gate,SOFT:corridor_graph_gate,86.4865151824,86.4865151824,77.5827493283,104.949734895,86.4865151824,86.4865151824,86.4865151824,86.4865151827
249087000,-17.4319444444,4,-61.0168974359,-393.143611111,-393.143611111,-45.8298315434,-166.650833333,-393.143611111,-152.691154689,logit_soft_gate,SOFT:tabular,-45.8298315434,-279.897222222,-242.154732608,-378.893968977,-166.650833333,-45.8298315434,-45.8298315434,-152.691154689
249146000,-5.64222222222,4,-34.1511419753,-100.135833333,-100.135833333,-56.6769271214,-174.649444444,-100.135833333,-66.0575432055,logit_soft_gate,SOFT:prior,-56.6769271214,-100.135833333,-94.3141689233,-97.4311052923,-56.6769271214,-56.6769271214,-56.6769271214,-66.0575432055
249172000,10.3208333333,3,32.225639382,8.88638888889,12.7292390269,41.4060541846,12.5461111111,12.9508307207,32.225639382,hist_gb_hard_gate,prior,12.7292390269,12.8400348738,20.1240438857,30.3430436957,12.9508307207,12.9508307207,32.225639382,15.1857482061
249281000,-17.3619444444,4,-34.1511419753,-174.649444444,-174.649444444,-52.097184467,-174.649444444,-174.649444444,-92.2373345526,logit_soft_gate,SOFT:prior,-174.649444444,-174.649444444,-130.807684036,-168.741969834,-52.097184467,-52.097184467,-52.097184467,-92.2373345526
249414000,2.26111111111,2,26.6103718638,3.58555555556,4.83729491084,5.12182681577,1.55583333333,4.46925554943,4.46925554943,extra_trees_hard_gate,corridor_graph_gate,4.83729491084,4.65327523013,7.69668967146,3.57488309822,4.46925554943,4.46925554943,1.55583333333,4.15724561221
249433000,81.2930555556,1,62.8411601307,83.1661111111,84.8752894968,70.0273497038,90.6488888889,84.8752894968,84.8752894968,hist_gb_hard_gate,physics_gate,76.5967304074,84.0207003039,79.4056814713,70.0273497038,84.8752894968,84.8752894968,84.8752894968,77.1282684744
249596000,10.1502777778,0,17.176984127,3.93583333333,8.41353819592,5.54066925498,4.225,8.41353819592,5.91932350893,logit_soft_gate,SOFT:tabular,8.41353819592,6.97710372545,7.95092718452,5.54066925498,8.41353819592,8.41353819592,8.41353819592,5.91932350893
249611000,97.4713888889,1,78.6590197957,91.9708333333,86.9865893016,80.6680701951,89.0002777778,86.9865893016,86.9865893016,hist_gb_hard_gate,physics_gate,83.8273297483,86.9865893016,85.7118966175,80.6680701951,86.9865893016,86.9865893016,86.9865893016,83.8471269049
249697000,92.2597222222,1,45.8321296296,56.1919444444,56.1919444444,51.3495330105,74.6733333333,56.1919444444,56.1919444444,hist_gb_hard_gate,route,53.7707387274,56.1919444444,56.7384715511,51.3495330105,74.6733333333,74.6733333333,56.1919444444,56.8942034366
249742000,247.046944444,3,48.3297222222,124.724722222,124.724722222,103.613354203,103.049722222,124.724722222,48.3297222222,hist_gb_hard_gate,prior,103.613354203,114.169038212,104.861160886,53.5643820442,48.3297222222,48.3297222222,48.3297222222,102.323280173
249962000,79.1775,2,49.8680555556,76.2652777778,76.2652777778,95.9258717441,97.4713888889,76.2652777778,95.9258717441,extra_trees_hard_gate,tabular,95.9258717441,76.2652777778,78.6768582537,93.3570381917,95.9258717441,95.9258717441,95.9258717441,83.0351830104
249974000,5.33888888889,3,14.756420207,4.225,5.50013364742,8.22628405182,3.88861111111,5.50013364742,8.22628405182,hist_gb_hard_gate,tabular,5.50013364742,5.50013364742,7.0160971108,13.7167768659,5.50013364742,5.50013364742,8.22628405182,5.55609036779
253000158,54.0591666667,1,46.6986111111,50.7580555556,50.7580555556,40.7869087261,44.8680555556,50.7580555556,46.6986111111,hist_gb_hard_gate,prior,48.7283333334,48.7283333334,47.4379570099,40.7869087261,46.6986111111,46.6986111111,46.6986111111,45.7919047182
255779000,-15.3402777778,3,56.2128433642,61.9911111111,61.9911111111,19.3750724871,21.2675,61.9911111111,21.2675,hist_gb_hard_gate,learned_retrieval,61.9911111111,59.1019772376,47.1381248641,52.8698794593,61.9911111111,61.9911111111,21.2675,37.7836970642
255801270,88.0419444444,4,48.3297222222,68.9125,68.9125,37.759683751,23.0305555556,68.9125,42.7522588862,logit_soft_gate,SOFT:prior,68.9125,58.6211111111,52.6429102548,67.981802958,23.0305555556,23.0305555556,23.0305555556,42.7522588862
255805849,97.9855555556,0,50.8336111111,89.0002777778,89.0002777778,123.550317848,89.0002777778,89.0002777778,85.3208717945,logit_soft_gate,SOFT:learned_retrieval,123.550317848,89.0002777778,88.3975066784,123.550317848,123.550317848,123.550317848,123.550317848,85.3208717945
255805866,52.1658333333,1,36.437962963,15.9166666667,13.5719131652,13.7973142975,18.59,13.5719131652,13.5719131652,hist_gb_hard_gate,physics_gate,14.8569904821,14.8569904821,18.6476283763,13.7973142975,13.5719131652,13.5719131652,13.5719131652,18.618140248
255805951,20.465,4,48.3297222222,50.1938888889,50.1938888889,44.4816302891,47.1530555556,50.1938888889,47.6804452272,logit_soft_gate,SOFT:learned_retrieval,44.4816302891,49.2618055555,48.4243457889,50.0953032824,44.4816302891,47.1530555556,50.1938888889,47.6804452272
255805968,21.8616666667,1,46.6986111111,7.10861111111,7.10861111111,86.1034680635,7.10861111111,7.10861111111,86.1034680635,hist_gb_hard_gate,tabular,26.9036111111,7.10861111111,26.8727539365,86.1034680635,7.10861111111,7.10861111111,86.1034680635,40.8642759416
255806044,59.5738888889,1,52.7794830247,55.1116666667,47.8113758366,52.8580573245,55.1116666667,47.8113758366,47.8113758366,hist_gb_hard_gate,physics_gate,52.8187701746,52.8187701746,51.9139375593,52.8580573245,47.8113758366,47.8113758366,47.8113758366,50.0141859373
255806427,5.84305555556,1,39.988587963,17.4525,5.31578804274,6.2334537888,15.5044444444,5.1046676459,5.31578804274,hist_gb_hard_gate,physics_gate,11.8429768944,10.8689491166,14.9332403141,6.2334537888,5.1046676459,5.1046676459,5.31578804274,18.6711974047
255915592,38.3283333333,3,48.3297222222,22.8505555556,22.8505555556,23.5251749954,35.1477777778,22.8505555556,23.5251749954,hist_gb_hard_gate,tabular,22.8505555556,23.1878652755,29.2590569437,47.0687025775,35.1477777778,35.1477777778,23.5251749954,32.0049565551
255915609,16.4616666667,1,-42.3453051347,2.26111111111,26.1665864851,4.13322332575,2.93777777778,26.1665864851,26.1665864851,hist_gb_hard_gate,physics_gate,3.19716721843,3.53550055177,3.21999667502,4.13322332575,26.1665864851,26.1665864851,26.1665864851,-0.0111674369787
255915683,83.2125,2,50.7046975674,55.1116666667,67.0732862745,60.5591942675,55.1116666667,67.0732862745,67.0732862745,extra_trees_hard_gate,physics_gate,67.0732862745,57.8354304671,59.2722996196,54.7622501494,67.0732862745,67.0732862745,60.5591942675,60.5665627861
255915693,55.1116666667,3,57.8391971692,59.5738888889,49.3583283635,54.0010551101,59.5738888889,49.3583283635,49.3583283635,hist_gb_hard_gate,physics_gate,49.3583283635,55.9201261396,54.9507811307,58.0051423638,49.3583283635,49.3583283635,49.3583283635,49.3679872278
255915737,-82.5058333333,0,-6.56986590038,-27.9525,-27.9525,-17.3347718832,-356.462777778,-27.9525,-20.7670365146,logit_soft_gate,SOFT:prior,-6.56986590038,-27.9525,-77.3708192603,-17.3347718832,-17.3347718832,-17.3347718832,-17.3347718832,-20.7670365146
255915759,-566.815555556,4,242.869148418,318.020277778,318.020277778,36.5111590324,303.231666667,318.020277778,135.049155785,logit_soft_gate,SOFT:tabular,318.020277778,310.625972222,256.112134575,313.792654496,36.5111590324,36.5111590324,36.5111590324,135.049155785
255915798,72.305,2,49.8680555556,52.7094444444,52.7094444444,39.8429490358,50.2191666667,52.7094444444,50.2191666667,extra_trees_hard_gate,learned_retrieval,49.8680555556,51.4643055555,49.6764174319,50.2312564265,49.8680555556,50.2191666667,49.8680555556,48.0662623301
255915800,-62.65,0,-28.7181676318,-36.7822222222,-36.7822222222,-63.8724801242,-36.7822222222,-36.7822222222,-47.9771299202,logit_soft_gate,SOFT:tabular,-63.8724801242,-36.7822222222,-39.9532561075,-63.8724801242,-36.7822222222,-63.8724801242,-36.7822222222,-47.9771299202
255915967,37.5897222222,0,50.8336111111,47.5175,47.5175,53.0907222313,50.2191666667,47.5175,50.5539393268,logit_soft_gate,SOFT:tabular,50.8336111111,48.8683333333,49.4493333348,53.0907222313,53.0907222313,50.2191666667,53.0907222313,50.5539393268
255916537,25.5236111111,0,50.8336111111,18.59,18.59,97.5137946613,34.4177777778,18.59,52.6196156452,logit_soft_gate,SOFT:tabular,18.59,26.5038888889,39.755863925,97.5137946613,18.59,18.59,18.59,52.6196156452
255970000,22.8913888889,3,35.4302153189,13.5269444444,22.2682857008,35.1465793007,19.4041666667,22.2682857008,13.5269444444,hist_gb_hard_gate,route,22.2682857008,22.2682857008,24.674079522,33.8971211488,22.2682857008,22.2682857008,13.5269444444,20.1610488961
256049000,46.6986111111,2,49.8680555556,50.1938888889,46.5137125752,38.1877728983,35.1477777778,46.5137125752,46.5137125752,extra_trees_hard_gate,physics_gate,46.5137125752,46.5137125752,44.4041533785,36.5561533354,46.5137125752,46.5137125752,46.5137125752,38.1887345817
256227000,-80.6244444444,0,-28.7181676318,-166.650833333,-166.650833333,-90.8724614127,-120.646388889,-166.650833333,-102.448339328,logit_soft_gate,SOFT:tabular,-166.650833333,-143.648611111,-123.364919655,-90.8724614127,-166.650833333,-90.8724614127,-166.650833333,-102.448339328
256251000,59.8719444444,3,48.3297222222,39.0594444444,39.0594444444,61.5049553035,60.9197222222,39.0594444444,39.0594444444,hist_gb_hard_gate,route,48.3297222222,43.6945833333,47.9887888469,49.5341148969,61.5049553035,61.5049553035,39.0594444444,53.0990108991
256286000,44.5888888889,3,46.3036342593,46.4047222222,47.5486803768,41.6132339961,46.4047222222,47.5486803768,47.5486803768,hist_gb_hard_gate,physics_gate,47.5486803768,46.4047222222,45.9706122422,46.313304601,47.5486803768,47.5486803768,47.5486803768,47.5482456282
256392000,19.2561111111,0,50.8336111111,41.3936111111,41.3936111111,28.7790125113,43.6044444444,41.3936111111,40.9615228632,logit_soft_gate,SOFT:learned_retrieval,50.8336111111,41.3936111111,41.2329835667,28.7790125113,41.3936111111,41.3936111111,41.3936111111,40.9615228632
256436000,26.4025,0,50.8336111111,40.6058333333,40.6058333333,28.3642196182,38.3425,40.6058333333,40.0271591083,logit_soft_gate,SOFT:learned_retrieval,50.8336111111,40.6058333333,39.8929717882,28.3642196182,50.8336111111,50.8336111111,50.8336111111,40.0271591083
256515000,-139.610277778,1,-89.6254727096,-163.314166667,-163.314166667,-121.4095898,-163.314166667,-163.314166667,-163.314166667,hist_gb_hard_gate,route,-142.361878233,-163.314166667,-144.04862153,-121.4095898,-89.6254727096,-163.314166667,-163.314166667,-123.522522835
256607000,6.98527777778,2,39.1441346356,21.2675,8.40106694649,0.811191683967,5.89166666667,6.70462948318,6.70462948318,extra_trees_hard_gate,corridor_graph_gate,8.40106694649,7.55284821483,13.7033649027,8.77469553034,6.70462948318,6.70462948318,8.40106694649,8.33481705778
256714000,44.4341666667,0,48.8131481481,50.9091666667,45.0425163455,50.7175609101,50.9091666667,45.0425163455,45.0426381075,logit_soft_gate,SOFT:corridor_graph_gate,45.0425163455,49.7653545291,48.5723458471,50.7175609101,45.0425163455,45.0425163455,45.0425163455,45.0426381075
256812000,80.7813888889,2,49.8680555556,74.6733333333,74.6733333333,63.3328279472,74.6733333333,74.6733333333,74.6733333333,extra_trees_hard_gate,route,74.6733333333,74.6733333333,68.6490361393,72.7065907544,74.6733333333,74.6733333333,74.6733333333,66.9232401794
256885000,46.4047222222,1,47.1896219136,44.5888888889,44.3178155363,40.8232131088,44.5888888889,44.3178155363,44.3178155363,hist_gb_hard_gate,physics_gate,44.4533522126,44.4533522126,44.3043739788,40.8232131088,44.3178155363,44.3178155363,44.3178155363,45.095970107
256891000,-0.993888888889,4,-52.6191969373,-136.652222222,4.09047253597,-9.99842845158,-136.652222222,2.38490326665,2.34771707264,logit_soft_gate,SOFT:corridor_graph_gate,-136.652222222,-31.3088126944,-54.9077823384,-132.855115389,2.38490326665,2.38490326665,-136.652222222,2.34771707264
257824000,121.198611111,1,46.6986111111,124.724722222,124.724722222,102.399216892,79.2452777778,124.724722222,46.6986111111,hist_gb_hard_gate,prior,113.561969557,113.561969557,100.419545408,102.399216892,102.399216892,102.399216892,46.6986111111,92.0506079824
268251804,70.6719444444,2,49.8680555556,57.4363888889,57.4363888889,43.6143134313,45.8775,57.4363888889,49.8680555556,extra_trees_hard_gate,prior,57.4363888889,53.6522222223,51.9448392756,46.379232132,49.8680555556,49.8680555556,45.8775,50.449363908
271000677,60.9197222222,1,46.6986111111,46.6986111111,46.6986111111,43.0034841354,40.7847222222,46.6986111111,43.0034841354,hist_gb_hard_gate,tabular,46.6986111111,46.6986111111,45.097108467,43.0034841354,46.6986111111,46.6986111111,43.0034841354,44.1883091353
271000748,35.1477777778,0,48.2229783951,38.3211111111,37.208768655,26.5428626828,37.8808333333,37.208768655,37.2087647881,logit_soft_gate,SOFT:corridor_graph_gate,37.208768655,37.5448009941,37.5642204721,26.5428626828,37.208768655,37.208768655,37.208768655,37.2087647881
271002572,40.7847222222,0,50.8336111111,58.2997222222,58.2997222222,67.7751080445,47.5175,58.2997222222,57.3925677434,logit_soft_gate,SOFT:tabular,67.7751080445,58.2997222222,56.8375643037,67.7751080445,67.7751080445,50.8336111111,50.8336111111,57.3925677434
271040948,37.8808333333,2,49.8680555556,34.4177777778,37.5504945514,53.6150749052,35.1477777778,37.5504945514,37.5504945514,extra_trees_hard_gate,physics_gate,37.5504945514,37.5504945514,41.3582791865,36.3032037006,37.5504945514,37.5504945514,37.5504945514,53.6115399681
271044383,67.055,1,46.6986111111,104.6475,104.6475,112.402704747,104.6475,104.6475,112.402704747,hist_gb_hard_gate,tabular,104.6475,104.6475,96.2818859763,112.402704747,112.402704747,112.402704747,112.402704747,99.263541733
271051063,8.88638888889,1,38.3037393162,7.10861111111,12.9357756942,34.5758397705,10.3208333333,10.0966448874,12.9357756942,hist_gb_hard_gate,physics_gate,23.7558077324,11.6283045137,18.8902406855,34.5758397705,10.0966448874,10.0966448874,12.9357756942,10.5122980101
271051219,5.89166666667,4,31.4494460881,6.98527777778,7.2300578244,-21.6369947336,6.98527777778,6.96685592813,7.03390960828,logit_soft_gate,SOFT:corridor_graph_gate,7.2300578244,6.98527777778,6.3299867771,7.76688344646,6.96685592813,6.96685592813,7.2300578244,7.03390960828
271052090,65.5586111111,4,46.5543464052,44.5888888889,65.282783018,45.1355853037,44.5888888889,65.282783018,64.2306997439,logit_soft_gate,SOFT:corridor_graph_gate,65.282783018,45.8449658544,51.9055459205,44.6657560704,65.282783018,65.282783018,65.282783018,64.2306997439
273267690,65.6369444444,3,62.6433640576,66.6188888889,63.129662978,64.7392339106,67.3097222222,63.129662978,63.129662978,hist_gb_hard_gate,physics_gate,63.129662978,63.9344484443,64.5950891726,63.0897602126,63.129662978,63.129662978,63.129662978,63.1292850188
273271070,328.807222222,2,75.2653230481,157.519166667,157.519166667,94.424061564,301.943611111,157.519166667,301.943611111,extra_trees_hard_gate,learned_retrieval,157.519166667,157.519166667,157.365082621,281.655250041,157.519166667,301.943611111,75.2653230481,227.889631978
273276260,78.9519444444,3,289.007761688,318.020277778,318.020277778,155.650075807,318.020277778,318.020277778,318.020277778,hist_gb_hard_gate,route,289.007761688,318.020277778,286.123158101,291.783175656,318.020277778,318.020277778,318.020277778,297.545324473
273277260,322.369166667,3,48.3297222222,83.1661111111,83.1661111111,126.317065122,175.056111111,83.1661111111,175.056111111,hist_gb_hard_gate,learned_retrieval,126.317065122,83.1661111111,99.8668719648,60.4527035143,175.056111111,175.056111111,175.056111111,116.01876915
273277840,314.258055556,2,56.4419929957,214.046666667,214.046666667,112.185330011,274.720555556,214.046666667,274.720555556,extra_trees_hard_gate,learned_retrieval,112.185330011,214.046666667,180.914646427,256.441018085,274.720555556,274.720555556,56.4419929957,216.484384749
275488000,71.3927777778,4,48.3297222222,9.26722222222,9.26722222222,35.1561076573,9.765,9.26722222222,22.8601263397,logit_soft_gate,SOFT:route,9.26722222222,9.51611111111,20.175416091,10.8692018203,9.26722222222,9.26722222222,9.26722222222,22.8601263397
275497000,102.308611111,4,48.3297222222,42.2341666667,42.2341666667,45.9507323212,80.7813888889,42.2341666667,62.9574342154,logit_soft_gate,SOFT:learned_retrieval,45.9507323212,44.0924494939,50.2940572387,42.4825510268,80.7813888889,80.7813888889,80.7813888889,62.9574342154
304204000,57.4575,0,49.5396682099,64.9925,64.9925,51.4305557654,54.0591666667,64.9925,55.0658097967,logit_soft_gate,SOFT:prior,64.9925,59.5258333334,58.3344817737,51.4305557654,49.5396682099,49.5396682099,54.0591666667,55.0658097967
304427000,19.4041666667,4,35.6920841552,17.3766666667,18.0255560673,17.172243739,17.3766666667,18.0255560673,17.5356693099,logit_soft_gate,SOFT:route,18.0255560673,17.701111367,20.611462227,18.066765524,18.0255560673,18.0255560673,18.0255560673,17.5356693099
304578000,25.5877777778,1,46.6986111111,43.0938888889,43.0938888889,50.740390568,48.3297222222,43.0938888889,50.740390568,hist_gb_hard_gate,tabular,44.89625,44.89625,45.8417317613,50.740390568,50.740390568,50.740390568,50.740390568,47.3023529125
304610000,65.3591666667,2,76.6224929705,45.0263888889,69.4199588217,73.0202253212,83.8008333333,69.4199588217,69.4199588217,extra_trees_hard_gate,physics_gate,69.4199588217,71.2200920715,69.5516430262,82.6099840676,69.4199588217,69.4199588217,83.8008333333,73.0202230429
304785000,103.856388889,4,48.3297222222,59.5738888889,59.5738888889,51.7919535258,44.5888888889,59.5738888889,49.0003234391,logit_soft_gate,SOFT:learned_retrieval,59.5738888889,55.6829212073,53.9053718839,59.1111273246,48.3297222222,48.3297222222,48.3297222222,49.0003234391
305690000,51.4602777778,3,48.3297222222,95.2236111111,95.2236111111,81.2560823803,-128.244166667,95.2236111111,95.2236111111,hist_gb_hard_gate,route,48.3297222222,88.2398467457,47.8354118781,31.4381973358,95.2236111111,48.3297222222,95.2236111111,34.5522114299
305715000,320.296388889,3,48.3297222222,91.9708333333,91.9708333333,110.697045332,318.020277778,91.9708333333,318.020277778,hist_gb_hard_gate,learned_retrieval,110.697045332,91.9708333333,125.493257555,74.1290335443,318.020277778,318.020277778,318.020277778,198.585608275
308628000,2.09805555556,2,49.8680555556,26.3880555556,26.3880555556,54.0453280656,13.5269444444,26.3880555556,26.3880555556,extra_trees_hard_gate,route,26.3880555556,26.3880555556,32.7674157887,16.6145430348,26.3880555556,26.3880555556,49.8680555556,35.1207011194
309467000,52.2075,4,48.3297222222,22.8505555556,22.8505555556,46.1599677377,22.8505555556,22.8505555556,35.1615752188,logit_soft_gate,SOFT:learned_retrieval,22.8505555556,22.8505555556,30.9819853637,23.9272309885,46.1599677377,46.1599677377,22.8505555556,35.1615752188
310610000,-786.144166667,2,28.8856756272,64.7330555556,7.00267552696,33.3391554606,4.87833333333,8.89681783773,8.89681783773,extra_trees_hard_gate,corridor_graph_gate,7.00267552696,18.8912467325,24.6226188902,7.74150321821,8.89681783773,8.89681783773,7.00267552696,11.5829570359
310772000,360.723333333,2,49.8680555556,83.8008333333,83.8008333333,97.9463853049,234.348611111,83.8008333333,49.8680555556,extra_trees_hard_gate,prior,83.8008333333,83.8008333333,105.594258662,217.307812981,49.8680555556,49.8680555556,49.8680555556,119.391842506
310841000,22.3866666667,4,48.3297222222,38.3211111111,38.3211111111,31.9831121816,38.3211111111,38.3211111111,38.8213761214,logit_soft_gate,SOFT:route,38.3211111111,38.3211111111,38.932879808,38.6674361753,38.3211111111,38.3211111111,38.3211111111,38.8213761214
311000231,-125.627222222,3,-82.2165740741,-186.653611111,-186.653611111,-88.6524708882,-186.653611111,-186.653611111,-186.653611111,hist_gb_hard_gate,route,-88.6524708882,-186.653611111,-152.913914901,-92.2072970585,-88.6524708882,-88.6524708882,-186.653611111,-125.320007982
311000451,-434.634444444,3,-105.649506355,-186.653611111,-186.653611111,-64.1355574334,-186.653611111,-186.653611111,-186.653611111,hist_gb_hard_gate,route,-64.1355574334,-186.653611111,-152.733251372,-113.398573105,-64.1355574334,-64.1355574334,-186.653611111,-125.350771669
311000516,43.0938888889,3,48.3297222222,40.7847222222,40.7847222222,44.7754306485,41.3936111111,40.7847222222,44.7754306485,hist_gb_hard_gate,tabular,40.7847222222,41.0891666667,42.8088217747,47.6661955015,44.7754306485,44.7754306485,44.7754306485,43.9948139293
311000621,60.9886111111,1,46.6986111111,34.4072222222,34.4072222222,49.2675329679,34.4072222222,34.4072222222,34.4072222222,hist_gb_hard_gate,route,40.5529166666,34.4072222222,38.9325054946,49.2675329679,34.4072222222,34.4072222222,34.4072222222,40.5535410406
311001060,5.45166666667,3,31.1271285339,3.05555555556,3.05555555556,72.8077250848,3.05555555556,3.05555555556,3.05555555556,hist_gb_hard_gate,route,31.1271285339,3.05555555556,19.3595126402,28.4417276711,3.05555555556,72.8077250848,3.05555555556,22.5585604821
311001144,103.049722222,4,48.3297222222,55.225,55.225,99.1677163045,91.9708333333,55.225,78.4663587861,logit_soft_gate,SOFT:learned_retrieval,99.1677163045,55.225,67.5238786433,55.1820847811,91.9708333333,91.9708333333,91.9708333333,78.4663587861
311085000,10.5536111111,1,46.6986111111,15.9166666667,15.9166666667,40.6794867245,67.0344444444,15.9166666667,67.0344444444,hist_gb_hard_gate,learned_retrieval,28.2980766956,28.2980766956,33.6937570467,40.6794867245,67.0344444444,67.0344444444,67.0344444444,45.1104125739
311775000,77.9036111111,2,49.8680555556,83.8008333333,83.8008333333,89.8546174993,83.8008333333,83.8008333333,89.8546174993,extra_trees_hard_gate,tabular,83.8008333333,83.8008333333,79.154334398,81.1103962629,89.8546174993,89.8546174993,89.8546174993,78.123594179
312107000,52.7094444444,4,57.8843595679,50.2191666667,50.2191666667,47.0397460424,50.2191666667,50.2191666667,52.0620293772,logit_soft_gate,SOFT:prior,50.2191666667,50.2191666667,50.9667953795,50.4926829621,57.8843595679,57.8843595679,57.8843595679,52.0620293772
312120000,17.4525,3,48.3297222222,18.5783333333,18.5783333333,39.6231686148,40.6058333333,18.5783333333,18.5783333333,hist_gb_hard_gate,route,18.5783333333,29.1007509741,30.715620695,47.5908345973,18.5783333333,48.3297222222,18.5783333333,36.380553311
312333000,121.9675,4,59.3988966049,72.305,72.305,95.2080893098,91.735,72.305,82.2045746117,logit_soft_gate,SOFT:learned_retrieval,95.2080893098,72.305,77.2094976525,71.9312457774,91.735,91.735,95.2080893098,82.2045746117
314001113,272.909722222,1,46.6986111111,230.653333333,230.653333333,85.7441071749,230.653333333,230.653333333,85.7441071749,hist_gb_hard_gate,tabular,158.198720254,230.653333333,175.84267527,85.7441071749,85.7441071749,85.7441071749,85.7441071749,159.284744594
314432000,38.3425,1,46.6986111111,26.4025,26.4025,40.4483549615,22.8913888889,26.4025,22.8913888889,hist_gb_hard_gate,learned_retrieval,33.4254274808,26.4025,31.5409758269,40.4483549615,26.4025,26.4025,22.8913888889,33.0429255631
314496000,59.7291666667,4,52.0974691358,55.1116666667,45.2317620782,48.7410457991,55.1116666667,45.2317620782,47.9824203467,logit_soft_gate,SOFT:corridor_graph_gate,45.2317620782,50.4192574674,50.2542287374,54.9664308752,45.2317620782,45.2317620782,45.2317620782,47.9824203467
314509000,4.225,2,28.8856756272,45.0263888889,6.31029449307,7.05509987586,4.87833333333,6.31029449307,6.31029449307,extra_trees_hard_gate,physics_gate,6.31029449307,6.68269718446,16.4110144519,7.42553218444,6.31029449307,6.31029449307,6.31029449307,7.33033331544
314652000,-270.887777778,4,147.096278345,232.388333333,232.388333333,53.0020341941,303.231666667,232.388333333,110.4343531,logit_soft_gate,SOFT:tabular,53.0020341941,232.388333333,200.082496534,228.282988952,53.0020341941,53.0020341941,53.0020341941,110.4343531
314900000,94.1419444444,4,48.3297222222,50.2191666667,50.2191666667,49.8235956106,50.1938888889,50.2191666667,49.5579498187,logit_soft_gate,SOFT:learned_retrieval,48.3297222222,50.2065277778,49.834117787,50.1459149658,48.3297222222,48.3297222222,48.3297222222,49.5579498187
319076100,17.3766666667,3,35.4302153189,13.5269444444,17.821963559,14.2815616943,19.4041666667,17.821963559,17.821963559,hist_gb_hard_gate,physics_gate,13.5269444444,17.821963559,19.714469207,33.8971211488,17.821963559,17.821963559,17.821963559,18.869285831
319301000,87.4213888889,1,46.6986111111,54.0963888889,54.0963888889,57.8287340713,74.3922222222,54.0963888889,54.0963888889,hist_gb_hard_gate,route,54.0963888889,54.0963888889,56.8681223452,57.8287340713,74.3922222222,74.3922222222,54.0963888889,59.4716803033
338619000,50.7580555556,3,60.0751268861,67.3097222222,50.7038025794,75.4576285982,66.6188888889,50.7038025794,50.7038025794,hist_gb_hard_gate,physics_gate,50.7038025794,63.3470078875,61.8114952924,60.7011204541,50.7038025794,50.7038025794,50.7038025794,50.7062185147
351656000,91.7725,3,48.3297222222,38.3211111111,38.3211111111,42.8223110639,38.3211111111,38.3211111111,38.3211111111,hist_gb_hard_gate,route,38.3211111111,38.3211111111,40.7394129551,47.3722720311,38.3211111111,38.3211111111,38.3211111111,41.7726520128
352001323,18.59,2,37.1487606838,38.3283333333,17.644610601,43.8821811767,18.4938888889,17.644610601,17.644610601,extra_trees_hard_gate,physics_gate,17.644610601,27.8213247863,28.8570642141,20.291002398,17.644610601,17.644610601,17.644610601,43.2544955907
352001352,81.3805555556,4,82.8046939213,85.6202777778,82.0479066374,123.018605301,89.0002777778,82.0479066374,82.0491880717,logit_soft_gate,SOFT:corridor_graph_gate,82.0479066374,84.2124858496,90.7566113421,85.6989468035,82.0479066374,82.0479066374,82.0479066374,82.0491880717
352002170,31.0708333333,0,50.8336111111,46.4047222222,46.4047222222,50.8102605579,47.1522222222,46.4047222222,48.7418122457,logit_soft_gate,SOFT:learned_retrieval,50.8336111111,46.7784722222,48.001710093,50.8102605579,46.4047222222,46.4047222222,46.4047222222,48.7418122457
352002243,303.231666667,2,75.2653230481,89.0002777778,89.0002777778,217.078678283,274.720555556,89.0002777778,274.720555556,extra_trees_hard_gate,learned_retrieval,217.078678283,89.0002777778,139.01089837,255.928510515,274.720555556,274.720555556,274.720555556,168.689962972
352002310,104.6475,0,50.8336111111,121.198611111,121.198611111,99.3599009385,85.6202777778,121.198611111,88.5643708044,logit_soft_gate,SOFT:learned_retrieval,121.198611111,110.279256025,99.9016038601,99.3599009385,85.6202777778,99.3599009385,121.198611111,88.5643708044
352002473,54.0963888889,3,48.3297222222,75.9841666667,75.9841666667,50.9663266252,81.255,75.9841666667,81.255,hist_gb_hard_gate,learned_retrieval,50.9663266252,75.9841666667,68.0839248079,51.4794413142,81.255,81.255,81.255,67.3514437872
352003272,53.6988888889,1,46.6986111111,84.0602777778,84.0602777778,107.560753654,90.5836111111,84.0602777778,107.560753654,hist_gb_hard_gate,tabular,84.0602777778,84.0602777778,82.8373015349,107.560753654,107.560753654,107.560753654,107.560753654,87.0637137531
352003495,214.046666667,1,46.6986111111,90.6833333333,95.2691320371,77.9313913221,84.285,95.2691320371,95.2691320371,hist_gb_hard_gate,physics_gate,84.3073623277,87.4841666666,81.6894333068,77.9313913221,95.2691320371,95.2691320371,95.2691320371,82.9097737716
352004307,111.593333333,2,76.6224929705,71.5641666667,107.354076208,91.011966699,89.0002777778,107.354076208,107.354076208,extra_trees_hard_gate,physics_gate,107.354076208,90.0061222384,90.4845094217,87.7393115024,107.354076208,107.354076208,107.354076208,91.0119726836
352004590,71.5641666667,0,50.8336111111,58.6833333333,58.6833333333,70.7678710319,50.2191666667,58.6833333333,55.9106241254,logit_soft_gate,SOFT:prior,70.7678710319,58.6833333333,57.9784414683,70.7678710319,70.7678710319,50.8336111111,70.7678710319,55.9106241254
352004593,274.720555556,4,242.869148418,318.020277778,318.020277778,146.242371385,303.231666667,318.020277778,209.756635917,logit_soft_gate,SOFT:tabular,318.020277778,310.625972222,274.400669967,314.335207466,318.020277778,146.242371385,146.242371385,209.756635917
352004690,533.3925,1,46.6986111111,95.2236111111,95.2236111111,161.340549839,95.2236111111,95.2236111111,161.340549839,hist_gb_hard_gate,tabular,95.2236111111,95.2236111111,98.1556008991,161.340549839,161.340549839,161.340549839,161.340549839,117.460305179
352004810,74.8519444444,3,77.7498553241,81.3805555556,74.3044606209,106.479783372,79.2452777778,74.3044606209,74.3044606209,hist_gb_hard_gate,physics_gate,74.3044606209,78.4975665509,82.2440655452,77.8929113883,74.3044606209,74.3044606209,74.3044606209,74.3044606392
352005357,250.311388889,0,50.8336111111,78.9519444444,78.9519444444,112.551141777,115.341388889,78.9519444444,82.3331814323,logit_soft_gate,SOFT:prior,112.551141777,78.9519444444,85.930329185,112.551141777,115.341388889,112.551141777,115.341388889,82.3331814323
352005660,84.285,3,289.007761688,318.020277778,318.020277778,135.855943931,303.231666667,318.020277778,318.020277778,hist_gb_hard_gate,route,318.020277778,310.625972222,280.359367603,290.368458031,318.020277778,318.020277778,318.020277778,288.592167193
352006086,74.6733333333,0,50.8336111111,75.5544444444,75.5544444444,50.4913418252,80.7813888889,75.5544444444,64.2301906387,logit_soft_gate,SOFT:prior,75.5544444444,75.5544444444,68.1282791931,50.4913418252,80.7813888889,80.7813888889,80.7813888889,64.2301906387
352506000,640.108888889,4,48.3297222222,45.0263888889,45.0263888889,46.4930091092,65.3591666667,45.0263888889,50.2079459517,logit_soft_gate,SOFT:route,45.0263888889,45.7596989991,49.2101774441,45.1582876121,65.3591666667,48.3297222222,65.3591666667,50.2079459517
352604000,70.1394444444,0,50.8336111111,68.2436111111,68.2436111111,57.7035007966,68.2436111111,68.2436111111,61.6059641731,logit_soft_gate,SOFT:learned_retrieval,50.8336111111,68.2436111111,63.585259392,57.7035007966,68.2436111111,68.2436111111,68.2436111111,61.6059641731
353589000,67.3097222222,0,59.3086111111,52.7875,62.4336266782,54.1344384054,65.6369444444,62.4336266782,62.4335210537,logit_soft_gate,SOFT:corridor_graph_gate,62.4336266782,60.8711188946,59.4557912195,54.1344384054,62.4336266782,62.4336266782,62.4336266782,62.4335210537
354562000,58.2997222222,4,48.3297222222,59.8719444444,59.8719444444,54.2192315762,50.1938888889,59.8719444444,52.3553995987,logit_soft_gate,SOFT:learned_retrieval,59.8719444444,57.0455880103,55.3931126701,59.4084638109,48.3297222222,54.2192315762,59.8719444444,52.3553995987
355860000,57.4363888889,4,54.2491820988,43.6044444444,43.6044444444,38.0057372696,43.6044444444,43.6044444444,45.5794289454,logit_soft_gate,SOFT:prior,38.0057372696,43.6044444444,44.4454495243,43.9784282965,54.2491820988,54.2491820988,54.2491820988,45.5794289454
356324000,55.225,0,50.0173611111,46.4047222222,51.8668375126,82.485427392,50.9091666667,51.8668375126,51.8753529327,logit_soft_gate,SOFT:corridor_graph_gate,51.8668375126,51.3880020897,55.5917254029,82.485427392,51.8668375126,51.8668375126,51.8668375126,51.8753529327
356680000,75.5544444444,3,48.3297222222,70.1394444444,70.1394444444,54.2834044153,64.6044444444,70.1394444444,70.1394444444,hist_gb_hard_gate,route,54.2834044153,67.3719444444,62.9393174025,49.8866051632,48.3297222222,48.3297222222,70.1394444444,61.8939967118
356755000,90.5836111111,3,80.1242578976,81.3805555556,81.0091306626,92.4432735109,81.3805555556,81.0091306626,81.3805555556,hist_gb_hard_gate,route,81.0091306626,81.1948431091,82.8911506408,80.2444386519,81.0091306626,81.0091306626,81.3805555556,81.0091306502
356794000,11.7391666667,4,16.6949021465,5.33888888889,11.4775963905,3.10267181159,4.225,11.4829671567,11.4365845841,logit_soft_gate,SOFT:corridor_graph_gate,11.4775963905,8.4082426397,8.72033773236,5.75633727886,11.4829671567,11.4829671567,5.33888888889,11.4365845841
357463000,50.9091666667,3,46.3036342593,44.4341666667,44.8245080764,54.2043222421,44.4341666667,44.8245080764,44.4341666667,hist_gb_hard_gate,route,44.8245080764,44.8245080764,46.5042176646,46.1247960485,44.8245080764,44.8245080764,44.4341666667,44.8256859409
357983000,44.8425,3,-422.590462963,90.6488888889,44.7597669433,128.85166891,121.198611111,44.7597669433,44.7597669433,hist_gb_hard_gate,physics_gate,44.7597669433,67.7043279161,1.27137330558,-370.570162932,44.7597669433,44.7597669433,44.7597669433,44.7512156668
372119000,66.6188888889,2,60.8210011835,75.9841666667,66.6135907807,56.2478655616,65.6369444444,66.6135907807,66.6135907807,extra_trees_hard_gate,physics_gate,66.6135907807,66.1252676126,65.3195265696,65.4210058748,66.6135907807,66.6135907807,66.6135907807,56.2479176833
372668000,59.9638888889,1,46.6986111111,72.7880555556,72.7880555556,131.427362867,82.6511111111,72.7880555556,131.427362867,hist_gb_hard_gate,tabular,72.7880555556,72.7880555556,79.8568752927,131.427362867,82.6511111111,131.427362867,131.427362867,96.477282057
373026000,-36.7822222222,1,-49.3955121528,-79.6436111111,-79.6436111111,-70.1645435502,-76.6530555556,-79.6436111111,-79.6436111111,hist_gb_hard_gate,route,-74.9040773306,-78.1483333333,-72.5239907653,-70.1645435502,-79.6436111111,-79.6436111111,-79.6436111111,-71.1703047091
373808000,18.7561111111,1,188.535406732,84.285,84.285,60.2099274146,47.5175,84.285,188.535406732,hist_gb_hard_gate,prior,84.285,84.285,91.5196390244,60.2099274146,188.535406732,188.535406732,188.535406732,93.8267049899
374194000,-2439.34805556,2,67.3238865805,74.6733333333,74.6733333333,64.8531547088,18.7561111111,74.6733333333,18.7561111111,extra_trees_hard_gate,learned_retrieval,74.6733333333,70.9986099569,62.4921920667,23.5034777723,18.7561111111,18.7561111111,18.7561111111,41.5559143256
376304000,45.8775,4,48.3297222222,54.7930555556,54.7930555556,38.4142430108,44.5888888889,54.7930555556,46.3159454048,logit_soft_gate,SOFT:learned_retrieval,38.4142430108,51.5613888889,49.2853367981,54.4681865779,48.3297222222,44.5888888889,38.4142430108,46.3159454048
403532001,51.7697222222,3,63.610960029,66.6188888889,59.3250384786,67.2900429437,67.3097222222,59.3250384786,59.3250384786,hist_gb_hard_gate,physics_gate,59.3250384786,65.114924459,63.9132818402,63.964793396,59.3250384786,59.3250384786,59.3250384786,59.6053365644
403660000,83.1661111111,4,76.8819184474,82.6511111111,77.0839658272,99.9556994302,82.6511111111,77.0839658272,77.086321901,logit_soft_gate,SOFT:corridor_graph_gate,77.0839658272,79.8675384691,82.717961959,82.5189782542,77.0839658272,77.0839658272,77.0839658272,77.086321901
428002000,81.0472222222,1,46.6986111111,50.7580555556,50.7580555556,67.8093759292,74.3922222222,50.7580555556,74.3922222222,hist_gb_hard_gate,learned_retrieval,50.7580555556,50.7580555556,56.8623959882,67.8093759292,74.3922222222,74.3922222222,74.3922222222,61.1442354389
431048000,426.029722222,2,75.2653230481,89.0002777778,89.0002777778,156.42055994,274.720555556,89.0002777778,75.2653230481,extra_trees_hard_gate,prior,156.42055994,89.0002777778,128.90121198,255.928510515,89.0002777778,75.2653230481,75.2653230481,174.34568337
431476000,49.2836111111,0,50.8336111111,75.5544444444,75.5544444444,48.8760877555,52.7875,75.5544444444,56.3629750305,logit_soft_gate,SOFT:learned_retrieval,50.8336111111,64.1709722222,63.1934220333,48.8760877555,50.8336111111,52.7875,52.7875,56.3629750305
440252000,33.7158333333,0,50.8336111111,75.5544444444,75.5544444444,54.5319296183,52.7875,75.5544444444,58.2168029475,logit_soft_gate,SOFT:learned_retrieval,54.5319296183,65.0431870314,64.1360623438,54.5319296183,50.8336111111,54.5319296183,75.5544444444,58.2168029475
461000256,391.848055556,1,188.535406732,90.6833333333,90.6833333333,100.371105249,303.231666667,90.6833333333,100.371105249,hist_gb_hard_gate,tabular,95.5272192912,95.5272192912,144.031363108,100.371105249,303.231666667,303.231666667,100.371105249,188.823769695
461000284,334.89,2,75.2653230481,81.3805555556,81.3805555556,164.080263857,90.6833333333,81.3805555556,164.080263857,extra_trees_hard_gate,tabular,164.080263857,81.3805555556,95.6950978175,89.3117234322,164.080263857,164.080263857,90.6833333333,97.568380327
461000370,301.943611111,4,242.869148418,328.807222222,328.807222222,125.445074962,303.231666667,328.807222222,203.680888832,logit_soft_gate,SOFT:tabular,328.807222222,316.019444444,276.327926119,324.558955382,125.445074962,125.445074962,125.445074962,203.680888832
477630800,98.5522222222,2,63.357986522,76.2652777778,101.493603935,85.1974555193,82.6511111111,101.493603935,101.493603935,extra_trees_hard_gate,physics_gate,101.493603935,83.9242833152,85.0765064667,81.0190234532,101.493603935,101.493603935,82.6511111111,85.1974596427
477856500,3.58555555556,3,31.1271285339,3.05555555556,3.05555555556,74.7005845868,6.19583333333,3.05555555556,6.19583333333,hist_gb_hard_gate,learned_retrieval,31.1271285339,4.62569444445,20.1983688535,28.7421349429,6.19583333333,74.7005845868,6.19583333333,23.7431539872
477963900,3.05555555556,2,39.0368378492,90.5836111111,90.5836111111,103.405878954,5.45166666667,90.5836111111,103.405878954,extra_trees_hard_gate,tabular,90.5836111111,90.5836111111,69.9408694672,9.47952410979,103.405878954,103.405878954,5.45166666667,49.373744992
511100560,14.895,0,31.1558767361,18.59,26.6983329895,75.4697905609,18.59,26.6983329895,31.6962429204,logit_soft_gate,SOFT:physics_gate,26.6983329895,26.6983329895,32.867055546,75.4697905609,26.6983329895,26.6983329895,18.59,31.6962429204
538001657,15.0325,0,50.8336111111,34.4072222222,34.4072222222,49.9208026401,42.1702777778,34.4072222222,44.1945848339,logit_soft_gate,SOFT:learned_retrieval,34.4072222222,38.28875,41.0243930326,49.9208026401,34.4072222222,34.4072222222,34.4072222222,44.1945848339
538002883,79.4730555556,3,57.4940123457,58.2141666667,58.2141666667,71.0291572296,66.6188888889,58.2141666667,58.2141666667,hist_gb_hard_gate,route,57.4940123457,58.2141666667,61.6307597441,58.3669221524,66.6188888889,66.6188888889,58.2141666667,63.211793622
538003678,-186.653611111,4,-111.50087731,-139.610277778,-139.610277778,-133.191512163,-125.627222222,-139.610277778,-126.135943544,logit_soft_gate,SOFT:prior,-139.610277778,-136.400894971,-131.525074172,-138.517867529,-125.627222222,-133.191512163,-111.50087731,-126.135943544
538004518,50.4611111111,0,49.5396682099,64.9925,64.9925,55.8245151901,80.7813888889,64.9925,63.7062326612,logit_soft_gate,SOFT:learned_retrieval,64.9925,64.9925,63.5205120482,55.8245151901,80.7813888889,80.7813888889,80.7813888889,63.7062326612
538004558,56.1919444444,2,49.8680555556,81.0472222222,81.0472222222,63.4703077682,103.651111111,81.0472222222,103.651111111,extra_trees_hard_gate,learned_retrieval,81.0472222222,81.0472222222,76.6885235169,99.0243755862,103.651111111,103.651111111,103.651111111,72.7462685415
538005330,68.4872222222,2,49.8680555556,52.7094444444,52.7094444444,55.1347541738,52.7094444444,52.7094444444,55.1347541738,extra_trees_hard_gate,tabular,49.8680555556,52.7094444444,52.6400979178,52.4841584968,49.8680555556,55.1347541738,55.1347541738,52.7881696747
538005431,5.76138888889,3,31.1271285339,3.05555555556,3.05555555556,80.9326584591,12.1338888889,3.05555555556,12.1338888889,hist_gb_hard_gate,learned_retrieval,31.1271285339,7.59472222223,22.2267237581,29.3101850313,12.1338888889,80.9326584591,12.1338888889,31.0609632972
538005496,-163.314166667,3,-105.649506355,-186.653611111,-186.653611111,-59.3790186318,-186.653611111,-186.653611111,-186.653611111,hist_gb_hard_gate,route,-59.3790186318,-186.653611111,-151.940494905,-113.398573105,-59.3790186318,-59.3790186318,-186.653611111,-126.713609521
538005853,6.67722222222,1,46.6986111111,65.3591666667,65.3591666667,68.6879201944,65.3591666667,65.3591666667,65.3591666667,hist_gb_hard_gate,route,65.3591666667,65.3591666667,62.8038663287,68.6879201944,65.3591666667,65.3591666667,65.3591666667,62.9555537948
538006774,103.651111111,0,81.6484923872,90.5836111111,99.1734022856,70.7604074218,90.5836111111,99.1734022856,99.1734022849,logit_soft_gate,SOFT:corridor_graph_gate,99.1734022856,90.5836111111,88.6538211004,70.7604074218,99.1734022856,99.1734022856,99.1734022856,99.1734022849
538007198,234.348611111,3,48.3297222222,22.8505555556,22.8505555556,67.890274426,65.3591666667,22.8505555556,22.8505555556,hist_gb_hard_gate,route,48.3297222222,35.5901388889,41.6884716636,49.9588038857,65.3591666667,65.3591666667,22.8505555556,52.0140779072
538007504,73.2861111111,0,50.8336111111,66.6188888889,66.6188888889,66.8256608472,65.5738888889,66.6188888889,62.4509119209,logit_soft_gate,SOFT:learned_retrieval,50.8336111111,66.6188888889,63.8483045857,66.8256608472,50.8336111111,50.8336111111,50.8336111111,62.4509119209
538007511,79.2452777778,2,81.2357944192,90.5836111111,75.8483512268,82.0048026615,81.3805555556,75.8483512268,75.8483512268,extra_trees_hard_gate,physics_gate,75.8483512268,81.3081749874,81.1502443668,81.5166369911,75.8483512268,75.8483512268,75.8483512268,82.0046949927
538007661,50.2191666667,1,46.6986111111,52.7094444444,52.7094444444,51.9546425778,52.7094444444,52.7094444444,46.6986111111,hist_gb_hard_gate,prior,52.3320435111,52.7094444444,51.5818385777,51.9546425778,46.6986111111,46.6986111111,46.6986111111,51.0453812038
538008070,89.0002777778,3,81.5162195276,84.0602777778,85.1763902417,108.686541422,84.0602777778,85.1763902417,85.1763902417,hist_gb_hard_gate,physics_gate,85.1763902417,84.6183340098,88.1126828314,81.7595908636,85.1763902417,85.1763902417,85.1763902417,85.1763894883
538009008,334.990833333,4,48.3297222222,69.5616666667,69.5616666667,117.621996486,318.020277778,69.5616666667,279.0375396,logit_soft_gate,SOFT:learned_retrieval,117.621996486,69.5616666667,115.442832748,68.9981341335,318.020277778,318.020277778,318.020277778,279.0375396
538009052,-741.288611111,0,19.6237981859,2.26111111111,5.05406798766,3.32039605968,2.26111111111,4.54313718421,4.35274043607,logit_soft_gate,SOFT:corridor_graph_gate,5.05406798766,3.93176662195,6.17727027328,3.32039605968,4.54313718421,4.54313718421,4.54313718421,4.35274043607
538009159,88.1566666667,0,57.9061612654,54.13,54.13,60.5900687771,65.5738888889,54.13,59.6126180941,logit_soft_gate,SOFT:prior,60.5900687771,56.0180806327,57.7433531552,60.5900687771,65.5738888889,65.5738888889,65.5738888889,59.6126180941
538009183,284.9025,2,49.8680555556,83.1661111111,83.1661111111,204.084816857,301.943611111,83.1661111111,49.8680555556,extra_trees_hard_gate,prior,204.084816857,83.1661111111,134.232469476,278.449414679,49.8680555556,49.8680555556,49.8680555556,155.61282059
538009214,79.0844444444,1,78.6590197957,81.3805555556,84.7320806902,72.0457291836,84.0602777778,84.7320806902,84.7320806902,hist_gb_hard_gate,physics_gate,80.0197876757,82.7204166667,80.9349572822,72.0457291836,84.7320806902,84.7320806902,84.7320806902,81.8537508563
538009532,91.9708333333,2,73.9460827664,90.6833333333,90.7691546678,79.1845108393,85.6202777778,90.7691546678,90.7691546678,extra_trees_hard_gate,physics_gate,90.7691546678,88.1518055555,85.1620856754,84.7758423883,90.7691546678,90.7691546678,90.7691546678,79.1845183846
538009615,190.408611111,1,46.6986111111,103.049722222,82.2150490886,81.382494748,75.8911111111,82.2150490886,82.2150490886,hist_gb_hard_gate,physics_gate,81.7987719183,81.7987719183,78.5753395616,81.382494748,82.2150490886,82.2150490886,82.2150490886,72.1286185655
538009968,68.2436111111,3,62.6433640576,67.3097222222,72.2356208832,72.1628605968,67.3097222222,72.2356208832,72.2356208832,hist_gb_hard_gate,physics_gate,72.2356208832,69.7362914095,68.9828184775,63.0897602126,72.2356208832,72.2356208832,72.2356208832,70.613923264
538009987,84.0602777778,0,86.2708013847,79.2452777778,83.1151487318,97.44882227,85.6202777778,83.1151487318,83.1151487323,logit_soft_gate,SOFT:corridor_graph_gate,83.1151487318,84.3677132548,85.8025794456,97.44882227,83.1151487318,83.1151487318,83.1151487318,83.1151487323
538010211,-12.6144444444,3,-105.649506355,-139.610277778,-139.610277778,-76.6613697777,-139.610277778,-139.610277778,-139.610277778,hist_gb_hard_gate,route,-76.6613697777,-139.610277778,-123.458664541,-108.898283506,-76.6613697777,-76.6613697777,-139.610277778,-106.115783064
538010262,64.9925,1,46.6986111111,70.1394444444,70.1394444444,75.6438259752,57.4575,70.1394444444,70.1394444444,hist_gb_hard_gate,route,70.1394444444,70.1394444444,65.0363784032,75.6438259752,75.6438259752,57.4575,70.1394444444,63.7899978861
538010540,96.8438888889,2,76.6224929705,115.341388889,97.606199775,92.88427996,90.5836111111,97.606199775,97.606199775,extra_trees_hard_gate,physics_gate,97.606199775,95.2452398675,95.1073620801,89.8736313663,97.606199775,97.606199775,97.606199775,92.8842823363
538010653,90.6833333333,3,128.03576844,318.020277778,318.020277778,86.7705905549,303.231666667,318.020277778,318.020277778,hist_gb_hard_gate,route,318.020277778,310.625972222,245.349809833,144.795471098,318.020277778,303.231666667,318.020277778,231.667269371
538010874,2.93777777778,0,19.6237981859,2.26111111111,4.31070311757,5.72480529231,2.26111111111,4.26813968532,4.38296463874,logit_soft_gate,SOFT:physics_gate,4.31070311757,4.28942140145,6.40827808389,5.72480529231,4.26813968532,4.26813968532,4.26813968532,4.38296463874
538011225,13.5269444444,0,34.9430668934,19.4041666667,14.496273423,12.9385985325,17.3766666667,14.496273423,14.8741276373,logit_soft_gate,SOFT:physics_gate,14.496273423,15.9364700449,18.9425076009,12.9385985325,14.496273423,14.496273423,14.496273423,14.8741276373
538011848,-79.6066666667,4,115.240189356,90.6833333333,90.6833333333,52.2396006932,38.715,90.6833333333,79.9530583121,logit_soft_gate,SOFT:route,90.6833333333,90.6833333333,79.7074650082,91.4198754129,52.2396006932,52.2396006932,52.2396006932,79.9530583121
538011969,34.5391666667,3,48.3297222222,35.1477777778,35.1477777778,27.9486580542,38.3211111111,35.1477777778,27.9486580542,hist_gb_hard_gate,tabular,27.9486580542,35.1477777778,36.6738041202,47.3722720311,27.9486580542,27.9486580542,27.9486580542,36.4930755568
538012456,-5.65111111111,1,109.400509473,84.285,84.285,-18.6357014639,47.5175,84.285,-18.6357014639,hist_gb_hard_gate,tabular,84.285,84.285,65.1895513349,-18.6357014639,-18.6357014639,-18.6357014639,-18.6357014639,26.2413532686
538071393,-2.32222222222,2,49.8680555556,24.1022222222,24.1022222222,9.4726856082,11.7391666667,24.1022222222,24.1022222222,extra_trees_hard_gate,route,24.1022222222,24.1022222222,23.8977624162,14.9605275839,49.8680555556,24.1022222222,49.8680555556,22.4550859024
538090701,297.199444444,3,48.3297222222,90.6488888889,90.6488888889,169.335930796,103.049722222,90.6488888889,48.3297222222,hist_gb_hard_gate,prior,169.335930796,90.6488888889,98.7770069845,53.5643820442,103.049722222,48.3297222222,48.3297222222,92.974333442
544203120,102.057222222,1,46.6986111111,40.9797222222,40.9797222222,49.9999238437,14.9733333333,40.9797222222,14.9733333333,hist_gb_hard_gate,learned_retrieval,43.8391666667,40.9797222222,39.1018391591,49.9999238437,14.9733333333,14.9733333333,14.9733333333,36.8164903083
548651000,-76.6530555556,4,-31.6055769231,-356.462777778,-356.462777778,-0.530885105003,-166.650833333,-356.462777778,-96.7033007324,logit_soft_gate,SOFT:tabular,-356.462777778,-261.556805555,-211.362604783,-342.444830472,-0.530885105003,-0.530885105003,-0.530885105003,-96.7033007324
563003300,46.5769444444,1,46.6986111111,65.5738888889,65.5738888889,52.7134404439,65.6369444444,65.5738888889,46.6986111111,hist_gb_hard_gate,prior,59.1436646664,65.5738888889,60.2951104444,52.7134404439,46.6986111111,46.6986111111,46.6986111111,58.310493309
563162400,372.982222222,1,46.6986111111,79.1775,79.1775,78.7852267242,79.1775,79.1775,46.6986111111,hist_gb_hard_gate,prior,78.9813633621,79.1775,73.6989729726,78.7852267242,46.6986111111,46.6986111111,46.6986111111,72.5546630241
563186100,82.6511111111,3,77.0214790099,90.6488888889,82.2913206581,101.509270986,90.6488888889,82.2913206581,90.6488888889,hist_gb_hard_gate,route,82.2913206581,86.4701047735,87.401861515,78.3251130554,82.2913206581,82.2913206581,90.6488888889,82.2913181461
563205300,67.0344444444,3,48.3297222222,61.9911111111,61.9911111111,53.8078515269,27.3138888889,61.9911111111,27.3138888889,hist_gb_hard_gate,learned_retrieval,53.8078515269,57.899481319,52.5707993286,46.3192920618,48.3297222222,27.3138888889,27.3138888889,45.3453572112
563246500,-654.671944444,2,76.6224929705,247.046944444,94.4681643045,87.86187461,85.6202777778,94.4681643045,94.4681643045,extra_trees_hard_gate,physics_gate,94.4681643045,91.1650194572,114.347986402,87.4951368621,94.4681643045,94.4681643045,94.4681643045,87.8618834905
563279900,34.4177777778,3,48.039529321,22.8505555556,30.5078787407,42.4737719889,25.5236111111,30.5078787407,22.8505555556,hist_gb_hard_gate,route,30.5078787407,30.5078787407,33.317204243,45.8855970767,30.5078787407,30.5078787407,22.8505555556,30.6110669058
563280700,49.8680555556,3,56.0858905845,67.3097222222,52.5094897844,78.5109521542,66.6188888889,52.5094897844,52.5094897844,hist_gb_hard_gate,physics_gate,52.5094897844,61.3523897367,62.2574055698,57.0935050404,52.5094897844,52.5094897844,52.5094897844,52.8883136023
564724000,14.0841666667,2,49.8680555556,47.1522222222,47.1522222222,57.1479729883,47.1530555556,47.1522222222,49.8680555556,extra_trees_hard_gate,prior,49.8680555556,47.1526388889,49.270958461,47.3683071128,57.1479729883,49.8680555556,57.1479729883,49.9440670706
565712000,53.4486111111,0,31.1558767361,18.59,25.2217423979,111.59481094,18.59,25.2217423979,60.0280090069,logit_soft_gate,SOFT:physics_gate,25.2217423979,25.2217423979,38.395695412,111.59481094,25.2217423979,25.2217423979,18.59,60.0280090069
566453000,83.8008333333,4,85.222142481,79.0844444444,82.9705919133,77.4161804413,79.0844444444,82.9705919133,82.9700444172,logit_soft_gate,SOFT:corridor_graph_gate,82.9705919133,81.0275181789,81.1247326063,79.307794347,82.9705919133,82.9705919133,82.9705919133,82.9700444172
566579000,3.88861111111,4,15.8764646465,4.87833333333,4.02450821724,33.3911216972,4.225,7.82902947485,4.60732043674,logit_soft_gate,SOFT:physics_gate,4.87833333333,6.35368140409,11.7040762282,5.43431230302,7.82902947485,7.82902947485,4.87833333333,4.60732043674
566722000,36.4436111111,4,48.3297222222,9.765,9.765,54.7382947292,38.3211111111,9.765,38.0201852629,logit_soft_gate,SOFT:learned_retrieval,48.3297222222,24.0430555556,28.4473546771,11.4425571691,38.3211111111,38.3211111111,38.3211111111,38.0201852629
577339000,88.0297222222,4,48.3297222222,-166.650833333,-166.650833333,-40.2741556767,-136.652222222,-166.650833333,-62.4076928837,logit_soft_gate,SOFT:prior,-166.650833333,-151.651527778,-104.758192613,-157.913953741,48.3297222222,48.3297222222,-166.650833333,-62.4076928837
578001200,7.66361111111,4,48.3297222222,11.9605555556,11.9605555556,35.5034573077,21.8616666667,11.9605555556,29.7925047431,logit_soft_gate,SOFT:learned_retrieval,11.9605555556,16.9111111111,23.5960854772,13.4493061169,21.8616666667,21.8616666667,35.5034573077,29.7925047431
605026210,34.4072222222,3,48.3297222222,27.5930555556,27.5930555556,49.5378457485,57.4363888889,27.5930555556,27.5930555556,hist_gb_hard_gate,route,27.5930555556,37.9613888889,39.6805205877,49.200890024,57.4363888889,27.5930555556,27.5930555556,45.8509216253
605076070,69.5616666667,2,49.8680555556,90.6833333333,90.6833333333,135.559073383,84.285,90.6833333333,135.559073383,extra_trees_hard_gate,tabular,135.559073383,90.6833333333,90.2936881564,81.658763719,135.559073383,135.559073383,135.559073383,93.4804839851
613404821,368.455555556,1,46.6986111111,96.8438888889,96.8438888889,157.412067725,83.1661111111,96.8438888889,157.412067725,hist_gb_hard_gate,tabular,96.8438888889,96.8438888889,96.3014094357,157.412067725,157.412067725,157.412067725,157.412067725,111.694719757
613471602,367.818333333,1,46.6986111111,87.8477777778,87.8477777778,123.97514037,97.9855555556,87.8477777778,123.97514037,hist_gb_hard_gate,tabular,87.8477777778,87.8477777778,88.7004400617,123.97514037,123.97514037,123.97514037,123.97514037,96.9940361729
613992601,64.6044444444,2,49.8680555556,67.055,67.055,54.3197608195,68.2436111111,67.055,68.2436111111,extra_trees_hard_gate,learned_retrieval,49.8680555556,67.055,62.2660712477,66.7676057588,68.2436111111,68.2436111111,68.2436111111,59.9477374978
629009126,96.3855555556,3,48.3297222222,9.765,9.765,33.278763482,9.26722222222,9.765,48.3297222222,hist_gb_hard_gate,prior,48.3297222222,9.765,20.0284513211,44.5929002321,48.3297222222,48.3297222222,48.3297222222,26.071788378
630001201,29.0869444444,1,46.6986111111,60.2488888889,60.2488888889,56.5339206965,2.93777777778,60.2488888889,60.2488888889,hist_gb_hard_gate,route,58.3914047927,58.3914047927,47.819496042,56.5339206965,2.93777777778,56.5339206965,60.2488888889,41.7367290101
636011638,63.5813888889,3,48.3297222222,79.1775,79.1775,77.4554049719,60.2488888889,79.1775,48.3297222222,hist_gb_hard_gate,prior,77.4554049719,78.3164524859,70.5944193472,49.4699412073,48.3297222222,60.2488888889,48.3297222222,65.206072042
636012378,44.8680555556,2,50.0126759084,64.9925,64.9925,63.8534327907,50.4611111111,64.9925,50.4611111111,extra_trees_hard_gate,learned_retrieval,50.0126759084,64.4229663954,59.8841199684,50.6585480275,50.0126759084,50.4611111111,50.0126759084,56.567273094
636013095,64.7330555556,1,49.5912037037,54.7930555556,54.7930555556,45.1075915725,54.7930555556,54.7930555556,45.1075915725,hist_gb_hard_gate,tabular,52.1921296296,54.7930555556,52.3118362498,45.1075915725,45.1075915725,54.7930555556,45.1075915725,51.6879989553
636014168,12.5461111111,2,39.8744166142,63.5813888889,13.7176446819,12.5811548186,10.3208333333,11.8744073095,11.8744073095,extra_trees_hard_gate,corridor_graph_gate,13.7176446819,13.1493997502,25.3249742744,13.5180205105,11.8744073095,11.8744073095,13.7176446819,11.8753369055
636015710,100.489444444,0,50.8336111111,64.9925,64.9925,50.5888024317,79.4730555556,64.9925,63.4459368221,logit_soft_gate,SOFT:learned_retrieval,64.9925,64.9925,62.6454948497,50.5888024317,79.4730555556,79.4730555556,79.4730555556,63.4459368221
636015940,38.6913888889,4,48.3297222222,115.341388889,115.341388889,150.094767496,318.020277778,115.341388889,263.194124051,logit_soft_gate,SOFT:learned_retrieval,150.094767496,115.341388889,143.744822361,112.984620576,318.020277778,318.020277778,318.020277778,263.194124051
636016014,94.4358333333,1,46.6986111111,54.0963888889,54.0963888889,51.8685802961,44.8680555556,54.0963888889,46.6986111111,hist_gb_hard_gate,prior,52.9824845925,52.9824845925,50.9540689382,51.8685802961,46.6986111111,46.6986111111,46.6986111111,49.386489731
636016205,45.0263888889,3,48.3297222222,25.0463888889,25.0463888889,80.0667431167,77.9036111111,25.0463888889,77.9036111111,hist_gb_hard_gate,learned_retrieval,80.0667431167,36.6880555556,46.9065405195,51.1588385955,77.9036111111,77.9036111111,77.9036111111,61.011891957
636017773,87.8477777778,3,81.5162195276,81.3805555556,83.1908217786,94.456776146,84.0602777778,83.1908217786,83.1908217786,hist_gb_hard_gate,physics_gate,83.1908217786,83.1908217786,84.6325787607,81.7595908636,83.1908217786,83.1908217786,83.1908217786,83.1908214663
636018276,10.6444444444,1,39.988587963,15.5044444444,4.5579140492,4.1095353327,15.5044444444,4.62305002402,4.5579140492,hist_gb_hard_gate,physics_gate,10.0311792468,10.0637472342,14.047996043,4.1095353327,4.62305002402,4.62305002402,4.5579140492,16.0397377419
636018323,47.1522222222,1,46.6986111111,22.0844444444,22.0844444444,40.2617937952,19.2561111111,22.0844444444,22.0844444444,hist_gb_hard_gate,route,31.1731191198,22.0844444444,28.7449748918,40.2617937952,22.0844444444,22.0844444444,22.0844444444,28.0848225002
636018629,47.7572222222,2,49.8680555556,76.2652777778,76.2652777778,90.9571353943,52.4452777778,76.2652777778,90.9571353943,extra_trees_hard_gate,tabular,90.9571353943,76.2652777778,70.3443836769,52.6228599212,90.9571353943,90.9571353943,90.9571353943,69.6784860124
636018926,75.9636111111,4,48.3297222222,59.9638888889,59.9638888889,134.799585029,303.231666667,59.9638888889,260.296131852,logit_soft_gate,SOFT:learned_retrieval,134.799585029,59.9638888889,111.042106764,59.8949042412,303.231666667,303.231666667,303.231666667,260.296131852
636019542,65.5738888889,3,48.3297222222,46.5769444444,46.5769444444,19.2636924427,75.9841666667,46.5769444444,75.9841666667,hist_gb_hard_gate,learned_retrieval,46.5769444444,46.5769444444,47.2180691108,50.975219467,75.9841666667,75.9841666667,75.9841666667,45.885736934
636019819,95.2236111111,2,63.357986522,89.0002777778,81.000889834,109.221747152,82.6511111111,81.000889834,81.000889834,extra_trees_hard_gate,physics_gate,81.000889834,81.8260004725,84.3721503718,81.2232127858,81.000889834,81.000889834,81.000889834,109.221741268
636019983,760.620833333,4,48.3297222222,53.6988888889,53.6988888889,110.559153238,57.5136111111,53.6988888889,68.3059197882,logit_soft_gate,SOFT:tabular,110.559153238,53.6988888889,62.9165255397,53.7774288681,110.559153238,110.559153238,57.5136111111,68.3059197882
636020064,70.4255555556,4,48.3297222222,40.7847222222,40.7847222222,62.2880300616,50.1938888889,40.7847222222,50.2896511363,logit_soft_gate,SOFT:learned_retrieval,62.2880300616,44.5572222222,47.1943013065,41.1757440118,50.1938888889,48.3297222222,48.3297222222,50.2896511363
636020328,124.724722222,2,49.8680555556,90.5836111111,90.5836111111,189.737264319,90.6488888889,90.5836111111,189.737264319,extra_trees_hard_gate,tabular,189.737264319,90.5836111111,100.334173683,87.4144415926,189.737264319,189.737264319,189.737264319,115.797371768
636020540,92.9991666667,1,46.6986111111,47.5175,47.5175,48.6300384675,48.3297222222,47.5175,47.5175,hist_gb_hard_gate,route,47.5175,47.5175,47.7018119668,48.6300384675,48.6300384675,48.3297222222,47.5175,47.5725088825
636020938,78.1888888889,1,46.6986111111,124.724722222,124.724722222,134.13963489,85.6202777778,124.724722222,134.13963489,hist_gb_hard_gate,tabular,124.724722222,124.724722222,106.772115074,134.13963489,134.13963489,134.13963489,134.13963489,108.824223388
636020986,61.695,1,46.6986111111,70.1394444444,70.1394444444,65.1892956382,58.2141666667,70.1394444444,70.1394444444,hist_gb_hard_gate,route,67.6643700413,67.6643700413,63.4200677915,65.1892956382,46.6986111111,46.6986111111,70.1394444444,62.6195385189
636021078,25.8052777778,0,50.8336111111,7.10861111111,7.10861111111,34.5612143034,7.10861111111,7.10861111111,25.2042182487,logit_soft_gate,SOFT:prior,50.8336111111,7.10861111111,18.9715449765,34.5612143034,7.10861111111,50.8336111111,50.8336111111,25.2042182487
636021161,182.796111111,0,50.8336111111,79.2452777778,79.2452777778,111.459381466,78.1888888889,79.2452777778,82.1616743724,logit_soft_gate,SOFT:tabular,111.459381466,79.2452777778,79.7029524666,111.459381466,111.459381466,111.459381466,111.459381466,82.1616743724
636021246,7.10861111111,4,32.8113001315,8.88638888889,6.77705512169,8.33062624149,10.3208333333,8.97755453604,8.81370501457,logit_soft_gate,SOFT:route,6.77705512169,8.93197171246,12.6839597088,9.78641789023,8.97755453604,8.97755453604,8.88638888889,8.81370501457
636021362,22.8505555556,0,50.8336111111,34.4177777778,34.4177777778,98.8904286417,40.9797222222,34.4177777778,59.9746945117,logit_soft_gate,SOFT:prior,34.4177777778,37.69875,48.9928492181,98.8904286417,34.4177777778,34.4177777778,34.4177777778,59.9746945117
636021365,41.7258333333,3,48.3297222222,64.0183333333,64.0183333333,84.1813704836,46.5769444444,64.0183333333,46.5769444444,hist_gb_hard_gate,learned_retrieval,84.1813704836,64.0183333333,61.8571728584,48.1620468675,48.3297222222,48.3297222222,46.5769444444,57.3957281409
636021513,81.255,0,50.8336111111,81.0472222222,81.0472222222,53.8681325503,81.0472222222,81.0472222222,68.1430571753,logit_soft_gate,SOFT:learned_retrieval,81.0472222222,81.0472222222,71.4817720917,53.8681325503,53.8681325503,81.0472222222,53.8681325503,68.1430571753
636021596,48.7227777778,4,52.0974691358,55.1116666667,43.5716299342,46.2653466836,55.1116666667,43.5716299342,45.3745162995,logit_soft_gate,SOFT:corridor_graph_gate,43.5716299342,49.1814079097,49.2882348369,54.9541900745,43.5716299342,43.5716299342,43.5716299342,45.3745162995
636021665,41.3936111111,4,48.3297222222,43.6044444444,34.9104767259,36.2982009177,42.1702777778,34.9104767259,36.3390935989,logit_soft_gate,SOFT:physics_gate,36.2982009177,39.2342393478,40.037266469,43.746622096,34.9104767259,34.9104767259,48.3297222222,36.3390935989
636021700,-356.462777778,3,-55.0081391385,-120.646388889,-120.646388889,-69.1033788421,-120.646388889,-120.646388889,-69.1033788421,hist_gb_hard_gate,tabular,-69.1033788421,-120.646388889,-101.116178923,-61.287267588,-69.1033788421,-69.1033788421,-69.1033788421,-89.7824190124
636021702,17.0086111111,4,48.3297222222,47.1522222222,47.1522222222,45.3631445913,19.2561111111,47.1522222222,42.0341879989,logit_soft_gate,SOFT:prior,47.1522222222,47.1522222222,42.4009407652,47.1878078446,48.3297222222,48.3297222222,48.3297222222,42.0341879989
636021733,16.7352777778,4,35.6920841552,17.3766666667,16.7041404182,20.0862718467,17.3766666667,16.7041404182,17.074361847,logit_soft_gate,SOFT:physics_gate,16.7041404182,17.3766666667,20.6566616953,18.0811735905,16.7041404182,16.7041404182,16.7041404182,17.074361847
636021739,1.41805555556,1,46.6986111111,38.3283333333,38.3283333333,44.1990969539,35.1477777778,38.3283333333,46.6986111111,hist_gb_hard_gate,prior,41.2637151436,38.3283333333,40.1717476405,44.1990969539,38.3283333333,44.1990969539,46.6986111111,40.9918487822
636021781,76.2652777778,4,48.3297222222,37.5897222222,37.5897222222,68.915067507,48.3297222222,37.5897222222,47.3417546649,logit_soft_gate,SOFT:learned_retrieval,37.5897222222,42.9597222222,46.390613103,38.1498672806,48.3297222222,48.3297222222,48.3297222222,47.3417546649
636022183,3.93583333333,1,23.0883838384,2.26111111111,6.06083662684,-1.4822339298,2.26111111111,4.28765451133,2.26111111111,hist_gb_hard_gate,route,4.16097386897,3.27438281122,6.0794772115,-1.4822339298,4.28765451133,4.28765451133,2.26111111111,8.4908457381
636022522,75.9841666667,0,59.3086111111,52.7875,52.7875,64.0741714967,66.6188888889,52.7875,59.3658719204,logit_soft_gate,SOFT:tabular,64.0741714967,56.0480555556,58.0606952495,64.0741714967,66.6188888889,64.0741714967,66.6188888889,59.3658719204
636022541,18.0111111111,2,49.8680555556,35.1477777778,35.1477777778,42.5122489936,50.1938888889,35.1477777778,35.1477777778,extra_trees_hard_gate,route,49.8680555556,38.8300133857,41.3362544619,49.9268094313,50.1938888889,35.1477777778,50.1938888889,44.1134142492
636022867,67.5058333333,1,46.6986111111,65.6369444444,65.6369444444,52.0493701987,69.0719444444,65.6369444444,46.6986111111,hist_gb_hard_gate,prior,58.8431573215,65.6369444444,60.7884598479,52.0493701987,69.0719444444,46.6986111111,46.6986111111,59.1523490254
636022905,57.4680555556,0,45.3517499357,47.1522222222,47.1522222222,34.225253533,43.6044444444,47.1522222222,42.8687398129,logit_soft_gate,SOFT:route,34.225253533,46.2519860789,44.10635243,34.225253533,45.3517499357,45.3517499357,43.6044444444,42.8687398129
636023127,14.9733333333,2,49.8680555556,40.9797222222,40.9797222222,88.07821713,40.9797222222,40.9797222222,40.9797222222,extra_trees_hard_gate,route,88.07821713,40.9797222222,50.3108602624,41.6844538434,40.9797222222,40.9797222222,40.9797222222,55.070466302
636023250,46.2247222222,0,50.8336111111,54.0591666667,54.0591666667,48.395523488,52.7875,54.0591666667,51.4601926182,logit_soft_gate,SOFT:tabular,48.395523488,53.4233333334,52.3656890999,48.395523488,50.8336111111,52.7875,54.0591666667,51.4601926182
636023526,38.3211111111,1,46.6986111111,40.9797222222,40.9797222222,36.0793929713,34.5391666667,40.9797222222,46.6986111111,hist_gb_hard_gate,prior,40.9797222222,40.9797222222,40.0427229026,36.0793929713,46.6986111111,36.0793929713,46.6986111111,39.5157657086
636023809,75.8911111111,0,81.6484923872,85.6202777778,75.0880292036,75.8699073,81.3805555556,75.0880292036,75.0880292037,logit_soft_gate,SOFT:corridor_graph_gate,75.0880292036,78.6252314278,79.1158819046,75.8699073,75.0880292036,75.0880292036,75.0880292036,75.0880292037
636024336,711.461944444,1,46.6986111111,38.3283333333,38.3283333333,40.0861496262,18.59,38.3283333333,18.59,hist_gb_hard_gate,learned_retrieval,39.2072414797,38.3283333333,36.7266267895,40.0861496262,18.59,18.59,18.59,33.7208630371
636024536,52.4452777778,3,47.2383680556,46.4047222222,54.4937940966,98.4044894478,46.4047222222,54.4937940966,54.4937940966,hist_gb_hard_gate,physics_gate,54.4937940966,50.8660810761,57.9066483568,47.1586192919,54.4937940966,54.4937940966,54.4937940966,54.4044078475
636024606,36.4069444444,3,48.3297222222,74.0866666667,74.0866666667,75.1804619233,48.3297222222,74.0866666667,48.3297222222,hist_gb_hard_gate,prior,75.1804619233,74.0866666667,65.683317728,48.3297222222,48.3297222222,48.3297222222,48.3297222222,58.2477060309
636024786,74.3922222222,4,63.336446978,51.7697222222,69.603998073,64.5318383545,66.6188888889,69.603998073,69.5983540268,logit_soft_gate,SOFT:corridor_graph_gate,69.603998073,65.5753636217,64.2441487649,52.26927903,69.603998073,69.603998073,63.336446978,69.5983540268
636024805,27.5413888889,1,46.6986111111,71.5641666667,71.5641666667,46.2434196166,47.5175,71.5641666667,46.6986111111,hist_gb_hard_gate,prior,59.1313888889,59.5408333334,59.1920051213,46.2434196166,46.6986111111,46.6986111111,46.6986111111,52.8677847118
636024824,647.133888889,4,48.3297222222,85.6202777778,85.6202777778,147.13978405,90.6488888889,85.6202777778,93.9656459367,logit_soft_gate,SOFT:learned_retrieval,147.13978405,85.6202777778,90.4965380824,84.517340739,147.13978405,147.13978405,147.13978405,93.9656459367
636024855,72.7880555556,3,80.1242578976,84.0602777778,86.0197092116,111.081730516,84.0602777778,86.0197092116,86.0197092116,hist_gb_hard_gate,physics_gate,86.0197092116,85.0399934947,88.5609937321,80.500787962,86.0197092116,86.0197092116,86.0197092116,86.0197088152
636024939,54.13,2,49.8680555556,65.5738888889,65.5738888889,43.1153263165,46.4288888889,65.5738888889,46.4288888889,extra_trees_hard_gate,learned_retrieval,43.1153263165,57.7209722222,56.0223229046,47.0085364321,46.4288888889,46.4288888889,46.4288888889,51.4286958407
636025061,58.6833333333,3,48.3297222222,76.2652777778,76.2652777778,44.6522868366,46.5769444444,76.2652777778,46.5769444444,hist_gb_hard_gate,learned_retrieval,48.3297222222,62.2975,61.3924644728,48.1620468675,48.3297222222,48.3297222222,46.5769444444,52.4251683703
636025888,12.1338888889,2,39.0368378492,59.5738888889,59.5738888889,52.4586046829,5.76138888889,59.5738888889,5.76138888889,extra_trees_hard_gate,learned_retrieval,39.0368378492,56.0162467859,45.9964163479,9.26252232718,5.76138888889,5.76138888889,5.76138888889,28.4000721137
636025912,21.8638888889,2,49.8680555556,70.1394444444,70.1394444444,54.1254672478,49.2836111111,70.1394444444,49.8680555556,extra_trees_hard_gate,prior,54.1254672478,62.1324558461,60.6159112079,49.6643465535,49.8680555556,49.8680555556,49.8680555556,56.3315970366
636092313,39.0594444444,0,50.8336111111,81.0472222222,81.0472222222,55.142545909,54.13,81.0472222222,59.347218861,logit_soft_gate,SOFT:learned_retrieval,50.8336111111,68.0948840656,67.2079706144,55.142545909,50.8336111111,50.8336111111,55.142545909,59.347218861
636092552,90.6488888889,0,75.3896928419,81.2930555556,82.5747423128,97.8813227246,82.6511111111,82.5747423128,82.5747423131,logit_soft_gate,SOFT:corridor_graph_gate,82.5747423128,82.5747423128,83.7274444765,97.8813227246,82.5747423128,82.5747423128,82.5747423128,82.5747423131
636093132,74.0866666667,0,50.8336111111,47.5175,47.5175,42.8416103415,52.7094444444,47.5175,49.5748161827,logit_soft_gate,SOFT:learned_retrieval,50.8336111111,47.5175,48.1561943162,42.8416103415,42.8416103415,52.7094444444,42.8416103415,49.5748161827
636093171,46.4288888889,0,50.8336111111,54.13,54.13,51.576455785,52.7875,54.13,52.3828684251,logit_soft_gate,SOFT:tabular,51.576455785,53.45875,52.9312611494,51.576455785,50.8336111111,52.7875,50.8336111111,52.3828684251
636093237,208.744166667,4,48.3297222222,74.0866666667,74.0866666667,70.6066634185,91.735,74.0866666667,73.5752642951,logit_soft_gate,SOFT:learned_retrieval,74.0866666667,74.0866666667,72.1552309401,73.0975537948,91.735,91.735,91.735,73.5752642951
636093368,52.7875,4,55.907710363,51.7697222222,50.6956510234,43.9883617087,51.7697222222,50.6956510234,51.0310338193,logit_soft_gate,SOFT:corridor_graph_gate,50.6956510234,51.2326866228,50.8044697605,51.8873900669,50.6956510234,50.6956510234,51.7697222222,51.0310338193
647553008,69.0719444444,0,184.50377341,303.231666667,303.231666667,59.6851858038,-5.65111111111,303.231666667,120.006640439,logit_soft_gate,SOFT:tabular,303.231666667,243.867720039,191.372141351,59.6851858038,59.6851858038,59.6851858038,59.6851858038,120.006640439
667001639,48.3297222222,2,50.0126759084,50.2191666667,50.2191666667,69.4283383627,30.7016666667,50.2191666667,30.7016666667,extra_trees_hard_gate,learned_retrieval,69.4283383627,50.2191666667,50.1333634897,32.5457217218,30.7016666667,30.7016666667,30.7016666667,49.9496119935
667002240,60.2488888889,2,60.8210011835,43.8797222222,56.9866766151,73.0049864416,64.0183333333,56.9866766151,56.9866766151,extra_trees_hard_gate,physics_gate,56.9866766151,58.9038388993,59.2828994018,63.4419289118,56.9866766151,56.9866766151,56.9866766151,73.0030926623
667002260,318.020277778,1,76.4947132616,274.720555556,274.720555556,135.182146637,303.231666667,274.720555556,135.182146637,hist_gb_hard_gate,tabular,204.951351096,274.720555556,223.178365539,135.182146637,135.182146637,135.182146637,135.182146637,205.532053681
667002373,-128.244166667,2,49.8680555556,78.9519444444,78.9519444444,83.6552299499,2.93777777778,78.9519444444,83.6552299499,extra_trees_hard_gate,tabular,49.8680555556,78.9519444444,62.2194827694,7.87754036474,83.6552299499,83.6552299499,49.8680555556,66.8789703827
671500100,101.826388889,2,49.8680555556,81.0472222222,81.0472222222,67.882320773,76.2652777778,81.0472222222,81.0472222222,extra_trees_hard_gate,route,81.0472222222,78.65625,72.8595534622,74.2489866052,81.0472222222,81.0472222222,49.8680555556,70.4805695671
671562100,40.6058333333,4,48.3297222222,37.9788888889,37.9788888889,44.9067133487,44.5888888889,37.9788888889,44.6938283158,logit_soft_gate,SOFT:learned_retrieval,37.9788888889,41.2838888889,41.9603318544,38.4037185758,44.5888888889,48.3297222222,48.3297222222,44.6938283158
672296000,42.2341666667,2,49.8680555556,54.1683333333,54.1683333333,66.5371375339,52.2075,54.1683333333,66.5371375339,extra_trees_hard_gate,tabular,66.5371375339,54.1683333333,55.1862821816,52.053451292,66.5371375339,66.5371375339,66.5371375339,56.1096709283
677089900,85.1122222222,0,50.8336111111,81.0472222222,81.0472222222,48.3635405389,87.4213888889,81.0472222222,69.655045172,logit_soft_gate,SOFT:learned_retrieval,50.8336111111,81.0472222222,71.6267012009,48.3635405389,48.3635405389,87.4213888889,87.4213888889,69.655045172
