row_index,prediction_h,neighbour_count,nearest_distance,median_neighbour_distance,similarity_gap,gate_used,nearest_index,nearest_target_h,nearest_weight,neighbour_indices,candidate,outer_fold,query_mmsi,nearest_mmsi
6,-17.3619444444,3,0.246697366702,0.512028832981,1.07553424597,destination,122,-17.3619444444,0.617668321717,122;120;107,moco_tcn64,0,215232000,249281000
10,-186.653611111,8,0.017337454604,0.119719015588,3.44187898183,destination,261,-186.653611111,0.865179841191,261;283;193;192;266;70;157;4,moco_tcn64,0,215498000,538003678
11,-15.3402777778,9,0.0101180910814,0.0861937447067,0.226854135409,destination_fallback_global,96,-1851.15305556,0.889240309688,96;132;116;114;299;122;133;27;244,moco_tcn64,0,215826000,247362500
20,57.5136111111,9,0.0211855785899,0.236314191139,5.436378581,destination_fallback_global,25,57.5136111111,0.914251073244,25;332;239;18;163;302;297;211;32,moco_tcn64,0,219210000,228481700
21,38.3283333333,9,0.0272158374013,0.0540984266087,0.0826980047758,destination_fallback_global,301,34.4177777778,0.604665408686,301;360;50;140;213;238;356;349;113,moco_tcn64,0,219303000,563279900
22,-120.646388889,9,0.0305543748459,0.138531410903,0.354212525894,destination,72,-201.613888889,0.802070168323,72;80;242;105;104;91;101;94;92,moco_tcn64,0,219432000,247131100
24,52.7875,9,0.171503567847,0.391031381601,0.108775630559,destination,376,52.7875,0.644943315261,376;379;211;302;173;246;240;8;363,moco_tcn64,0,219608000,636093368
29,82.6511111111,6,1.00795756471,1.25634574407,0.121036998375,destination,124,81.2930555556,0.44829977297,124;298;331;247;255;25,moco_tcn64,0,229456000,249433000
30,2378.25222222,3,1.38732702231,1.57474343474,0.135091733542,destination,75,2378.25222222,0.414374110263,75;17;81,moco_tcn64,0,229471000,247153450
31,175.056111111,9,0.0124411483231,0.110266218783,3.67482035876,destination_fallback_global,332,760.620833333,0.893304040939,332;18;32;25;249;163;223;336;247,moco_tcn64,0,229548000,636019983
34,84.285,9,0.0175175887989,0.0226170652302,0.0609262980476,destination_fallback_global,36,85.6202777778,0.4609204999,36;286;219;300;257;220;124;293;227,moco_tcn64,0,232012490,232058998
35,54.0591666667,9,0.0134965530133,0.107411784317,2.00584974681,destination_fallback_global,131,54.0591666667,0.881921312213,131;318;323;284;260;289;235;246;363,moco_tcn64,0,232026551,253000158
37,3.88861111111,9,0.0478732553334,0.212313073112,1.2160020576,destination,306,3.88861111111,0.798129626088,306;206;26;115;58;351;123;189;130,moco_tcn64,0,232061535,566579000
38,115.341388889,9,0.0376780606102,0.0906438083489,0.931131765499,destination_fallback_global,203,272.909722222,0.659896917661,203;285;44;60;252;274;186;185;300,moco_tcn64,0,232062004,314001113
41,18.7561111111,9,0.387797493753,1.09433019572,0.223857608593,destination,63,47.5175,0.701615512523,63;243;291;207;46;244;289;145;254,moco_tcn64,0,236623000,247018700
42,52.7094444444,9,0.063846400401,0.147238553539,0.614877742892,destination_fallback_global,146,72.305,0.648154904432,146;264;272;200;182;364;194;16;348,moco_tcn64,0,238066000,255915798
49,232.388333333,9,0.34598376651,0.690789828333,0.525949135428,destination,253,334.89,0.606013853004,253;227;286;52;249;145;223;63;216,moco_tcn64,0,241287000,461000284
53,301.943611111,9,0.0712017413557,0.153205576152,0.0819404757566,destination,249,426.029722222,0.628294414796,249;223;52;254;216;253;177;380;175,moco_tcn64,0,241745000,431048000
68,59.5738888889,6,0.109237057358,0.194069328858,0.226359953473,destination,142,83.2125,0.569568363086,142;138;143;205;3;344,moco_tcn64,0,247095300,255915683
69,-76.6530555556,9,0.0314937013511,0.0997317777429,0.444959133668,destination,0,-20.6094444444,0.729216931965,0;119;346;92;101;94;84;105;295,moco_tcn64,0,247100900,210627000
79,-5.64222222222,3,0.563062512758,0.687311399595,0.220666238689,destination,120,-5.64222222222,0.440773229447,120;122;107,moco_tcn64,0,247241800,249146000
89,30.1,9,0.0234162737664,0.0980038220227,1.70920262337,destination_fallback_global,98,32.5116666667,0.787468231041,98;103;207;315;104;294;178;65;158,moco_tcn64,0,247319800,247383400
93,-17.3619444444,3,0.201754283685,0.308923296953,0.531185813307,destination,122,-17.3619444444,0.52043587334,122;120;107,moco_tcn64,0,247349400,249281000
95,15.9166666667,9,0.0120321856079,0.12369312492,1.9803276147,destination_fallback_global,77,15.9166666667,0.90730692553,77;48;64;13;17;178;245;103;45,moco_tcn64,0,247355500,247219700
97,-139.610277778,8,0.0809431037957,0.442312056419,1.85573099213,destination,157,-139.610277778,0.832768160499,157;283;193;192;261;266;70;4,moco_tcn64,0,247382800,256515000
102,-5.64222222222,3,0.536840146206,0.582840719404,0.0856876549239,destination,122,-17.3619444444,0.398090774113,122;120;107,moco_tcn64,0,247415100,249281000
106,5.33888888889,9,0.0372364853077,0.122601910307,0.286896693397,destination_fallback_global,292,-2.32222222222,0.738068501108,292;130;340;115;86;237;267;137;206,moco_tcn64,0,247432200,538071393
110,46.4047222222,6,0.037619185288,0.271711676764,1.27502641533,destination,161,46.4047222222,0.870704530691,161;172;154;98;238;361,moco_tcn64,0,247530400,256885000
118,6.19583333333,9,0.0193232355692,0.053083929371,1.53794261813,destination_fallback_global,23,6.19583333333,0.694882224218,23;253;26;279;256;351;311;58;227,moco_tcn64,0,249022000,219550000
125,3.88861111111,9,0.277523151992,0.631121580787,0.26345713738,destination,115,-738.6,0.644210273893,115;237;130;206;306;58;351;123;26,moco_tcn64,0,249596000,248422000
134,95.2236111111,9,0.0549921928734,0.0799393766081,0.119093485618,destination_fallback_global,313,367.818333333,0.502618566182,313;51;273;361;121;331;174;224;298,moco_tcn64,0,255805849,613471602
144,-356.462777778,9,0.232183085699,0.471652108505,0.0493486667628,destination,67,-595.088611111,0.611233548326,67;346;84;119;92;82;0;162;105,moco_tcn64,0,255915737,247077700
147,-36.7822222222,9,0.0122123328205,0.288449356122,0.873755266999,destination,91,4084.76305556,0.958545857048,91;242;104;80;72;295;2;101;105,moco_tcn64,0,255915800,247333600
148,50.2191666667,9,0.0156438959618,0.0627609678887,0.613382604431,destination_fallback_global,16,78.6966666667,0.779376103062,16;272;364;200;378;57;335;362;208,moco_tcn64,0,255915967,219028212
149,18.59,9,0.013003213973,0.0286515744165,0.102272547927,destination_fallback_global,356,14.9733333333,0.63518472174,356;213;360;113;301;140;50;238;135,moco_tcn64,0,255916537,636023127
152,-166.650833333,9,0.128408285244,0.282011864024,0.00471242089263,destination,114,-27.9525,0.634239032284,114;67;92;105;162;0;94;101;72,moco_tcn64,0,256227000,248333000
155,22.0844444444,9,0.00256939295123,0.0234788772731,2.52136914511,destination_fallback_global,327,47.1522222222,0.896341111129,327;15;209;303;112;108;143;88;3,moco_tcn64,0,256392000,636018323
156,38.3425,9,0.0040970644763,0.0467741955679,2.82782274846,destination_fallback_global,150,22.8913888889,0.916134208547,150;181;233;245;204;164;143;195;209,moco_tcn64,0,256436000,255970000
159,50.9091666667,6,0.0305028420804,0.385035318331,7.16343707876,destination,238,50.9091666667,0.923835832255,238;98;172;161;154;361,moco_tcn64,0,256714000,357463000
166,37.8808333333,9,0.00640410519597,0.0280500069035,2.36007018625,destination_fallback_global,349,1.41805555556,0.795877269177,349;140;168;135;50;301;151;107;187,moco_tcn64,0,271000748,636021739
167,47.5175,9,0.0421049359701,0.1536277045,0.0574471394565,destination_fallback_global,165,60.9197222222,0.760277908662,165;63;191;243;358;364;109;333;208,moco_tcn64,0,271002572,271000677
180,64.6044444444,9,0.0339830584521,0.0501133286735,0.0133580909039,destination_fallback_global,284,64.9925,0.507568221331,284;289;281;235;314;337;131;318;363,moco_tcn64,0,304204000,538010262
215,47.1522222222,9,0.0823218430861,0.0916689449559,0.0746793767715,destination_fallback_global,15,22.0844444444,0.407369700734,15;138;310;88;327;2;143;319;303,moco_tcn64,0,352002170,215993000
217,85.6202777778,9,0.0348722432136,0.0376219598058,0.025157048405,destination_fallback_global,334,124.724722222,0.395774004741,334;169;225;271;78;365;36;311;253,moco_tcn64,0,352002310,636020328
222,50.2191666667,9,0.0742689185249,0.123001607202,0.476621238694,destination_fallback_global,362,36.4069444444,0.546727673052,362;16;350;272;364;117;146;368;109,moco_tcn64,0,352004590,636024606
226,78.9519444444,9,0.000966790129678,0.0126965124463,4.44432477023,destination_fallback_global,175,78.9519444444,0.926680792305,175;366;322;241;177;312;380;252;274,moco_tcn64,0,352005357,273276260
228,75.5544444444,9,0.0138138503662,0.0609449174686,0.00353560808639,destination_fallback_global,5,84.3366666667,0.797190795509,5;244;160;235;284;289;179;127;314,moco_tcn64,0,352006086,215178000
230,68.2436111111,9,0.00952593028123,0.0516035489341,3.07197692434,destination_fallback_global,281,68.2436111111,0.8314381592,281;363;289;284;235;160;5;314;337,moco_tcn64,0,352604000,538009968
231,65.6369444444,9,0.0693059040142,0.157008226755,0.0403502382366,destination,246,51.7697222222,0.643125272287,246;173;363;240;281;302;211;376;379,moco_tcn64,0,353589000,403532001
234,50.9091666667,6,0.414409761192,0.979549056481,1.27717906726,destination,361,52.4452777778,0.655038167777,361;98;238;161;172;154,moco_tcn64,0,356324000,636024536
250,51.7697222222,9,0.0243355654817,0.137270147599,3.55700930129,destination_fallback_global,370,21.8638888889,0.837543324909,370;19;211;302;376;367;131;323;246,moco_tcn64,0,431476000,636025912
251,50.7580555556,9,0.0474336365207,0.110365119247,0.651602676311,destination_fallback_global,370,21.8638888889,0.650646824787,370;211;302;376;19;367;131;323;368,moco_tcn64,0,440252000,636025912
258,18.59,6,0.155517516989,0.406676337765,0.00442387650336,destination,62,18.9361111111,0.682214585265,62;213;48;77;135;99,moco_tcn64,0,511100560,246518000
259,41.3936111111,9,0.0464266504298,0.151955213306,0.564915222196,destination_fallback_global,347,17.0086111111,0.736733897718,347;55;345;327;3;15;108;112;310,moco_tcn64,0,538001657,636021702
262,80.7813888889,9,0.0444524853751,0.0678004302945,0.143741163294,destination_fallback_global,210,87.4213888889,0.519111171128,210;218;127;160;318;248;5;284;244,moco_tcn64,0,538004518,319301000
268,90.5836111111,9,0.007288823238,0.0927241314898,0.631412100707,destination,285,96.8438888889,0.924402570922,285;44;273;366;300;214;236;36;279,moco_tcn64,0,538006774,538010540
270,87.4213888889,9,0.0327600035796,0.150787630685,1.25516993422,destination_fallback_global,218,54.0963888889,0.804721339457,218;382;210;330;127;71;323;179;318,moco_tcn64,0,538007504,352002473
275,2.26111111111,9,0.0262656582815,0.396515336108,0.0199772041979,destination,351,3.93583333333,0.935905081179,351;123;26;58;306;206;141;115;189,moco_tcn64,0,538009052,636022183
276,65.5738888889,9,0.071674613565,0.187231399621,0.820805264214,destination_fallback_global,218,54.0963888889,0.681940411014,218;330;382;127;323;317;350;8;210,moco_tcn64,0,538009159,352002473
282,81.3805555556,9,0.0238309145555,0.0866817455225,0.0408047400461,destination,300,-654.671944444,0.759629657042,300;36;236;366;271;214;285;225;44,moco_tcn64,0,538009987,563246500
287,2.26111111111,9,0.00547711347143,0.425725657968,0.303293167974,destination,123,2.26111111111,0.987217045856,123;351;26;58;306;206;115;141;189,moco_tcn64,0,538010874,249414000
288,17.3766666667,4,0.119403416706,0.258643801198,0.971422197454,destination,209,17.3766666667,0.630241653659,209;181;150;348,moco_tcn64,0,538011225,319076100
304,18.59,6,0.898124768474,1.12812120651,0.116074121464,destination,99,15.5044444444,0.451073782404,99;135;213;62;48;77,moco_tcn64,0,565712000,247392600
321,75.5544444444,9,0.0681307622855,0.0932192329183,0.119414643072,destination_fallback_global,248,81.0472222222,0.481491866486,248;281;160;5;363;235;289;284;210,moco_tcn64,0,636015710,428002000
338,5.33888888889,9,0.030894755179,0.0510386061053,0.136053450267,destination_fallback_global,340,7.10861111111,0.54589900345,340;86;115;237;292;137;12;130;59,moco_tcn64,0,636021078,636021246
339,77.9036111111,9,0.0249367114774,0.122663512052,0.579116002145,destination_fallback_global,239,44.8425,0.816038587218,239;163;336;25;229;324;199;225;332,moco_tcn64,0,636021161,357983000
341,34.4177777778,9,0.00561851435552,0.0689480902405,3.40480832104,destination_fallback_global,238,50.9091666667,0.921742803116,238;113;356;213;294;360;301;188;151,moco_tcn64,0,636021362,357463000
343,87.4213888889,9,0.0386525473203,0.0892568930204,0.80309398638,destination_fallback_global,218,54.0963888889,0.64852915594,218;179;127;382;210;244;160;318;248,moco_tcn64,0,636021513,352002473
352,66.6188888889,9,0.0496416795907,0.259909997886,0.933098217958,destination,240,66.6188888889,0.826136179919,240;363;173;246;281;376;8;302;379,moco_tcn64,0,636022522,372119000
355,22.0844444444,9,0.00566425429329,0.0160879074695,0.915797841967,destination_fallback_global,327,47.1522222222,0.703222820114,327;209;303;15;112;108;143;233;3,moco_tcn64,0,636022905,636018323
357,52.7875,9,0.00827321309952,0.0532419557781,0.208565446132,destination_fallback_global,376,52.7875,0.85608211553,376;211;19;302;367;342;368;370;246,moco_tcn64,0,636023250,636093368
359,81.3805555556,9,0.104882824209,0.258763729402,0.25246818251,destination,225,74.8519444444,0.666761584478,225;271;279;183;305;36;236;214;9,moco_tcn64,0,636023809,352004810
371,51.7697222222,9,0.078554023709,0.120756907296,0.0654273140264,destination_fallback_global,71,30.8516666667,0.521777665776,71;323;318;370;19;246;131;367;211,moco_tcn64,0,636092313,247104500
372,82.6511111111,6,0.0222582349687,0.19946702576,5.92713232749,destination,124,81.2930555556,0.894412193117,124;298;247;331;25;255,moco_tcn64,0,636092552,249433000
373,50.2191666667,9,0.0751928136854,0.142424962319,0.104570625193,destination_fallback_global,182,25.5877777778,0.58981469107,182;57;335;378;264;146;200;272;208,moco_tcn64,0,636093132,304578000
374,52.7875,9,0.0210411482763,0.0752700783239,0.160527286393,destination_fallback_global,376,52.7875,0.756129969273,376;367;211;19;302;368;342;370;246,moco_tcn64,0,636093171,636093368
377,301.943611111,9,0.325706096867,0.431026777989,0.163725742219,destination,289,-79.6066666667,0.469704431121,289;216;145;249;174;254;244;380;175,moco_tcn64,0,647553008,538011848
385,87.4213888889,9,0.046300141705,0.158036942049,0.642744474317,destination_fallback_global,179,102.308611111,0.746044244153,179;382;218;244;127;210;114;71;160,moco_tcn64,0,677089900,275497000
6,-17.3619444444,3,0.0891502102453,0.137526329066,0.542636059837,destination,122,-17.3619444444,0.522964843742,122;120;107,masked_transformer_mae64,0,215232000,249281000
10,-186.653611111,8,0.00695918775565,0.0301843737945,0.656478803446,destination,261,-186.653611111,0.794091983784,261;193;283;70;192;157;266;4,masked_transformer_mae64,0,215498000,538003678
11,10.5536111111,9,0.00311283606901,0.0257832250895,1.94277035144,destination_fallback_global,132,-15.3402777778,0.886272282515,132;198;299;114;116;96;14;45;122,masked_transformer_mae64,0,215826000,255779000
20,83.1661111111,9,0.0022756770792,0.0300600960365,4.93041109454,destination_fallback_global,25,57.5136111111,0.92709035133,25;332;239;32;18;163;249;223;247,masked_transformer_mae64,0,219210000,228481700
21,34.4177777778,9,0.0106310420069,0.0316987317506,1.04081957439,destination_fallback_global,360,711.461944444,0.715068083671,360;213;238;301;356;50;113;140;349,masked_transformer_mae64,0,219303000,636024336
22,-120.646388889,9,0.00220195050794,0.0513579383797,14.5427720836,destination,72,-201.613888889,0.958031530076,72;105;242;80;114;101;94;104;91,masked_transformer_mae64,0,219432000,247131100
24,60.2488888889,9,0.0575548621854,0.131473750695,0.851105784005,destination,379,60.2488888889,0.645476196805,379;8;173;240;376;246;211;302;363,masked_transformer_mae64,0,219608000,667002240
29,83.1661111111,6,0.75851035831,0.828870553066,0.0474192120873,destination,124,81.2930555556,0.400471302684,124;298;331;247;255;25,masked_transformer_mae64,0,229456000,249433000
30,2378.25222222,3,0.698884874806,1.00307113177,0.435245156859,destination,75,2378.25222222,0.49820428319,75;81;17,masked_transformer_mae64,0,229471000,247153450
31,175.056111111,9,0.00292744679055,0.0130324637418,1.80586959572,destination_fallback_global,332,760.620833333,0.798813902803,332;25;32;18;249;223;163;247;329,masked_transformer_mae64,0,229548000,636019983
34,90.6833333333,9,0.00551756034513,0.00845086062453,0.200485189442,destination_fallback_global,300,-654.671944444,0.520534440948,300;36;257;61;220;286;128;196;293,masked_transformer_mae64,0,232012490,563246500
35,54.0591666667,9,0.00374369170533,0.0153995433294,0.0571922362988,destination_fallback_global,131,54.0591666667,0.784189896549,131;318;323;284;289;235;370;71;160,masked_transformer_mae64,0,232026551,253000158
37,3.88861111111,9,0.0134880079316,0.144009439271,0.0523973799605,destination,206,4.225,0.910591780808,206;306;115;189;130;237;351;123;26,masked_transformer_mae64,0,232061535,314509000
38,96.8438888889,9,0.00851477601917,0.0304556659619,1.04619334956,destination_fallback_global,203,272.909722222,0.756101710746,203;60;300;263;252;66;285;44;186,masked_transformer_mae64,0,232062004,314001113
41,-5.65111111111,9,0.132965762167,0.509655892715,0.141618145807,destination,63,47.5175,0.770363181821,63;243;244;289;291;207;46;254;145,masked_transformer_mae64,0,236623000,247018700
42,68.4872222222,9,0.0141941004387,0.0422332087258,0.455469697865,destination_fallback_global,146,72.305,0.714559785492,146;264;364;272;16;200;208;378;57,masked_transformer_mae64,0,238066000,255915798
49,232.388333333,9,0.139256708122,0.205045718455,0.0367854792261,destination,286,90.6833333333,0.507048026306,286;227;253;145;52;252;216;249;223,masked_transformer_mae64,0,241287000,538010653
53,303.231666667,9,0.00942231965439,0.0203434497154,0.0296754366786,destination,249,426.029722222,0.629290468897,249;223;52;216;254;380;253;174;175,masked_transformer_mae64,0,241745000,431048000
68,59.5738888889,6,0.0234455767966,0.0349022233743,0.367095918348,destination,142,83.2125,0.510813750203,142;138;143;205;344;3,masked_transformer_mae64,0,247095300,255915683
69,-20.6094444444,9,0.00505954066685,0.0399392003644,0.0162042439673,destination,0,-20.6094444444,0.881014609128,0;119;92;101;94;67;346;295;105,masked_transformer_mae64,0,247100900,210627000
79,-5.64222222222,3,0.26403221616,0.508932298398,0.927538638275,destination,120,-5.64222222222,0.595236576558,120;122;107,masked_transformer_mae64,0,247241800,249146000
89,18.5783333333,9,0.0120417275689,0.0559249863671,1.28618197147,destination_fallback_global,98,32.5116666667,0.806283972043,98;103;73;242;171;13;315;178;104,masked_transformer_mae64,0,247319800,247383400
93,-5.64222222222,3,0.105994663206,0.121297461038,0.144373286059,destination,120,-5.64222222222,0.41734555104,120;122;107,masked_transformer_mae64,0,247349400,249146000
95,15.9166666667,9,0.00143000083378,0.02177599173,1.00485466876,destination_fallback_global,77,15.9166666667,0.936441065905,77;48;13;64;178;103;17;171;14,masked_transformer_mae64,0,247355500,247219700
97,-139.610277778,8,0.0357073073609,0.11710231833,0.953370344387,destination,157,-139.610277778,0.737179397605,157;283;70;193;261;192;266;4,masked_transformer_mae64,0,247382800,256515000
102,-5.64222222222,3,0.174676797731,0.315391257295,0.805570409988,destination,120,-5.64222222222,0.574737653345,120;122;107,masked_transformer_mae64,0,247415100,249146000
106,7.10861111111,9,0.00974915470346,0.0314252016267,0.0398051171156,destination_fallback_global,340,7.10861111111,0.733275613343,340;115;130;87;137;9;206;28;269,masked_transformer_mae64,0,247432200,636021246
110,46.4047222222,6,0.0128404418589,0.158113206451,0.683363607009,destination,161,46.4047222222,0.92199965246,161;154;172;98;238;361,masked_transformer_mae64,0,247530400,256885000
118,6.19583333333,9,0.00309553598101,0.0047445973972,0.126656077495,destination_fallback_global,23,6.19583333333,0.520776736813,23;256;26;279;351;227;123;286;253,masked_transformer_mae64,0,249022000,219550000
125,4.225,9,0.188755714598,0.50352505776,0.265332568553,destination,237,11.7391666667,0.687379620295,237;130;115;206;306;189;141;123;351,masked_transformer_mae64,0,249596000,356794000
134,89.0002777778,9,0.021868983192,0.0296853658086,0.202143871435,destination_fallback_global,313,367.818333333,0.478694633323,313;51;121;123;361;273;174;351;44,masked_transformer_mae64,0,255805849,613471602
144,-356.462777778,9,0.0304247523906,0.100113758432,0.84364659075,destination,346,-356.462777778,0.737933320588,346;67;0;82;119;84;92;162;101,masked_transformer_mae64,0,255915737,636021700
147,-36.7822222222,9,0.0117577544949,0.0797492964553,0.212114823731,destination,242,-36.7822222222,0.862919424599,242;91;104;80;72;101;105;94;2,masked_transformer_mae64,0,255915800,373026000
148,50.2191666667,9,0.0133841723858,0.016433077707,0.0803505037972,destination_fallback_global,378,48.3297222222,0.442876047765,378;362;272;200;16;335;57;350;208,masked_transformer_mae64,0,255915967,667001639
149,18.59,9,0.00510461141188,0.021182277379,0.925755339148,destination_fallback_global,356,14.9733333333,0.785853403056,356;213;113;301;360;140;135;50;238,masked_transformer_mae64,0,255916537,636023127
152,-120.646388889,9,0.0539509122643,0.100664733762,0.114504749226,destination,92,-2457.65333333,0.58511521333,92;114;105;67;94;101;0;72;162,masked_transformer_mae64,0,256227000,247343900
155,22.0844444444,9,0.00054627379801,0.0040141967704,2.26114205705,destination_fallback_global,327,47.1522222222,0.872768046028,327;209;15;303;112;233;108;3;204,masked_transformer_mae64,0,256392000,636018323
156,54.7930555556,9,0.0019382300842,0.00628233891869,1.80105541577,destination_fallback_global,150,22.8913888889,0.734532924539,150;143;88;319;164;181;138;245;33,masked_transformer_mae64,0,256436000,255970000
159,50.9091666667,6,0.021111911255,0.418333242248,10.8568482891,destination,238,50.9091666667,0.950785559717,238;361;98;161;172;154,masked_transformer_mae64,0,256714000,357463000
166,37.8808333333,9,0.00355640671232,0.0232805820716,2.02955731166,destination_fallback_global,349,1.41805555556,0.85833330135,349;140;168;50;135;301;151;356;113,masked_transformer_mae64,0,271000748,636021739
167,47.5175,9,0.0237229052074,0.08738396719,1.02009794138,destination_fallback_global,165,60.9197222222,0.76225135008,165;243;63;191;358;43;362;333;367,masked_transformer_mae64,0,271002572,271000677
180,64.6044444444,9,0.0058012004438,0.00838294711944,0.141800079173,destination_fallback_global,289,-79.6066666667,0.500561914952,289;284;235;314;131;281;318;337;370,masked_transformer_mae64,0,304204000,538011848
215,47.1530555556,9,0.00702530386278,0.00985605988762,0.384195644517,destination_fallback_global,15,22.0844444444,0.490274275855,15;143;138;88;303;209;327;319;112,masked_transformer_mae64,0,352002170,215993000
217,85.6202777778,9,0.00300202951229,0.00609868722207,0.163707404823,destination_fallback_global,169,67.055,0.611254472799,169;365;36;334;78;124;311;271;128,masked_transformer_mae64,0,352002310,271044383
222,52.7094444444,9,0.0262430173578,0.039728942043,0.169502057926,destination_fallback_global,16,78.6966666667,0.516566303283,16;117;272;146;264;57;200;378;335,masked_transformer_mae64,0,352004590,219028212
226,78.9519444444,9,0.000306686141964,0.00502783068468,5.89647511678,destination_fallback_global,175,78.9519444444,0.940825397271,175;366;177;241;219;252;298;322;274,masked_transformer_mae64,0,352005357,273276260
228,75.5544444444,9,0.00214171329904,0.01096633427,0.515285647044,destination_fallback_global,5,84.3366666667,0.822588728596,5;160;244;235;289;284;127;314;179,masked_transformer_mae64,0,352006086,215178000
230,68.2436111111,9,0.00255898433175,0.0129823732683,1.1912651815,destination_fallback_global,281,68.2436111111,0.821098489785,281;363;337;160;289;284;235;5;314,masked_transformer_mae64,0,352604000,538009968
231,52.7875,9,0.0109991656691,0.0256354751763,0.542851823804,destination,246,51.7697222222,0.651120640039,246;363;173;302;281;211;240;376;8,masked_transformer_mae64,0,353589000,403532001
234,50.9091666667,6,0.0503616602956,0.685954207741,1.80661259069,destination,361,52.4452777778,0.929211966544,361;238;98;161;172;154,masked_transformer_mae64,0,356324000,636024536
250,54.0591666667,9,0.00404749907732,0.0273243136519,1.72120559338,destination_fallback_global,370,21.8638888889,0.862320631581,370;131;318;323;71;19;284;289;235,masked_transformer_mae64,0,431476000,636025912
251,50.7580555556,9,0.00600922004845,0.0301176318918,1.6536018061,destination_fallback_global,370,21.8638888889,0.819119754932,370;131;211;302;19;323;318;376;284,masked_transformer_mae64,0,440252000,636025912
258,18.59,6,0.0957463636255,0.439221086744,1.86921489809,destination,213,18.59,0.80413245967,213;135;62;48;77;99,masked_transformer_mae64,0,511100560,352001323
259,42.1702777778,9,0.0148440322141,0.02893396225,0.361652678339,destination_fallback_global,347,17.0086111111,0.598677971025,347;345;3;55;327;310;290;112;195,masked_transformer_mae64,0,538001657,636021702
262,80.7813888889,9,0.00466215352677,0.0113484501131,0.379884391489,destination_fallback_global,127,92.2597222222,0.66310725864,127;218;160;210;71;318;5;248;284,masked_transformer_mae64,0,538004518,249697000
268,90.5836111111,9,0.00225482584233,0.0178892939752,0.537392003446,destination,285,96.8438888889,0.881576664076,285;44;300;273;366;36;236;214;279,masked_transformer_mae64,0,538006774,538010540
270,81.0472222222,9,0.00269118979336,0.0201918386805,4.50485716577,destination_fallback_global,218,54.0963888889,0.875219062801,218;210;127;71;382;248;350;153;323,masked_transformer_mae64,0,538007504,352002473
275,2.26111111111,9,0.00604073802018,0.0943333292463,0.0390191989943,destination,123,2.26111111111,0.937971142982,123;351;26;58;141;306;206;189;115,masked_transformer_mae64,0,538009052,249414000
276,66.6188888889,9,0.0107589614065,0.0300420648288,0.491367193906,destination_fallback_global,218,54.0963888889,0.69898227751,218;350;382;317;362;210;127;330;240,masked_transformer_mae64,0,538009159,352002473
282,81.3805555556,9,0.00582591541777,0.0163098141912,0.210802138877,destination,36,85.6202777778,0.699630421477,36;300;236;271;285;366;44;225;214,masked_transformer_mae64,0,538009987,232058998
287,2.26111111111,9,0.00117898369671,0.119267800915,0.270973537086,destination,123,2.26111111111,0.990163517661,123;351;26;58;141;306;206;189;115,masked_transformer_mae64,0,538010874,249414000
288,19.4041666667,4,0.0242025341993,0.0563940874474,0.894233541653,destination,209,17.3766666667,0.651050584166,209;181;150;348,masked_transformer_mae64,0,538011225,319076100
304,18.59,6,0.203729918411,0.754913644906,0.0821084786561,destination,213,18.59,0.763477351485,213;135;62;48;99;77,masked_transformer_mae64,0,565712000,352001323
321,80.7813888889,9,0.0195382384624,0.0316019202569,0.368017318649,destination_fallback_global,248,81.0472222222,0.538880674736,248;363;281;210;160;5;244;127;284,masked_transformer_mae64,0,636015710,428002000
338,7.10861111111,9,0.00725577733346,0.0160945845874,0.0849548330145,destination_fallback_global,237,11.7391666667,0.637104849393,237;137;340;115;86;292;309;59;87,masked_transformer_mae64,0,636021078,356794000
339,78.1888888889,9,0.00336184669317,0.0191179247286,0.144507763799,destination_fallback_global,239,44.8425,0.838745556604,239;163;336;225;25;271;332;32;52,masked_transformer_mae64,0,636021161,357983000
341,38.3283333333,9,0.00150268862561,0.0316752153036,11.2476538403,destination_fallback_global,238,50.9091666667,0.953667197362,238;113;356;360;213;301;294;50;140,masked_transformer_mae64,0,636021362,357463000
343,81.0472222222,9,0.00583825249731,0.0186713704409,0.403038715282,destination_fallback_global,218,54.0963888889,0.731480487243,218;127;71;210;160;248;179;244;5,masked_transformer_mae64,0,636021513,352002473
352,66.6188888889,9,0.00920999600653,0.0623485532509,1.78079361295,destination,240,66.6188888889,0.862674459727,240;363;173;246;281;376;211;8;302,masked_transformer_mae64,0,636022522,372119000
355,43.6044444444,9,0.000961392960745,0.00307845337532,0.328579088441,destination_fallback_global,327,47.1522222222,0.731763875086,327;209;303;112;15;233;3;195;204,masked_transformer_mae64,0,636022905,636018323
357,52.7875,9,0.00178029242244,0.0263971885306,0.191496427486,destination_fallback_global,211,50.7580555556,0.934781467767,211;376;302;19;367;246;370;337;131,masked_transformer_mae64,0,636023250,338619000
359,81.3805555556,9,0.00707524731,0.0299990232268,0.32324136821,destination,225,74.8519444444,0.789899737572,225;271;236;279;214;325;36;285;273,masked_transformer_mae64,0,636023809,352004810
371,51.7697222222,9,0.00533113435859,0.0174573507202,0.262748169713,destination_fallback_global,323,94.4358333333,0.736842957916,323;318;71;131;284;370;246;19;289,masked_transformer_mae64,0,636092313,636016014
372,82.6511111111,6,0.00225999112872,0.0212216782412,6.05429466374,destination,124,81.2930555556,0.898980030016,124;298;247;331;25;255,masked_transformer_mae64,0,636092552,249433000
373,50.2191666667,9,0.0239349598342,0.0500611406496,0.0105920369219,destination_fallback_global,57,26.4461111111,0.619951176268,57;335;378;182;350;333;200;272;208,masked_transformer_mae64,0,636093132,241953000
374,52.7875,9,0.00853852479723,0.0215757672587,0.0316319253969,destination_fallback_global,19,58.2141666667,0.67317762367,19;376;211;367;302;246;323;131;370,masked_transformer_mae64,0,636093171,219133000
377,-79.6066666667,9,0.103632010983,0.407924146354,0.200419150049,destination,289,-79.6066666667,0.775655145022,289;244;243;291;63;207;145;174;252,masked_transformer_mae64,0,647553008,538011848
385,87.4213888889,9,0.00910042423685,0.0231461793944,0.709784093018,destination_fallback_global,179,102.308611111,0.674912810316,179;382;218;244;127;210;153;248;71,masked_transformer_mae64,0,677089900,275497000
0,-136.652222222,9,0.0453419000975,0.0809041848363,0.136011115333,destination,92,-2457.65333333,0.570958078271,92;69;101;94;119;105;162;346;67,moco_tcn64,1,210627000,247343900
3,55.1116666667,5,0.119387849153,0.318527757252,1.66479292968,destination,143,55.1116666667,0.68741888244,143;142;205;68;344,moco_tcn64,1,215035000,255915693
8,65.6369444444,9,0.0939013025706,0.458731858249,1.00894734418,destination,379,60.2488888889,0.814893716968,379;173;231;240;24;352;246;363;302,moco_tcn64,1,215282000,667002240
16,48.3297222222,9,0.00594679280508,0.0116928673182,0.462465096485,destination_fallback_global,148,37.5897222222,0.601347121956,148;200;264;378;146;57;109;208;41,moco_tcn64,1,219028212,255915967
17,44.5888888889,9,0.00379771982271,0.0398158290187,1.54355411196,destination_fallback_global,178,71.3927777778,0.909025473792,178;13;383;65;154;33;184;245;142,moco_tcn64,1,219031822,275488000
18,83.1661111111,9,0.00743293707902,0.0242599803381,0.915944474702,destination_fallback_global,53,48.4636111111,0.736101860364,53;31;332;223;249;247;176;329;254,moco_tcn64,1,219110000,241745000
26,2.26111111111,9,0.0173268868076,0.347833182466,1.16906886554,destination,123,2.26111111111,0.951406575712,123;287;275;58;37;306;206;189;115,moco_tcn64,1,229331000,249414000
28,25.0463888889,9,0.00728821983125,0.0222690637183,0.434483567146,destination_fallback_global,87,25.0463888889,0.720881846557,87;305;206;306;49;9;369;7;37,moco_tcn64,1,229412000,247310200
32,57.5136111111,9,0.00912502842572,0.0547043168255,1.1159063267,destination_fallback_global,332,760.620833333,0.846363478182,332;31;53;25;223;239;329;20;52,moco_tcn64,1,229648000,636019983
43,59.8719444444,9,0.0287592674562,0.125268796122,1.38864600481,destination_fallback_global,333,70.4255555556,0.794867013484,333;153;232;208;353;212;167;378;136,moco_tcn64,1,240544000,636020064
48,15.9166666667,5,0.0171403195372,0.49074735468,26.5622448939,destination,77,15.9166666667,0.965675934236,77;99;258;213;304,moco_tcn64,1,240942000,247219700
51,95.2236111111,9,0.0186382111383,0.0594361756986,0.784661328792,destination_fallback_global,273,89.0002777778,0.730823264961,273;361;174;44;331;175;268;298;226,moco_tcn64,1,241618000,538008070
55,15.5044444444,9,0.00233289241874,0.0350613644892,1.05796659325,destination_fallback_global,347,17.0086111111,0.935627912439,347;288;345;259;99;187;155;355;15,moco_tcn64,1,241859000,636021702
60,205.648333333,9,0.0221070574603,0.0554324151766,0.346492969362,destination_fallback_global,61,230.653333333,0.671117524149,61;128;234;293;300;34;36;197;384,moco_tcn64,1,244865000,245278000
62,15.9166666667,5,0.370903875207,0.711225243093,0.804920555052,destination,258,14.895,0.593629509989,258;77;213;304;99,moco_tcn64,1,246518000,511100560
66,230.653333333,9,0.010034518992,0.0433538470701,0.346978449003,destination_fallback_global,61,230.653333333,0.793377402698,61;128;197;234;36;293;365;34;300,moco_tcn64,1,247069600,245278000
81,-117.643055556,9,0.0214475693931,0.0377933041228,0.0217258709077,destination_fallback_global,92,-2457.65333333,0.566942981633,92;261;1;10;283;76;105;133;192,moco_tcn64,1,247278300,247343900
86,-2422.87055556,4,0.372360219054,0.529479049995,0.30545247868,destination,74,-2422.87055556,0.494970209875,74;85;100;73,moco_tcn64,1,247306670,247147120
108,22.0844444444,9,0.0136661326367,0.0329472520329,0.13262870675,destination_fallback_global,15,22.0844444444,0.660480130109,15;155;355;345;288;99;209;347;110,moco_tcn64,1,247483800,215993000
111,19.2561111111,9,0.034638106155,0.0587012019906,0.23343794774,destination_fallback_global,99,15.5044444444,0.554285764716,99;15;110;155;355;187;288;345;209,moco_tcn64,1,248089000,247392600
112,19.2561111111,9,0.00191809834959,0.0122194113543,0.775680202433,destination_fallback_global,303,14.0841666667,0.854728486767,303;209;355;155;310;233;15;143;181,moco_tcn64,1,248105000,564724000
117,63.5813888889,9,0.0371563638174,0.0863966330179,0.284366971456,destination_fallback_global,379,60.2488888889,0.65046533857,379;276;222;342;317;218;330;270;24,moco_tcn64,1,249004000,667002240
124,90.6488888889,7,0.0183251966911,0.348263250058,11.7725171695,destination,372,90.6488888889,0.94874159735,372;247;298;331;25;255;29,moco_tcn64,1,249433000,636092552
126,89.0002777778,9,0.0982038703776,0.703787092197,1.42832139895,destination,221,111.593333333,0.869761421193,221;325;273;359;214;236;366;44;285,moco_tcn64,1,249611000,352004307
127,65.6369444444,9,0.0430387065382,0.111206486425,1.00935893483,destination_fallback_global,260,79.4730555556,0.679080125819,260;173;218;377;231;379;262;330;276,moco_tcn64,1,249697000,538002883
131,44.8680555556,9,0.0096524067521,0.179590647554,6.79621640465,destination_fallback_global,35,26.8955555556,0.947672110395,35;180;318;302;289;211;235;231;371,moco_tcn64,1,253000158,232026551
135,15.9166666667,5,0.200649516756,0.508543305942,0.107141262581,destination,99,15.5044444444,0.673978286398,99;213;304;258;77,moco_tcn64,1,255805866,247392600
137,7.66361111111,9,0.0287973640068,0.0966193859009,0.129746657988,destination_fallback_global,115,-738.6,0.742264563333,115;309;340;338;87;59;37;369;306,moco_tcn64,1,255805968,248422000
138,55.1116666667,5,0.00352461095616,0.147893427805,19.098257093,destination,143,55.1116666667,0.976449641921,143;142;68;205;344,moco_tcn64,1,255806044,255915693
139,15.5044444444,9,0.00295616681458,0.0355287704817,3.40691522431,destination_fallback_global,99,15.5044444444,0.920162611982,99;187;288;347;345;107;259;15;155,moco_tcn64,1,255806427,247392600
141,2.26111111111,9,0.100011718081,0.559884429726,0.230108827324,destination,275,-741.288611111,0.836415969553,275;287;123;37;58;306;206;115;189,moco_tcn64,1,255915609,538009052
157,-163.314166667,9,0.0403977983728,0.245538886842,0.723107808857,destination,97,-2281.43333333,0.848294776884,97;283;193;192;10;261;70;266;4,moco_tcn64,1,256515000,247382800
161,44.5888888889,8,0.0641466027429,0.409128292917,1.50655714956,destination,110,39.3958333333,0.854884865837,110;172;154;159;238;98;361;234,moco_tcn64,1,256885000,247530400
163,75.8911111111,9,0.0098503114053,0.0595227323946,0.871286421146,destination_fallback_global,339,182.796111111,0.847479841165,339;359;239;225;271;332;52;31;25,moco_tcn64,1,257824000,636021161
165,40.7847222222,9,0.0372800316251,0.144311612376,1.42199729484,destination_fallback_global,167,40.7847222222,0.772340249239,167;191;353;333;63;212;290;153;232,moco_tcn64,1,271000677,271002572
169,104.6475,9,0.0204486890498,0.0274380490965,0.102898868458,destination_fallback_global,365,647.133888889,0.474607277156,365;36;234;217;372;61;78;334;128,moco_tcn64,1,271044383,636024824
170,10.3208333333,3,1.14937999955,1.1813345219,0.027801529832,destination,121,10.3208333333,0.377966206564,121;340;320,moco_tcn64,1,271051063,249172000
182,52.7094444444,9,0.0416988854732,0.0530408239393,0.0420017824493,destination_fallback_global,378,48.3297222222,0.455588235591,378;264;200;57;41;146;208;373;148,moco_tcn64,1,304578000,667001639
195,34.4072222222,9,0.00834708109421,0.0186169858907,0.67223935579,destination_fallback_global,303,14.0841666667,0.638675772929,303;233;310;143;209;181;88;355;155,moco_tcn64,1,311000621,564724000
198,36.4436111111,9,0.0581609970049,0.0752936011027,0.124402915185,destination_fallback_global,299,67.0344444444,0.461877284663,299;14;307;11;132;27;96;212;122,moco_tcn64,1,311085000,563205300
203,230.653333333,9,0.0602616043625,0.0832205885088,0.0862527191022,destination_fallback_global,300,-654.671944444,0.48475147585,300;38;61;128;293;34;234;257;286,moco_tcn64,1,314001113,563246500
204,26.4025,9,0.00550442714737,0.0337083220737,0.875579594079,destination_fallback_global,181,19.4041666667,0.849339923367,181;233;209;143;156;303;110;164;88,moco_tcn64,1,314432000,304427000
210,66.6188888889,9,0.00938785417401,0.0608454072942,1.68210544567,destination_fallback_global,352,75.9841666667,0.857023218826,352;240;330;382;363;262;218;317;173,moco_tcn64,1,319301000,636022522
219,90.5836111111,9,0.020574041915,0.050281948972,0.576713615308,destination_fallback_global,186,320.296388889,0.664198972344,186;282;274;236;300;322;372;214;234,moco_tcn64,1,352003272,305715000
220,90.6833333333,9,0.00224185467535,0.0238231530669,1.21709926121,destination_fallback_global,257,3.05555555556,0.910188071809,257;286;227;34;293;279;128;61;282,moco_tcn64,1,352003495,477963900
224,250.311388889,9,0.00661749832843,0.0382981611677,0.227449362489,destination_fallback_global,331,95.2236111111,0.841315171636,331;277;273;39;174;298;216;226;366,moco_tcn64,1,352004690,636019819
241,81.3805555556,9,0.00651430794973,0.0285957327691,1.64896857997,destination_fallback_global,322,38.6913888889,0.796277930689,322;274;329;236;214;216;39;366;304,moco_tcn64,1,372668000,636015940
242,-62.65,9,0.0232659175895,0.118074241311,0.0511042572354,destination,147,-62.65,0.821153828625,147;91;104;22;80;72;101;105;295,moco_tcn64,1,373026000,255915800
243,47.5175,9,0.0661272419935,0.765717515702,3.51643073758,destination,63,47.5175,0.917264103689,63;41;46;289;53;244;254;249;207,moco_tcn64,1,373808000,247018700
248,74.3922222222,9,0.0145124856005,0.0638567674696,1.35563925185,destination_fallback_global,352,75.9841666667,0.79670866131,352;240;363;230;321;330;262;382;173,moco_tcn64,1,428002000,636022522
252,303.231666667,9,0.0214343595774,0.205911963863,1.39156401877,destination,175,78.9519444444,0.901139887713,175;174;177;216;223;249;52;254;286,moco_tcn64,1,461000256,273276260
267,69.0805555556,9,0.00579397253026,0.028359653344,0.910536349172,destination_fallback_global,7,69.0805555556,0.815215028211,7;9;49;206;183;369;87;189;305,moco_tcn64,1,538005853,215270000
272,52.7094444444,9,0.00472906246203,0.00904483964813,0.169016749917,destination_fallback_global,200,52.7094444444,0.592830670593,200;264;148;146;378;57;208;109;42,moco_tcn64,1,538007661,312107000
278,84.0602777778,9,0.136149514345,0.487651923945,0.80017778031,destination,305,83.8008333333,0.756393112892,305;9;279;183;36;282;300;268;271,moco_tcn64,1,538009214,566453000
280,91.9708333333,9,0.0192339883199,0.087736309494,1.03480568691,destination_fallback_global,253,334.89,0.803141028896,253;311;334;279;271;78;54;225;118,moco_tcn64,1,538009615,461000284
284,57.4575,9,0.0127446407141,0.0364876558738,0.194258137621,destination_fallback_global,289,-79.6066666667,0.705191158772,289;235;180;5;318;160;228;281;262,moco_tcn64,1,538010262,538011848
291,38.715,9,0.549254106583,0.972356733371,0.45402278021,destination,244,-2439.34805556,0.568434647174,244;377;145;289;49;41;286;227;175,moco_tcn64,1,538012456,374194000
294,14.895,9,0.0190789514629,0.0914614644563,0.0477431638337,destination_fallback_global,73,-2424.53972222,0.81171906011,73;258;341;238;159;213;207;89;315,moco_tcn64,1,544203120,247144750
296,65.5738888889,9,0.0246904256432,0.0504461273601,0.454829726985,destination_fallback_global,240,66.6188888889,0.612968673196,240;317;330;173;342;352;379;218;260,moco_tcn64,1,563003300,372119000
297,301.943611111,9,0.0341914907573,0.100796931293,0.73978672087,destination_fallback_global,20,692.941388889,0.712331686663,20;25;31;53;332;254;176;249;239,moco_tcn64,1,563162400,219210000
312,284.9025,9,0.00337653997896,0.0238508806396,2.32346579468,destination_fallback_global,322,38.6913888889,0.867995476265,322;39;177;366;277;247;216;226;274,moco_tcn64,1,613404821,636015940
313,89.0002777778,9,0.0174081146095,0.142263879479,1.21554950229,destination_fallback_global,121,10.3208333333,0.88482537942,121;361;134;325;273;255;174;268;46,moco_tcn64,1,613471602,249172000
316,65.6369444444,9,0.0822216495683,0.185639447804,0.8453366265,destination_fallback_global,377,69.0719444444,0.642164716577,377;134;121;145;185;260;173;231;328,moco_tcn64,1,630001201,647553008
319,54.7930555556,9,0.00339793141773,0.030921841824,1.08967917383,destination_fallback_global,88,54.7930555556,0.895934704296,88;164;143;142;383;33;245;156;181,moco_tcn64,1,636013095,247313600
323,44.8680555556,9,0.040630380099,0.149178341696,0.859422019243,destination_fallback_global,35,26.8955555556,0.761579190588,35;318;371;342;19;367;368;218;24,moco_tcn64,1,636016014,232026551
326,15.0325,9,0.0386305179323,0.0799725400911,0.291709712699,destination_fallback_global,187,2.09805555556,0.616900655879,187;107;99;347;288;345;259;348;168,moco_tcn64,1,636018276,308628000
327,22.0844444444,9,0.00479463968293,0.0405048125868,0.00989378941592,destination_fallback_global,15,22.0844444444,0.888365431274,15;155;355;209;303;345;288;310;347,moco_tcn64,1,636018323,215993000
335,48.3297222222,9,0.000132422675463,0.0135292414942,10.7905083264,destination_fallback_global,57,26.4461111111,0.990259859303,57;378;41;264;200;146;208;148;373,moco_tcn64,1,636020540,241953000
336,79.2452777778,9,0.00924224288103,0.0573858705936,0.295239720374,destination_fallback_global,359,75.8911111111,0.851245822539,359;225;271;339;52;253;311;334;78,moco_tcn64,1,636020938,636023809
337,68.2436111111,9,0.0369584603301,0.110677561301,0.0609802221637,destination_fallback_global,363,74.3922222222,0.716104539981,363;246;281;230;19;318;160;289;302,moco_tcn64,1,636020986,636024786
349,38.3283333333,9,0.0049513491355,0.0264484903169,0.185432180089,destination_fallback_global,140,38.3283333333,0.829271852089,140;166;50;168;301;151;149;107;21,moco_tcn64,1,636021739,255915592
351,2.26111111111,9,0.00176083416841,0.361837359331,3.9567227243,destination,123,2.26111111111,0.995145452425,123;287;275;58;37;306;206;189;115,moco_tcn64,1,636022183,249414000
354,69.0719444444,9,0.0385902199695,0.169226841775,2.71498632093,destination_fallback_global,377,69.0719444444,0.796093681093,377;260;134;173;121;231;321;379;185,moco_tcn64,1,636022867,647553008
358,34.5391666667,9,0.0137967383029,0.131560681652,3.09725344908,destination_fallback_global,191,22.3866666667,0.900441780326,191;290;353;344;205;212;167;259;233,moco_tcn64,1,636023526,310841000
360,18.59,9,0.00559578919439,0.0209866234252,1.08465907971,destination_fallback_global,213,18.59,0.76595183191,213;159;238;113;356;341;21;149;301,moco_tcn64,1,636024336,352001323
364,47.5175,9,0.0196786513665,0.0415713052758,0.0487011485993,destination_fallback_global,148,37.5897222222,0.622898917565,148;109;200;42;264;63;208;146;378,moco_tcn64,1,636024805,255915967
380,303.231666667,9,0.013730926157,0.0761127295684,0.35275596708,destination,175,78.9519444444,0.834934088714,175;174;216;177;254;249;223;52;53,moco_tcn64,1,667002260,273276260
0,-120.646388889,9,0.0116575310872,0.0479925746337,0.0280899519431,destination,69,-136.652222222,0.784347743283,69;119;101;94;92;162;105;346;295,masked_transformer_mae64,1,210627000,247100900
3,55.1116666667,5,0.0187660657692,0.103286406163,1.82819650014,destination,143,55.1116666667,0.833860130853,143;142;68;205;344,masked_transformer_mae64,1,215035000,255915693
8,60.2488888889,9,0.0927227915971,0.147312156046,0.196042869775,destination,173,65.6369444444,0.532895098721,173;379;231;211;240;302;246;376;363,masked_transformer_mae64,1,215282000,273267690
16,52.7094444444,9,0.00722267993663,0.0199851747476,0.681075705245,destination_fallback_global,200,52.7094444444,0.696698945477,200;264;378;57;146;148;208;41;63,masked_transformer_mae64,1,219028212,312107000
17,30.1,9,0.00123428668445,0.0326895429793,11.7844735053,destination_fallback_global,178,71.3927777778,0.96294609524,178;171;13;65;154;245;383;103;201,masked_transformer_mae64,1,219031822,275488000
18,83.1661111111,9,0.00199829143314,0.00438361899386,0.567695160602,destination_fallback_global,247,83.1661111111,0.633906209992,247;53;31;329;176;277;254;223;249,masked_transformer_mae64,1,219110000,403660000
26,2.26111111111,9,0.00079758225582,0.284249623703,2.69260409378,destination,123,2.26111111111,0.997198010979,123;287;58;275;189;306;37;206;115,masked_transformer_mae64,1,229331000,249414000
28,69.0805555556,9,0.00333831197398,0.00944524702373,1.31399321604,destination_fallback_global,206,4.225,0.702269327006,206;9;49;7;305;87;306;37;369,masked_transformer_mae64,1,229412000,314509000
32,75.9636111111,9,0.00240705986323,0.010674444241,1.29248790784,destination_fallback_global,332,760.620833333,0.798119102623,332;31;53;223;329;25;214;236;322,masked_transformer_mae64,1,229648000,636019983
43,59.8719444444,9,0.0156872756055,0.0753055276756,2.20838006366,destination_fallback_global,333,70.4255555556,0.811951182105,333;153;212;167;353;307;378;57;208,masked_transformer_mae64,1,240544000,636020064
48,15.9166666667,5,0.00536605353904,0.426175697538,41.7104426561,destination,77,15.9166666667,0.987487760453,77;99;213;258;304,masked_transformer_mae64,1,240942000,247219700
51,95.2236111111,9,0.00119796715677,0.00612176005236,1.78915608821,destination_fallback_global,273,89.0002777778,0.82226710709,273;331;174;175;226;44;298;39;366,masked_transformer_mae64,1,241618000,538008070
55,17.3766666667,9,0.000912643780835,0.0111125081968,5.74933696937,destination_fallback_global,288,13.5269444444,0.92115439924,288;345;347;15;155;355;209;303;215,masked_transformer_mae64,1,241859000,538011225
60,230.653333333,9,0.00541979788289,0.0129218247409,0.158462032878,destination_fallback_global,61,230.653333333,0.657421599359,61;128;197;234;293;36;217;365;257,masked_transformer_mae64,1,244865000,245278000
62,15.9166666667,5,0.219851113072,0.440045114276,0.377055323538,destination,77,15.9166666667,0.606767013528,77;258;213;99;304,masked_transformer_mae64,1,246518000,247219700
66,104.6475,9,0.00416009936016,0.010861807615,0.0208579199552,destination_fallback_global,61,230.653333333,0.681811201717,61;128;197;217;293;234;365;36;279,masked_transformer_mae64,1,247069600,245278000
81,-117.643055556,9,0.00506376391488,0.0256014429099,0.208228212669,destination_fallback_global,10,-117.643055556,0.820540401444,10;261;1;193;76;105;192;283;100,masked_transformer_mae64,1,247278300,215498000
86,-2422.87055556,4,0.200069597767,0.279461114171,0.197723206107,destination,74,-2422.87055556,0.488746114958,74;85;100;73,masked_transformer_mae64,1,247306670,247147120
108,19.2561111111,9,0.00375608144947,0.0116135857728,0.745061858312,destination_fallback_global,15,22.0844444444,0.723668880934,15;288;155;209;355;345;347;303;99,masked_transformer_mae64,1,247483800,215993000
111,15.5044444444,9,0.00344191457228,0.0316250275168,3.93293634685,destination_fallback_global,99,15.5044444444,0.896878256863,99;187;110;201;172;158;15;288;154,masked_transformer_mae64,1,248089000,247392600
112,34.4072222222,9,0.00101237584557,0.00499952857973,2.32727344403,destination_fallback_global,303,14.0841666667,0.816691169499,303;355;233;143;209;155;88;310;181,masked_transformer_mae64,1,248105000,564724000
117,60.2488888889,9,0.0218713164229,0.0978474530889,0.921022766165,destination_fallback_global,379,60.2488888889,0.799695189618,379;342;222;24;368;317;42;330;146,masked_transformer_mae64,1,249004000,667002240
124,90.6488888889,7,0.0027477877469,0.0278318852611,5.37949257685,destination,372,90.6488888889,0.905989058664,372;298;247;331;25;255;29,masked_transformer_mae64,1,249433000,636092552
126,91.9708333333,9,0.0194439523282,0.267951127034,6.60537155653,destination,221,111.593333333,0.93000502087,221;325;279;359;271;225;285;268;273,masked_transformer_mae64,1,249611000,352004307
127,74.6733333333,9,0.0107075879853,0.01733218249,0.0662644493975,destination_fallback_global,262,50.4611111111,0.539136508022,262;218;318;260;343;160;5;228;235,masked_transformer_mae64,1,249697000,538004518
131,33.7158333333,9,0.00298367437264,0.0191041162513,1.83137446342,destination_fallback_global,35,26.8955555556,0.855405494775,35;180;370;251;318;250;289;235;302,masked_transformer_mae64,1,253000158,232026551
135,18.59,5,0.0284999420781,0.168112487231,4.62557379881,destination,213,18.59,0.844062275163,213;258;304;99;77,masked_transformer_mae64,1,255805866,352001323
137,7.10861111111,9,0.009272420518,0.0531694139817,0.0634729960559,destination_fallback_global,115,-738.6,0.839965984851,115;340;338;237;309;130;106;292;59,masked_transformer_mae64,1,255805968,248422000
138,55.1116666667,5,0.00104934483245,0.0598490387212,10.9433182306,destination,143,55.1116666667,0.982619617624,143;142;68;205;344,masked_transformer_mae64,1,255806044,255915693
139,15.5044444444,9,0.000723831189939,0.0424292159191,17.0898819666,destination_fallback_global,99,15.5044444444,0.983084958067,99;187;110;288;15;201;158;172;345,masked_transformer_mae64,1,255806427,247392600
141,2.26111111111,9,0.127699749687,0.232510575637,0.218175488085,destination,275,-741.288611111,0.577399283305,275;287;123;37;306;58;206;189;115,masked_transformer_mae64,1,255915609,538009052
157,-163.314166667,9,0.0603330063554,0.122800911437,0.465214269218,destination,283,-12.6144444444,0.611825920763,283;97;70;192;193;10;261;266;4,masked_transformer_mae64,1,256515000,538010211
161,44.5888888889,8,0.0187995826348,0.286574402202,0.396600290931,destination,110,39.3958333333,0.936504405112,110;172;154;159;98;238;234;361,masked_transformer_mae64,1,256885000,247530400
163,79.2452777778,9,0.00363838520029,0.0105729654274,0.440620801206,destination_fallback_global,339,182.796111111,0.708842766373,339;239;225;271;359;52;334;311;253,masked_transformer_mae64,1,257824000,636021161
165,47.5175,9,0.0192562895965,0.0579887451487,1.34242954862,destination_fallback_global,167,40.7847222222,0.717437508838,167;191;353;212;153;333;232;63;344,masked_transformer_mae64,1,271000677,271002572
169,124.724722222,9,0.00251001541513,0.00329109285884,0.0262727967257,destination_fallback_global,365,647.133888889,0.466419759803,365;234;36;61;217;372;128;293;334,masked_transformer_mae64,1,271044383,636024824
170,10.3208333333,3,0.765115836343,0.995562822066,0.301192283282,destination,340,7.10861111111,0.463696088696,340;121;320,masked_transformer_mae64,1,271051063,636021246
182,48.3297222222,9,0.0663894171882,0.0791236394858,0.0638824099209,destination_fallback_global,232,58.2997222222,0.432116870315,232;148;41;378;57;350;373;362;200,masked_transformer_mae64,1,304578000,354562000
195,34.4072222222,9,0.00226573950869,0.00877941408675,2.04927973804,destination_fallback_global,310,34.4072222222,0.772537974386,310;303;164;233;143;150;88;181;156,masked_transformer_mae64,1,311000621,605026210
198,67.0344444444,9,0.0259680890356,0.053502473495,0.00387726927911,destination_fallback_global,299,67.0344444444,0.615474107444,299;11;132;45;116;122;212;14;307,masked_transformer_mae64,1,311085000,563205300
203,230.653333333,9,0.0104381249679,0.0179802091776,0.0630358548426,destination_fallback_global,61,230.653333333,0.559599391772,61;38;128;293;234;197;257;36;365,masked_transformer_mae64,1,314001113,245278000
204,45.8775,9,0.0045846114653,0.0111543300625,0.34128814587,destination_fallback_global,181,19.4041666667,0.662976125356,181;209;233;143;245;303;355;383;88,masked_transformer_mae64,1,314432000,304427000
210,74.3922222222,9,0.00661413949434,0.0139681404057,0.509134174009,destination_fallback_global,352,75.9841666667,0.62280855114,352;240;218;363;270;262;343;321;382,masked_transformer_mae64,1,319301000,636022522
219,84.0602777778,9,0.0027123348575,0.00418882456428,0.0640682864802,destination_fallback_global,282,84.0602777778,0.523343659259,282;186;236;175;274;322;226;329;366,masked_transformer_mae64,1,352003272,538009987
220,85.6202777778,9,0.000290763169236,0.00325565372009,0.346400068959,destination_fallback_global,257,3.05555555556,0.914561808789,257;286;227;293;128;275;36;61;365,masked_transformer_mae64,1,352003495,477963900
224,95.2236111111,9,0.000828671528177,0.00392663408522,0.31085970741,destination_fallback_global,331,95.2236111111,0.809742775536,331;273;39;277;174;298;226;322;175,masked_transformer_mae64,1,352004690,636019819
241,82.6511111111,9,0.000765654277744,0.00249164483774,0.241815479893,destination_fallback_global,322,38.6913888889,0.735438256703,322;329;298;223;236;39;216;274;175,masked_transformer_mae64,1,372668000,636015940
242,-62.65,9,0.0228543613549,0.135073638286,0.345302334668,destination,147,-62.65,0.844340632609,147;91;104;22;80;72;101;105;94,masked_transformer_mae64,1,373026000,255915800
243,38.715,9,0.0771017080354,0.372148208027,0.650370145567,destination,63,47.5175,0.812873227234,63;41;289;244;377;49;46;207;53,masked_transformer_mae64,1,373808000,247018700
248,73.2861111111,9,0.00718844850296,0.0152731522166,0.240743231298,destination_fallback_global,363,74.3922222222,0.62459044757,363;352;240;321;218;262;230;246;270,masked_transformer_mae64,1,428002000,636024786
252,303.231666667,9,0.00337610121983,0.0126193422325,0.630223068725,destination,175,78.9519444444,0.765264425505,175;174;177;223;216;52;249;254;53,masked_transformer_mae64,1,461000256,273276260
267,69.0805555556,9,0.001463771899,0.0106152060813,0.878617528803,destination_fallback_global,49,390.611388889,0.871191142121,49;7;206;305;9;183;306;369;87,masked_transformer_mae64,1,538005853,241287000
272,52.7094444444,9,0.00405419152161,0.0176093605613,1.70288726669,destination_fallback_global,200,52.7094444444,0.794351402274,200;378;264;57;148;146;41;208;63,masked_transformer_mae64,1,538007661,312107000
278,85.6202777778,9,0.139557968169,0.479944591568,0.0430686629575,destination,9,97.6213888889,0.74768064833,9;305;183;279;36;221;300;282;268,masked_transformer_mae64,1,538009214,215481000
280,91.9708333333,9,0.00540293064739,0.0100045632886,0.562518566341,destination_fallback_global,279,91.9708333333,0.582721081858,279;253;359;118;78;197;311;23;227,masked_transformer_mae64,1,538009615,538009532
284,68.2436111111,9,0.00108785535159,0.00571885670387,0.29232853224,destination_fallback_global,289,-79.6066666667,0.826775136886,289;235;318;5;160;180;314;281;228,masked_transformer_mae64,1,538010262,538011848
291,38.715,9,0.385262237233,0.705766788718,0.403429788674,destination,244,-2439.34805556,0.579333173167,244;289;41;377;49;207;63;145;286,masked_transformer_mae64,1,538012456,374194000
294,18.59,9,0.0268620677469,0.0348193507436,0.0999120104313,destination_fallback_global,159,44.4341666667,0.462333161807,159;238;213;341;258;356;113;21;207,masked_transformer_mae64,1,544203120,256714000
296,63.5813888889,9,0.0128900032926,0.0343783482589,0.156461397769,destination_fallback_global,317,63.5813888889,0.687326810743,317;342;330;173;379;368;240;352;24,masked_transformer_mae64,1,563003300,636011638
297,87.8477777778,9,0.0157957296209,0.0289262604645,0.0719501811794,destination_fallback_global,46,428.973333333,0.579222353868,46;325;254;176;20;304;25;247;129,masked_transformer_mae64,1,563162400,240878000
312,82.6511111111,9,0.000250267154764,0.00213346000933,4.93156932461,destination_fallback_global,322,38.6913888889,0.889313232281,322;329;39;331;174;298;223;366;247,masked_transformer_mae64,1,613404821,636015940
313,87.8477777778,9,0.00409303540907,0.0223665176832,1.22738075314,destination_fallback_global,121,10.3208333333,0.832769545525,121;134;361;325;216;254;298;58;273,masked_transformer_mae64,1,613471602,249172000
316,47.7572222222,9,0.186847070448,0.256184274729,0.288165937946,destination_fallback_global,221,111.593333333,0.482224083938,221;320;328;202;129;255;121;145;54,masked_transformer_mae64,1,630001201,352004307
319,54.7930555556,9,0.000631654057199,0.00809707752244,1.22479687679,destination_fallback_global,88,54.7930555556,0.92495505818,88;143;164;303;142;33;383;209;245,masked_transformer_mae64,1,636013095,247313600
323,44.8680555556,9,0.00767495056803,0.0239567019942,0.255229317381,destination_fallback_global,35,26.8955555556,0.725882170523,35;318;371;250;251;262;19;218;180,masked_transformer_mae64,1,636016014,232026551
326,15.5044444444,9,0.0143410843046,0.083122697075,0.223419283096,destination_fallback_global,99,15.5044444444,0.841533797911,99;187;288;15;110;345;347;155;355,masked_transformer_mae64,1,636018276,247392600
327,19.2561111111,9,0.000544360377895,0.00564866331642,1.38497396297,destination_fallback_global,155,19.2561111111,0.908128156509,155;355;15;209;288;303;345;347;143,masked_transformer_mae64,1,636018323,256392000
335,48.3297222222,9,0.000118763908942,0.0191212496975,7.9086052662,destination_fallback_global,57,26.4461111111,0.993808153429,57;378;41;200;373;148;208;264;333,masked_transformer_mae64,1,636020540,241953000
336,79.2452777778,9,0.00324951290608,0.00761782574163,0.0687469292488,destination_fallback_global,225,74.8519444444,0.652746144433,225;271;339;311;334;253;52;359;372,masked_transformer_mae64,1,636020938,352004810
337,67.3097222222,9,0.00661480962003,0.0174579483757,0.0296105251468,destination_fallback_global,281,68.2436111111,0.684614345922,281;230;363;246;19;318;231;180;289,masked_transformer_mae64,1,636020986,538009968
349,35.1477777778,9,0.00172363341975,0.0145560613421,0.100457450367,destination_fallback_global,140,38.3283333333,0.888328698532,140;166;50;301;168;149;21;356;213,masked_transformer_mae64,1,636021739,255915592
351,2.26111111111,9,7.45459867479e-05,0.286050258926,10.1076587393,destination,123,2.26111111111,0.999739429447,123;287;275;58;189;37;306;206;115,masked_transformer_mae64,1,636022183,249414000
354,65.5738888889,9,0.153684459014,0.23304096802,0.202350150838,destination_fallback_global,379,60.2488888889,0.517123270537,379;330;342;377;222;317;352;173;240,masked_transformer_mae64,1,636022867,667002240
358,40.7847222222,9,0.0100302538625,0.0635700749782,2.90374279724,destination_fallback_global,191,22.3866666667,0.854035400202,191;353;344;205;290;212;27;167;232,masked_transformer_mae64,1,636023526,310841000
360,18.59,9,0.00166047300381,0.00792443043995,0.376788850781,destination_fallback_global,213,18.59,0.810958443942,213;159;356;21;149;113;301;238;50,masked_transformer_mae64,1,636024336,352001323
364,52.7094444444,9,0.0231750915456,0.0392647152694,0.145600598397,destination_fallback_global,200,52.7094444444,0.554201516881,200;264;146;42;63;148;378;208;57,masked_transformer_mae64,1,636024805,312107000
380,303.231666667,9,0.000633169179699,0.00426101630908,2.08874313149,destination,174,328.807222222,0.861917420918,174;216;175;223;249;254;52;177;53,masked_transformer_mae64,1,667002260,273271070
7,83.8008333333,9,0.0131385161276,0.0373766993719,0.0221265522022,destination_fallback_global,49,390.611388889,0.703620436237,49;9;267;28;305;306;269;37;59,moco_tcn64,2,215270000,241287000
13,18.4938888889,9,0.0181975802088,0.0807469507172,1.46800381501,destination_fallback_global,17,9.26722222222,0.798224381919,17;178;48;95;77;154;245;68;170,moco_tcn64,2,215909000,219031822
19,50.7580555556,9,0.0163386424639,0.0305035822138,0.324150368546,destination_fallback_global,376,52.7875,0.585300267323,376;374;246;357;211;302;337;231;173,moco_tcn64,2,219133000,636093368
23,3.58555555556,3,0.0255359414329,0.0596635538545,1.33645405286,destination,256,3.58555555556,0.651812066099,256;196;265,moco_tcn64,2,219550000,477856500
33,59.5738888889,9,0.0383061644082,0.0706565763079,0.0493227913196,destination_fallback_global,184,103.856388889,0.581499145657,184;319;383;138;143;245;150;156;195,moco_tcn64,2,230723000,304785000
45,23.0305555556,9,0.0341606004109,0.060288270353,0.415090309644,destination_fallback_global,76,23.0305555556,0.567439577748,76;10;116;1;81;261;93;291;133,moco_tcn64,2,240788000,247176900
52,274.720555556,9,0.0419009586308,0.108943733826,0.272891127393,destination,223,274.720555556,0.680715381617,223;380;175;252;227;286;254;53;145,moco_tcn64,2,241689000,352004593
56,92.9991666667,9,0.0176173529505,0.368112692827,4.44952974572,destination_fallback_global,375,208.744166667,0.953268583113,375;202;141;200;208;54;272;57;335,moco_tcn64,2,241929000,636093237
61,247.046944444,9,0.000667179019335,0.0135946069174,11.9454935246,destination_fallback_global,128,247.046944444,0.952108060004,128;293;234;169;365;36;220;60;66,moco_tcn64,2,245278000,249742000
65,44.5888888889,9,0.0668887391307,0.101498490989,0.0137336216625,destination_fallback_global,154,44.5888888889,0.517362156502,154;17;178;91;201;383;172;97;147,moco_tcn64,2,247055200,256286000
74,-80.6244444444,9,0.0515849223692,0.104095586908,0.235466709755,destination_fallback_global,261,-186.653611111,0.609233662019,261;76;10;152;70;291;81;116;12,moco_tcn64,2,247147120,538003678
83,-2.3475,9,0.0279845355145,0.0798800074199,0.396486804152,destination_fallback_global,62,18.9361111111,0.704454059619,62;102;98;295;84;82;188;89;79,moco_tcn64,2,247296500,246518000
85,-10.6105555556,9,0.00595058841443,0.0520047912841,5.38106384293,destination_fallback_global,79,-10.6105555556,0.891879852873,79;84;346;308;69;62;119;82;102,moco_tcn64,2,247305480,247241800
87,68.0102777778,9,0.00424470081729,0.0309938352952,4.82551632824,destination_fallback_global,28,68.0102777778,0.872011150835,28;9;305;49;267;37;306;59;265,moco_tcn64,2,247310200,229412000
88,55.1116666667,9,0.00646211860542,0.0617952873065,0.11496198673,destination_fallback_global,143,55.1116666667,0.900709042869,143;319;138;209;383;355;155;112;195,moco_tcn64,2,247313600,255915693
90,-62.65,9,0.141012521277,0.2056729012,0.22043239826,destination_fallback_global,104,-1542.90277778,0.503780076401,104;242;157;97;98;89;147;102;94,moco_tcn64,2,247324900,247425900
92,-80.6244444444,9,0.106915249627,0.157608010424,0.377092912621,destination,0,-20.6094444444,0.507447625438,0;67;101;94;72;152;69;114;22,moco_tcn64,2,247343900,210627000
96,10.5536111111,9,0.00940433305623,0.0508457273338,0.854879232053,destination_fallback_global,11,70.8777777778,0.831139043521,11;132;114;122;14;116;299;198;76,moco_tcn64,2,247362500,215826000
99,18.4938888889,6,0.197766278218,0.680991148404,1.04793987551,destination,135,52.1658333333,0.747957239106,135;48;77;304;258;62,moco_tcn64,2,247392600,255805866
100,-100.135833333,9,0.0181989779577,0.040006776527,0.540496534147,destination_fallback_global,101,-120.646388889,0.634513076226,101;283;0;192;6;193;94;291;1,moco_tcn64,2,247407900,247408700
103,11.9872222222,9,0.0381605515029,0.12855057234,0.729209577607,destination_fallback_global,171,5.89166666667,0.74315366148,171;89;178;98;17;73;315;294;48,moco_tcn64,2,247415600,271051219
105,-79.6436111111,9,0.0985920129551,0.157307865738,0.135576059528,destination,0,-20.6094444444,0.534327890319,0;22;101;72;94;69;119;67;152,moco_tcn64,2,247426100,210627000
107,-17.3619444444,6,0.628966271173,1.09546314243,0.599244817246,destination,120,-5.64222222222,0.563180231162,120;102;6;122;79;93,moco_tcn64,2,247453600,249146000
113,44.4341666667,9,0.0194683217323,0.0614850610065,0.698348571491,destination_fallback_global,159,44.4341666667,0.728596651003,159;238;149;341;360;301;207;294;21,moco_tcn64,2,248159000,256714000
115,5.33888888889,9,0.0764412133978,0.30497122337,0.587076320103,destination,130,5.33888888889,0.778294277228,130;237;306;37;125;58;26;275;351,moco_tcn64,2,248422000,249974000
123,2.93777777778,9,0.000434488306802,0.128916215966,20.7635266865,destination,351,3.93583333333,0.996635357747,351;287;26;275;58;37;306;141;130,moco_tcn64,2,249414000,636022183
129,87.8477777778,9,0.127427580622,0.293272318464,0.864277284064,destination_fallback_global,46,428.973333333,0.647586706009,46;126;325;202;121;54;141;361;375,moco_tcn64,2,249962000,240878000
142,55.1116666667,6,0.0712593434209,0.266983206505,0.352473681572,destination,138,59.5738888889,0.76574526694,138;143;68;3;205;344,moco_tcn64,2,255915683,255806044
146,52.7094444444,9,0.020333060042,0.0321252692419,0.0670613073828,destination_fallback_global,272,50.2191666667,0.531033369737,272;16;42;200;222;57;335;41;373,moco_tcn64,2,255915798,538007661
151,38.3283333333,9,0.0907761762395,0.132756076464,0.199808301277,destination_fallback_global,135,52.1658333333,0.50470473471,135;301;140;149;166;50;349;238;159,moco_tcn64,2,256049000,255805866
158,5.89166666667,3,0.0722289021611,0.274806173029,2.80465665138,destination,171,5.89166666667,0.76886812998,171;139;326,moco_tcn64,2,256607000,271051219
160,74.6733333333,9,0.0150361958825,0.041718699759,0.6745974976,destination_fallback_global,5,84.3366666667,0.69738433116,5;228;235;284;289;262;363;230;281,moco_tcn64,2,256812000,215178000
164,57.4363888889,9,0.0276645718827,0.048940272716,0.0720073945068,destination_fallback_global,319,64.7330555556,0.568205503649,319;143;138;195;112;383;181;233;310,moco_tcn64,2,268251804,636013095
168,35.1477777778,9,0.019491393515,0.0700137910586,0.286748027757,destination_fallback_global,166,35.1477777778,0.756998784649,166;135;349;140;50;301;149;326;139,moco_tcn64,2,271040948,271000748
174,301.943611111,9,0.00568745254554,0.111345101645,5.46700116403,destination,380,318.020277778,0.950203122745,380;175;252;254;223;227;286;145;53,moco_tcn64,2,273271070,667002260
177,274.720555556,9,0.0127954784067,0.159277337413,2.20883986703,destination,175,78.9519444444,0.922807539452,175;252;380;223;286;227;53;254;145,moco_tcn64,2,273277840,273276260
183,83.8008333333,9,0.0942249136237,0.440821486642,0.629956777551,destination,305,83.8008333333,0.807551491494,305;9;359;225;278;36;282;236;214,moco_tcn64,2,304610000,566453000
187,26.3880555556,9,0.0175702562243,0.0988552679858,1.46980522935,destination_fallback_global,139,5.84305555556,0.837162420447,139;111;326;110;135;108;161;55;288,moco_tcn64,2,308628000,255806427
189,3.88861111111,9,0.116825712902,0.496826021325,0.200774481874,destination,306,3.88861111111,0.790456928206,306;130;37;58;237;26;351;287;275,moco_tcn64,2,310610000,566579000
190,182.796111111,9,0.00371229926758,0.176274707102,2.82134113071,destination_fallback_global,30,256.149722222,0.979160469068,30;229;324;130;339;306;239;267;49,moco_tcn64,2,310772000,229471000
199,182.796111111,9,0.00380125042681,0.129909345161,0.217194215939,destination_fallback_global,324,45.0263888889,0.971163159114,324;229;30;306;130;267;49;305;339,moco_tcn64,2,311775000,636016205
206,3.88861111111,9,0.0306842733464,0.421040749186,0.793260927338,destination,306,3.88861111111,0.929714986586,306;37;130;237;275;351;26;287;58,moco_tcn64,2,314509000,566579000
213,18.4938888889,6,0.156495969296,0.519875788384,0.0313315755464,destination,135,52.1658333333,0.740058758423,135;258;48;62;77;304,moco_tcn64,2,352001323,255805866
216,274.720555556,9,0.0269110696586,0.110732050257,0.218282113557,destination,380,318.020277778,0.784248981165,380;223;175;254;252;53;227;286;145,moco_tcn64,2,352002243,667002260
221,89.0002777778,9,0.157440390132,1.08659574809,3.02284393507,destination,126,97.4713888889,0.865114638568,126;325;278;9;305;359;273;268;44,moco_tcn64,2,352004307,249611000
240,65.6369444444,9,0.0258733406268,0.139019168798,0.284748705073,destination,352,75.9841666667,0.830179384851,352;173;246;363;231;24;376;211;8,moco_tcn64,2,372119000,636022522
244,18.7561111111,9,0.166152465858,0.70586366625,2.12299355818,destination,289,-79.6066666667,0.79026346322,289;41;377;291;243;63;145;175;46,moco_tcn64,2,374194000,538011848
249,274.720555556,9,0.00592460415659,0.0826304204697,6.54112458247,destination,223,274.720555556,0.930810063063,223;53;175;254;380;252;227;286;145,moco_tcn64,2,431048000,352004593
253,90.6833333333,9,0.054836221194,0.139186038982,0.0710205661872,destination,227,84.285,0.674368970064,227;286;223;175;252;380;145;254;53,moco_tcn64,2,461000284,352005660
255,82.6511111111,6,0.72513481835,0.895942403259,0.105815124406,destination,247,83.1661111111,0.445145412915,247;298;372;124;25;29,moco_tcn64,2,477630800,403660000
257,5.45166666667,3,0.0275048554068,0.0634049504978,1.30522755201,destination,196,5.45166666667,0.648044018901,196;256;265,moco_tcn64,2,477963900,311001060
263,52.4452777778,9,0.23096409444,0.311734744623,0.0189993136673,destination_fallback_global,141,16.4616666667,0.476684978129,141;185;361;38;145;203;268;44;275,moco_tcn64,2,538004558,255915609
264,52.7094444444,9,0.00957854619725,0.0167335835188,0.315753329206,destination_fallback_global,272,50.2191666667,0.564161612716,272;200;16;57;335;41;208;42;373,moco_tcn64,2,538005330,538007661
271,81.3805555556,9,0.00148366806672,0.0701699015949,26.248454127,destination,225,74.8519444444,0.979078027643,225;236;282;36;359;214;366;44;268,moco_tcn64,2,538007511,352004810
277,301.943611111,9,0.0199806948695,0.032874461852,0.366251600764,destination_fallback_global,254,301.943611111,0.544554233108,254;224;273;247;176;51;380;312;39,moco_tcn64,2,538009183,461000370
279,85.6202777778,9,0.0819953500114,0.215092801816,1.07571591167,destination,36,85.6202777778,0.683034999297,36;268;282;225;44;236;214;359;366,moco_tcn64,2,538009532,232058998
285,90.5836111111,9,0.00619597473711,0.0934016043028,0.881503871159,destination,44,115.341388889,0.935815516362,44;268;366;214;273;236;36;282;225,moco_tcn64,2,538010540,240633000
292,7.66361111111,9,0.0331866682467,0.0639238104048,0.12676473467,destination_fallback_global,106,24.1022222222,0.595020314794,106;340;338;130;86;137;237;309;12,moco_tcn64,2,538071393,247432200
300,85.6202777778,9,0.0157820600341,0.102435357276,0.694162024688,destination,36,85.6202777778,0.857213315023,36;282;236;366;225;268;214;44;273,moco_tcn64,2,563246500,232058998
303,55.1116666667,9,0.00677586146767,0.0243250196833,0.954444791243,destination_fallback_global,112,47.1530555556,0.756876463841,112;209;355;143;155;195;138;233;181,moco_tcn64,2,564724000,248105000
311,84.0602777778,9,0.00553676140884,0.0361054824539,2.76330100687,destination_fallback_global,124,81.2930555556,0.857829769321,124;225;372;36;282;227;365;286;219,moco_tcn64,2,605076070,249433000
314,68.2436111111,9,0.0241531176355,0.0668035170011,0.134985566974,destination_fallback_global,289,-79.6066666667,0.696592573935,289;235;284;281;180;5;230;337;228,moco_tcn64,2,613992601,538011848
318,50.4611111111,3,0.0671023475032,0.120945278064,0.802400103185,destination,262,50.4611111111,0.574178032621,262;180;42,moco_tcn64,2,636012378,538004518
320,10.3208333333,3,0.540393479401,0.922409478206,0.706921925166,destination,121,10.3208333333,0.556632591463,121;340;170,moco_tcn64,2,636014168,249172000
328,52.4452777778,9,0.085922524723,0.451474889001,2.03185133991,destination_fallback_global,141,16.4616666667,0.826698534112,141;202;54;375;46;361;121;325;185,moco_tcn64,2,636018629,255915609
331,82.6511111111,6,0.0110873191586,0.195775811347,1.00300071511,destination,298,82.6511111111,0.94494105176,298;247;124;372;25;29,moco_tcn64,2,636019819,563186100
334,85.6202777778,9,0.00676580383268,0.0238938899546,0.606256930983,destination_fallback_global,372,90.6488888889,0.753398920506,372;124;365;36;225;234;227;286;217,moco_tcn64,2,636020328,636092552
353,59.7291666667,9,0.0306128583195,0.134017750414,0.0158056961781,destination_fallback_global,205,59.7291666667,0.795786847745,205;344;212;165;358;43;307;290;27,moco_tcn64,2,636022541,314496000
356,34.4177777778,9,0.0108776139469,0.0562667332495,0.27819034664,destination_fallback_global,159,44.4341666667,0.824216291374,159;149;360;238;301;341;207;21;50,moco_tcn64,2,636023127,256714000
367,46.4288888889,9,0.035413418399,0.0776624378317,0.227092544919,destination_fallback_global,368,58.6833333333,0.633819168402,368;374;24;376;342;357;246;317;211,moco_tcn64,2,636024939,636025061
369,5.76138888889,3,0.128729191711,0.641600251793,3.98410844708,destination,265,5.76138888889,0.818208824005,265;196;256,moco_tcn64,2,636025888,538005431
370,49.2836111111,9,0.0246117196344,0.11166826436,0.086184804595,destination_fallback_global,250,49.2836111111,0.802197609172,250;251;131;180;302;211;35;371;357,moco_tcn64,2,636025912,431476000
378,30.7016666667,3,0.0789775897882,0.377865568046,3.78446568272,destination,42,30.7016666667,0.811387320547,42;262;180,moco_tcn64,2,667001639,238066000
379,64.0183333333,9,0.103677527145,0.280368425699,0.0749979272552,destination,8,64.0183333333,0.690879185682,8;173;24;352;246;231;376;211;363,moco_tcn64,2,667002240,215282000
381,2.93777777778,9,0.00762677429304,0.0369471590264,0.125406791944,destination_fallback_global,145,-566.815555556,0.813488217669,145;275;185;287;196;220;227;286;351,moco_tcn64,2,667002373,255915759
382,75.9841666667,9,0.0653651858757,0.0754125601472,0.0748367120537,destination_fallback_global,210,87.4213888889,0.420307836072,210;350;330;270;352;276;385;218;373,moco_tcn64,2,671500100,319301000
384,51.4602777778,9,0.12646917855,0.173389086145,0.220481734756,destination_fallback_global,197,103.049722222,0.482200505144,197;66;203;84;60;346;9;82;185,moco_tcn64,2,672296000,311001144
7,83.8008333333,9,0.00293702304991,0.0177557651806,0.0128322330198,destination_fallback_global,267,6.67722222222,0.847544137392,267;49;9;28;305;269;306;37;59,masked_transformer_mae64,2,215270000,538005853
13,18.4938888889,9,0.00766124992991,0.0223988503264,0.563429065938,destination_fallback_global,178,71.3927777778,0.710321466896,178;17;48;95;77;171;170;68;64,masked_transformer_mae64,2,215909000,275488000
19,50.7580555556,9,0.00309867579136,0.00622678412045,0.411737360694,destination_fallback_global,246,51.7697222222,0.60796581854,246;376;374;357;211;302;131;180;35,masked_transformer_mae64,2,219133000,403532001
23,3.58555555556,3,0.00431066804617,0.0106415414039,1.46865248956,destination,256,3.58555555556,0.66692392775,256;196;265,masked_transformer_mae64,2,219550000,477856500
33,45.8775,9,0.00994222554692,0.0141297445553,0.0857850454168,destination_fallback_global,319,64.7330555556,0.49478199647,319;383;245;150;184;156;143;138;181,masked_transformer_mae64,2,230723000,636013095
45,27.3138888889,9,0.0163644850087,0.0381416391898,0.0406055553501,destination_fallback_global,116,68.9125,0.651130535073,116;14;133;299;170;114;29;10;76,masked_transformer_mae64,2,240788000,248507000
52,274.720555556,9,0.0110051865486,0.0158955983089,0.0676082786777,destination,223,274.720555556,0.500402871268,223;380;227;252;286;53;175;254;145,masked_transformer_mae64,2,241689000,352004593
56,103.049722222,9,0.00888788808339,0.209453536315,5.80280241997,destination_fallback_global,375,208.744166667,0.958454010931,375;202;54;141;197;159;341;78;149,masked_transformer_mae64,2,241929000,636093237
61,103.049722222,9,0.000136655587419,0.00397169030143,11.7523605146,destination_fallback_global,128,247.046944444,0.966177791314,128;234;36;169;365;293;66;220;197,masked_transformer_mae64,2,245278000,249742000
65,65.5586111111,9,0.0345054429669,0.0565543562068,0.235619417127,destination_fallback_global,17,9.26722222222,0.543280875775,17;154;178;91;201;172;80;184;97,masked_transformer_mae64,2,247055200,219031822
74,27.3138888889,9,0.019388497941,0.0283571672307,0.228947115104,destination_fallback_global,133,88.0419444444,0.504733465301,133;76;116;261;29;10;152;14;81,masked_transformer_mae64,2,247147120,255801270
83,-17.4319444444,9,0.0174994448443,0.0446309927464,0.286845206397,destination_fallback_global,62,18.9361111111,0.67564210893,62;295;102;98;84;119;69;94;79,masked_transformer_mae64,2,247296500,246518000
85,-20.6094444444,9,0.00262653902549,0.0313756291263,2.06479285327,destination_fallback_global,79,-10.6105555556,0.919695435003,79;346;308;84;69;119;62;102;0,masked_transformer_mae64,2,247305480,247241800
87,68.0102777778,9,0.00434638445249,0.0231688163266,0.913579263165,destination_fallback_global,28,68.0102777778,0.82894927814,28;9;267;49;305;306;59;37;106,masked_transformer_mae64,2,247310200,229412000
88,57.4680555556,9,0.000720535730366,0.00934062334398,0.62607135575,destination_fallback_global,143,55.1116666667,0.92576023358,143;319;138;209;112;195;355;155;181,masked_transformer_mae64,2,247313600,255915693
90,15.9166666667,9,0.039984118725,0.0883960003215,0.589488528882,destination_fallback_global,47,298.963611111,0.636144524865,47;70;64;48;95;162;94;97;77,masked_transformer_mae64,2,247324900,240893000
92,-79.6436111111,9,0.0313062144687,0.0562766234893,0.0377415599463,destination,0,-20.6094444444,0.573331252357,0;94;101;69;22;72;162;119;67,masked_transformer_mae64,2,247343900,210627000
96,68.9125,9,0.00621493149712,0.024314123171,1.6661672824,destination_fallback_global,116,68.9125,0.774443991666,116;133;299;114;29;132;14;152;11,masked_transformer_mae64,2,247362500,248507000
99,18.4938888889,6,0.309190218913,0.408677487058,0.091412397319,destination,48,18.4938888889,0.469276615608,48;135;77;304;258;62,masked_transformer_mae64,2,247392600,240942000
100,-120.646388889,9,0.00349265624712,0.00968531698029,0.62710071563,destination_fallback_global,192,-125.627222222,0.697248419075,192;193;283;101;94;0;266;291;81,masked_transformer_mae64,2,247407900,311000231
103,11.9872222222,9,0.013913932554,0.0491026142572,1.37027656968,destination_fallback_global,171,5.89166666667,0.753245259466,171;178;89;17;48;315;98;95;73,masked_transformer_mae64,2,247415600,271051219
105,-79.6436111111,9,0.0233632746367,0.039088477983,0.209477836539,destination,101,-120.646388889,0.550074070102,101;94;0;22;72;119;69;162;104,masked_transformer_mae64,2,247426100,247408700
107,-100.135833333,6,0.389024237103,0.530091646722,0.142950418189,destination,120,-5.64222222222,0.480042281245,120;102;6;79;93;122,masked_transformer_mae64,2,247453600,249146000
113,44.4341666667,9,0.00322849726963,0.0151247366282,1.00551469102,destination_fallback_global,159,44.4341666667,0.807786020311,159;149;360;238;341;301;21;140;50,masked_transformer_mae64,2,248159000,256714000
115,5.33888888889,9,0.0265009716009,0.177718012026,0.239617316763,destination,130,5.33888888889,0.861467372931,130;237;306;37;125;275;287;141;351,masked_transformer_mae64,2,248422000,249974000
123,2.93777777778,9,0.000173167450827,0.0138775598102,4.71650062616,destination,351,3.93583333333,0.98759929548,351;26;287;275;58;141;37;306;130,masked_transformer_mae64,2,249414000,636022183
129,301.943611111,9,0.0186225539796,0.066699962323,0.724122696001,destination_fallback_global,46,428.973333333,0.756389466558,46;297;325;361;304;254;54;176;18,masked_transformer_mae64,2,249962000,240878000
142,55.1116666667,6,0.0207310663807,0.0680031337676,0.011122567757,destination,138,59.5738888889,0.737230579033,138;143;68;3;205;344,masked_transformer_mae64,2,255915683,255806044
146,50.2191666667,9,0.0175732226485,0.0298154310265,0.0800232972546,destination_fallback_global,272,50.2191666667,0.554659839494,272;16;42;364;200;57;41;335;222,masked_transformer_mae64,2,255915798,538007661
151,38.3283333333,9,0.0210157474924,0.0320723936647,0.081332181713,destination_fallback_global,301,34.4177777778,0.519307173852,301;149;135;140;50;166;349;238;159,masked_transformer_mae64,2,256049000,563279900
158,5.89166666667,3,0.0273209988443,0.151762813729,4.55480473442,destination,171,5.89166666667,0.835249889624,171;139;326,masked_transformer_mae64,2,256607000,271051219
160,74.6733333333,9,0.00104993533309,0.00542489111903,1.40227184877,destination_fallback_global,5,84.3366666667,0.824036584554,5;235;228;289;284;262;248;363;210,masked_transformer_mae64,2,256812000,215178000
164,55.1116666667,9,0.00458669720628,0.0113839051058,0.221355332032,destination_fallback_global,319,64.7330555556,0.668371780416,319;143;138;181;150;156;245;383;195,masked_transformer_mae64,2,268251804,636013095
168,35.1477777778,9,0.00768849774335,0.0149024807486,0.218759292754,destination_fallback_global,166,35.1477777778,0.596950751269,166;140;349;135;50;301;149;21;360,masked_transformer_mae64,2,271040948,271000748
174,301.943611111,9,0.0013553437921,0.0115923693727,2.15345039022,destination,380,318.020277778,0.889659128332,380;175;254;252;223;53;227;145;286,masked_transformer_mae64,2,273271070,667002260
177,274.720555556,9,0.00293635993539,0.0197695633851,1.2461144249,destination,175,78.9519444444,0.861974728071,175;380;223;252;53;254;227;286;145,masked_transformer_mae64,2,273277840,273276260
183,83.8008333333,9,0.022139519498,0.257545371767,0.404793977967,destination,305,83.8008333333,0.917627660129,305;9;278;36;225;359;282;236;214,masked_transformer_mae64,2,304610000,566453000
187,26.3880555556,9,0.0291078179547,0.102815305861,0.243426633544,destination_fallback_global,139,5.84305555556,0.753438541508,139;111;326;161;110;108;288;345;204,masked_transformer_mae64,2,308628000,255806427
189,3.88861111111,9,0.031231129309,0.298260587125,1.47385256506,destination,306,3.88861111111,0.900584859745,306;37;130;237;275;58;287;351;26,masked_transformer_mae64,2,310610000,566579000
190,83.8008333333,9,0.0011930158767,0.0527113338207,10.9002379053,destination_fallback_global,30,256.149722222,0.977621200135,30;229;324;306;305;49;267;28;265,masked_transformer_mae64,2,310772000,229471000
199,83.8008333333,9,0.00355693657534,0.0329998434284,0.184455447063,destination_fallback_global,324,45.0263888889,0.897819288904,324;229;30;306;305;49;267;28;37,masked_transformer_mae64,2,311775000,636016205
206,4.87833333333,9,0.0153086029432,0.316064431329,0.889171830214,destination,306,3.88861111111,0.952719197092,306;37;130;237;275;125;287;141;351,masked_transformer_mae64,2,314509000,566579000
213,18.9361111111,6,0.0387084376241,0.329827601838,0.406443252188,destination,135,52.1658333333,0.889265349897,135;258;62;304;48;77,masked_transformer_mae64,2,352001323,255805866
216,274.720555556,9,0.00360749106765,0.011977890657,0.233886368929,destination,380,318.020277778,0.739945190992,380;223;175;254;53;252;227;286;145,masked_transformer_mae64,2,352002243,667002260
221,89.0002777778,9,0.0514520631474,0.308556739918,2.39453778421,destination,126,97.4713888889,0.846410565638,126;325;273;359;44;214;268;236;366,masked_transformer_mae64,2,352004307,249611000
240,67.3097222222,9,0.00667860603015,0.0204604742766,0.102354225365,destination,352,75.9841666667,0.721505689173,352;246;363;173;231;281;376;211;302,masked_transformer_mae64,2,372119000,636022522
244,18.7561111111,9,0.0303516569136,0.210971091463,3.02741578746,destination,289,-79.6066666667,0.866003415893,289;41;243;63;377;291;49;145;254,masked_transformer_mae64,2,374194000,538011848
249,274.720555556,9,0.00110171479764,0.00966577940707,4.39335209441,destination,223,274.720555556,0.892274946328,223;53;380;175;254;252;227;286;145,masked_transformer_mae64,2,431048000,352004593
253,90.6833333333,9,0.00570226071449,0.0320071545356,0.134445085833,destination,227,84.285,0.836812025141,227;286;252;223;380;175;53;145;254,masked_transformer_mae64,2,461000284,352005660
255,82.6511111111,6,0.077133097611,0.131756617318,0.323943727454,destination,247,83.1661111111,0.556871340259,247;298;372;124;25;29,masked_transformer_mae64,2,477630800,403660000
257,5.45166666667,3,0.00795303018134,0.0164432345222,1.0675433322,destination,196,5.45166666667,0.616519208147,196;256;265,masked_transformer_mae64,2,477963900,311001060
263,103.651111111,9,0.035517622618,0.0519422238282,0.151033273376,destination_fallback_global,38,290.709722222,0.504700068053,38;44;268;185;145;275;361;252;274,masked_transformer_mae64,2,538004558,232062004
264,50.2191666667,9,0.00882569984843,0.0214764447289,0.092424225268,destination_fallback_global,272,50.2191666667,0.663021474502,272;200;16;57;335;41;364;148;373,masked_transformer_mae64,2,538005330,538007661
271,81.3805555556,9,0.000427743486772,0.0136785193972,17.2200622873,destination,225,74.8519444444,0.969212703176,225;36;359;236;282;214;366;44;268,masked_transformer_mae64,2,538007511,352004810
277,301.943611111,9,0.00237176071319,0.00727770343604,0.687201370868,destination_fallback_global,254,301.943611111,0.721881620548,254;247;224;273;176;312;39;361;380,masked_transformer_mae64,2,538009183,461000370
279,84.0602777778,9,0.00697707105901,0.0239869999879,1.21115097352,destination,36,85.6202777778,0.74761372245,36;225;359;236;282;214;268;44;366,masked_transformer_mae64,2,538009532,232058998
285,90.5836111111,9,0.00166904229463,0.0118278236281,1.04648910302,destination,44,115.341388889,0.868392454053,44;268;366;214;236;273;282;36;225,masked_transformer_mae64,2,538010540,240633000
292,11.7391666667,9,0.0134877735348,0.0249940871266,0.0759037263604,destination_fallback_global,340,7.10861111111,0.582958910824,340;338;137;309;106;130;237;86;120,masked_transformer_mae64,2,538071393,636021246
300,84.0602777778,9,0.00527686053976,0.0277023716254,0.693884156258,destination,36,85.6202777778,0.826558923398,36;282;236;225;214;268;366;44;359,masked_transformer_mae64,2,563246500,232058998
303,47.1530555556,9,0.000879539843624,0.00393161228081,2.26227028227,destination_fallback_global,112,47.1530555556,0.79954720115,112;355;143;209;138;155;195;327;310,masked_transformer_mae64,2,564724000,248105000
311,85.6202777778,9,0.00136314110654,0.00476483793118,1.703304839,destination_fallback_global,124,81.2930555556,0.751199952105,124;225;227;372;286;365;36;118;293,masked_transformer_mae64,2,605076070,249433000
314,70.1394444444,9,0.00420717433944,0.00980129733144,0.044336565829,destination_fallback_global,235,75.5544444444,0.650999320845,235;289;5;284;281;228;363;230;180,masked_transformer_mae64,2,613992601,356680000
318,57.4575,3,0.00776952901707,0.00845981065302,0.0888447207588,destination,180,57.4575,0.399155345892,180;262;42,masked_transformer_mae64,2,636012378,304204000
320,10.3208333333,3,0.163966670216,0.602387679492,2.67384224306,destination,121,10.3208333333,0.761706022783,121;340;170,masked_transformer_mae64,2,636014168,249172000
328,87.8477777778,9,0.0503907044334,0.0752461166717,0.296003559514,destination_fallback_global,54,32.6686111111,0.511873132897,54;304;46;325;141;361;176;254;280,masked_transformer_mae64,2,636018629,241751000
331,82.6511111111,6,0.0017321857354,0.0470254716156,2.78651980912,destination,298,82.6511111111,0.963835104027,298;247;124;25;372;29,masked_transformer_mae64,2,636019819,563186100
334,90.6488888889,9,0.000824607647437,0.00412682925788,1.55047715079,destination_fallback_global,372,90.6488888889,0.818881188687,372;365;225;124;36;227;293;286;234,masked_transformer_mae64,2,636020328,636092552
353,59.7291666667,9,0.00590539253451,0.0303285919789,0.373577059647,destination_fallback_global,344,48.7227777778,0.823070264609,344;205;212;43;165;333;358;167;290,masked_transformer_mae64,2,636022541,636021596
356,44.4341666667,9,0.00175787454399,0.0188245595154,0.997292830027,destination_fallback_global,159,44.4341666667,0.910845513724,159;149;360;238;301;341;21;140;135,masked_transformer_mae64,2,636023127,256714000
367,50.7580555556,9,0.00551683288636,0.0165143143793,1.09915266328,destination_fallback_global,374,46.4288888889,0.716008174442,374;368;246;323;357;371;376;251;211,masked_transformer_mae64,2,636024939,636093171
369,5.76138888889,3,0.0785424139653,0.353011760261,3.49453667692,destination,265,5.76138888889,0.800521135595,265;196;256,masked_transformer_mae64,2,636025888,538005431
370,49.2836111111,9,0.00259469193308,0.0160254608573,0.704552804345,destination_fallback_global,250,49.2836111111,0.850517240015,250;251;371;180;289;284;235;131;337,masked_transformer_mae64,2,636025912,431476000
378,50.4611111111,3,0.0979560542953,0.13963892649,0.425526247404,destination,42,30.7016666667,0.495843301657,42;262;180,masked_transformer_mae64,2,667001639,238066000
379,64.0183333333,9,0.0223975125079,0.139460273641,1.68187219385,destination,8,64.0183333333,0.851631480148,8;24;173;231;246;352;211;302;376,masked_transformer_mae64,2,667002240,215282000
381,2.93777777778,9,0.00202367561543,0.00794925112157,0.481455657602,destination_fallback_global,145,-566.815555556,0.775246394001,145;275;196;185;287;220;286;351;227,masked_transformer_mae64,2,667002373,255915759
382,81.255,9,0.00967731022225,0.0161997356244,0.354475533184,destination_fallback_global,385,85.1122222222,0.550254391671,385;343;210;270;179;262;228;352;248,masked_transformer_mae64,2,671500100,677089900
384,103.049722222,9,0.0431187013751,0.0802133295079,0.0849223830823,destination_fallback_global,60,54.1683333333,0.584177545927,60;66;203;197;217;169;128;78;141,masked_transformer_mae64,2,672296000,244865000
2,-36.7822222222,9,0.173255896248,0.30622922999,0.284202718919,destination,80,229.347777778,0.567921593348,80;91;147;242;22;101;94;105;295,moco_tcn64,3,212690000,247268300
4,-186.653611111,5,0.396133335348,0.53640337047,0.062932227971,destination,261,-186.653611111,0.477830616693,261;70;10;157;97,moco_tcn64,3,215054000,538003678
25,85.9019444444,6,0.334854099278,0.466170843211,0.0777234424562,destination,247,83.1661111111,0.487576691429,247;372;124;331;255;29,moco_tcn64,3,228481700,403660000
27,42.1283333333,9,0.135541147576,0.217229276787,0.305076550378,destination_fallback_global,344,48.7227777778,0.535821428759,344;11;205;198;307;68;40;353;96,moco_tcn64,3,229370000,636021596
36,81.3805555556,9,0.0564825551559,0.258073330959,0.235523081367,destination,282,84.0602777778,0.803432242385,282;271;300;279;214;285;268;359;278,moco_tcn64,3,232058998,538009987
39,303.231666667,9,0.0049583015464,0.0131223485481,1.03349474913,destination_fallback_global,216,303.231666667,0.685332136267,216;331;380;312;322;174;224;241;249,moco_tcn64,3,232063279,352002243
44,96.8438888889,9,0.00665828794208,0.221968979832,2.11645806582,destination,285,96.8438888889,0.970448950056,285;268;214;300;282;271;279;359;278,moco_tcn64,3,240633000,538010540
47,-5.65111111111,9,0.161779121354,0.224837948819,0.230129436788,destination_fallback_global,105,-166.650833333,0.486977894979,105;10;1;261;92;291;170;133;14,moco_tcn64,3,240893000,247426100
57,68.4872222222,9,0.000352188509269,0.0466273064027,24.1621262491,destination_fallback_global,335,92.9991666667,0.992475186926,335;378;264;146;41;200;272;16;222,moco_tcn64,3,241953000,636020540
59,25.0463888889,9,0.0500470252815,0.109369957901,0.601876300847,destination_fallback_global,9,97.6213888889,0.632804407623,9;237;87;338;206;28;106;7;86,moco_tcn64,3,244090800,215481000
71,73.2861111111,9,0.121714706883,0.203025079029,0.0602604670704,destination_fallback_global,371,39.0594444444,0.549082940819,371;270;350;232;262;343;318;323;276,moco_tcn64,3,247104500,636092313
72,-62.65,9,0.0315208949914,0.186044114095,0.517898787976,destination,22,-79.6436111111,0.844148380178,22;80;101;242;94;105;91;92;147,moco_tcn64,3,247131100,219432000
76,-117.643055556,9,0.0036538710882,0.0359242966433,3.99494446308,destination_fallback_global,261,-186.653611111,0.90329119473,261;10;92;133;70;291;81;1;29,moco_tcn64,3,247176900,538003678
77,18.4938888889,7,0.0178057244307,0.581184416048,14.6779624817,destination,48,18.4938888889,0.969827594176,48;62;258;213;99;135;304,moco_tcn64,3,247219700,240942000
82,-82.5058333333,9,0.174257427182,0.348603002643,0.214751660336,destination,67,-595.088611111,0.606607348688,67;69;162;144;0;119;92;295;152,moco_tcn64,3,247282600,247077700
84,-76.6530555556,9,0.0705406470272,0.193000933229,0.250559119632,destination,119,-17.4319444444,0.693853932071,119;295;69;101;0;94;92;105;162,moco_tcn64,3,247298300,249087000
104,-36.7822222222,9,0.023859212686,0.170442496913,1.70600198661,destination,242,-36.7822222222,0.869372195238,242;147;91;22;101;295;119;80;94,moco_tcn64,3,247425900,373026000
109,50.2191666667,9,0.061334849097,0.0992820213099,0.046677654279,destination_fallback_global,16,78.6966666667,0.53913781797,16;63;208;364;200;272;148;167;264,moco_tcn64,3,247488900,219028212
114,-79.6436111111,9,0.219548673478,0.358073944955,0.13851001213,destination,92,-2457.65333333,0.541648610802,92;152;162;94;0;101;105;22;80,moco_tcn64,3,248333000,247343900
116,27.3138888889,9,0.0223591866769,0.051600585285,0.139642193345,destination_fallback_global,133,88.0419444444,0.648357746973,133;96;11;70;29;14;261;10;162,moco_tcn64,3,248507000,255801270
121,8.88638888889,3,0.726360370465,0.787112518084,0.0836391274768,destination,320,12.5461111111,0.39739821591,320;170;340,moco_tcn64,3,249172000,636014168
128,90.6488888889,9,0.00221275759196,0.0373629180279,4.74428669739,destination_fallback_global,61,230.653333333,0.942496228503,61;234;365;220;257;169;66;372;124,moco_tcn64,3,249742000,245278000
130,3.88861111111,9,0.0437483985069,0.19690218512,2.3981442594,destination,115,-738.6,0.800768483624,115;306;206;237;37;189;125;58;26,moco_tcn64,3,249974000,248422000
132,-117.643055556,9,0.0166946573757,0.125372386411,0.195072061099,destination_fallback_global,11,70.8777777778,0.875324537372,11;96;122;133;14;244;74;10;70,moco_tcn64,3,255779000,215826000
140,35.1477777778,9,0.00251392838189,0.057900697396,1.34346609353,destination_fallback_global,50,40.9797222222,0.957511134543,50;349;166;21;149;135;360;213;168,moco_tcn64,3,255915592,241298000
143,59.5738888889,6,0.00777168330463,0.162548023816,8.63129459946,destination,138,59.5738888889,0.953313361443,138;142;3;68;205;344,moco_tcn64,3,255915693,255806044
150,19.4041666667,3,0.0654722677101,0.325931697458,3.97816417328,destination,181,19.4041666667,0.818012824829,181;288;348,moco_tcn64,3,255970000,304427000
153,58.2997222222,9,0.121985063569,0.223764971767,0.503338269759,destination_fallback_global,43,50.1938888889,0.579755877916,43;232;333;353;350;335;165;41;307,moco_tcn64,3,256251000,240544000
154,46.4047222222,6,0.057718835062,0.219111832648,0.240892172956,destination,172,65.5586111111,0.768417704377,172;110;161;98;159;234,moco_tcn64,3,256286000,271052090
173,66.6188888889,8,0.0348519130287,0.148285385149,1.86082599044,destination,240,66.6188888889,0.79054500592,240;231;363;352;379;376;24;8,moco_tcn64,3,273267690,372119000
175,318.020277778,9,0.015352841489,0.0448492144631,0.13017858035,destination,252,391.848055556,0.710120005068,252;177;380;174;216;223;249;52;145,moco_tcn64,3,273276260,461000256
176,175.056111111,9,0.0138000031439,0.0799861169613,0.552848248527,destination_fallback_global,254,301.943611111,0.841533059437,254;304;247;18;277;53;216;52;31,moco_tcn64,3,273277260,461000370
185,-128.244166667,9,0.0208988301343,0.0917139083268,0.0436923712424,destination_fallback_global,145,-566.815555556,0.796227920342,145;381;287;275;123;351;268;257;220,moco_tcn64,3,305690000,255915759
186,250.311388889,9,0.0169762907893,0.0344024223177,0.871534115435,destination_fallback_global,252,391.848055556,0.610509101335,252;274;300;177;241;219;226;322;329,moco_tcn64,3,305715000,461000256
192,-186.653611111,5,0.0705153108787,0.115312395194,0.299419283726,destination,261,-186.653611111,0.542528073301,261;10;70;157;97,moco_tcn64,3,311000231,538003678
193,-186.653611111,5,0.0875539962291,0.11486825502,0.107950209179,destination,261,-186.653611111,0.46663295472,261;10;157;70;97,moco_tcn64,3,311000451,538003678
194,30.7016666667,9,0.0254709064857,0.219270007373,5.33816375054,destination_fallback_global,348,16.7352777778,0.890330718578,348;182;42;3;112;327;355;108;161,moco_tcn64,3,311000516,636021733
196,3.05555555556,3,0.0256785220632,0.124339982309,3.84217829994,destination,257,3.05555555556,0.813411112291,257;23;369,moco_tcn64,3,311001060,477963900
201,40.6058333333,9,0.00748723219009,0.0716832299605,1.74904980786,destination_fallback_global,172,65.5586111111,0.900820857427,172;158;383;65;110;164;161;142;319,moco_tcn64,3,312120000,271052090
209,19.4041666667,3,0.0240804056648,0.145974818861,5.06197507188,destination,181,19.4041666667,0.847925299667,181;288;348,moco_tcn64,3,319076100,304427000
211,60.2488888889,8,0.0122188453651,0.23102657772,12.1993250739,destination,376,52.7875,0.948484957207,376;24;231;240;363;379;352;8,moco_tcn64,3,338619000,636093368
212,38.3211111111,9,0.0475093377216,0.169510972783,0.55779732209,destination_fallback_global,344,48.7227777778,0.75557749037,344;205;353;307;198;43;358;95;120,moco_tcn64,3,351656000,636021596
218,81.255,9,0.0310610078892,0.118792594574,0.375802197254,destination_fallback_global,270,73.2861111111,0.769916975233,270;343;276;262;127;210;379;385;318,moco_tcn64,3,352002473,538007504
225,79.2452777778,9,0.00397214814673,0.285536072904,29.8779963547,destination,271,79.2452777778,0.986185118001,271;359;279;282;300;214;285;268;305,moco_tcn64,3,352004810,538007511
227,303.231666667,9,0.0760009913915,0.181889130384,0.496214543015,destination,253,334.89,0.658465992251,253;145;52;249;223;216;252;380;177,moco_tcn64,3,352005660,461000284
235,64.9925,9,0.00180151817854,0.0445078831192,9.19980372538,destination_fallback_global,289,-79.6066666667,0.960331843216,289;284;5;314;160;180;230;228;321,moco_tcn64,3,356680000,538011848
236,81.3805555556,9,0.0304866174204,0.151772943499,2.31175434985,destination,214,81.3805555556,0.818018841139,214;300;285;282;271;268;279;359;278,moco_tcn64,3,356755000,352001352
238,44.4341666667,6,0.0316640103815,0.371461821499,10.1164253573,destination,159,44.4341666667,0.918290372983,159;98;110;172;161;234,moco_tcn64,3,357463000,256714000
239,182.796111111,9,0.0193483825171,0.187141321265,2.00744004731,destination_fallback_global,339,182.796111111,0.90177597723,339;359;163;336;20;280;78;271;253,moco_tcn64,3,357983000,636021161
246,66.6188888889,8,0.0502110140005,0.143966761017,0.515144681637,destination,376,52.7875,0.705556728448,376;240;363;231;352;24;379;8,moco_tcn64,3,403532001,636093368
256,3.05555555556,3,0.0377115399003,0.0635743556324,0.685806408343,destination,257,3.05555555556,0.552562946454,257;23;369,moco_tcn64,3,477856500,477963900
260,67.3097222222,9,0.0853184367476,0.130671232064,0.0825588642914,destination_fallback_global,318,44.8680555556,0.52052133241,318;240;231;248;363;210;377;35;296,moco_tcn64,3,538002883,636012378
265,12.1338888889,3,0.146154385616,0.274584227852,0.878727256079,destination,369,12.1338888889,0.587267274824,369;23;257,moco_tcn64,3,538005431,636025888
266,-186.653611111,5,0.0779328084826,0.130622665035,0.317253021367,destination,261,-186.653611111,0.550666747566,261;70;10;157;97,moco_tcn64,3,538005496,538003678
269,65.3591666667,9,0.0553714949399,0.107536231061,0.178800206396,destination_fallback_global,369,12.1338888889,0.597554293161,369;7;9;49;183;267;206;189;106,moco_tcn64,3,538007198,636025888
273,91.9708333333,9,0.0429671820753,0.293727419262,0.323562497427,destination,285,96.8438888889,0.863913610562,285;268;214;300;282;271;279;126;359,moco_tcn64,3,538008070,538010540
281,67.3097222222,8,0.129479399679,0.474111747789,0.218346721788,destination,363,74.3922222222,0.761017514651,363;231;352;240;376;379;24;8,moco_tcn64,3,538009968,636024786
283,-139.610277778,5,0.071708190303,0.106080226976,0.048252507988,destination,10,-117.643055556,0.508657315459,10;157;261;70;97,moco_tcn64,3,538010211,215498000
286,303.231666667,9,0.0953433761692,0.178758761124,0.114852671236,destination,253,334.89,0.586628595862,253;145;52;223;249;216;252;380;177,moco_tcn64,3,538010653,461000284
290,38.3211111111,9,0.0805300258779,0.170894101695,0.747610244153,destination_fallback_global,358,38.3211111111,0.624235455262,358;353;191;345;165;3;55;326;259,moco_tcn64,3,538011969,636023526
293,205.648333333,9,0.0130990129936,0.028855132109,0.176422995932,destination_fallback_global,61,230.653333333,0.635109518837,61;234;220;365;257;124;372;334;34,moco_tcn64,3,538090701,245278000
298,90.6488888889,6,0.0171679789423,0.22968616716,2.99160363953,destination,331,95.2236111111,0.927979742099,331;247;124;372;255;29,moco_tcn64,3,563186100,636019819
299,10.7030555556,9,0.0573315686455,0.107286809546,0.0894675557923,destination_fallback_global,11,70.8777777778,0.58603446577,11;133;96;198;122;14;45;64;120,moco_tcn64,3,563205300,215826000
301,22.8505555556,9,0.0053090580691,0.0453243944977,2.43026822977,destination_fallback_global,50,40.9797222222,0.889465399287,50;349;21;166;360;149;213;341;113,moco_tcn64,3,563279900,241298000
302,66.6188888889,8,0.0486364525503,0.259337696559,1.14682394878,destination,376,52.7875,0.828995123569,376;231;363;240;24;352;379;8,moco_tcn64,3,563280700,636093368
310,47.1530555556,9,0.0227622375986,0.0372582910561,0.120001161348,destination_fallback_global,112,47.1530555556,0.542845352849,112;195;303;355;138;155;327;15;88,moco_tcn64,3,605026210,248105000
315,11.9872222222,9,0.0137369884908,0.0976316251694,0.594898466262,destination_fallback_global,172,65.5586111111,0.868747950382,172;158;207;73;110;171;65;75;89,moco_tcn64,3,629009126,271052090
317,58.2141666667,9,0.0228302441286,0.135858933301,1.61606504738,destination_fallback_global,296,46.5769444444,0.845316854339,296;240;379;367;24;117;350;352;19,moco_tcn64,3,636011638,563003300
324,77.9036111111,9,0.0028781602656,0.0194231740756,0.537596073692,destination_fallback_global,199,77.9036111111,0.862274367214,199;229;189;190;183;30;49;267;306,moco_tcn64,3,636016205,311775000
325,96.8438888889,9,0.301343385896,0.40423091691,0.102165846822,destination,126,97.4713888889,0.474509625787,126;285;214;268;221;279;359;271;282,moco_tcn64,3,636017773,249611000
330,81.255,9,0.0361271785056,0.152058093177,0.75098204403,destination_fallback_global,382,101.826388889,0.78852749614,382;210;352;270;248;343;262;240;385,moco_tcn64,3,636019542,671500100
342,46.5769444444,9,0.0316441214755,0.0855852455169,0.0869400195676,destination_fallback_global,24,41.2513888889,0.690915294704,24;367;296;19;374;376;357;240;371,moco_tcn64,3,636021365,219608000
346,-82.5058333333,9,0.0522062293551,0.231348312059,1.36362214342,destination,69,-136.652222222,0.79798878812,69;119;0;67;144;92;162;105;295,moco_tcn64,3,636021700,247100900
361,46.4047222222,6,0.56363722715,0.862445331342,0.413206560696,destination,234,55.225,0.5202041955,234;161;172;98;159;110,moco_tcn64,3,636024536,356324000
362,50.2191666667,9,0.0600597055731,0.107048323294,0.0838551352243,destination_fallback_global,148,37.5897222222,0.570608309612,148;350;243;24;272;364;16;222;367,moco_tcn64,3,636024606,255915967
366,84.0602777778,9,0.0385745495125,0.148929647998,0.436147060375,destination,285,96.8438888889,0.771813846602,285;268;214;300;282;271;279;359;278,moco_tcn64,3,636024855,538010540
368,46.4288888889,9,0.00461712660315,0.0947531166105,3.05447676954,destination_fallback_global,24,41.2513888889,0.952440190992,24;367;374;243;19;376;357;296;371,moco_tcn64,3,636025061,219608000
2,-36.7822222222,9,0.10176915216,0.327561122843,0.0621705220002,destination,80,229.347777778,0.732942871744,80;91;147;242;22;94;105;101;162,masked_transformer_mae64,3,212690000,247268300
4,-186.653611111,5,0.0929522292095,0.168962888208,0.481089888845,destination,70,-2010.43222222,0.576872505418,70;261;10;157;97,masked_transformer_mae64,3,215054000,247101700
25,83.1661111111,6,0.0184073329469,0.0463699662947,0.589118034316,destination,247,83.1661111111,0.672356408236,247;331;124;372;255;29,masked_transformer_mae64,3,228481700,403660000
27,48.7227777778,9,0.0209728137433,0.0450971144271,0.851606608265,destination_fallback_global,11,70.8777777778,0.628098118666,11;344;198;244;45;232;179;353;170,masked_transformer_mae64,3,229370000,215826000
36,79.2452777778,9,0.00463881601688,0.0130046136497,0.00891016555042,destination,271,79.2452777778,0.699978675532,271;300;279;282;359;214;285;268;305,masked_transformer_mae64,3,232058998,538007511
39,303.231666667,9,0.000695308212998,0.00226638983416,0.492782934471,destination_fallback_global,216,303.231666667,0.735804299971,216;331;249;312;247;380;174;322;226,masked_transformer_mae64,3,232063279,352002243
44,91.9708333333,9,0.00162771886098,0.0273754046446,0.569938034639,destination,285,96.8438888889,0.942274005083,285;268;214;282;300;271;279;359;221,masked_transformer_mae64,3,240633000,538010540
47,11.9605555556,9,0.0280460040234,0.0626062357883,0.178692126206,destination_fallback_global,70,-2010.43222222,0.63892090641,70;133;162;29;90;125;45;170;94,masked_transformer_mae64,3,240893000,247101700
57,50.2191666667,9,0.000214695807911,0.0101696735036,3.73571240168,destination_fallback_global,335,92.9991666667,0.979109908499,335;378;41;200;272;16;148;373;264,masked_transformer_mae64,3,241953000,636020540
59,25.0463888889,9,0.0176362421695,0.0310627675883,0.00599649241361,destination_fallback_global,9,97.6213888889,0.566792809985,9;87;86;237;206;28;106;340;338,masked_transformer_mae64,3,244090800,215481000
71,64.6044444444,9,0.00759722661079,0.0117656007354,0.449697503917,destination_fallback_global,371,39.0594444444,0.524287465291,371;228;160;244;314;262;343;5;289,masked_transformer_mae64,3,247104500,636092313
72,-79.6436111111,9,0.0113620620471,0.0792383340891,4.34924232743,destination,22,-79.6436111111,0.866415255254,22;80;105;242;101;94;92;91;0,masked_transformer_mae64,3,247131100,219432000
76,-117.643055556,9,0.00807921656085,0.0219088613482,0.491088211469,destination_fallback_global,1,54.3475,0.691588062696,1;291;261;74;93;10;81;92;96,masked_transformer_mae64,3,247176900,210688000
77,18.4938888889,7,0.00353181522876,0.385636023638,33.4417805698,destination,48,18.4938888889,0.990883394299,48;62;99;213;258;135;304,masked_transformer_mae64,3,247219700,240942000
82,-76.6530555556,9,0.0691815083008,0.0951824226186,0.00846987481551,destination,67,-595.088611111,0.48343871975,67;69;162;119;0;92;144;94;295,masked_transformer_mae64,3,247282600,247077700
84,-76.6530555556,9,0.0471090132205,0.124045812965,0.0149067808465,destination,295,-76.6530555556,0.684017971936,295;119;0;69;101;92;94;144;105,masked_transformer_mae64,3,247298300,548651000
104,-62.65,9,0.0579965291834,0.088122024121,0.173926326817,destination,242,-36.7822222222,0.517814158846,242;101;295;94;105;22;119;0;147,masked_transformer_mae64,3,247425900,373026000
109,68.4872222222,9,0.0963543692148,0.148853117208,0.178393049967,destination_fallback_global,146,72.305,0.523451063408,146;222;42;264;364;16;117;272;24,masked_transformer_mae64,3,247488900,255915798
114,-80.6244444444,9,0.079486662287,0.150740018133,0.154299395103,destination,152,-80.6244444444,0.590190670457,152;22;105;92;162;94;101;67;80,masked_transformer_mae64,3,248333000,256227000
116,40.0636111111,9,0.0103029948326,0.0168616132753,0.129463456773,destination_fallback_global,133,88.0419444444,0.542790112803,133;45;29;11;96;198;125;14;74,masked_transformer_mae64,3,248507000,255801270
121,12.5461111111,3,0.123066674554,0.818419960201,5.65021593512,destination,320,12.5461111111,0.860388663878,320;170;340,masked_transformer_mae64,3,249172000,636014168
128,103.049722222,9,7.47643348848e-05,0.00329938724967,23.8579354283,destination_fallback_global,61,230.653333333,0.977594744382,61;234;365;169;220;279;66;257;197,masked_transformer_mae64,3,249742000,245278000
130,4.225,9,0.0189710723721,0.104459585101,1.55243305853,destination,115,-738.6,0.833925174168,115;237;206;306;189;125;37;275;58,masked_transformer_mae64,3,249974000,248422000
132,40.0636111111,9,0.00647189833836,0.0276175610928,1.95768336652,destination_fallback_global,11,70.8777777778,0.791092825199,11;96;45;133;198;29;125;122;14,masked_transformer_mae64,3,255779000,215826000
140,37.8808333333,9,0.000519673289976,0.0126210466117,3.20689182911,destination_fallback_global,50,40.9797222222,0.959661045608,50;349;166;168;21;151;135;360;213,masked_transformer_mae64,3,255915592,241298000
143,59.5738888889,6,0.00118752536803,0.0217524027688,8.23753653445,destination,138,59.5738888889,0.946870600617,138;142;3;68;205;344,masked_transformer_mae64,3,255915693,255806044
150,19.4041666667,3,0.011851019549,0.0481803693459,3.06550416585,destination,181,19.4041666667,0.781944155729,181;288;348,masked_transformer_mae64,3,255970000,304427000
153,58.2997222222,9,0.0300371020452,0.0483073807326,0.24428635489,destination_fallback_global,232,58.2997222222,0.53698175831,232;11;179;43;244;333;344;136;385,masked_transformer_mae64,3,256251000,354562000
154,46.4047222222,6,0.0125500326469,0.0728415865131,0.392269370209,destination,110,39.3958333333,0.841733235315,110;172;161;98;159;234,masked_transformer_mae64,3,256286000,247530400
173,67.3097222222,8,0.00710901051884,0.0349371807389,0.586673036505,destination,231,67.3097222222,0.815886685779,231;240;352;363;24;376;379;8,masked_transformer_mae64,3,273267690,353589000
175,318.020277778,9,0.00287737815427,0.00437716836471,0.128032810261,destination,380,318.020277778,0.518217298196,380;177;174;216;252;223;249;254;53,masked_transformer_mae64,3,273276260,667002260
176,175.056111111,9,0.00139108483498,0.00350541215718,0.116352127446,destination_fallback_global,247,83.1661111111,0.672442168875,247;254;18;304;380;322;312;216;329,masked_transformer_mae64,3,273277260,403660000
185,2.26111111111,9,0.00410221605551,0.0219861244106,0.115564905149,destination_fallback_global,381,-128.244166667,0.829790478947,381;145;275;287;257;123;351;220;23,masked_transformer_mae64,3,305690000,667002373
186,81.3805555556,9,0.00287864832974,0.00556822922236,0.215057496534,destination_fallback_global,252,391.848055556,0.596320300329,252;274;219;300;214;52;241;329;285,masked_transformer_mae64,3,305715000,461000256
192,-186.653611111,5,0.0145773034415,0.049549461296,0.691137175948,destination,261,-186.653611111,0.745129677765,261;10;70;157;97,masked_transformer_mae64,3,311000231,538003678
193,-186.653611111,5,0.00773737997141,0.0493760406325,0.223735685097,destination,261,-186.653611111,0.85495783495,261;10;70;157;97,masked_transformer_mae64,3,311000451,538003678
194,16.7352777778,9,0.0206433572071,0.124383369316,4.55856067607,destination_fallback_global,348,16.7352777778,0.847075395633,348;172;158;207;161;111;187;99;110,masked_transformer_mae64,3,311000516,636021733
196,6.19583333333,3,0.00565407398305,0.00575101312669,0.0171450079941,destination,23,6.19583333333,0.374132978058,23;257;369,masked_transformer_mae64,3,311001060,219550000
201,39.3958333333,9,0.00315655470724,0.0220216079647,1.02158912629,destination_fallback_global,172,65.5586111111,0.866460310973,172;158;110;161;383;17;245;111;65,masked_transformer_mae64,3,312120000,271052090
209,19.4041666667,3,0.00754880881049,0.0142632993188,0.889476826991,destination,181,19.4041666667,0.589048338132,181;288;348,masked_transformer_mae64,3,319076100,304427000
211,66.6188888889,8,0.00268926843144,0.0408146481289,4.15531506027,destination,376,52.7875,0.936234044692,376;231;363;240;352;24;379;8,masked_transformer_mae64,3,338619000,636093368
212,48.7227777778,9,0.0158513124393,0.0232970753587,0.105305838035,destination_fallback_global,43,50.1938888889,0.506414769425,43;344;165;353;307;198;358;333;191,masked_transformer_mae64,3,351656000,240544000
218,81.255,9,0.00397808635182,0.00752428666165,0.072084265346,destination_fallback_global,127,92.2597222222,0.589370967527,127;270;262;343;276;210;318;323;228,masked_transformer_mae64,3,352002473,249697000
225,79.2452777778,9,0.000263377211805,0.0130532732368,8.48744056872,destination,271,79.2452777778,0.980025094563,271;359;300;282;279;214;285;268;221,masked_transformer_mae64,3,352004810,538007511
227,318.020277778,9,0.00329947237348,0.0300949943521,2.87500131655,destination,253,334.89,0.896160946111,253;52;145;252;380;223;249;216;174,masked_transformer_mae64,3,352005660,461000284
235,64.9925,9,0.000100868360879,0.00289773107003,5.59878932069,destination_fallback_global,289,-79.6066666667,0.965789451204,289;284;5;160;314;318;228;180;371,masked_transformer_mae64,3,356680000,538011848
236,81.3805555556,9,0.00203125390724,0.012397607091,3.13814122956,destination,214,81.3805555556,0.848875779977,214;285;282;271;300;359;268;279;221,masked_transformer_mae64,3,356755000,352001352
238,44.4341666667,6,0.0182479497303,0.322468288412,9.67649358007,destination,159,44.4341666667,0.944982987569,159;234;98;172;161;110,masked_transformer_mae64,3,357463000,256714000
239,121.198611111,9,0.00254176241809,0.0154581224408,0.394636106367,destination_fallback_global,339,182.796111111,0.848378055322,339;163;336;359;271;32;253;334;311,masked_transformer_mae64,3,357983000,636021161
246,67.3097222222,8,0.00338156046241,0.0148872692894,1.23468707833,destination,363,74.3922222222,0.79680568248,363;240;376;231;352;24;379;8,masked_transformer_mae64,3,403532001,636024786
256,6.19583333333,3,0.00154264784716,0.00933363233211,5.0503972759,destination,23,6.19583333333,0.847657680692,23;257;369,masked_transformer_mae64,3,477856500,219550000
260,66.6188888889,9,0.00768422199054,0.0183969560546,0.0665068601803,destination_fallback_global,231,67.3097222222,0.658566444851,231;240;127;35;296;318;131;180;323,masked_transformer_mae64,3,538002883,353589000
265,12.1338888889,3,0.0531480683693,0.175081336997,2.29421825418,destination,369,12.1338888889,0.738184004149,369;257;23,masked_transformer_mae64,3,538005431,636025888
266,-186.653611111,5,0.0232541549694,0.0544559430524,0.974232204535,destination,261,-186.653611111,0.652445972186,261;10;70;157;97,masked_transformer_mae64,3,538005496,538003678
269,65.3591666667,9,0.0141121405292,0.0201253958395,0.104463204635,destination_fallback_global,9,97.6213888889,0.495984510299,9;7;369;267;49;206;183;87;28,masked_transformer_mae64,3,538007198,215481000
273,84.0602777778,9,0.0119152839839,0.055299732128,0.172195255423,destination,268,103.651111111,0.806164631242,268;285;214;282;300;271;359;279;126,masked_transformer_mae64,3,538008070,538006774
281,74.3922222222,8,0.00266754156215,0.0236522532438,5.81229187324,destination,363,74.3922222222,0.893345647407,363;376;240;352;231;24;379;8,masked_transformer_mae64,3,538009968,636024786
283,-139.610277778,5,0.0155238788189,0.0399557042952,0.349949159737,destination,10,-117.643055556,0.678054763179,10;261;157;70;97,masked_transformer_mae64,3,538010211,215498000
286,318.020277778,9,0.0037723740692,0.0337237327,3.05287108736,destination,253,334.89,0.894168442687,253;52;145;252;380;223;249;216;174,masked_transformer_mae64,3,538010653,461000284
290,43.6044444444,9,0.0406589821567,0.0682303116211,0.287852184135,destination_fallback_global,205,59.7291666667,0.551062025895,205;353;344;358;167;156;165;233;3,masked_transformer_mae64,3,538011969,314496000
293,91.9708333333,9,0.00147042014504,0.00313000109766,0.115910858079,destination_fallback_global,365,647.133888889,0.625138140295,365;234;220;372;257;334;61;124;279,masked_transformer_mae64,3,538090701,636024824
298,90.6488888889,6,0.00185956252556,0.0330132875591,0.716356783576,destination,331,95.2236111111,0.945229334398,331;247;124;372;255;29,masked_transformer_mae64,3,563186100,636019819
299,40.0636111111,9,0.0103739095625,0.0381333079089,0.513232829433,destination_fallback_global,11,70.8777777778,0.761821300703,11;45;198;14;133;29;125;170;96,masked_transformer_mae64,3,563205300,215826000
301,37.8808333333,9,0.0020158053316,0.0117296719663,2.79094690991,destination_fallback_global,50,40.9797222222,0.842101085511,50;349;168;21;166;151;360;213;113,masked_transformer_mae64,3,563279900,241298000
302,66.6188888889,8,0.00357278267807,0.0440272280657,2.69099478633,destination,376,52.7875,0.922055935698,376;231;363;240;352;24;379;8,masked_transformer_mae64,3,563280700,636093368
310,59.5738888889,9,0.00203749815988,0.00724899202728,1.02072340003,destination_fallback_global,195,60.9886111111,0.754972988818,195;138;303;112;88;319;355;155;164,masked_transformer_mae64,3,605026210,311000621
315,18.5783333333,9,0.00541716286687,0.0412425646444,0.454062693365,destination_fallback_global,158,6.98527777778,0.876911822466,158;172;65;73;17;103;171;161;178,masked_transformer_mae64,3,629009126,256607000
317,75.9841666667,9,0.00749134447543,0.0178957337013,0.627225878009,destination_fallback_global,240,66.6188888889,0.657960331134,240;352;296;210;248;276;270;127;24,masked_transformer_mae64,3,636011638,372119000
324,77.9036111111,9,0.00249109369622,0.00989267119815,0.00267468318846,destination_fallback_global,189,-786.144166667,0.777390844232,189;229;199;183;30;190;49;267;306,masked_transformer_mae64,3,636016205,310610000
325,84.0602777778,9,0.0213642054519,0.0649173234654,0.0519495779694,destination,285,96.8438888889,0.719572005986,285;268;214;282;359;271;300;279;126,masked_transformer_mae64,3,636017773,538010540
330,81.0472222222,9,0.0160437399429,0.0264809599823,0.326484380023,destination_fallback_global,352,75.9841666667,0.545605302689,352;296;240;210;248;382;276;127;321,masked_transformer_mae64,3,636019542,636022522
342,60.2488888889,9,0.00645365063422,0.0469126557514,0.835265660456,destination_fallback_global,296,46.5769444444,0.871475637397,296;24;240;231;377;367;379;127;222,masked_transformer_mae64,3,636021365,563003300
346,-82.5058333333,9,0.0413741110164,0.0839419248307,0.271353439024,destination,69,-136.652222222,0.610858636733,69;119;144;0;67;92;101;295;162,masked_transformer_mae64,3,636021700,247100900
361,46.4047222222,6,0.0823361395718,0.422179956575,2.87388461791,destination,234,55.225,0.822813125554,234;159;161;172;98;110,masked_transformer_mae64,3,636024536,356324000
362,76.2652777778,9,0.00929660579059,0.0267985193049,0.529358795289,destination_fallback_global,350,76.2652777778,0.706870751532,350;270;276;343;323;262;243;371;148,masked_transformer_mae64,3,636024606,636021781
366,84.0602777778,9,0.00537398952469,0.0260301317394,0.326581628665,destination,214,81.3805555556,0.813464782876,214;285;268;282;300;271;359;279;221,masked_transformer_mae64,3,636024855,352001352
368,54.13,9,0.00861160138737,0.0256616550629,0.273356712494,destination_fallback_global,24,41.2513888889,0.714921550354,24;367;240;19;374;323;270;296;318,masked_transformer_mae64,3,636025061,219608000
1,-5.65111111111,9,0.00627009347178,0.0347417522821,0.117025677652,destination_fallback_global,291,-5.65111111111,0.834871732453,291;81;92;193;10;105;100;283;76,moco_tcn64,4,210688000,538012456
5,74.6733333333,9,0.0191787261817,0.0529782412177,0.0776489495851,destination_fallback_global,228,74.6733333333,0.696274444607,228;160;235;284;244;281;230;314;180,moco_tcn64,4,215178000,352006086
9,79.0844444444,9,0.13642779671,0.575277162403,1.80447149872,destination,183,65.3591666667,0.78887182697,183;279;278;36;225;271;359;300;282,moco_tcn64,4,215481000,304610000
12,10.1502777778,9,0.102241601393,0.159532618676,0.180038485411,destination_fallback_global,29,85.9019444444,0.526827498806,29;152;93;116;86;125;74;338;198,moco_tcn64,4,215867000,229456000
14,67.0344444444,9,0.0578184587669,0.0942735631764,0.0252000905367,destination_fallback_global,116,68.9125,0.541557994921,116;29;45;299;93;198;95;11;96,moco_tcn64,4,215958000,248507000
15,19.2561111111,9,0.0197362252729,0.0400517859186,0.291633018062,destination_fallback_global,155,19.2561111111,0.610933189979,155;327;108;355;209;303;112;143;288,moco_tcn64,4,215993000,256392000
40,34.4072222222,9,0.0846629966376,0.12881783534,0.0944944371745,destination_fallback_global,195,60.9886111111,0.51828479334,195;310;27;150;353;156;212;303;138,moco_tcn64,4,235010170,311000621
46,303.231666667,9,0.311489803583,0.384135532303,0.1508985592,destination,216,303.231666667,0.444464468712,216;174;249;380;53;52;175;377;252,moco_tcn64,4,240878000,352002243
50,34.4177777778,9,0.00202472522779,0.0310652267616,2.31922288724,destination_fallback_global,140,38.3283333333,0.936902010898,140;301;349;166;21;149;213;360;356,moco_tcn64,4,241298000,255915592
54,42.2341666667,9,0.0225445937786,0.20832159752,3.08944435279,destination_fallback_global,320,12.5461111111,0.897430008711,320;280;279;56;118;23;265;384;141,moco_tcn64,4,241751000,636014168
58,2.26111111111,9,0.0768831134208,0.271283025888,0.508072165938,destination,26,1.55583333333,0.753214264689,26;351;123;287;275;37;189;141;206,moco_tcn64,4,242494400,229331000
63,48.4636111111,9,0.0513376689588,1.02429020671,6.71389548655,destination,243,18.7561111111,0.951115057437,243;41;49;53;253;244;52;249;227,moco_tcn64,4,247018700,373808000
64,18.9361111111,9,0.0442907542031,0.135768846416,0.507968839079,destination_fallback_global,95,21.2675,0.721645126116,95;77;48;103;29;62;83;299;17,moco_tcn64,4,247045300,247355500
67,-136.652222222,9,0.148296907438,0.243563776551,0.196782395131,destination,69,-136.652222222,0.543969153841,69;346;144;152;0;82;92;84;105,moco_tcn64,4,247077700,247100900
70,-125.627222222,8,0.106438345942,0.150138015319,0.0437853777261,destination,10,-117.643055556,0.492167251197,10;192;283;193;266;157;97;4,moco_tcn64,4,247101700,215498000
73,-2395.48805556,4,0.68950676857,0.722815867755,0.0133252194094,destination,85,-2525.77555556,0.385228895645,85;100;86;74,moco_tcn64,4,247144750,247305480
75,256.149722222,3,0.390896326631,0.941070095745,1.40746722758,destination,17,9.26722222222,0.660093165545,17;81;30,moco_tcn64,4,247153450,219031822
78,79.2452777778,9,0.0457356902801,0.117301500563,1.33630424914,destination_fallback_global,217,104.6475,0.677125534821,217;225;372;169;280;359;334;66;271,moco_tcn64,4,247231200,352002310
80,-79.6436111111,9,0.0280313020689,0.207491314993,0.834617508191,destination,72,-201.613888889,0.873631805817,72;22;2;242;147;114;104;105;92,moco_tcn64,4,247268300,247131100
91,-62.65,9,0.0220317259984,0.0961955179942,1.09486140446,destination,147,-62.65,0.795304124112,147;242;2;22;104;72;105;92;0,moco_tcn64,4,247333600,255915800
94,-166.650833333,9,0.0630044003135,0.223001540821,0.29767286526,destination,0,-20.6094444444,0.753874786079,0;105;92;69;72;104;22;242;84,moco_tcn64,4,247351700,210627000
98,44.5888888889,7,0.327184489143,0.448445240752,0.130751712352,destination,110,39.3958333333,0.482103037703,110;154;159;238;161;234;361,moco_tcn64,4,247383400,247530400
101,-166.650833333,9,0.0337674498212,0.170471682896,0.165485913278,destination,0,-20.6094444444,0.820302210573,0;105;92;69;104;22;72;242;84,moco_tcn64,4,247408700,210627000
119,-166.650833333,9,0.0516929548345,0.190390376835,0.0820442548568,destination,0,-20.6094444444,0.762227406451,0;69;84;105;92;346;104;144;242,moco_tcn64,4,249087000,210627000
120,-100.135833333,5,0.320468115039,0.57374066721,0.027373078652,destination,6,-100.135833333,0.572032668047,6;93;102;107;79,moco_tcn64,4,249146000,215232000
122,-100.135833333,5,0.255983636378,0.730705597954,0.343890804778,destination,6,-100.135833333,0.704459876712,6;93;102;79;107,moco_tcn64,4,249281000,215232000
133,40.0636111111,9,0.0322838416606,0.0930201872937,0.138234479557,destination_fallback_global,116,68.9125,0.706760980252,116;45;96;76;81;10;291;29;6,moco_tcn64,4,255801270,248507000
136,47.1530555556,9,0.0965023982077,0.160195512485,0.1338533219,destination_fallback_global,195,60.9886111111,0.547493943446,195;310;164;353;112;303;138;153;156,moco_tcn64,4,255805951,311000621
145,303.231666667,9,0.193555606703,0.319645415088,0.0248109831151,destination,227,84.285,0.545783857051,227;286;174;380;175;252;216;253;249,moco_tcn64,4,255915759,352005660
162,-136.652222222,9,0.222361917288,0.305474539411,0.166742258758,destination,0,-20.6094444444,0.48291099613,0;82;92;69;152;105;84;114;346,moco_tcn64,4,256891000,210627000
171,6.98527777778,3,0.0662879546633,0.292869372432,3.41813861839,destination,158,6.98527777778,0.797447193432,158;139;326,moco_tcn64,4,271051219,256607000
172,44.5888888889,7,0.0960981542365,0.402244347131,0.115730093768,destination,154,44.5888888889,0.787489752038,154;161;110;159;238;234;361,moco_tcn64,4,271052090,256286000
178,9.765,9,0.00697805954225,0.0796817528021,2.77781250122,destination_fallback_global,17,9.26722222222,0.916150962179,17;13;103;48;154;158;95;201;89,moco_tcn64,4,275488000,219031822
179,50.4611111111,9,0.0393710610918,0.0934022081582,0.347930880072,destination_fallback_global,244,-2439.34805556,0.656047727242,244;385;228;114;343;132;262;11;96,moco_tcn64,4,275497000,374194000
181,17.3766666667,3,0.0196748299052,0.0535113446015,1.71978689825,destination,209,17.3766666667,0.692341557563,209;150;288,moco_tcn64,4,304427000,319076100
184,59.5738888889,9,0.00916885889484,0.0950297785497,2.98868068298,destination_fallback_global,142,83.2125,0.908024371016,142;33;319;65;164;138;88;154;143,moco_tcn64,4,304785000,255915683
188,22.8505555556,9,0.0647950437059,0.14113862557,0.437793257997,destination_fallback_global,258,14.895,0.631859664009,258;341;238;269;21;82;294;4;360,moco_tcn64,4,309467000,511100560
191,38.3211111111,9,0.00796510205581,0.0716527489108,4.16212514283,destination_fallback_global,358,38.3211111111,0.894793291301,358;290;165;167;259;353;55;3;288,moco_tcn64,4,310841000,636023526
197,91.9708333333,9,0.0550582892268,0.120768259835,0.094482411996,destination_fallback_global,279,91.9708333333,0.63387701397,279;66;280;217;128;60;372;61;384,moco_tcn64,4,311001144,538009532
200,48.3297222222,9,0.011604024801,0.0383592078685,0.350745743018,destination_fallback_global,272,50.2191666667,0.738961467931,272;378;148;16;57;335;364;264;362,moco_tcn64,4,312107000,538007661
202,91.735,9,0.0815142104747,0.263257368642,0.826125304684,destination_fallback_global,221,111.593333333,0.733713277513,221;56;328;126;141;129;320;255;109,moco_tcn64,4,312333000,352004307
205,55.1116666667,5,0.19083346834,0.241095523213,0.0516844052375,destination,143,55.1116666667,0.453152581048,143;3;68;138;142,moco_tcn64,4,314496000,255915693
207,314.258055556,9,0.786993844614,0.923684406013,0.0215001786498,destination,52,232.388333333,0.42655415371,52;177;252;53;253;380;175;49;286,moco_tcn64,4,314652000,241689000
208,48.3297222222,9,0.0324368348475,0.0717189624206,0.153216049542,destination_fallback_global,148,37.5897222222,0.636177944604,148;378;335;57;272;16;364;243;167,moco_tcn64,4,314900000,255915967
214,90.5836111111,9,0.015867497256,0.164498123431,3.46015306924,destination,236,90.5836111111,0.908046173072,236;366;285;44;282;273;300;271;268,moco_tcn64,4,352001352,356755000
223,314.258055556,9,0.0122878411725,0.0748498848585,3.10681421725,destination,249,426.029722222,0.848600745876,249;216;380;53;177;52;175;174;252,moco_tcn64,4,352004593,431048000
229,77.9036111111,9,0.00906184917251,0.0353999580042,0.363230744788,destination_fallback_global,199,77.9036111111,0.774153779516,199;324;189;190;30;183;267;339;49,moco_tcn64,4,352506000,311775000
232,48.3297222222,9,0.0871938845876,0.12426583098,0.034811718625,destination_fallback_global,43,50.1938888889,0.495755585491,43;153;71;353;378;165;148;335;182,moco_tcn64,4,354562000,240544000
233,38.3425,9,0.0182255101515,0.0278551547383,0.0600390778397,destination_fallback_global,209,17.3766666667,0.519807993749,209;204;303;195;355;112;3;155;156,moco_tcn64,4,355860000,319076100
237,4.225,9,0.0729607839891,0.342221727366,1.93625222389,destination,115,-738.6,0.807996619419,115;206;130;125;37;189;141;275;287,moco_tcn64,4,356794000,248422000
245,54.7930555556,9,0.016260349924,0.0443589726092,0.233791808049,destination_fallback_global,150,22.8913888889,0.693112596406,150;156;143;88;164;319;33;138;204,moco_tcn64,4,376304000,255970000
247,82.6511111111,7,0.0510457431406,0.335841731845,0.185407420284,destination,331,95.2236111111,0.858993907994,331;298;25;124;255;372;29,moco_tcn64,4,403660000,636019819
254,318.020277778,9,0.0593306596837,0.115958333731,0.204188821818,destination,216,303.231666667,0.599502588635,216;249;380;174;53;52;175;177;252,moco_tcn64,4,461000370,352002243
261,-125.627222222,8,0.0275246199017,0.0954927361669,1.4065999376,destination,10,-117.643055556,0.749583290984,10;193;192;283;266;157;97;4,moco_tcn64,4,538003678,215498000
274,250.311388889,9,0.0219129332052,0.0392433765872,0.13792048645,destination_fallback_global,241,59.9638888889,0.572132014839,241;366;252;312;236;380;226;186;175,moco_tcn64,4,538009008,372668000
289,38.715,9,0.126090512503,0.882092099298,3.22853625395,destination,244,-2439.34805556,0.866801881839,244;377;291;41;177;175;243;252;174,moco_tcn64,4,538011848,374194000
295,-166.650833333,9,0.176858287145,0.340726459931,0.21578695531,destination,84,-393.143611111,0.595078243872,84;82;69;346;0;104;105;92;242,moco_tcn64,4,548651000,247298300
305,79.0844444444,9,0.128364761576,0.460251617541,0.915835547126,destination,183,65.3591666667,0.756614598567,183;279;278;36;225;271;359;282;300,moco_tcn64,4,566453000,304610000
306,4.225,9,0.0355243241546,0.332971261122,0.242248093448,destination,206,4.225,0.898805284054,206;37;115;189;130;275;141;351;26,moco_tcn64,4,566579000,314509000
307,50.1938888889,9,0.0511999343777,0.131983524412,0.0509613215599,destination_fallback_global,198,10.5536111111,0.678462066039,198;212;27;125;292;299;153;353;43,moco_tcn64,4,566722000,311085000
308,-163.314166667,9,0.0174489363699,0.0658791411688,0.417555635163,destination_fallback_global,69,-136.652222222,0.767311187823,69;346;79;85;84;266;144;0;102,moco_tcn64,4,577339000,247100900
309,10.1502777778,9,0.0957595315044,0.14354280361,0.132869102523,destination_fallback_global,86,-2395.48805556,0.513187081305,86;338;137;115;125;292;29;106;116,moco_tcn64,4,578001200,247306670
322,318.020277778,9,0.00373283300852,0.0234518606268,1.24599828311,destination_fallback_global,312,368.455555556,0.852851349092,312;241;380;366;39;298;226;249;216,moco_tcn64,4,636015940,613404821
329,303.231666667,9,0.0185566860205,0.0445432953548,0.364554323107,destination_fallback_global,241,59.9638888889,0.659285333291,241;249;312;236;52;39;380;216;366,moco_tcn64,4,636018926,372668000
332,57.5136111111,9,0.0156872990425,0.0732828511157,0.26865132886,destination_fallback_global,31,-3047.71833333,0.807295848292,31;53;32;25;18;20;249;52;236,moco_tcn64,4,636019983,229548000
333,50.1938888889,9,0.0152123215039,0.130253193396,2.92784558251,destination_fallback_global,43,50.1938888889,0.889771676962,43;153;165;353;378;335;167;148;57,moco_tcn64,4,636020064,240544000
340,10.3208333333,3,0.903834785593,1.35512352016,0.499304454491,destination,320,12.5461111111,0.513258356635,320;170;121,moco_tcn64,4,636021246,636014168
344,55.1116666667,5,0.214352455097,0.250778060534,0.00533944189042,destination,3,43.6044444444,0.425389681475,3;143;68;138;142,moco_tcn64,4,636021596,215035000
345,34.5391666667,9,0.0213917552527,0.0475817190351,0.0857350995507,destination_fallback_global,3,43.6044444444,0.637896467388,3;55;288;290;108;259;327;355;155,moco_tcn64,4,636021665,215035000
347,34.5391666667,9,0.0342911609169,0.069248180082,0.231995677023,destination_fallback_global,288,13.5269444444,0.609453738995,288;259;3;55;327;108;355;155;290,moco_tcn64,4,636021702,538011225
348,17.3766666667,3,0.373318962106,0.396997640877,0.063427474022,destination,209,17.3766666667,0.390488945594,209;288;150,moco_tcn64,4,636021733,319076100
350,48.3297222222,9,0.0588805415925,0.0830903609723,0.0157481355496,destination_fallback_global,362,36.4069444444,0.492316913439,362;57;335;41;16;378;272;148;270,moco_tcn64,4,636021781,636024606
363,66.6188888889,9,0.0615658146935,0.14868005435,0.722255529146,destination,246,51.7697222222,0.660946393872,246;281;240;352;231;173;302;211;24,moco_tcn64,4,636024786,403532001
365,90.6488888889,9,0.0082213444746,0.0235188224738,0.280887616345,destination_fallback_global,372,90.6488888889,0.704995076515,372;36;334;128;234;61;293;169;311,moco_tcn64,4,636024824,636092552
375,75.8911111111,9,0.0130411858184,0.373580902875,14.2421280381,destination_fallback_global,56,91.735,0.965693677887,56;320;280;384;369;221;328;151;359,moco_tcn64,4,636093237,241929000
376,51.7697222222,9,0.01805074621,0.323557320154,2.24636343858,destination,211,50.7580555556,0.945739230188,211;302;246;24;240;231;173;281;352,moco_tcn64,4,636093368,338619000
383,59.5738888889,9,0.0202311898574,0.0417535828524,0.110564669171,destination_fallback_global,319,64.7330555556,0.615981827752,319;33;164;88;142;143;138;154;150,moco_tcn64,4,671562100,636013095
1,-12.6144444444,9,0.00128153875014,0.0177507825004,1.53205737407,destination_fallback_global,291,-5.65111111111,0.930348358937,291;81;10;193;76;105;22;283;72,masked_transformer_mae64,4,210688000,538012456
5,74.6733333333,9,0.00133823444485,0.00518306361325,0.133471038926,destination_fallback_global,160,80.7813888889,0.772445583993,160;228;235;284;314;318;262;244;281,masked_transformer_mae64,4,215178000,256812000
9,79.0844444444,9,0.0260883054609,0.23444215569,3.03868579706,destination,183,65.3591666667,0.894689794915,183;278;279;36;359;225;271;282;300,masked_transformer_mae64,4,215481000,304610000
12,-2.32222222222,9,0.0351053190507,0.0788719433164,0.503857161729,destination_fallback_global,29,85.9019444444,0.640764932497,29;292;125;116;152;86;96;338;74,masked_transformer_mae64,4,215867000,229456000
14,18.4938888889,9,0.0240123897788,0.0419246380721,0.156614257097,destination_fallback_global,95,21.2675,0.563971662874,95;45;77;170;48;198;116;13;299,masked_transformer_mae64,4,215958000,247355500
15,19.2561111111,9,0.00211967480635,0.00342062237802,0.0521690199697,destination_fallback_global,327,47.1522222222,0.538119198173,327;155;355;209;108;215;303;143;288,masked_transformer_mae64,4,215993000,636018323
40,64.6044444444,9,0.0174311710396,0.0244186573647,0.10650148104,destination_fallback_global,244,-2439.34805556,0.489756761687,244;228;27;71;310;343;160;314;259,masked_transformer_mae64,4,235010170,374194000
46,303.231666667,9,0.0552886041843,0.0642370208074,0.129590524196,destination,216,303.231666667,0.422867286622,216;380;52;249;174;53;253;227;286,masked_transformer_mae64,4,240878000,352002243
50,34.4177777778,9,0.000592077374767,0.0147229147838,3.20172454829,destination_fallback_global,140,38.3283333333,0.960583194573,140;301;349;166;21;168;135;149;213,masked_transformer_mae64,4,241298000,255915592
54,79.1775,9,0.0021403148072,0.0256283478628,4.47299024128,destination_fallback_global,320,12.5461111111,0.919878604409,320;280;279;23;118;129;255;328;359,masked_transformer_mae64,4,241751000,636014168
58,2.26111111111,9,0.00797464447061,0.0280948140309,0.541463970012,destination,26,1.55583333333,0.752881403612,26;351;123;287;275;141;37;189;206,masked_transformer_mae64,4,242494400,229331000
63,38.715,9,0.0266833914843,0.533846843461,2.27538594089,destination,243,18.7561111111,0.951245373326,243;41;244;377;49;291;253;53;52,masked_transformer_mae64,4,247018700,373808000
64,18.4938888889,9,0.0101294729355,0.0392760257897,0.150039563749,destination_fallback_global,77,15.9166666667,0.772668838622,77;95;48;103;13;17;62;170;68,masked_transformer_mae64,4,247045300,247219700
67,-82.5058333333,9,0.0773960413714,0.115958529027,0.286090315402,destination,92,-2457.65333333,0.513017218166,92;144;69;152;82;0;346;105;114,masked_transformer_mae64,4,247077700,247343900
70,-125.627222222,8,0.0398016224501,0.0571678361645,0.127449220496,destination,283,-12.6144444444,0.49846392941,283;192;193;10;266;157;4;97,masked_transformer_mae64,4,247101700,538010211
73,-2395.48805556,4,0.208127709108,0.434089909933,1.0172751796,destination,100,1902.665,0.619119107096,100;74;85;86,masked_transformer_mae64,4,247144750,247407900
75,9.26722222222,3,0.193634274631,0.431972374344,1.23086731503,destination,17,9.26722222222,0.63874104778,17;81;30,masked_transformer_mae64,4,247153450,219031822
78,90.6488888889,9,0.00398048181134,0.0068991742558,0.451626827148,destination_fallback_global,217,104.6475,0.561608400982,217;372;334;280;169;359;225;279;271,masked_transformer_mae64,4,247231200,352002310
80,-79.6436111111,9,0.0289648798033,0.121033082521,1.23839022945,destination,72,-201.613888889,0.787167876528,72;22;2;242;105;147;114;104;92,masked_transformer_mae64,4,247268300,247131100
91,-62.65,9,0.023211765285,0.0981281261201,0.122742460281,destination,147,-62.65,0.789349977099,147;242;22;72;104;2;105;92;0,masked_transformer_mae64,4,247333600,255915800
94,-166.650833333,9,0.0340168906432,0.0608868999049,0.125930433952,destination,0,-20.6094444444,0.571957945759,0;105;92;69;104;22;242;72;84,masked_transformer_mae64,4,247351700,210627000
98,44.5888888889,7,0.128883090602,0.261711271546,0.0124030503583,destination,110,39.3958333333,0.611119415848,110;154;161;159;238;234;361,masked_transformer_mae64,4,247383400,247530400
101,-136.652222222,9,0.0172175208233,0.0653717717588,1.06463357453,destination,0,-20.6094444444,0.768450964341,0;104;105;69;92;22;242;147;84,masked_transformer_mae64,4,247408700,210627000
119,-136.652222222,9,0.00466554904596,0.083970048031,0.879768468238,destination,0,-20.6094444444,0.945953313744,0;69;84;92;104;346;105;144;82,masked_transformer_mae64,4,249087000,210627000
120,-174.649444444,5,0.0964902944132,0.247015368157,1.04615242373,destination,93,-648.636388889,0.676634075637,93;6;102;79;107,masked_transformer_mae64,4,249146000,247349400
122,-100.135833333,5,0.164655073628,0.539809301083,0.273217537578,destination,93,-648.636388889,0.737105299429,93;6;102;107;79,masked_transformer_mae64,4,249281000,247349400
133,67.0344444444,9,0.00688351166539,0.0360320885577,1.71020396782,destination_fallback_global,29,85.9019444444,0.826100885475,29;116;96;74;45;47;76;299;132,masked_transformer_mae64,4,255801270,229456000
136,65.5713888889,9,0.023044919669,0.0295192201876,0.033483567604,destination_fallback_global,385,85.1122222222,0.458096653649,385;27;244;343;71;228;153;262;270,masked_transformer_mae64,4,255805951,677089900
145,232.388333333,9,0.0149601157311,0.0374759593024,0.0253212994378,destination,286,90.6833333333,0.670861658215,286;227;253;252;174;380;216;52;175,masked_transformer_mae64,4,255915759,538010653
162,-136.652222222,9,0.0759144083046,0.116521570425,0.467766961973,destination,92,-2457.65333333,0.521260587848,92;105;0;69;82;22;104;152;72,masked_transformer_mae64,4,256891000,247343900
171,6.98527777778,3,0.0119111724279,0.0862102076103,6.23776002172,destination,158,6.98527777778,0.87095558764,158;139;326,masked_transformer_mae64,4,271051219,256607000
172,44.5888888889,7,0.0204628852775,0.312515087227,0.121747569449,destination,154,44.5888888889,0.936619585043,154;110;161;159;238;361;234,masked_transformer_mae64,4,271052090,256286000
178,17.4525,9,0.00050471755678,0.0187554451198,8.02272248739,destination_fallback_global,17,9.26722222222,0.973448405325,17;13;48;154;65;95;103;77;201,masked_transformer_mae64,4,275488000,219031822
179,80.7813888889,9,0.00416959618644,0.016254105079,0.284420179189,destination_fallback_global,385,85.1122222222,0.77373508536,385;244;343;228;262;160;382;270;127,masked_transformer_mae64,4,275497000,677089900
181,17.3766666667,3,0.00362743588893,0.00655330111627,0.806593229194,destination,209,17.3766666667,0.574917897757,209;150;288,masked_transformer_mae64,4,304427000,319076100
184,59.5738888889,9,0.0045137577098,0.0250255960811,0.85697659645,destination_fallback_global,142,83.2125,0.834964857162,142;33;164;319;88;138;156;68;143,masked_transformer_mae64,4,304785000,255915683
188,22.8505555556,9,0.0547627233327,0.0931305610585,0.0721702696223,destination_fallback_global,258,14.895,0.555425398428,258;341;82;238;7;384;301;269;21,masked_transformer_mae64,4,309467000,511100560
191,40.7847222222,9,0.00805911677375,0.0671621752928,2.22884128787,destination_fallback_global,358,38.3211111111,0.886924982926,358;165;167;212;290;353;43;153;250,masked_transformer_mae64,4,310841000,636023526
197,91.9708333333,9,0.00295180134852,0.00758410657339,0.462780124593,destination_fallback_global,279,91.9708333333,0.677592744386,279;66;128;61;217;169;372;280;220,masked_transformer_mae64,4,311001144,538009532
200,50.2191666667,9,0.00155970391066,0.00610733211139,1.05422888348,destination_fallback_global,272,50.2191666667,0.774620381478,272;378;16;57;335;264;148;364;41,masked_transformer_mae64,4,312107000,538007661
202,91.735,9,0.0219312172465,0.0971008273225,0.529159357155,destination_fallback_global,221,111.593333333,0.797829589638,221;56;126;328;129;141;255;320;325,masked_transformer_mae64,4,312333000,352004307
205,55.1116666667,5,0.0574736105591,0.0867169508573,0.360031916505,destination,68,42.1283333333,0.515420347319,68;3;143;138;142,masked_transformer_mae64,4,314496000,247095300
207,314.258055556,9,0.178538816146,0.205088756034,0.0320839289992,destination,177,314.258055556,0.418723640103,177;252;380;174;53;52;175;216;249,masked_transformer_mae64,4,314652000,273277840
208,48.3297222222,9,0.0115795399646,0.0159245127092,0.168579667357,destination_fallback_global,378,48.3297222222,0.48328346264,378;16;272;335;57;148;264;364;41,masked_transformer_mae64,4,314900000,667001639
214,90.5836111111,9,0.00172011738351,0.0118536635629,2.40347974949,destination,236,90.5836111111,0.864924791692,236;366;285;44;273;282;268;271;300,masked_transformer_mae64,4,352001352,356755000
223,303.231666667,9,0.000906197282236,0.00644739892265,2.94140755574,destination,249,426.029722222,0.868878149363,249;216;53;380;52;175;174;177;252,masked_transformer_mae64,4,352004593,431048000
229,65.3591666667,9,0.00176909471454,0.0099269282138,0.758243085916,destination_fallback_global,324,45.0263888889,0.836765264753,324;199;189;30;190;183;49;267;206,masked_transformer_mae64,4,352506000,636016205
232,59.8719444444,9,0.0122603581383,0.0202196416989,0.0407422689913,destination_fallback_global,71,30.8516666667,0.545332912158,71;153;385;343;270;262;27;362;371,masked_transformer_mae64,4,354562000,247104500
233,43.6044444444,9,0.00257916003502,0.00401260993517,0.120123818863,destination_fallback_global,303,14.0841666667,0.525837154394,303;112;209;355;3;155;143;204;195,masked_transformer_mae64,4,355860000,564724000
237,4.225,9,0.0257346990023,0.194305722356,1.78997877575,destination,115,-738.6,0.875951661863,115;130;206;37;189;125;141;275;287,masked_transformer_mae64,4,356794000,248422000
245,54.7930555556,9,0.00848992827241,0.00910252580237,0.0105213024573,destination_fallback_global,319,64.7330555556,0.393489746015,319;164;204;156;88;143;33;209;142,masked_transformer_mae64,4,376304000,636013095
247,82.6511111111,7,0.00420661058357,0.0198315175465,0.164349578569,destination,298,82.6511111111,0.808869704437,298;331;124;372;25;255;29,masked_transformer_mae64,4,403660000,563186100
254,318.020277778,9,0.00498340421939,0.0100468796633,0.51034867404,destination,216,303.231666667,0.608952433789,216;380;249;52;174;53;175;253;252,masked_transformer_mae64,4,461000370,352002243
261,-125.627222222,8,0.00697021789807,0.0241766864074,0.0966668253242,destination,10,-117.643055556,0.749534241896,10;193;283;192;266;157;4;97,masked_transformer_mae64,4,538003678,215498000
274,318.020277778,9,0.00204572470991,0.00320609168817,0.295489474138,destination_fallback_global,380,318.020277778,0.528308809336,380;312;236;186;252;285;241;44;174,masked_transformer_mae64,4,538009008,667002260
289,38.715,9,0.0152264951657,0.412478242003,4.20298151823,destination,244,-2439.34805556,0.963758376398,244;377;243;41;291;49;53;249;216,masked_transformer_mae64,4,538011848,374194000
295,-166.650833333,9,0.0448744193082,0.117359027002,0.269745891938,destination,0,-20.6094444444,0.682243459477,0;69;104;84;105;92;82;346;242,masked_transformer_mae64,4,548651000,210627000
305,79.0844444444,9,0.017200072609,0.169870942168,4.60246293526,destination,183,65.3591666667,0.903703674622,183;278;279;359;36;225;271;282;300,masked_transformer_mae64,4,566453000,304610000
306,4.225,9,0.00651095105155,0.12124376821,0.723881667386,destination,206,4.225,0.947715122653,206;37;189;115;130;275;26;351;287,masked_transformer_mae64,4,566579000,314509000
307,59.8719444444,9,0.0188000550083,0.0515214997589,0.171110170773,destination_fallback_global,212,91.7725,0.694267963973,212;125;43;353;165;358;153;27;299,masked_transformer_mae64,4,566722000,351656000
308,-136.652222222,9,0.00957560056368,0.0475610587406,2.20805799052,destination_fallback_global,69,-136.652222222,0.817640285274,69;0;266;79;346;85;92;144;102,masked_transformer_mae64,4,577339000,247100900
309,10.1502777778,9,0.0204063796998,0.0600862651778,1.06277352842,destination_fallback_global,292,-2.32222222222,0.712042241426,292;137;338;86;115;29;106;125;4,masked_transformer_mae64,4,578001200,538071393
322,318.020277778,9,0.00029699397329,0.00198167973619,2.34503329976,destination_fallback_global,312,368.455555556,0.860820035926,312;380;241;298;39;236;216;174;331,masked_transformer_mae64,4,636015940,613404821
329,232.388333333,9,0.00108939390158,0.00272484306313,0.246379344428,destination_fallback_global,241,59.9638888889,0.670453718711,241;236;249;312;52;216;39;380;298,masked_transformer_mae64,4,636018926,372668000
332,68.2094444444,9,0.00205559309156,0.0103888851569,0.00854140247647,destination_fallback_global,32,68.2094444444,0.820480900389,32;31;53;25;249;20;18;39;52,masked_transformer_mae64,4,636019983,229648000
333,50.1938888889,9,0.00788967095198,0.0328610659424,2.76617930712,destination_fallback_global,43,50.1938888889,0.786555688327,43;378;153;335;148;57;165;41;272,masked_transformer_mae64,4,636020064,240544000
340,10.3208333333,3,0.438010288976,0.568765947301,0.298521887764,destination,320,12.5461111111,0.462963812155,320;170;121,masked_transformer_mae64,4,636021246,636014168
344,55.1116666667,5,0.0866544708399,0.121577416243,0.259456989065,destination,68,42.1283333333,0.490293358107,68;3;138;143;142,masked_transformer_mae64,4,636021596,247095300
345,42.1702777778,9,0.00329818523756,0.00825097707687,0.00141699037046,destination_fallback_global,55,42.1702777778,0.670499255229,55;288;3;327;155;355;108;209;112,masked_transformer_mae64,4,636021665,241859000
347,42.1702777778,9,0.00457839894475,0.011107311788,0.196520293959,destination_fallback_global,288,13.5269444444,0.662193909529,288;55;3;327;155;355;112;303;108,masked_transformer_mae64,4,636021702,538011225
348,17.3766666667,3,0.189937545007,0.201894549352,0.0629522948936,destination,209,17.3766666667,0.390324828745,209;288;150,masked_transformer_mae64,4,636021733,319076100
350,48.3297222222,9,0.00505997154402,0.0160919239736,1.12463856583,destination_fallback_global,362,36.4069444444,0.730196446694,362;148;276;270;317;382;57;335;378,masked_transformer_mae64,4,636021781,636024606
363,66.6188888889,9,0.00461569772554,0.0128167090141,0.205377921639,destination,246,51.7697222222,0.69758474642,246;281;240;352;231;173;211;302;24,masked_transformer_mae64,4,636024786,403532001
365,90.6488888889,9,0.000540074135576,0.00151169328988,0.554792985315,destination_fallback_global,372,90.6488888889,0.699587530396,372;36;334;234;293;169;227;128;286,masked_transformer_mae64,4,636024824,636092552
375,91.735,9,0.00556913795881,0.0527405035341,5.57324142086,destination_fallback_global,56,91.735,0.899788912262,56;320;129;328;221;255;280;141;384,masked_transformer_mae64,4,636093237,241929000
376,51.7697222222,9,0.00201565447627,0.0302120857306,1.61523121419,destination,211,50.7580555556,0.935460061508,211;302;246;231;240;173;281;352;24,masked_transformer_mae64,4,636093368,338619000
383,55.1116666667,9,0.00594920304143,0.00900910831377,0.0872404798389,destination_fallback_global,33,37.9788888889,0.516668267876,33;142;319;164;88;143;154;156;138,masked_transformer_mae64,4,671562100,230723000
