sample_key,mmsi,decision_time,baseline_pred_h,m16h_risk_h,m16h_lower_h,m16h_upper_h,slice_vessel_seen,slice_confidence_tier,slice_physics_eligible,slice_destination_resolved,m16g_selected_expert,canonical_destination,resolution_method,m16d_gate_used,m16d_nearest_mmsi,m18f_action,pred_m16c_prior_h,pred_m16d_route_h,pred_m16e_physics_gate_h,pred_m16f_tabular_h
f98ce29ffc19c83c3dfc662aa9b97c2a254fc3446f5dd5563a721ee0a84fe9e6,352002207,2023-09-25T05:00:59Z,48.5931944444,84.3751204228,-88.9211705827,186.107559472,UNSEEN,LOW,INELIGIBLE,UNRESOLVED,prior,GBDVR,unlocode_like_unverified,destination_fallback_global,247241800,DEFER_LOW_CONFIDENCE,48.5931944444,-17.3619444444,-17.3619444444,-9.95091959974
909335ed04efbe9f066f72eb14cebcc6ad20da1b906c339a6e053e9e8c80ab72,228085700,2023-07-09T09:44:58Z,48.5931944444,88.0835487265,-93.6266985806,190.813087469,UNSEEN,LOW,INELIGIBLE,UNRESOLVED,prior,TEXT:DUNKERQUE EAST,unresolved_text,destination_fallback_global,247241800,DEFER_LOW_CONFIDENCE,48.5931944444,-17.3619444444,-17.3619444444,29.4562287306
5854ba5000729b4308f2cf586481048ebaba299bee7e9b12e6ff5922b278d987,232003233,2023-07-01T01:37:29Z,48.5931944444,84.3751204228,-88.9211705827,186.107559472,UNSEEN,LOW,INELIGIBLE,UNRESOLVED,prior,GBFAL,unlocode_like_unverified,destination_fallback_global,247241800,DEFER_LOW_CONFIDENCE,48.5931944444,-17.3619444444,-17.3619444444,1.60113786051
47dc875f3ead00e48e63bb24ec59af2570ff22a743fb1affa11764e88ec3da2c,228429800,2023-08-23T12:57:39Z,48.5931944444,85.1428981605,-89.8953837385,187.081772627,UNSEEN,LOW,INELIGIBLE,UNRESOLVED,prior,TEXT:FR COU OWF,unresolved_text,destination_fallback_global,247241800,DEFER_LOW_CONFIDENCE,48.5931944444,-17.3619444444,-17.3619444444,19.7320325998
40399f00dc2a4359bb558f80264a637be0c8eb4707779123951d9c2cf26e0a19,235005118,2023-09-13T16:00:09Z,48.5931944444,84.4849706619,-89.0605566873,186.246945576,UNSEEN,LOW,INELIGIBLE,UNRESOLVED,prior,TEXT:WEYMOUTH SAR,unresolved_text,destination_fallback_global,247241800,DEFER_LOW_CONFIDENCE,48.5931944444,-17.3619444444,-17.3619444444,47.1257359553
54b0171250ab2afac3746ed3d229af2fa6b141040eb2fe3c0b9ae6a8f86a5588,235039463,2023-09-14T22:32:48Z,48.5931944444,84.4849706619,-89.0605566873,186.246945576,UNSEEN,LOW,INELIGIBLE,UNRESOLVED,prior,TEXT:SENNEN,unresolved_text,destination_fallback_global,247241800,DEFER_LOW_CONFIDENCE,48.5931944444,-17.3619444444,-17.3619444444,45.4056528042
edd05fbe4b8c2bbb494820bc6c56582fc7f188e59f62d066b0e34c52dd75aac7,255951000,2023-08-12T21:34:57Z,48.5931944444,64.3988047666,-63.5737444177,160.760133307,UNSEEN,LOW,INELIGIBLE,UNRESOLVED,prior,GBAVO,unlocode_like_unverified,destination_fallback_global,247241800,DEFER_LOW_CONFIDENCE,48.5931944444,-17.3619444444,-17.3619444444,38.6193626942
64d8b865ee835aeba415a8f70d5cc63bb9ae93dbfe8986b9e09412ca4e92ae5f,235089425,2023-09-07T10:55:29Z,48.5931944444,88.0835487265,-93.6266985806,190.813087469,UNSEEN,LOW,INELIGIBLE,UNRESOLVED,prior,TEXT:SOVEREIGN SHOALS,unresolved_text,destination_fallback_global,247241800,DEFER_LOW_CONFIDENCE,48.5931944444,-17.3619444444,-17.3619444444,30.5917585613
da26a376b791a784fa2d5399c5623aaa047acbda014ecc4d370533ce6decd77e,247408300,2023-08-29T18:02:33Z,48.5931944444,63.1266637636,-61.959557863,159.145946752,UNSEEN,LOW,INELIGIBLE,UNRESOLVED,prior,EGSUZ,unlocode_like_unverified,destination_fallback_global,247241800,DEFER_LOW_CONFIDENCE,48.5931944444,-17.3619444444,-17.3619444444,38.9864383973
9a72ce620f98af76c6fbfa31ce60e4d846eef64927f4bb7e8930017f16969b7b,227286000,2023-07-23T02:28:58Z,48.5931944444,61.753066945,-60.2166366687,157.403025558,UNSEEN,LOW,INELIGIBLE,UNRESOLVED,prior,FRSML,unlocode_like_unverified,destination_fallback_global,247241800,DEFER_LOW_CONFIDENCE,48.5931944444,-17.3619444444,-17.3619444444,38.2227893667
e7863d04e3a9d0da4ad89e383e41cc749ee6d19063ec840716b4af8632cdd741,563020300,2023-07-20T04:14:19Z,48.5931944444,61.1337397655,-59.4307885561,156.617177445,UNSEEN,LOW,INELIGIBLE,UNRESOLVED,prior,CIABJ,unlocode_like_unverified,destination_fallback_global,247241800,DEFER_LOW_CONFIDENCE,48.5931944444,-17.3619444444,-17.3619444444,34.509921345
5b922e72ae77c3c6ab9f091627e36efe8b261e635134d1c92cd7cc0016a94807,235070762,2023-09-05T03:36:47Z,48.5931944444,84.3751204228,-88.9211705827,186.107559472,UNSEEN,LOW,INELIGIBLE,UNRESOLVED,prior,TEXT:PORTSMOUTH,unresolved_text,destination_fallback_global,247241800,DEFER_LOW_CONFIDENCE,48.5931944444,-17.3619444444,-17.3619444444,-0.788611242904
0adc88e685a58701763a0b54eb24d7c5219f5bf9471acc7442210a60767a7000,305229000,2023-07-22T11:45:28Z,-17.3619444444,64.076075923,-129.11938109,94.3954922013,UNSEEN,LOW,INELIGIBLE,UNRESOLVED,route,GBERI,unlocode_like_unverified,destination_fallback_global,247241800,DEFER_LOW_CONFIDENCE,48.5931944444,-17.3619444444,-17.3619444444,55.0341928887
9629aacf9b2974d12fd191fc904e7459d067ddb89a864d433772b578aa080d5a,356068000,2023-09-02T11:10:06Z,48.5931944444,84.3751204228,-88.9211705827,186.107559472,UNSEEN,LOW,INELIGIBLE,UNRESOLVED,prior,TEXT:FR SBC OWF,unresolved_text,destination_fallback_global,247241800,DEFER_LOW_CONFIDENCE,48.5931944444,-17.3619444444,-17.3619444444,-3.33625234671
21b48308aed096f79d3d206b5b6aa9cbd415dce5bbe2515c15a889f55946a572,232032044,2023-09-13T19:57:59Z,48.5931944444,84.3751204228,-88.9211705827,186.107559472,UNSEEN,LOW,INELIGIBLE,UNRESOLVED,prior,TEXT:SOUTHAMPTON,unresolved_text,destination_fallback_global,247241800,DEFER_LOW_CONFIDENCE,48.5931944444,-17.3619444444,-17.3619444444,3.94397587769
c5ad35c2e0654a6615c4ba785d0e122529a0d9c4e31fc9b50853948400526b09,235096374,2023-08-25T22:42:52Z,48.5931944444,84.9878149005,-89.6986026328,186.884991522,UNSEEN,LOW,INELIGIBLE,UNRESOLVED,prior,TEXT:SAR OPERATIONS,unresolved_text,destination_fallback_global,247241800,DEFER_LOW_CONFIDENCE,48.5931944444,-17.3619444444,-17.3619444444,23.1612974351
86968d9c7a44ec49a24239bbb60e9135676dd62932ee7ca098fed4741ae5b6d5,227278000,2023-09-28T07:18:08Z,48.5931944444,88.4839053985,-94.1347007247,191.321089614,UNSEEN,LOW,INELIGIBLE,UNRESOLVED,prior,TEXT:DIEPPE,unresolved_text,destination_fallback_global,247241800,DEFER_LOW_CONFIDENCE,48.5931944444,-17.3619444444,-17.3619444444,44.5822248356
01981a930bc3fb778940b3e0d7fa00cc6ee996c7f6a8f379b439f1b11e40eb34,235001841,2023-09-28T09:18:57Z,48.5931944444,88.4839053985,-94.1347007247,191.321089614,UNSEEN,LOW,INELIGIBLE,UNRESOLVED,prior,TEXT:EASTBOUNE,unresolved_text,destination_fallback_global,247241800,DEFER_LOW_CONFIDENCE,48.5931944444,-17.3619444444,-17.3619444444,39.0092513896
1e842c20340b88c6bc64884df30cad08fc9e6a40b2693b1706fe8ef6451bcc83,235009956,2023-08-21T16:32:31Z,48.5931944444,84.3751204228,-88.9211705827,186.107559472,UNSEEN,LOW,INELIGIBLE,UNRESOLVED,prior,TEXT:SOUTHAMPTON,unresolved_text,destination_fallback_global,247241800,DEFER_LOW_CONFIDENCE,48.5931944444,-17.3619444444,-17.3619444444,-3.77180303698
7445cbd728a06593ac43395f3c6cd8cf1654adfb3dfca099323932299a94fb0d,238296000,2023-08-08T12:18:25Z,65.679804838,36.8352513999,-11.5124597231,142.872069399,UNSEEN,LOW,INELIGIBLE,UNRESOLVED,tabular,FOR_ORDERS,for_orders,destination,538012456,AUTO_ETA_WITH_UNCERTAINTY,87.2474036281,78.9519444444,78.9519444444,65.679804838
7dc7b385646f346bacd8a425abcf8de2399d30d171d4461f9c0367cce72d4038,220478000,2023-08-05T19:14:57Z,48.5931944444,132.904997741,-150.499466765,247.685855654,UNSEEN,LOW,INELIGIBLE,UNRESOLVED,prior,MAPTM,unlocode_like_unverified,destination_fallback_global,247241800,DEFER_LOW_CONFIDENCE,48.5931944444,-17.3619444444,-17.3619444444,68.6792315371
10898f6340312a0f83eb71feeb45c50fadff642125ee2997f63026e026a683b5,258915000,2023-08-07T10:33:34Z,48.5931944444,78.8258887593,-81.8798951901,179.066284079,UNSEEN,LOW,INELIGIBLE,UNRESOLVED,prior,NOHRY,unlocode_like_unverified,destination_fallback_global,247241800,DEFER_LOW_CONFIDENCE,48.5931944444,-17.3619444444,-17.3619444444,53.3330150217
dd3d85661b3dbb8e27fbaa45e08855d0cbc2601bba04d70c553ef70bda6b4900,352002725,2023-08-13T14:50:23Z,-100.135833333,154.383410005,-326.481891936,126.210225269,UNSEEN,LOW,INELIGIBLE,UNRESOLVED,route,RUULU,unlocode_like_unverified,destination_fallback_global,247241800,DEFER_LOW_CONFIDENCE,48.5931944444,-100.135833333,-100.135833333,32.3501563967
6c04ddfdb32ca18b42d7d40460edeadf5748a6acc533f441088d1d3d9de4f453,477307400,2023-07-19T09:35:55Z,47.9803428146,4.86205233027,11.3580370299,84.6026485993,UNSEEN,HIGH,ELIGIBLE,RESOLVED,physics_gate,NLRTM,exact_unlocode,destination,352003495,AUTO_ETA_WITH_UNCERTAINTY,81.3198290598,190.408611111,47.9803428146,35.3771762038
2c314898ee597e2b8c766cabf47cb7d062cf0c3d2bdd2480dbc2d85aa8f0e4ad,249332000,2023-08-19T00:33:36Z,48.5931944444,65.047612792,-64.397000007,161.583388896,UNSEEN,LOW,INELIGIBLE,UNRESOLVED,prior,FRLRH,unlocode_like_unverified,destination_fallback_global,247241800,DEFER_LOW_CONFIDENCE,48.5931944444,-17.3619444444,-17.3619444444,25.4833826197
ae30255622134f5aa3fec19c56ff717a400cbafd4b27fed25b1633122999a7d0,229822000,2023-09-16T23:18:41Z,48.5931944444,137.488582335,-156.315457766,253.501846655,UNSEEN,LOW,INELIGIBLE,UNRESOLVED,prior,GBPTL,unlocode_like_unverified,destination_fallback_global,247241800,DEFER_LOW_CONFIDENCE,48.5931944444,-17.3619444444,-17.3619444444,59.2127108576
3d3d56a784272fdca008d0f719e8fff38328206a536b8ccd655a1f5c492700dc,228219600,2023-08-25T10:06:30Z,48.5931944444,88.4839053985,-94.1347007247,191.321089614,UNSEEN,LOW,INELIGIBLE,UNRESOLVED,prior,TEXT:LA PALLICE,unresolved_text,destination_fallback_global,247241800,DEFER_LOW_CONFIDENCE,48.5931944444,-17.3619444444,-17.3619444444,44.8154850992
299a841109e5434ae3a38e254c066bf56372f756b18e13afb8f134be540c7594,248743000,2023-09-20T15:52:12Z,48.5931944444,62.4937801815,-61.1565083845,158.342897273,UNSEEN,LOW,INELIGIBLE,UNRESOLVED,prior,IEDUB,unlocode_like_unverified,destination_fallback_global,247241800,DEFER_LOW_CONFIDENCE,48.5931944444,-17.3619444444,-17.3619444444,44.0678681831
6adbbc0c529b866e79c5cf6cddc1bf6a4d10b7d227be3d9e9eb1734398c30907,311000585,2023-09-12T08:10:48Z,48.5931944444,64.1062063634,-63.2024739317,160.388862821,UNSEEN,LOW,INELIGIBLE,UNRESOLVED,prior,GBFAL,unlocode_like_unverified,destination_fallback_global,247241800,DEFER_LOW_CONFIDENCE,48.5931944444,-17.3619444444,-17.3619444444,31.2924450543
ff26a494b9aa77ce0fa63d6f7ec7f42147fcd03abe1d3bd01d8e91fb16b9e978,305851000,2023-09-08T21:11:28Z,48.5931944444,64.6385405107,-63.8779388535,161.064327742,UNSEEN,LOW,INELIGIBLE,UNRESOLVED,prior,FRDON,unlocode_like_unverified,destination_fallback_global,247241800,DEFER_LOW_CONFIDENCE,48.5931944444,-17.3619444444,-17.3619444444,44.1208519963
879d5993d024e27431e3c00eacede8cb0817ce5f6097535f521f515553b427de,477167100,2023-09-24T15:58:31Z,48.5931944444,88.4839053985,-94.1347007247,191.321089614,UNSEEN,LOW,INELIGIBLE,UNRESOLVED,prior,FRURO,unlocode_like_unverified,destination_fallback_global,247241800,DEFER_LOW_CONFIDENCE,48.5931944444,-17.3619444444,-17.3619444444,43.7800174903
5cb0ca651c646ff262f218ca9ffa36d14e4417f33dd6d89c0bf5b2d9423d2abf,374386000,2023-07-19T21:49:06Z,48.5931944444,62.2097049792,-60.796052766,157.982441655,UNSEEN,LOW,INELIGIBLE,UNRESOLVED,prior,TEXT:TO ORDER,unresolved_text,destination_fallback_global,247241800,DEFER_LOW_CONFIDENCE,48.5931944444,-17.3619444444,-17.3619444444,34.1775957158
f35c9f85fd807a580999901e4c05fd5ece3e936918de4774256823cf403f8aeb,235572000,2023-09-21T06:37:36Z,48.5931944444,86.5671550086,-91.7025861235,188.888975012,UNSEEN,LOW,INELIGIBLE,UNRESOLVED,prior,DEEMD,unlocode_like_unverified,destination_fallback_global,247241800,DEFER_LOW_CONFIDENCE,48.5931944444,-17.3619444444,-17.3619444444,37.0168133514
2d31b31d5202938ba383a30cc1863423b3172a8734705d275dc961709faa6afe,432817000,2023-09-19T12:22:39Z,48.5931944444,150.844811063,-173.262828209,270.449217098,UNSEEN,LOW,INELIGIBLE,UNRESOLVED,prior,USSAN,unlocode_like_unverified,destination_fallback_global,247241800,DEFER_LOW_CONFIDENCE,48.5931944444,-100.135833333,-100.135833333,44.2958101922
63c9cec8725240fea514186d4d60b3084742a106de64a83fda960117e6562a76,209479000,2023-09-24T05:41:27Z,48.5931944444,79.6215650331,-82.8895080711,180.07589696,UNSEEN,LOW,INELIGIBLE,UNRESOLVED,prior,TEXT:DOVER CALAIS DOVER,unresolved_text,destination_fallback_global,247241800,DEFER_LOW_CONFIDENCE,48.5931944444,-17.3619444444,-17.3619444444,57.4788460906
8391454b292c4b57d33a62cd6611643df0763bcdabdb9243929e7ca5cdc1ea69,235118075,2023-08-11T05:14:59Z,48.5931944444,88.4839053985,-94.1347007247,191.321089614,UNSEEN,LOW,INELIGIBLE,UNRESOLVED,prior,TEXT:RAMSGATE,unresolved_text,destination_fallback_global,247241800,DEFER_LOW_CONFIDENCE,48.5931944444,-17.3619444444,-17.3619444444,44.7941486714
b5070ea4b29e361e888e537da2cc06eb981311afe37c1ba671330ee52847ea34,226002990,2023-09-28T00:28:22Z,48.5931944444,84.3751204228,-88.9211705827,186.107559472,UNSEEN,LOW,INELIGIBLE,UNRESOLVED,prior,TEXT:LE HAVRE,unresolved_text,destination_fallback_global,247241800,DEFER_LOW_CONFIDENCE,48.5931944444,-17.3619444444,-17.3619444444,-4.68926502988
c13f53cf71256f7d3ea9507767db4b6caf6ee01b442500087d56f4a60e667981,356502000,2023-08-18T08:54:08Z,48.5931944444,88.4839053985,-94.1347007247,191.321089614,UNSEEN,LOW,INELIGIBLE,UNRESOLVED,prior,TEXT:PORT JEROME,unresolved_text,destination_fallback_global,247241800,DEFER_LOW_CONFIDENCE,48.5931944444,-17.3619444444,-17.3619444444,41.868887205
7ddf67e1e6b4623babe85dc947770d3e1b976481c225cf04011b76b39a2cae8d,233450000,2023-07-25T01:39:18Z,48.5931944444,84.3751204228,-88.9211705827,186.107559472,UNSEEN,LOW,INELIGIBLE,UNRESOLVED,prior,TEXT:FISHING GROUNDS,unresolved_text,destination_fallback_global,247241800,DEFER_LOW_CONFIDENCE,48.5931944444,-17.3619444444,-17.3619444444,5.37235759676
a5133be43d59ce867df37d1a1f72102be789a18fd1e3b69540b531b868db4fcb,235108152,2023-09-20T06:48:13Z,48.5931944444,88.4839053985,-94.1347007247,191.321089614,UNSEEN,LOW,INELIGIBLE,UNRESOLVED,prior,TEXT:FALMOUTH,unresolved_text,destination_fallback_global,247241800,DEFER_LOW_CONFIDENCE,48.5931944444,-17.3619444444,-17.3619444444,41.1606973112
0b3b55f31701d0c045282a35457ace8f4d48b5faacbe9d218c4b4ea16a11a3fb,311001141,2023-09-07T19:10:52Z,48.5931944444,81.2624547558,-84.9715902632,182.157979152,UNSEEN,LOW,INELIGIBLE,UNRESOLVED,prior,FRHON,unlocode_like_unverified,destination_fallback_global,247241800,DEFER_LOW_CONFIDENCE,48.5931944444,-17.3619444444,-17.3619444444,43.4955960427
7a777d2b2a42756eb5af9d39cfb11eb3afaf3e29fce1650d00592988e95b2d76,246838000,2023-08-30T20:55:51Z,48.5931944444,57.3938864702,-54.6853862056,151.871775094,UNSEEN,LOW,INELIGIBLE,UNRESOLVED,prior,GBRID,unlocode_like_unverified,destination_fallback_global,247241800,AUTO_ETA_WITH_UNCERTAINTY,48.5931944444,-17.3619444444,-17.3619444444,39.0805525576
bfc27953392eeb54e89250335d3a60a420b748367179b24d783bb83aad642a0f,636017433,2023-08-19T23:20:33Z,48.5931944444,63.1266637636,-61.959557863,159.145946752,UNSEEN,LOW,INELIGIBLE,UNRESOLVED,prior,GBFXT,unlocode_like_unverified,destination_fallback_global,247241800,DEFER_LOW_CONFIDENCE,48.5931944444,-17.3619444444,-17.3619444444,43.738330262
539b8db267c3adcd5f9baf42ab0755ab15a94b6d2ee04a52f1a71160ceb826f6,372427000,2023-09-02T23:25:11Z,48.5931944444,63.1266637636,-61.959557863,159.145946752,UNSEEN,LOW,INELIGIBLE,UNRESOLVED,prior,GBDVR,unlocode_like_unverified,destination_fallback_global,247241800,DEFER_LOW_CONFIDENCE,48.5931944444,-17.3619444444,-17.3619444444,42.2225513609
2ce8115ba48427f239fcd9d1d368d1701262a4cd87f8a11d38608c30a49bf52b,563573000,2023-08-29T22:04:16Z,48.5931944444,61.1337397655,-59.4307885561,156.617177445,UNSEEN,LOW,INELIGIBLE,UNRESOLVED,prior,TEXT:SAO LUIS BRAZIL,unresolved_text,destination_fallback_global,247241800,DEFER_LOW_CONFIDENCE,48.5931944444,-17.3619444444,-17.3619444444,37.0181101532
3eaff0164c4eec605b950dbf7714bff8153f85fac08d48533c858166a4cf2d04,226003730,2023-07-31T05:17:42Z,48.5931944444,85.1428981605,-89.8953837385,187.081772627,UNSEEN,LOW,INELIGIBLE,UNRESOLVED,prior,TEXT:FRUCKVN239BRDG102752,unresolved_text,destination_fallback_global,247241800,DEFER_LOW_CONFIDENCE,48.5931944444,-17.3619444444,-17.3619444444,9.05186959978
d4bd2b4748d82ceea7809e8662c5ce5a485d9a7811250bcd95cab565d87f26ff,236213000,2023-09-10T12:50:58Z,48.5931944444,84.4849706619,-89.0605566873,186.246945576,UNSEEN,LOW,INELIGIBLE,UNRESOLVED,prior,FRURO,unlocode_like_unverified,destination_fallback_global,247241800,DEFER_LOW_CONFIDENCE,48.5931944444,-17.3619444444,-17.3619444444,46.4095344741
ea425e91593de6c15e5be52f630e326ae0ae51279c802e89d0893408c1f729cb,246101000,2023-09-15T17:04:54Z,48.5931944444,84.3751204228,-88.9211705827,186.107559472,UNSEEN,LOW,INELIGIBLE,UNRESOLVED,prior,NLBSE,unlocode_like_unverified,destination_fallback_global,247241800,DEFER_LOW_CONFIDENCE,48.5931944444,-17.3619444444,-17.3619444444,3.79696213503
b7d89336a838e61bac0f4eea3acf135e7921ff872140fad5183e2189f95e3fcc,371868000,2023-09-15T09:19:21Z,41.3601332671,4.5086983197,5.18618917467,77.5340773595,UNSEEN,HIGH,ELIGIBLE,RESOLVED,physics_gate,NLRTM,exact_unlocode,destination,352003495,AUTO_ETA_WITH_UNCERTAINTY,81.3198290598,190.408611111,41.3601332671,28.9525345871
fd1c0e094b67e6bee7e266351d5cd18f8a7b7dbb40afaa7ed36368b653a8ac5e,311000666,2023-07-01T02:30:05Z,32.2718743599,23.4329026288,-27.9144992372,92.4582479569,UNSEEN,MEDIUM,INELIGIBLE,UNRESOLVED,tabular,FOR_ORDERS,for_orders,destination,538012456,AUTO_ETA_WITH_UNCERTAINTY,87.2474036281,78.9519444444,78.9519444444,32.2718743599
85a54870984989e1c7e515653599ae32cf759649d3147d429a6ab2829bfa628c,538003718,2023-07-22T17:30:07Z,-14.4715829576,10.7881186528,-58.6133198097,29.6701538946,UNSEEN,HIGH,INELIGIBLE,RESOLVED,tabular,NLRTM,curated_alias,destination,352003495,AUTO_ETA_WITH_UNCERTAINTY,81.3198290598,190.408611111,190.408611111,-14.4715829576
6061db1f7e4932d5739d95be579e237b65480af5602999118ee4cb6233e5edf9,256899000,2023-08-06T22:40:34Z,48.5931944444,84.4849706619,-89.0605566873,186.246945576,UNSEEN,LOW,INELIGIBLE,UNRESOLVED,prior,TEXT:LE HAVRE,unresolved_text,destination_fallback_global,247241800,DEFER_LOW_CONFIDENCE,48.5931944444,-17.3619444444,-17.3619444444,47.3899919246
65b79834f07bd629c5fef478962e626c5d74429daf1aff4f7fa7b7ff1cc5daf1,352002151,2023-09-23T15:06:30Z,48.5931944444,149.298591016,-171.3008699,268.487258789,UNSEEN,LOW,INELIGIBLE,UNRESOLVED,prior,TRMER,unlocode_like_unverified,destination_fallback_global,247241800,DEFER_LOW_CONFIDENCE,48.5931944444,-100.135833333,-100.135833333,33.7348351417
2defbb0358d37a0c3d7499ecb038e859c8ff1f08ddcabd6df8a4e2df3131573a,244530000,2023-08-19T20:07:53Z,48.5931944444,104.697701921,-114.707964447,211.894353336,UNSEEN,LOW,INELIGIBLE,UNRESOLVED,prior,FRDKK,unlocode_like_unverified,destination_fallback_global,247241800,DEFER_LOW_CONFIDENCE,48.5931944444,-17.3619444444,-17.3619444444,51.5257969945
3b2d4b9aeb05be20d2c17e3a2a83c8b76076cc3c57039e4cb5f0c38d3959d8cd,310562000,2023-07-29T16:24:49Z,48.5931944444,88.0835487265,-93.6266985806,190.813087469,UNSEEN,LOW,INELIGIBLE,UNRESOLVED,prior,ESLCG,unlocode_like_unverified,destination_fallback_global,247241800,DEFER_LOW_CONFIDENCE,48.5931944444,-17.3619444444,-17.3619444444,26.3710456282
b4cbc750269fbd18584be3c88f86ff8d2c9815f92e08e1df1de9114b93f58dc4,232015629,2023-08-01T12:36:04Z,48.5931944444,63.1266637636,-61.959557863,159.145946752,UNSEEN,LOW,INELIGIBLE,UNRESOLVED,prior,TEXT:SOTON COWES SOTON,unresolved_text,destination_fallback_global,247241800,DEFER_LOW_CONFIDENCE,48.5931944444,-17.3619444444,-17.3619444444,44.6834387005
976833a7a6f02a932cfdaab66b604b0dca6503581d7e580dbe8c01d9103184bd,235053701,2023-07-06T02:41:45Z,48.5931944444,86.5671550086,-91.7025861235,188.888975012,UNSEEN,LOW,INELIGIBLE,UNRESOLVED,prior,GBFAW,unlocode_like_unverified,destination_fallback_global,247241800,DEFER_LOW_CONFIDENCE,48.5931944444,-17.3619444444,-17.3619444444,37.8179196286
ef64576fef06593382c794419ba27707605ff0cdc138034f1aadd97eec0cc93d,232002651,2023-08-03T07:51:33Z,48.5931944444,84.3751204228,-88.9211705827,186.107559472,UNSEEN,LOW,INELIGIBLE,UNRESOLVED,prior,TEXT:DEVONPORT,unresolved_text,destination_fallback_global,247241800,DEFER_LOW_CONFIDENCE,48.5931944444,-17.3619444444,-17.3619444444,3.61772168202
330d8a6ae687a54561893391bbe56c4f9f978636e0729fd9fc90f3d2ac4d99dd,235001314,2023-07-30T15:10:32Z,48.5931944444,85.1428981605,-89.8953837385,187.081772627,UNSEEN,LOW,INELIGIBLE,UNRESOLVED,prior,TEXT:FERRY SERVICE,unresolved_text,destination_fallback_global,247241800,DEFER_LOW_CONFIDENCE,48.5931944444,-17.3619444444,-17.3619444444,21.0256681968
f060da770d32685c2a4ed555b87a55a0df41617bab8a95f7afc8eddf0cd64e61,636018189,2023-07-24T11:30:11Z,48.5931944444,148.321831188,-170.061484819,267.247873708,UNSEEN,LOW,INELIGIBLE,UNRESOLVED,prior,GEBZE,unlocode_like_unverified,destination_fallback_global,247241800,DEFER_LOW_CONFIDENCE,48.5931944444,-100.135833333,-100.135833333,46.6593786605
91403da8d3fcc0ef5cf3a91fe086ecc62c6a1729d3aee42e27d8598b60cd00c5,636019341,2023-09-25T11:37:59Z,48.5931944444,62.4937801815,-61.1565083845,158.342897273,UNSEEN,LOW,INELIGIBLE,UNRESOLVED,prior,TEXT:RULED EGDAM,unresolved_text,destination_fallback_global,247241800,DEFER_LOW_CONFIDENCE,48.5931944444,-17.3619444444,-17.3619444444,44.2172546876
7d1351006b92805c7b2b10a66a2243ee3749b822cc0beaf66b641efd2eba82e7,566582000,2023-08-18T09:49:09Z,48.5931944444,84.3751204228,-88.9211705827,186.107559472,UNSEEN,LOW,INELIGIBLE,UNRESOLVED,prior,GBFAW,unlocode_like_unverified,destination_fallback_global,247241800,DEFER_LOW_CONFIDENCE,48.5931944444,-17.3619444444,-17.3619444444,4.44819012183
ffb51e8d72cef7e12d181d14b1b6b36dbe9a495aaf9378e05a77d9f1f441e310,374032000,2023-07-20T04:11:10Z,48.5931944444,88.4839053985,-94.1347007247,191.321089614,UNSEEN,LOW,INELIGIBLE,UNRESOLVED,prior,TEXT:STB OWF,unresolved_text,destination_fallback_global,247241800,DEFER_LOW_CONFIDENCE,48.5931944444,-17.3619444444,-17.3619444444,41.7924705274
58cd0a697a3b1631fc9f1f304f958752f4693ca1a61a5aeb9adfdf5b19654e0c,636020786,2023-07-28T16:35:44Z,48.5931944444,88.4839053985,-94.1347007247,191.321089614,UNSEEN,LOW,INELIGIBLE,UNRESOLVED,prior,GGGCI,unlocode_like_unverified,destination_fallback_global,247241800,DEFER_LOW_CONFIDENCE,48.5931944444,-17.3619444444,-17.3619444444,39.352343073
9d819bde1db04a731235815d3bbfc3e4269b0d5ff6075bab6373920e3a8637ff,226002540,2023-07-01T18:28:53Z,48.5931944444,84.4849706619,-89.0605566873,186.246945576,UNSEEN,LOW,INELIGIBLE,UNRESOLVED,prior,TEXT:SEREP SOG4BIS SEREP,unresolved_text,destination_fallback_global,247241800,DEFER_LOW_CONFIDENCE,48.5931944444,-17.3619444444,-17.3619444444,46.7487672951
5e0ce3266856cdd1d0fa1574b76de2bfc06130c62ff39839c16a5c9d1f0e339f,232003081,2023-09-22T04:30:15Z,48.5931944444,88.4839053985,-94.1347007247,191.321089614,UNSEEN,LOW,INELIGIBLE,UNRESOLVED,prior,TEXT:SOUTHAMPTON,unresolved_text,destination_fallback_global,247241800,DEFER_LOW_CONFIDENCE,48.5931944444,-17.3619444444,-17.3619444444,44.4700602006
b521cbd99e212a946f15280c11e405b99b5ecba500b9a10a968dc4875c84d1db,211249130,2023-09-07T14:12:11Z,48.5931944444,85.1428981605,-89.8953837385,187.081772627,UNSEEN,LOW,INELIGIBLE,UNRESOLVED,prior,TEXT:BRIGHTON,unresolved_text,destination_fallback_global,247241800,DEFER_LOW_CONFIDENCE,48.5931944444,-17.3619444444,-17.3619444444,17.0762910565
7b52cc33614d963febba16f81e80f372dee107ab1083dd96312777f8f7e21177,226014610,2023-07-10T03:10:35Z,-1324.44222222,311.166737258,-1749.72655752,-899.157886921,UNSEEN,LOW,INELIGIBLE,UNRESOLVED,prior,UNKNOWN,unknown,destination,247305480,DEFER_LOW_CONFIDENCE,-1324.44222222,-2422.87055556,-2422.87055556,59.0763564668
b6a20f494ce1a151389a2de46c8e331ee5226c15affad690ce8ee84fdc658e87,228387800,2023-09-09T06:24:53Z,48.5931944444,104.697701921,-114.707964447,211.894353336,UNSEEN,LOW,INELIGIBLE,UNRESOLVED,prior,BREST,unlocode_like_unverified,destination_fallback_global,247241800,DEFER_LOW_CONFIDENCE,48.5931944444,-17.3619444444,-17.3619444444,56.0542959612
c7c0b09112e804088ca9eccadf7d6a4f10532b0e87d7e25e7e391a3d504bbaf2,636017596,2023-08-14T03:52:19Z,48.5931944444,61.1337397655,-59.4307885561,156.617177445,UNSEEN,LOW,INELIGIBLE,UNRESOLVED,prior,NLTNZ,unlocode_like_unverified,destination_fallback_global,247241800,DEFER_LOW_CONFIDENCE,48.5931944444,-17.3619444444,-17.3619444444,35.0118574996
1772ab109383c5572e1e9ef6a3a799eb5a2dfab23a12d20b0cbe610fc833927c,226937000,2023-09-06T17:27:11Z,48.5931944444,104.697701921,-114.707964447,211.894353336,UNSEEN,LOW,INELIGIBLE,UNRESOLVED,prior,TEXT:DUNKERQUE,unresolved_text,destination_fallback_global,247241800,DEFER_LOW_CONFIDENCE,48.5931944444,-17.3619444444,-17.3619444444,54.3024364086
3a0363b6556d9da1dd65221027a237c20aa8ae42bb70ecf0849ebaba02dc3ec1,432624000,2023-08-22T23:50:22Z,48.5931944444,78.8258887593,-81.8798951901,179.066284079,UNSEEN,LOW,INELIGIBLE,UNRESOLVED,prior,GBBRS,unlocode_like_unverified,destination_fallback_global,247241800,DEFER_LOW_CONFIDENCE,48.5931944444,-17.3619444444,-17.3619444444,53.1105265436
5321035045afd245caafae998f2e0b5ad8c4659cc1074c2e61a53a495a4973b9,253468000,2023-08-03T14:29:57Z,48.5931944444,86.5671550086,-91.7025861235,188.888975012,UNSEEN,LOW,INELIGIBLE,UNRESOLVED,prior,TEXT:PORTLAND,unresolved_text,destination_fallback_global,247241800,DEFER_LOW_CONFIDENCE,48.5931944444,-17.3619444444,-17.3619444444,36.9699033838
8e8d8b1774a497f1a49095206b2178748acffad112c543ab4165140d047a2de4,235082771,2023-09-11T06:50:06Z,48.5931944444,85.1428981605,-89.8953837385,187.081772627,UNSEEN,LOW,INELIGIBLE,UNRESOLVED,prior,TEXT:PLYMOUTH,unresolved_text,destination_fallback_global,247241800,DEFER_LOW_CONFIDENCE,48.5931944444,-17.3619444444,-17.3619444444,14.8494765909
8da7e8e7c0a70a7c6859d2ac23e02a10536f41e638e07249f54321bb55df2dd2,227789190,2023-07-22T23:47:50Z,48.5931944444,84.4849706619,-89.0605566873,186.246945576,UNSEEN,LOW,INELIGIBLE,UNRESOLVED,prior,TEXT:LE HAVRE,unresolved_text,destination_fallback_global,247241800,DEFER_LOW_CONFIDENCE,48.5931944444,-17.3619444444,-17.3619444444,47.1155919839
26aba3f14025441e8b700605616507da5801366c116c8b55182d5dfe111045a1,236283000,2023-08-09T00:04:53Z,48.5931944444,88.0835487265,-93.6266985806,190.813087469,UNSEEN,LOW,INELIGIBLE,UNRESOLVED,prior,GBFAW,unlocode_like_unverified,destination_fallback_global,247241800,DEFER_LOW_CONFIDENCE,48.5931944444,-17.3619444444,-17.3619444444,27.2465746259
ea958b41fcda3f3d6390bdbaeb46b2523fe6837762d54ac64d1770cce1e3b57b,259367000,2023-08-28T08:07:14Z,48.5931944444,64.1062063634,-63.2024739317,160.388862821,UNSEEN,LOW,INELIGIBLE,UNRESOLVED,prior,ESBIO,unlocode_like_unverified,destination_fallback_global,247241800,DEFER_LOW_CONFIDENCE,48.5931944444,-17.3619444444,-17.3619444444,31.8941837366
23dec21aa63bd3b996e8e5f44852e3f406f91861817d3e6b04d03e92b0ad7f96,566446000,2023-09-03T13:55:35Z,48.5931944444,84.9878149005,-89.6986026328,186.884991522,UNSEEN,LOW,INELIGIBLE,UNRESOLVED,prior,FRLEH,unlocode_like_unverified,destination_fallback_global,247241800,DEFER_LOW_CONFIDENCE,48.5931944444,-17.3619444444,-17.3619444444,23.7796133091
2165fc9f5e7d561cba0eaf2cb378c589fd108bf508bc468d17d95d7926499096,309536000,2023-08-06T05:19:06Z,48.5931944444,79.6215650331,-82.8895080711,180.07589696,UNSEEN,LOW,INELIGIBLE,UNRESOLVED,prior,TEXT:GUERNSEY,unresolved_text,destination_fallback_global,247241800,DEFER_LOW_CONFIDENCE,48.5931944444,-17.3619444444,-17.3619444444,54.7830223168
bf220d543f19262d842909a04320ba589d4faa3ebd88843ad847d4be5097b4ef,232004784,2023-08-01T03:18:39Z,48.5931944444,84.4849706619,-89.0605566873,186.246945576,UNSEEN,LOW,INELIGIBLE,UNRESOLVED,prior,DOVER,unlocode_like_unverified,destination_fallback_global,247241800,DEFER_LOW_CONFIDENCE,48.5931944444,-17.3619444444,-17.3619444444,47.2193685104
1acc7a6f1c14804b3001e8e3b8472db47e5bb812cbbd87356dbcf1e85f680791,538003325,2023-07-10T05:00:22Z,48.5931944444,54.8450789169,-51.4512707471,148.637659636,UNSEEN,LOW,INELIGIBLE,UNRESOLVED,prior,GBSOW,unlocode_like_unverified,destination_fallback_global,247241800,AUTO_ETA_WITH_UNCERTAINTY,48.5931944444,-17.3619444444,-17.3619444444,24.3918588411
45dee1e31abbbe235e68cbf4a1932e574dd3c0b160187db4f6facdaec8f58da3,235071537,2023-07-29T16:01:55Z,48.5931944444,84.3751204228,-88.9211705827,186.107559472,UNSEEN,LOW,INELIGIBLE,UNRESOLVED,prior,TEXT:PORTSMOUTH,unresolved_text,destination_fallback_global,247241800,DEFER_LOW_CONFIDENCE,48.5931944444,-17.3619444444,-17.3619444444,-0.379473764731
3516c537bea844e62914f17e3cf8bf6e4a15f1e6e882372c85e4f6468dff2cad,304585000,2023-07-15T06:08:57Z,48.5931944444,88.4839053985,-94.1347007247,191.321089614,UNSEEN,LOW,INELIGIBLE,UNRESOLVED,prior,ROUEN,unlocode_like_unverified,destination_fallback_global,247241800,DEFER_LOW_CONFIDENCE,48.5931944444,-17.3619444444,-17.3619444444,44.2420912872
17ee59934eab092aeb44dcb508dfad98c9f681bdc712566b50366730f7792e09,314516000,2023-09-27T23:38:20Z,48.5931944444,62.9979586147,-61.7962472547,158.982636144,UNSEEN,LOW,INELIGIBLE,UNRESOLVED,prior,ITMNF,unlocode_like_unverified,destination_fallback_global,247241800,DEFER_LOW_CONFIDENCE,48.5931944444,-17.3619444444,-17.3619444444,36.5272103578
b4e5d95d9c7ecdeacfbca7850858016460d8a8b82006730fa46086ced5d65ce9,244366000,2023-09-11T13:03:32Z,48.5931944444,81.2624547558,-84.9715902632,182.157979152,UNSEEN,LOW,INELIGIBLE,UNRESOLVED,prior,FRURO,unlocode_like_unverified,destination_fallback_global,247241800,DEFER_LOW_CONFIDENCE,48.5931944444,-17.3619444444,-17.3619444444,44.3084300687
1fcc074b4914643b2451ac98f44277f9228646f9caa7e66b9ffb841ddf314bd0,310627000,2023-08-24T20:49:43Z,48.5931944444,61.4387982664,-59.8178693353,157.004258224,UNSEEN,LOW,INELIGIBLE,UNRESOLVED,prior,GBSOU,unlocode_like_unverified,destination_fallback_global,247241800,DEFER_LOW_CONFIDENCE,48.5931944444,-17.3619444444,-17.3619444444,45.342725884
5f801829e0c49b017e1365f42b2a25dc9d71926c6541f6932d9594ea9e8bac30,538007438,2023-09-23T20:25:17Z,48.5931944444,63.1266637636,-61.959557863,159.145946752,UNSEEN,LOW,INELIGIBLE,UNRESOLVED,prior,TEXT:SUEZ CANAL,unresolved_text,destination_fallback_global,247241800,DEFER_LOW_CONFIDENCE,48.5931944444,-17.3619444444,-17.3619444444,38.5029052784
a35d14724e68478ddfe1ef7e8e11dad32bea546f41e7f1b937a711b1d8099b3b,241412000,2023-07-20T00:52:15Z,73.0389716004,37.6065709544,-5.13200023566,151.209943436,UNSEEN,LOW,INELIGIBLE,UNRESOLVED,tabular,FOR_ORDERS,for_orders,destination,538012456,AUTO_ETA_WITH_UNCERTAINTY,87.2474036281,78.9519444444,78.9519444444,73.0389716004
75aa2673d83926864cb77e45c2c80c8e1db76a6d97897ff024330ebdd5f73c28,232032735,2023-08-01T12:19:34Z,48.5931944444,104.697701921,-114.707964447,211.894353336,UNSEEN,LOW,INELIGIBLE,UNRESOLVED,prior,TEXT:STORA VIKA,unresolved_text,destination_fallback_global,247241800,DEFER_LOW_CONFIDENCE,48.5931944444,-17.3619444444,-17.3619444444,53.4477703113
e764f37b398d1aa9dfcf6dc1ca6527a05dbe9f7f7924431571120186a5af6b18,235064784,2023-09-29T05:51:58Z,48.5931944444,85.1428981605,-89.8953837385,187.081772627,UNSEEN,LOW,INELIGIBLE,UNRESOLVED,prior,TEXT:LYMINGTON,unresolved_text,destination_fallback_global,247241800,DEFER_LOW_CONFIDENCE,48.5931944444,-17.3619444444,-17.3619444444,22.7689373165
04810f6dcb77e9c0eb55e8395ce02bdcdf07a9a76b91d10713011ad41e0a7283,538010670,2023-09-08T21:32:26Z,48.5931944444,57.1156267845,-54.3323097444,151.518698633,UNSEEN,LOW,INELIGIBLE,UNRESOLVED,prior,FRLEH,unlocode_like_unverified,destination_fallback_global,247241800,AUTO_ETA_WITH_UNCERTAINTY,48.5931944444,-17.3619444444,-17.3619444444,38.6663352354
24f7f50c702dc2cf0b21b64218d6bdf63fc7026b71e9dbabe99b06eb989f2007,671362100,2023-08-26T08:18:57Z,48.5931944444,83.2238798637,-87.4603914494,184.646780338,UNSEEN,LOW,INELIGIBLE,UNRESOLVED,prior,TEXT:FALMOUTH,unresolved_text,destination_fallback_global,247241800,DEFER_LOW_CONFIDENCE,48.5931944444,-17.3619444444,-17.3619444444,36.3307370751
8fe7d57a6a2997f2855030fa21161ee8ed46dcf1a92579b56acc22cd51c9f06c,235010700,2023-09-30T05:55:24Z,48.5931944444,85.1428981605,-89.8953837385,187.081772627,UNSEEN,LOW,INELIGIBLE,UNRESOLVED,prior,GBSOU,unlocode_like_unverified,destination_fallback_global,247241800,DEFER_LOW_CONFIDENCE,48.5931944444,-17.3619444444,-17.3619444444,11.153186336
687981f295b4075f0977ff0298cf77aa1e988f2b6ea1f3bd83470416fcca6db7,235013884,2023-08-20T10:46:57Z,48.5931944444,84.3751204228,-88.9211705827,186.107559472,UNSEEN,LOW,INELIGIBLE,UNRESOLVED,prior,TEXT:PENZANCE,unresolved_text,destination_fallback_global,247241800,DEFER_LOW_CONFIDENCE,48.5931944444,-17.3619444444,-17.3619444444,4.03613904271
a83aee656aa0c8e5ac5f61b95e838f8f10b1a5976d318e53c823a33f8791ff77,235116011,2023-08-20T17:59:14Z,48.5931944444,88.4839053985,-94.1347007247,191.321089614,UNSEEN,LOW,INELIGIBLE,UNRESOLVED,prior,TEXT:RAMSGATE,unresolved_text,destination_fallback_global,247241800,DEFER_LOW_CONFIDENCE,48.5931944444,-17.3619444444,-17.3619444444,44.8825455963
9abe2b1f069aa54a956cb46ff0c06c2c704b00daea126988b4ac2c20d2e916bd,563093400,2023-07-17T11:26:45Z,48.5931944444,150.844811063,-173.262828209,270.449217098,UNSEEN,LOW,INELIGIBLE,UNRESOLVED,prior,USPVD,unlocode_like_unverified,destination_fallback_global,247241800,DEFER_LOW_CONFIDENCE,48.5931944444,-100.135833333,-100.135833333,44.610157087
6f42af7d27d106fcff658d2e662a5e03159814d575e90bc4b265f62e2fcb69db,210385000,2023-09-27T19:23:56Z,48.5931944444,58.3355929778,-55.8802930433,153.066681932,UNSEEN,LOW,INELIGIBLE,UNRESOLVED,prior,TEXT:DOV CAL DOV,unresolved_text,destination_fallback_global,247241800,AUTO_ETA_WITH_UNCERTAINTY,48.5931944444,-10.6105555556,-10.6105555556,18.8843164445
e7af623362400f7ee4b3712a9b6cc2a6b2f16f3c4a60f83dc681d72a2eae509c,235103595,2023-08-02T23:34:15Z,48.5931944444,84.3751204228,-88.9211705827,186.107559472,UNSEEN,LOW,INELIGIBLE,UNRESOLVED,prior,TEXT:LNDN AP,unresolved_text,destination_fallback_global,247241800,DEFER_LOW_CONFIDENCE,48.5931944444,-17.3619444444,-17.3619444444,3.12551879976
1cfeb8bfc7966de817444d4ab76f42e6449b42489a606d1010707d17ca8b5096,247374600,2023-07-30T14:01:46Z,48.5931944444,85.1428981605,-89.8953837385,187.081772627,UNSEEN,LOW,INELIGIBLE,UNRESOLVED,prior,TEXT:OWF STB,unresolved_text,destination_fallback_global,247241800,DEFER_LOW_CONFIDENCE,48.5931944444,-17.3619444444,-17.3619444444,9.37560930829
0173b5103032e6bfa88ddd96498a2219d774eccc1e70574406578ee83a3c3d75,636021507,2023-07-15T19:37:31Z,38.6143725422,43.1058989023,-46.5345531626,123.763298247,UNSEEN,LOW,INELIGIBLE,UNRESOLVED,tabular,FOR_ORDERS,for_orders,destination,538012456,AUTO_ETA_WITH_UNCERTAINTY,87.2474036281,78.9519444444,78.9519444444,38.6143725422
e3343ab1ef9b99fa4b115fa77ad55694e8e9c5f7b3d0d9739e8c2c51271eb25a,246236000,2023-08-15T23:34:32Z,48.5931944444,80.8944073122,-84.5045844569,181.690973346,UNSEEN,LOW,INELIGIBLE,UNRESOLVED,prior,TEXT:CORK,unresolved_text,destination_fallback_global,247241800,DEFER_LOW_CONFIDENCE,48.5931944444,-17.3619444444,-17.3619444444,28.2203734715
5b18a97e021fbfcc9723bf51adb411c46da4e601bae87142ff1182cfbb9dcf5f,227003050,2023-07-04T22:31:01Z,48.5931944444,84.3751204228,-88.9211705827,186.107559472,UNSEEN,LOW,INELIGIBLE,UNRESOLVED,prior,TEXT:LE CONQUET,unresolved_text,destination_fallback_global,247241800,DEFER_LOW_CONFIDENCE,48.5931944444,-17.3619444444,-17.3619444444,-0.95603260796
adcfc8bb3c9fe4b6cbc47c1f11eedc3554bf7203eee53466413deee7d12ad715,244014000,2023-08-25T16:30:20Z,-17.3619444444,64.076075923,-129.11938109,94.3954922013,UNSEEN,LOW,INELIGIBLE,UNRESOLVED,route,FRRAD,unlocode_like_unverified,destination_fallback_global,247241800,DEFER_LOW_CONFIDENCE,48.5931944444,-17.3619444444,-17.3619444444,57.6498017712
051ccd20dd5d17cf1631305a9f01effeeec45b00582c542b66b9bbf47937ce75,311001243,2023-08-27T19:55:11Z,65.7095063954,7.44194496003,25.8136421091,105.605370682,UNSEEN,HIGH,ELIGIBLE,RESOLVED,physics_gate,NLRTM,exact_unlocode,destination,352003495,AUTO_ETA_WITH_UNCERTAINTY,81.3198290598,190.408611111,65.7095063954,57.0297520238
8d445d780a4e7c0b91bf545c9b990c13fa48c1a83be02edd3e25f4839d50d704,228437800,2023-08-02T11:52:04Z,48.5931944444,105.702386951,-115.982783091,213.16917198,UNSEEN,LOW,INELIGIBLE,UNRESOLVED,prior,FRLEH,unlocode_like_unverified,destination_fallback_global,247241800,DEFER_LOW_CONFIDENCE,48.5931944444,-17.3619444444,-17.3619444444,49.9562325011
cfdd560dddfa1d5549a22cc14428eb2a0e5b6355ef48d5ffcc4fd37ba25acbe0,538006288,2023-07-13T13:52:40Z,48.5931944444,86.5671550086,-91.7025861235,188.888975012,UNSEEN,LOW,INELIGIBLE,UNRESOLVED,prior,FRPJE,unlocode_like_unverified,destination_fallback_global,247241800,DEFER_LOW_CONFIDENCE,48.5931944444,-17.3619444444,-17.3619444444,37.1829365318
0152b8a80f2ffe681d811d6a46421b19056969592279cfed03b6ff2c66bb839c,256180000,2023-08-26T23:02:49Z,48.5931944444,56.8556137818,-54.0023860237,151.188774913,UNSEEN,LOW,INELIGIBLE,UNRESOLVED,prior,ESHUV,unlocode_like_unverified,destination_fallback_global,247241800,AUTO_ETA_WITH_UNCERTAINTY,48.5931944444,-17.3619444444,-17.3619444444,27.4279543923
5843888f5b35a652e7fdf7ecc14fdb2be15c070da7920e72ab0498f8b161df76,229690000,2023-07-27T17:22:35Z,48.5931944444,86.5671550086,-91.7025861235,188.888975012,UNSEEN,LOW,INELIGIBLE,UNRESOLVED,prior,TEXT:DKK FR DUNKERQUE,unresolved_text,destination_fallback_global,247241800,DEFER_LOW_CONFIDENCE,48.5931944444,-17.3619444444,-17.3619444444,35.1770044981
7c7c96cf54303ff8600c4a21af94ae8259558a894e76f860ea9e43bd3add5775,235002314,2023-09-09T00:13:41Z,48.5931944444,88.4839053985,-94.1347007247,191.321089614,UNSEEN,LOW,INELIGIBLE,UNRESOLVED,prior,TEXT:SCILLY,unresolved_text,destination_fallback_global,247241800,DEFER_LOW_CONFIDENCE,48.5931944444,-17.3619444444,-17.3619444444,40.9956091345
85f1182a583f8d471577131eec7cac054b6ccc89b2cc02963d21ca629c44f946,356503000,2023-07-20T03:15:57Z,48.5931944444,88.4839053985,-94.1347007247,191.321089614,UNSEEN,LOW,INELIGIBLE,UNRESOLVED,prior,TEXT:PORT JEROME,unresolved_text,destination_fallback_global,247241800,DEFER_LOW_CONFIDENCE,48.5931944444,-17.3619444444,-17.3619444444,44.3984502096
13ea7b7f784222a7a272c2a0b5177257f7aa44c7ec4f19f6ba7ede602163c4b2,371238000,2023-09-20T08:05:00Z,48.5931944444,88.4839053985,-94.1347007247,191.321089614,UNSEEN,LOW,INELIGIBLE,UNRESOLVED,prior,TEXT:PORTLAND P S,unresolved_text,destination_fallback_global,247241800,DEFER_LOW_CONFIDENCE,48.5931944444,-17.3619444444,-17.3619444444,40.8161571926
e94b258fb9501f71957cd3fb58c11b88b34335b98d1f7a574a1471a6ef42d6e5,218108000,2023-07-31T05:58:20Z,48.5931944444,84.3751204228,-88.9211705827,186.107559472,UNSEEN,LOW,INELIGIBLE,UNRESOLVED,prior,FRDKK,unlocode_like_unverified,destination_fallback_global,247241800,DEFER_LOW_CONFIDENCE,48.5931944444,-17.3619444444,-17.3619444444,-1.77853749091
1fb719aeea60eb2af2fe5edc10c3da74301b8767479d3b91d41b9e69720ab332,232003389,2023-09-24T23:23:06Z,48.5931944444,84.3751204228,-88.9211705827,186.107559472,UNSEEN,LOW,INELIGIBLE,UNRESOLVED,prior,IOSPZ,unlocode_like_unverified,destination_fallback_global,247241800,DEFER_LOW_CONFIDENCE,48.5931944444,-17.3619444444,-17.3619444444,4.52757043817
824086645ac4490124d12c281575aa2d58fa3e2f2e90ce9879930c5dcb9847bf,235107648,2023-07-28T05:27:19Z,48.5931944444,84.3751204228,-88.9211705827,186.107559472,UNSEEN,LOW,INELIGIBLE,UNRESOLVED,prior,TEXT:RECOVERY OPERATIONS,unresolved_text,destination_fallback_global,247241800,DEFER_LOW_CONFIDENCE,48.5931944444,-17.3619444444,-17.3619444444,-4.3610202556
4be7c1680ed9d174f0e1335affaf5e3149aa122e4a19ae36db790b729dd43789,228373800,2023-07-03T11:21:58Z,48.5931944444,85.1428981605,-89.8953837385,187.081772627,UNSEEN,LOW,INELIGIBLE,UNRESOLVED,prior,TEXT:LE HAVRE,unresolved_text,destination_fallback_global,247241800,DEFER_LOW_CONFIDENCE,48.5931944444,-17.3619444444,-17.3619444444,12.4432371364
e6060e310348f2767299177db4db9b0cef3d3d8ffad033d9646d6f3c5186935d,209391000,2023-09-30T09:10:15Z,48.5931944444,79.5978969209,-82.8594762206,180.045865109,UNSEEN,LOW,INELIGIBLE,UNRESOLVED,prior,SENOL,unlocode_like_unverified,destination_fallback_global,247241800,DEFER_LOW_CONFIDENCE,48.5931944444,-17.3619444444,-17.3619444444,55.4220445489
3f647fc4e1627b0620ffe64582ea77e4ef913cb66bc4246645b2f1056dcc91c2,354731000,2023-09-23T06:28:42Z,57.3553240865,2.62862735596,23.5669530276,91.1436951454,UNSEEN,HIGH,ELIGIBLE,RESOLVED,physics_gate,ESVLC,exact_unlocode,destination,215867000,AUTO_ETA_WITH_UNCERTAINTY,47.0618458251,44.8425,57.3553240865,37.7048163517
d7b844ba4218d75d8c94a67df0f24eb260282b82704992772dcd609d8c832acb,244580000,2023-08-05T00:42:17Z,48.5931944444,86.5671550086,-91.7025861235,188.888975012,UNSEEN,LOW,INELIGIBLE,UNRESOLVED,prior,TEXT:BOULOGNE SUR MER,unresolved_text,destination_fallback_global,247241800,DEFER_LOW_CONFIDENCE,48.5931944444,-17.3619444444,-17.3619444444,37.1821199052
11c62131974b0ba663924eed186cab5e4de5def486b2e0622e67ec9c5f4a3745,235028825,2023-08-03T02:30:50Z,48.5931944444,84.9878149005,-89.6986026328,186.884991522,UNSEEN,LOW,INELIGIBLE,UNRESOLVED,prior,FRDKK,unlocode_like_unverified,destination_fallback_global,247241800,DEFER_LOW_CONFIDENCE,48.5931944444,-17.3619444444,-17.3619444444,22.9012011857
12213cf89cc9bc888519ad8b6462cad51d248af7f1b386c6aa468d132ddef49d,226335000,2023-09-04T23:33:09Z,48.5931944444,84.3751204228,-88.9211705827,186.107559472,UNSEEN,LOW,INELIGIBLE,UNRESOLVED,prior,FRCQF,unlocode_like_unverified,destination_fallback_global,247241800,DEFER_LOW_CONFIDENCE,48.5931944444,-17.3619444444,-17.3619444444,-4.50318007596
1c452375092e8d7eacf0e1ac4a8022ee4d77da58453076ebccd39643a9f60365,235114376,2023-09-16T18:37:36Z,48.5931944444,60.123150757,-58.1484785087,155.334867398,UNSEEN,LOW,INELIGIBLE,UNRESOLVED,prior,TEXT:RAMSGATE,unresolved_text,destination_fallback_global,247241800,AUTO_ETA_WITH_UNCERTAINTY,48.5931944444,-17.3619444444,-17.3619444444,15.8197866156
3feeacbf379fe16c1f00f8b950e1715948ddc423c535c9b1d4822e1b8f799107,228233600,2023-09-30T13:28:15Z,48.5931944444,110.01840413,-121.459264773,218.645653662,UNSEEN,LOW,INELIGIBLE,UNRESOLVED,prior,GBNHV,unlocode_like_unverified,destination_fallback_global,247241800,DEFER_LOW_CONFIDENCE,48.5931944444,-17.3619444444,-17.3619444444,58.3271724202
83b992d35994415447851acad21f00a15a98a49819da42fd560fc99874738eda,311001059,2023-07-16T09:50:01Z,48.5931944444,88.4839053985,-94.1347007247,191.321089614,UNSEEN,LOW,INELIGIBLE,UNRESOLVED,prior,GBSOU,unlocode_like_unverified,destination_fallback_global,247241800,DEFER_LOW_CONFIDENCE,48.5931944444,-17.3619444444,-17.3619444444,39.7274988966
1ae4dfc82158c9810cf153aa8665b76b14df8282daa9dc8ce3deeaf51113b53b,228186700,2023-09-28T00:32:15Z,48.5931944444,104.697701921,-114.707964447,211.894353336,UNSEEN,LOW,INELIGIBLE,UNRESOLVED,prior,TEXT:FRENCH NAVY ORDER,unresolved_text,destination_fallback_global,247241800,DEFER_LOW_CONFIDENCE,48.5931944444,-17.3619444444,-17.3619444444,53.8570333355
d2552c6a8edc37bf566113ecc21a28e03bab8c4c68d8c4113d8e1608f9ca9d87,232032107,2023-08-14T04:19:06Z,48.5931944444,64.3988047666,-63.5737444177,160.760133307,UNSEEN,LOW,INELIGIBLE,UNRESOLVED,prior,DA351,unlocode_like_unverified,destination_fallback_global,247241800,DEFER_LOW_CONFIDENCE,48.5931944444,-17.3619444444,-17.3619444444,42.4907433646
5850fdf0efd01118252358e16c47e0ba6d0563cbe0f6ecd3c0fbf444d90aa92e,227088050,2023-09-08T13:28:10Z,48.5931944444,84.4849706619,-89.0605566873,186.246945576,UNSEEN,LOW,INELIGIBLE,UNRESOLVED,prior,TEXT:FRALYVN026CITYX00929,unresolved_text,destination_fallback_global,247241800,DEFER_LOW_CONFIDENCE,48.5931944444,-17.3619444444,-17.3619444444,46.9642040202
de48c26a0bd574d969c5e1100af046a47ee028fb31d50aed73248b5a5ad55e62,235014365,2023-07-13T22:37:48Z,48.5931944444,62.2097049792,-60.796052766,157.982441655,UNSEEN,LOW,INELIGIBLE,UNRESOLVED,prior,TEXT:SOTON COWES,unresolved_text,destination_fallback_global,247241800,DEFER_LOW_CONFIDENCE,48.5931944444,-17.3619444444,-17.3619444444,31.916867906
ff228a2eab8f1ae78b82e943905a777680ea6fc399cf6dfba895976fd3351572,232001270,2023-09-20T07:05:53Z,48.5931944444,85.1428981605,-89.8953837385,187.081772627,UNSEEN,LOW,INELIGIBLE,UNRESOLVED,prior,TEXT:PZ SC PZ,unresolved_text,destination_fallback_global,247241800,DEFER_LOW_CONFIDENCE,48.5931944444,-17.3619444444,-17.3619444444,12.9187817019
53e730db55b8916a5dcda4b0105c5a7c1a7b0735fbb387ee718ebacb51a77425,227573130,2023-09-09T23:18:50Z,48.5931944444,79.8933487546,-83.2343673501,180.420756239,UNSEEN,LOW,INELIGIBLE,UNRESOLVED,prior,TEXT:ST VAAST LA HOUGUE,unresolved_text,destination_fallback_global,247241800,DEFER_LOW_CONFIDENCE,48.5931944444,-17.3619444444,-17.3619444444,53.565087421
1e0aaf0de95415172e9f31411d3557a5102d877dc08b1fc22af435ae0a074c31,226005390,2023-09-24T13:49:39Z,48.5931944444,137.488582335,-156.315457766,253.501846655,UNSEEN,LOW,INELIGIBLE,UNRESOLVED,prior,TEXT:ACHERE SIAAP,unresolved_text,destination_fallback_global,247241800,DEFER_LOW_CONFIDENCE,48.5931944444,-17.3619444444,-17.3619444444,57.9677086438
70520c6a52ada207907f17c8148a227996db1aa7cc5c92991ab710d079653061,227273000,2023-08-01T05:25:13Z,48.5931944444,61.4387982664,-59.8178693353,157.004258224,UNSEEN,LOW,INELIGIBLE,UNRESOLVED,prior,FROUI,unlocode_like_unverified,destination_fallback_global,247241800,DEFER_LOW_CONFIDENCE,48.5931944444,-17.3619444444,-17.3619444444,47.9236265572
4a7d28bd14c210afbe8a402b10def06a764bdb7f9445ed7d81c83f983082e704,305597000,2023-08-15T06:24:34Z,48.5931944444,55.8707867229,-52.7527646426,149.939153531,UNSEEN,LOW,INELIGIBLE,UNRESOLVED,prior,FRLPE,unlocode_like_unverified,destination_fallback_global,247241800,AUTO_ETA_WITH_UNCERTAINTY,48.5931944444,-17.3619444444,-17.3619444444,35.2913630274
92d9af2d9b55441e8c848683be7ef839d56761939bbd6197abcbf83ab27dc724,235040503,2023-07-12T15:55:53Z,48.5931944444,84.3751204228,-88.9211705827,186.107559472,UNSEEN,LOW,INELIGIBLE,UNRESOLVED,prior,TEXT:SOLENT BUNKERING,unresolved_text,destination_fallback_global,247241800,DEFER_LOW_CONFIDENCE,48.5931944444,-17.3619444444,-17.3619444444,0.989957995198
41131e17241b2e94ae5d2f4f38678416d6bf2c4d7f3556c48ab50937ee1976c0,235066825,2023-09-17T03:12:46Z,48.5931944444,85.1428981605,-89.8953837385,187.081772627,UNSEEN,LOW,INELIGIBLE,UNRESOLVED,prior,TEXT:PORT,unresolved_text,destination_fallback_global,247241800,DEFER_LOW_CONFIDENCE,48.5931944444,-17.3619444444,-17.3619444444,5.93835222065
d8440442ebbea9c4a03a9e2dd64f6ed0f079de5904960f9c1a72bc73d3f9c72e,370387000,2023-09-16T02:17:04Z,48.5931944444,64.3448695146,-63.5053073824,160.691696271,UNSEEN,LOW,INELIGIBLE,UNRESOLVED,prior,TEXT:VLISSINGEN,unresolved_text,destination_fallback_global,247241800,DEFER_LOW_CONFIDENCE,48.5931944444,-17.3619444444,-17.3619444444,33.9771059111
cb82a21c74a771f8bb4b59af681468d48ce6ef5ad9d951ecceb5abd193e7467a,228085000,2023-09-07T10:06:41Z,48.5931944444,81.2624547558,-84.9715902632,182.157979152,UNSEEN,LOW,INELIGIBLE,UNRESOLVED,prior,TEXT:CALAIS DOVER,unresolved_text,destination_fallback_global,247241800,DEFER_LOW_CONFIDENCE,48.5931944444,-17.3619444444,-17.3619444444,38.6678024804
d1e507b9504e4b2a639e3f293bec03afe4f88020a490bffa7b325503cfd3b79d,232003852,2023-09-29T14:28:33Z,48.5931944444,88.0835487265,-93.6266985806,190.813087469,UNSEEN,LOW,INELIGIBLE,UNRESOLVED,prior,TEXT:GUARD VESSEL,unresolved_text,destination_fallback_global,247241800,DEFER_LOW_CONFIDENCE,48.5931944444,-17.3619444444,-17.3619444444,32.4731083181
42987c81abc41f551fd978077072a1f7a419ad26dbd0504094909404d36adc34,235025323,2023-07-27T14:11:42Z,48.5931944444,84.9878149005,-89.6986026328,186.884991522,UNSEEN,LOW,INELIGIBLE,UNRESOLVED,prior,TEXT:SOUTHAMPTON,unresolved_text,destination_fallback_global,247241800,DEFER_LOW_CONFIDENCE,48.5931944444,-17.3619444444,-17.3619444444,25.3330056545
7c4fb108b33d47a86d748bb4fe0e68bf1a5a9b009fb3366081f0466fef30f43d,232023795,2023-07-09T13:39:31Z,48.5931944444,88.4839053985,-94.1347007247,191.321089614,UNSEEN,LOW,INELIGIBLE,UNRESOLVED,prior,TEXT:PLYMOUTH,unresolved_text,destination_fallback_global,247241800,DEFER_LOW_CONFIDENCE,48.5931944444,-17.3619444444,-17.3619444444,44.7606139951
e9f96840596f33c67873358c4f3276e879cc2f3c7a58f2e5fa97b6988eb51361,228414800,2023-07-21T12:42:26Z,48.5931944444,88.0835487265,-93.6266985806,190.813087469,UNSEEN,LOW,INELIGIBLE,UNRESOLVED,prior,TEXT:SAINT BRIEUC OWF,unresolved_text,destination_fallback_global,247241800,DEFER_LOW_CONFIDENCE,48.5931944444,-17.3619444444,-17.3619444444,30.2465015444
6d1d03cab27dc5d89e2d8ad0468d090efcfccd0c5bfb391ba3d7f74b83cc04ea,219023000,2023-08-01T01:26:33Z,48.5931944444,84.4849706619,-89.0605566873,186.246945576,UNSEEN,LOW,INELIGIBLE,UNRESOLVED,prior,FRLEH,unlocode_like_unverified,destination_fallback_global,247241800,DEFER_LOW_CONFIDENCE,48.5931944444,-17.3619444444,-17.3619444444,46.0180589427
2f12982e7605b408ad29d662172f92b72dce5a3977017be8db7d62a530510208,255845000,2023-07-10T23:56:26Z,48.5931944444,64.3448695146,-63.5053073824,160.691696271,UNSEEN,LOW,INELIGIBLE,UNRESOLVED,prior,FITOK,unlocode_like_unverified,destination_fallback_global,247241800,DEFER_LOW_CONFIDENCE,48.5931944444,-17.3619444444,-17.3619444444,33.1144778485
27a569c0a8eec6b0450d00ba2f1ff51aa6e2530cd033f163a50c1870566035c1,538004260,2023-07-28T03:19:47Z,58.3879585747,7.3552303077,18.6021242502,98.1737928993,UNSEEN,HIGH,ELIGIBLE,RESOLVED,physics_gate,NLRTM,exact_unlocode,destination,352003495,AUTO_ETA_WITH_UNCERTAINTY,81.3198290598,190.408611111,58.3879585747,52.5672581293
fbd18f599388d5d5790eeb2190026ccfee25e6e17adb04f915b8d758f25a8bef,205106000,2023-08-18T11:17:12Z,48.5931944444,84.4849706619,-89.0605566873,186.246945576,UNSEEN,LOW,INELIGIBLE,UNRESOLVED,prior,FRSML,unlocode_like_unverified,destination_fallback_global,247241800,DEFER_LOW_CONFIDENCE,48.5931944444,-17.3619444444,-17.3619444444,45.2011354955
cc0cde582477bbdf8e7097595bbd056a71a7d86b360f31b69866c711db958df7,311000477,2023-07-19T08:12:57Z,35.4701316141,23.48960263,-24.7881871364,95.7284503646,UNSEEN,MEDIUM,INELIGIBLE,UNRESOLVED,tabular,FOR_ORDERS,for_orders,destination,538012456,AUTO_ETA_WITH_UNCERTAINTY,87.2474036281,78.9519444444,78.9519444444,35.4701316141
8c57a675b2cec41e8a0f8de389738c71c98a606a5c2fa7eaea4b5a158e962e85,255801480,2023-09-06T13:21:04Z,48.5931944444,63.1266637636,-61.959557863,159.145946752,UNSEEN,LOW,INELIGIBLE,UNRESOLVED,prior,TEXT:SANTANDER,unresolved_text,destination_fallback_global,247241800,DEFER_LOW_CONFIDENCE,48.5931944444,-17.3619444444,-17.3619444444,42.6393416152
d9f4d30ff8e3b708126cb24e51721ef557fa7e5cafa1ba63e879b28737f1016b,246749000,2023-09-16T03:08:45Z,48.5931944444,104.697701921,-114.707964447,211.894353336,UNSEEN,LOW,INELIGIBLE,UNRESOLVED,prior,TEXT:FISHING GROUND,unresolved_text,destination_fallback_global,247241800,DEFER_LOW_CONFIDENCE,48.5931944444,-17.3619444444,-17.3619444444,55.1415681328
0954a582a3454adc150b1de0e20e35adc4e0fed69a3877ace2b2c6ccfd120773,355209000,2023-08-06T09:31:54Z,48.5931944444,61.1337397655,-59.4307885561,156.617177445,UNSEEN,LOW,INELIGIBLE,UNRESOLVED,prior,TEXT:LA BREA TRINIDAD,unresolved_text,destination_fallback_global,247241800,DEFER_LOW_CONFIDENCE,48.5931944444,-17.3619444444,-17.3619444444,38.0432504172
954339a51699fed2a5a258ef8e19c3f4285da1c18cccb3915a781a7ad8ff42b7,255805594,2023-07-21T16:12:15Z,48.5931944444,84.6823783419,-89.3110421462,186.497431035,UNSEEN,LOW,INELIGIBLE,UNRESOLVED,prior,GBLGP,unlocode_like_unverified,destination_fallback_global,247241800,DEFER_LOW_CONFIDENCE,48.5931944444,-17.3619444444,-17.3619444444,33.8921565452
3c2a29d97cbba8b9acb7da1082e232713aa7a73c0b1137600512af91e4c0a7ae,255806505,2023-09-15T21:36:23Z,48.5931944444,63.1266637636,-61.959557863,159.145946752,UNSEEN,LOW,INELIGIBLE,UNRESOLVED,prior,GBLGP,unlocode_like_unverified,destination_fallback_global,247241800,DEFER_LOW_CONFIDENCE,48.5931944444,-17.3619444444,-17.3619444444,44.3332130402
63192410c8bdf33ae77ddd391618f4f946fdc4de47f4ccb8fbaf9b3e804741f6,246789000,2023-08-11T04:21:46Z,48.5931944444,86.5671550086,-91.7025861235,188.888975012,UNSEEN,LOW,INELIGIBLE,UNRESOLVED,prior,FRDKK,unlocode_like_unverified,destination_fallback_global,247241800,DEFER_LOW_CONFIDENCE,48.5931944444,-17.3619444444,-17.3619444444,35.1742616431
c6db1bc8bdc37e818a8f65742f5e001502803c6542d079b8c10c7b1d02b80bc6,209490000,2023-08-30T15:13:46Z,48.5931944444,62.4937801815,-61.1565083845,158.342897273,UNSEEN,LOW,INELIGIBLE,UNRESOLVED,prior,TEXT:DOVER CALAIS DOVER,unresolved_text,destination_fallback_global,247241800,DEFER_LOW_CONFIDENCE,48.5931944444,-17.3619444444,-17.3619444444,39.2484009431
7546e434cafb8b21e860b2e4388e50290dee964552dba425b9f7c952430521d2,209876000,2023-09-05T19:21:46Z,48.5931944444,81.2624547558,-84.9715902632,182.157979152,UNSEEN,LOW,INELIGIBLE,UNRESOLVED,prior,PLSWI,unlocode_like_unverified,destination_fallback_global,247241800,DEFER_LOW_CONFIDENCE,48.5931944444,-17.3619444444,-17.3619444444,44.7120292702
42467d80107c8c34cb8c8e019890e566eab230c6cb1d955c10664589e061b11f,236180000,2023-08-17T06:28:42Z,48.5931944444,54.8450789169,-51.4512707471,148.637659636,UNSEEN,LOW,INELIGIBLE,UNRESOLVED,prior,ITOTN,unlocode_like_unverified,destination_fallback_global,247241800,AUTO_ETA_WITH_UNCERTAINTY,48.5931944444,-17.3619444444,-17.3619444444,26.0796493578
c7c4603cc99eb5577f9f391ea8627f22c6dc7e92ed0100d8dba5ac0448bd8a77,255806481,2023-08-17T12:29:40Z,48.5931944444,78.8258887593,-81.8798951901,179.066284079,UNSEEN,LOW,INELIGIBLE,UNRESOLVED,prior,GBSOU,unlocode_like_unverified,destination_fallback_global,247241800,DEFER_LOW_CONFIDENCE,48.5931944444,-17.3619444444,-17.3619444444,56.8834986173
fb3934242e93d24ab91683ea993ea8330089fb9d6ab2cc64cf19e1c1e73414d5,235075328,2023-09-15T16:49:36Z,48.5931944444,84.3751204228,-88.9211705827,186.107559472,UNSEEN,LOW,INELIGIBLE,UNRESOLVED,prior,TEXT:PLYMOUTH,unresolved_text,destination_fallback_global,247241800,DEFER_LOW_CONFIDENCE,48.5931944444,-17.3619444444,-17.3619444444,-5.77746088677
0a54a635d631404b9fae9361c51be1e747b705e292d103e6d52d525ed664d229,232032414,2023-08-05T23:14:19Z,48.5931944444,61.8437068537,-60.3316472858,157.518036175,UNSEEN,LOW,INELIGIBLE,UNRESOLVED,prior,TEXT:NEWLYN,unresolved_text,destination_fallback_global,247241800,DEFER_LOW_CONFIDENCE,48.5931944444,-17.3619444444,-17.3619444444,25.6026885776
000f51a239d3aba0b1da782f96b4c479da4a327fc1e22b1de56725b22d393175,372038000,2023-09-08T07:00:10Z,36.2670217258,5.32913184135,-0.947949074007,73.4819925256,UNSEEN,HIGH,ELIGIBLE,RESOLVED,physics_gate,NLRTM,exact_unlocode,destination,352003495,AUTO_ETA_WITH_UNCERTAINTY,81.3198290598,190.408611111,36.2670217258,8.0517330958
1162a4c369f78b95f66b5daf8963681c910ec0a32ccc8c047bcfbc3f6e30d91e,538010234,2023-08-11T12:38:17Z,48.5931944444,62.2097049792,-60.796052766,157.982441655,UNSEEN,LOW,INELIGIBLE,UNRESOLVED,prior,TEXT:NEW YORK USA,unresolved_text,destination_fallback_global,247241800,DEFER_LOW_CONFIDENCE,48.5931944444,-17.3619444444,-17.3619444444,34.1455466136
648e0c9d431540f4ce11808b3069dfb25b995666c72a5b6abf33dee14f8376f3,219027989,2023-09-21T08:22:23Z,48.5931944444,88.4839053985,-94.1347007247,191.321089614,UNSEEN,LOW,INELIGIBLE,UNRESOLVED,prior,TEXT:SAINT MALO,unresolved_text,destination_fallback_global,247241800,DEFER_LOW_CONFIDENCE,48.5931944444,-17.3619444444,-17.3619444444,41.3163457906
8aba1ad153fc60591918c6db051b16dbf5fbdbf362631ef8d32fba8192c14d28,431787000,2023-08-29T07:46:16Z,48.5931944444,84.3751204228,-88.9211705827,186.107559472,UNSEEN,LOW,INELIGIBLE,UNRESOLVED,prior,GBSOU,unlocode_like_unverified,destination_fallback_global,247241800,DEFER_LOW_CONFIDENCE,48.5931944444,-17.3619444444,-17.3619444444,1.85529287059
2709a4cc02fc666553c0024690818013e54094da9c1d1a9b830e3754b63b1bdd,205050000,2023-09-14T00:57:50Z,48.5931944444,88.0835487265,-93.6266985806,190.813087469,UNSEEN,LOW,INELIGIBLE,UNRESOLVED,prior,GBTNM,unlocode_like_unverified,destination_fallback_global,247241800,DEFER_LOW_CONFIDENCE,48.5931944444,-17.3619444444,-17.3619444444,30.455050619
81368fb66404e50d7b0ca9432f831d9aca2eb97c4365eff58f061584f772df71,256392000,2023-09-29T10:48:08Z,48.5931944444,104.697701921,-114.707964447,211.894353336,SEEN,LOW,INELIGIBLE,UNRESOLVED,prior,FRLEH,unlocode_like_unverified,destination_fallback_global,247241800,DEFER_LOW_CONFIDENCE,48.5931944444,-17.3619444444,-17.3619444444,52.7246378858
0d7a96c1fa07133c05aa7fdf88d2240a8abd19337055e3cb793624eea4de202a,227002970,2023-07-04T13:30:49Z,48.5931944444,88.0835487265,-93.6266985806,190.813087469,UNSEEN,LOW,INELIGIBLE,UNRESOLVED,prior,TEXT:BARFLEUR,unresolved_text,destination_fallback_global,247241800,DEFER_LOW_CONFIDENCE,48.5931944444,-17.3619444444,-17.3619444444,31.8527148778
544032f819f220e05fd58df3676203ee61ca688930c3e7e3122cb2e17aba1372,227536950,2023-09-25T22:39:23Z,48.5931944444,84.9878149005,-89.6986026328,186.884991522,UNSEEN,LOW,INELIGIBLE,UNRESOLVED,prior,TEXT:SCILLY,unresolved_text,destination_fallback_global,247241800,DEFER_LOW_CONFIDENCE,48.5931944444,-17.3619444444,-17.3619444444,26.3027780965
2747391fde6a02af69898d7ece60bc0d5f4ac72597bd936473d76515a5fe8290,257869000,2023-09-10T11:52:27Z,48.5931944444,77.5862384979,-80.3069352905,177.493324179,UNSEEN,LOW,INELIGIBLE,UNRESOLVED,prior,FRLEH,unlocode_like_unverified,destination_fallback_global,247241800,DEFER_LOW_CONFIDENCE,48.5931944444,-17.3619444444,-17.3619444444,48.3988388248
dff63b1222b6960e62cec466c8d0adc719aad196465ff8a2265b7e3b31de758b,538008664,2023-09-29T02:45:01Z,48.5931944444,88.4839053985,-94.1347007247,191.321089614,UNSEEN,LOW,INELIGIBLE,UNRESOLVED,prior,TEXT:AMSTERDAM,unresolved_text,destination_fallback_global,247241800,DEFER_LOW_CONFIDENCE,48.5931944444,-17.3619444444,-17.3619444444,42.8125640289
c8c7e9133481d1253a6284801ff39d1a253955237bb09e1c6bac4261a4c63e12,235003790,2023-07-29T08:40:47Z,48.5931944444,86.5671550086,-91.7025861235,188.888975012,UNSEEN,LOW,INELIGIBLE,UNRESOLVED,prior,TEXT:GOSPORT,unresolved_text,destination_fallback_global,247241800,DEFER_LOW_CONFIDENCE,48.5931944444,-17.3619444444,-17.3619444444,38.0379756103
0aa9cb82c8366c49935e6d451ada046d85b44188b9c43a20334e199073846917,232047057,2023-08-17T12:28:32Z,-1324.44222222,314.133965894,-1753.49159659,-895.392847859,UNSEEN,LOW,INELIGIBLE,UNRESOLVED,prior,UNKNOWN,unknown,destination,247305480,DEFER_LOW_CONFIDENCE,-1324.44222222,-2422.87055556,-2422.87055556,49.3027374424
a7c606b711d1571b5bd02c67c63204699a040e06e8ce2dc33b6c6f977b118ce1,235098058,2023-09-09T19:14:59Z,48.5931944444,62.6774554925,-61.3895691983,158.575958087,UNSEEN,LOW,INELIGIBLE,UNRESOLVED,prior,TEXT:DUBLIN,unresolved_text,destination_fallback_global,247241800,DEFER_LOW_CONFIDENCE,48.5931944444,-17.3619444444,-17.3619444444,45.7203444965
b6651aa0485b09b20f8cff7c6013fa90c65107c7d8803e680c6f4a838633f9eb,538010164,2023-09-28T10:36:52Z,48.5931944444,63.2325592054,-62.0939258283,159.280314717,UNSEEN,LOW,INELIGIBLE,UNRESOLVED,prior,TRMER,unlocode_like_unverified,destination_fallback_global,247241800,DEFER_LOW_CONFIDENCE,48.5931944444,-17.3619444444,-17.3619444444,38.1629864647
c72673dcab44441fb5a077c4d5533c03924b8310c689fbec02442b2eb4f9880c,244990000,2023-09-23T15:35:11Z,48.5931944444,84.3751204228,-88.9211705827,186.107559472,UNSEEN,LOW,INELIGIBLE,UNRESOLVED,prior,TEXT:SOUTHAMTON,unresolved_text,destination_fallback_global,247241800,DEFER_LOW_CONFIDENCE,48.5931944444,-17.3619444444,-17.3619444444,4.75622051463
4d09eb77eef4147c6445b5894977d092dc4d00a8499aab4824ce22e637289632,266002000,2023-08-05T19:38:17Z,48.5931944444,56.8556137818,-54.0023860237,151.188774913,UNSEEN,LOW,INELIGIBLE,UNRESOLVED,prior,TEXT:LE HAVRE,unresolved_text,destination_fallback_global,247241800,AUTO_ETA_WITH_UNCERTAINTY,48.5931944444,-17.3619444444,-17.3619444444,27.7729061451
e9bbceab82bf829f90895d4f3fe95c37d6c47da831cabe07f89028614d2296b6,258035000,2023-08-23T13:25:19Z,-100.135833333,142.641210087,-311.582520572,111.310853905,UNSEEN,LOW,INELIGIBLE,UNRESOLVED,route,TEXT:FREDERICIA,unresolved_text,destination_fallback_global,247241800,DEFER_LOW_CONFIDENCE,48.5931944444,-100.135833333,-100.135833333,55.7977235511
7edc1bf3865186531b87e5a9b2b8b1d09b02e44ebeb372cc5d2205746dd356ce,636023129,2023-08-23T16:07:05Z,48.5931944444,86.5671550086,-91.7025861235,188.888975012,UNSEEN,LOW,INELIGIBLE,UNRESOLVED,prior,TEXT:FAWLEY,unresolved_text,destination_fallback_global,247241800,DEFER_LOW_CONFIDENCE,48.5931944444,-17.3619444444,-17.3619444444,36.3175271119
ba0d84325b4f106916d141c49aa79fb0edb7ab98cf78c6053e11bc6bc7ecb9ea,636016746,2023-08-04T23:13:09Z,48.5931944444,88.4839053985,-94.1347007247,191.321089614,UNSEEN,LOW,INELIGIBLE,UNRESOLVED,prior,GBPLY,unlocode_like_unverified,destination_fallback_global,247241800,DEFER_LOW_CONFIDENCE,48.5931944444,-17.3619444444,-17.3619444444,43.5836436077
14c165c675bdbbebb27d7a91e4b6250069765ecd138e4d5a5fd6ed157b69e3ea,255742000,2023-09-03T01:01:59Z,-100.135833333,154.383410005,-326.481891936,126.210225269,UNSEEN,LOW,INELIGIBLE,UNRESOLVED,route,GBSOU,unlocode_like_unverified,destination_fallback_global,247241800,DEFER_LOW_CONFIDENCE,48.5931944444,-100.135833333,-100.135833333,32.6214872383
4763089e0a0f743916859f077db401fdcd07e9e4532e6ac23ea44ab287591176,538010223,2023-08-24T08:15:38Z,48.5931944444,57.1156267845,-54.3323097444,151.518698633,UNSEEN,LOW,INELIGIBLE,UNRESOLVED,prior,TEXT:SINGAPORE,unresolved_text,destination_fallback_global,247241800,AUTO_ETA_WITH_UNCERTAINTY,48.5931944444,-17.3619444444,-17.3619444444,42.2682711605
3a75b91500e1fe0e8f45aa78ac2058ba41a88a0f1ae76aef87536b09f76ab066,636015281,2023-07-17T19:36:17Z,48.5931944444,60.8225726905,-59.0359567666,156.222345655,UNSEEN,LOW,INELIGIBLE,UNRESOLVED,prior,EETLL,unlocode_like_unverified,destination_fallback_global,247241800,AUTO_ETA_WITH_UNCERTAINTY,48.5931944444,-17.3619444444,-17.3619444444,46.6465105822
21707b7eeb942f50bca1001b97a5fbbcc0d171def63023a0b7716f9c72584640,228017700,2023-08-16T20:11:13Z,48.5931944444,149.298591016,-171.3008699,268.487258789,UNSEEN,LOW,INELIGIBLE,UNRESOLVED,prior,BREST,unlocode_like_unverified,destination_fallback_global,247241800,DEFER_LOW_CONFIDENCE,48.5931944444,-100.135833333,-100.135833333,22.1815126117
5f50f1d620a9da070d5dccf21209ee527047bf915cb72f8b9c569c7d014c219a,636021860,2023-07-17T20:47:22Z,48.5931944444,64.1062063634,-63.2024739317,160.388862821,UNSEEN,LOW,INELIGIBLE,UNRESOLVED,prior,GBAYR,unlocode_like_unverified,destination_fallback_global,247241800,DEFER_LOW_CONFIDENCE,48.5931944444,-17.3619444444,-17.3619444444,32.8663234578
8f8594fc89e87c7b2d06e12899a0ca51c525c6054b51593e6efd1a45990b3a44,636015721,2023-08-05T23:16:36Z,48.5931944444,67.4254593425,-67.4141875058,164.600576395,UNSEEN,LOW,INELIGIBLE,UNRESOLVED,prior,BGVAR,unlocode_like_unverified,destination_fallback_global,247241800,DEFER_LOW_CONFIDENCE,48.5931944444,-17.3619444444,-17.3619444444,33.6472486675
18a0cd6cc11d4596562f73b8e807bb22a72e53e9fe85cd9585cc4c8ce7ac88a9,235004042,2023-08-11T17:39:10Z,48.5931944444,64.1062063634,-63.2024739317,160.388862821,UNSEEN,LOW,INELIGIBLE,UNRESOLVED,prior,TEXT:NEWLYN,unresolved_text,destination_fallback_global,247241800,DEFER_LOW_CONFIDENCE,48.5931944444,-17.3619444444,-17.3619444444,28.8093861439
2fd3f100979f59cb97e64450f3226ec32263bb229a96ee041f07b11de536ac09,228123800,2023-07-20T10:27:46Z,48.5931944444,85.1428981605,-89.8953837385,187.081772627,UNSEEN,LOW,INELIGIBLE,UNRESOLVED,prior,TEXT:ST BRIEUC OWF,unresolved_text,destination_fallback_global,247241800,DEFER_LOW_CONFIDENCE,48.5931944444,-17.3619444444,-17.3619444444,15.8182908502
9b218e770e5681ea778b2fb7787390b6dd045acbe494d8542e3448a92feaf89b,232027317,2023-09-06T22:54:27Z,48.5931944444,62.9979586147,-61.7962472547,158.982636144,UNSEEN,LOW,INELIGIBLE,UNRESOLVED,prior,GBPOO,unlocode_like_unverified,destination_fallback_global,247241800,DEFER_LOW_CONFIDENCE,48.5931944444,-17.3619444444,-17.3619444444,38.130931685
885ca1c1f56565a2f5c94a168fff04419e84ac52a03c77b0075b37f645e01b97,266001000,2023-08-20T23:06:40Z,48.5931944444,54.8450789169,-51.4512707471,148.637659636,UNSEEN,LOW,INELIGIBLE,UNRESOLVED,prior,FRBOD,unlocode_like_unverified,destination_fallback_global,247241800,AUTO_ETA_WITH_UNCERTAINTY,48.5931944444,-17.3619444444,-17.3619444444,25.8617487304
c4c7eb7b5499db85c415bb6e01d3e429a687cdc20d4ce513acc670b0ffc12fa9,352001101,2023-07-20T21:49:50Z,-100.135833333,152.619378731,-324.243558639,123.971891972,UNSEEN,LOW,INELIGIBLE,UNRESOLVED,route,TEXT:SUEZ CANAL,unresolved_text,destination_fallback_global,247241800,DEFER_LOW_CONFIDENCE,48.5931944444,-100.135833333,-100.135833333,34.8501580927
228a0353f9c3c711aeb3904a49dde897b177fed3dc392fb6b8235920625df894,511100783,2023-07-20T03:01:17Z,48.5931944444,98.4682576569,-106.803585019,203.989973908,UNSEEN,LOW,INELIGIBLE,UNRESOLVED,prior,NOKKN,unlocode_like_unverified,destination_fallback_global,247241800,DEFER_LOW_CONFIDENCE,48.5931944444,-17.3619444444,-17.3619444444,55.6305993343
faff5b48cb2b91fb2c429f4abe38892d7698f854693c3273c800231502bebb80,232002589,2023-07-11T06:13:12Z,48.5931944444,60.123150757,-58.1484785087,155.334867398,UNSEEN,LOW,INELIGIBLE,UNRESOLVED,prior,TEXT:SOUTHAMPTON,unresolved_text,destination_fallback_global,247241800,AUTO_ETA_WITH_UNCERTAINTY,48.5931944444,-17.3619444444,-17.3619444444,21.4371615893
0e1d8a4871f03925ed8c3480bf5430ac31e4b9ef25ca9a216fd1cd9c25b844fb,248298000,2023-09-17T14:40:52Z,48.5931944444,84.9878149005,-89.6986026328,186.884991522,UNSEEN,LOW,INELIGIBLE,UNRESOLVED,prior,GBFAW,unlocode_like_unverified,destination_fallback_global,247241800,DEFER_LOW_CONFIDENCE,48.5931944444,-17.3619444444,-17.3619444444,23.73423567
e336df43ed266ff1914c121aafb7a9e7e56bc93ce5671e115aa2063cc5c74067,256765000,2023-07-10T03:50:09Z,48.5931944444,55.1124671388,-51.7905526912,148.97694158,UNSEEN,LOW,INELIGIBLE,UNRESOLVED,prior,FRBOD,unlocode_like_unverified,destination_fallback_global,247241800,AUTO_ETA_WITH_UNCERTAINTY,48.5931944444,-17.3619444444,-17.3619444444,23.6588037519
bba1a0baf226deb9195a799f9178a37dc4cd9c692ccaef5e67ddfb52beb6c2f3,311001287,2023-08-08T17:32:01Z,48.5931944444,88.4839053985,-94.1347007247,191.321089614,UNSEEN,LOW,INELIGIBLE,UNRESOLVED,prior,POOLE,unlocode_like_unverified,destination_fallback_global,247241800,DEFER_LOW_CONFIDENCE,48.5931944444,-17.3619444444,-17.3619444444,42.9729967121
be833f55511ff027ea8574cd8c641edbaec258ffb5c6e6565e781d74cdc8497d,477142400,2023-07-31T03:30:40Z,48.5931944444,84.3751204228,-88.9211705827,186.107559472,UNSEEN,LOW,INELIGIBLE,UNRESOLVED,prior,FRLEH,unlocode_like_unverified,destination_fallback_global,247241800,DEFER_LOW_CONFIDENCE,48.5931944444,-17.3619444444,-17.3619444444,-0.495758657426
625642816cecea01156362d6ca0dd9238d1d3ff3ec59daf834e804a5348dc508,205103000,2023-09-02T13:36:20Z,48.5931944444,65.047612792,-64.397000007,161.583388896,UNSEEN,LOW,INELIGIBLE,UNRESOLVED,prior,MAJFL,unlocode_like_unverified,destination_fallback_global,247241800,DEFER_LOW_CONFIDENCE,48.5931944444,-17.3619444444,-17.3619444444,24.7469509612
2b1afd463f3d66ed3c75524130d17ad2d1bef70d97ce4cd23ba133a562654ccc,226010910,2023-08-01T12:18:52Z,48.5931944444,85.1428981605,-89.8953837385,187.081772627,UNSEEN,LOW,INELIGIBLE,UNRESOLVED,prior,TEXT:DUNKERQUE,unresolved_text,destination_fallback_global,247241800,DEFER_LOW_CONFIDENCE,48.5931944444,-17.3619444444,-17.3619444444,5.78206436879
6f6b96b70c83fd740676b8d74774ef8202a8b10c6b4c532675f4433711198ab3,235118074,2023-08-21T05:07:47Z,48.5931944444,88.0835487265,-93.6266985806,190.813087469,UNSEEN,LOW,INELIGIBLE,UNRESOLVED,prior,GBLSH,unlocode_like_unverified,destination_fallback_global,247241800,DEFER_LOW_CONFIDENCE,48.5931944444,-17.3619444444,-17.3619444444,26.5976864608
5880b2fd4c3b11cd25b514d3b9b839ad3b823e81e27fe27dec64c3ca31b07673,215740000,2023-08-30T20:47:04Z,48.5931944444,64.3448695146,-63.5053073824,160.691696271,UNSEEN,LOW,INELIGIBLE,UNRESOLVED,prior,ESSDR,unlocode_like_unverified,destination_fallback_global,247241800,DEFER_LOW_CONFIDENCE,48.5931944444,-17.3619444444,-17.3619444444,28.2717676793
18e3615ee173bb5b424223339248430ef3b521914f124138ee9adf324d613ab0,538003492,2023-08-28T10:52:48Z,48.5931944444,56.8556137818,-54.0023860237,151.188774913,UNSEEN,LOW,INELIGIBLE,UNRESOLVED,prior,ARBUE,unlocode_like_unverified,destination_fallback_global,247241800,AUTO_ETA_WITH_UNCERTAINTY,48.5931944444,-17.3619444444,-17.3619444444,29.5515076404
bb3711e78b438faaba2700c5978d760a9e13beda41e28dba85dbe84b91c72790,235118697,2023-09-16T17:39:08Z,48.5931944444,84.3751204228,-88.9211705827,186.107559472,UNSEEN,LOW,INELIGIBLE,UNRESOLVED,prior,TEXT:PORTSMOUTH,unresolved_text,destination_fallback_global,247241800,DEFER_LOW_CONFIDENCE,48.5931944444,-17.3619444444,-17.3619444444,-1.81598733854
c56b58cefdc953077ef92fefa2160e024632b4139053b4dcabc50ad22da95c79,228376700,2023-07-13T22:00:35Z,48.5931944444,84.4849706619,-89.0605566873,186.246945576,UNSEEN,LOW,INELIGIBLE,UNRESOLVED,prior,TEXT:SAINT MALO,unresolved_text,destination_fallback_global,247241800,DEFER_LOW_CONFIDENCE,48.5931944444,-17.3619444444,-17.3619444444,46.7588036342
92b684678757a5b5b01b165da5a763e39e06111499f9e2b14e68d9db762ce082,304045000,2023-08-20T04:36:59Z,48.5931944444,88.4839053985,-94.1347007247,191.321089614,UNSEEN,LOW,INELIGIBLE,UNRESOLVED,prior,FRCFR,unlocode_like_unverified,destination_fallback_global,247241800,DEFER_LOW_CONFIDENCE,48.5931944444,-17.3619444444,-17.3619444444,42.2618825248
90c5a480a6ec1dd4dd5163b458b0926fae598dd8476e7993c08ddd8592bfb5a0,538005407,2023-08-15T09:04:36Z,48.5931944444,84.4849706619,-89.0605566873,186.246945576,UNSEEN,LOW,INELIGIBLE,UNRESOLVED,prior,GBFAW,unlocode_like_unverified,destination_fallback_global,247241800,DEFER_LOW_CONFIDENCE,48.5931944444,-17.3619444444,-17.3619444444,47.2955194715
76ba742a77f5c6204014f7b983c6110f0781538fc689f4a57fd17fc7730e7836,245610000,2023-07-22T18:06:32Z,48.5931944444,84.3751204228,-88.9211705827,186.107559472,UNSEEN,LOW,INELIGIBLE,UNRESOLVED,prior,TEXT:PLYMOUTH,unresolved_text,destination_fallback_global,247241800,DEFER_LOW_CONFIDENCE,48.5931944444,-17.3619444444,-17.3619444444,-9.82226427621
3403376ab5cf9bcb701385ae99dee75fad41a6fd87ee20f774f78b7792e69dc8,226016710,2023-09-25T05:05:15Z,48.5931944444,88.4839053985,-94.1347007247,191.321089614,UNSEEN,LOW,INELIGIBLE,UNRESOLVED,prior,TEXT:LE HAVRE,unresolved_text,destination_fallback_global,247241800,DEFER_LOW_CONFIDENCE,48.5931944444,-17.3619444444,-17.3619444444,45.1255707333
af02331f7371d38fdb4cd31f1b5fd3fee6480f7d544e2b10ff56dcf6a8a51675,232026149,2023-07-16T10:36:54Z,48.5931944444,84.9878149005,-89.6986026328,186.884991522,UNSEEN,LOW,INELIGIBLE,UNRESOLVED,prior,TEXT:HARBOUR TOWAGE GBSOU,unresolved_text,destination_fallback_global,247241800,DEFER_LOW_CONFIDENCE,48.5931944444,-17.3619444444,-17.3619444444,25.1389914708
4da94f280087ca7006c1205495a7bf909959b941eff67e946f84820f988deb8e,311072300,2023-08-20T18:00:36Z,48.5931944444,63.1266637636,-61.959557863,159.145946752,UNSEEN,LOW,INELIGIBLE,UNRESOLVED,prior,GBBRX,unlocode_like_unverified,destination_fallback_global,247241800,DEFER_LOW_CONFIDENCE,48.5931944444,-17.3619444444,-17.3619444444,42.3872450496
fd1285c49e97c505fa679b80042b63c90363f23a2ad586eb21fcf7fee9b2b491,253596000,2023-07-13T15:10:04Z,48.5931944444,84.4849706619,-89.0605566873,186.246945576,UNSEEN,LOW,INELIGIBLE,UNRESOLVED,prior,TEXT:ROV OPS CPA 0 5NM,unresolved_text,destination_fallback_global,247241800,DEFER_LOW_CONFIDENCE,48.5931944444,-17.3619444444,-17.3619444444,46.8369060949
4d7538336d0693606d465e04153490fc2564485d4224b75842da2665e822637d,227006650,2023-09-23T17:13:41Z,48.5931944444,84.3751204228,-88.9211705827,186.107559472,UNSEEN,LOW,INELIGIBLE,UNRESOLVED,prior,BREST,unlocode_like_unverified,destination_fallback_global,247241800,DEFER_LOW_CONFIDENCE,48.5931944444,-17.3619444444,-17.3619444444,-4.20393445786
988a53a6cbc4bedf7b01c26ca80e70daab2b3c9f4d2697d1e5e134fc98bfbedf,563180500,2023-07-21T19:42:50Z,36.3379320651,5.46257473667,-1.0463609458,73.722225076,UNSEEN,HIGH,ELIGIBLE,RESOLVED,physics_gate,NLRTM,exact_unlocode,destination,352003495,AUTO_ETA_WITH_UNCERTAINTY,81.3198290598,190.408611111,36.3379320651,3.63509835934
0edd6edef6b537487a10127b308dd3659486a3f072f6becd3dc3ba69e1a9af95,305288000,2023-08-08T16:34:37Z,48.5931944444,62.9979586147,-61.7962472547,158.982636144,UNSEEN,LOW,INELIGIBLE,UNRESOLVED,prior,PLSZZ,unlocode_like_unverified,destination_fallback_global,247241800,DEFER_LOW_CONFIDENCE,48.5931944444,-17.3619444444,-17.3619444444,38.1419249332
b72b551d97e586faac2d724d9bb16f31dcf26c2d34f75c7d9983c241daac4b7c,352001815,2023-08-21T05:46:03Z,48.5931944444,61.1337397655,-59.4307885561,156.617177445,UNSEEN,LOW,INELIGIBLE,UNRESOLVED,prior,TEXT:FLUSHING,unresolved_text,destination_fallback_global,247241800,DEFER_LOW_CONFIDENCE,48.5931944444,-17.3619444444,-17.3619444444,35.5929425026
bf625443b07e8c3fac407c0ca98dd9aa84f27dc966f6e8d18c612c41816a30bd,277339000,2023-08-22T04:45:34Z,48.5931944444,63.1266637636,-61.959557863,159.145946752,UNSEEN,LOW,INELIGIBLE,UNRESOLVED,prior,TEXT:ROSSLARE,unresolved_text,destination_fallback_global,247241800,DEFER_LOW_CONFIDENCE,48.5931944444,-17.3619444444,-17.3619444444,44.3561111128
92d7e989b320d380f9ad731b3b58bab574c56076b592bc2876dbcc59f4b6da94,373543000,2023-08-13T16:46:18Z,48.5931944444,62.2097049792,-60.796052766,157.982441655,UNSEEN,LOW,INELIGIBLE,UNRESOLVED,prior,TEXT:SAINT PETERSBURG,unresolved_text,destination_fallback_global,247241800,DEFER_LOW_CONFIDENCE,48.5931944444,-17.3619444444,-17.3619444444,34.0601259211
230c701cf7dbbe15ab6d3b5ca5a4e29a77b4ca610a3c0f7aad2bdad9ee83487b,227364620,2023-07-03T19:47:36Z,48.5931944444,84.4849706619,-89.0605566873,186.246945576,UNSEEN,LOW,INELIGIBLE,UNRESOLVED,prior,TEXT:DIEPPE,unresolved_text,destination_fallback_global,247241800,DEFER_LOW_CONFIDENCE,48.5931944444,-17.3619444444,-17.3619444444,47.2453824384
31c1761680d67efe3af8ff83f885da4c3058064cb648a24424265f2f73d2a5e2,246015000,2023-07-22T07:01:51Z,48.5931944444,84.4849706619,-89.0605566873,186.246945576,UNSEEN,LOW,INELIGIBLE,UNRESOLVED,prior,TEXT:FISHING GROUNDS,unresolved_text,destination_fallback_global,247241800,DEFER_LOW_CONFIDENCE,48.5931944444,-17.3619444444,-17.3619444444,46.2839884986
bc4294dd3cd7570134c78086835a31ffc4b3dbcdbe8be19dee1543a1e7c601fd,374645000,2023-08-04T19:35:53Z,48.5931944444,62.2097049792,-60.796052766,157.982441655,UNSEEN,LOW,INELIGIBLE,UNRESOLVED,prior,TEXT:FELIXSTOWE,unresolved_text,destination_fallback_global,247241800,DEFER_LOW_CONFIDENCE,48.5931944444,-17.3619444444,-17.3619444444,31.2720383656
dce1f0374d823b115de3b3dd774aba5ce56660821b8935b49e345ee978cd35da,235087406,2023-08-08T02:20:28Z,48.5931944444,84.9878149005,-89.6986026328,186.884991522,UNSEEN,LOW,INELIGIBLE,UNRESOLVED,prior,TEXT:HOME TMRW 2C M D,unresolved_text,destination_fallback_global,247241800,DEFER_LOW_CONFIDENCE,48.5931944444,-17.3619444444,-17.3619444444,23.0934907292
e42ffdd27adbd3bf0bc4de247a441cb3ac50ffb6cff94c297966430c808dd4c5,235004829,2023-09-26T17:34:09Z,48.5931944444,85.1428981605,-89.8953837385,187.081772627,UNSEEN,LOW,INELIGIBLE,UNRESOLVED,prior,TEXT:SOUTHAMPTON,unresolved_text,destination_fallback_global,247241800,DEFER_LOW_CONFIDENCE,48.5931944444,-17.3619444444,-17.3619444444,17.3464620685
ff6f0f8a02c5773a1e5718bbf157bdd182bc9584abe0603302f1d2f0b349b489,563478000,2023-09-01T15:24:35Z,48.5931944444,55.8707867229,-52.7527646426,149.939153531,UNSEEN,LOW,INELIGIBLE,UNRESOLVED,prior,NLFLS,unlocode_like_unverified,destination_fallback_global,247241800,AUTO_ETA_WITH_UNCERTAINTY,48.5931944444,-17.3619444444,-17.3619444444,35.862909187
a119d7776e9a18ca3ba4397d5a625f39c5f2da38a8860447ed0dbb5eb29b0c7c,235007570,2023-09-28T00:27:24Z,48.5931944444,86.5671550086,-91.7025861235,188.888975012,UNSEEN,LOW,INELIGIBLE,UNRESOLVED,prior,TEXT:FISHING GROUND,unresolved_text,destination_fallback_global,247241800,DEFER_LOW_CONFIDENCE,48.5931944444,-17.3619444444,-17.3619444444,35.8015023544
41439e7c1cd21dbdd9eb7b28dcc140bf81f5625fd4fe91080c4748dd64772c6f,235086068,2023-07-17T04:34:06Z,48.5931944444,86.5671550086,-91.7025861235,188.888975012,UNSEEN,LOW,INELIGIBLE,UNRESOLVED,prior,TEXT:RAMSGATE,unresolved_text,destination_fallback_global,247241800,DEFER_LOW_CONFIDENCE,48.5931944444,-17.3619444444,-17.3619444444,37.8614803668
1df85596821b77a980140802531c5ef576a79aaba6e1e4a663a5b27020824447,305246000,2023-07-22T13:33:45Z,35.6615900386,4.66800707974,-0.714496786327,72.0376768635,UNSEEN,HIGH,ELIGIBLE,RESOLVED,physics_gate,NLRTM,exact_unlocode,destination,352003495,AUTO_ETA_WITH_UNCERTAINTY,81.3198290598,190.408611111,35.6615900386,2.49366359175
a7621dbc5c95b6c15ee3c71b8c94976357019d926954b7d7ad05d8d47fd401da,255801540,2023-09-13T16:36:58Z,48.5931944444,88.4839053985,-94.1347007247,191.321089614,UNSEEN,LOW,INELIGIBLE,UNRESOLVED,prior,TEXT:GBSOU TO DEBRV,unresolved_text,destination_fallback_global,247241800,DEFER_LOW_CONFIDENCE,48.5931944444,-17.3619444444,-17.3619444444,43.3235037199
a2403d48cd6c91f3fe6022c262ac119ef6488cac3cfd37b4619209b6a7cd4b20,431921000,2023-08-23T08:48:11Z,48.5931944444,76.9796949293,-79.5373079684,176.723696857,UNSEEN,LOW,INELIGIBLE,UNRESOLVED,prior,ESBCN,unlocode_like_unverified,destination_fallback_global,247241800,DEFER_LOW_CONFIDENCE,48.5931944444,-17.3619444444,-17.3619444444,52.5503397786
3822aec040d226eab05d3a3216989fdefed7f3c5898df952d72da42f63ad52d4,226291000,2023-08-28T04:13:12Z,48.5931944444,84.3751204228,-88.9211705827,186.107559472,UNSEEN,LOW,INELIGIBLE,UNRESOLVED,prior,BREST,unlocode_like_unverified,destination_fallback_global,247241800,DEFER_LOW_CONFIDENCE,48.5931944444,-17.3619444444,-17.3619444444,-5.64937192245
52de149437386251bffa12ac5ae5cbb33bcf8686bc273124baf69ff0f727862c,219021000,2023-08-31T11:37:01Z,48.5931944444,78.8258887593,-81.8798951901,179.066284079,UNSEEN,LOW,INELIGIBLE,UNRESOLVED,prior,EGSUC,unlocode_like_unverified,destination_fallback_global,247241800,DEFER_LOW_CONFIDENCE,48.5931944444,-17.3619444444,-17.3619444444,56.0876818748
dca61bdd977d092ae3d3221982f2eff3930f5d5620bcf29a6b292d8705737e63,246259000,2023-07-11T18:00:45Z,48.5931944444,84.3751204228,-88.9211705827,186.107559472,UNSEEN,LOW,INELIGIBLE,UNRESOLVED,prior,TEXT:FOWEY UK,unresolved_text,destination_fallback_global,247241800,DEFER_LOW_CONFIDENCE,48.5931944444,-17.3619444444,-17.3619444444,-1.38544878257
ce2783aeff30be947b2e45220895e45d179cc2286759a626e6dc80907177a728,228429700,2023-08-04T05:49:26Z,48.5931944444,88.0835487265,-93.6266985806,190.813087469,UNSEEN,LOW,INELIGIBLE,UNRESOLVED,prior,BREST,unlocode_like_unverified,destination_fallback_global,247241800,DEFER_LOW_CONFIDENCE,48.5931944444,-17.3619444444,-17.3619444444,34.2408369814
58c9c34d34520de640933b2acc61b1107b30acf7900bc0171d80695e09c73cb0,233322000,2023-07-05T22:19:21Z,48.5931944444,62.2097049792,-60.796052766,157.982441655,UNSEEN,LOW,INELIGIBLE,UNRESOLVED,prior,TEXT:BASSURELLE 458,unresolved_text,destination_fallback_global,247241800,DEFER_LOW_CONFIDENCE,48.5931944444,-17.3619444444,-17.3619444444,31.7956659345
243436b30f83fe3c041649653cbef02517b6021e34f371fa5fe0794f1ce742c4,305301000,2023-09-18T23:47:31Z,48.5931944444,176.432708541,-205.730644257,302.917033146,UNSEEN,LOW,INELIGIBLE,UNRESOLVED,prior,FRDPE,unlocode_like_unverified,destination_fallback_global,247241800,DEFER_LOW_CONFIDENCE,48.5931944444,-100.135833333,-100.135833333,61.6394684825
d7227fe222454d4a0a3ba1ed0df7c13e1f995a1614ca8e4d0a2e5006c109dd76,538008652,2023-07-21T06:55:23Z,36.7399736725,23.6728506905,-23.7508637648,97.2308111098,UNSEEN,MEDIUM,INELIGIBLE,UNRESOLVED,tabular,FOR_ORDERS,for_orders,destination,538012456,AUTO_ETA_WITH_UNCERTAINTY,87.2474036281,78.9519444444,78.9519444444,36.7399736725
163e7922be8402306b033947fb1cfba9edddc3da4eeaa713dd701d300808bf65,255806442,2023-08-26T16:49:19Z,49.9801702406,6.94364376245,10.7165873535,89.2437531277,UNSEEN,HIGH,ELIGIBLE,RESOLVED,physics_gate,NLRTM,exact_unlocode,destination,352003495,AUTO_ETA_WITH_UNCERTAINTY,81.3198290598,190.408611111,49.9801702406,49.7369287659
9d684b16801fcc8e322b1444206fdd54cc033fa9ac6dd1d988585484ddba3f30,266433000,2023-07-15T10:00:51Z,48.5931944444,55.8707867229,-52.7527646426,149.939153531,UNSEEN,LOW,INELIGIBLE,UNRESOLVED,prior,GBIOG,unlocode_like_unverified,destination_fallback_global,247241800,AUTO_ETA_WITH_UNCERTAINTY,48.5931944444,-17.3619444444,-17.3619444444,36.3064493838
97f5bab6db173664e4bd45fe8079a1f56f5a7565bc47e3de18f0b9025bbe412a,235007413,2023-08-06T19:32:59Z,48.5931944444,84.3751204228,-88.9211705827,186.107559472,UNSEEN,LOW,INELIGIBLE,UNRESOLVED,prior,GBSOU,unlocode_like_unverified,destination_fallback_global,247241800,DEFER_LOW_CONFIDENCE,48.5931944444,-17.3619444444,-17.3619444444,5.05756801195
da4e0fea43f88a3e49b9fc928c814136c04dda713f0bfb218eaf5476e34db9dd,314531000,2023-08-10T23:40:42Z,48.5931944444,57.1326285161,-54.3538827984,151.540271687,UNSEEN,LOW,INELIGIBLE,UNRESOLVED,prior,TEXT:KIEL CANAL,unresolved_text,destination_fallback_global,247241800,AUTO_ETA_WITH_UNCERTAINTY,48.5931944444,-17.3619444444,-17.3619444444,33.8365329516
a3d5d1559c7bdaf2ff12a4c58945fe116dd299ba027819c2f3fa5e72d8915ace,235005150,2023-07-29T01:55:56Z,48.5931944444,84.4849706619,-89.0605566873,186.246945576,UNSEEN,LOW,INELIGIBLE,UNRESOLVED,prior,TEXT:NEWLYN,unresolved_text,destination_fallback_global,247241800,DEFER_LOW_CONFIDENCE,48.5931944444,-17.3619444444,-17.3619444444,45.7368123258
8e30feb83114404f6aaa4d74a67cec243b2c462643f62110e819355ab96e0443,636012589,2023-08-13T02:20:22Z,48.5931944444,61.9570485747,-60.4754636409,157.66185253,UNSEEN,LOW,INELIGIBLE,UNRESOLVED,prior,FRDKK,unlocode_like_unverified,destination_fallback_global,247241800,DEFER_LOW_CONFIDENCE,48.5931944444,-17.3619444444,-17.3619444444,16.0114789222
6e07d19ff1d3992dbf25d132363a47187e288210440ba6bb146477569cf2c84b,226002790,2023-09-08T23:29:53Z,48.5931944444,84.3751204228,-88.9211705827,186.107559472,UNSEEN,LOW,INELIGIBLE,UNRESOLVED,prior,TEXT:LE HAVRE,unresolved_text,destination_fallback_global,247241800,DEFER_LOW_CONFIDENCE,48.5931944444,-17.3619444444,-17.3619444444,-4.90612851836
122b7ae6bc303d0274e7e34f80843e6f2acb4fa23d74d7b7a94eba160ebafff2,235068802,2023-08-22T08:08:53Z,48.5931944444,88.0835487265,-93.6266985806,190.813087469,UNSEEN,LOW,INELIGIBLE,UNRESOLVED,prior,TEXT:SAINT HELENS ANCHOR,unresolved_text,destination_fallback_global,247241800,DEFER_LOW_CONFIDENCE,48.5931944444,-17.3619444444,-17.3619444444,29.0357185477
638b9e1def0b58b62e3fc190e86c941c3875abdca2f42915070d93117f85a028,232002648,2023-08-17T21:48:53Z,48.5931944444,85.1428981605,-89.8953837385,187.081772627,UNSEEN,LOW,INELIGIBLE,UNRESOLVED,prior,TEXT:WORKING IN PLY PORT,unresolved_text,destination_fallback_global,247241800,DEFER_LOW_CONFIDENCE,48.5931944444,-17.3619444444,-17.3619444444,8.78550813124
5e44abe37ef9017963186524867c7e45f7ac91f5ec68f38fd9b1ceb11414d887,209836000,2023-08-03T09:22:24Z,48.5931944444,61.4387982664,-59.8178693353,157.004258224,UNSEEN,LOW,INELIGIBLE,UNRESOLVED,prior,IEDUB,unlocode_like_unverified,destination_fallback_global,247241800,DEFER_LOW_CONFIDENCE,48.5931944444,-17.3619444444,-17.3619444444,46.5814990299
339952dca55816632f1efd00c51956704cd7459798e81caca6788ec06f057ed2,235112065,2023-09-14T21:32:16Z,48.5931944444,60.0131106065,-58.0088514304,155.195240319,UNSEEN,LOW,INELIGIBLE,UNRESOLVED,prior,TEXT:STANLOW,unresolved_text,destination_fallback_global,247241800,AUTO_ETA_WITH_UNCERTAINTY,48.5931944444,-17.3619444444,-17.3619444444,24.3991799117
f71f4951d0ce273bcfda5426106fba11c40a096542cb7743a90c10546c81d705,205222790,2023-09-29T03:31:38Z,48.5931944444,88.0835487265,-93.6266985806,190.813087469,UNSEEN,LOW,INELIGIBLE,UNRESOLVED,prior,TEXT:LE HAVRE BUNKERING,unresolved_text,destination_fallback_global,247241800,DEFER_LOW_CONFIDENCE,48.5931944444,-17.3619444444,-17.3619444444,26.9545420612
aabb9d71ff7177a56fc0b8752e5b49e6996f9364e00404af7cc94beb77a31db9,311104000,2023-08-22T09:38:35Z,48.5931944444,61.753066945,-60.2166366687,157.403025558,UNSEEN,LOW,INELIGIBLE,UNRESOLVED,prior,CASEI,unlocode_like_unverified,destination_fallback_global,247241800,DEFER_LOW_CONFIDENCE,48.5931944444,-17.3619444444,-17.3619444444,38.1534896666
4effa80c2cb3633747a65b49aa8b249fd146dcbb463792f9009238aac08a3fa8,228430600,2023-07-26T22:10:45Z,48.5931944444,85.1428981605,-89.8953837385,187.081772627,UNSEEN,LOW,INELIGIBLE,UNRESOLVED,prior,TEXT:OWF,unresolved_text,destination_fallback_global,247241800,DEFER_LOW_CONFIDENCE,48.5931944444,-17.3619444444,-17.3619444444,11.2450794031
a1f0ce53e19de71b024844afeadb70088ea2d05e5ac87abc5b10a485c74f3af1,219027988,2023-09-06T07:10:50Z,48.5931944444,88.4839053985,-94.1347007247,191.321089614,UNSEEN,LOW,INELIGIBLE,UNRESOLVED,prior,TEXT:SAINT MALO FR,unresolved_text,destination_fallback_global,247241800,DEFER_LOW_CONFIDENCE,48.5931944444,-17.3619444444,-17.3619444444,45.0219178202
54b895ad3b96631d803436fb99ad482458fee52e8718436aeefd7274888b4769,232013701,2023-07-26T15:35:06Z,48.5931944444,81.2624547558,-84.9715902632,182.157979152,UNSEEN,LOW,INELIGIBLE,UNRESOLVED,prior,TEXT:FISHING GROUNDS,unresolved_text,destination_fallback_global,247241800,DEFER_LOW_CONFIDENCE,48.5931944444,-17.3619444444,-17.3619444444,41.5378310547
1af494c814bf8d8ab1a78d06f3fd668c29ac3a4c34326011bc7d770f1270043c,212109000,2023-08-13T21:16:38Z,48.5931944444,84.3751204228,-88.9211705827,186.107559472,UNSEEN,LOW,INELIGIBLE,UNRESOLVED,prior,FRDKK,unlocode_like_unverified,destination_fallback_global,247241800,DEFER_LOW_CONFIDENCE,48.5931944444,-17.3619444444,-17.3619444444,5.52699905708
e0a3f3f9aa95b7f07d4d5070e626c06c3495379d44eaf0e86c7394fbe186df44,636022812,2023-07-10T08:26:05Z,48.5931944444,86.5671550086,-91.7025861235,188.888975012,UNSEEN,LOW,INELIGIBLE,UNRESOLVED,prior,BEANR,unlocode_like_unverified,destination_fallback_global,247241800,DEFER_LOW_CONFIDENCE,48.5931944444,-17.3619444444,-17.3619444444,34.5000140555
e8f41dae7e4f6bf841abb443a9b11796b822dc9fe44d0c5e84e866790202b176,230649000,2023-08-23T10:51:14Z,48.5931944444,88.4839053985,-94.1347007247,191.321089614,UNSEEN,LOW,INELIGIBLE,UNRESOLVED,prior,GBPTL,unlocode_like_unverified,destination_fallback_global,247241800,DEFER_LOW_CONFIDENCE,48.5931944444,-17.3619444444,-17.3619444444,44.3753292457
fd07e734366a0b9a9c6974656cfaea23a8a624150da83390ad43057c4184869e,376205000,2023-08-19T06:40:55Z,48.5931944444,62.0740762446,-60.6239570004,157.810345889,UNSEEN,LOW,INELIGIBLE,UNRESOLVED,prior,GGSTS,unlocode_like_unverified,destination_fallback_global,247241800,DEFER_LOW_CONFIDENCE,48.5931944444,-17.3619444444,-17.3619444444,25.6932770227
da16c74a83f1756ea5abbf08b9a108d114403c65c8d49c7db2f2d14076419016,227891480,2023-09-17T12:12:39Z,48.5931944444,137.488582335,-156.315457766,253.501846655,UNSEEN,LOW,INELIGIBLE,UNRESOLVED,prior,BREST,unlocode_like_unverified,destination_fallback_global,247241800,DEFER_LOW_CONFIDENCE,48.5931944444,-17.3619444444,-17.3619444444,60.9606996485
9f4a9250a3b6ec69cd5af54009e54dee008da2925a02617d39e2e65ae4622d96,236745000,2023-07-12T21:37:46Z,48.5931944444,88.4839053985,-94.1347007247,191.321089614,UNSEEN,LOW,INELIGIBLE,UNRESOLVED,prior,TEXT:ST HELIER,unresolved_text,destination_fallback_global,247241800,DEFER_LOW_CONFIDENCE,48.5931944444,-17.3619444444,-17.3619444444,39.4846946491
3aaf56b474598239e9824a23066039a4fcc4768927785639e8020b97b5be6778,355137000,2023-09-17T15:28:59Z,48.5931944444,108.922733138,-120.068996415,217.255385304,UNSEEN,LOW,INELIGIBLE,UNRESOLVED,prior,GBSOU,unlocode_like_unverified,destination_fallback_global,247241800,DEFER_LOW_CONFIDENCE,48.5931944444,-17.3619444444,-17.3619444444,59.3165948751
1777ffc7d0e5bf9c009964cd506ac64da0eadc7dac4c3ade8da3a9abdb9c4dfd,212267000,2023-09-10T19:52:59Z,48.5931944444,63.1266637636,-61.959557863,159.145946752,UNSEEN,LOW,INELIGIBLE,UNRESOLVED,prior,BEZEE,unlocode_like_unverified,destination_fallback_global,247241800,DEFER_LOW_CONFIDENCE,48.5931944444,-17.3619444444,-17.3619444444,43.8188615662
a2136834c94e76d533145786a56177753f3ab75355b2131c967eb35b018149c1,538008083,2023-07-29T13:00:51Z,-100.135833333,142.641210087,-311.582520572,111.310853905,UNSEEN,LOW,INELIGIBLE,UNRESOLVED,route,TEXT:AARUS DENMARK,unresolved_text,destination_fallback_global,247241800,DEFER_LOW_CONFIDENCE,48.5931944444,-100.135833333,-100.135833333,58.7448061356
f097ce46f8ce1b44a752c8370bb364108d9d989b58cf92be5b1d0246cb9581d5,228381900,2023-08-27T14:37:31Z,48.5931944444,86.5671550086,-91.7025861235,188.888975012,UNSEEN,LOW,INELIGIBLE,UNRESOLVED,prior,TEXT:FRENCH STATE ORDER,unresolved_text,destination_fallback_global,247241800,DEFER_LOW_CONFIDENCE,48.5931944444,-17.3619444444,-17.3619444444,36.9749667832
e6ae67bc85a02a389845119836b8a4be464a71fd617d6e696691f8d841779728,228401800,2023-09-03T18:45:55Z,48.5931944444,88.0835487265,-93.6266985806,190.813087469,UNSEEN,LOW,INELIGIBLE,UNRESOLVED,prior,FRLEH,unlocode_like_unverified,destination_fallback_global,247241800,DEFER_LOW_CONFIDENCE,48.5931944444,-17.3619444444,-17.3619444444,28.930163104
921857b74e57425840744c98e35e9b4490112147471d775459ccca756f2d29db,235006680,2023-08-17T19:56:46Z,48.5931944444,57.3938864702,-54.6853862056,151.871775094,UNSEEN,LOW,INELIGIBLE,UNRESOLVED,prior,COWES,unlocode_like_unverified,destination_fallback_global,247241800,AUTO_ETA_WITH_UNCERTAINTY,48.5931944444,-17.3619444444,-17.3619444444,41.7218276433
0e147ee76788d6cf5f6ad0418d2375ed8c323b93ba8244b66498854d80421b4d,210308000,2023-08-12T11:59:28Z,48.5931944444,81.2624547558,-84.9715902632,182.157979152,UNSEEN,LOW,INELIGIBLE,UNRESOLVED,prior,BEANR,unlocode_like_unverified,destination_fallback_global,247241800,DEFER_LOW_CONFIDENCE,48.5931944444,-17.3619444444,-17.3619444444,41.6119681572
5b5d93c080d68208b11e7cbd10647d91d3e820911161e0e8de1cada50a0da03d,353033000,2023-09-01T06:48:31Z,48.5931944444,61.753066945,-60.2166366687,157.403025558,UNSEEN,LOW,INELIGIBLE,UNRESOLVED,prior,DEBRV,unlocode_like_unverified,destination_fallback_global,247241800,DEFER_LOW_CONFIDENCE,48.5931944444,-17.3619444444,-17.3619444444,34.4453009553
724e383cdef185acdca755a9b85ad7412aa1ee2f7b10e62bd86d02eb16b522bd,477655200,2023-07-22T05:41:23Z,77.3025215685,4.1014877146,41.6452763971,112.95976674,UNSEEN,HIGH,ELIGIBLE,RESOLVED,physics_gate,GRPIR,exact_unlocode,destination,240788000,AUTO_ETA_WITH_UNCERTAINTY,44.4989957265,30.8516666667,77.3025215685,40.0024788056
58c68348bab3fda4f7b51a1ffb50ef36e75d8c45d3b742a326597004d413ee42,257857000,2023-07-28T05:37:26Z,48.5931944444,77.733848273,-80.494233486,177.680622375,UNSEEN,LOW,INELIGIBLE,UNRESOLVED,prior,GBNHO,unlocode_like_unverified,destination_fallback_global,247241800,DEFER_LOW_CONFIDENCE,48.5931944444,-17.3619444444,-17.3619444444,51.2344749257
ca151e84eb21fccb72d60b642b5e8eabb8d66c7fef713f1f1a84b9904706c46e,538006370,2023-09-17T14:46:55Z,48.5931944444,88.4839053985,-94.1347007247,191.321089614,UNSEEN,LOW,INELIGIBLE,UNRESOLVED,prior,FRPJE,unlocode_like_unverified,destination_fallback_global,247241800,DEFER_LOW_CONFIDENCE,48.5931944444,-17.3619444444,-17.3619444444,43.6224831678
ea0b8a3cb8e8b6173a09962ea62e8acc652e6dadf16f6a828b2a48b0087d27f7,563090100,2023-09-24T11:45:19Z,48.5931944444,84.3751204228,-88.9211705827,186.107559472,UNSEEN,LOW,INELIGIBLE,UNRESOLVED,prior,FRPJE,unlocode_like_unverified,destination_fallback_global,247241800,DEFER_LOW_CONFIDENCE,48.5931944444,-17.3619444444,-17.3619444444,-5.95474869843
b95d57d71f81b6707edcd6ab10cb2a830503783285a8ec5515e41856888ecd86,228383700,2023-09-07T22:14:35Z,48.5931944444,86.5671550086,-91.7025861235,188.888975012,UNSEEN,LOW,INELIGIBLE,UNRESOLVED,prior,TEXT:FISHING,unresolved_text,destination_fallback_global,247241800,DEFER_LOW_CONFIDENCE,48.5931944444,-17.3619444444,-17.3619444444,37.2163891637
f0a1cd45e5402c7a961d7a72fa2b6832713f06388b1ea99be81ae1c656cfc132,319200700,2023-08-06T07:30:03Z,48.5931944444,60.0131106065,-58.0088514304,155.195240319,UNSEEN,LOW,INELIGIBLE,UNRESOLVED,prior,FRLEH,unlocode_like_unverified,destination_fallback_global,247241800,AUTO_ETA_WITH_UNCERTAINTY,48.5931944444,-17.3619444444,-17.3619444444,25.3702911313
6aba49b046adec6693256bd3ac31648bf1a510ff2bf8b4355c790915692e0f3a,250004612,2023-07-15T20:20:23Z,48.5931944444,63.2325592054,-62.0939258283,159.280314717,UNSEEN,LOW,INELIGIBLE,UNRESOLVED,prior,TEXT:IPSWICH,unresolved_text,destination_fallback_global,247241800,DEFER_LOW_CONFIDENCE,48.5931944444,-17.3619444444,-17.3619444444,34.6696243082
248b695ad6c4cfa65726fb39755dbc70c55eb435f8b247f308b26245e9641a8c,636015390,2023-09-12T18:09:23Z,48.5931944444,77.7209128624,-80.4778200807,177.66420897,UNSEEN,LOW,INELIGIBLE,UNRESOLVED,prior,TEXT:C0PBO,unresolved_text,destination_fallback_global,247241800,DEFER_LOW_CONFIDENCE,48.5931944444,-17.3619444444,-17.3619444444,50.5667531954
1fd962e70988ac4a82e329acd57846e7844e70a95a35c78494386bdeb882f8d0,232003964,2023-09-11T03:17:50Z,48.5931944444,85.1428981605,-89.8953837385,187.081772627,UNSEEN,LOW,INELIGIBLE,UNRESOLVED,prior,GBSOU,unlocode_like_unverified,destination_fallback_global,247241800,DEFER_LOW_CONFIDENCE,48.5931944444,-17.3619444444,-17.3619444444,6.39316583833
f4fc8fd9ab656c35d55d45fcb3015269c1135999378c165f8a47139d82fb0d0c,228415800,2023-08-20T12:20:27Z,48.5931944444,88.0835487265,-93.6266985806,190.813087469,UNSEEN,LOW,INELIGIBLE,UNRESOLVED,prior,TEXT:NAVY ORDERS,unresolved_text,destination_fallback_global,247241800,DEFER_LOW_CONFIDENCE,48.5931944444,-17.3619444444,-17.3619444444,33.0855964527
aece585cd51c8605c9221183be8c5f27d96067039260096152d103ff72e3377d,249923000,2023-08-17T08:31:27Z,48.5931944444,85.1428981605,-89.8953837385,187.081772627,UNSEEN,LOW,INELIGIBLE,UNRESOLVED,prior,FRLEH,unlocode_like_unverified,destination_fallback_global,247241800,DEFER_LOW_CONFIDENCE,48.5931944444,-17.3619444444,-17.3619444444,11.149082234
03e4841e11c92b9d7ef5dfb00c59e9f36aa8bd85fd3b422533db289c8868848a,232042695,2023-08-08T18:58:31Z,48.5931944444,85.1428981605,-89.8953837385,187.081772627,UNSEEN,LOW,INELIGIBLE,UNRESOLVED,prior,TEXT:PLYMOUTH,unresolved_text,destination_fallback_global,247241800,DEFER_LOW_CONFIDENCE,48.5931944444,-17.3619444444,-17.3619444444,8.58246764208
2a241a11befd7a37b4a26fa7a3412ebda4c8440426d818488ac30da8152ec84b,255805582,2023-09-05T13:15:03Z,48.5931944444,56.8556137818,-54.0023860237,151.188774913,UNSEEN,LOW,INELIGIBLE,UNRESOLVED,prior,TRNEM,unlocode_like_unverified,destination_fallback_global,247241800,AUTO_ETA_WITH_UNCERTAINTY,48.5931944444,-17.3619444444,-17.3619444444,33.8704522369
58f683dab9fe7be2fef2649c5cf4e1171058c52117695c48da8b52a9c13929c4,244850075,2023-08-02T09:22:00Z,52.6567235457,37.3817801054,-25.2290170421,130.542464133,UNSEEN,LOW,INELIGIBLE,UNRESOLVED,tabular,FOR_ORDERS,for_orders,destination,538012456,AUTO_ETA_WITH_UNCERTAINTY,87.2474036281,78.9519444444,78.9519444444,52.6567235457
4af0b0195263ecce15386e6bfe2dc9c389cd48a048cd194887e2a6e042a3a949,256831000,2023-08-10T05:49:39Z,48.5931944444,88.4839053985,-94.1347007247,191.321089614,UNSEEN,LOW,INELIGIBLE,UNRESOLVED,prior,FRLEH,unlocode_like_unverified,destination_fallback_global,247241800,DEFER_LOW_CONFIDENCE,48.5931944444,-17.3619444444,-17.3619444444,44.34193658
7e35a4d86600dfc78b8664b59aad32be646869c6a74a13367ed9bf9165bf9b58,244855000,2023-07-31T19:44:33Z,48.5931944444,64.1062063634,-63.2024739317,160.388862821,UNSEEN,LOW,INELIGIBLE,UNRESOLVED,prior,TEXT:DILISKELESI,unresolved_text,destination_fallback_global,247241800,DEFER_LOW_CONFIDENCE,48.5931944444,-17.3619444444,-17.3619444444,31.8066109401
a45bcbe1fdb76649da5f8091713b1867fcc2aa2832cfafa7425643db32c43afd,305269000,2023-09-06T23:48:28Z,48.5931944444,55.5859766274,-52.3913765372,149.577765426,UNSEEN,LOW,INELIGIBLE,UNRESOLVED,prior,FRSML,unlocode_like_unverified,destination_fallback_global,247241800,AUTO_ETA_WITH_UNCERTAINTY,48.5931944444,-17.3619444444,-17.3619444444,46.0323168304
c9f63d8b72575d56365619dafbd93d325fcc396208707a38c25f4e7c2fb8712c,226936000,2023-07-13T22:17:49Z,48.5931944444,84.4849706619,-89.0605566873,186.246945576,UNSEEN,LOW,INELIGIBLE,UNRESOLVED,prior,TEXT:CHERBOURG,unresolved_text,destination_fallback_global,247241800,DEFER_LOW_CONFIDENCE,48.5931944444,-17.3619444444,-17.3619444444,46.9513024837
5c410281aca05a19463869c176f709085a26c9604b570feb39d846ac0e5e85b0,227022800,2023-07-11T00:30:57Z,48.5931944444,62.0740762446,-60.6239570004,157.810345889,UNSEEN,LOW,INELIGIBLE,UNRESOLVED,prior,TEXT:CALAIS DOVER CALAIS,unresolved_text,destination_fallback_global,247241800,DEFER_LOW_CONFIDENCE,48.5931944444,-17.3619444444,-17.3619444444,23.8666203052
dc50c95742a29cb4488624d7c52e21bd78aab20cf8da0a7e68d54a8edaaf6ce1,227144900,2023-09-13T19:43:16Z,48.5931944444,88.0835487265,-93.6266985806,190.813087469,UNSEEN,LOW,INELIGIBLE,UNRESOLVED,prior,TEXT:ROSCOFF BLOSCON,unresolved_text,destination_fallback_global,247241800,DEFER_LOW_CONFIDENCE,48.5931944444,-17.3619444444,-17.3619444444,28.4880628519
b7a2617b84716db507a9bb12dc103bd8b46316b3d6c2258392fcb2fadbe0e897,548901000,2023-07-31T08:01:14Z,48.5931944444,60.8225726905,-59.0359567666,156.222345655,UNSEEN,LOW,INELIGIBLE,UNRESOLVED,prior,FRFOS,unlocode_like_unverified,destination_fallback_global,247241800,AUTO_ETA_WITH_UNCERTAINTY,48.5931944444,-17.3619444444,-17.3619444444,47.9665465512
f2dba6cdd399ed4a983d885d62ae350ea86ce658200e4d89923c1d29769fc478,228263700,2023-07-05T23:34:40Z,48.5931944444,61.753066945,-60.2166366687,157.403025558,UNSEEN,LOW,INELIGIBLE,UNRESOLVED,prior,FRROS,unlocode_like_unverified,destination_fallback_global,247241800,DEFER_LOW_CONFIDENCE,48.5931944444,-17.3619444444,-17.3619444444,37.7778807297
6093fad40599a7a2588331b2b65af475813fed2f6d346ee4e43f6510ad1f50b6,305980000,2023-07-22T12:53:59Z,49.9585576008,37.7929178317,-28.4488649298,128.365980131,UNSEEN,LOW,INELIGIBLE,UNRESOLVED,tabular,FOR_ORDERS,for_orders,destination,538012456,AUTO_ETA_WITH_UNCERTAINTY,87.2474036281,78.9519444444,78.9519444444,49.9585576008
aca05ae51bc5b28abade16bcb1cd54d395c258c66e4f48e4d5003fec6a9c14b8,211599670,2023-09-06T23:58:32Z,48.5931944444,84.3751204228,-88.9211705827,186.107559472,UNSEEN,LOW,INELIGIBLE,UNRESOLVED,prior,TEXT:TANCARVILLE,unresolved_text,destination_fallback_global,247241800,DEFER_LOW_CONFIDENCE,48.5931944444,-17.3619444444,-17.3619444444,-6.32575642831
981a1cfa42c318f20b45cfd1ac7352417a67f9359d5967037301b119c99e8c56,305937000,2023-09-30T04:25:05Z,48.5931944444,61.8437068537,-60.3316472858,157.518036175,UNSEEN,LOW,INELIGIBLE,UNRESOLVED,prior,MAJFL,unlocode_like_unverified,destination_fallback_global,247241800,DEFER_LOW_CONFIDENCE,48.5931944444,-17.3619444444,-17.3619444444,24.8516646571
f72128d8d6d655ead9db4ee912430714e5a9d4d6c63a333d14f1777efbad1e57,235069206,2023-07-09T11:20:29Z,48.5931944444,85.1428981605,-89.8953837385,187.081772627,UNSEEN,LOW,INELIGIBLE,UNRESOLVED,prior,TEXT:CHANNEL SWIMMING,unresolved_text,destination_fallback_global,247241800,DEFER_LOW_CONFIDENCE,48.5931944444,-17.3619444444,-17.3619444444,10.8877916244
509dd9803ac63a28292fabb9ba5bc00947cf7b1a01dd374ed38542fb8bd96572,228027700,2023-09-01T23:54:05Z,48.5931944444,137.488582335,-156.315457766,253.501846655,UNSEEN,LOW,INELIGIBLE,UNRESOLVED,prior,TEXT:ST BRIEUC OWF,unresolved_text,destination_fallback_global,247241800,DEFER_LOW_CONFIDENCE,48.5931944444,-17.3619444444,-17.3619444444,58.9245999813
758057b0127c38c88cf4b655e68fbdb5b59bcc0e09280823ede309061ae3150a,636021434,2023-07-28T22:35:35Z,48.5931944444,62.4937801815,-61.1565083845,158.342897273,UNSEEN,LOW,INELIGIBLE,UNRESOLVED,prior,ESMOT,unlocode_like_unverified,destination_fallback_global,247241800,DEFER_LOW_CONFIDENCE,48.5931944444,-17.3619444444,-17.3619444444,41.8301498396
af5f9b936ffc436e5e80b6489cc3ab7a6a89013b61d4e2f5dd8a769ad6b89ebc,232003889,2023-07-29T07:55:48Z,48.5931944444,86.5671550086,-91.7025861235,188.888975012,UNSEEN,LOW,INELIGIBLE,UNRESOLVED,prior,TEXT:PENZANCE,unresolved_text,destination_fallback_global,247241800,DEFER_LOW_CONFIDENCE,48.5931944444,-17.3619444444,-17.3619444444,36.6671171599
1f0a7711fb24892aaef65368cb720e4f68df0bef1eeb57263d23ac0ff74663d1,232048783,2023-09-25T15:31:40Z,48.5931944444,105.702386951,-115.982783091,213.16917198,UNSEEN,LOW,INELIGIBLE,UNRESOLVED,prior,TEXT:FECAMP,unresolved_text,destination_fallback_global,247241800,DEFER_LOW_CONFIDENCE,48.5931944444,-17.3619444444,-17.3619444444,49.9229089181
004a268b605238a234fa3d8d7baa14ef194f216f557918ffff6e5115ecb1050e,314765000,2023-08-30T13:34:35Z,48.5931944444,88.4839053985,-94.1347007247,191.321089614,UNSEEN,LOW,INELIGIBLE,UNRESOLVED,prior,TEXT:PORTLAND,unresolved_text,destination_fallback_global,247241800,DEFER_LOW_CONFIDENCE,48.5931944444,-17.3619444444,-17.3619444444,39.7340988995
1993a225b8f0336cb149a80e42c7f38265bcf046ba046c701bdcbd735827d04a,212220000,2023-08-03T21:41:36Z,48.5931944444,64.3988047666,-63.5737444177,160.760133307,UNSEEN,LOW,INELIGIBLE,UNRESOLVED,prior,UKRUN,unlocode_like_unverified,destination_fallback_global,247241800,DEFER_LOW_CONFIDENCE,48.5931944444,-17.3619444444,-17.3619444444,40.9673971293
69078f21527e9b32912af928cda6efb58be49fde86eb8aa11e20cd3cb79fe03d,250005692,2023-09-02T19:32:19Z,48.5931944444,84.3751204228,-88.9211705827,186.107559472,UNSEEN,LOW,INELIGIBLE,UNRESOLVED,prior,FRDKK,unlocode_like_unverified,destination_fallback_global,247241800,DEFER_LOW_CONFIDENCE,48.5931944444,-17.3619444444,-17.3619444444,-0.00602268317552
27359deab8bf868428b13162785f67dacf1815559d9ad8d22c1d6dc092fb7669,235067061,2023-07-22T12:57:34Z,48.5931944444,84.3751204228,-88.9211705827,186.107559472,UNSEEN,LOW,INELIGIBLE,UNRESOLVED,prior,TEXT:JERSEY,unresolved_text,destination_fallback_global,247241800,DEFER_LOW_CONFIDENCE,48.5931944444,-17.3619444444,-17.3619444444,-3.4982854674
92c966c7d1e6bb21b3bdf057dda38fe0ba7a1a7380b1f551ac1b792ef6de7f8e,235075439,2023-09-03T01:17:27Z,48.5931944444,84.3751204228,-88.9211705827,186.107559472,UNSEEN,LOW,INELIGIBLE,UNRESOLVED,prior,TEXT:PORTLAND,unresolved_text,destination_fallback_global,247241800,DEFER_LOW_CONFIDENCE,48.5931944444,-17.3619444444,-17.3619444444,-3.90511438031
7d66cda36dd5d1ba70b3a8e83639a54fd57ed403043ec6147558b06719ae9550,235052734,2023-08-27T06:52:29Z,48.5931944444,84.4849706619,-89.0605566873,186.246945576,UNSEEN,LOW,INELIGIBLE,UNRESOLVED,prior,GBPLY,unlocode_like_unverified,destination_fallback_global,247241800,DEFER_LOW_CONFIDENCE,48.5931944444,-17.3619444444,-17.3619444444,45.8127179675
8ff44611ea647f8b25863d4693627f2ccc685a2c2edfe5f2b11f80f0f29721d7,235002514,2023-09-16T03:25:39Z,48.5931944444,88.0835487265,-93.6266985806,190.813087469,UNSEEN,LOW,INELIGIBLE,UNRESOLVED,prior,GBFBU,unlocode_like_unverified,destination_fallback_global,247241800,DEFER_LOW_CONFIDENCE,48.5931944444,-17.3619444444,-17.3619444444,31.7095118384
da15340a685cce495de31dbd2dad6f6332fce83af1dd3d8742c2a67966ae5190,259016000,2023-08-20T00:43:34Z,48.5931944444,84.3751204228,-88.9211705827,186.107559472,UNSEEN,LOW,INELIGIBLE,UNRESOLVED,prior,FRDKK,unlocode_like_unverified,destination_fallback_global,247241800,DEFER_LOW_CONFIDENCE,48.5931944444,-17.3619444444,-17.3619444444,1.98544455025
d266599ad507fe18d07b0b1f5a1eaa6fe90a9e967036bc5632143110aac62666,232007788,2023-07-30T17:20:14Z,48.5931944444,85.1428981605,-89.8953837385,187.081772627,UNSEEN,LOW,INELIGIBLE,UNRESOLVED,prior,NEWYN,unlocode_like_unverified,destination_fallback_global,247241800,DEFER_LOW_CONFIDENCE,48.5931944444,-17.3619444444,-17.3619444444,7.0932724327
b285151bcdc0529b77f2a56c1b265989fb4286db3ad8010da93824e8975819ef,247439900,2023-07-19T18:33:19Z,48.5931944444,88.4839053985,-94.1347007247,191.321089614,UNSEEN,LOW,INELIGIBLE,UNRESOLVED,prior,FRPJE,unlocode_like_unverified,destination_fallback_global,247241800,DEFER_LOW_CONFIDENCE,48.5931944444,-17.3619444444,-17.3619444444,43.4913411104
46743e71dea148e967c329e6d0b16835ed7a5233f140f1ee54787a38fa07fd0c,219297000,2023-07-18T23:47:32Z,48.5931944444,79.5003882531,-82.735750014,179.922138903,UNSEEN,LOW,INELIGIBLE,UNRESOLVED,prior,TEXT:SAFETY,unresolved_text,destination_fallback_global,247241800,DEFER_LOW_CONFIDENCE,48.5931944444,-17.3619444444,-17.3619444444,36.4712538541
af1961779ec18088d868494af9cf509f1efb79b455cf8c9f4d359ee4b3a8a39b,245250000,2023-09-01T01:10:29Z,48.5931944444,61.1337397655,-59.4307885561,156.617177445,UNSEEN,LOW,INELIGIBLE,UNRESOLVED,prior,TEXT:WANDELAAR ANCHORAGE,unresolved_text,destination_fallback_global,247241800,DEFER_LOW_CONFIDENCE,48.5931944444,-17.3619444444,-17.3619444444,36.9412483913
46d14cd7dea702906bc54475c94d026028eefd9071b91de68a72aada1fed7c88,538005955,2023-09-15T15:57:27Z,48.5931944444,62.4937801815,-61.1565083845,158.342897273,UNSEEN,LOW,INELIGIBLE,UNRESOLVED,prior,GBHPT,unlocode_like_unverified,destination_fallback_global,247241800,DEFER_LOW_CONFIDENCE,48.5931944444,-17.3619444444,-17.3619444444,38.5992222722
58dca0a2cb1815fa613ec1c272f84b1b1f7ad437fccc3a5e51c4b117dea0db9f,636016911,2023-09-30T02:45:26Z,48.5931944444,72.8232898937,-74.2633539739,171.449742863,UNSEEN,LOW,INELIGIBLE,UNRESOLVED,prior,DECUX,unlocode_like_unverified,destination_fallback_global,247241800,DEFER_LOW_CONFIDENCE,48.5931944444,-17.3619444444,-17.3619444444,51.3637067932
6ac2a266c16e0c8bca2833a7c330998a79951f77f97e33d62e66683b405eaa49,232044919,2023-09-07T09:11:11Z,48.5931944444,62.9979586147,-61.7962472547,158.982636144,UNSEEN,LOW,INELIGIBLE,UNRESOLVED,prior,FRCER,unlocode_like_unverified,destination_fallback_global,247241800,DEFER_LOW_CONFIDENCE,48.5931944444,-17.3619444444,-17.3619444444,35.1770819705
8059ff6b70e1bdf0ea56d2a9140cafd9e2a807a0ca51b30736478b36b765b43a,235088807,2023-08-10T08:16:35Z,48.5931944444,84.3751204228,-88.9211705827,186.107559472,UNSEEN,LOW,INELIGIBLE,UNRESOLVED,prior,TEXT:FISHING,unresolved_text,destination_fallback_global,247241800,DEFER_LOW_CONFIDENCE,48.5931944444,-17.3619444444,-17.3619444444,-4.63565060048
f968232bcb6082bf82a697ef5dfa8f0c81104c93f126aba672360289e77fe0b6,235107401,2023-08-04T08:46:19Z,48.5931944444,84.3751204228,-88.9211705827,186.107559472,UNSEEN,LOW,INELIGIBLE,UNRESOLVED,prior,TEXT:RAMSGATE,unresolved_text,destination_fallback_global,247241800,DEFER_LOW_CONFIDENCE,48.5931944444,-17.3619444444,-17.3619444444,1.7435504972
1761acb3809384de40a26d2d9dad34676b8abc50cff07975aea63b66e3f95e71,226015170,2023-08-29T15:09:32Z,48.5931944444,84.3751204228,-88.9211705827,186.107559472,UNSEEN,LOW,INELIGIBLE,UNRESOLVED,prior,TEXT:EEUWIGE RIJKDOM,unresolved_text,destination_fallback_global,247241800,DEFER_LOW_CONFIDENCE,48.5931944444,-17.3619444444,-17.3619444444,-7.04210522664
938097d4632fa0db040f5381c5f8f83289574e276ef01725df93fccd775d2860,232043235,2023-07-01T18:11:00Z,48.5931944444,84.3751204228,-88.9211705827,186.107559472,UNSEEN,LOW,INELIGIBLE,UNRESOLVED,prior,TEXT:OWF,unresolved_text,destination_fallback_global,247241800,DEFER_LOW_CONFIDENCE,48.5931944444,-17.3619444444,-17.3619444444,4.19723698471
cbbcf5d911975de196708b1b6a26bcd776a7ee9e8fc0ac18ed9da4743e59bd48,566017000,2023-07-03T06:42:15Z,48.5931944444,61.1337397655,-59.4307885561,156.617177445,UNSEEN,LOW,INELIGIBLE,UNRESOLVED,prior,PTAVE,unlocode_like_unverified,destination_fallback_global,247241800,DEFER_LOW_CONFIDENCE,48.5931944444,-17.3619444444,-17.3619444444,34.917251735
21e47d2f1159c921b1c9ebffad3fab4b4ff7868a0d5d69a0c4f59179447b7e41,209341000,2023-09-14T20:04:27Z,48.5931944444,60.6044418211,-58.7591761929,155.945565082,UNSEEN,LOW,INELIGIBLE,UNRESOLVED,prior,FRLEH,unlocode_like_unverified,destination_fallback_global,247241800,AUTO_ETA_WITH_UNCERTAINTY,48.5931944444,-17.3619444444,-17.3619444444,27.2995000299
1726fa79de46f2acfcb77cca4191df761f49ebdb599cc09e3028982c138ffc87,319178500,2023-07-23T16:55:44Z,48.5931944444,88.4839053985,-94.1347007247,191.321089614,UNSEEN,LOW,INELIGIBLE,UNRESOLVED,prior,GBSOU,unlocode_like_unverified,destination_fallback_global,247241800,DEFER_LOW_CONFIDENCE,48.5931944444,-17.3619444444,-17.3619444444,42.2752249486
d0e192309cd8c4d3055ac767bdd6305ea8d7cefc9df03f9b913c9773a74e5ae4,373169000,2023-07-25T11:53:12Z,48.5931944444,105.702386951,-115.982783091,213.16917198,UNSEEN,LOW,INELIGIBLE,UNRESOLVED,prior,TEXT:CALAIS,unresolved_text,destination_fallback_global,247241800,DEFER_LOW_CONFIDENCE,48.5931944444,-17.3619444444,-17.3619444444,50.3042293482
6a74f8327155d8e4b42658e84f90770963afda520c80116ddec4c102eae5767e,215241000,2023-08-24T22:22:34Z,48.5931944444,88.0835487265,-93.6266985806,190.813087469,UNSEEN,LOW,INELIGIBLE,UNRESOLVED,prior,GBFAW,unlocode_like_unverified,destination_fallback_global,247241800,DEFER_LOW_CONFIDENCE,48.5931944444,-17.3619444444,-17.3619444444,27.1368768122
d1ac00b94194207ec4f1b969a3a82ea5b9245a95beda89e97c9b464adb182b51,228039800,2023-09-06T09:48:00Z,48.5931944444,86.5671550086,-91.7025861235,188.888975012,UNSEEN,LOW,INELIGIBLE,UNRESOLVED,prior,TEXT:ROSCOFF,unresolved_text,destination_fallback_global,247241800,DEFER_LOW_CONFIDENCE,48.5931944444,-17.3619444444,-17.3619444444,36.3487802804
90b6c4c3bc7b640d4e25e2a1dc09b3abf4ca7f055dff1949fcf71d8179e45806,235053723,2023-09-17T23:34:14Z,48.5931944444,85.1428981605,-89.8953837385,187.081772627,UNSEEN,LOW,INELIGIBLE,UNRESOLVED,prior,TEXT:FAWLEY NAB FAWLEY,unresolved_text,destination_fallback_global,247241800,DEFER_LOW_CONFIDENCE,48.5931944444,-17.3619444444,-17.3619444444,22.7885371378
c6a56378c5418898ebc9250fa425012c8affaf83e27c6b758c731a18019a40a7,538007508,2023-07-14T15:46:52Z,48.5931944444,85.1428981605,-89.8953837385,187.081772627,UNSEEN,LOW,INELIGIBLE,UNRESOLVED,prior,PLSWL,unlocode_like_unverified,destination_fallback_global,247241800,DEFER_LOW_CONFIDENCE,48.5931944444,-17.3619444444,-17.3619444444,20.5207825958
82805a45dffeea4e74c83572ffe39a99d38c201d3d1b30c9b314e821c36229d2,235095773,2023-08-16T08:12:21Z,48.5931944444,84.9878149005,-89.6986026328,186.884991522,UNSEEN,LOW,INELIGIBLE,UNRESOLVED,prior,TEXT:NEWHAVEN RAMPION,unresolved_text,destination_fallback_global,247241800,DEFER_LOW_CONFIDENCE,48.5931944444,-17.3619444444,-17.3619444444,23.1672027173
fe58f126d0041e3b56da3cb9f5c63e74dd77ba65280e5827c5f40de2e48b6cf9,477745100,2023-09-13T03:41:57Z,48.5931944444,84.4849706619,-89.0605566873,186.246945576,UNSEEN,LOW,INELIGIBLE,UNRESOLVED,prior,FRPJE,unlocode_like_unverified,destination_fallback_global,247241800,DEFER_LOW_CONFIDENCE,48.5931944444,-17.3619444444,-17.3619444444,45.2427734651
9f41e8d65dbef9284efce4e4003ab80e78f1c6f5dd8c2569b240d05b4285acdf,538005406,2023-08-01T00:16:09Z,48.5931944444,62.2097049792,-60.796052766,157.982441655,UNSEEN,LOW,INELIGIBLE,UNRESOLVED,prior,SNDKR,unlocode_like_unverified,destination_fallback_global,247241800,DEFER_LOW_CONFIDENCE,48.5931944444,-17.3619444444,-17.3619444444,33.0293221759
1a279571ece9500a952237b161a37634cb75747a819ee4a982daa70b13a8d358,232004492,2023-09-09T08:36:25Z,48.5931944444,84.9878149005,-89.6986026328,186.884991522,UNSEEN,LOW,INELIGIBLE,UNRESOLVED,prior,TEXT:ON THE HUNT,unresolved_text,destination_fallback_global,247241800,DEFER_LOW_CONFIDENCE,48.5931944444,-17.3619444444,-17.3619444444,26.0494839777
4df2bead7f0a6cb5a66e769d2446dc8b83d554bf40a0456516fcb90e0dd79f76,219025000,2023-09-25T04:22:33Z,48.5931944444,78.8258887593,-81.8798951901,179.066284079,UNSEEN,LOW,INELIGIBLE,UNRESOLVED,prior,BEANR,unlocode_like_unverified,destination_fallback_global,247241800,DEFER_LOW_CONFIDENCE,48.5931944444,-17.3619444444,-17.3619444444,56.2388883491
3f5722011abb2cdb62c86d368782a7eb3ac247190ae95918d32ca9ba3eb51f2b,538006058,2023-08-15T02:10:31Z,48.5931944444,86.5671550086,-91.7025861235,188.888975012,UNSEEN,LOW,INELIGIBLE,UNRESOLVED,prior,FRDKK,unlocode_like_unverified,destination_fallback_global,247241800,DEFER_LOW_CONFIDENCE,48.5931944444,-17.3619444444,-17.3619444444,36.6139031421
1de5c1fffa6963e65a2aa86d1d6d04ecd828da989fa15247e7041c297f483366,305842000,2023-08-02T17:59:50Z,48.5931944444,86.5671550086,-91.7025861235,188.888975012,UNSEEN,LOW,INELIGIBLE,UNRESOLVED,prior,ESCUE,unlocode_like_unverified,destination_fallback_global,247241800,DEFER_LOW_CONFIDENCE,48.5931944444,-17.3619444444,-17.3619444444,36.606276485
adf1570f6a2cc460c9eecf010f45c0081f21b9ef7db80432d5a2f9a1573957ce,245726000,2023-07-19T13:09:02Z,48.5931944444,84.4849706619,-89.0605566873,186.246945576,UNSEEN,LOW,INELIGIBLE,UNRESOLVED,prior,TEXT:TO ORDER,unresolved_text,destination_fallback_global,247241800,DEFER_LOW_CONFIDENCE,48.5931944444,-17.3619444444,-17.3619444444,47.0902773522
7ae6408785c8021144814cf6c35088c182e570bc7a7a54d346206c39e97e60af,226005250,2023-07-03T11:58:42Z,48.5931944444,88.0835487265,-93.6266985806,190.813087469,UNSEEN,LOW,INELIGIBLE,UNRESOLVED,prior,TEXT:D,unresolved_text,destination_fallback_global,247241800,DEFER_LOW_CONFIDENCE,48.5931944444,-17.3619444444,-17.3619444444,26.3857799738
730763ab2922575837cbef16e971764f571a7e49ef2615580cad0d8a90c6daa4,227561000,2023-08-22T13:21:43Z,48.5931944444,85.1428981605,-89.8953837385,187.081772627,UNSEEN,LOW,INELIGIBLE,UNRESOLVED,prior,TEXT:EN PECHE,unresolved_text,destination_fallback_global,247241800,DEFER_LOW_CONFIDENCE,48.5931944444,-17.3619444444,-17.3619444444,19.355918725
2d195a0cd8c38343211e5ea6e2881be305c5f2578f958ab855dfffd7f25365ef,228097800,2023-09-03T16:11:15Z,48.5931944444,85.1428981605,-89.8953837385,187.081772627,UNSEEN,LOW,INELIGIBLE,UNRESOLVED,prior,BREST,unlocode_like_unverified,destination_fallback_global,247241800,DEFER_LOW_CONFIDENCE,48.5931944444,-17.3619444444,-17.3619444444,22.1816380907
22c73c5fe16c6a8808173fe27d7113321d57614be80f3039060f93a236f06042,538010361,2023-09-02T03:35:45Z,48.5931944444,86.5671550086,-91.7025861235,188.888975012,UNSEEN,LOW,INELIGIBLE,UNRESOLVED,prior,FRLEH,unlocode_like_unverified,destination_fallback_global,247241800,DEFER_LOW_CONFIDENCE,48.5931944444,-17.3619444444,-17.3619444444,37.2285007764
034edcbbdb30c2c641e1cefbebd72701e9e3f7759fad52b421cadc3a49ad6c04,374134000,2023-09-30T10:35:39Z,48.5931944444,62.4937801815,-61.1565083845,158.342897273,UNSEEN,LOW,INELIGIBLE,UNRESOLVED,prior,GBIMM,unlocode_like_unverified,destination_fallback_global,247241800,DEFER_LOW_CONFIDENCE,48.5931944444,-17.3619444444,-17.3619444444,44.7430944327
83616c27008932d8257f69cab722d6b96bf131a6d1128c9bb7184f1727f520ac,235117926,2023-09-25T18:38:59Z,48.5931944444,84.9878149005,-89.6986026328,186.884991522,UNSEEN,LOW,INELIGIBLE,UNRESOLVED,prior,TEXT:SOTON COWES,unresolved_text,destination_fallback_global,247241800,DEFER_LOW_CONFIDENCE,48.5931944444,-17.3619444444,-17.3619444444,23.5417894978
318259ecdf0325f0e6d760d08de22fc84c62c3b23268e3d85b109d435212db22,636092733,2023-08-26T17:53:45Z,48.5931944444,57.1326285161,-54.3538827984,151.540271687,UNSEEN,LOW,INELIGIBLE,UNRESOLVED,prior,USMSY,unlocode_like_unverified,destination_fallback_global,247241800,AUTO_ETA_WITH_UNCERTAINTY,48.5931944444,-17.3619444444,-17.3619444444,27.9142413913
ed63d984fe94c6d11d3cad8463ccc17f779ee0935fa866390c0e3bdf0c2b5897,228078700,2023-08-23T01:18:18Z,48.5931944444,84.9878149005,-89.6986026328,186.884991522,UNSEEN,LOW,INELIGIBLE,UNRESOLVED,prior,TEXT:ROSCOFF,unresolved_text,destination_fallback_global,247241800,DEFER_LOW_CONFIDENCE,48.5931944444,-17.3619444444,-17.3619444444,24.7112316202
8d295edb2710502e901bd1f7b96fe5d076427aa06a542964b36a457a2aaa947d,232020120,2023-09-28T01:11:41Z,48.5931944444,84.3751204228,-88.9211705827,186.107559472,UNSEEN,LOW,INELIGIBLE,UNRESOLVED,prior,TEXT:PLYMOUTH,unresolved_text,destination_fallback_global,247241800,DEFER_LOW_CONFIDENCE,48.5931944444,-17.3619444444,-17.3619444444,-2.88288262979
09fc82e3f11d115244dd296d6a8b19beab70ec58022f9c4e506c79183f175a03,352002675,2023-07-17T21:58:26Z,48.5931944444,61.1337397655,-59.4307885561,156.617177445,UNSEEN,LOW,INELIGIBLE,UNRESOLVED,prior,BEANR,unlocode_like_unverified,destination_fallback_global,247241800,DEFER_LOW_CONFIDENCE,48.5931944444,-17.3619444444,-17.3619444444,35.1293030972
aa11d6537d4df9e4f42a9d9eb1a71e4d56806f96b272cccd0bdf6c7f5637f814,257942000,2023-08-08T08:38:50Z,48.5931944444,84.3751204228,-88.9211705827,186.107559472,UNSEEN,LOW,INELIGIBLE,UNRESOLVED,prior,NLTNZ,unlocode_like_unverified,destination_fallback_global,247241800,DEFER_LOW_CONFIDENCE,48.5931944444,-17.3619444444,-17.3619444444,0.290183233982
f75b4e48aa17d701bc4829c20a4cfbe77c3d0395bda42522880c71c303056c5b,248621000,2023-08-28T21:52:45Z,-100.135833333,144.73640935,-314.241064296,113.969397629,UNSEEN,LOW,INELIGIBLE,UNRESOLVED,route,NLAMS,unlocode_like_unverified,destination_fallback_global,247241800,DEFER_LOW_CONFIDENCE,48.5931944444,-100.135833333,-100.135833333,35.2357098166
6e1ea9abbe2948b3625f06e8cb8b1a7a1e6c4d4245cd649443c9bbc3c44cf6f4,432946000,2023-08-13T11:55:06Z,67.3896196633,7.59897195668,27.2945079145,107.484731412,UNSEEN,HIGH,ELIGIBLE,RESOLVED,physics_gate,NLRTM,exact_unlocode,destination,352003495,AUTO_ETA_WITH_UNCERTAINTY,81.3198290598,190.408611111,67.3896196633,55.747047031
0f782c3bc2206188df6f0185de183f8422e0feabc0b7d49e55069b0f52e80ad6,245460000,2023-07-04T22:33:41Z,48.5931944444,85.1428981605,-89.8953837385,187.081772627,UNSEEN,LOW,INELIGIBLE,UNRESOLVED,prior,TEXT:LE HAVRE,unresolved_text,destination_fallback_global,247241800,DEFER_LOW_CONFIDENCE,48.5931944444,-17.3619444444,-17.3619444444,20.9964072329
3d79ec817c1eb93a543a6158a929f70205fc73eb5c89450aad4ca4e1a38d12fd,235057366,2023-09-07T17:06:34Z,48.5931944444,86.5671550086,-91.7025861235,188.888975012,UNSEEN,LOW,INELIGIBLE,UNRESOLVED,prior,TEXT:DARTMOUTH,unresolved_text,destination_fallback_global,247241800,DEFER_LOW_CONFIDENCE,48.5931944444,-17.3619444444,-17.3619444444,37.0645956486
eb3868eab104398c6bf8b5f0312d5473fa3fb51a3a59ab671a8cde275e02118a,246403000,2023-09-19T00:46:40Z,48.5931944444,56.1430860703,-53.0982781857,150.284667075,UNSEEN,LOW,INELIGIBLE,UNRESOLVED,prior,TEXT:CUXHAVEN,unresolved_text,destination_fallback_global,247241800,AUTO_ETA_WITH_UNCERTAINTY,48.5931944444,-17.3619444444,-17.3619444444,35.2319143275
b38e2ef8ddd02d3c24c7fb1af737739727b90598c461878266f374412ff51426,636014191,2023-07-08T20:04:49Z,206.915337732,4.74453198977,170.442150444,243.388525021,UNSEEN,HIGH,ELIGIBLE,RESOLVED,physics_gate,EGPSD,route_terminal_unlocode,destination,538009968,AUTO_ETA_WITH_UNCERTAINTY,61.1024280613,66.6188888889,206.915337732,31.9269662821
22031bab1411d00ee82920c2596872a2a1e6855ac02a7a1bcd0b45759c94d1af,257954530,2023-09-01T23:15:51Z,48.5931944444,64.1062063634,-63.2024739317,160.388862821,UNSEEN,LOW,INELIGIBLE,UNRESOLVED,prior,ESLCG,unlocode_like_unverified,destination_fallback_global,247241800,DEFER_LOW_CONFIDENCE,48.5931944444,-17.3619444444,-17.3619444444,27.4409077308
e98e428620652113bdbf274c820797a789041c5283e6a7f5e797fb743166bd88,235007561,2023-09-28T09:33:58Z,48.5931944444,84.4849706619,-89.0605566873,186.246945576,UNSEEN,LOW,INELIGIBLE,UNRESOLVED,prior,TEXT:PORTLAND,unresolved_text,destination_fallback_global,247241800,DEFER_LOW_CONFIDENCE,48.5931944444,-17.3619444444,-17.3619444444,48.0394452054
2d984f755f721db8db8ad6e1d925856aede37ec84a96864a66a7156dbf3c1f94,227006680,2023-07-14T21:10:28Z,48.5931944444,85.1428981605,-89.8953837385,187.081772627,UNSEEN,LOW,INELIGIBLE,UNRESOLVED,prior,BREST,unlocode_like_unverified,destination_fallback_global,247241800,DEFER_LOW_CONFIDENCE,48.5931944444,-17.3619444444,-17.3619444444,9.6251988584
88b8ea7d2e3a85f9f722bb895bda4b454bed93398e683977ea070c670f6fd04d,245179000,2023-08-24T17:34:33Z,48.5931944444,85.1428981605,-89.8953837385,187.081772627,UNSEEN,LOW,INELIGIBLE,UNRESOLVED,prior,TEXT:STB OWF,unresolved_text,destination_fallback_global,247241800,DEFER_LOW_CONFIDENCE,48.5931944444,-17.3619444444,-17.3619444444,7.9793909659
ce23403fc304cedfbbb000282710209db62fc9b47571c3c2c65ca0006bb1962b,255806447,2023-09-11T22:53:44Z,48.5931944444,84.3751204228,-88.9211705827,186.107559472,UNSEEN,LOW,INELIGIBLE,UNRESOLVED,prior,ESSDR,unlocode_like_unverified,destination_fallback_global,247241800,DEFER_LOW_CONFIDENCE,48.5931944444,-17.3619444444,-17.3619444444,4.81915587547
bdbed05c557c5098c3ca6b3ea5f5d8c00fd0a7f4df21a90237148a03aa136abc,352978201,2023-07-31T16:45:02Z,48.5931944444,88.0835487265,-93.6266985806,190.813087469,UNSEEN,LOW,INELIGIBLE,UNRESOLVED,prior,MXCOA,unlocode_like_unverified,destination_fallback_global,247241800,DEFER_LOW_CONFIDENCE,48.5931944444,-17.3619444444,-17.3619444444,33.683797008
7eee9c7ccbcceb10b109da2941dcdce7bd7070715c9d2a9ea3601cbd978fb63a,235013963,2023-08-01T02:42:40Z,48.5931944444,104.697701921,-114.707964447,211.894353336,UNSEEN,LOW,INELIGIBLE,UNRESOLVED,prior,GBWEY,unlocode_like_unverified,destination_fallback_global,247241800,DEFER_LOW_CONFIDENCE,48.5931944444,-17.3619444444,-17.3619444444,56.5902163184
318afad639ba5be76c5889fa78d4b0349c9a060f750abff54b34c84494dc97d1,255806361,2023-07-31T08:30:00Z,48.5931944444,84.4849706619,-89.0605566873,186.246945576,UNSEEN,LOW,INELIGIBLE,UNRESOLVED,prior,FRPJE,unlocode_like_unverified,destination_fallback_global,247241800,DEFER_LOW_CONFIDENCE,48.5931944444,-17.3619444444,-17.3619444444,46.3079399032
eee9451f6ec51cd5dc931cc63d0f4da535bc0d37128a37b457832e373823caba,538006082,2023-09-07T11:11:52Z,48.5931944444,85.1428981605,-89.8953837385,187.081772627,UNSEEN,LOW,INELIGIBLE,UNRESOLVED,prior,TEXT:LE HAVRE FRANCE,unresolved_text,destination_fallback_global,247241800,DEFER_LOW_CONFIDENCE,48.5931944444,-17.3619444444,-17.3619444444,12.2489570204
66f5f493f0509959f9da15ac54bd34ee009282c726408ad4b36049c2c4b1abcb,538006010,2023-09-28T23:40:16Z,-100.135833333,147.115723395,-317.26011386,116.988447193,UNSEEN,LOW,INELIGIBLE,UNRESOLVED,route,ESBIO,unlocode_like_unverified,destination_fallback_global,247241800,DEFER_LOW_CONFIDENCE,48.5931944444,-100.135833333,-100.135833333,33.7959523092
6278dad2fd826162a62d0e1778e65cf3942baa9dc68db0279f43d3898d920d91,235097013,2023-09-05T10:13:22Z,48.5931944444,84.3751204228,-88.9211705827,186.107559472,UNSEEN,LOW,INELIGIBLE,UNRESOLVED,prior,TEXT:NEWLYN,unresolved_text,destination_fallback_global,247241800,DEFER_LOW_CONFIDENCE,48.5931944444,-17.3619444444,-17.3619444444,5.45975935517
9b2cc3ce7e66fd7250ac8cbaf6c659f196ac907c0b346868941a280fd38fcf72,209505000,2023-09-14T05:13:24Z,48.5931944444,84.3751204228,-88.9211705827,186.107559472,UNSEEN,LOW,INELIGIBLE,UNRESOLVED,prior,TEXT:DOVER CALAIS DOVER,unresolved_text,destination_fallback_global,247241800,DEFER_LOW_CONFIDENCE,48.5931944444,-17.3619444444,-17.3619444444,-0.0575107502724
e4bd994a15efb29149064ebc3b7d44a61bce9d52567e4b29bb656e54cea0bddd,235026928,2023-09-02T23:27:12Z,48.5931944444,84.4849706619,-89.0605566873,186.246945576,UNSEEN,LOW,INELIGIBLE,UNRESOLVED,prior,TEXT:JERSEY,unresolved_text,destination_fallback_global,247241800,DEFER_LOW_CONFIDENCE,48.5931944444,-17.3619444444,-17.3619444444,47.3899919246
3bddeb68d202aa5024e464eac10f492fba00dd0f81c49d31550fd0849d6c8b04,352002373,2023-08-14T14:24:55Z,48.5931944444,84.4849706619,-89.0605566873,186.246945576,UNSEEN,LOW,INELIGIBLE,UNRESOLVED,prior,FRLEH,unlocode_like_unverified,destination_fallback_global,247241800,DEFER_LOW_CONFIDENCE,48.5931944444,-17.3619444444,-17.3619444444,48.942162859
f5e9c98fbde3ddd3a27d0994eea8b5de199d7c0e5c287dc0b2f18efa963e7876,636021568,2023-07-31T15:52:35Z,48.5931944444,62.2097049792,-60.796052766,157.982441655,UNSEEN,LOW,INELIGIBLE,UNRESOLVED,prior,USHOU,unlocode_like_unverified,destination_fallback_global,247241800,DEFER_LOW_CONFIDENCE,48.5931944444,-17.3619444444,-17.3619444444,31.2638527823
7f2b70daf2b55670ab5b4bd90007a2249c51aa3640bb0ca3ce4f008bd3276486,311001050,2023-08-08T03:00:12Z,48.5931944444,85.1428981605,-89.8953837385,187.081772627,UNSEEN,LOW,INELIGIBLE,UNRESOLVED,prior,TEXT:ST MALO,unresolved_text,destination_fallback_global,247241800,DEFER_LOW_CONFIDENCE,48.5931944444,-17.3619444444,-17.3619444444,13.3508407607
eb248bb0dc6c55be5f3108e7cbb10cc9860fcea2e7eadd28480191ba5a52be01,354212000,2023-08-26T03:12:09Z,48.5931944444,79.6215650331,-82.8895080711,180.07589696,UNSEEN,LOW,INELIGIBLE,UNRESOLVED,prior,CAHAL,unlocode_like_unverified,destination_fallback_global,247241800,DEFER_LOW_CONFIDENCE,48.5931944444,-17.3619444444,-17.3619444444,55.6232226142
b792b21ffeb4c7478d7f331e9c4943ef2e21423e2ab3e71c1fd324fd2ad82ae2,235103323,2023-07-10T23:49:09Z,48.5931944444,84.9878149005,-89.6986026328,186.884991522,UNSEEN,LOW,INELIGIBLE,UNRESOLVED,prior,TEXT:GILL NETTS 08 16,unresolved_text,destination_fallback_global,247241800,DEFER_LOW_CONFIDENCE,48.5931944444,-17.3619444444,-17.3619444444,25.2616903551
f484772e665b130065ad21788aef7ae0ca1fb5334b86fb28dd14c34c9491bcfc,246329000,2023-07-22T13:08:24Z,48.5931944444,86.5671550086,-91.7025861235,188.888975012,UNSEEN,LOW,INELIGIBLE,UNRESOLVED,prior,TEXT:LABERWACH,unresolved_text,destination_fallback_global,247241800,DEFER_LOW_CONFIDENCE,48.5931944444,-17.3619444444,-17.3619444444,38.1872770525
3aeeffad9a811969313867d91bb4cbe7f3bbab35dc810334e3a9971022dfe0bc,228157800,2023-08-14T13:34:39Z,48.5931944444,85.1428981605,-89.8953837385,187.081772627,UNSEEN,LOW,INELIGIBLE,UNRESOLVED,prior,TEXT:CANCALE VHF69,unresolved_text,destination_fallback_global,247241800,DEFER_LOW_CONFIDENCE,48.5931944444,-17.3619444444,-17.3619444444,15.4263567069
8cda63250d7d14407147fa11fd8d7967a1f53d9888eb3836e938710333f25ab0,636021811,2023-09-11T03:16:27Z,167.293327624,5.15446305004,130.2999895,204.286665748,UNSEEN,HIGH,ELIGIBLE,RESOLVED,physics_gate,EGPSD,exact_unlocode,destination,538009968,AUTO_ETA_WITH_UNCERTAINTY,61.1024280613,66.6188888889,167.293327624,34.2914295058
0db4d1874867288ab0d1e702a8a1f1ddeaf4f7e5e4d2bcc7921fc2cb93ab8a26,230138350,2023-08-07T09:11:18Z,48.5931944444,84.4849706619,-89.0605566873,186.246945576,UNSEEN,LOW,INELIGIBLE,UNRESOLVED,prior,FRLEH,unlocode_like_unverified,destination_fallback_global,247241800,DEFER_LOW_CONFIDENCE,48.5931944444,-17.3619444444,-17.3619444444,48.2921217551
c1008fe41b673d2eff6fe1472b8c5bfbb3047c8a30e36565a979d18e0ec5af12,219015298,2023-07-28T22:58:31Z,48.5931944444,64.6385405107,-63.8779388535,161.064327742,UNSEEN,LOW,INELIGIBLE,UNRESOLVED,prior,ESBIO,unlocode_like_unverified,destination_fallback_global,247241800,DEFER_LOW_CONFIDENCE,48.5931944444,-17.3619444444,-17.3619444444,44.4272147205
9288f36ff3fb4c25941923b9f8c9112b7a904327e3ef30a192813e73072dc6dc,230645000,2023-07-06T15:02:14Z,48.2713425926,61.2368413624,-59.8834633365,156.426148522,UNSEEN,LOW,INELIGIBLE,UNRESOLVED,prior,EGALY,unlocode_like_unverified,destination_fallback_global,247241800,DEFER_LOW_CONFIDENCE,48.2713425926,-17.3619444444,-17.3619444444,35.2824293622
2271d1908759403c733034a397f5f4f10087116e3c6c6c51bce048117ee452d5,232025845,2023-09-09T19:31:22Z,48.5931944444,84.4849706619,-89.0605566873,186.246945576,UNSEEN,LOW,INELIGIBLE,UNRESOLVED,prior,NOSVG,unlocode_like_unverified,destination_fallback_global,247241800,DEFER_LOW_CONFIDENCE,48.5931944444,-17.3619444444,-17.3619444444,48.9427491361
c6903ff6a0c73f2734f3ded5c0859f3b7350d7cf9a1b519110620b6d4b0b0352,566255000,2023-08-07T10:35:13Z,41.3485852116,6.58029829886,2.54604191109,80.1511285122,UNSEEN,HIGH,ELIGIBLE,RESOLVED,physics_gate,NLRTM,exact_unlocode,destination,352003495,AUTO_ETA_WITH_UNCERTAINTY,81.3198290598,190.408611111,41.3485852116,9.75601474145
f46b41289001a400e8035252d994627a036b2560c2f67b1d42be92b5f8a3a26e,255806016,2023-09-27T06:38:20Z,48.5931944444,64.3448695146,-63.5053073824,160.691696271,UNSEEN,LOW,INELIGIBLE,UNRESOLVED,prior,IEDUB,unlocode_like_unverified,destination_fallback_global,247241800,DEFER_LOW_CONFIDENCE,48.5931944444,-17.3619444444,-17.3619444444,29.8946659817
9f162400f477814c1985468ccb5d737f12f182981b4fa286b8897114a5119218,636021853,2023-09-05T06:01:08Z,48.5931944444,88.4839053985,-94.1347007247,191.321089614,UNSEEN,LOW,INELIGIBLE,UNRESOLVED,prior,FRBES,unlocode_like_unverified,destination_fallback_global,247241800,DEFER_LOW_CONFIDENCE,48.5931944444,-17.3619444444,-17.3619444444,41.1101769238
7454a09df80773b5f5c2999c71b5f9458d76a997d54ecd45903cd41e3017fe3b,563905000,2023-08-16T17:11:02Z,48.5931944444,62.9979586147,-61.7962472547,158.982636144,UNSEEN,LOW,INELIGIBLE,UNRESOLVED,prior,SEGOT,unlocode_like_unverified,destination_fallback_global,247241800,DEFER_LOW_CONFIDENCE,48.5931944444,-17.3619444444,-17.3619444444,38.0058012441
3573102e9eef6e1bd85c7403eaebc09e925005dd86cdd9494f0ef4a46f3b5b71,305004000,2023-07-11T05:42:07Z,48.5931944444,79.5003882531,-82.735750014,179.922138903,UNSEEN,LOW,INELIGIBLE,UNRESOLVED,prior,PTAVE,unlocode_like_unverified,destination_fallback_global,247241800,DEFER_LOW_CONFIDENCE,48.5931944444,-17.3619444444,-17.3619444444,35.4131646019
67a0c2832651bc1cb5cb9de84dd0526dd1ae248e6adc560d721e703c5225b607,373293000,2023-07-22T18:09:26Z,-100.135833333,143.328969304,-312.455200313,112.183533646,UNSEEN,LOW,INELIGIBLE,UNRESOLVED,route,TEXT:GHENT BELGIUM,unresolved_text,destination_fallback_global,247241800,DEFER_LOW_CONFIDENCE,48.5931944444,-100.135833333,-100.135833333,55.3293994576
1140bd1e9cc3adc3bfd64f6e1643382e7377f9b0d41a76777a23e36915b7ceef,228442700,2023-07-02T22:04:57Z,48.5931944444,197.929548271,-233.00742378,330.193812669,UNSEEN,LOW,INELIGIBLE,UNRESOLVED,prior,TEXT:AT ORDER,unresolved_text,destination_fallback_global,247241800,DEFER_LOW_CONFIDENCE,48.5931944444,-100.135833333,-100.135833333,33.7006707097
4a0b39051e34bb7e4a7a7040e015928d07af07160804c2c83335408758eeb64e,311001169,2023-07-27T10:35:48Z,48.5931944444,110.392658773,-121.934146732,219.120535621,UNSEEN,LOW,INELIGIBLE,UNRESOLVED,prior,GBTEE,unlocode_like_unverified,destination_fallback_global,247241800,DEFER_LOW_CONFIDENCE,48.5931944444,-17.3619444444,-17.3619444444,61.2427272123
a345f46380fff93c8015682b7d6b8b5aff46842d09710471b8afa154ad7a2789,235108268,2023-07-14T00:03:43Z,48.5931944444,85.1428981605,-89.8953837385,187.081772627,UNSEEN,LOW,INELIGIBLE,UNRESOLVED,prior,TEXT:SOUTHAMPTON,unresolved_text,destination_fallback_global,247241800,DEFER_LOW_CONFIDENCE,48.5931944444,-17.3619444444,-17.3619444444,18.0578026425
415d5929e25b069d950b0d2bb01ee99b3f42a259d7d54779c9414b44fac7d56e,354094000,2023-09-13T19:50:24Z,48.5931944444,146.8481332,-168.191547859,265.377936748,UNSEEN,LOW,INELIGIBLE,UNRESOLVED,prior,TEXT:FORORDER,unresolved_text,destination_fallback_global,247241800,DEFER_LOW_CONFIDENCE,48.5931944444,-100.135833333,-100.135833333,46.5509271223
aa443e0ef8008fdb85b82af7e3f1c2791be2771a033872ff5b9dfa9e85465cc9,538010031,2023-07-12T08:08:33Z,48.5931944444,59.1512361394,-56.9152413877,154.101630277,UNSEEN,LOW,INELIGIBLE,UNRESOLVED,prior,CUMAR,unlocode_like_unverified,destination_fallback_global,247241800,AUTO_ETA_WITH_UNCERTAINTY,48.5931944444,-17.3619444444,-17.3619444444,46.2382285943
2b824a6d8744dc52b1445461d4db372eea8b26234d259638f24f55d96f717595,235089284,2023-08-25T16:46:01Z,48.5931944444,62.2097049792,-60.796052766,157.982441655,UNSEEN,LOW,INELIGIBLE,UNRESOLVED,prior,GBMYN,unlocode_like_unverified,destination_fallback_global,247241800,DEFER_LOW_CONFIDENCE,48.5931944444,-17.3619444444,-17.3619444444,27.3674757215
a4ff57b652d7b59f805bbf25c7ab6d6b3df378ec0b18d97aaced1b9f66bc9a4b,211798970,2023-09-14T10:58:11Z,48.5931944444,64.3988047666,-63.5737444177,160.760133307,UNSEEN,LOW,INELIGIBLE,UNRESOLVED,prior,DOVER,unlocode_like_unverified,destination_fallback_global,247241800,DEFER_LOW_CONFIDENCE,48.5931944444,-17.3619444444,-17.3619444444,40.9557281859
27fa7f951bc2acdde86b491eeb0e9fd2d621f4df5fe1e396764a25999b0ffae1,232019192,2023-09-27T08:17:53Z,-17.3619444444,40.6478177677,-99.3918750783,64.6679861894,UNSEEN,LOW,INELIGIBLE,UNRESOLVED,route,COWES,unlocode_like_unverified,destination_fallback_global,247241800,AUTO_ETA_WITH_UNCERTAINTY,48.5931944444,-17.3619444444,-17.3619444444,48.9910585148
ac7943594ec09ce49d50746e2a7bd6e38fccf00baee0bffd805c87e6dbd69101,511100566,2023-09-08T12:06:45Z,31.5564047849,25.0469882117,-30.67803993,93.7908494999,UNSEEN,MEDIUM,INELIGIBLE,UNRESOLVED,tabular,FOR_ORDERS,for_orders,destination,538012456,AUTO_ETA_WITH_UNCERTAINTY,87.2474036281,78.9519444444,78.9519444444,31.5564047849
30fe3f3ab1d897ee85f9e6cd9b7078fedcfa4e81eb6f13f97d8cae4bbc0b27c7,235004391,2023-09-22T05:12:41Z,48.5931944444,84.3751204228,-88.9211705827,186.107559472,UNSEEN,LOW,INELIGIBLE,UNRESOLVED,prior,DOVER,unlocode_like_unverified,destination_fallback_global,247241800,DEFER_LOW_CONFIDENCE,48.5931944444,-17.3619444444,-17.3619444444,3.52301534345
acfde1969b0cd9e71ba7fd6c383ce10772e8f6265374c2ab7cdc8b57e96c924a,235068963,2023-09-20T11:53:52Z,48.5931944444,78.8258887593,-81.8798951901,179.066284079,UNSEEN,LOW,INELIGIBLE,UNRESOLVED,prior,TEXT:PORTLAND,unresolved_text,destination_fallback_global,247241800,DEFER_LOW_CONFIDENCE,48.5931944444,-17.3619444444,-17.3619444444,55.0205395721
ca298e583979b369f344404dfc293b9fe0617690dd49a553499691d634a4f56a,235005457,2023-09-22T20:00:48Z,48.5931944444,88.0835487265,-93.6266985806,190.813087469,UNSEEN,LOW,INELIGIBLE,UNRESOLVED,prior,TEXT:BRIXHAM,unresolved_text,destination_fallback_global,247241800,DEFER_LOW_CONFIDENCE,48.5931944444,-17.3619444444,-17.3619444444,28.7259717123
4d230d8a11a5389320b9dae3da6cd6604eff624c3c46a418b72e2eea4c91be5b,235103265,2023-09-08T04:43:34Z,48.5931944444,84.3751204228,-88.9211705827,186.107559472,UNSEEN,LOW,INELIGIBLE,UNRESOLVED,prior,TEXT:JERSEY TO STBWF,unresolved_text,destination_fallback_global,247241800,DEFER_LOW_CONFIDENCE,48.5931944444,-17.3619444444,-17.3619444444,3.09639544748
af0324df9f3f3dfaa50eff413fdf1fcfc8e47ddc48582d854597c577d85a110b,636020369,2023-08-17T08:17:17Z,48.5931944444,88.4839053985,-94.1347007247,191.321089614,UNSEEN,LOW,INELIGIBLE,UNRESOLVED,prior,GBFAW,unlocode_like_unverified,destination_fallback_global,247241800,DEFER_LOW_CONFIDENCE,48.5931944444,-17.3619444444,-17.3619444444,42.0231103934
6183b2e44cfa9bd6f118c427a4a68ba61dbfa1c58f5ace4044ef6550b8c03c9b,636021519,2023-07-28T23:54:10Z,48.5931944444,62.2097049792,-60.796052766,157.982441655,UNSEEN,LOW,INELIGIBLE,UNRESOLVED,prior,EETLL,unlocode_like_unverified,destination_fallback_global,247241800,DEFER_LOW_CONFIDENCE,48.5931944444,-17.3619444444,-17.3619444444,31.0269434003
6e803d653681dce9d23377e2bc20f5d9ab6d00cb602314d3b69e8d93a7a66da9,255806436,2023-09-11T21:07:49Z,48.5931944444,150.844811063,-173.262828209,270.449217098,UNSEEN,LOW,INELIGIBLE,UNRESOLVED,prior,GBTIL,unlocode_like_unverified,destination_fallback_global,247241800,DEFER_LOW_CONFIDENCE,48.5931944444,-100.135833333,-100.135833333,42.2469129833
f49028b1d7cac79ab45058890c9f23648d479850851b109372261dcdbc5dade3,241735000,2023-09-05T16:48:16Z,54.5845398215,6.03341760491,16.4759191767,92.6931604664,UNSEEN,HIGH,ELIGIBLE,RESOLVED,physics_gate,NLRTM,exact_unlocode,destination,352003495,AUTO_ETA_WITH_UNCERTAINTY,81.3198290598,190.408611111,54.5845398215,34.756178636
4be67323a7b5c7d141d80f3636995c93233a26fb74f5b5c4632c19919df2f53d,305160000,2023-08-23T03:45:12Z,48.5931944444,56.8556137818,-54.0023860237,151.188774913,UNSEEN,LOW,INELIGIBLE,UNRESOLVED,prior,FRDDK,unlocode_like_unverified,destination_fallback_global,247241800,AUTO_ETA_WITH_UNCERTAINTY,48.5931944444,-17.3619444444,-17.3619444444,28.3332339914
1ccc33e7612d375e85bc04af202c2822ab286b00a7332b8f9c4d12ed8325d281,228353900,2023-09-23T13:25:25Z,48.5931944444,88.0835487265,-93.6266985806,190.813087469,UNSEEN,LOW,INELIGIBLE,UNRESOLVED,prior,FRDKK,unlocode_like_unverified,destination_fallback_global,247241800,DEFER_LOW_CONFIDENCE,48.5931944444,-17.3619444444,-17.3619444444,31.4451399786
7ff39e5d537260419b5718240723b791b05fb8b4910e543d2e696c97a0aefddf,226012170,2023-09-08T04:36:31Z,48.5931944444,84.4849706619,-89.0605566873,186.246945576,UNSEEN,LOW,INELIGIBLE,UNRESOLVED,prior,TEXT:DUNKERQUE,unresolved_text,destination_fallback_global,247241800,DEFER_LOW_CONFIDENCE,48.5931944444,-17.3619444444,-17.3619444444,48.4714005257
f090aaa1db8732caba313391e7feb0ab25e68c213cdfde6eea0a2d20b703c743,256453000,2023-08-02T22:10:36Z,48.5931944444,56.8556137818,-54.0023860237,151.188774913,UNSEEN,LOW,INELIGIBLE,UNRESOLVED,prior,BEGNE,unlocode_like_unverified,destination_fallback_global,247241800,AUTO_ETA_WITH_UNCERTAINTY,48.5931944444,-17.3619444444,-17.3619444444,32.0148354738
2260c4930cb88892cfcdbfcfdf8699de5822d73cac41492b1bfbc48522997e0e,244650652,2023-07-01T15:39:59Z,48.5931944444,84.3751204228,-88.9211705827,186.107559472,UNSEEN,LOW,INELIGIBLE,UNRESOLVED,prior,FRLEZ,unlocode_like_unverified,destination_fallback_global,247241800,DEFER_LOW_CONFIDENCE,48.5931944444,-17.3619444444,-17.3619444444,4.46140849524
763eb25c422f2a1dcbca717dc3a7c8ca6e3da6d279c81a7abde8c597f53121b8,235068406,2023-08-15T06:41:37Z,48.5931944444,86.5671550086,-91.7025861235,188.888975012,UNSEEN,LOW,INELIGIBLE,UNRESOLVED,prior,TEXT:FISHING,unresolved_text,destination_fallback_global,247241800,DEFER_LOW_CONFIDENCE,48.5931944444,-17.3619444444,-17.3619444444,36.3996766645
c0fe0c19f10b968e91cb68045af6817115488efb1be9779cc7ac7b2d4edf3c20,244994000,2023-09-20T02:36:02Z,48.5931944444,64.1062063634,-63.2024739317,160.388862821,UNSEEN,LOW,INELIGIBLE,UNRESOLVED,prior,FRNTE,unlocode_like_unverified,destination_fallback_global,247241800,DEFER_LOW_CONFIDENCE,48.5931944444,-17.3619444444,-17.3619444444,28.127154841
e70d9da167e9f801d57ad34503b0df15941019aeb56cc3a735411677b10ff6a9,244231000,2023-07-13T23:03:48Z,48.5931944444,84.4849706619,-89.0605566873,186.246945576,UNSEEN,LOW,INELIGIBLE,UNRESOLVED,prior,TEXT:DEAUVILLE,unresolved_text,destination_fallback_global,247241800,DEFER_LOW_CONFIDENCE,48.5931944444,-17.3619444444,-17.3619444444,46.2633434838
0075bc3b8e17230dd344a005ee9b6b3e91050290505a3f646849d8b2f36151d8,538006411,2023-08-05T19:23:41Z,48.5931944444,64.1062063634,-63.2024739317,160.388862821,UNSEEN,LOW,INELIGIBLE,UNRESOLVED,prior,RUULU,unlocode_like_unverified,destination_fallback_global,247241800,DEFER_LOW_CONFIDENCE,48.5931944444,-17.3619444444,-17.3619444444,33.5148321612
89325657d1003a4dd52d8debbfb1f99e38960a2f24baf382ddf32dd915358eb1,235009590,2023-07-17T20:11:49Z,48.5931944444,63.1266637636,-61.959557863,159.145946752,UNSEEN,LOW,INELIGIBLE,UNRESOLVED,prior,FRDNK,unlocode_like_unverified,destination_fallback_global,247241800,DEFER_LOW_CONFIDENCE,48.5931944444,-17.3619444444,-17.3619444444,38.9753290206
7ab9360ac35d22c00736717e363226763b09e51a5b11fcb42dff3406fa411019,355847000,2023-07-06T03:19:16Z,48.5931944444,62.2097049792,-60.796052766,157.982441655,UNSEEN,LOW,INELIGIBLE,UNRESOLVED,prior,TEXT:BARROW UK,unresolved_text,destination_fallback_global,247241800,DEFER_LOW_CONFIDENCE,48.5931944444,-17.3619444444,-17.3619444444,30.801517588
6e5b997b583d5746b432a5eb9f345ce0aca0b1121cd249688d3db212bed03a8c,255805908,2023-08-03T12:01:15Z,48.5931944444,150.796714303,-173.201799484,270.388188373,UNSEEN,LOW,INELIGIBLE,UNRESOLVED,prior,TEXT:LAS PALMAS,unresolved_text,destination_fallback_global,247241800,DEFER_LOW_CONFIDENCE,48.5931944444,-100.135833333,-100.135833333,32.8875810915
69882f594f9dbacb2a5c75d02e5817b839f5a716975bdcd27e760cfe4246a21b,248701000,2023-09-08T06:13:21Z,48.5931944444,150.796714303,-173.201799484,270.388188373,UNSEEN,LOW,INELIGIBLE,UNRESOLVED,prior,BEZEE,unlocode_like_unverified,destination_fallback_global,247241800,DEFER_LOW_CONFIDENCE,48.5931944444,-100.135833333,-100.135833333,33.3736035851
ec762232b03c3ee5c9153978b1d2e9d4f2494d084900668bd757391c70ba925a,235013924,2023-07-18T22:41:48Z,48.5931944444,84.3751204228,-88.9211705827,186.107559472,UNSEEN,LOW,INELIGIBLE,UNRESOLVED,prior,TEXT:CHICHESTER UK,unresolved_text,destination_fallback_global,247241800,DEFER_LOW_CONFIDENCE,48.5931944444,-17.3619444444,-17.3619444444,5.32625676491
53acdac9bd3a0813fe8f6a05c2e5108734bc5c3fe03c195f2c6e2f038c2b83cb,256469000,2023-08-18T17:18:48Z,48.5931944444,105.702386951,-115.982783091,213.16917198,UNSEEN,LOW,INELIGIBLE,UNRESOLVED,prior,GBFAW,unlocode_like_unverified,destination_fallback_global,247241800,DEFER_LOW_CONFIDENCE,48.5931944444,-17.3619444444,-17.3619444444,50.4793545528
7f31fd2f9e64cab7ae418f81e7d04c61a36b0a8e5ca8cd1490a6c0738090bc26,538070967,2023-09-03T15:08:19Z,48.5931944444,84.4849706619,-89.0605566873,186.246945576,UNSEEN,LOW,INELIGIBLE,UNRESOLVED,prior,GBFAL,unlocode_like_unverified,destination_fallback_global,247241800,DEFER_LOW_CONFIDENCE,48.5931944444,-17.3619444444,-17.3619444444,47.9240207795
56975398771c4e0810a3fb026dc73ead33b1ba61d2e042240ff4d5b1277c097f,538008075,2023-09-14T23:17:01Z,48.5931944444,64.1062063634,-63.2024739317,160.388862821,UNSEEN,LOW,INELIGIBLE,UNRESOLVED,prior,MASFI,unlocode_like_unverified,destination_fallback_global,247241800,DEFER_LOW_CONFIDENCE,48.5931944444,-17.3619444444,-17.3619444444,27.7802742417
7ebea0a2f08ac6399b9d07e983855d79fce3022ef28e30a806751edadbf04dc6,352898688,2023-08-21T22:18:33Z,48.5931944444,62.2097049792,-60.796052766,157.982441655,UNSEEN,LOW,INELIGIBLE,UNRESOLVED,prior,MXTUX,unlocode_like_unverified,destination_fallback_global,247241800,DEFER_LOW_CONFIDENCE,48.5931944444,-17.3619444444,-17.3619444444,30.981773377
1a771c057f4f01d2fcf0493a3dd6323919cedfae0affec8310756cb550ff3394,636020227,2023-09-29T10:03:45Z,48.5931944444,78.8258887593,-81.8798951901,179.066284079,UNSEEN,LOW,INELIGIBLE,UNRESOLVED,prior,GNCKY,unlocode_like_unverified,destination_fallback_global,247241800,DEFER_LOW_CONFIDENCE,48.5931944444,-17.3619444444,-17.3619444444,54.4952945552
a82c2f2114905683abbba70b6152577b7008175d184aba8146980a8345f36ee9,636019529,2023-09-22T01:02:54Z,-17.3619444444,111.601532373,-189.423193818,154.699304929,UNSEEN,LOW,INELIGIBLE,UNRESOLVED,route,LTKLJ,unlocode_like_unverified,destination_fallback_global,247241800,DEFER_LOW_CONFIDENCE,48.5931944444,-17.3619444444,-17.3619444444,58.0008553918
a09acd3f1271fdae776296697b53e848e77f28879081dc6f338e80a14774cfb6,304665000,2023-08-09T15:45:27Z,48.5931944444,81.2624547558,-84.9715902632,182.157979152,UNSEEN,LOW,INELIGIBLE,UNRESOLVED,prior,LVLPX,unlocode_like_unverified,destination_fallback_global,247241800,DEFER_LOW_CONFIDENCE,48.5931944444,-17.3619444444,-17.3619444444,40.180128345
7999fb63b9baba6bb066087d52892bb89f8f15f6a6b05c4943e70e2ffcdf2a46,235097363,2023-09-21T00:54:22Z,48.5931944444,137.488582335,-156.315457766,253.501846655,UNSEEN,LOW,INELIGIBLE,UNRESOLVED,prior,LAOWF,unlocode_like_unverified,destination_fallback_global,247241800,DEFER_LOW_CONFIDENCE,48.5931944444,-17.3619444444,-17.3619444444,59.6109280832
e2f4b3b0960c17b656eda524165cf449de8b3be6db0cbf14c00be0e12ecfde6d,576326000,2023-07-14T12:05:08Z,48.5931944444,88.0835487265,-93.6266985806,190.813087469,UNSEEN,LOW,INELIGIBLE,UNRESOLVED,prior,TEXT:NORMANDIE OFFSHORE,unresolved_text,destination_fallback_global,247241800,DEFER_LOW_CONFIDENCE,48.5931944444,-17.3619444444,-17.3619444444,28.0506833055
e6820d9df831231e0538a609122520877eb3b3ff4abae142500761ebae43f373,235070418,2023-07-27T06:33:32Z,48.5931944444,88.0835487265,-93.6266985806,190.813087469,UNSEEN,LOW,INELIGIBLE,UNRESOLVED,prior,TEXT:PORTLAND,unresolved_text,destination_fallback_global,247241800,DEFER_LOW_CONFIDENCE,48.5931944444,-17.3619444444,-17.3619444444,33.6563362282
5acfbc9b6525e8e7e7a19455d4a4f1e4c270430faa58f32d7c5ea91327f3658f,235107983,2023-09-19T01:22:31Z,48.5931944444,84.3751204228,-88.9211705827,186.107559472,UNSEEN,LOW,INELIGIBLE,UNRESOLVED,prior,TEXT:WEYMOUTH,unresolved_text,destination_fallback_global,247241800,DEFER_LOW_CONFIDENCE,48.5931944444,-17.3619444444,-17.3619444444,4.50849949211
80710e96744473b038c07fd3ae9aa615e7f8a8733790d7b634cd68c8af0a79be,228337800,2023-09-23T04:32:48Z,48.5931944444,88.0835487265,-93.6266985806,190.813087469,UNSEEN,LOW,INELIGIBLE,UNRESOLVED,prior,TEXT:ROSCOFF,unresolved_text,destination_fallback_global,247241800,DEFER_LOW_CONFIDENCE,48.5931944444,-17.3619444444,-17.3619444444,31.3114524209
ec75517e004604e08268f3932071500046bc1bc09e5f9380f20ed2aff2e98da3,311938000,2023-09-23T12:18:24Z,48.5931944444,109.965575248,-121.392231581,218.57862047,UNSEEN,LOW,INELIGIBLE,UNRESOLVED,prior,GBBEL,unlocode_like_unverified,destination_fallback_global,247241800,DEFER_LOW_CONFIDENCE,48.5931944444,-17.3619444444,-17.3619444444,65.192895883
bec2d80e2159af03157b49428c23a0a967c0b18ab60730469757bdcc364bd4f6,229730000,2023-09-30T20:46:43Z,48.5931944444,149.307428465,-171.312083509,268.498472398,UNSEEN,LOW,INELIGIBLE,UNRESOLVED,prior,TEXT:WANDELAAR,unresolved_text,destination_fallback_global,247241800,DEFER_LOW_CONFIDENCE,48.5931944444,-100.135833333,-100.135833333,49.6855908307
a8a964365138087afc3618884e537ca17228716293122c83170cc35567415f46,232033439,2023-08-04T03:03:35Z,48.5931944444,84.3751204228,-88.9211705827,186.107559472,UNSEEN,LOW,INELIGIBLE,UNRESOLVED,prior,TEXT:PORTLAND UK,unresolved_text,destination_fallback_global,247241800,DEFER_LOW_CONFIDENCE,48.5931944444,-17.3619444444,-17.3619444444,-2.98933804659
5e50694556f4d34e3b0560a8ff4014fc1acbf1502e4dcafc89bb8ca7c9b07df0,228160900,2023-07-17T22:11:21Z,48.5931944444,84.9878149005,-89.6986026328,186.884991522,UNSEEN,LOW,INELIGIBLE,UNRESOLVED,prior,TEXT:DREDGING OPERATION,unresolved_text,destination_fallback_global,247241800,DEFER_LOW_CONFIDENCE,48.5931944444,-17.3619444444,-17.3619444444,25.9752870081
a14d10b92bcf5564dc478d87f96092f4ba095dd5364eb54ce9129ecc70cd4270,228004600,2023-07-04T08:59:49Z,48.5931944444,86.5671550086,-91.7025861235,188.888975012,UNSEEN,LOW,INELIGIBLE,UNRESOLVED,prior,TEXT:FISHING GROUNDS,unresolved_text,destination_fallback_global,247241800,DEFER_LOW_CONFIDENCE,48.5931944444,-17.3619444444,-17.3619444444,38.1363077377
61ccb2ee26493ebe487ff10601637bdb71b6960b17cefe3647db2ae0b72b34fe,228098070,2023-09-29T19:56:56Z,48.5931944444,81.7048382605,-85.5329191597,182.719308049,UNSEEN,LOW,INELIGIBLE,UNRESOLVED,prior,TEXT:LA ROCHELLE,unresolved_text,destination_fallback_global,247241800,DEFER_LOW_CONFIDENCE,48.5931944444,-17.3619444444,-17.3619444444,25.4154569939
79a1108a9b414c612c508a2612ee745252fd9d180575d7ca299d05d5defd228c,246016000,2023-07-04T17:20:37Z,48.5931944444,62.9108811985,-61.6857569913,158.87214588,UNSEEN,LOW,INELIGIBLE,UNRESOLVED,prior,TEXT:LE HAVRE SEINE,unresolved_text,destination_fallback_global,247241800,DEFER_LOW_CONFIDENCE,48.5931944444,-17.3619444444,-17.3619444444,45.7540879392
8c795db2740e07bee429374349374eb6243db67eea4f403a62edc8b9077fd4bb,215532000,2023-08-23T07:25:17Z,35.5448523534,22.7517643508,-23.7772426396,94.8669473464,UNSEEN,MEDIUM,INELIGIBLE,UNRESOLVED,tabular,FOR_ORDERS,for_orders,destination,538012456,AUTO_ETA_WITH_UNCERTAINTY,87.2474036281,78.9519444444,78.9519444444,35.5448523534
fbb8bb69c79f4cf7ababd943830b7d79e832b76833916ff97359268497fb3ec1,235095979,2023-07-13T06:55:33Z,48.5931944444,64.3448695146,-63.5053073824,160.691696271,UNSEEN,LOW,INELIGIBLE,UNRESOLVED,prior,FRDON,unlocode_like_unverified,destination_fallback_global,247241800,DEFER_LOW_CONFIDENCE,48.5931944444,-17.3619444444,-17.3619444444,27.2225559293
ce0f411f0ade49fde77da930ca0eb1dc92cc0fb051a78fdc447085bc1dee0b9a,226002250,2023-08-19T12:33:13Z,48.5931944444,88.4839053985,-94.1347007247,191.321089614,UNSEEN,LOW,INELIGIBLE,UNRESOLVED,prior,TEXT:DUNKERQUE,unresolved_text,destination_fallback_global,247241800,DEFER_LOW_CONFIDENCE,48.5931944444,-17.3619444444,-17.3619444444,41.5430336807
4dad01f0d0f3f2a4d43eb0daafad5668f4b369294a287bce189e486f76a10ac0,226012360,2023-09-21T01:54:46Z,48.5931944444,84.3751204228,-88.9211705827,186.107559472,UNSEEN,LOW,INELIGIBLE,UNRESOLVED,prior,TEXT:PLATEFORME MULTIMODA,unresolved_text,destination_fallback_global,247241800,DEFER_LOW_CONFIDENCE,48.5931944444,-17.3619444444,-17.3619444444,4.65605412577
dc7bddfe72e19c81d059ae3089979bdef6f2bfd756376198fe9198c9e16750c9,277573000,2023-09-15T20:02:57Z,48.5931944444,88.4839053985,-94.1347007247,191.321089614,UNSEEN,LOW,INELIGIBLE,UNRESOLVED,prior,TEXT:FRURO FRLEH FRURO,unresolved_text,destination_fallback_global,247241800,DEFER_LOW_CONFIDENCE,48.5931944444,-17.3619444444,-17.3619444444,39.9058219808
940cbd8cd3a9d819e7e82cd3a2613023a514c99be0eabeee8cc7608fd2f7f564,232004783,2023-08-25T10:43:25Z,48.5931944444,57.5566637573,-54.8919300616,152.07831895,UNSEEN,LOW,INELIGIBLE,UNRESOLVED,prior,DOVER,unlocode_like_unverified,destination_fallback_global,247319800,AUTO_ETA_WITH_UNCERTAINTY,48.5931944444,-10.6105555556,-10.6105555556,-11.1754174733
fdd800d9c8947d181131a2881d4798e9f2e995d8f325b5c878a1a9056ffbf77c,538003221,2023-09-01T12:11:38Z,48.5931944444,79.8933487546,-83.2343673501,180.420756239,UNSEEN,LOW,INELIGIBLE,UNRESOLVED,prior,TEXT:LONDON GATEWAY,unresolved_text,destination_fallback_global,247241800,DEFER_LOW_CONFIDENCE,48.5931944444,-17.3619444444,-17.3619444444,54.2768611366
6aa69a9d32edcf5efe4a428275f5e181d63e2f7bc313159448ebf60dec067aad,636092713,2023-09-02T21:03:14Z,48.5931944444,152.358346526,-175.183313901,272.36970279,UNSEEN,LOW,INELIGIBLE,UNRESOLVED,prior,BEZEE,unlocode_like_unverified,destination_fallback_global,247241800,DEFER_LOW_CONFIDENCE,48.5931944444,-100.135833333,-100.135833333,38.5894606514
a91555718beda78145d1cc0e4ebf65623d1110db0187b7754b5fc8df458a4abc,235050799,2023-09-01T20:57:31Z,48.5931944444,85.1428981605,-89.8953837385,187.081772627,UNSEEN,LOW,INELIGIBLE,UNRESOLVED,prior,TEXT:SCILLY,unresolved_text,destination_fallback_global,247241800,DEFER_LOW_CONFIDENCE,48.5931944444,-17.3619444444,-17.3619444444,7.25024162473
b9903b984d9dc9a7990ff9cca0a1b048d207eff52cad16b24ff3bb983314374a,229044000,2023-09-11T00:54:27Z,48.5931944444,85.1428981605,-89.8953837385,187.081772627,UNSEEN,LOW,INELIGIBLE,UNRESOLVED,prior,TEXT:LE HAVRE,unresolved_text,destination_fallback_global,247241800,DEFER_LOW_CONFIDENCE,48.5931944444,-17.3619444444,-17.3619444444,11.9646931616
004f90fad59c069b69571f77aa65a46f6be8ddf6ce5a0f379ba219d8ebcb790f,636021766,2023-09-14T09:28:28Z,34.6819580455,23.1287454839,-25.1184784796,94.4823945706,UNSEEN,MEDIUM,INELIGIBLE,UNRESOLVED,tabular,FOR_ORDERS,for_orders,destination,538012456,AUTO_ETA_WITH_UNCERTAINTY,87.2474036281,78.9519444444,78.9519444444,34.6819580455
8decc7706ce5e12b159c9571159a9f3e0ff89dbea8540d2efab6c155f0443e22,255802790,2023-07-30T04:39:37Z,48.5931944444,57.1326285161,-54.3538827984,151.540271687,UNSEEN,LOW,INELIGIBLE,UNRESOLVED,prior,GBBEL,unlocode_like_unverified,destination_fallback_global,247241800,AUTO_ETA_WITH_UNCERTAINTY,48.5931944444,-17.3619444444,-17.3619444444,34.251469699
e68719bb80d30a61a96d3f35577b0f879571055a510d2f938647ebf5e275adeb,314257000,2023-09-11T17:22:22Z,48.5931944444,84.3751204228,-88.9211705827,186.107559472,UNSEEN,LOW,INELIGIBLE,UNRESOLVED,prior,GBSHO,unlocode_like_unverified,destination_fallback_global,247241800,DEFER_LOW_CONFIDENCE,48.5931944444,-17.3619444444,-17.3619444444,-3.90543158943
accacc47cd8e03597c4eac9229100d52705342c54a272b37ae8d794b8d32f4ca,255998000,2023-08-22T21:05:29Z,48.5931944444,88.0835487265,-93.6266985806,190.813087469,UNSEEN,LOW,INELIGIBLE,UNRESOLVED,prior,FRHON,unlocode_like_unverified,destination_fallback_global,247241800,DEFER_LOW_CONFIDENCE,48.5931944444,-17.3619444444,-17.3619444444,32.7867044865
f1b421cc41e906770b73cf2fafafdae2d696fafb605f737cbedcb19d91c7cb1f,255806285,2023-07-30T08:06:24Z,48.5931944444,65.1667329152,-64.5481484259,161.734537315,UNSEEN,LOW,INELIGIBLE,UNRESOLVED,prior,BRVIX,unlocode_like_unverified,destination_fallback_global,247241800,DEFER_LOW_CONFIDENCE,48.5931944444,-17.3619444444,-17.3619444444,22.2373213537
635e4b561dc7e4820f81536f9ca90439f7e5a948c5cbadcd6f23866242d7b8a0,257077520,2023-07-02T12:09:33Z,48.5931944444,55.1124671388,-51.7905526912,148.97694158,UNSEEN,LOW,INELIGIBLE,UNRESOLVED,prior,ESBIO,unlocode_like_unverified,destination_fallback_global,247241800,AUTO_ETA_WITH_UNCERTAINTY,48.5931944444,-17.3619444444,-17.3619444444,23.265489847
22519b7c5fa2c0ef8bd7d7dbaad25e3a3edd279cc4693083129f852476059548,271002685,2023-08-23T19:04:34Z,48.5931944444,62.2097049792,-60.796052766,157.982441655,UNSEEN,LOW,INELIGIBLE,UNRESOLVED,prior,ESBIO,unlocode_like_unverified,destination_fallback_global,247241800,DEFER_LOW_CONFIDENCE,48.5931944444,-17.3619444444,-17.3619444444,31.106456571
0982796a0b041cd40dbc34bbf87c360d776dbc82fd23f6b1ae481bcaa08cd837,235076846,2023-09-07T16:13:13Z,48.5931944444,80.8944073122,-84.5045844569,181.690973346,UNSEEN,LOW,INELIGIBLE,UNRESOLVED,prior,GBPME,unlocode_like_unverified,destination_fallback_global,247241800,DEFER_LOW_CONFIDENCE,48.5931944444,-17.3619444444,-17.3619444444,30.5906245288
430b16c9402377466f8f100404377c9b6c84de58e47f59e326fc44960fbd02e2,248013000,2023-07-16T06:10:22Z,38.9206447944,4.60181135979,2.62855199284,75.212737596,UNSEEN,HIGH,ELIGIBLE,RESOLVED,physics_gate,NLRTM,curated_alias,destination,352003495,AUTO_ETA_WITH_UNCERTAINTY,81.3198290598,190.408611111,38.9206447944,-2.59842428555
779ca6eaf9ed7e3e2d2f4daaafae51037283f2a1cd0967d4519667ac2d36a662,538010589,2023-09-26T00:02:43Z,48.5931944444,61.1337397655,-59.4307885561,156.617177445,UNSEEN,LOW,INELIGIBLE,UNRESOLVED,prior,TEXT:FLUSHING,unresolved_text,destination_fallback_global,247241800,DEFER_LOW_CONFIDENCE,48.5931944444,-17.3619444444,-17.3619444444,35.7565577842
8c7d96fc7a31bd5d8aa242656cb6dbe4f56045789c26c393e033997d5d487323,244790047,2023-09-27T19:44:58Z,43.3561941405,4.21365615912,7.55662135405,79.1557669269,UNSEEN,HIGH,ELIGIBLE,RESOLVED,physics_gate,NLRTM,curated_alias,destination,352003495,AUTO_ETA_WITH_UNCERTAINTY,81.3198290598,190.408611111,43.3561941405,32.198288293
2d8101140781e1336b162fddf44381b1fdf37f82272faefeedae99f415b8052f,636018362,2023-08-03T00:54:26Z,48.5931944444,84.3751204228,-88.9211705827,186.107559472,UNSEEN,LOW,INELIGIBLE,UNRESOLVED,prior,FRDKK,unlocode_like_unverified,destination_fallback_global,247241800,DEFER_LOW_CONFIDENCE,48.5931944444,-17.3619444444,-17.3619444444,5.19876334519
b80f5fc329f5a9fab06ff4c51c45143f43cb77e88339bd8a1bc061209f7f12fd,352001310,2023-09-03T12:07:34Z,48.5931944444,64.1062063634,-63.2024739317,160.388862821,UNSEEN,LOW,INELIGIBLE,UNRESOLVED,prior,FIPOR,unlocode_like_unverified,destination_fallback_global,247241800,DEFER_LOW_CONFIDENCE,48.5931944444,-17.3619444444,-17.3619444444,33.3249362444
772221ed1ce4573602dc592fbb89567afdf3c6eb0eb44728636da8f7509ada5c,304050840,2023-08-10T05:18:24Z,48.5931944444,85.1428981605,-89.8953837385,187.081772627,UNSEEN,LOW,INELIGIBLE,UNRESOLVED,prior,FRPJE,unlocode_like_unverified,destination_fallback_global,247241800,DEFER_LOW_CONFIDENCE,48.5931944444,-17.3619444444,-17.3619444444,11.153186336
26f8bcb4ff536f4e54226337206ec403480abd0a00322f4c0117c7d56aab6c66,247289800,2023-07-08T10:37:59Z,48.5931944444,62.9979586147,-61.7962472547,158.982636144,UNSEEN,LOW,INELIGIBLE,UNRESOLVED,prior,NLAMS,unlocode_like_unverified,destination_fallback_global,247241800,DEFER_LOW_CONFIDENCE,48.5931944444,-17.3619444444,-17.3619444444,34.5128430601
3d97afd594e4e3eed4efb9f61250ca6d0828854e27273c4fa2951397cf11ff00,227062830,2023-07-10T05:12:49Z,48.5931944444,84.4849706619,-89.0605566873,186.246945576,UNSEEN,LOW,INELIGIBLE,UNRESOLVED,prior,TEXT:NANTERRE SHELL,unresolved_text,destination_fallback_global,247241800,DEFER_LOW_CONFIDENCE,48.5931944444,-17.3619444444,-17.3619444444,46.6068648657
60bb7fafc790564bb8f80a7ffb10ee2cd797334b830b15b6dcc8ed26c9302c8f,244090781,2023-09-17T14:37:28Z,48.5931944444,84.3751204228,-88.9211705827,186.107559472,UNSEEN,LOW,INELIGIBLE,UNRESOLVED,prior,TEXT:FECAMP OWF,unresolved_text,destination_fallback_global,247241800,DEFER_LOW_CONFIDENCE,48.5931944444,-17.3619444444,-17.3619444444,2.95075671031
95542e7689cbc0df62fa0e1beef8fba5ceedd411aa6fa1564b3fd0bfe603bea9,636093075,2023-08-28T12:52:57Z,70.1394444444,15.5816718426,19.9152929149,120.363595974,UNSEEN,MEDIUM,INELIGIBLE,UNRESOLVED,route,EGEDK,unlocode_like_unverified,destination,248507000,AUTO_ETA_WITH_UNCERTAINTY,57.3901840894,70.1394444444,70.1394444444,38.9160671027
75062b1008d4bc556da26780ca91604d0ff7a4c4110bade36442467757a1f9ba,477587000,2023-09-03T10:56:44Z,48.5931944444,61.753066945,-60.2166366687,157.403025558,UNSEEN,LOW,INELIGIBLE,UNRESOLVED,prior,BEANR,unlocode_like_unverified,destination_fallback_global,247241800,DEFER_LOW_CONFIDENCE,48.5931944444,-17.3619444444,-17.3619444444,34.5199669339
4617c76cc265ff5ce349d7e43bedff92560ffd98521b0cca98f60edc1bf92e53,314220000,2023-08-04T15:49:22Z,38.9290776702,32.9508529525,-33.3343749651,111.192530305,UNSEEN,LOW,INELIGIBLE,UNRESOLVED,tabular,FOR_ORDERS,for_orders,destination,538012456,AUTO_ETA_WITH_UNCERTAINTY,87.2474036281,78.9519444444,78.9519444444,38.9290776702
22d4c267413a069ec80ef45c640b32620c3be6fe23c3c10b1ddea4c9aebcd5a6,235031618,2023-09-06T05:33:35Z,48.5931944444,85.1428981605,-89.8953837385,187.081772627,UNSEEN,LOW,INELIGIBLE,UNRESOLVED,prior,GBFBU,unlocode_like_unverified,destination_fallback_global,247241800,DEFER_LOW_CONFIDENCE,48.5931944444,-17.3619444444,-17.3619444444,21.9178272207
cf9884fb69d90ecddf63f30213b5edcca5e04c8878aab52da24188121114b70f,219447000,2023-08-15T17:28:32Z,48.5931944444,88.4839053985,-94.1347007247,191.321089614,UNSEEN,LOW,INELIGIBLE,UNRESOLVED,prior,TEXT:SAINT MALO FR,unresolved_text,destination_fallback_global,247241800,DEFER_LOW_CONFIDENCE,48.5931944444,-17.3619444444,-17.3619444444,41.3761016266
492b948466e2572c780acd0d715bde255a96632a6da500964cca3961e6f8376c,209763000,2023-09-29T14:36:04Z,48.5931944444,84.4849706619,-89.0605566873,186.246945576,UNSEEN,LOW,INELIGIBLE,UNRESOLVED,prior,TEXT:FRPJE GBFAW,unresolved_text,destination_fallback_global,247241800,DEFER_LOW_CONFIDENCE,48.5931944444,-17.3619444444,-17.3619444444,47.0260475957
8cd85ab27c7241c644d9c0fe3ee48437ae8ae9823bdc421aad257fc87b077f89,538006249,2023-08-23T04:16:38Z,48.5931944444,60.8225726905,-59.0359567666,156.222345655,UNSEEN,LOW,INELIGIBLE,UNRESOLVED,prior,PTLEI,unlocode_like_unverified,destination_fallback_global,247241800,AUTO_ETA_WITH_UNCERTAINTY,48.5931944444,-17.3619444444,-17.3619444444,48.89657841
9d46701a9aff71b2f5b79601fb1930cc99fee97fc12323241b62aa4b72294af2,249435000,2023-07-26T23:02:49Z,48.5931944444,85.1428981605,-89.8953837385,187.081772627,UNSEEN,LOW,INELIGIBLE,UNRESOLVED,prior,FRLEH,unlocode_like_unverified,destination_fallback_global,247241800,DEFER_LOW_CONFIDENCE,48.5931944444,-17.3619444444,-17.3619444444,9.33062743904
febfeb433f158dfeb59e74189023d8b4de6573f09b567cf602cbfc9a90dee6a0,232023027,2023-07-12T06:19:57Z,48.5931944444,84.9878149005,-89.6986026328,186.884991522,UNSEEN,LOW,INELIGIBLE,UNRESOLVED,prior,TEXT:FALMOUTH,unresolved_text,destination_fallback_global,247241800,DEFER_LOW_CONFIDENCE,48.5931944444,-17.3619444444,-17.3619444444,24.3617126797
f6306f3ddd21efaebee0acf432c27b9b58c64c8a05ed234bb5261438185ad7d0,246391000,2023-08-28T02:01:17Z,48.5931944444,88.0835487265,-93.6266985806,190.813087469,UNSEEN,LOW,INELIGIBLE,UNRESOLVED,prior,TEXT:TO ORDER,unresolved_text,destination_fallback_global,247241800,DEFER_LOW_CONFIDENCE,48.5931944444,-17.3619444444,-17.3619444444,28.7530845409
2acbd9cc0429e138efe45a84cb0c784197369a483eb2990dc25b02b124e04fd1,247149100,2023-09-10T03:26:21Z,48.5931944444,76.9796949293,-79.5373079684,176.723696857,UNSEEN,LOW,INELIGIBLE,UNRESOLVED,prior,FRFOS,unlocode_like_unverified,destination_fallback_global,247241800,DEFER_LOW_CONFIDENCE,48.5931944444,-17.3619444444,-17.3619444444,51.9028185553
ce268f9458111f268c8f1df8df2e4ecb0fa42795abef8c0f59b444d8765c0ec7,241294000,2023-08-23T12:04:46Z,48.5931944444,62.2097049792,-60.796052766,157.982441655,UNSEEN,LOW,INELIGIBLE,UNRESOLVED,prior,FRURO,unlocode_like_unverified,destination_fallback_global,247241800,DEFER_LOW_CONFIDENCE,48.5931944444,-17.3619444444,-17.3619444444,33.099024818
7ac6668d3480de25b9a93863009caa848684591e9433223ee0026f7730483f25,244424000,2023-08-08T02:57:06Z,48.5931944444,56.1430860703,-53.0982781857,150.284667075,UNSEEN,LOW,INELIGIBLE,UNRESOLVED,prior,TEXT:TO ORDER,unresolved_text,destination_fallback_global,247241800,AUTO_ETA_WITH_UNCERTAINTY,48.5931944444,-17.3619444444,-17.3619444444,37.6678102486
086513262380a93f41192994509b463392600bf22072a85c3a3bd6376008a2e7,563758000,2023-07-05T21:04:08Z,31.4741948962,9.57865761687,-11.1328883775,74.0812781698,UNSEEN,HIGH,INELIGIBLE,RESOLVED,tabular,NLRTM,route_terminal_unlocode,destination,352003495,AUTO_ETA_WITH_UNCERTAINTY,81.3198290598,190.408611111,190.408611111,31.4741948962
6b4c219985f1aa900fb32979dc2cf1b0f2b443fad5191c7fa94bec6f18fcd15a,244519000,2023-07-31T16:06:49Z,48.5931944444,64.1062063634,-63.2024739317,160.388862821,UNSEEN,LOW,INELIGIBLE,UNRESOLVED,prior,TEXT:ZEEBRUGGE,unresolved_text,destination_fallback_global,247241800,DEFER_LOW_CONFIDENCE,48.5931944444,-17.3619444444,-17.3619444444,33.9544130848
33f449137619d4d9b4e4d87089e5f8f6b7f1dd0dd63f3cec483bcefc5c202cbd,227270000,2023-08-03T14:29:47Z,48.5931944444,86.5671550086,-91.7025861235,188.888975012,UNSEEN,LOW,INELIGIBLE,UNRESOLVED,prior,BREST,unlocode_like_unverified,destination_fallback_global,247241800,DEFER_LOW_CONFIDENCE,48.5931944444,-17.3619444444,-17.3619444444,36.6800135501
afb538fde1bd3b084730d55df3da550fb21c8fa697ae6462be8438c0f52b036d,244620052,2023-08-22T13:00:43Z,48.5931944444,152.358346526,-175.183313901,272.36970279,UNSEEN,LOW,INELIGIBLE,UNRESOLVED,prior,FRLRT,unlocode_like_unverified,destination_fallback_global,247241800,DEFER_LOW_CONFIDENCE,48.5931944444,-100.135833333,-100.135833333,39.2093959876
affa83e4c26205939cd53e3feb1dd562994f2f78e849ce2d6cc67edc4808b0bd,258537000,2023-09-22T14:21:49Z,48.5931944444,84.3751204228,-88.9211705827,186.107559472,UNSEEN,LOW,INELIGIBLE,UNRESOLVED,prior,TEXT:SAINT BRIEUC OWF,unresolved_text,destination_fallback_global,247241800,DEFER_LOW_CONFIDENCE,48.5931944444,-17.3619444444,-17.3619444444,3.63198614778
b59766da7ed3a3c68fd70b9ccb0af3e481fd33f0052e4a9a849687ac6dda6ef0,311000466,2023-08-05T06:47:33Z,45.9176163649,24.5444338483,-15.6791502196,107.514382949,UNSEEN,MEDIUM,INELIGIBLE,UNRESOLVED,tabular,FOR_ORDERS,for_orders,destination,538012456,AUTO_ETA_WITH_UNCERTAINTY,87.2474036281,78.9519444444,78.9519444444,45.9176163649
5a631fde87f5c14b718a42f5827b4d8076d1a9e5158c6d591fe0cebf8a944330,235074703,2023-09-20T05:33:10Z,48.5931944444,84.3751204228,-88.9211705827,186.107559472,UNSEEN,LOW,INELIGIBLE,UNRESOLVED,prior,TEXT:PORTSOUTH,unresolved_text,destination_fallback_global,247241800,DEFER_LOW_CONFIDENCE,48.5931944444,-17.3619444444,-17.3619444444,3.48832439668
66650c83c89c8a560f2a84e178dabf5308ccc40771c8857cc6cea4b43312cb07,538009123,2023-07-23T16:01:10Z,33.3253994451,25.0469882117,-28.9090452698,95.5598441601,UNSEEN,MEDIUM,INELIGIBLE,UNRESOLVED,tabular,FOR_ORDERS,for_orders,destination,538012456,AUTO_ETA_WITH_UNCERTAINTY,87.2474036281,78.9519444444,78.9519444444,33.3253994451
480a0efab41096c09d2f8018f4718ede7bcde8113ce66ed5892ab8c1cc3e352e,246346000,2023-07-09T00:09:22Z,48.5931944444,84.4849706619,-89.0605566873,186.246945576,UNSEEN,LOW,INELIGIBLE,UNRESOLVED,prior,TEXT:LE HAVRE,unresolved_text,destination_fallback_global,247241800,DEFER_LOW_CONFIDENCE,48.5931944444,-17.3619444444,-17.3619444444,48.330924173
d3c3ef4a6c530efd947e9426c0a10a0a08c467011df1544ffb75526c58367157,244338000,2023-09-23T08:28:40Z,48.5931944444,64.3988047666,-63.5737444177,160.760133307,UNSEEN,LOW,INELIGIBLE,UNRESOLVED,prior,FRBOL,unlocode_like_unverified,destination_fallback_global,247241800,DEFER_LOW_CONFIDENCE,48.5931944444,-17.3619444444,-17.3619444444,39.1964582746
6da32247181c46c200997fa6302136c1e6c329836ead8c0b3c8b74ac25e9a596,211839040,2023-09-28T20:16:06Z,48.5931944444,84.4849706619,-89.0605566873,186.246945576,UNSEEN,LOW,INELIGIBLE,UNRESOLVED,prior,TEXT:GBRYE RYE,unresolved_text,destination_fallback_global,247241800,DEFER_LOW_CONFIDENCE,48.5931944444,-17.3619444444,-17.3619444444,48.2186613683
664b3149fe2de6666869687d5c63dc71abea72927b99c247ed8833b06835ff1a,548907000,2023-07-26T18:01:49Z,176.434851194,5.15446305004,139.44151307,213.428189318,UNSEEN,HIGH,ELIGIBLE,RESOLVED,physics_gate,EGPSD,exact_unlocode,destination,538009968,AUTO_ETA_WITH_UNCERTAINTY,61.1024280613,66.6188888889,176.434851194,31.6423608188
c91adb60bfe476822d364114076a2985482b4d766386a28f5108ac6a846054d0,210204000,2023-08-08T22:14:04Z,48.5931944444,84.9878149005,-89.6986026328,186.884991522,UNSEEN,LOW,INELIGIBLE,UNRESOLVED,prior,TEXT:NORMANDIE AO4 AO8,unresolved_text,destination_fallback_global,247241800,DEFER_LOW_CONFIDENCE,48.5931944444,-17.3619444444,-17.3619444444,23.1426743671
7785e6a8f71d622bc6f4124232aa67b7b62f9141ec0d8d03ea1a62d030db86cd,308654000,2023-09-07T12:46:37Z,48.5931944444,152.358346526,-175.183313901,272.36970279,UNSEEN,LOW,INELIGIBLE,UNRESOLVED,prior,TEXT:PASAJES,unresolved_text,destination_fallback_global,247241800,DEFER_LOW_CONFIDENCE,48.5931944444,-100.135833333,-100.135833333,43.2147232274
69a1850a340648a08a6136b9f0ca7d9ae864500d7840011df7295edadfca13e3,538071496,2023-08-22T09:57:49Z,48.5931944444,86.5671550086,-91.7025861235,188.888975012,UNSEEN,LOW,INELIGIBLE,UNRESOLVED,prior,GBFAL,unlocode_like_unverified,destination_fallback_global,247241800,DEFER_LOW_CONFIDENCE,48.5931944444,-17.3619444444,-17.3619444444,38.0179817432
8605761e843d0ea59dbe89742109631f99f0920db7a41d338cdd3748f98023e2,538009536,2023-08-13T18:37:46Z,48.5931944444,60.8225726905,-59.0359567666,156.222345655,UNSEEN,LOW,INELIGIBLE,UNRESOLVED,prior,RUULU,unlocode_like_unverified,destination_fallback_global,247241800,AUTO_ETA_WITH_UNCERTAINTY,48.5931944444,-17.3619444444,-17.3619444444,45.4481880721
1933d0b4ef2dd6a0bab3e87c0d2cc3d32a08e799e9f4697d5aa44573871d93bd,232007052,2023-09-23T23:41:06Z,48.5931944444,84.3751204228,-88.9211705827,186.107559472,UNSEEN,LOW,INELIGIBLE,UNRESOLVED,prior,FRCQF,unlocode_like_unverified,destination_fallback_global,247241800,DEFER_LOW_CONFIDENCE,48.5931944444,-17.3619444444,-17.3619444444,-2.02024102258
543aa5f304fec5f91371c2662307a6ba499f22438b501d4efeab3548b01a57ee,305268000,2023-07-30T17:03:22Z,48.5931944444,63.1266637636,-61.959557863,159.145946752,UNSEEN,LOW,INELIGIBLE,UNRESOLVED,prior,TEXT:RTM RST S,unresolved_text,destination_fallback_global,247241800,DEFER_LOW_CONFIDENCE,48.5931944444,-17.3619444444,-17.3619444444,42.123715886
fb69a6c5f2a872eafcce88590e78504abbc4687c53e77cc8fd2c32fa405b6fbc,228315700,2023-09-20T06:46:10Z,48.5931944444,88.4839053985,-94.1347007247,191.321089614,UNSEEN,LOW,INELIGIBLE,UNRESOLVED,prior,ESBIO,unlocode_like_unverified,destination_fallback_global,247241800,DEFER_LOW_CONFIDENCE,48.5931944444,-17.3619444444,-17.3619444444,44.3430371019
27a69b8e04fcdf9c91b7a10c97f3f74ee3e7786035055e7a192132e167de2bcb,235108525,2023-09-18T10:38:48Z,48.5931944444,86.5671550086,-91.7025861235,188.888975012,UNSEEN,LOW,INELIGIBLE,UNRESOLVED,prior,NOMON,unlocode_like_unverified,destination_fallback_global,247241800,DEFER_LOW_CONFIDENCE,48.5931944444,-17.3619444444,-17.3619444444,35.3301998129
93835cea86f71a091c79cf157fe5d7119f86014730dd8aaf325c4bc513d8e030,228115230,2023-09-13T11:24:49Z,48.5931944444,197.929548271,-233.00742378,330.193812669,UNSEEN,LOW,INELIGIBLE,UNRESOLVED,prior,BREST,unlocode_like_unverified,destination_fallback_global,247241800,DEFER_LOW_CONFIDENCE,48.5931944444,-100.135833333,-100.135833333,32.5640919364
916b8788d41ae9c943d3b7485cfd43ed5225542db6c593f33efef780328e5fa3,246127000,2023-09-24T18:12:45Z,48.5931944444,60.8225726905,-59.0359567666,156.222345655,UNSEEN,LOW,INELIGIBLE,UNRESOLVED,prior,BEANR,unlocode_like_unverified,destination_fallback_global,247241800,AUTO_ETA_WITH_UNCERTAINTY,48.5931944444,-17.3619444444,-17.3619444444,47.6437034286
a7c0d38e2a7dd23f354446d8e12d2c16162106c08fa8218add51f688899c2a52,538007298,2023-07-21T05:30:17Z,64.495595103,5.85119079837,26.6181973024,102.372992904,UNSEEN,HIGH,ELIGIBLE,RESOLVED,physics_gate,NLRTM,exact_unlocode,destination,352003495,AUTO_ETA_WITH_UNCERTAINTY,81.3198290598,190.408611111,64.495595103,59.7335026298
bcf88061f3d4e87cb938bdca4a742d56587bc2c698006baa184a4062aa746bb7,246171000,2023-08-23T04:39:27Z,48.5931944444,88.0835487265,-93.6266985806,190.813087469,UNSEEN,LOW,INELIGIBLE,UNRESOLVED,prior,TEXT:FRFEC OWF FRFEC,unresolved_text,destination_fallback_global,247241800,DEFER_LOW_CONFIDENCE,48.5931944444,-17.3619444444,-17.3619444444,33.9674403675
b35860f9a5ede063ec3532366a345c9bbd0c9cbc7fac3c26eb63592fd7c7de34,371473000,2023-09-16T23:57:59Z,48.5931944444,88.4839053985,-94.1347007247,191.321089614,UNSEEN,LOW,INELIGIBLE,UNRESOLVED,prior,TEXT:PORTLAND,unresolved_text,destination_fallback_global,247241800,DEFER_LOW_CONFIDENCE,48.5931944444,-17.3619444444,-17.3619444444,44.9821002732
3db4d414eacd4abddbfe298b389b4b5f398e259db72c4e0a3531af89025fa425,511100781,2023-08-25T03:20:27Z,48.5931944444,104.697701921,-114.707964447,211.894353336,UNSEEN,LOW,INELIGIBLE,UNRESOLVED,prior,TEXT:TO ORDER,unresolved_text,destination_fallback_global,247241800,DEFER_LOW_CONFIDENCE,48.5931944444,-17.3619444444,-17.3619444444,53.123405522
a6c0f3e79109497ba1261c46e0449110e2c38bbdc309d6989794d1ebb9159f54,215221000,2023-08-24T17:46:50Z,48.5931944444,135.352496791,-153.605034506,250.791423394,UNSEEN,LOW,INELIGIBLE,UNRESOLVED,prior,MAPTM,unlocode_like_unverified,destination_fallback_global,247241800,DEFER_LOW_CONFIDENCE,48.5931944444,-17.3619444444,-17.3619444444,66.4489363681
0d0d2d48c109727113328199f3d897adce96305cfbd1d22c12de9f64ddea8bac,247373700,2023-07-01T22:25:16Z,48.5931944444,67.7329750351,-67.8043861514,164.99077504,UNSEEN,LOW,INELIGIBLE,UNRESOLVED,prior,BEARN,unlocode_like_unverified,destination_fallback_global,247241800,DEFER_LOW_CONFIDENCE,48.5931944444,-17.3619444444,-17.3619444444,39.3979988367
cff60de93dcc2bb8242735d63f22992a99d27dc2295c384841fc5098c9797fbf,241798000,2023-09-17T20:56:32Z,48.5931944444,84.4849706619,-89.0605566873,186.246945576,UNSEEN,LOW,INELIGIBLE,UNRESOLVED,prior,TEXT:STB OWF,unresolved_text,destination_fallback_global,247241800,DEFER_LOW_CONFIDENCE,48.5931944444,-17.3619444444,-17.3619444444,47.4015666218
80bcd9d2f980f0e914230b5ae2ef0e7aaae4b13eedc9619d5fed9597ad4b4b01,220010000,2023-07-09T11:13:27Z,48.5931944444,63.1266637636,-61.959557863,159.145946752,UNSEEN,LOW,INELIGIBLE,UNRESOLVED,prior,DEBRV,unlocode_like_unverified,destination_fallback_global,247241800,DEFER_LOW_CONFIDENCE,48.5931944444,-17.3619444444,-17.3619444444,44.8996509117
4de0a5a8390e59e5a533e49c09f493046fee0d8f928f1f6b4d30457268a07b39,227148000,2023-08-15T05:17:19Z,48.5931944444,105.702386951,-115.982783091,213.16917198,UNSEEN,LOW,INELIGIBLE,UNRESOLVED,prior,BREST,unlocode_like_unverified,destination_fallback_global,247241800,DEFER_LOW_CONFIDENCE,48.5931944444,-17.3619444444,-17.3619444444,49.7772797113
4232d5e7e0994cfb88d7c64350bc29b766b022bc45ba15d6e84dcaf1ea43ab05,235096845,2023-07-02T13:23:35Z,48.5931944444,85.1428981605,-89.8953837385,187.081772627,UNSEEN,LOW,INELIGIBLE,UNRESOLVED,prior,TEXT:BRIXHAM,unresolved_text,destination_fallback_global,247241800,DEFER_LOW_CONFIDENCE,48.5931944444,-17.3619444444,-17.3619444444,14.895993317
eb06b1a96cbb0cc25df7535450a2ee8f1297e226267ab617087756b6978b7561,232008913,2023-07-23T04:17:41Z,-1324.44222222,315.193733629,-1754.83630824,-894.048136207,UNSEEN,LOW,INELIGIBLE,UNRESOLVED,prior,UNKNOWN,unknown,destination,247305480,DEFER_LOW_CONFIDENCE,-1324.44222222,-2422.87055556,-2422.87055556,6.39131377808
cc0c2c96e514580aa910c3145493f1e184e9f7827f4ed3b5ab4707e00e964920,636017184,2023-09-16T18:15:26Z,48.5931944444,56.8556137818,-54.0023860237,151.188774913,UNSEEN,LOW,INELIGIBLE,UNRESOLVED,prior,NLAMS,unlocode_like_unverified,destination_fallback_global,247241800,AUTO_ETA_WITH_UNCERTAINTY,48.5931944444,-17.3619444444,-17.3619444444,30.0330333817
297f91a5cdbb120e6baa08996bc38359444089c535e23427d6fee6fc8d39035c,219127000,2023-09-20T11:00:15Z,48.5931944444,54.8450789169,-51.4512707471,148.637659636,UNSEEN,LOW,INELIGIBLE,UNRESOLVED,prior,FRMTX,unlocode_like_unverified,destination_fallback_global,247241800,AUTO_ETA_WITH_UNCERTAINTY,48.5931944444,-17.3619444444,-17.3619444444,25.22601833
0077b9cb7d1f15063a7a69659fe502760fef1a96a4804971e6297127b05fe48f,235103844,2023-08-12T08:39:46Z,48.5931944444,88.4839053985,-94.1347007247,191.321089614,UNSEEN,LOW,INELIGIBLE,UNRESOLVED,prior,GBRAM,unlocode_like_unverified,destination_fallback_global,247241800,DEFER_LOW_CONFIDENCE,48.5931944444,-17.3619444444,-17.3619444444,39.6099539362
