port,session_id,mmsi,name,m2_temporal_fold,ground_truth_time,decision_time,source_observation_time,true_tta_h,horizon_band,sog_median_30m_kn,lon_clean,lat_clean,geodesic_distance_km,prototype_route_km,prototype_cross_track_km,route_knn_distance_km,knn_mean_cross_track_km,route_family,prototype_kind,knn_neighbor_sessions,knn_neighbor_mmsi,cold_vessel_in_fold,pred_m2_geodesic_h,pred_m2_sector_prototype_h,pred_m2_route_knn_h
CATANIA,CT-018,246518000,DEO VOLENTE,1,2026-04-07 04:20:23.000,2026-04-07 04:15:00,2026-04-07 04:14:48,0.0897222222222222,<6h,5.1,15.103607,37.477247,1.0963340710369949,1.2112293739204212,0.11280632025466623,1.1842708700083036,0.028980250541325508,SSE,sector,CT-011|CT-009|CT-012,247296500|249281000|247319800,True,0.11607314519935998,0.12823755705759765,0.1253833555677279
CATANIA,CT-019,314900000,GOLDEN EMAN,1,2026-04-07 05:16:11.500,2026-04-06 01:00:00,2026-04-06 00:59:00,28.269861111111112,24-48h,11.9,15.506092,37.076625,58.1140273197022,66.8170238097516,9.955343499686268,67.00677480967971,9.703618869283096,SSE,sector,CT-010|CT-017|CT-012,247453600|247383400|247319800,True,2.6368961703768896,3.0317904699780205,3.040400330765727
CATANIA,CT-019,314900000,GOLDEN EMAN,1,2026-04-07 05:16:11.500,2026-04-07 05:00:00,2026-04-07 04:59:27,0.2698611111111111,<6h,0.45,15.106165,37.476392,1.2987478109478547,1.4629474471936608,0.1197137227828621,1.4359762578528095,0.03169908236080946,SSE,sector,CT-011|CT-009|CT-012,247296500|249281000|247319800,True,0.701267716494522,0.7899284272103999,0.7753651500285148
CATANIA,CT-019,314900000,GOLDEN EMAN,1,2026-04-07 05:16:11.500,2026-04-07 05:15:00,2026-04-07 05:14:40,0.0198611111111111,<6h,2.95,15.096778,37.485447,0.0768357778779112,0.10002385302208883,0.07123705400393708,0.1030539469817878,0.06669374321862316,OTHER,port_fallback,CT-009|CT-014|CT-017,249281000|205481000|247383400,True,0.014063729157285057,0.018307986422756672,0.018862603320603983
CATANIA,CT-023,249281000,EUROCARGO VALENCIA,1,2026-04-07 21:43:09.000,2026-04-07 17:30:00,2026-04-07 17:29:09,4.219166666666666,<6h,13.5,15.283713,36.743262,84.20494449467492,93.66192549177524,31.54661661431586,94.40687854663318,14.694701690860649,SSE,sector,CT-012|CT-010|CT-017,247319800|247453600|247383400,False,3.367928345519355,3.7461773254849704,3.7759730640202056
CATANIA,CT-023,249281000,EUROCARGO VALENCIA,1,2026-04-07 21:43:09.000,2026-04-07 17:45:00,2026-04-07 17:44:23,3.9691666666666663,<6h,13.6,15.313057,36.79485,79.17399171672798,87.38066498612919,25.26535610866982,88.11428572222641,9.1166073718232,SSE,sector,CT-012|CT-010|CT-017,247319800|247453600|247383400,False,3.143421726778998,3.4692488639518957,3.49837559245277
CATANIA,CT-023,249281000,EUROCARGO VALENCIA,1,2026-04-07 21:43:09.000,2026-04-07 18:45:00,2026-04-07 18:44:13,2.9691666666666667,<6h,12.3,15.424392,36.989235,62.34253103986264,64.45480083776536,2.3394919603059887,65.7397581274762,1.4415705418502747,SSE,sector,CT-010|CT-017|CT-012,247453600|247383400|247319800,False,2.7367702259856466,2.8294966038809006,2.8859048502816638
CATANIA,CT-023,249281000,EUROCARGO VALENCIA,1,2026-04-07 21:43:09.000,2026-04-07 19:00:00,2026-04-07 18:59:25,2.7191666666666667,<6h,12.3,15.410402,37.040468,56.73825111677256,59.342404198414265,0.7629911907371915,59.2688970425221,0.5872408978999214,SSE,sector,CT-010|CT-017|CT-012,247453600|247383400|247319800,False,2.490748350136638,2.6050678764514856,2.6018409911728955
CATANIA,CT-023,249281000,EUROCARGO VALENCIA,1,2026-04-07 21:43:09.000,2026-04-07 19:15:00,2026-04-07 19:14:37,2.4691666666666667,<6h,12.3,15.386233,37.08992,50.89728168940158,52.83129967780395,0.11391314739334667,53.619701349780534,0.4964546045952738,SSE,sector,CT-012|CT-010|CT-017,247319800|247453600|247383400,False,2.234336058991447,2.3192373736941803,2.353847361225857
CATANIA,CT-023,249281000,EUROCARGO VALENCIA,1,2026-04-07 21:43:09.000,2026-04-07 19:30:00,2026-04-07 19:29:50,2.2191666666666667,<6h,12.4,15.359237,37.137858,45.08847941048043,47.77348250843318,0.8194659312585204,48.854241229667586,1.3455162445750526,SSE,sector,CT-012|CT-010|CT-017,247319800|247453600|247383400,False,1.9633734850937272,2.080291685903347,2.127353220131139
CATANIA,CT-023,249281000,EUROCARGO VALENCIA,1,2026-04-07 21:43:09.000,2026-04-07 19:45:00,2026-04-07 19:44:02,1.9691666666666667,<6h,12.4,15.331757,37.18181,39.64588126117497,43.515970098185875,1.9079257846191355,42.537942809571,1.6396891475190367,SSE,sector,CT-014|CT-012|CT-010,205481000|247319800|247453600,False,1.7263760738684844,1.8948987188299429,1.8523106149224464
CATANIA,CT-023,249281000,EUROCARGO VALENCIA,1,2026-04-07 21:43:09.000,2026-04-07 20:00:00,2026-04-07 19:59:15,1.7191666666666667,<6h,12.15,15.30791,37.228895,34.08977204160775,37.6208329179451,1.8991074155354086,37.0353774731124,1.626472601228344,SSE,sector,CT-014|CT-012|CT-010,205481000|247319800|247453600,False,1.5149797812445114,1.6719032663140325,1.6458851057743111
CATANIA,CT-023,249281000,EUROCARGO VALENCIA,1,2026-04-07 21:43:09.000,2026-04-07 20:15:00,2026-04-07 20:14:28,1.4691666666666667,<6h,12.0,15.282993,37.276557,28.46287614148497,31.462172937994183,1.7546574466859413,30.816550427299298,1.2588472765322083,SSE,sector,CT-014|CT-012|CT-010,205481000|247319800|247453600,False,1.2807269682093667,1.4156845274475423,1.3866338385213866
CATANIA,CT-023,249281000,EUROCARGO VALENCIA,1,2026-04-07 21:43:09.000,2026-04-07 20:30:00,2026-04-07 20:29:41,1.2191666666666667,<6h,12.1,15.257247,37.32432,22.83951008711247,24.974991744510433,0.9935593127658615,24.452033468913438,0.7296137381804622,SSE,sector,CT-014|CT-012|CT-010,205481000|247319800|247453600,False,1.0192023850522316,1.1144972486528046,1.091160481807179
CATANIA,CT-024,247241800,EUROCARGO PALERMO,1,2026-04-08 05:45:29.500,2026-04-08 05:45:00,2026-04-08 05:44:59,0.0081944444444444,<6h,8.55,15.097797,37.484953,0.1013357574514043,0.10661151512585726,0.005424680101794807,0.10417757801078617,0.003118937406376541,SSE,sector,CT-012|CT-006|CT-010,247319800|247319800|247453600,True,0.006399641130903483,0.006732820224436186,0.0065791101771302185
CATANIA,CT-029,253000169,BRITOIL CONFIDENCE,2,2026-04-09 06:15:00.500,2026-04-09 01:45:00,2026-04-09 01:44:55,4.5001388888888885,<6h,9.5,15.462802,37.07462,55.9943271309241,62.45616022814621,6.250242787729982,62.52150332956902,5.718426503735572,SSE,sector,CT-010|CT-023|CT-017,247453600|249281000|247383400,True,3.1825808304492496,3.5498556455692962,3.5535695879032065
CATANIA,CT-029,253000169,BRITOIL CONFIDENCE,2,2026-04-09 06:15:00.500,2026-04-09 02:00:00,2026-04-09 01:59:08,4.2501388888888885,<6h,9.5,15.444362,37.108503,51.97875327703364,57.951189160473014,5.827350966068157,57.86437223554201,5.093333651406609,SSE,sector,CT-017|CT-010|CT-023,247383400|247453600|249281000,True,2.9543454175874526,3.293804090057577,3.288869628028987
CATANIA,CT-029,253000169,BRITOIL CONFIDENCE,2,2026-04-09 06:15:00.500,2026-04-09 02:15:00,2026-04-09 02:14:20,4.0001388888888885,<6h,9.3,15.424947,37.14468,47.72392427336891,53.17146611107776,5.398846291700574,52.52303711970158,4.458972847936307,SSE,sector,CT-017|CT-010|CT-012,247383400|247453600|247319800,True,2.7708449031194933,3.0871284813324595,3.04948077752047
CATANIA,CT-029,253000169,BRITOIL CONFIDENCE,2,2026-04-09 06:15:00.500,2026-04-09 06:15:00,2026-04-09 06:14:30,0.0001388888888888,<6h,1.85,15.097815,37.484238,0.1795573847879562,0.19772386181079069,0.019199639060044356,0.18274917817810737,0.003498475781423592,SSE,sector,CT-011|CT-017|CT-014,247296500|247383400|205481000,True,0.05240715217674279,0.05770937534609499,0.053338736261195306
CATANIA,CT-031,247415100,URBANO MONTI,2,2026-04-09 06:51:32.500,2026-04-09 06:45:00,2026-04-09 06:44:57,0.1090277777777777,<6h,4.199999999999999,15.099613,37.479823,0.6938391858615238,0.7709237355322577,0.1140781579109623,0.7411464364831575,0.034997628077964395,SSE,sector,CT-011|CT-009|CT-018,247296500|249281000|246518000,True,0.08920075926431194,0.09911083713003416,0.09528263350858243
CATANIA,CT-037,247241800,EUROCARGO PALERMO,2,2026-04-10 05:32:45.500,2026-04-10 05:30:00,2026-04-10 05:29:12,0.0459722222222222,<6h,12.65,15.100288,37.47997,0.6968417691742673,0.7597413556066296,0.06517539068605481,0.7486828915636736,0.01889245623243965,SSE,sector,CT-018|CT-014|CT-017,246518000|205481000|247383400,False,0.029744225628282092,0.03242905247640109,0.03195702932258571
CATANIA,CT-040,247296500,EUROCARGO ALEXANDRIA,3,2026-04-10 11:53:06.500,2026-04-10 11:45:00,2026-04-10 11:44:29,0.1351388888888889,<6h,17.65,15.104782,37.476353,1.234564120812699,1.380612100491727,0.16793574098831793,1.4157287976899522,0.043321121034623426,SSE,sector,CT-019|CT-011|CT-009,314900000|247296500|249281000,False,0.037768345401424964,0.042236311421745325,0.04331061734622557
CATANIA,CT-041,247408700,MERSEY SPIRIT,3,2026-04-10 14:18:26.500,2026-04-04 04:15:00,2026-04-04 04:14:27,154.0573611111111,>72h,8.2,15.32743,37.21153,36.65263724517893,38.762615029771965,0.5384525813323274,39.17690666685909,0.9120377515982593,SSE,sector,CT-012|CT-023|CT-014,247319800|249281000|205481000,True,2.4135171762352456,2.5524558176902996,2.5797362552585925
CATANIA,CT-041,247408700,MERSEY SPIRIT,3,2026-04-10 14:18:26.500,2026-04-04 04:30:00,2026-04-04 04:29:39,153.8073611111111,>72h,8.1,15.287482,37.199167,36.0297097605375,42.746083481258594,4.316207683283028,41.16808109969765,3.23604379032105,SSE,sector,CT-014|CT-023|CT-012,205481000|249281000|247319800,True,2.40178850762189,2.8495109378755425,2.7443191944442877
CATANIA,CT-041,247408700,MERSEY SPIRIT,3,2026-04-10 14:18:26.500,2026-04-04 04:45:00,2026-04-04 04:44:50,153.5573611111111,>72h,8.0,15.245808,37.196497,34.74171211121743,45.46628678780795,7.902191605336621,44.54881238233124,6.834038723927162,SSE,sector,CT-014|CT-023|CT-012,205481000|249281000|247319800,True,2.344877977268995,3.0687288598682474,3.0068042914640416
CATANIA,CT-041,247408700,MERSEY SPIRIT,3,2026-04-10 14:18:26.500,2026-04-04 05:00:00,2026-04-04 04:59:02,153.3073611111111,>72h,7.9,15.221867,37.204253,33.18441575038911,45.7251693866773,9.63981861082187,44.13223624172694,8.570429873564484,SSE,sector,CT-023|CT-014|CT-012,249281000|205481000|247319800,True,2.2681203864716286,3.1252678860128835,3.0163925582830013
CATANIA,CT-041,247408700,MERSEY SPIRIT,3,2026-04-10 14:18:26.500,2026-04-04 05:15:00,2026-04-04 05:14:13,153.0573611111111,>72h,2.6,15.21525,37.213647,32.00550107247915,44.77914096274357,9.868412043237395,43.05739107472782,8.722014453777005,SSE,sector,CT-023|CT-014|CT-012,249281000|205481000|247319800,True,6.64676463542099,9.299539159898565,8.941973557635782
CATANIA,CT-041,247408700,MERSEY SPIRIT,3,2026-04-10 14:18:26.500,2026-04-04 05:30:00,2026-04-04 05:29:25,152.8073611111111,>72h,2.5,15.210267,37.223323,30.84468362576219,43.70157022464686,9.950247633566075,41.820129416226926,8.728407899250742,SSE,sector,CT-023|CT-014|CT-012,249281000|205481000|247319800,True,6.661918709667859,9.438784065798457,9.032425359876225
CATANIA,CT-041,247408700,MERSEY SPIRIT,3,2026-04-10 14:18:26.500,2026-04-04 05:45:00,2026-04-04 05:44:37,152.5573611111111,>72h,2.5,15.21276,37.235433,29.64826684734078,41.86162940210627,9.320924351690506,39.50373819228349,8.019622865300027,SSE,sector,CT-023|CT-014|CT-012,249281000|205481000|247319800,True,6.403513357956972,9.041388639763772,8.53212487954287
CATANIA,CT-041,247408700,MERSEY SPIRIT,3,2026-04-10 14:18:26.500,2026-04-04 06:00:00,2026-04-04 05:59:50,152.3073611111111,>72h,2.4,15.21512,37.23874,29.376283647723024,41.26466984364721,9.008309489806088,38.910170799124856,7.6856678171742345,SSE,sector,CT-023|CT-014|CT-012,249281000|205481000|247319800,True,6.609135089930486,9.283808010179808,8.754088102754872
CATANIA,CT-041,247408700,MERSEY SPIRIT,3,2026-04-10 14:18:26.500,2026-04-04 18:00:00,2026-04-04 17:59:20,140.3073611111111,>72h,12.25,15.297992,37.194267,36.94948744342104,42.84227823794393,3.60529449700987,41.34182420623805,2.5009561591751295,SSE,sector,CT-014|CT-023|CT-012,205481000|249281000|247319800,True,1.6286634391246546,1.8884064987853806,1.8222693263207144
CATANIA,CT-041,247408700,MERSEY SPIRIT,3,2026-04-10 14:18:26.500,2026-04-04 18:15:00,2026-04-04 18:14:32,140.0573611111111,>72h,12.6,15.232533,37.196943,34.26953602122958,46.15082632116504,8.999481974750834,45.46031310255762,7.940096419400703,SSE,sector,CT-014|CT-023|CT-012,205481000|249281000|247319800,True,1.4685769147566585,1.9777343378743288,1.9481432815042348
CATANIA,CT-041,247408700,MERSEY SPIRIT,3,2026-04-10 14:18:26.500,2026-04-04 18:30:00,2026-04-04 18:29:43,139.8073611111111,>72h,12.3,15.212857,37.229127,30.31075816368928,42.741213475745525,9.531680084922645,40.85194472802654,8.27639444508788,SSE,sector,CT-023|CT-014|CT-012,249281000|205481000|247319800,True,1.3306097632833445,1.8762934149741664,1.7933565439264312
CATANIA,CT-041,247408700,MERSEY SPIRIT,3,2026-04-10 14:18:26.500,2026-04-04 18:45:00,2026-04-04 18:44:55,139.5573611111111,>72h,3.85,15.210692,37.238023,29.315037547776868,41.61451433658238,9.404372459346424,39.10764188901389,8.074744054588287,SSE,sector,CT-023|CT-014|CT-012,249281000|205481000|247319800,True,4.111390640904444,5.836374061959324,5.484788910411193
CATANIA,CT-041,247408700,MERSEY SPIRIT,3,2026-04-10 14:18:26.500,2026-04-04 19:00:00,2026-04-04 18:59:06,139.3073611111111,>72h,0.5,15.210288,37.238017,29.30349968614272,41.63809411206969,9.438445858388922,39.12230306920982,8.107637988515672,SSE,sector,CT-023|CT-014|CT-012,249281000|205481000|247319800,True,15.822624020595422,22.48277219874173,21.124353709076576
CATANIA,CT-041,247408700,MERSEY SPIRIT,3,2026-04-10 14:18:26.500,2026-04-07 18:00:00,2026-04-07 17:59:37,68.3073611111111,48-72h,0.1,15.259397,37.132943,41.77041610482907,53.63479371327077,8.961883377920854,51.899333713889035,7.537905234338069,SSE,sector,CT-014|CT-023|CT-012,205481000|249281000|247319800,True,22.554220358978977,28.960471767424817,28.023398333633388
CATANIA,CT-041,247408700,MERSEY SPIRIT,3,2026-04-10 14:18:26.500,2026-04-07 18:15:00,2026-04-07 18:14:50,68.0573611111111,48-72h,10.0,15.2552,37.177963,36.96419926889292,47.53892796240366,7.758242250570018,46.22826441192227,6.614781549954198,SSE,sector,CT-014|CT-023|CT-012,205481000|249281000|247319800,True,1.995907087953181,2.5668967582291393,2.496126588116753
CATANIA,CT-041,247408700,MERSEY SPIRIT,3,2026-04-10 14:18:26.500,2026-04-07 18:45:00,2026-04-07 18:44:13,67.5573611111111,48-72h,9.2,15.212263,37.23014,30.18700069052237,42.63247066723096,9.54630978380017,40.72534333568552,8.28297290167552,SSE,sector,CT-023|CT-014|CT-012,249281000|205481000|247319800,True,1.771703956388063,2.5021404983584703,2.3902093703449574
CATANIA,CT-041,247408700,MERSEY SPIRIT,3,2026-04-10 14:18:26.500,2026-04-07 19:00:00,2026-04-07 18:59:25,67.3073611111111,48-72h,3.35,15.212142,37.23719,29.44598804590608,41.64981738713044,9.31174095670718,39.279035103687775,7.993753298191894,SSE,sector,CT-023|CT-014|CT-012,249281000|205481000|247319800,True,4.746137785033699,6.713164853990916,6.331039473854449
CATANIA,CT-041,247408700,MERSEY SPIRIT,3,2026-04-10 14:18:26.500,2026-04-07 19:15:00,2026-04-07 19:14:37,67.0573611111111,48-72h,0.4,15.212703,37.236907,29.492623372796118,41.65796241335089,9.274538537385327,39.292878751262926,7.96055697773425,SSE,sector,CT-023|CT-014|CT-012,249281000|205481000|247319800,True,15.92474264189855,22.493500223191624,21.21645720910525
CATANIA,CT-041,247408700,MERSEY SPIRIT,3,2026-04-10 14:18:26.500,2026-04-09 08:45:00,2026-04-09 08:44:45,29.55736111111111,24-48h,11.3,15.348288,37.19537,39.17540912872752,41.15481056873276,0.6490331027579479,41.76935461209687,1.1178595468212211,SSE,sector,CT-012|CT-010|CT-023,247319800|247453600|249281000,True,1.8719494413467153,1.966532739957413,1.9958979821908325
CATANIA,CT-041,247408700,MERSEY SPIRIT,3,2026-04-10 14:18:26.500,2026-04-09 09:00:00,2026-04-09 08:59:58,29.30736111111111,24-48h,11.2,15.293667,37.192493,36.94175643452138,43.33467507277863,4.029412918827332,41.80821385309142,2.920641859815523,SSE,sector,CT-014|CT-023|CT-012,205481000|249281000|247319800,True,1.7809779212878636,2.0891832706330336,2.0155919205632626
CATANIA,CT-041,247408700,MERSEY SPIRIT,3,2026-04-10 14:18:26.500,2026-04-09 09:15:00,2026-04-09 09:14:11,29.05736111111111,24-48h,10.1,15.25043,37.19439,35.11414717956451,45.50187043507103,7.587890149976173,44.48045451508722,6.5092876937775985,SSE,sector,CT-014|CT-023|CT-012,205481000|249281000|247319800,True,1.8772398680347984,2.4325786644928162,2.377972676853881
CATANIA,CT-041,247408700,MERSEY SPIRIT,3,2026-04-10 14:18:26.500,2026-04-09 09:30:00,2026-04-09 09:29:24,28.80736111111111,24-48h,9.65,15.21163,37.218587,31.38213272291305,44.2895534956347,10.000385378500651,42.469310592541675,8.813194338283244,SSE,sector,CT-023|CT-014|CT-012,249281000|205481000|247319800,True,1.7559581420401442,2.4781809048688266,2.3763309007789744
CATANIA,CT-041,247408700,MERSEY SPIRIT,3,2026-04-10 14:18:26.500,2026-04-09 09:45:00,2026-04-09 09:44:37,28.55736111111111,24-48h,8.95,15.210857,37.23664,29.46462214162872,41.799331139748446,9.438546529300277,39.42097895026882,8.121558035356687,SSE,sector,CT-023|CT-014|CT-012,249281000|205481000|247319800,True,1.7776115292317967,2.52176907584423,2.378282210400281
CATANIA,CT-041,247408700,MERSEY SPIRIT,3,2026-04-10 14:18:26.500,2026-04-09 10:00:00,2026-04-09 09:59:50,28.30736111111111,24-48h,0.3,15.210823,37.237377,29.38652633860246,41.6978071929815,9.415814657385834,39.2009143190822,8.092456912122406,SSE,sector,CT-023|CT-014|CT-012,249281000|205481000|247319800,True,15.867454826459213,22.515014683035368,21.166800388273327
CATANIA,CT-041,247408700,MERSEY SPIRIT,3,2026-04-10 14:18:26.500,2026-04-10 12:30:00,2026-04-10 12:29:09,1.8073611111111112,<6h,10.25,15.278868,37.263513,29.461394059169464,34.199968303425145,2.804767334121309,32.34358280005199,1.4372714304084908,SSE,sector,CT-023|CT-014|CT-012,249281000|205481000|247319800,True,1.551988308442789,1.801610298868732,1.7038183005874725
CATANIA,CT-041,247408700,MERSEY SPIRIT,3,2026-04-10 14:18:26.500,2026-04-10 12:45:00,2026-04-10 12:44:23,1.5573611111111112,<6h,10.1,15.253155,37.30225,24.612998775745783,28.47450638075703,2.5578955997808035,27.762363627844625,1.5625490773968134,SSE,sector,CT-023|CT-014|CT-012,249281000|205481000|247319800,True,1.3158372418229038,1.5222775688448682,1.4842056555313297
CATANIA,CT-041,247408700,MERSEY SPIRIT,3,2026-04-10 14:18:26.500,2026-04-10 13:00:00,2026-04-10 12:59:38,1.3073611111111112,<6h,10.4,15.226843,37.341557,19.69432552908417,23.293436575382376,2.320180593747849,22.70494588847358,1.6199673301387636,SSE,sector,CT-014|CT-023|CT-012,205481000|249281000|247319800,True,1.0225081787404557,1.2093701494944329,1.1788163465937853
CATANIA,CT-041,247408700,MERSEY SPIRIT,3,2026-04-10 14:18:26.500,2026-04-10 13:15:00,2026-04-10 13:14:53,1.0573611111111112,<6h,10.4,15.200895,37.38077,14.826534547859223,18.3735177416987,2.239023732167512,17.620827390240212,1.6271754251918835,SSE,sector,CT-014|CT-012|CT-023,205481000|247319800|249281000,True,0.7697777116142228,0.953933260388909,0.9148543876806887
CATANIA,CT-041,247408700,MERSEY SPIRIT,3,2026-04-10 14:18:26.500,2026-04-10 14:15:00,2026-04-10 14:14:53,0.0573611111111111,<6h,6.4,15.09721,37.484767,0.1213005764414071,0.1636116369454455,0.05603220256897184,0.14587337475822126,0.02783082232072429,OTHER,port_fallback,CT-009|CT-019|CT-038,249281000|314900000|247383400,True,0.010233917423849815,0.013803627577065797,0.012307081428710622
CATANIA,CT-046,247296500,EUROCARGO ALEXANDRIA,3,2026-04-11 19:00:49.500,2026-04-11 16:45:00,2026-04-11 16:44:59,2.26375,<6h,21.7,15.386037,36.908412,69.10568341787626,73.59236265720625,11.601797482801222,74.64676564060235,0.8016757060395209,SSE,sector,CT-012|CT-010|CT-017,247319800|247453600|247383400,False,1.7195430377391552,1.8311841889004354,1.8574206895671972
CATANIA,CT-046,247296500,EUROCARGO ALEXANDRIA,3,2026-04-11 19:00:49.500,2026-04-11 17:00:00,2026-04-11 16:59:14,2.01375,<6h,21.4,15.418047,36.9848,62.52320385766464,64.77856987505606,2.7880047006510327,65.97700005488711,0.8537631299666026,SSE,sector,CT-023|CT-010|CT-017,249281000|247453600|247383400,False,1.5775621166726712,1.6344686692602104,1.6647070117399507
CATANIA,CT-046,247296500,EUROCARGO ALEXANDRIA,3,2026-04-11 19:00:49.500,2026-04-11 17:15:00,2026-04-11 17:14:31,1.76375,<6h,20.8,15.411128,37.073272,53.61419803974704,56.84086029233326,1.7099395424293262,56.71161619450204,1.2855147486620202,SSE,sector,CT-010|CT-017|CT-023,247453600|247383400|249281000,False,1.3917957208357656,1.4755581360154628,1.4722030288072676
CATANIA,CT-046,247296500,EUROCARGO ALEXANDRIA,3,2026-04-11 19:00:49.500,2026-04-11 17:30:00,2026-04-11 17:29:47,1.51375,<6h,20.6,15.402998,37.160807,45.12130935652672,49.69939246475918,4.044904798274842,48.781355044294145,1.9490786166964822,SSE,sector,CT-029|CT-017|CT-010,253000169|247383400|247453600,False,1.1826969887323784,1.3026953926680989,1.2786322591240677
CATANIA,CT-046,247296500,EUROCARGO ALEXANDRIA,3,2026-04-11 19:00:49.500,2026-04-11 19:00:00,2026-04-11 18:59:18,0.01375,<6h,10.05,15.096737,37.485417,0.0817035846134762,0.104006181287499,0.07716719990409202,0.11320319600715215,0.06813873555948134,OTHER,port_fallback,CT-009|CT-019|CT-038,249281000|314900000|247383400,False,0.004389692176991725,0.005587944794789497,0.006082073219601352
AUGUSTA,AU-030,247381300,MACISTONE,1,2026-04-07 20:42:21.500,2026-04-07 15:00:00,2026-04-07 14:59:40,5.705972222222222,<6h,2.3,15.572448,37.192258,30.18925193119055,34.89422752356442,18.973109825639387,32.1405563452072,6.360322302740973,E,port_fallback,AU-005|AU-014|AU-003,636021733|247408700|247381300,False,7.087344335428339,8.191902414208945,7.545440028455067
AUGUSTA,AU-030,247381300,MACISTONE,1,2026-04-07 20:42:21.500,2026-04-07 15:15:00,2026-04-07 15:14:56,5.455972222222222,<6h,1.35,15.570472,37.193682,30.01179626678025,34.668850310546,18.74773261262097,31.904932952859948,6.184188538899956,E,port_fallback,AU-005|AU-014|AU-003,636021733|247408700|247381300,False,12.003758206055615,13.866430809753616,12.76095230495958
AUGUSTA,AU-030,247381300,MACISTONE,1,2026-04-07 20:42:21.500,2026-04-07 18:45:00,2026-04-07 18:44:13,1.9559722222222224,<6h,8.7,15.572243,37.25719,30.896006307475023,37.51453260492582,16.39524002550794,32.284188958294074,4.823025325085093,E,port_fallback,AU-005|AU-003|AU-002,636021733|247381300|229456000,False,1.91752974773932,2.3283019664932487,2.0036859163311536
AUGUSTA,AU-030,247381300,MACISTONE,1,2026-04-07 20:42:21.500,2026-04-07 19:00:00,2026-04-07 18:59:25,1.7059722222222222,<6h,8.8,15.52692,37.244988,26.68985803513857,31.55572893116023,13.097240380821933,29.586422923056748,3.6176562786604385,E,port_fallback,AU-005|AU-003|AU-002,636021733|247381300|229456000,False,1.6376557306068724,1.936219377770974,1.8153852667298709
AUGUSTA,AU-030,247381300,MACISTONE,1,2026-04-07 20:42:21.500,2026-04-07 19:15:00,2026-04-07 19:14:37,1.4559722222222222,<6h,8.7,15.484183,37.232382,22.711035283640967,25.951192497277432,10.030074799352402,25.984410963930817,3.064324554669715,E,port_fallback,AU-003|AU-005|AU-002,247381300|636021733|229456000,False,1.4095377028649343,1.6106348214590893,1.6126964923866598
AUGUSTA,AU-030,247381300,MACISTONE,1,2026-04-07 20:42:21.500,2026-04-07 19:30:00,2026-04-07 19:29:50,1.2059722222222222,<6h,8.7,15.442657,37.220458,18.87167851884592,23.423382058905005,7.502264360979975,21.317031728547224,2.4583643572388176,E,port_fallback,AU-003|AU-005|AU-014,247381300|636021733|247408700,False,1.171251863089665,1.4537487934078726,1.3230202656678847
AUGUSTA,AU-030,247381300,MACISTONE,1,2026-04-07 20:42:21.500,2026-04-07 19:45:00,2026-04-07 19:44:02,0.9559722222222222,<6h,8.6,15.400287,37.209042,14.997434964519126,18.922722276925366,5.804260935360408,16.537047305368716,1.664535566581911,E,port_fallback,AU-003|AU-005|AU-014,247381300|636021733|247408700,False,0.9416240748228895,1.188075887596399,1.0382896746049977
AUGUSTA,AU-030,247381300,MACISTONE,1,2026-04-07 20:42:21.500,2026-04-07 20:00:00,2026-04-07 19:59:15,0.7059722222222222,<6h,8.5,15.35899,37.200198,11.28412159364338,12.890258714956751,3.795433810557052,12.349179740851007,1.0289071351205392,E,port_fallback,AU-005|AU-003|AU-014,636021733|247381300|247408700,False,0.7168162618246335,0.8188450460523917,0.78447336684354
AUGUSTA,AU-030,247381300,MACISTONE,1,2026-04-07 20:42:21.500,2026-04-07 20:15:00,2026-04-07 20:14:28,0.4559722222222222,<6h,8.3,15.31436,37.195848,7.325094305450119,8.496736329050778,1.429936633858935,7.623182506496925,0.2593670080556043,E,port_fallback,AU-005|AU-007|AU-017,636021733|247355500|229370000,False,0.4765342778533216,0.5527554925349851,0.49592641667080356
AUGUSTA,AU-030,247381300,MACISTONE,1,2026-04-07 20:42:21.500,2026-04-07 20:30:00,2026-04-07 20:29:41,0.2059722222222222,<6h,8.4,15.270395,37.195735,3.431913109808023,3.575916913044546,0.17848700140664686,3.4444423109582067,0.035099586123645804,E,port_fallback,AU-017|AU-005|AU-002,229370000|636021733|229456000,False,0.22060533720353945,0.22986198402271327,0.22141072141817125
AUGUSTA,AU-032,271051219,MED URLA,1,2026-04-08 05:43:27.500,2026-04-06 03:45:00,2026-04-06 03:44:18,49.97430555555555,48-72h,12.5,15.477783,37.545077,44.42888138556325,51.13043462186685,4.36111002355304,50.23297515830762,3.4528095064963136,NNE,sector,AU-013|AU-007|AU-022,538002883|247355500|247415600,True,1.9191741419249784,2.2086580830180065,2.1698909355640437
AUGUSTA,AU-032,271051219,MED URLA,1,2026-04-08 05:43:27.500,2026-04-06 04:00:00,2026-04-06 03:59:31,49.72430555555555,48-72h,12.6,15.472913,37.491188,39.08109217869536,45.313461835961775,4.956000211500815,44.92203440032098,4.050475119288542,NNE,sector,AU-013|AU-007|AU-022,538002883|247355500|247415600,True,1.6747699689180018,1.941850159242765,1.9250760396448703
AUGUSTA,AU-032,271051219,MED URLA,1,2026-04-08 05:43:27.500,2026-04-06 04:15:00,2026-04-06 04:14:44,49.47430555555555,48-72h,12.7,15.469885,37.43756,34.077612217002255,39.82087845973455,5.414945651283462,38.94667389498944,3.6037789009135075,NNE,sector,AU-009|AU-013|AU-020,563205300|538002883|246651000,True,1.4488534300863187,1.6930357672375707,1.655867837918974
AUGUSTA,AU-032,271051219,MED URLA,1,2026-04-08 05:43:27.500,2026-04-06 04:30:00,2026-04-06 04:29:57,49.22430555555555,48-72h,12.8,15.467913,37.383217,29.44616760569739,35.33303375328562,6.354977046151884,33.60259826918994,2.7895457963388925,NNE,sector,AU-020|AU-009|AU-013,246651000|563205300|538002883,True,1.2421608229995185,1.4904931220169755,1.4174962147842678
AUGUSTA,AU-032,271051219,MED URLA,1,2026-04-08 05:43:27.500,2026-04-06 04:45:00,2026-04-06 04:44:10,48.97430555555555,48-72h,12.75,15.465755,37.332657,25.64739197387097,30.830185538065457,7.382718998699645,29.163802619241068,2.901131515129156,NNE,sector,AU-009|AU-020|AU-002,563205300|246651000|229456000,True,1.086155591151949,1.3056445829867216,1.2350740108940443
AUGUSTA,AU-032,271051219,MED URLA,1,2026-04-08 05:43:27.500,2026-04-06 05:00:00,2026-04-06 04:59:24,48.72430555555555,48-72h,12.6,15.463373,37.2791,22.4668545290019,26.57662610797547,6.504450531718427,25.58999323701772,3.3443160637195057,E,port_fallback,AU-002|AU-009|AU-003,229456000|563205300|247381300,True,0.9627881710463977,1.1389071491984415,1.0966262657709263
AUGUSTA,AU-032,271051219,MED URLA,1,2026-04-08 05:43:27.500,2026-04-06 05:15:00,2026-04-06 05:14:37,48.47430555555555,48-72h,12.7,15.461902,37.225547,20.64033625659813,24.490732341798434,8.569614643873402,23.993033250545732,2.840611147195643,E,port_fallback,AU-003|AU-005|AU-002,247381300|636021733|229456000,True,0.8775503927058268,1.041254925162771,1.0200946093835876
AUGUSTA,AU-032,271051219,MED URLA,1,2026-04-08 05:43:27.500,2026-04-06 05:30:00,2026-04-06 05:29:50,48.22430555555555,48-72h,12.8,15.460585,37.170492,20.487537403049284,26.64319218467839,12.588230940530014,23.29012214971502,3.0537483047404286,E,port_fallback,AU-014|AU-005|AU-003,247408700|636021733|247381300,True,0.8642488442835989,1.1239197567105825,0.9824734303166771
AUGUSTA,AU-032,271051219,MED URLA,1,2026-04-08 05:43:27.500,2026-04-07 22:15:00,2026-04-07 22:14:03,7.4743055555555555,6-12h,5.4,15.33546,36.71663,54.16857601826092,56.67522668955608,53.67820747602794,73.41591319333773,40.43552960998286,SSE,port_fallback,AU-021|AU-017|AU-014,255801270|229370000|247408700,True,5.416424287883061,5.667069303411334,7.3410040390106515
AUGUSTA,AU-032,271051219,MED URLA,1,2026-04-08 05:43:27.500,2026-04-07 23:15:00,2026-04-07 23:14:59,6.474305555555556,6-12h,5.7,15.382698,36.806362,45.4250531801401,47.56470280533212,44.567683591803984,64.45625706041807,30.193925419506485,SSE,port_fallback,AU-021|AU-017|AU-014,255801270|229370000|247408700,True,4.303081844202578,4.505769277910283,6.105893776326973
AUGUSTA,AU-032,271051219,MED URLA,1,2026-04-08 05:43:27.500,2026-04-07 23:30:00,2026-04-07 23:29:12,6.224305555555556,6-12h,5.9,15.391638,36.82857,43.324989520294864,45.36908243844882,42.37206322492069,62.05922830869531,27.77472480388649,SSE,port_fallback,AU-021|AU-017|AU-014,255801270|229370000|247408700,True,3.9650208222256156,4.152092326980344,5.679542803812214
AUGUSTA,AU-032,271051219,MED URLA,1,2026-04-08 05:43:27.500,2026-04-07 23:45:00,2026-04-07 23:44:26,5.974305555555556,<6h,5.9,15.401775,36.852963,41.093535770781614,43.02079215956223,40.02377294603409,59.44708047938207,25.104747095428422,SSE,port_fallback,AU-021|AU-017|AU-014,255801270|229370000|247408700,True,3.7608024097431647,3.9371812570525884,5.440483991596997
AUGUSTA,AU-032,271051219,MED URLA,1,2026-04-08 05:43:27.500,2026-04-08 00:00:00,2026-04-07 23:59:40,5.724305555555556,<6h,5.9,15.411928,36.876145,39.06723436469591,42.0962666005754,37.85215348441456,56.99850923736013,22.5459377960885,SSE,port_fallback,AU-021|AU-017|AU-014,255801270|229370000|247408700,True,3.5753591504096267,3.852570432384174,5.2163953982282205
AUGUSTA,AU-032,271051219,MED URLA,1,2026-04-08 05:43:27.500,2026-04-08 00:15:00,2026-04-08 00:14:54,5.474305555555556,<6h,5.7,15.421597,36.898883,37.15553543386168,40.777563588730374,35.72499825940193,53.65546196118957,20.049301247592783,SSE,port_fallback,AU-021|AU-017|AU-014,255801270|229370000|247408700,True,3.519716516412951,3.8628285768567285,5.082742408509489
AUGUSTA,AU-032,271051219,MED URLA,1,2026-04-08 05:43:27.500,2026-04-08 00:30:00,2026-04-08 00:29:07,5.224305555555556,<6h,5.7,15.430227,36.920593,35.39507371322983,40.188511947515565,33.70643096163529,50.112063299061475,17.693105824598238,SSE,port_fallback,AU-021|AU-017|AU-014,255801270|229370000|247408700,True,3.3529492737325057,3.8070281485653785,4.747078862023177
AUGUSTA,AU-032,271051219,MED URLA,1,2026-04-08 05:43:27.500,2026-04-08 00:45:00,2026-04-08 00:44:22,4.974305555555556,<6h,5.7,15.4379,36.944172,33.512172473843144,39.03699043958584,31.466736524970905,46.297865337516804,15.213974980105192,SSE,port_fallback,AU-017|AU-021|AU-014,229370000|255801270|247408700,True,3.174583425584777,3.6979453639105984,4.3857626972752835
AUGUSTA,AU-032,271051219,MED URLA,1,2026-04-08 05:43:27.500,2026-04-08 01:00:00,2026-04-08 00:59:36,4.724305555555556,<6h,5.8,15.444228,36.967925,31.661977338307672,36.791475480461884,29.221221565846946,42.48375977216923,12.797659397894504,SSE,port_fallback,AU-017|AU-021|AU-014,229370000|255801270|247408700,True,2.9476034611517528,3.4251392232499707,3.9550681250623025
AUGUSTA,AU-032,271051219,MED URLA,1,2026-04-08 05:43:27.500,2026-04-08 01:15:00,2026-04-08 01:14:50,4.474305555555556,<6h,5.8,15.45037,36.992218,29.88458189433882,34.56807303370812,26.99781911909318,38.58959028149572,10.395457720557605,SSE,port_fallback,AU-017|AU-021|AU-014,229370000|255801270|247408700,True,2.782135053841031,3.218149347742247,3.592536519838359
AUGUSTA,AU-032,271051219,MED URLA,1,2026-04-08 05:43:27.500,2026-04-08 01:30:00,2026-04-08 01:29:03,4.224305555555556,<6h,5.7,15.440177,37.013627,27.498448971400016,32.03615352619623,24.465899611581296,36.56224232059434,9.311548167788553,SSE,port_fallback,AU-017|AU-021|AU-014,229370000|255801270|247408700,True,2.604907825717102,3.0347612373722317,3.463514296596789
AUGUSTA,AU-032,271051219,MED URLA,1,2026-04-08 05:43:27.500,2026-04-08 01:45:00,2026-04-08 01:44:18,3.974305555555556,<6h,5.9,15.425962,37.036622,24.768916033508447,29.18642572903585,21.616171814420913,33.84159297741665,8.44856597629318,SSE,port_fallback,AU-017|AU-021|AU-014,229370000|255801270|247408700,True,2.2668041909349896,2.671086295075946,3.097118367446704
AUGUSTA,AU-032,271051219,MED URLA,1,2026-04-08 05:43:27.500,2026-04-08 02:00:00,2026-04-08 01:59:33,3.724305555555556,<6h,6.0,15.413428,37.055527,22.493906280836335,26.809285235679788,19.23903132106485,30.948973601667284,7.769841380322757,SSE,port_fallback,AU-021|AU-017|AU-014,255801270|229370000|247408700,True,2.0242896221055013,2.4126426597983968,2.7851848093653064
AUGUSTA,AU-032,271051219,MED URLA,1,2026-04-08 05:43:27.500,2026-04-08 02:15:00,2026-04-08 02:14:49,3.4743055555555555,<6h,4.3,15.408072,37.073147,20.813027952327765,24.855883897911404,17.285629983296467,28.426534933473143,6.710820639288855,SSE,port_fallback,AU-021|AU-017|AU-014,255801270|229370000|247408700,True,2.613520010086866,3.121186887577403,3.569558357209446
AUGUSTA,AU-032,271051219,MED URLA,1,2026-04-08 05:43:27.500,2026-04-08 02:30:00,2026-04-08 02:29:02,3.2243055555555555,<6h,4.2,15.404212,37.089622,19.379889187297696,23.09583054592549,15.525576631310553,26.032828975508494,5.656723883450688,SSE,port_fallback,AU-021|AU-017|AU-014,255801270|229370000|247408700,True,2.4915007183093816,2.9692263892221393,3.346810266315501
AUGUSTA,AU-032,271051219,MED URLA,1,2026-04-08 05:43:27.500,2026-04-08 02:45:00,2026-04-08 02:44:16,2.9743055555555555,<6h,4.2,15.400578,37.10727,17.969820179009307,21.265637613909618,13.69538369929468,22.392050416820062,4.2568160557379535,SSE,port_fallback,AU-021|AU-017|AU-014,255801270|229370000|247408700,True,2.310220633936196,2.7339346927272468,2.8787476109251338
AUGUSTA,AU-032,271051219,MED URLA,1,2026-04-08 05:43:27.500,2026-04-08 03:00:00,2026-04-08 02:59:31,2.7243055555555555,<6h,4.1,15.397763,37.124413,16.768849684555462,19.575208758888095,12.00495484427316,19.689413482367463,2.79628453490392,E,port_fallback,AU-021|AU-017|AU-014,255801270|229370000|247408700,True,2.2084035300736797,2.57799198742139,2.5930323819163807
AUGUSTA,AU-032,271051219,MED URLA,1,2026-04-08 05:43:27.500,2026-04-08 03:15:00,2026-04-08 03:14:45,2.4743055555555555,<6h,4.15,15.387282,37.140352,15.143903314557994,17.613530032008107,10.04327611739317,17.15581061697194,2.0380900379420948,E,port_fallback,AU-021|AU-017|AU-014,255801270|229370000|247408700,True,1.970374367607535,2.291697680398671,2.2321437738390197
AUGUSTA,AU-032,271051219,MED URLA,1,2026-04-08 05:43:27.500,2026-04-08 03:30:00,2026-04-08 03:29:59,2.2243055555555555,<6h,4.4,15.371502,37.153925,13.269605655325996,15.559455288444383,7.989201373829445,14.901551967231045,1.7448869517334773,E,port_fallback,AU-017|AU-021|AU-014,229370000|255801270|247408700,True,1.6284122392654128,1.909416759331973,1.82868053789896
AUGUSTA,AU-032,271051219,MED URLA,1,2026-04-08 05:43:27.500,2026-04-08 03:45:00,2026-04-08 03:44:13,1.9743055555555555,<6h,4.45,15.353737,37.165177,11.367253002229225,13.609072541392653,6.038818626777716,12.986757815106307,1.5384220270973703,E,port_fallback,AU-017|AU-021|AU-014,229370000|255801270|247408700,True,1.3792866505968917,1.6513059117859406,1.575795109460323
AUGUSTA,AU-032,271051219,MED URLA,1,2026-04-08 05:43:27.500,2026-04-08 04:00:00,2026-04-08 03:59:27,1.7243055555555555,<6h,4.4,15.33486,37.177757,9.380108173513309,11.539906568238166,3.9696526536232293,10.661915980771777,1.2343178357874918,E,port_fallback,AU-017|AU-014|AU-021,229370000|247408700|255801270,True,1.1511030057816252,1.4161479688099063,1.3084031981115962
AUGUSTA,AU-032,271051219,MED URLA,1,2026-04-08 05:43:27.500,2026-04-08 04:15:00,2026-04-08 04:14:41,1.4743055555555555,<6h,4.4,15.317512,37.190237,7.637534925802861,9.232147080176222,2.1113303865434716,7.8493870291708845,0.27751924150270885,E,port_fallback,AU-014|AU-017|AU-005,247408700|229370000|636021733,True,0.9372588510949906,1.132945596919328,0.9632568021268019
AUGUSTA,AU-032,271051219,MED URLA,1,2026-04-08 05:43:27.500,2026-04-08 04:30:00,2026-04-08 04:29:54,1.2243055555555555,<6h,4.4,15.294415,37.192883,5.573918586613145,6.440529922208668,1.1486999158123437,5.636713489440938,0.0856730500502167,E,port_fallback,AU-004|AU-007|AU-017,247219700|247355500|229370000,True,0.6840171051704722,0.790365443035621,0.6917231358532467
AUGUSTA,AU-032,271051219,MED URLA,1,2026-04-08 05:43:27.500,2026-04-08 04:45:00,2026-04-08 04:44:08,0.9743055555555556,<6h,4.5,15.27251,37.19525,3.621124169800423,3.8467270916696172,0.2880710474542668,3.6698067542204638,0.0344169228858358,E,port_fallback,AU-002|AU-017|AU-005,229456000|229370000|636021733,True,0.4345001403648216,0.4615703253743241,0.4403415831798012
AUGUSTA,AU-032,271051219,MED URLA,1,2026-04-08 05:43:27.500,2026-04-08 05:00:00,2026-04-08 04:59:22,0.7243055555555555,<6h,2.4000000000000004,15.270613,37.194602,3.457315316691015,3.680767427217671,0.304219840650488,3.4875441646816365,0.024336585260491955,E,port_fallback,AU-004|AU-007|AU-002,247219700|247355500|229456000,True,0.7778337195579136,0.828106422610167,0.7846346662800656
AUGUSTA,AU-033,215054000,VALTELLINA,1,2026-04-08 06:11:54.500,2026-04-08 00:45:00,2026-04-08 00:44:22,5.448472222222223,<6h,12.6,16.529717,37.03715,116.4527902858624,126.5193687667457,104.57904057165531,149.26223890027262,76.78689394111483,E,port_fallback,AU-021|AU-005|AU-002,255801270|636021733|229456000,True,4.990434634623333,5.421824915438724,6.396441380415537
AUGUSTA,AU-033,215054000,VALTELLINA,1,2026-04-08 06:11:54.500,2026-04-08 01:00:00,2026-04-08 00:59:36,5.198472222222223,<6h,12.4,16.465583,37.0451,110.69234830549648,120.83474863435782,98.89442043926744,144.66063518270744,72.24116784398653,E,port_fallback,AU-021|AU-005|AU-002,255801270|636021733|229456000,True,4.820087625648665,5.261737469272879,6.299233399929781
AUGUSTA,AU-033,215054000,VALTELLINA,1,2026-04-08 06:11:54.500,2026-04-08 01:15:00,2026-04-08 01:14:50,4.948472222222223,<6h,12.3,16.400867,37.05355,104.87269705646963,115.0916853069986,93.15135711190821,138.72480655042995,67.69872051220926,E,port_fallback,AU-021|AU-005|AU-002,255801270|636021733|229456000,True,4.603798883934293,5.052401504284473,6.089870171136891
AUGUSTA,AU-033,215054000,VALTELLINA,1,2026-04-08 06:11:54.500,2026-04-08 01:30:00,2026-04-08 01:29:03,4.698472222222223,<6h,12.2,16.3425,37.061417,99.62025277278418,109.91066144611364,87.97033325102325,134.11802457566347,63.67661835800053,E,port_fallback,AU-021|AU-005|AU-002,255801270|636021733|229456000,True,4.409068298905224,4.86450896886457,5.93589670784192
AUGUSTA,AU-033,215054000,VALTELLINA,1,2026-04-08 06:11:54.500,2026-04-08 02:00:00,2026-04-08 01:59:33,4.198472222222223,<6h,12.2,16.213617,37.076583,88.06228946198826,98.5556713050142,76.64440645840368,118.13519477330775,55.14890573558696,E,port_fallback,AU-021|AU-005|AU-002,255801270|636021733|229456000,True,3.8975272395809695,4.361951249203971,5.228516569296275
AUGUSTA,AU-033,215054000,VALTELLINA,1,2026-04-08 06:11:54.500,2026-04-08 02:15:00,2026-04-08 02:14:49,3.948472222222222,<6h,12.3,16.1484,37.083717,82.22406679534885,91.60864703864239,70.9497355673726,109.89185802185449,50.8163156925007,E,port_fallback,AU-005|AU-021|AU-002,636021733|255801270|229456000,True,3.6095483149549965,4.021521319015363,4.824134665308192
AUGUSTA,AU-033,215054000,VALTELLINA,1,2026-04-08 06:11:54.500,2026-04-08 02:30:00,2026-04-08 02:29:02,3.698472222222222,<6h,12.3,16.089367,37.09135,76.91940378805768,85.39782172955178,65.7498645243353,102.40043940166714,46.8249966311123,E,port_fallback,AU-005|AU-021|AU-002,636021733|255801270|229456000,True,3.3766793002536333,3.7488727514772764,4.4952694253484315
AUGUSTA,AU-033,215054000,VALTELLINA,1,2026-04-08 06:11:54.500,2026-04-08 02:45:00,2026-04-08 02:44:16,3.448472222222222,<6h,12.2,16.0247,37.10065,71.0929111678547,78.65610017488115,60.017654680753665,94.17031580818059,42.42746490000555,E,port_fallback,AU-005|AU-021|AU-002,636021733|255801270|229456000,True,3.1464836936521747,3.481221018255902,4.16786087739354
AUGUSTA,AU-033,215054000,VALTELLINA,1,2026-04-08 06:11:54.500,2026-04-08 03:00:00,2026-04-08 02:59:31,3.198472222222222,<6h,12.2,15.961017,37.11,65.35288230593851,72.02958514550278,54.36530759376529,80.19878387626699,37.94526317157207,E,port_fallback,AU-005|AU-021|AU-014,636021733|255801270|247408700,True,2.8924371661092354,3.187939717164553,3.549498277284061
AUGUSTA,AU-033,215054000,VALTELLINA,1,2026-04-08 06:11:54.500,2026-04-08 03:15:00,2026-04-08 03:14:45,2.948472222222222,<6h,12.2,15.897283,37.118217,59.62838938877003,65.32259923488458,48.75226939102856,73.03055778331014,33.14172176257471,E,port_fallback,AU-005|AU-021|AU-014,636021733|255801270|247408700,True,2.6390782401289714,2.891096875105539,3.2322415192839884
AUGUSTA,AU-033,215054000,VALTELLINA,1,2026-04-08 06:11:54.500,2026-04-08 03:30:00,2026-04-08 03:29:59,2.698472222222222,<6h,12.2,15.833367,37.126,53.89580519266034,59.06474972049294,43.14363202256791,65.00160799855661,28.354034348128746,E,port_fallback,AU-005|AU-014|AU-021,636021733|247408700|255801270,True,2.385361204221415,2.6141322504909597,2.876890202818247
AUGUSTA,AU-033,215054000,VALTELLINA,1,2026-04-08 06:11:54.500,2026-04-08 03:45:00,2026-04-08 03:44:13,2.448472222222222,<6h,12.2,15.772933,37.12805,48.566959893460805,54.01987434442532,38.09875664650029,57.898240116626965,23.892983388823954,E,port_fallback,AU-005|AU-014|AU-021,636021733|247408700|255801270,True,2.14951314898651,2.390852350335717,2.5625039884496585
AUGUSTA,AU-033,215054000,VALTELLINA,1,2026-04-08 06:11:54.500,2026-04-08 04:00:00,2026-04-08 03:59:27,2.198472222222222,<6h,12.2,15.7082,37.135683,42.76654063957875,48.4561269196454,32.53500922172037,45.62145378268869,18.7436879043543,E,port_fallback,AU-014|AU-005|AU-003,247408700|636021733|247381300,True,1.8927938179185442,2.14460781962103,2.019148717500296
AUGUSTA,AU-033,215054000,VALTELLINA,1,2026-04-08 06:11:54.500,2026-04-08 04:15:00,2026-04-08 04:14:41,1.9484722222222224,<6h,12.3,15.6443,37.145617,36.99899736827542,42.92820534507821,27.007087647153178,40.35028875009073,13.587164268509868,E,port_fallback,AU-014|AU-005|AU-003,247408700|636021733|247381300,True,1.6242162886211968,1.8845021574162062,1.7713343847166205
AUGUSTA,AU-033,215054000,VALTELLINA,1,2026-04-08 06:11:54.500,2026-04-08 04:30:00,2026-04-08 04:29:54,1.6984722222222222,<6h,12.3,15.580167,37.156133,31.20360445887785,37.47218134214583,21.551063644220804,35.35117946619863,8.635971033142065,E,port_fallback,AU-014|AU-005|AU-003,247408700|636021733|247381300,True,1.369804757716459,1.6449885573998588,1.55187885064701
AUGUSTA,AU-033,215054000,VALTELLINA,1,2026-04-08 06:11:54.500,2026-04-08 04:45:00,2026-04-08 04:44:08,1.4484722222222222,<6h,12.3,15.519567,37.1655,25.74013559787652,32.57377770174601,16.652660003820976,29.214689452251715,4.686507248104148,E,port_fallback,AU-014|AU-005|AU-003,247408700|636021733|247381300,True,1.129964336418397,1.4299538930335038,1.2824935228121526
AUGUSTA,AU-033,215054000,VALTELLINA,1,2026-04-08 06:11:54.500,2026-04-08 05:00:00,2026-04-08 04:59:22,1.1984722222222222,<6h,12.3,15.455667,37.1746,19.99465465835761,26.00923921569506,11.95703934443914,22.403198120151984,2.7568247470102065,E,port_fallback,AU-014|AU-005|AU-003,247408700|636021733|247381300,True,0.87774388744129,1.14177769652211,0.9834763613124016
AUGUSTA,AU-033,215054000,VALTELLINA,1,2026-04-08 06:11:54.500,2026-04-08 05:15:00,2026-04-08 05:14:35,0.9484722222222224,<6h,12.3,15.3912,37.182667,14.217313206226311,16.473335598404955,7.248333069677709,15.566761862145235,1.429368456106422,E,port_fallback,AU-014|AU-005|AU-017,247408700|636021733|229370000,True,0.6241247961433172,0.7231617586965949,0.6833641443284882
AUGUSTA,AU-033,215054000,VALTELLINA,1,2026-04-08 06:11:54.500,2026-04-08 05:30:00,2026-04-08 05:29:45,0.6984722222222223,<6h,12.3,15.32915,37.189233,8.674397812350074,10.177529031503374,2.6072751168884367,8.840065762455223,0.2827410078125773,E,port_fallback,AU-014|AU-017|AU-005,247408700|229370000|636021733,True,0.3807967572894201,0.446782605116129,0.3880694025555858
AUGUSTA,AU-033,215054000,VALTELLINA,1,2026-04-08 06:11:54.500,2026-04-08 05:45:00,2026-04-08 05:44:59,0.4484722222222222,<6h,11.75,15.271567,37.195367,3.537120769105955,3.733033163361421,0.24969828647274178,3.58587465555471,0.03645473168278673,E,port_fallback,AU-002|AU-017|AU-005,229456000|229370000|636021733,True,0.1625440360785789,0.17154694928364603,0.16478446098776298
AUGUSTA,AU-033,215054000,VALTELLINA,1,2026-04-08 06:11:54.500,2026-04-08 06:00:00,2026-04-08 05:59:13,0.1984722222222222,<6h,8.55,15.257117,37.195933,2.2557274885005776,2.257313892456714,0.0006533396518639381,2.2751210467059053,0.02172803149533414,E,port_fallback,AU-008|AU-005|AU-003,210627000|636021733|247381300,True,0.14245560282549463,0.14255578874469288,0.14368036115253335
AUGUSTA,AU-034,247131100,LIONE,1,2026-04-08 07:09:46.500,2026-04-07 22:30:00,2026-04-07 22:29:16,8.662916666666666,6-12h,5.6,15.546333,37.633667,55.97773627126947,65.89312847692062,8.211496282072801,65.20948621208083,7.706337172661752,NNE,sector,AU-013|AU-007|AU-022,538002883|247355500|247415600,True,5.3974213467361025,6.353471968231316,6.287554594654508
AUGUSTA,AU-034,247131100,LIONE,1,2026-04-08 07:09:46.500,2026-04-07 22:45:00,2026-04-07 22:44:30,8.412916666666666,6-12h,5.5,15.532333,37.613667,53.43519743005338,62.71572710720356,7.469994521112319,62.054392618848325,6.869381571866545,NNE,sector,AU-013|AU-007|AU-022,538002883|247355500|247415600,True,5.245945162974021,6.1570515518558375,6.092125723429052
AUGUSTA,AU-034,247131100,LIONE,1,2026-04-08 07:09:46.500,2026-04-07 23:00:00,2026-04-07 22:59:44,8.162916666666666,6-12h,5.3,15.518833,37.594,50.94658938855051,59.61933601592835,6.763944138987356,58.77314095582166,6.071378408414326,NNE,sector,AU-013|AU-007|AU-022,538002883|247355500|247415600,True,5.190369349662833,6.073936999870445,5.9877277961430435
AUGUSTA,AU-034,247131100,LIONE,1,2026-04-08 07:09:46.500,2026-04-07 23:15:00,2026-04-07 23:14:59,7.912916666666667,6-12h,5.2,15.505833,37.574832,48.527977997765205,56.618090914332164,6.089440235313025,55.74881873708176,5.314212690616324,NNE,sector,AU-013|AU-007|AU-022,538002883|247355500|247415600,True,5.039040745739035,5.879100651513141,5.78883730032831
AUGUSTA,AU-034,247131100,LIONE,1,2026-04-08 07:09:46.500,2026-04-07 23:30:00,2026-04-07 23:29:12,7.662916666666667,6-12h,5.2,15.493667,37.5565,46.22662419900496,53.77586167164644,5.467469573509956,52.88425979050778,4.613346783318899,NNE,sector,AU-013|AU-007|AU-022,538002883|247355500|247415600,True,4.800073122508406,5.583969686788341,5.49138766723166
AUGUSTA,AU-034,247131100,LIONE,1,2026-04-08 07:09:46.500,2026-04-07 23:45:00,2026-04-07 23:44:26,7.412916666666667,6-12h,5.25,15.481,37.536667,43.75891779735792,50.75305593512881,4.837436407136261,49.83681559784515,3.8982576888576737,NNE,sector,AU-013|AU-007|AU-022,538002883|247355500|247415600,True,4.500557214579648,5.219896733017465,5.125662408499965
AUGUSTA,AU-034,247131100,LIONE,1,2026-04-08 07:09:46.500,2026-04-08 00:00:00,2026-04-07 23:59:40,7.162916666666667,6-12h,5.4,15.468667,37.516333,41.2585429446633,47.32967211275596,4.2426951494272425,46.78062453843959,3.222114584104738,NNE,sector,AU-013|AU-007|AU-022,538002883|247355500|247415600,True,4.125524252526127,4.73258860418726,4.677688238784856
AUGUSTA,AU-034,247131100,LIONE,1,2026-04-08 07:09:46.500,2026-04-08 00:15:00,2026-04-08 00:14:54,6.912916666666667,6-12h,5.3,15.456667,37.4965,38.82199195377656,44.22463384228964,3.4558756796851724,43.71592667097404,2.5346186718982358,NNE,sector,AU-013|AU-007|AU-022,538002883|247355500|247415600,True,3.955131826253776,4.505545645940099,4.45371925006867
AUGUSTA,AU-034,247131100,LIONE,1,2026-04-08 07:09:46.500,2026-04-08 00:30:00,2026-04-08 00:29:07,6.662916666666667,6-12h,4.95,15.447,37.48,36.81021075472276,41.67262833959229,2.829097215076094,41.25001965255184,1.9910240159114352,NNE,sector,AU-013|AU-007|AU-022,538002883|247355500|247415600,True,4.0153381280104234,4.545741250473666,4.499642172540943
AUGUSTA,AU-034,247131100,LIONE,1,2026-04-08 07:09:46.500,2026-04-08 00:45:00,2026-04-08 00:44:22,6.412916666666667,6-12h,4.7,15.436167,37.462332,34.63511497907824,38.89243444916272,2.1156014932036777,38.600070002048504,1.3753404596932814,NNE,sector,AU-013|AU-007|AU-022,538002883|247355500|247415600,True,3.9790353130690495,4.468135017825779,4.4345468960581425
AUGUSTA,AU-034,247131100,LIONE,1,2026-04-08 07:09:46.500,2026-04-08 01:00:00,2026-04-08 00:59:36,6.162916666666667,6-12h,4.6,15.424667,37.4445,32.41461152174119,36.03053267668315,1.345682898026736,35.842612154983186,0.9564602522643755,NNE,sector,AU-013|AU-007|AU-022,538002883|247355500|247415600,True,3.8048891353344443,4.229332880632354,4.20727441015391
AUGUSTA,AU-034,247131100,LIONE,1,2026-04-08 07:09:46.500,2026-04-08 01:15:00,2026-04-08 01:14:50,5.912916666666667,<6h,4.65,15.412667,37.427167,30.21853289577173,33.16761402606202,0.5250584479558998,34.10478563379336,0.8448521790867796,NNE,sector,AU-007|AU-013|AU-022,247355500|538002883|247415600,True,3.50896826398334,3.851414805971111,3.960238931906612
AUGUSTA,AU-034,247131100,LIONE,1,2026-04-08 07:09:46.500,2026-04-08 01:30:00,2026-04-08 01:29:03,5.662916666666667,<6h,4.7,15.402333,37.411,28.211083746221405,30.75587481584613,0.016109073878138674,32.98141616373368,1.0214757986545508,NNE,sector,AU-022|AU-007|AU-001,247415600|247355500|256210000,True,3.241014170559878,3.533371032563546,3.789051073449482
AUGUSTA,AU-034,247131100,LIONE,1,2026-04-08 07:09:46.500,2026-04-08 01:45:00,2026-04-08 01:44:18,5.412916666666667,<6h,4.6,15.393333,37.393,26.098243596010573,28.943221266452493,0.3299070811668384,30.53715304516112,0.9695735354710489,NNE,sector,AU-022|AU-001|AU-007,247415600|256210000|247355500,True,3.063461779980582,3.397410703640306,3.5845094662833503
AUGUSTA,AU-034,247131100,LIONE,1,2026-04-08 07:09:46.500,2026-04-08 02:00:00,2026-04-08 01:59:33,5.162916666666667,<6h,4.6,15.385167,37.374667,24.003591197044607,27.06246326067997,0.5957981655070285,27.29311406346069,0.7793383339709079,NNE,sector,AU-022|AU-001|AU-010,247415600|256210000|215909000,True,2.81758747265525,3.1766437295379815,3.203717962186671
AUGUSTA,AU-034,247131100,LIONE,1,2026-04-08 07:09:46.500,2026-04-08 02:15:00,2026-04-08 02:14:49,4.912916666666667,<6h,4.5,15.377333,37.3565,21.954128442956268,25.181354458264263,0.8369639130982671,24.87921863334324,0.5961956748601197,NNE,sector,AU-022|AU-001|AU-010,247415600|256210000|215909000,True,2.634284670381122,3.0215208133266453,2.98526741460802
AUGUSTA,AU-034,247131100,LIONE,1,2026-04-08 07:09:46.500,2026-04-08 02:30:00,2026-04-08 02:29:02,4.662916666666667,<6h,4.6,15.370667,37.339333,20.073723760795257,23.35416835004176,1.001135811455076,22.696716214648614,0.48790437427905564,NNE,sector,AU-022|AU-001|AU-010,247415600|256210000|215909000,True,2.3562921120287417,2.741356976012039,2.6641839861311643
AUGUSTA,AU-034,247131100,LIONE,1,2026-04-08 07:09:46.500,2026-04-08 02:45:00,2026-04-08 02:44:16,4.412916666666667,<6h,4.6,15.363333,37.321,18.080957946666214,20.941537090281546,0.9100836115105387,20.37400975980852,0.44623996886439343,NNE,sector,AU-001|AU-010|AU-022,256210000|215909000|247415600,True,2.1223774470215764,2.4581577014604123,2.391540257278679
AUGUSTA,AU-034,247131100,LIONE,1,2026-04-08 07:09:46.500,2026-04-08 03:00:00,2026-04-08 02:59:31,4.162916666666667,<6h,4.4,15.358,37.303,16.273826690828347,18.572188697108125,0.5686980917210022,19.281748089892634,0.5533304028173848,NNE,sector,AU-001|AU-010|AU-004,256210000|215909000|247219700,True,1.9970825999936612,2.279131736833414,2.3662070599220293
AUGUSTA,AU-034,247131100,LIONE,1,2026-04-08 07:09:46.500,2026-04-08 03:15:00,2026-04-08 03:14:45,3.912916666666667,<6h,4.5,15.3535,37.2835,14.475675815495846,15.938750837076405,0.08926423827970173,16.12150894828614,0.51587636796153,NNE,sector,AU-010|AU-001|AU-020,215909000|256210000|246651000,True,1.7369421424881024,1.912497100681114,1.9344263196887619
AUGUSTA,AU-034,247131100,LIONE,1,2026-04-08 07:09:46.500,2026-04-08 03:30:00,2026-04-08 03:29:59,3.662916666666667,<6h,4.8,15.349833,37.262833,12.789918258311456,14.138177614055522,0.5264406150293094,13.9043214532045,0.43426626105352434,NNE,sector,AU-013|AU-010|AU-001,538002883|215909000|256210000,True,1.4387507040037184,1.5904177481613933,1.5641110346027378
AUGUSTA,AU-034,247131100,LIONE,1,2026-04-08 07:09:46.500,2026-04-08 03:45:00,2026-04-08 03:44:13,3.412916666666667,<6h,5.0,15.3475,37.2435,11.502971823076525,12.544883250225245,0.1920353348079225,12.407959700326051,0.6840973397545254,E,port_fallback,AU-009|AU-001|AU-010,563205300|256210000|215909000,True,1.2422215791659315,1.3547390119033742,1.3399524514390984
AUGUSTA,AU-034,247131100,LIONE,1,2026-04-08 07:09:46.500,2026-04-08 04:00:00,2026-04-08 03:59:27,3.162916666666667,<6h,4.65,15.347,37.225833,10.71611541894948,12.176280587893523,1.2051296795321906,11.805825937910567,0.4705275017796216,E,port_fallback,AU-007|AU-002|AU-001,247355500|229456000|256210000,True,1.2443525649631295,1.4139065686492396,1.3708894700191092
AUGUSTA,AU-034,247131100,LIONE,1,2026-04-08 07:09:46.500,2026-04-08 04:15:00,2026-04-08 04:14:41,2.912916666666667,<6h,3.9,15.348667,37.21,10.467811002957914,11.839123108528259,2.4120925653462364,11.69388670544167,1.0231664339468418,E,port_fallback,AU-003|AU-007|AU-005,247381300|247355500|636021733,True,1.4492732739322582,1.639132069076848,1.6190240219086325
AUGUSTA,AU-034,247131100,LIONE,1,2026-04-08 07:09:46.500,2026-04-08 05:30:00,2026-04-08 05:29:45,1.6629166666666666,<6h,3.1,15.3585,37.172833,11.544238817940396,13.220831316064423,5.650577401449485,13.05099572485283,1.2969590242644664,E,port_fallback,AU-017|AU-014|AU-021,229370000|247408700|255801270,True,2.010771061440186,2.3027992956288617,2.2732173979051122
AUGUSTA,AU-034,247131100,LIONE,1,2026-04-08 07:09:46.500,2026-04-08 05:45:00,2026-04-08 05:44:59,1.4129166666666666,<6h,4.7,15.336,37.181,9.404938117959396,11.274558993145627,3.704305078530689,10.338091864199585,0.9180418887012504,E,port_fallback,AU-017|AU-014|AU-005,229370000|247408700|636021733,True,1.0804809197600518,1.295271241342956,1.1876857525159212
AUGUSTA,AU-034,247131100,LIONE,1,2026-04-08 07:09:46.500,2026-04-08 06:00:00,2026-04-08 05:59:13,1.1629166666666666,<6h,4.85,15.314833,37.1905,7.398529666394579,8.911314313639542,2.0042758456216916,7.613544346965582,0.27457119393725565,E,port_fallback,AU-014|AU-017|AU-005,247408700|229370000|636021733,True,0.8236879234925274,0.9921082044086684,0.8476257873311195
AUGUSTA,AU-034,247131100,LIONE,1,2026-04-08 07:09:46.500,2026-04-08 06:15:00,2026-04-08 06:14:27,0.9129166666666668,<6h,5.1,15.289,37.194167,5.085934289115586,5.766455653392222,0.8573343996480313,5.1423145603054286,0.05869225375303171,E,port_fallback,AU-017|AU-007|AU-004,229370000|247355500|247219700,True,0.5384676120268058,0.6105170513480098,0.5444368102639889
AUGUSTA,AU-034,247131100,LIONE,1,2026-04-08 07:09:46.500,2026-04-08 06:30:00,2026-04-08 06:29:40,0.6629166666666667,<6h,3.2,15.278833,37.1935,4.192616507671401,4.677655943437873,0.6473879541975157,4.287766325492867,0.11653049026046154,E,port_fallback,AU-004|AU-007|AU-017,247219700|247355500|229370000,True,0.7074474398743589,0.7892912971513689,0.7235026872119443
AUGUSTA,AU-034,247131100,LIONE,1,2026-04-08 07:09:46.500,2026-04-08 06:45:00,2026-04-08 06:44:54,0.4129166666666666,<6h,2.2,15.265,37.194833,2.959538401441768,3.094799274907205,0.14390120062458533,2.982893773241748,0.017998498655211127,E,port_fallback,AU-001|AU-004|AU-009,256210000|247219700|563205300,True,0.7263740431577085,0.7595717835527205,0.7321062667489073
AUGUSTA,AU-034,247131100,LIONE,1,2026-04-08 07:09:46.500,2026-04-08 07:00:00,2026-04-08 06:59:07,0.1629166666666666,<6h,3.55,15.246667,37.196667,1.3286413057369222,1.3857889945608681,0.05817436897282335,1.3793317049330376,0.04421054983613689,E,port_fallback,AU-017|AU-022|AU-004,229370000|247415600|247219700,True,0.20208701757322456,0.21077921007526967,0.20979705304247218
AUGUSTA,AU-036,256891000,AMISOS,1,2026-04-08 13:53:02.000,2026-04-08 12:15:00,2026-04-08 12:14:54,1.633888888888889,<6h,9.8,15.532183,37.163307,26.881007973226826,33.58316681895092,17.66204912102589,30.814947430333675,5.416572146696246,E,port_fallback,AU-014|AU-005|AU-003,247408700|636021733|247381300,True,1.4810799121317726,1.8503530005592916,1.697830664606034
AUGUSTA,AU-036,256891000,AMISOS,1,2026-04-08 13:53:02.000,2026-04-08 12:30:00,2026-04-08 12:29:08,1.383888888888889,<6h,9.7,15.486322,37.167767,22.787899282139424,29.877847946474837,14.37443241155681,25.19284448109146,3.659897313906511,E,port_fallback,AU-014|AU-005|AU-003,247408700|636021733|247381300,True,1.2685032220469052,1.6631698217850213,1.4023760593780734
AUGUSTA,AU-036,256891000,AMISOS,1,2026-04-08 13:53:02.000,2026-04-08 12:45:00,2026-04-08 12:44:23,1.133888888888889,<6h,9.6,15.434128,37.174263,18.10767258543481,23.313760364657888,10.673697570267716,20.366351600716307,2.5050280484407197,E,port_fallback,AU-014|AU-005|AU-017,247408700|636021733|229370000,True,1.0184751049223142,1.3112941169826475,1.145515636289389
AUGUSTA,AU-036,256891000,AMISOS,1,2026-04-08 13:53:02.000,2026-04-08 13:00:00,2026-04-08 12:59:38,0.8838888888888888,<6h,9.55,15.383827,37.179072,13.62028186939084,15.476378521238136,6.96118227180801,15.106192430147281,1.4747737251695867,E,port_fallback,AU-014|AU-005|AU-017,247408700|636021733|229370000,True,0.7700904565824318,0.8750341230783832,0.8541038091067406
AUGUSTA,AU-036,256891000,AMISOS,1,2026-04-08 13:53:02.000,2026-04-08 13:15:00,2026-04-08 13:14:53,0.6338888888888888,<6h,9.3,15.335427,37.185817,9.26997987159152,10.79882248545723,3.2285685708422927,9.68759529395964,0.5044231757469969,E,port_fallback,AU-017|AU-014|AU-005,229370000|247408700|636021733,True,0.5382138386627371,0.6269782441218577,0.562460536354748
AUGUSTA,AU-036,256891000,AMISOS,1,2026-04-08 13:53:02.000,2026-04-08 13:30:00,2026-04-08 13:29:08,0.3838888888888889,<6h,9.3,15.289772,37.191655,5.176881058171239,6.031181276653848,1.144061541377423,5.39175185261541,0.24862546065843813,E,port_fallback,AU-004|AU-007|AU-017,247219700|247355500|229370000,True,0.30056904817641134,0.350169608946669,0.3130444188564185
AUGUSTA,AU-036,256891000,AMISOS,1,2026-04-08 13:53:02.000,2026-04-08 13:45:00,2026-04-08 13:44:23,0.1338888888888889,<6h,8.95,15.253083,37.195078,1.9051603277863047,1.9957958980019037,0.09242638136709458,1.9460972405373633,0.030524358127381735,E,port_fallback,AU-001|AU-002|AU-009,256210000|229456000|563205300,True,0.11493902577230745,0.12040710317711208,0.11740876482844236
AUGUSTA,AU-038,309518000,GRIMSTAD,1,2026-04-08 21:11:35.500,2026-04-08 14:45:00,2026-04-08 14:44:26,6.443194444444444,6-12h,11.8,15.598798,36.178593,117.84274520916212,119.93167725156857,116.93465803804044,134.69710790263312,84.94543078667458,SSE,port_fallback,AU-021|AU-017|AU-014,255801270|229370000|247408700,True,5.392372204541225,5.4879597526983455,6.1636118489691905
AUGUSTA,AU-038,309518000,GRIMSTAD,1,2026-04-08 21:11:35.500,2026-04-08 15:00:00,2026-04-08 14:59:42,6.193194444444444,6-12h,11.9,15.572608,36.225422,112.19218392283842,114.31141207715325,111.31439286362512,129.3557185719916,80.30944314325605,SSE,port_fallback,AU-021|AU-017|AU-014,255801270|229370000|247408700,True,5.090666638965752,5.186825601990727,5.869453807466449
AUGUSTA,AU-038,309518000,GRIMSTAD,1,2026-04-08 21:11:35.500,2026-04-08 15:15:00,2026-04-08 15:14:58,5.943194444444444,<6h,11.95,15.562207,36.274363,106.70152634210784,108.81018648036192,105.81316726683379,123.87469390498885,75.39740313683406,SSE,port_fallback,AU-021|AU-017|AU-014,255801270|229370000|247408700,True,4.821273229082111,4.916552341034093,5.597237133890709
AUGUSTA,AU-038,309518000,GRIMSTAD,1,2026-04-08 21:11:35.500,2026-04-08 15:30:00,2026-04-08 15:29:13,5.693194444444444,<6h,11.8,15.562187,36.321495,101.67149488603164,103.74153802318513,100.744518809657,118.63972255217425,70.62165753082108,SSE,port_fallback,AU-021|AU-017|AU-014,255801270|229370000|247408700,True,4.652391134002253,4.747114343777918,5.42884113153779
AUGUSTA,AU-038,309518000,GRIMSTAD,1,2026-04-08 21:11:35.500,2026-04-08 15:45:00,2026-04-08 15:44:30,5.443194444444444,<6h,11.8,15.561092,36.371437,96.33693077824871,98.36484948890379,95.36783027537565,113.08850734516633,65.70944777126293,SSE,port_fallback,AU-021|AU-017|AU-014,255801270|229370000|247408700,True,4.408286542182922,4.50108217817219,5.174822790989417
AUGUSTA,AU-038,309518000,GRIMSTAD,1,2026-04-08 21:11:35.500,2026-04-08 16:00:00,2026-04-08 15:59:45,5.193194444444444,<6h,11.8,15.558785,36.422107,90.91735476783894,92.90116070832434,89.9041414947962,107.4512028080585,60.93460094945389,SSE,port_fallback,AU-021|AU-017|AU-014,255801270|229370000|247408700,True,4.160291886363754,4.251068963846887,4.9168650843823665
AUGUSTA,AU-038,309518000,GRIMSTAD,1,2026-04-08 21:11:35.500,2026-04-08 16:15:00,2026-04-08 16:14:00,4.943194444444444,<6h,11.8,15.556418,36.468927,85.92758820902559,87.86654716641053,84.8695279528824,102.24121350041514,56.74044952706555,SSE,port_fallback,AU-021|AU-017|AU-014,255801270|229370000|247408700,True,3.931964903220777,4.020689825310727,4.6784609172134175
AUGUSTA,AU-038,309518000,GRIMSTAD,1,2026-04-08 21:11:35.500,2026-04-08 16:30:00,2026-04-08 16:29:16,4.693194444444444,<6h,11.8,15.554645,36.519447,80.59968480623125,83.38509087762118,79.47954377434863,96.62331420327416,52.278803325801505,SSE,port_fallback,AU-021|AU-017|AU-014,255801270|229370000|247408700,True,3.68816509894165,3.8156226378089273,4.4213911759744
AUGUSTA,AU-038,309518000,GRIMSTAD,1,2026-04-08 21:11:35.500,2026-04-08 16:45:00,2026-04-08 16:44:31,4.443194444444444,<6h,11.8,15.554703,36.569228,75.45224796016078,79.2758110984469,74.22324576911845,91.09720476622562,47.700425866124114,SSE,port_fallback,AU-021|AU-017|AU-014,255801270|229370000|247408700,True,3.4526232730607664,3.6275858942438264,4.168521651637515
AUGUSTA,AU-038,309518000,GRIMSTAD,1,2026-04-08 21:11:35.500,2026-04-08 17:00:00,2026-04-08 16:59:46,4.193194444444444,<6h,11.8,15.556045,36.619908,70.31916608970194,74.7229411247541,68.9424919674504,85.48053988048171,42.91281397550244,SSE,port_fallback,AU-021|AU-017|AU-014,255801270|229370000|247408700,True,3.2177383172430143,3.4192508842824108,3.9115083958927457
AUGUSTA,AU-038,309518000,GRIMSTAD,1,2026-04-08 21:11:35.500,2026-04-08 19:00:00,2026-04-08 18:59:23,2.1931944444444444,<6h,12.2,15.516922,37.016778,32.24919932971964,35.52058443480134,27.950330520186405,34.78666643001227,6.169111512316815,SSE,port_fallback,AU-021|AU-017|AU-014,255801270|229370000|247408700,True,1.4273093921378588,1.5720968219913491,1.5396145252811435
AUGUSTA,AU-038,309518000,GRIMSTAD,1,2026-04-08 21:11:35.500,2026-04-08 19:15:00,2026-04-08 19:14:35,1.9431944444444444,<6h,12.1,15.50245,37.066295,28.042774615647676,30.618202726470624,23.047948811855687,31.226027288258067,5.176093669270975,SSE,port_fallback,AU-021|AU-017|AU-014,255801270|229370000|247408700,True,1.2513956149995393,1.3663228819623467,1.3934467668751256
AUGUSTA,AU-038,309518000,GRIMSTAD,1,2026-04-08 21:11:35.500,2026-04-08 19:30:00,2026-04-08 19:29:47,1.6931944444444444,<6h,12.1,15.488378,37.116437,24.436680555844557,26.97358983201547,18.548077993686686,27.639919320889536,4.6959281563455,E,port_fallback,AU-017|AU-021|AU-014,229370000|255801270|247408700,True,1.0904753652894597,1.2036837473901554,1.2334183871307114
AUGUSTA,AU-038,309518000,GRIMSTAD,1,2026-04-08 21:11:35.500,2026-04-08 19:45:00,2026-04-08 19:44:58,1.4431944444444444,<6h,11.85,15.440078,37.1401,19.50857350425744,21.53964128703394,13.543992083897724,22.433246502984677,3.0838334729358885,E,port_fallback,AU-017|AU-021|AU-014,229370000|255801270|247408700,True,0.8889271720961918,0.9814747558590526,1.0221927487667422
AUGUSTA,AU-038,309518000,GRIMSTAD,1,2026-04-08 21:11:35.500,2026-04-08 20:00:00,2026-04-08 19:59:09,1.1931944444444444,<6h,10.8,15.396475,37.152327,15.411937927888134,17.23248834045632,9.662234425841383,17.379501813556406,1.9478983443087452,E,port_fallback,AU-017|AU-021|AU-014,229370000|255801270|247408700,True,0.7705352535741207,0.8615554925834094,0.8689055782315617
AUGUSTA,AU-038,309518000,GRIMSTAD,1,2026-04-08 21:11:35.500,2026-04-08 20:15:00,2026-04-08 20:14:21,0.9431944444444444,<6h,7.75,15.368252,37.16095,12.735853156306318,14.778063158742313,7.207809244127376,14.492485184256136,1.5482846118395017,E,port_fallback,AU-017|AU-021|AU-014,229370000|255801270|247408700,True,0.8873303947820189,1.029614934769199,1.0097181902219838
AUGUSTA,AU-038,309518000,GRIMSTAD,1,2026-04-08 21:11:35.500,2026-04-08 20:30:00,2026-04-08 20:29:32,0.6931944444444444,<6h,5.800000000000001,15.337003,37.17078,9.76553557415511,12.320058156521558,4.74980424190662,11.648767847570447,1.465190533166424,E,port_fallback,AU-021|AU-017|AU-014,255801270|229370000|247408700,True,0.9091323056299908,1.146948141479999,1.0844536984779218
AUGUSTA,AU-038,309518000,GRIMSTAD,1,2026-04-08 21:11:35.500,2026-04-08 20:45:00,2026-04-08 20:44:44,0.4431944444444444,<6h,8.350000000000001,15.293865,37.185778,5.64102856345102,6.906085907450844,1.8779556614365958,6.407884854996918,0.784401604182423,E,port_fallback,AU-021|AU-004|AU-007,255801270|247219700|247355500,True,0.36477985045789757,0.44658539772188943,0.4143689848163446
AUGUSTA,AU-038,309518000,GRIMSTAD,1,2026-04-08 21:11:35.500,2026-04-08 21:00:00,2026-04-08 20:59:56,0.1931944444444444,<6h,7.75,15.26163,37.195302,2.658334330032139,2.7369074309021277,0.08280162450496237,2.6679203468320556,0.00980090293616251,E,port_fallback,AU-004|AU-007|AU-009,247219700|247355500|563205300,True,0.1852110590142924,0.19068539196698445,0.18587893449676413
AUGUSTA,AU-039,538002630,STAR HELENA,1,2026-04-08 22:49:57.500,2026-04-08 19:45:00,2026-04-08 19:44:58,3.082638888888889,<6h,9.9,15.456278,36.895918,38.93232846823179,44.63529981645925,37.065045901844314,53.4169158071477,18.956649476889027,SSE,port_fallback,AU-021|AU-017|AU-014,255801270|229370000|247408700,True,2.1234116798782523,2.4344579606245635,2.913416879766766
AUGUSTA,AU-039,538002630,STAR HELENA,1,2026-04-08 22:49:57.500,2026-04-08 20:00:00,2026-04-08 19:59:09,2.832638888888889,<6h,9.9,15.480832,36.928837,37.09069530703549,42.08676250759472,34.51650859297978,47.812983474328135,15.027718296072015,SSE,port_fallback,AU-021|AU-017|AU-014,255801270|229370000|247408700,True,2.022966997569403,2.2954579546869733,2.6077722949979343
AUGUSTA,AU-039,538002630,STAR HELENA,1,2026-04-08 22:49:57.500,2026-04-08 20:15:00,2026-04-08 20:14:21,2.582638888888889,<6h,9.85,15.493252,36.970637,34.207102592174834,38.49863289917735,30.92837898456241,41.075133675152756,10.682714529870495,SSE,port_fallback,AU-021|AU-017|AU-014,255801270|229370000|247408700,True,1.8751632254977377,2.1104161175284424,2.251654607182947
AUGUSTA,AU-039,538002630,STAR HELENA,1,2026-04-08 22:49:57.500,2026-04-08 20:30:00,2026-04-08 20:29:32,2.332638888888889,<6h,9.7,15.481507,37.0102,30.34507205576642,34.222667058653734,26.652413144038796,35.17134242797364,7.314780035255459,SSE,port_fallback,AU-017|AU-021|AU-014,229370000|255801270|247408700,True,1.6891781554500243,1.905027001105171,1.957835632026321
AUGUSTA,AU-039,538002630,STAR HELENA,1,2026-04-08 22:49:57.500,2026-04-08 20:45:00,2026-04-08 20:44:44,2.082638888888889,<6h,9.9,15.462352,37.049837,26.170030403456657,29.639966742395192,22.069712827780254,30.247771813376787,5.3858319377694945,SSE,port_fallback,AU-017|AU-021|AU-014,229370000|255801270|247408700,True,1.4273420164635913,1.6165961309856223,1.6497464828291983
AUGUSTA,AU-039,538002630,STAR HELENA,1,2026-04-08 22:49:57.500,2026-04-08 21:00:00,2026-04-08 20:59:56,1.832638888888889,<6h,10.3,15.44103,37.09183,21.914755719158357,24.807793106466008,17.23753919185107,24.567754012859837,3.4329967859280672,SSE,port_fallback,AU-021|AU-017|AU-014,255801270|229370000|247408700,True,1.1488370336533769,1.3004987054910988,1.2879151383369243
AUGUSTA,AU-039,538002630,STAR HELENA,1,2026-04-08 22:49:57.500,2026-04-08 21:15:00,2026-04-08 21:14:08,1.582638888888889,<6h,10.3,15.426032,37.12233,19.10491677572784,21.42095785933762,13.85070394472268,20.301273548028036,2.29374502106927,E,port_fallback,AU-017|AU-021|AU-014,229370000|255801270|247408700,True,1.0015368730591876,1.1229506730764756,1.0642534729197526
AUGUSTA,AU-039,538002630,STAR HELENA,1,2026-04-08 22:49:57.500,2026-04-08 21:45:00,2026-04-08 21:44:32,1.082638888888889,<6h,5.9,15.37148,37.157548,13.128585883250432,15.25091021615928,7.680656301544342,14.739788155015667,1.6287184525203078,E,port_fallback,AU-017|AU-021|AU-014,229370000|255801270|247408700,True,1.2015032656633626,1.3957343610351867,1.3489574399655584
AUGUSTA,AU-039,538002630,STAR HELENA,1,2026-04-08 22:49:57.500,2026-04-08 22:00:00,2026-04-08 21:59:45,0.8326388888888889,<6h,9.2,15.330988,37.18132,8.962156949160974,11.032743693784738,3.462489779169801,9.922863268959496,0.9831655071116425,E,port_fallback,AU-017|AU-014|AU-005,229370000|247408700|636021733,True,0.5259975672105934,0.6475222845915544,0.582382340416911
AUGUSTA,AU-039,538002630,STAR HELENA,1,2026-04-08 22:49:57.500,2026-04-08 22:15:00,2026-04-08 22:14:58,0.5826388888888889,<6h,8.9,15.29534,37.193327,5.652146515761869,6.515199168942582,1.1296323756112447,5.666942590299752,0.04037072980328231,E,port_fallback,AU-007|AU-004|AU-017,247355500|247219700|229370000,True,0.3429117938555262,0.39527259743141824,0.34380946139610696
AUGUSTA,AU-039,538002630,STAR HELENA,1,2026-04-08 22:49:57.500,2026-04-08 22:30:00,2026-04-08 22:29:10,0.3326388888888889,<6h,5.65,15.273018,37.197125,3.6630013353899264,3.770296761254507,0.10395829061955514,3.7730064296890906,0.06946142381702498,E,port_fallback,AU-014|AU-003|AU-001,247408700|247381300|256210000,True,0.35006415789578604,0.36031812164361965,0.3605770780872236
AUGUSTA,AU-039,538002630,STAR HELENA,1,2026-04-08 22:49:57.500,2026-04-08 22:45:00,2026-04-08 22:44:23,0.0826388888888888,<6h,5.4,15.240473,37.196673,0.7800135002155882,0.8072643544156413,0.028493609829701904,0.8028438566332167,0.017262674916271096,E,port_fallback,AU-010|AU-022|AU-009,215909000|247415600|563205300,True,0.07799511041272579,0.08071997784333665,0.08027796342624756
AUGUSTA,AU-040,247381300,MACISTONE,1,2026-04-09 04:22:24.000,2026-04-09 02:00:00,2026-04-09 01:59:08,2.373333333333333,<6h,5.5,15.56919,37.171122,30.03548388017568,35.753096278345296,19.831978580420266,33.614513247859385,7.055370765818064,E,port_fallback,AU-014|AU-005|AU-003,247408700|636021733|247381300,False,2.948702521124649,3.5100231963818276,3.3000700223698587
AUGUSTA,AU-040,247381300,MACISTONE,1,2026-04-09 04:22:24.000,2026-04-09 03:15:00,2026-04-09 03:14:04,1.1233333333333333,<6h,6.7,15.389957,37.185652,14.07483851687722,16.3887020660979,6.9623883346652224,15.128275949690297,1.436868547736266,E,port_fallback,AU-014|AU-005|AU-017,247408700|636021733|229370000,False,1.1342992260788836,1.3207748030445423,1.2191963468046079
AUGUSTA,AU-040,247381300,MACISTONE,1,2026-04-09 04:22:24.000,2026-04-09 03:30:00,2026-04-09 03:29:16,0.8733333333333333,<6h,6.6,15.355147,37.190075,10.962169778204784,12.178941913425003,4.191412864037479,11.514968945449835,0.7995749614850652,E,port_fallback,AU-014|AU-005|AU-017,247408700|636021733|229370000,False,0.8968330533906655,0.9963791734918027,0.9420584581328814
AUGUSTA,AU-040,247381300,MACISTONE,1,2026-04-09 04:22:24.000,2026-04-09 04:15:00,2026-04-09 04:14:48,0.1233333333333333,<6h,7.0,15.24985,37.19579,1.6135294185317997,1.640089184180755,0.02639100215606907,1.6203435005167075,0.006340528514156721,E,port_fallback,AU-003|AU-008|AU-009,247381300|210627000|563205300,False,0.12446231244460039,0.12651104475322084,0.12498792814846556
AUGUSTA,AU-043,247408700,MERSEY SPIRIT,1,2026-04-09 09:19:45.500,2026-04-08 16:30:00,2026-04-08 16:29:16,16.829305555555557,12-24h,3.4000000000000004,15.584005,37.230693,31.429571691346432,37.10594582466855,18.391263662691937,33.71251549673477,6.42874796686453,E,port_fallback,AU-005|AU-003|AU-014,636021733|247381300|247408700,False,4.9913561954240935,5.8928258519674355,5.3539123835495435
AUGUSTA,AU-043,247408700,MERSEY SPIRIT,1,2026-04-09 09:19:45.500,2026-04-08 16:45:00,2026-04-08 16:44:31,16.579305555555557,12-24h,9.1,15.54719,37.206673,27.967477715413494,32.197435277357194,16.276317579432163,29.994354040638143,4.410517765710923,E,port_fallback,AU-005|AU-003|AU-014,636021733|247381300|247408700,False,1.6594758096630606,1.9104642013004765,1.7797423658793667
AUGUSTA,AU-043,247408700,MERSEY SPIRIT,1,2026-04-09 09:19:45.500,2026-04-08 17:00:00,2026-04-08 16:59:46,16.329305555555557,12-24h,6.0,15.539223,37.206493,27.261651442234136,31.559414559337498,15.638296861412465,29.013971760016908,3.9911460698862538,E,port_fallback,AU-005|AU-003|AU-014,636021733|247381300|247408700,False,2.453352361612143,2.840120100732316,2.6110485745155603
AUGUSTA,AU-043,247408700,MERSEY SPIRIT,1,2026-04-09 09:19:45.500,2026-04-08 19:15:00,2026-04-08 19:14:35,14.079305555555557,12-24h,6.3,15.542645,37.199867,27.54633446064131,32.147749363746755,16.226631665821724,29.664553738009367,4.342159326452146,E,port_fallback,AU-005|AU-003|AU-014,636021733|247381300|247408700,False,2.36092550830002,2.755300949959439,2.542472636875567
AUGUSTA,AU-043,247408700,MERSEY SPIRIT,1,2026-04-09 09:19:45.500,2026-04-08 19:30:00,2026-04-08 19:29:47,13.829305555555557,12-24h,0.9,15.547428,37.20039,27.970643573581874,32.50393373693082,16.582816039005785,30.182898524260523,4.584585347259268,E,port_fallback,AU-005|AU-003|AU-014,636021733|247381300|247408700,False,15.102939294590644,17.550720160329814,16.297461406188187
AUGUSTA,AU-043,247408700,MERSEY SPIRIT,1,2026-04-09 09:19:45.500,2026-04-08 20:30:00,2026-04-08 20:29:32,12.829305555555557,12-24h,0.5,15.54626,37.20027,27.867030171900605,32.41627063024001,16.49515293231498,30.04154059446373,4.5237802889772185,E,port_fallback,AU-005|AU-003|AU-014,636021733|247381300|247408700,False,15.046992533423653,17.503385869460047,16.221134230271993
AUGUSTA,AU-043,247408700,MERSEY SPIRIT,1,2026-04-09 09:19:45.500,2026-04-08 20:45:00,2026-04-08 20:44:44,12.579305555555557,12-24h,0.5,15.543605,37.198803,27.63028087476676,32.27642024857545,16.35530255065042,29.81008024181491,4.423013736715151,E,port_fallback,AU-005|AU-003|AU-014,636021733|247381300|247408700,False,14.919158139722873,17.427872704414387,16.096155638128998
AUGUSTA,AU-043,247408700,MERSEY SPIRIT,1,2026-04-09 09:19:45.500,2026-04-08 21:00:00,2026-04-08 20:59:56,12.329305555555557,12-24h,0.75,15.540052,37.196757,27.31493272117011,32.099573180588706,16.17845548266368,29.766150795845675,4.300655885015561,E,port_fallback,AU-005|AU-014|AU-003,636021733|247408700|247381300,False,14.748883758731159,17.33238292688375,16.072435634905872
AUGUSTA,AU-043,247408700,MERSEY SPIRIT,1,2026-04-09 09:19:45.500,2026-04-08 21:15:00,2026-04-08 21:14:08,12.079305555555557,12-24h,0.8,15.536512,37.195077,27.00225809694765,31.911574728086947,15.990457030161918,29.438580724084556,4.17943261326893,E,port_fallback,AU-005|AU-014|AU-003,636021733|247408700|247381300,False,14.58005296811428,17.230871883416278,15.895561946049975
AUGUSTA,AU-043,247408700,MERSEY SPIRIT,1,2026-04-09 09:19:45.500,2026-04-08 21:30:00,2026-04-08 21:29:20,11.829305555555557,6-12h,0.8,15.532883,37.194143,26.681881815275634,31.681718444404275,15.760600746479243,29.185920133663622,4.044272996527646,E,port_fallback,AU-005|AU-014|AU-003,636021733|247408700|247381300,False,14.407063615159629,17.10675941922477,15.759136141287051
AUGUSTA,AU-043,247408700,MERSEY SPIRIT,1,2026-04-09 09:19:45.500,2026-04-08 21:45:00,2026-04-08 21:44:32,11.579305555555557,6-12h,0.7,15.528685,37.194303,26.30985114774446,31.350729396308296,15.429611698383265,29.035538866955996,3.8733450421506945,E,port_fallback,AU-005|AU-014|AU-003,636021733|247408700|247381300,False,14.206183125131997,16.92803963083601,15.67793675321598
AUGUSTA,AU-043,247408700,MERSEY SPIRIT,1,2026-04-09 09:19:45.500,2026-04-08 23:15:00,2026-04-08 23:14:49,10.079305555555557,6-12h,0.6,15.521338,37.204903,25.67231461110365,30.21097726089343,14.289859562968397,28.25820993279173,3.290966313904338,E,port_fallback,AU-005|AU-003|AU-014,636021733|247381300|247408700,False,13.861940934721193,16.312622711065565,15.258212706690998
AUGUSTA,AU-043,247408700,MERSEY SPIRIT,1,2026-04-09 09:19:45.500,2026-04-09 08:15:00,2026-04-09 08:14:18,1.0793055555555555,<6h,11.1,15.468385,37.189973,20.98124798202468,27.410451263061777,11.489333565136747,22.889695737418894,2.450724654856009,E,port_fallback,AU-005|AU-014|AU-003,636021733|247408700|247381300,False,1.0206277110708015,1.3333747428181744,1.1134636885090816
AUGUSTA,AU-043,247408700,MERSEY SPIRIT,1,2026-04-09 09:19:45.500,2026-04-09 08:30:00,2026-04-09 08:29:32,0.8293055555555555,<6h,11.2,15.40835,37.19414,15.652351927724537,19.998172134999432,7.499027877722497,16.91207887850561,1.3434335574546754,E,port_fallback,AU-005|AU-014|AU-003,636021733|247408700|247381300,False,0.7546065994159082,0.9641204554438944,0.8153385759847275
AUGUSTA,AU-043,247408700,MERSEY SPIRIT,1,2026-04-09 09:19:45.500,2026-04-09 08:45:00,2026-04-09 08:44:45,0.5793055555555555,<6h,11.3,15.348288,37.19537,10.3307261413984,11.452229587094124,3.352821690268797,11.15571268342665,0.7734386451429781,E,port_fallback,AU-005|AU-014|AU-003,636021733|247408700|247381300,False,0.4936412269633594,0.5472309097600356,0.5330622089215509
AUGUSTA,AU-043,247408700,MERSEY SPIRIT,1,2026-04-09 09:19:45.500,2026-04-09 09:00:00,2026-04-09 08:59:58,0.3293055555555556,<6h,11.2,15.293667,37.192493,5.511351101333567,6.382238984141871,1.1673624938876714,5.619731409700882,0.13324663289207342,E,port_fallback,AU-004|AU-007|AU-017,247219700|247355500|229370000,False,0.26570460030341553,0.30769047863997756,0.2709296614519478
AUGUSTA,AU-043,247408700,MERSEY SPIRIT,1,2026-04-09 09:19:45.500,2026-04-09 09:15:00,2026-04-09 09:14:11,0.0793055555555555,<6h,10.1,15.25043,37.19439,1.68114064720392,1.8516744080987873,0.1795605516535631,1.813327736860254,0.12745037215808738,E,port_fallback,AU-001|AU-002|AU-009,256210000|229456000|563205300,False,0.08987557723007078,0.09899249449879109,0.09694244043689744
AUGUSTA,AU-044,605076190,RAS TOMB,1,2026-04-09 09:27:52.500,2026-04-09 02:15:00,2026-04-09 02:14:20,7.214583333333334,6-12h,11.5,16.417285,36.710857,118.39279251484834,126.6307324079572,110.70961471003217,121.48729621277998,77.89246586739814,E,port_fallback,AU-021|AU-017|AU-014,255801270|229370000|247408700,True,5.558869025957758,5.945663086109362,5.704164532480983
AUGUSTA,AU-044,605076190,RAS TOMB,1,2026-04-09 09:27:52.500,2026-04-09 03:15:00,2026-04-09 03:14:04,6.214583333333334,6-12h,11.5,16.416368,36.90131,110.14793684758986,116.3386656448272,100.41754794690218,136.5901319023963,73.92705922834668,E,port_fallback,AU-021|AU-005|AU-017,255801270|636021733|229370000,True,5.171750251084132,5.462422088685661,6.413284435270744
AUGUSTA,AU-044,605076190,RAS TOMB,1,2026-04-09 09:27:52.500,2026-04-09 03:30:00,2026-04-09 03:29:16,5.964583333333334,<6h,11.5,16.416613,36.949123,108.67034001975848,114.34251342128393,98.4213957233589,142.9047437912552,72.36364084936797,E,port_fallback,AU-021|AU-005|AU-002,255801270|636021733|229456000,True,5.1023729936969895,5.36869722139562,6.70977292662481
AUGUSTA,AU-044,605076190,RAS TOMB,1,2026-04-09 09:27:52.500,2026-04-09 04:30:00,2026-04-09 04:29:00,4.964583333333334,<6h,11.2,16.404197,37.122903,104.22910645153692,113.26613031486852,91.32580211977813,134.64154375326186,65.71934586031017,E,port_fallback,AU-005|AU-002|AU-021,636021733|229456000|255801270,True,5.024929923805197,5.460608720054985,6.491126569406716
AUGUSTA,AU-044,605076190,RAS TOMB,1,2026-04-09 09:27:52.500,2026-04-09 04:45:00,2026-04-09 04:44:13,4.714583333333334,<6h,11.3,16.343027,37.126112,98.79515445371248,107.91990444597235,85.97957625088196,130.70942476681287,61.60692485373789,E,port_fallback,AU-005|AU-002|AU-021,636021733|229456000|255801270,True,4.720806707587706,5.15682182600835,6.245791431736696
AUGUSTA,AU-044,605076190,RAS TOMB,1,2026-04-09 09:27:52.500,2026-04-09 05:00:00,2026-04-09 04:59:26,4.464583333333334,<6h,11.3,16.283293,37.130478,93.47738827390413,102.67499823732904,80.73467004223865,125.38620745019534,57.63070191852731,E,port_fallback,AU-005|AU-002|AU-021,636021733|229456000|255801270,True,4.466703696262549,4.906200340092941,5.991427944446345
AUGUSTA,AU-044,605076190,RAS TOMB,1,2026-04-09 09:27:52.500,2026-04-09 05:15:00,2026-04-09 05:14:39,4.214583333333334,<6h,11.2,16.22504,37.134978,88.2895599665909,97.56216337275345,75.62183517766306,118.07046421677717,53.83567853391747,E,port_fallback,AU-005|AU-002|AU-021,636021733|229456000|255801270,True,4.256477551613647,4.703513738658662,5.692227717948606
AUGUSTA,AU-044,605076190,RAS TOMB,1,2026-04-09 09:27:52.500,2026-04-09 07:00:00,2026-04-09 06:59:10,2.464583333333333,<6h,11.4,15.81357,37.17254,51.61948954483731,59.38200805616383,39.7065698946897,52.739683284293704,25.293648327728203,E,port_fallback,AU-005|AU-014|AU-003,636021733|247408700|247381300,True,2.4449381202321483,2.8126069519989687,2.4979956843381124
AUGUSTA,AU-044,605076190,RAS TOMB,1,2026-04-09 09:27:52.500,2026-04-09 07:15:00,2026-04-09 07:14:24,2.214583333333333,<6h,11.2,15.753587,37.181173,46.26540647662367,53.12904354431602,34.38930443461197,47.354000529282494,20.29635735603026,E,port_fallback,AU-005|AU-014|AU-003,636021733|247408700|247381300,True,2.2304750885444147,2.561373975254359,2.282956674699287
AUGUSTA,AU-044,605076190,RAS TOMB,1,2026-04-09 09:27:52.500,2026-04-09 07:30:00,2026-04-09 07:29:38,1.9645833333333331,<6h,11.1,15.695832,37.184708,41.1377474194032,46.79348685414638,29.45316331147427,42.33101909024781,15.684333140582284,E,port_fallback,AU-005|AU-014|AU-003,636021733|247408700|247381300,True,2.001135729545035,2.2762578003884957,2.0591821400894967
AUGUSTA,AU-044,605076190,RAS TOMB,1,2026-04-09 09:27:52.500,2026-04-09 07:45:00,2026-04-09 07:44:52,1.7145833333333331,<6h,11.1,15.637363,37.188157,35.94864845308301,40.38210419105431,24.460986493129283,37.342956237821014,11.08952732819188,E,port_fallback,AU-005|AU-014|AU-003,636021733|247408700|247381300,True,1.748713270926148,1.9643776482718616,1.8165390343928653
AUGUSTA,AU-044,605076190,RAS TOMB,1,2026-04-09 09:27:52.500,2026-04-09 08:00:00,2026-04-09 07:59:05,1.4645833333333331,<6h,11.2,15.58163,37.191573,31.003896006959096,35.66555280504865,19.744435107123618,32.834679389089466,6.993840473184819,E,port_fallback,AU-005|AU-014|AU-003,636021733|247408700|247381300,True,1.4947111234456523,1.719451596972802,1.5829739754844891
AUGUSTA,AU-044,605076190,RAS TOMB,1,2026-04-09 09:27:52.500,2026-04-09 08:15:00,2026-04-09 08:14:18,1.2145833333333331,<6h,11.2,15.523052,37.193837,25.81159059722208,30.94895887882208,15.027841180897049,28.809735619366826,3.709591794783904,E,port_fallback,AU-005|AU-014|AU-003,636021733|247408700|247381300,True,1.2443878527664147,1.4920625809367325,1.388929710128376
AUGUSTA,AU-044,605076190,RAS TOMB,1,2026-04-09 09:27:52.500,2026-04-09 08:30:00,2026-04-09 08:29:32,0.9645833333333332,<6h,11.3,15.462282,37.194872,20.427762529683854,26.643088283782895,10.721970585857866,22.63869136049105,2.1296229984195634,E,port_fallback,AU-005|AU-014|AU-003,636021733|247408700|247381300,True,0.9761158723257255,1.2731076799911547,1.0817624266753496
AUGUSTA,AU-044,605076190,RAS TOMB,1,2026-04-09 09:27:52.500,2026-04-09 08:45:00,2026-04-09 08:44:45,0.7145833333333333,<6h,11.4,15.401397,37.194698,15.035502418537028,19.125098493276052,7.030872638529944,16.360514615070926,1.2281780929748811,E,port_fallback,AU-005|AU-014|AU-003,636021733|247408700|247381300,True,0.712151037216145,0.9058532498425623,0.7749097521442406
AUGUSTA,AU-044,605076190,RAS TOMB,1,2026-04-09 09:27:52.500,2026-04-09 09:00:00,2026-04-09 08:59:58,0.4645833333333333,<6h,11.45,15.340495,37.1937,9.645205422223084,10.478853087088885,2.908599172473947,10.206037122490107,0.6087976926267314,E,port_fallback,AU-005|AU-014|AU-017,636021733|247408700|229370000,True,0.45484666274737023,0.4941596521211052,0.48129425158167766
AUGUSTA,AU-044,605076190,RAS TOMB,1,2026-04-09 09:27:52.500,2026-04-09 09:15:00,2026-04-09 09:14:11,0.2145833333333333,<6h,11.4,15.284775,37.193438,4.717804105258505,5.346091373335936,0.8178313386210889,4.7752176549108505,0.08292823760228636,E,port_fallback,AU-004|AU-007|AU-017,247219700|247355500|229370000,True,0.22345705473733965,0.2532156499060255,0.22617642638166657
AUGUSTA,AU-045,247243700,IEVOLI FAST,2,2026-04-09 11:11:24.500,2026-04-09 08:30:00,2026-04-09 08:29:32,2.690138888888889,<6h,12.3,15.439582,37.591547,47.59563965357769,51.76220797603165,0.4666754511578245,52.33641677730791,0.38274818212618805,NNE,sector,AU-022|AU-001|AU-007,247415600|256210000|247355500,True,2.0893975159167715,2.272305395003935,2.2975125453172094
AUGUSTA,AU-045,247243700,IEVOLI FAST,2,2026-04-09 11:11:24.500,2026-04-09 08:45:00,2026-04-09 08:44:45,2.440138888888889,<6h,12.4,15.426282,37.541347,42.00862450374558,46.043537995816514,0.4529354164292739,46.672354617808594,0.46283103728336444,NNE,sector,AU-022|AU-001|AU-007,247415600|256210000|247355500,True,1.8292615003721164,2.0049614190333256,2.032343178159992
AUGUSTA,AU-045,247243700,IEVOLI FAST,2,2026-04-09 11:11:24.500,2026-04-09 09:00:00,2026-04-09 08:59:58,2.190138888888889,<6h,11.9,15.412832,37.491995,36.53609358074416,40.80634923546435,0.7758287684780535,41.003591055963696,0.6116305270175829,NNE,sector,AU-022|AU-001|AU-007,247415600|256210000|247355500,True,1.6578077563544364,1.8515685625108602,1.860518315696122
AUGUSTA,AU-045,247243700,IEVOLI FAST,2,2026-04-09 11:11:24.500,2026-04-09 09:15:00,2026-04-09 09:14:11,1.9401388888888889,<6h,11.7,15.401332,37.446995,31.62106752896727,36.11985987112666,1.179742608356374,35.41385412981714,0.5889273319806411,NNE,sector,AU-022|AU-001|AU-010,247415600|256210000|215909000,True,1.4593171405810892,1.6669371006224112,1.6343548268361827
AUGUSTA,AU-045,247243700,IEVOLI FAST,2,2026-04-09 11:11:24.500,2026-04-09 09:30:00,2026-04-09 09:29:24,1.6901388888888889,<6h,11.65,15.390132,37.398645,26.474248962625957,29.929513279299865,0.713772981806102,30.661247495456262,0.4508152299510093,NNE,sector,AU-022|AU-034|AU-001,247415600|247131100|256210000,True,1.2270344071888855,1.3871797698949684,1.421094350867929
AUGUSTA,AU-045,247243700,IEVOLI FAST,2,2026-04-09 11:11:24.500,2026-04-09 09:45:00,2026-04-09 09:44:37,1.4401388888888889,<6h,11.8,15.379182,37.351645,21.61806810167267,24.207433147611525,0.22376205003242206,25.613025559865033,0.6258897729291438,NNE,sector,AU-034|AU-022|AU-001,247131100|247415600|256210000,True,0.9892222838192639,1.1077091713773255,1.1720277464520734
AUGUSTA,AU-045,247243700,IEVOLI FAST,2,2026-04-09 11:11:24.500,2026-04-09 10:00:00,2026-04-09 09:59:50,1.1901388888888889,<6h,11.9,15.367732,37.299112,16.577532995346075,18.885193378774957,0.8498543373148466,19.984368639280415,1.0029229263340367,NNE,sector,AU-034|AU-020|AU-001,247131100|246651000|256210000,True,0.7521976239788951,0.8569066091971865,0.9067811604661059
AUGUSTA,AU-045,247243700,IEVOLI FAST,2,2026-04-09 11:11:24.500,2026-04-09 10:15:00,2026-04-09 10:14:03,0.9401388888888887,<6h,12.4,15.354432,37.250277,12.397264135397329,17.1004134790783,6.202555351997995,15.27226149143084,0.6584991246996633,E,sector,AU-009|AU-034|AU-007,563205300|247131100|247355500,True,0.5398376704955988,0.7446358548334101,0.6650291529397528
AUGUSTA,AU-045,247243700,IEVOLI FAST,2,2026-04-09 11:11:24.500,2026-04-09 10:30:00,2026-04-09 10:29:17,0.6901388888888889,<6h,12.7,15.320958,37.208313,8.013621328094793,9.656542109248537,1.6462773407938076,8.564487081058076,0.31475741515793604,E,sector,AU-004|AU-003|AU-002,247219700|247381300|229456000,True,0.34070939814351764,0.4105602842319237,0.3641301627973196
AUGUSTA,AU-045,247243700,IEVOLI FAST,2,2026-04-09 11:11:24.500,2026-04-09 10:45:00,2026-04-09 10:44:30,0.4401388888888889,<6h,12.0,15.282248,37.196367,4.480329795192343,4.670225569538855,0.19896622649099438,4.586605115150825,0.06370982667334342,E,sector,AU-014|AU-039|AU-005,247408700|538002630|636021733,True,0.20159871288662448,0.21014333916211547,0.2063807197242092
AUGUSTA,AU-045,247243700,IEVOLI FAST,2,2026-04-09 11:11:24.500,2026-04-09 11:00:00,2026-04-09 10:59:44,0.1901388888888888,<6h,5.2,15.263327,37.194283,2.816828272623769,2.9709313672296096,0.16238454365498706,2.8560601419728457,0.03385219322321498,E,sector,AU-002|AU-036|AU-044,229456000|256891000|605076190,True,0.2924933826864688,0.3084951162183927,0.296567135526338
AUGUSTA,AU-046,219031822,C-INSTALLER,2,2026-04-09 11:44:53.500,2026-04-09 08:00:00,2026-04-09 07:59:05,3.7481944444444446,<6h,7.9,15.415562,37.65168,53.13741518758499,61.33401650279924,3.9437806430534224,59.69712942291196,3.1827693926774945,NNE,sector,AU-001|AU-008|AU-022,256210000|210627000|247415600,True,3.631887196023798,4.192116391639503,4.080236858060526
AUGUSTA,AU-046,219031822,C-INSTALLER,2,2026-04-09 11:44:53.500,2026-04-09 08:15:00,2026-04-09 08:14:18,3.4981944444444446,<6h,7.9,15.407488,37.618767,49.43788050769677,57.54063686029168,3.8788169836663347,55.24113806469328,1.517962457191259,NNE,sector,AU-008|AU-004|AU-010,210627000|247219700|215909000,True,3.3790278390584767,3.932842828846794,3.7756744719833004
AUGUSTA,AU-046,219031822,C-INSTALLER,2,2026-04-09 11:44:53.500,2026-04-09 08:30:00,2026-04-09 08:29:32,3.2481944444444446,<6h,7.9,15.3987,37.588427,45.99326007069272,54.13544506882803,3.9354535457679822,51.75572533430396,1.5383635242437494,NNE,sector,AU-008|AU-004|AU-010,210627000|247219700|215909000,True,3.1435916061112663,3.700101502913581,3.5374501281067308
AUGUSTA,AU-046,219031822,C-INSTALLER,2,2026-04-09 11:44:53.500,2026-04-09 08:45:00,2026-04-09 08:44:45,2.9981944444444446,<6h,7.0,15.389667,37.559667,42.71005552831982,50.955449549960676,4.050004649559711,48.497970716793766,1.577984569407646,NNE,sector,AU-008|AU-004|AU-010,210627000|247219700|215909000,True,3.294512151212575,3.9305345225208788,3.740972748904178
AUGUSTA,AU-046,219031822,C-INSTALLER,2,2026-04-09 11:44:53.500,2026-04-09 09:00:00,2026-04-09 08:59:58,2.7481944444444446,<6h,7.1,15.379122,37.530307,39.32142759664087,47.79927515146355,4.281592660505989,45.45811723679756,1.658295528151464,NNE,sector,AU-008|AU-010|AU-004,210627000|215909000|247219700,True,2.9904045566757578,3.6351470166598383,3.4571013625770055
AUGUSTA,AU-046,219031822,C-INSTALLER,2,2026-04-09 11:44:53.500,2026-04-09 09:15:00,2026-04-09 09:14:11,2.4981944444444446,<6h,7.3,15.368325,37.500947,35.92625949458849,45.349890982232196,4.809652844181663,42.52109169753115,1.787840776947317,NNE,sector,AU-008|AU-004|AU-010,210627000|247219700|215909000,True,2.6573463338108003,3.3543811194289916,3.145144212663921
AUGUSTA,AU-046,219031822,C-INSTALLER,2,2026-04-09 11:44:53.500,2026-04-09 09:30:00,2026-04-09 09:29:24,2.2481944444444446,<6h,7.6,15.35728,37.470133,32.37273113902001,42.3854505782945,5.3649676943785405,39.423637247258775,2.062775210228098,NNE,sector,AU-008|AU-004|AU-010,210627000|247219700|215909000,True,2.2999837401258962,3.0113568956955854,2.800929098503664
AUGUSTA,AU-046,219031822,C-INSTALLER,2,2026-04-09 11:44:53.500,2026-04-09 09:45:00,2026-04-09 09:44:37,1.9981944444444444,<6h,8.1,15.346823,37.438453,28.74945199679587,39.2683651393902,5.856901302328944,36.07603251094202,2.3456229834470776,NNE,sector,AU-008|AU-004|AU-010,210627000|247219700|215909000,True,1.9164768149745266,2.6176815947650987,2.4048764439472854
AUGUSTA,AU-046,219031822,C-INSTALLER,2,2026-04-09 11:44:53.500,2026-04-09 10:00:00,2026-04-09 09:59:50,1.7481944444444444,<6h,8.1,15.336498,37.404,24.8493044928765,33.46446367338241,5.3686929314155485,32.359591850641365,2.565328281651538,NNE,sector,AU-008|AU-004|AU-010,210627000|247219700|215909000,True,1.6564877805026597,2.2307857820295984,2.157133552691876
AUGUSTA,AU-046,219031822,C-INSTALLER,2,2026-04-09 11:44:53.500,2026-04-09 10:15:00,2026-04-09 10:14:03,1.4981944444444444,<6h,8.0,15.327637,37.37382,21.45046649861101,29.597206734725546,4.91830525528006,29.01991119207882,2.727713373233282,NNE,sector,AU-008|AU-004|AU-010,210627000|247219700|215909000,True,1.4477906654030108,1.9976516424625772,1.9586873104804818
AUGUSTA,AU-046,219031822,C-INSTALLER,2,2026-04-09 11:44:53.500,2026-04-09 10:30:00,2026-04-09 10:29:17,1.2481944444444444,<6h,8.0,15.318528,37.34024,17.718628438958543,25.899190273868985,4.492905992068635,25.145028640976125,2.824290511591579,NNE,sector,AU-008|AU-004|AU-010,210627000|247219700|215909000,True,1.1959117466899665,1.7480554990462327,1.6971536609730105
AUGUSTA,AU-046,219031822,C-INSTALLER,2,2026-04-09 11:44:53.500,2026-04-09 10:45:00,2026-04-09 10:44:30,0.9981944444444444,<6h,8.1,15.30684,37.307003,13.956878480631888,22.1642061100283,4.5946229346695375,19.401203699293045,2.8593485760584794,NNE,sector,AU-008|AU-022|AU-004,210627000|247415600|247219700,True,0.9303841346446875,1.4774955410252713,1.2933101151436581
AUGUSTA,AU-046,219031822,C-INSTALLER,2,2026-04-09 11:44:53.500,2026-04-09 11:00:00,2026-04-09 10:59:44,0.7481944444444445,<6h,8.3,15.29419,37.27297,10.130426553746828,17.701881072139876,4.474265681926788,15.056307037407002,2.963167173234174,NNE,sector,AU-008|AU-022|AU-004,210627000|247415600|247219700,True,0.6590352698318215,1.1515965203453038,0.9794886047911083
AUGUSTA,AU-046,219031822,C-INSTALLER,2,2026-04-09 11:44:53.500,2026-04-09 11:15:00,2026-04-09 11:14:58,0.4981944444444444,<6h,8.3,15.282,37.239663,6.536227752888469,10.369204544995787,3.3083948324639976,10.112885082519888,2.2181390798854013,NNE,sector,AU-008|AU-020|AU-022,210627000|246651000|247415600,True,0.4252145354347282,0.6745689807824681,0.6578941087798204
AUGUSTA,AU-046,219031822,C-INSTALLER,2,2026-04-09 11:44:53.500,2026-04-09 11:30:00,2026-04-09 11:29:10,0.2481944444444444,<6h,8.2,15.270692,37.209167,3.7253691803756745,4.856996027996205,1.5284770680797874,4.240961592610158,0.3835950405376383,E,sector,AU-013|AU-020|AU-010,538002883|246651000|215909000,True,0.2453095651619656,0.3198253719114606,0.27926049574686285
AUGUSTA,AU-047,314001155,TALUREX,2,2026-04-09 13:23:19.500,2026-04-09 10:45:00,2026-04-09 10:44:30,2.63875,<6h,12.2,15.722488,37.038148,46.953672766194046,56.17251252360427,21.395374037581703,56.345783006436214,14.017363468740243,E,sector,AU-033|AU-036|AU-044,215054000|256891000|605076190,True,2.0781110702737866,2.4861254347804884,2.4937941705217317
AUGUSTA,AU-047,314001155,TALUREX,2,2026-04-09 13:23:19.500,2026-04-09 11:00:00,2026-04-09 10:59:44,2.38875,<6h,12.2,15.66556,37.06447,41.17835665727003,48.06859112323737,16.58344451502163,48.76423938057714,10.84674178432619,E,sector,AU-033|AU-036|AU-044,215054000|256891000|605076190,True,1.8225027731327246,2.127455967993723,2.158244493351323
AUGUSTA,AU-047,314001155,TALUREX,2,2026-04-09 13:23:19.500,2026-04-09 11:15:00,2026-04-09 11:14:58,2.13875,<6h,12.2,15.608533,37.088568,35.50125026439018,41.839572105718915,12.104775811231507,42.089498803504455,7.931231752878584,E,sector,AU-033|AU-036|AU-038,215054000|256891000|309518000,True,1.5712411156919492,1.8517673452589543,1.862828789589653
AUGUSTA,AU-047,314001155,TALUREX,2,2026-04-09 13:23:19.500,2026-04-09 11:30:00,2026-04-09 11:29:10,1.88875,<6h,12.2,15.554898,37.110045,30.22226937071409,37.85868905571832,9.154635863367744,35.209646744339125,5.562887544525455,E,sector,AU-033|AU-038|AU-036,215054000|309518000|256891000,True,1.337599996933492,1.675578420127037,1.5583351071211948
AUGUSTA,AU-047,314001155,TALUREX,2,2026-04-09 13:23:19.500,2026-04-09 11:45:00,2026-04-09 11:44:23,1.63875,<6h,12.1,15.49719,37.132493,24.586760636564676,30.266855411394417,6.689010816359193,28.085181325645912,3.221300420499943,E,sector,AU-038|AU-014|AU-036,309518000|247408700|256891000,True,1.0971726182355763,1.3506441734374461,1.253287994468607
AUGUSTA,AU-047,314001155,TALUREX,2,2026-04-09 13:23:19.500,2026-04-09 12:00:00,2026-04-09 11:59:36,1.38875,<6h,11.2,15.451228,37.149272,20.15475190481068,24.510419922680327,4.856509281904578,22.488799005607728,1.7095629854921004,E,sector,AU-038|AU-032|AU-036,309518000|271051219|256891000,True,0.9716692333004223,1.18165785650071,1.084194645055911
AUGUSTA,AU-047,314001155,TALUREX,2,2026-04-09 13:23:19.500,2026-04-09 12:15:00,2026-04-09 12:14:49,1.13875,<6h,7.5,15.422233,37.15889,17.398166966949226,20.933197252201317,3.8867994314494667,19.0743109944089,1.5246739931884357,E,sector,AU-032|AU-038|AU-036,271051219|309518000|256891000,True,1.2525678161950486,1.5070696365875678,1.3732405323548524
AUGUSTA,AU-047,314001155,TALUREX,2,2026-04-09 13:23:19.500,2026-04-09 12:30:00,2026-04-09 12:29:01,0.88875,<6h,6.199999999999999,15.390385,37.169223,14.388220125836106,16.88488196325953,2.814461666712752,15.886336760656764,1.3539387222465546,E,sector,AU-036|AU-033|AU-014,256891000|215054000|247408700,True,1.2530673139618989,1.4705011115498092,1.383538002565384
AUGUSTA,AU-047,314001155,TALUREX,2,2026-04-09 13:23:19.500,2026-04-09 12:45:00,2026-04-09 12:44:15,0.63875,<6h,9.35,15.339108,37.184962,9.605837640308764,10.508948893490103,1.0328281213563693,9.915074620496295,0.19028775575931012,E,sector,AU-036|AU-017|AU-033,256891000|229370000|215054000,True,0.5547312713129188,0.6068853959581261,0.5725895185142407
AUGUSTA,AU-047,314001155,TALUREX,2,2026-04-09 13:23:19.500,2026-04-09 13:00:00,2026-04-09 12:59:28,0.38875,<6h,9.7,15.297045,37.193323,5.8028795272365645,5.866924520004712,0.06273152445160392,5.819148913562869,0.013313530334839877,E,sector,AU-007|AU-040|AU-004,247355500|247381300|247219700,True,0.32302105983147583,0.32658616597296386,0.3239267057938406
AUGUSTA,AU-047,314001155,TALUREX,2,2026-04-09 13:23:19.500,2026-04-09 13:15:00,2026-04-09 13:14:42,0.13875,<6h,7.3,15.257755,37.196937,2.310942508796165,2.44040065408796,0.12811664969246025,2.3411582001020212,0.02139926014523898,E,sector,AU-032|AU-022|AU-017,271051219|247415600|229370000,True,0.17093275753692158,0.1805083474428208,0.17316771207003323
AUGUSTA,AU-048,210515000,SOLVIK,2,2026-04-09 17:07:38.500,2026-04-09 14:00:00,2026-04-09 13:59:22,3.127361111111111,<6h,10.0,15.323312,36.783263,46.68351624921097,62.79397244691682,30.814475134719096,63.58840078101136,18.850320225712146,SSE,sector,AU-032|AU-038|AU-039,271051219|309518000|538002630,True,2.5207082207997282,3.3906032638723986,3.4334989622576324
AUGUSTA,AU-048,210515000,SOLVIK,2,2026-04-09 17:07:38.500,2026-04-09 14:15:00,2026-04-09 14:14:36,2.877361111111111,<6h,9.9,15.353833,36.817847,43.49726763275832,58.12295695048324,26.143459638285524,58.89176923834299,14.77988060967084,SSE,sector,AU-032|AU-038|AU-039,271051219|309518000|538002630,True,2.372388443438615,3.1700894992300563,3.2120213603826047
AUGUSTA,AU-048,210515000,SOLVIK,2,2026-04-09 17:07:38.500,2026-04-09 14:30:00,2026-04-09 14:29:49,2.627361111111111,<6h,9.9,15.385448,36.851323,40.75511025470382,53.532182065854286,21.55268475365656,54.23430432244564,10.715653987569437,SSE,sector,AU-032|AU-038|AU-039,271051219|309518000|538002630,True,2.2228281876379246,2.9197036273018675,2.957998141372997
AUGUSTA,AU-048,210515000,SOLVIK,2,2026-04-09 17:07:38.500,2026-04-09 14:45:00,2026-04-09 14:44:02,2.377361111111111,<6h,9.9,15.414503,36.882368,38.53243313853572,49.31627047200912,17.336773159811404,49.930057281219035,7.560562284857682,SSE,sector,AU-032|AU-039|AU-038,271051219|538002630|309518000,True,2.10160095220759,2.6897632083256497,2.7232398106998184
AUGUSTA,AU-048,210515000,SOLVIK,2,2026-04-09 17:07:38.500,2026-04-09 15:00:00,2026-04-09 14:59:16,2.127361111111111,<6h,9.8,15.444805,36.916977,36.399640647898096,44.74811825603093,12.768620943833206,45.25427018898794,5.513200967000619,SSE,sector,AU-032|AU-039|AU-038,271051219|538002630|309518000,True,2.0055340419567425,2.465515397365833,2.493403170813017
AUGUSTA,AU-048,210515000,SOLVIK,2,2026-04-09 17:07:38.500,2026-04-09 15:45:00,2026-04-09 15:44:56,1.377361111111111,<6h,10.0,15.444263,37.044747,25.31137142778796,30.731120719265046,2.7290801088435646,31.817567097183634,2.1353056003311095,SSE,sector,AU-032|AU-039|AU-017,271051219|538002630|229370000,True,1.366704720722892,1.659347771018631,1.7180111823533277
AUGUSTA,AU-048,210515000,SOLVIK,2,2026-04-09 17:07:38.500,2026-04-09 16:00:00,2026-04-09 15:59:09,1.127361111111111,<6h,10.2,15.413683,37.077375,20.887267240420197,26.872177623543802,3.3543775029919902,25.964415600689428,2.238493091386109,SSE,sector,AU-032|AU-039|AU-021,271051219|538002630|255801270,True,1.1057080443198766,1.4225308952454052,1.3744767501317827
AUGUSTA,AU-048,210515000,SOLVIK,2,2026-04-09 17:07:38.500,2026-04-09 16:15:00,2026-04-09 16:14:22,0.8773611111111111,<6h,10.3,15.381787,37.112603,16.259646212108947,20.85188550894433,3.183240546614823,19.995998609122765,2.2570531178995967,SSE,sector,AU-032|AU-021|AU-039,271051219|255801270|538002630,True,0.8523792809719719,1.0931181985858547,1.048250047658934
AUGUSTA,AU-048,210515000,SOLVIK,2,2026-04-09 17:07:38.500,2026-04-09 16:30:00,2026-04-09 16:29:36,0.6273611111111111,<6h,10.4,15.348368,37.148785,11.630246414886434,15.427928255649945,5.082134248875877,13.626049540211522,1.3759263532869754,E,sector,AU-021|AU-032|AU-038,255801270|271051219|309518000,True,0.6038298728446603,0.8010014254677866,0.7074498224482639
AUGUSTA,AU-048,210515000,SOLVIK,2,2026-04-09 17:07:38.500,2026-04-09 16:45:00,2026-04-09 16:44:49,0.3773611111111111,<6h,10.4,15.31297,37.182528,7.371642327108307,8.46736404493517,1.2058995043988137,8.053475382228225,0.5568864689783583,E,sector,AU-038|AU-039|AU-036,309518000|538002630|256891000,True,0.3827277333811839,0.4396164253268385,0.41812777154781855
AUGUSTA,AU-048,210515000,SOLVIK,2,2026-04-09 17:07:38.500,2026-04-09 17:00:00,2026-04-09 16:59:01,0.1273611111111111,<6h,10.6,15.262633,37.193543,2.764776970721886,2.9930835960858846,0.24523798740174788,2.858046749015105,0.08284526886854889,E,sector,AU-036|AU-002|AU-043,256891000|229456000|247408700,True,0.14083586182820643,0.15246564632248077,0.14558696101181307
AUGUSTA,AU-051,249689000,BC MIKLAGARD,2,2026-04-10 07:47:02.500,2026-04-10 02:30:00,2026-04-10 02:29:06,5.284027777777778,<6h,11.2,16.25445,37.415267,93.6690701014314,95.48714573988576,55.239518495895,107.35416971075483,32.74004028765563,E,sector,AU-044|AU-005|AU-002,605076190|636021733|229456000,True,4.515826042378481,4.603476248644601,5.175590563809147
AUGUSTA,AU-051,249689000,BC MIKLAGARD,2,2026-04-10 07:47:02.500,2026-04-10 02:45:00,2026-04-10 02:44:23,5.034027777777778,<6h,11.2,16.222733,37.375167,89.89697926290751,91.33301951342278,51.08539226943203,111.52292831389651,30.68286510436333,E,sector,AU-044|AU-005|AU-033,605076190|636021733|215054000,True,4.333971925279019,4.403204041645267,5.376568203963694
AUGUSTA,AU-051,249689000,BC MIKLAGARD,2,2026-04-10 07:47:02.500,2026-04-10 03:00:00,2026-04-10 02:59:39,4.784027777777778,<6h,11.2,16.191417,37.334667,86.30596121749667,87.42626138259584,47.17863413860507,107.16909592421617,27.58948119163985,E,sector,AU-044|AU-033|AU-005,605076190|215054000|636021733,True,4.160847405194032,4.214857556627769,5.166668077185676
AUGUSTA,AU-051,249689000,BC MIKLAGARD,2,2026-04-10 07:47:02.500,2026-04-10 03:15:00,2026-04-10 03:14:55,4.534027777777778,<6h,11.1,16.15965,37.295317,82.87042715048555,83.79298500810518,43.54535776411441,102.52989763890369,24.74276374921368,E,sector,AU-044|AU-033|AU-005,605076190|215054000|636021733,True,4.031211796863656,4.076089399728814,4.987541962859908
AUGUSTA,AU-051,249689000,BC MIKLAGARD,2,2026-04-10 07:47:02.500,2026-04-10 03:30:00,2026-04-10 03:29:11,4.284027777777778,<6h,10.8,16.127483,37.26115,79.63539020798332,80.51085021897202,40.263222974981254,96.15340762066349,22.12497919138242,E,sector,AU-044|AU-033|AU-005,605076190|215054000|636021733,True,3.98145099431962,4.025220493309136,4.80728579816932
AUGUSTA,AU-051,249689000,BC MIKLAGARD,2,2026-04-10 07:47:02.500,2026-04-10 03:45:00,2026-04-10 03:44:26,4.034027777777778,<6h,10.8,16.088867,37.227217,75.98611020333763,76.9742905175961,36.72666327360533,89.13491233358754,19.34434267603795,E,sector,AU-044|AU-033|AU-005,605076190|215054000|636021733,True,3.799001590039678,3.848406653347537,4.456389105550932
AUGUSTA,AU-051,249689000,BC MIKLAGARD,2,2026-04-10 07:47:02.500,2026-04-10 04:00:00,2026-04-10 03:59:41,3.7840277777777778,<6h,10.95,16.048867,37.192967,72.3855180441993,73.72304309231308,33.47541584832231,81.94564941644585,16.53055053801476,E,sector,AU-044|AU-033|AU-005,605076190|215054000|636021733,True,3.569411227363694,3.635366090333692,4.0408320471239705
AUGUSTA,AU-051,249689000,BC MIKLAGARD,2,2026-04-10 07:47:02.500,2026-04-10 04:15:00,2026-04-10 04:14:56,3.5340277777777778,<6h,11.1,15.995417,37.1811,67.67744244616443,69.2710382965042,29.02341105251344,71.17266473515495,13.946592258339635,E,sector,AU-044|AU-033|AU-030,605076190|215054000|247381300,True,3.2921527467828513,3.369672829787335,3.462176985929745
AUGUSTA,AU-051,249689000,BC MIKLAGARD,2,2026-04-10 07:47:02.500,2026-04-10 04:30:00,2026-04-10 04:29:11,3.2840277777777778,<6h,11.0,15.94055,37.182417,62.81448295086744,64.49314573809013,24.245518494099368,66.6344307630564,12.06558699948206,E,sector,AU-044|AU-033|AU-030,605076190|215054000|247381300,True,3.0833734022613117,3.1657738925039336,3.2708831122646966
AUGUSTA,AU-051,249689000,BC MIKLAGARD,2,2026-04-10 07:47:02.500,2026-04-10 04:45:00,2026-04-10 04:44:26,3.0340277777777778,<6h,10.9,15.88295,37.182217,57.71462337946639,59.57326260639026,19.325635362399492,62.110105523196694,10.11060601589693,E,sector,AU-044|AU-033|AU-030,605076190|215054000|247381300,True,2.859027848864921,2.95109985764907,3.0767682606057765
AUGUSTA,AU-051,249689000,BC MIKLAGARD,2,2026-04-10 07:47:02.500,2026-04-10 05:00:00,2026-04-10 04:59:41,2.7840277777777778,<6h,10.9,15.82455,37.184317,52.53627819821738,54.615945807696114,14.36831856370535,57.691405748136276,8.406721138369678,E,sector,AU-044|AU-033|AU-030,605076190|215054000|247381300,True,2.6025064992082636,2.7055276620215247,2.8578777095991574
AUGUSTA,AU-051,249689000,BC MIKLAGARD,2,2026-04-10 07:47:02.500,2026-04-10 05:15:00,2026-04-10 05:14:57,2.5340277777777778,<6h,11.0,15.76615,37.184567,47.36423387432064,50.005386294983815,9.75775905099305,48.18194478043209,6.633993147270256,E,sector,AU-044|AU-033|AU-036,605076190|215054000|256891000,True,2.324967301900679,2.4546135035825554,2.3651062625383905
AUGUSTA,AU-051,249689000,BC MIKLAGARD,2,2026-04-10 07:47:02.500,2026-04-10 05:30:00,2026-04-10 05:29:12,2.2840277777777778,<6h,11.0,15.7117,37.18355,42.54718344925693,46.667978898706636,6.42035165471587,43.5892356844211,4.618345916223208,E,sector,AU-044|AU-033|AU-036,605076190|215054000|256891000,True,2.0885128337550034,2.290790246353163,2.1396640332034704
AUGUSTA,AU-051,249689000,BC MIKLAGARD,2,2026-04-10 07:47:02.500,2026-04-10 05:45:00,2026-04-10 05:44:27,2.0340277777777778,<6h,10.7,15.6555,37.183833,37.57093446689142,40.61186956310952,4.2192870632067825,39.51576694565665,3.0745557596558957,E,sector,AU-044|AU-033|AU-036,605076190|215054000|256891000,True,1.8959515586530058,2.0494070347343376,1.9940941314091687
AUGUSTA,AU-051,249689000,BC MIKLAGARD,2,2026-04-10 07:47:02.500,2026-04-10 06:00:00,2026-04-10 05:59:42,1.7840277777777778,<6h,10.6,15.598633,37.18575,32.52870641785923,33.79689942373686,1.859260304057881,33.112289042693604,2.3028747541262593,E,sector,AU-044|AU-040|AU-036,605076190|247381300|256891000,True,1.6569902205600895,1.7215911112788247,1.686717523263662
AUGUSTA,AU-051,249689000,BC MIKLAGARD,2,2026-04-10 07:47:02.500,2026-04-10 06:15:00,2026-04-10 06:14:57,1.5340277777777778,<6h,10.7,15.541317,37.187133,27.449203227413413,28.040250286179234,0.5901447440538184,28.565115597110044,1.1498085754195133,E,sector,AU-044|AU-043|AU-040,605076190|247408700|247381300,True,1.3851760777645492,1.415002234824652,1.441488645622315
AUGUSTA,AU-051,249689000,BC MIKLAGARD,2,2026-04-10 07:47:02.500,2026-04-10 06:30:00,2026-04-10 06:29:12,1.2840277777777778,<6h,10.8,15.487533,37.1885,22.68253892368149,23.15192634637379,0.46651192342615677,23.355491631946386,0.6982270465044768,E,sector,AU-043|AU-044|AU-040,247408700|605076190|247381300,True,1.1340362232862116,1.1575037170213278,1.1676811671039509
AUGUSTA,AU-051,249689000,BC MIKLAGARD,2,2026-04-10 07:47:02.500,2026-04-10 06:45:00,2026-04-10 06:44:27,1.0340277777777778,<6h,10.6,15.432083,37.189017,17.772962634706428,18.294800301969204,0.5056921752132587,18.41183949044267,0.5870921657871939,E,sector,AU-043|AU-044|AU-032,247408700|605076190|271051219,True,0.9053426502051035,0.9319247066898204,0.9378866034904982
AUGUSTA,AU-051,249689000,BC MIKLAGARD,2,2026-04-10 07:47:02.500,2026-04-10 07:00:00,2026-04-10 06:59:43,0.7840277777777778,<6h,10.2,15.377367,37.189,12.934057615408491,13.534107743999536,0.61383090119332,13.429402299814223,0.392190046526878,E,sector,AU-040|AU-014|AU-033,247381300|247408700|215054000,True,0.6846894515419732,0.7164542701054258,0.7109114841302578
AUGUSTA,AU-051,249689000,BC MIKLAGARD,2,2026-04-10 07:47:02.500,2026-04-10 07:15:00,2026-04-10 07:14:59,0.5340277777777778,<6h,10.2,15.323233,37.191433,8.131539636107133,8.349487118748605,0.2388086736062971,8.18994724411495,0.0697862308406122,E,sector,AU-040|AU-017|AU-014,247381300|229370000|247408700,True,0.4304588381456789,0.4419963112876702,0.4335507582748354
AUGUSTA,AU-051,249689000,BC MIKLAGARD,2,2026-04-10 07:47:02.500,2026-04-10 07:30:00,2026-04-10 07:29:14,0.2840277777777777,<6h,10.2,15.273233,37.194683,3.6883510850423655,3.7485296801393,0.05659518903066578,3.698981842377133,0.012076663334060829,E,sector,AU-007|AU-040|AU-004,247355500|247381300|247219700,True,0.19525002567665933,0.1984356964457767,0.1958127854559529
AUGUSTA,AU-051,249689000,BC MIKLAGARD,2,2026-04-10 07:47:02.500,2026-04-10 07:45:00,2026-04-10 07:44:30,0.0340277777777777,<6h,8.2,15.237717,37.196467,0.5363633564570524,0.5546369200580018,0.018283769929976438,0.5403935124455427,0.003617603909383182,E,sector,AU-044|AU-002|AU-004,605076190|229456000|247219700,True,0.03531866383455278,0.03652194858939589,0.03558404312052512
AUGUSTA,AU-052,215909000,SB AVANTEA,2,2026-04-10 07:59:15.500,2026-04-10 04:30:00,2026-04-10 04:29:11,3.4876388888888887,<6h,8.3,15.4365,37.655733,54.15572838687653,60.44253255970542,2.224236110133242,59.94935109479596,1.659931618770587,NNE,sector,AU-001|AU-022|AU-007,256210000|247415600|247355500,False,3.5231028901920762,3.93209116550687,3.9000072272760127
AUGUSTA,AU-052,215909000,SB AVANTEA,2,2026-04-10 07:59:15.500,2026-04-10 04:45:00,2026-04-10 04:44:26,3.2376388888888887,<6h,8.3,15.430067,37.6206,50.2910416308702,56.244399812436114,1.9655724305180517,55.424388209832664,0.5742290329215015,NNE,sector,AU-004|AU-010|AU-001,247219700|215909000|256210000,False,3.2716855519835404,3.6589814861456262,3.6056356013578714
AUGUSTA,AU-052,215909000,SB AVANTEA,2,2026-04-10 07:59:15.500,2026-04-10 05:00:00,2026-04-10 04:59:41,2.9876388888888887,<6h,8.2,15.424733,37.586533,46.58590540611884,52.1120765797535,1.636468204059079,51.6119100691532,0.454236787194282,NNE,sector,AU-010|AU-004|AU-001,215909000|247219700|256210000,False,3.0676068986803218,3.4314963770053137,3.3985612172175896
AUGUSTA,AU-052,215909000,SB AVANTEA,2,2026-04-10 07:59:15.500,2026-04-10 05:15:00,2026-04-10 05:14:57,2.7376388888888887,<6h,8.1,15.41715,37.5525,42.82730282174404,48.13744698412934,1.5029638776382483,47.619778401073695,0.49114511535683586,NNE,sector,AU-010|AU-001|AU-004,215909000|256210000|247219700,False,2.8549251274394076,3.2089064197617083,3.1743979415695875
AUGUSTA,AU-052,215909000,SB AVANTEA,2,2026-04-10 07:59:15.500,2026-04-10 05:30:00,2026-04-10 05:29:12,2.4876388888888887,<6h,8.1,15.40985,37.520717,39.32398915885516,44.59415362871556,1.4255363902169784,43.92038898025096,0.5076816152165057,NNE,sector,AU-001|AU-010|AU-004,256210000|215909000|247219700,False,2.6213895660917235,2.972705758787001,2.9277917086800365
AUGUSTA,AU-052,215909000,SB AVANTEA,2,2026-04-10 07:59:15.500,2026-04-10 05:45:00,2026-04-10 05:44:27,2.2376388888888887,<6h,8.2,15.4013,37.48625,35.5210073143579,40.98468682747115,1.7122036828584635,39.99156646986402,0.46915247925263254,NNE,sector,AU-001|AU-010|AU-004,256210000|215909000|247219700,False,2.3390011664619594,2.6987756695116123,2.6333802922262035
AUGUSTA,AU-052,215909000,SB AVANTEA,2,2026-04-10 07:59:15.500,2026-04-10 06:00:00,2026-04-10 05:59:42,1.987638888888889,<6h,8.3,15.392,37.451683,31.70317395731966,37.42071242643505,2.0634614549206898,36.11515889482444,0.3917354105188979,NNE,sector,AU-010|AU-001|AU-004,215909000|256210000|247219700,False,2.0624511408909716,2.4344058150378,2.3494729823066196
AUGUSTA,AU-052,215909000,SB AVANTEA,2,2026-04-10 07:59:15.500,2026-04-10 06:15:00,2026-04-10 06:14:57,1.737638888888889,<6h,8.4,15.381583,37.416283,27.78775121463785,32.8980159127133,2.114613914456905,32.1120557497328,0.3081077544862038,NNE,sector,AU-010|AU-004|AU-001,215909000|247219700|256210000,False,1.7862125382236609,2.114703275269547,2.064181306549727
AUGUSTA,AU-052,215909000,SB AVANTEA,2,2026-04-10 07:59:15.500,2026-04-10 06:30:00,2026-04-10 06:29:12,1.487638888888889,<6h,8.6,15.372117,37.383233,24.181457692876844,28.65073488862359,1.601702098871251,28.309589891893253,0.30834828355630195,NNE,sector,AU-010|AU-004|AU-001,215909000|247219700|256210000,False,1.5182491393890227,1.7988557240835545,1.777436705252226
AUGUSTA,AU-052,215909000,SB AVANTEA,2,2026-04-10 07:59:15.500,2026-04-10 06:45:00,2026-04-10 06:44:27,1.237638888888889,<6h,8.5,15.362917,37.3478,20.427828252009277,24.048266710880625,0.9732024527133085,24.17307807072776,0.28705511523858684,NNE,sector,AU-010|AU-004|AU-001,215909000|247219700|256210000,False,1.2976640993526412,1.5276500261009165,1.5355785840889187
AUGUSTA,AU-052,215909000,SB AVANTEA,2,2026-04-10 07:59:15.500,2026-04-10 07:00:00,2026-04-10 06:59:43,0.9876388888888888,<6h,8.5,15.355617,37.3129,16.952661657377426,19.825181747819187,0.5650295039387006,19.023710431630114,0.15272091382989447,NNE,sector,AU-010|AU-001|AU-022,215909000|256210000|247415600,False,1.076906470421638,1.259381384056612,1.208468455827094
AUGUSTA,AU-052,215909000,SB AVANTEA,2,2026-04-10 07:59:15.500,2026-04-10 07:15:00,2026-04-10 07:14:59,0.7376388888888888,<6h,8.3,15.346317,37.2782,13.609110879325224,15.58685696684416,0.30073225980887214,16.0716257213987,0.232811889247855,NNE,sector,AU-001|AU-010|AU-004,256210000|215909000|247219700,False,0.88534120581626,1.0140035498480418,1.0455401988991841
AUGUSTA,AU-052,215909000,SB AVANTEA,2,2026-04-10 07:59:15.500,2026-04-10 07:30:00,2026-04-10 07:29:14,0.4876388888888889,<6h,8.8,15.3213,37.241,9.343189882009288,11.193178167647506,0.9709485870392205,9.92701343045324,0.3993749091360586,NNE,sector,AU-020|AU-013|AU-004,246651000|538002883|247219700,False,0.5732862434965447,0.6867991708992431,0.609108913610178
AUGUSTA,AU-052,215909000,SB AVANTEA,2,2026-04-10 07:59:15.500,2026-04-10 07:45:00,2026-04-10 07:44:30,0.2376388888888889,<6h,10.6,15.2796,37.2124,4.591563211527349,6.038332124272515,1.9548161256845509,4.90237869379771,0.2592209515191197,E,sector,AU-020|AU-013|AU-010,246651000|538002883|215909000,False,0.23389111269445317,0.3075885388703959,0.24972384234268455
AUGUSTA,AU-054,311000232,ALDEBARAN,2,2026-04-10 19:31:55.500,2026-04-10 15:30:00,2026-04-10 15:29:12,4.0320833333333335,<6h,11.5,15.935783,37.649962,80.04192028058499,105.07607728674915,41.26871588535302,84.34342698922374,13.549851682191532,NNE,sector,AU-020|AU-002|AU-005,246651000|229456000|636021733,True,3.7581895145358715,4.933612418384315,3.9601571504002133
AUGUSTA,AU-054,311000232,ALDEBARAN,2,2026-04-10 19:31:55.500,2026-04-10 15:45:00,2026-04-10 15:44:29,3.7820833333333335,<6h,11.5,15.890418,37.617785,74.68708904849315,100.46440068465375,37.975800396122814,80.46899907299257,9.853636124400367,NNE,sector,AU-002|AU-020|AU-005,229456000|246651000|636021733,True,3.5067653793075944,4.717081448241795,3.7782420449334477
AUGUSTA,AU-054,311000232,ALDEBARAN,2,2026-04-10 19:31:55.500,2026-04-10 16:15:00,2026-04-10 16:14:01,3.282083333333333,<6h,11.5,15.803948,37.551527,64.14264735992616,85.70833529904885,32.02440789799278,72.51754243332012,7.886235849791949,NNE,sector,AU-002|AU-020|AU-005,229456000|246651000|636021733,True,3.0116746811872552,4.02424337022485,3.4048991658052454
AUGUSTA,AU-054,311000232,ALDEBARAN,2,2026-04-10 19:31:55.500,2026-04-10 16:30:00,2026-04-10 16:29:18,3.032083333333333,<6h,11.8,15.760273,37.516652,58.72702770325275,78.13473222671823,29.051145928463285,66.91428857470979,7.6109066802508325,NNE,sector,AU-002|AU-020|AU-005,229456000|246651000|636021733,True,2.687293063991871,3.575371207797261,3.061934352907978
AUGUSTA,AU-054,311000232,ALDEBARAN,2,2026-04-10 19:31:55.500,2026-04-10 16:45:00,2026-04-10 16:44:36,2.782083333333333,<6h,11.8,15.715755,37.479537,53.11242916936729,67.93633812008396,26.025141075949737,61.196860556298056,7.327566727516923,NNE,sector,AU-002|AU-020|AU-005,229456000|246651000|636021733,True,2.430374362547465,3.108702370322691,2.8003102718224024
AUGUSTA,AU-054,311000232,ALDEBARAN,2,2026-04-10 19:31:55.500,2026-04-10 17:00:00,2026-04-10 16:59:53,2.532083333333333,<6h,11.9,15.671523,37.44333,47.5939357383464,60.06431785872477,22.624802200328297,55.647261659712534,7.032713141865685,NNE,sector,AU-002|AU-020|AU-005,229456000|246651000|636021733,True,2.1595520508533315,2.7253896699786178,2.524967859398539
AUGUSTA,AU-054,311000232,ALDEBARAN,2,2026-04-10 19:31:55.500,2026-04-10 17:15:00,2026-04-10 17:14:09,2.282083333333333,<6h,11.8,15.63002,37.410495,42.505786917047566,52.788243216980106,19.418899343983508,50.38087485001701,6.731321435093047,NNE,sector,AU-002|AU-020|AU-005,229456000|246651000|636021733,True,1.9450244772965353,2.4155399209732082,2.305381028755766
AUGUSTA,AU-054,311000232,ALDEBARAN,2,2026-04-10 19:31:55.500,2026-04-10 17:30:00,2026-04-10 17:29:25,2.032083333333333,<6h,11.8,15.585813,37.37545,37.10575304615759,49.08641211198601,16.414951310828062,40.198430211476754,5.657274186599106,NNE,sector,AU-002|AU-009|AU-020,229456000|563205300|246651000,True,1.6979240512390446,2.2461476421269726,1.8394420238073703
AUGUSTA,AU-054,311000232,ALDEBARAN,2,2026-04-10 19:31:55.500,2026-04-10 17:45:00,2026-04-10 17:44:42,1.7820833333333332,<6h,11.8,15.542838,37.34145,31.89629552232833,42.22670712470258,14.18632353922147,33.807688717286325,3.799617455101542,NNE,sector,AU-002|AU-009|AU-032,229456000|563205300|271051219,True,1.45954421799284,1.9322540508063921,1.547007756950174
AUGUSTA,AU-054,311000232,ALDEBARAN,2,2026-04-10 19:31:55.500,2026-04-10 18:00:00,2026-04-10 17:59:58,1.5320833333333332,<6h,11.9,15.495867,37.304965,26.30304911373936,35.83444989088749,12.487989218022905,29.204537150952085,2.187536629708973,E,sector,AU-002|AU-009|AU-032,229456000|563205300|271051219,True,1.1934882622347567,1.6259710098048663,1.3251418929774799
AUGUSTA,AU-054,311000232,ALDEBARAN,2,2026-04-10 19:31:55.500,2026-04-10 18:15:00,2026-04-10 18:14:12,1.2820833333333332,<6h,11.9,15.446162,37.27778,21.02173552335513,28.05990170412257,9.405041695079401,23.47032116407584,0.9240103018817467,E,sector,AU-002|AU-032|AU-009,229456000|271051219|563205300,True,0.9538511862422241,1.2732046075159522,1.0649545875490425
AUGUSTA,AU-054,311000232,ALDEBARAN,2,2026-04-10 19:31:55.500,2026-04-10 18:30:00,2026-04-10 18:29:27,1.0320833333333332,<6h,12.0,15.392202,37.251693,15.47508611056874,20.59908360437468,6.3555753372047645,17.15486527984521,1.0848660209748808,E,sector,AU-002|AU-009|AU-007,229456000|563205300|247355500,True,0.6963231691220635,0.9268846114279463,0.771907185018233
AUGUSTA,AU-054,311000232,ALDEBARAN,2,2026-04-10 19:31:55.500,2026-04-10 18:45:00,2026-04-10 18:44:41,0.7820833333333334,<6h,11.9,15.337313,37.226977,9.944221310900666,13.209088630928939,3.640829600773186,10.93715681006691,0.5138196363544555,E,sector,AU-001|AU-002|AU-007,256210000|229456000|247355500,True,0.451214281671446,0.599356073421826,0.49626825462669966
AUGUSTA,AU-054,311000232,ALDEBARAN,2,2026-04-10 19:31:55.500,2026-04-10 19:00:00,2026-04-10 18:59:55,0.5320833333333334,<6h,11.9,15.296715,37.208255,5.903501089194015,7.303947728856722,1.5951484836274001,6.40761947160134,0.3612542102488104,E,sector,AU-001|AU-009|AU-003,256210000|563205300|247381300,True,0.26786853590912457,0.33141313178833337,0.2907426661887825
AUGUSTA,AU-054,311000232,ALDEBARAN,2,2026-04-10 19:31:55.500,2026-04-10 19:15:00,2026-04-10 19:14:09,0.2820833333333333,<6h,6.0,15.272608,37.198532,3.63222471779061,3.9648029813718253,0.3650089583795992,3.759072690004631,0.04095260609861104,E,sector,AU-009|AU-001|AU-003,563205300|256210000|247381300,True,0.32687407467518087,0.3568037240255422,0.3382894789421014
AUGUSTA,AU-054,311000232,ALDEBARAN,2,2026-04-10 19:31:55.500,2026-04-10 19:30:00,2026-04-10 19:29:23,0.0320833333333333,<6h,5.85,15.237745,37.196448,0.538932571103716,0.5552749885250003,0.01632127651211395,0.5411203739374338,0.0036305031054561787,E,sector,AU-044|AU-002|AU-004,605076190|229456000|247219700,True,0.04974364245663879,0.05125205262271329,0.04994557733265344
AUGUSTA,AU-055,247100900,SEBASTIANO,2,2026-04-10 21:23:43.500,2026-04-10 19:30:00,2026-04-10 19:29:23,1.8954166666666667,<6h,11.8,15.33015,36.882557,36.00464683972004,53.415012705123615,21.435515392925893,56.28275698617723,14.262064887433064,SSE,sector,AU-032|AU-039|AU-038,271051219|538002630|309518000,True,1.6475384760277498,2.4442202980343564,2.5754455552484363
AUGUSTA,AU-055,247100900,SEBASTIANO,2,2026-04-10 21:23:43.500,2026-04-10 19:45:00,2026-04-10 19:44:37,1.6454166666666667,<6h,11.55,15.352843,36.928127,31.73712306205852,48.42554754154938,16.446050229351656,51.711934336777325,11.571485842288213,SSE,sector,AU-032|AU-039|AU-017,271051219|538002630|229370000,True,1.4836948501705665,2.2638704637340408,2.4175074255410003
AUGUSTA,AU-055,247100900,SEBASTIANO,2,2026-04-10 21:23:43.500,2026-04-10 20:00:00,2026-04-10 19:59:52,1.3954166666666667,<6h,11.25,15.369603,36.972523,27.765110520404107,44.246244422593136,12.393354382193454,45.94172547010238,9.048765497466151,SSE,sector,AU-032|AU-039|AU-017,271051219|538002630|229370000,True,1.3326186954837584,2.123649840297247,2.205026420451278
AUGUSTA,AU-055,247100900,SEBASTIANO,2,2026-04-10 21:23:43.500,2026-04-10 20:15:00,2026-04-10 20:14:06,1.1454166666666667,<6h,11.0,15.369502,37.01629,23.4880766383479,37.64035192721245,10.05624934852661,39.39238926474565,8.038365225138252,SSE,sector,AU-032|AU-039|AU-017,271051219|538002630|229370000,True,1.1529587982695806,1.8476512825060105,1.933653507988693
AUGUSTA,AU-055,247100900,SEBASTIANO,2,2026-04-10 21:23:43.500,2026-04-10 20:30:00,2026-04-10 20:29:22,0.8954166666666666,<6h,11.0,15.353282,37.061127,18.53075466344256,31.436003994052463,8.912876590070054,28.41959407747979,7.405406366560889,SSE,sector,AU-032|AU-021|AU-039,271051219|255801270|538002630,True,0.9096188230631533,1.543098566368175,1.3950321066895635
AUGUSTA,AU-055,247100900,SEBASTIANO,2,2026-04-10 21:23:43.500,2026-04-10 20:45:00,2026-04-10 20:44:36,0.6454166666666666,<6h,11.1,15.327928,37.104147,13.365014230387835,20.721150452842625,6.998724888313981,21.22291729366474,6.2851446815784335,SSE,sector,AU-021|AU-032|AU-039,255801270|271051219|538002630,True,0.6501378704486912,1.0079753299497318,1.032383656026343
AUGUSTA,AU-055,247100900,SEBASTIANO,2,2026-04-10 21:23:43.500,2026-04-10 21:00:00,2026-04-10 20:59:51,0.3954166666666667,<6h,11.2,15.291693,37.14076,8.181351786181482,14.213994366509027,5.4751568486415225,11.85903003288101,4.626561224277759,SSE,sector,AU-021|AU-038|AU-036,255801270|309518000|256891000,True,0.3944264784297613,0.6852627645069532,0.5717289239857013
AUGUSTA,AU-055,247100900,SEBASTIANO,2,2026-04-10 21:23:43.500,2026-04-10 21:15:00,2026-04-10 21:14:05,0.1454166666666666,<6h,11.3,15.257023,37.17757,3.0910309236868807,4.359465537829118,2.0772007122314435,4.329441358846175,1.4619229518287054,SSE,sector,AU-021|AU-043|AU-036,255801270|247408700|256891000,True,0.14770116610059827,0.2083117766886369,0.20687710768775083
AUGUSTA,AU-056,256251000,CHEMICAL MARINER,2,2026-04-11 01:22:25.500,2026-04-10 19:45:00,2026-04-10 19:44:37,5.62375,<6h,10.7,15.372233,36.548717,73.12572416612467,86.03246310398552,54.05296579178779,104.5733482231104,30.76316503285815,SSE,sector,AU-038|AU-032|AU-021,309518000|271051219|255801270,True,3.690161894497723,4.3414779225280835,5.2771112928236406
AUGUSTA,AU-056,256251000,CHEMICAL MARINER,2,2026-04-11 01:22:25.500,2026-04-10 20:00:00,2026-04-10 19:59:52,5.37375,<6h,10.6,15.392933,36.590233,68.94054420439201,81.15265251077807,49.173155198580346,98.16292784619827,27.203032706808784,SSE,sector,AU-038|AU-032|AU-021,309518000|271051219|255801270,True,3.5117845167076904,4.133861022799323,5.000352899781891
AUGUSTA,AU-056,256251000,CHEMICAL MARINER,2,2026-04-11 01:22:25.500,2026-04-10 20:15:00,2026-04-10 20:14:06,5.12375,<6h,10.45,15.410917,36.6286,65.14550543349716,76.67647091648448,44.69697360428675,91.68579424992176,23.988089936504355,SSE,sector,AU-038|AU-032|AU-021,309518000|271051219|255801270,True,3.3661013275960383,3.961912166156049,4.737451520142288
AUGUSTA,AU-056,256251000,CHEMICAL MARINER,2,2026-04-11 01:22:25.500,2026-04-10 20:30:00,2026-04-10 20:29:22,4.87375,<6h,10.3,15.4296,36.669783,61.17124221653098,71.89901396663399,39.91951665443626,85.35504792731959,20.547833046231705,SSE,sector,AU-038|AU-032|AU-021,309518000|271051219|255801270,True,3.2067794573450366,3.7691613352468063,4.474566877441316
AUGUSTA,AU-056,256251000,CHEMICAL MARINER,2,2026-04-11 01:22:25.500,2026-04-10 20:45:00,2026-04-10 20:44:36,4.62375,<6h,10.4,15.448583,36.711417,57.29666813663379,67.09391426894541,35.11441695674769,78.9468174179251,17.134181539032742,SSE,sector,AU-038|AU-032|AU-021,309518000|271051219|255801270,True,2.9747813245884798,3.4834437961530886,4.09883376692168
AUGUSTA,AU-056,256251000,CHEMICAL MARINER,2,2026-04-11 01:22:25.500,2026-04-10 21:00:00,2026-04-10 20:59:51,4.37375,<6h,10.5,15.468717,36.753633,53.57510162899078,62.255482851236735,30.275985539039016,72.37329656482412,13.776027588237833,SSE,sector,AU-038|AU-032|AU-021,309518000|271051219|255801270,True,2.7550705352767033,3.2014544302806094,3.721757511304336
AUGUSTA,AU-056,256251000,CHEMICAL MARINER,2,2026-04-11 01:22:25.500,2026-04-10 21:15:00,2026-04-10 21:14:05,4.12375,<6h,10.6,15.488333,36.792,50.44126092338136,57.91655527983155,25.937057967633827,66.28646452769152,10.94860465211427,SSE,sector,AU-038|AU-032|AU-021,309518000|271051219|255801270,True,2.5694435858929334,2.9502300052891086,3.3765874998824077
AUGUSTA,AU-056,256251000,CHEMICAL MARINER,2,2026-04-11 01:22:25.500,2026-04-10 21:30:00,2026-04-10 21:29:19,3.87375,<6h,10.5,15.508,36.833183,47.281409024986345,53.37590493477208,21.39640762257436,59.871599593171865,8.534316197850575,SSE,sector,AU-038|AU-032|AU-021,309518000|271051219|255801270,True,2.4314208076204022,2.7448269533462963,3.0788645270581028
AUGUSTA,AU-056,256251000,CHEMICAL MARINER,2,2026-04-11 01:22:25.500,2026-04-10 21:45:00,2026-04-10 21:44:34,3.62375,<6h,10.8,15.528167,36.87735,44.19641497382881,48.717000404725155,16.737503092527437,53.11746305178128,6.491398755660529,SSE,sector,AU-038|AU-021|AU-032,309518000|255801270|271051219,True,2.2096439771732665,2.4356551678228318,2.655660699733085
AUGUSTA,AU-056,256251000,CHEMICAL MARINER,2,2026-04-11 01:22:25.500,2026-04-10 22:00:00,2026-04-10 21:59:49,3.37375,<6h,10.9,15.547883,36.920967,41.55907317587907,44.55430432215961,12.574807009961885,47.17725437048865,3.649198913476205,SSE,sector,AU-038|AU-021|AU-039,309518000|255801270|538002630,True,2.0587251657458867,2.207100893760259,2.337034813367579
AUGUSTA,AU-056,256251000,CHEMICAL MARINER,2,2026-04-11 01:22:25.500,2026-04-10 22:15:00,2026-04-10 22:14:03,3.12375,<6h,10.9,15.565317,36.961917,39.46446591882604,41.503438212895404,9.523940900697685,45.258825190512916,3.0440568022431562,SSE,sector,AU-021|AU-038|AU-039,255801270|309518000|538002630,True,1.954963932808867,2.055969158702489,2.242000970461535
AUGUSTA,AU-056,256251000,CHEMICAL MARINER,2,2026-04-11 01:22:25.500,2026-04-10 22:30:00,2026-04-10 22:29:17,2.87375,<6h,10.9,15.584167,37.00535,37.81355562574635,40.3602553112108,8.380757999013078,42.116822610850335,5.985992370499964,SSE,sector,AU-021|AU-038|AU-017,255801270|309518000|229370000,True,1.8731822589883662,1.9993389398622265,2.0863545787767417
AUGUSTA,AU-056,256251000,CHEMICAL MARINER,2,2026-04-11 01:22:25.500,2026-04-10 22:45:00,2026-04-10 22:44:32,2.62375,<6h,10.9,15.603117,37.049533,36.77283633536251,45.92822202863316,16.19342573414575,42.59020890429769,8.919559167365767,E,sector,AU-038|AU-021|AU-017,309518000|255801270|229370000,True,1.8216278129947545,2.2751610967876608,2.1098048677500985
AUGUSTA,AU-056,256251000,CHEMICAL MARINER,2,2026-04-11 01:22:25.500,2026-04-10 23:00:00,2026-04-10 22:59:46,2.37375,<6h,10.9,15.621917,37.093217,36.45228810717345,41.77478325881337,12.03998696432596,41.61177853200311,7.528222152198041,E,sector,AU-033|AU-036|AU-040,215054000|256891000|247381300,True,1.8057487123849965,2.0694108654572974,2.061336047912651
AUGUSTA,AU-056,256251000,CHEMICAL MARINER,2,2026-04-11 01:22:25.500,2026-04-10 23:15:00,2026-04-10 23:14:00,2.12375,<6h,10.9,15.609517,37.122533,34.48392054026596,38.40212649193074,8.619342471873638,37.720299515569494,4.377455740679498,E,sector,AU-033|AU-036|AU-040,215054000|256891000|247381300,True,1.7082410555544196,1.9023384831637868,1.8685626010843466
AUGUSTA,AU-056,256251000,CHEMICAL MARINER,2,2026-04-11 01:22:25.500,2026-04-10 23:30:00,2026-04-10 23:29:15,1.87375,<6h,10.8,15.555367,37.135933,29.467276499393822,35.00427325553114,6.27582129286666,32.18126401702352,3.1411021349527553,E,sector,AU-033|AU-036|AU-040,215054000|256891000|247381300,True,1.4732459652924674,1.750073656884006,1.6089344860922885
AUGUSTA,AU-056,256251000,CHEMICAL MARINER,2,2026-04-11 01:22:25.500,2026-04-10 23:45:00,2026-04-10 23:44:28,1.62375,<6h,10.9,15.501883,37.1527,24.43519814661038,28.41979185295952,4.439656364277739,25.889842704192976,1.4455959549039588,E,sector,AU-014|AU-036|AU-033,247408700|256891000|215054000,True,1.210454264500088,1.4078403636514711,1.282513459497938
AUGUSTA,AU-056,256251000,CHEMICAL MARINER,2,2026-04-11 01:22:25.500,2026-04-11 00:00:00,2026-04-10 23:59:42,1.37375,<6h,10.9,15.447817,37.1689,19.39615610027319,21.9551375222308,2.6872363895455336,20.031481092317915,0.5533728473750706,E,sector,AU-036|AU-014|AU-033,256891000|247408700|215054000,True,0.9608336190120865,1.0875987042141795,0.9923059173478666
AUGUSTA,AU-056,256251000,CHEMICAL MARINER,2,2026-04-11 01:22:25.500,2026-04-11 00:15:00,2026-04-11 00:14:56,1.12375,<6h,10.7,15.39595,37.185183,14.608272224673907,15.60612872612054,1.0404427669820626,14.906690858013745,0.20738916794319273,E,sector,AU-040|AU-014|AU-033,247381300|247408700|215054000,True,0.7371809321912107,0.7875360169415505,0.7522401070837157
AUGUSTA,AU-056,256251000,CHEMICAL MARINER,2,2026-04-11 01:22:25.500,2026-04-11 00:30:00,2026-04-11 00:29:09,0.87375,<6h,10.4,15.3491,37.19165,10.416845736843516,10.732792008493274,0.3158472138504937,10.666746246647355,0.2671739302844422,E,sector,AU-040|AU-044|AU-005,247381300|605076190|636021733,True,0.5408314159766736,0.5572350062558811,0.5538059814051002
AUGUSTA,AU-056,256251000,CHEMICAL MARINER,2,2026-04-11 01:22:25.500,2026-04-11 00:45:00,2026-04-11 00:44:22,0.62375,<6h,9.1,15.302283,37.193217,6.266673031949407,6.324259548252604,0.05601423529777148,6.318476321588957,0.016295677312812683,E,sector,AU-043|AU-040|AU-034,247408700|247381300|247131100,True,0.37183876248720754,0.3752557109778916,0.37491255794679684
AUGUSTA,AU-056,256251000,CHEMICAL MARINER,2,2026-04-11 01:22:25.500,2026-04-11 01:00:00,2026-04-11 00:59:36,0.37375,<6h,8.0,15.27435,37.195583,3.782585544496959,3.8335091656535294,0.0516565389818105,3.8223435560036316,0.005888924375499936,E,sector,AU-030|AU-002|AU-033,247381300|229456000|215054000,True,0.2553040999255507,0.2587411693880622,0.25798755102616305
AUGUSTA,AU-056,256251000,CHEMICAL MARINER,2,2026-04-11 01:22:25.500,2026-04-11 01:15:00,2026-04-11 01:14:49,0.12375,<6h,3.9,15.255533,37.19655,2.1139808830805094,2.1991342750773555,0.08325253467177798,2.135081746711388,0.016240972887817614,E,sector,AU-022|AU-017|AU-039,247415600|229370000|538002630,True,0.29268163081914345,0.3044711573181253,0.29560305514639584
AUGUSTA,AU-057,255970000,SIDER UNICORN,2,2026-04-11 05:35:09.500,2026-04-11 00:45:00,2026-04-11 00:44:22,4.835972222222222,<6h,7.9,15.307705,36.695632,56.12088004914758,72.13246053751928,40.152963225321564,72.5244412065544,25.419927946875934,SSE,sector,AU-032|AU-038|AU-039,271051219|309518000|538002630,True,3.8358039238556723,4.930178837624688,4.956970309658692
AUGUSTA,AU-057,255970000,SIDER UNICORN,2,2026-04-11 05:35:09.500,2026-04-11 01:00:00,2026-04-11 00:59:36,4.585972222222222,<6h,7.9,15.321537,36.726503,52.88614469545369,68.49986706582222,36.52036975362449,68.93480801583453,22.567637603980696,SSE,sector,AU-032|AU-038|AU-039,271051219|309518000|538002630,True,3.614713118589119,4.681894842785234,4.711622605451139
AUGUSTA,AU-057,255970000,SIDER UNICORN,2,2026-04-11 05:35:09.500,2026-04-11 01:15:00,2026-04-11 01:14:49,4.335972222222222,<6h,7.9,15.33552,36.758408,49.59772194678577,64.76020106282901,32.78070375063129,65.25536157747013,19.647216998720598,SSE,sector,AU-032|AU-038|AU-039,271051219|309518000|538002630,True,3.3899528355787627,4.426292551523431,4.460136258951671
AUGUSTA,AU-057,255970000,SIDER UNICORN,2,2026-04-11 05:35:09.500,2026-04-11 01:45:00,2026-04-11 01:44:15,3.8359722222222223,<6h,7.8,15.362402,36.81847,43.6264459815201,57.71213172205297,25.732634409855248,58.38021296008687,14.176573259562687,SSE,sector,AU-032|AU-038|AU-039,271051219|309518000|538002630,True,3.020050810040434,3.995135662212229,4.041383740383706
AUGUSTA,AU-057,255970000,SIDER UNICORN,2,2026-04-11 05:35:09.500,2026-04-11 02:00:00,2026-04-11 01:59:28,3.5859722222222223,<6h,7.8,15.37674,36.849452,40.700053576141954,54.067596488578005,22.088099176380283,54.88026630536563,11.439244821882738,SSE,sector,AU-032|AU-038|AU-039,271051219|309518000|538002630,True,2.8174706191602943,3.7428418680136515,3.79909912398001
AUGUSTA,AU-057,255970000,SIDER UNICORN,2,2026-04-11 05:35:09.500,2026-04-11 02:15:00,2026-04-11 02:14:40,3.3359722222222223,<6h,7.8,15.390675,36.880777,37.854718978009934,50.41805947842418,18.438562166226458,51.47658295011883,9.310865559576335,SSE,sector,AU-032|AU-039|AU-038,271051219|538002630|309518000,True,2.6205016737283278,3.4902018246680084,3.5634783567396875
AUGUSTA,AU-057,255970000,SIDER UNICORN,2,2026-04-11 05:35:09.500,2026-04-11 02:30:00,2026-04-11 02:29:53,3.0859722222222223,<6h,7.8,15.402377,36.911978,35.09403496264007,46.9082848831623,14.928787570964582,53.9523686071116,7.671655562671283,SSE,sector,AU-032|AU-039|AU-038,271051219|538002630|309518000,True,2.4293926844603253,3.2472368668080454,3.734865191277039
AUGUSTA,AU-057,255970000,SIDER UNICORN,2,2026-04-11 05:35:09.500,2026-04-11 02:45:00,2026-04-11 02:44:06,2.8359722222222223,<6h,7.7,15.411242,36.940943,32.59461220322789,43.817964905051895,11.838467592854174,52.853481953016846,6.340548786028758,SSE,sector,AU-032|AU-039|AU-038,271051219|538002630|309518000,True,2.2856730669004994,3.0727023719567397,3.7063113203708764
AUGUSTA,AU-057,255970000,SIDER UNICORN,2,2026-04-11 05:35:09.500,2026-04-11 03:00:00,2026-04-11 02:59:19,2.5859722222222223,<6h,7.7,15.422818,36.973298,30.07338841073497,40.45743918367101,8.47794187147329,42.08741015108468,4.894791896105232,SSE,sector,AU-032|AU-039|AU-017,271051219|538002630|229370000,True,2.10887411368089,2.8370479918986153,2.9513485001181365
AUGUSTA,AU-057,255970000,SIDER UNICORN,2,2026-04-11 05:35:09.500,2026-04-11 03:15:00,2026-04-11 03:14:32,2.3359722222222223,<6h,7.9,15.428725,37.006175,27.46060667502359,37.09885669061345,6.001653833800641,38.17561923245422,3.7352349091700288,SSE,sector,AU-032|AU-039|AU-017,271051219|538002630|229370000,True,1.8769039748355243,2.5356683633576735,2.609263965911243
AUGUSTA,AU-057,255970000,SIDER UNICORN,2,2026-04-11 05:35:09.500,2026-04-11 03:30:00,2026-04-11 03:29:45,2.0859722222222223,<6h,7.9,15.40739,37.034475,23.83343891036376,33.5705203292847,6.141294635343513,35.0023008474079,4.395948040847237,SSE,sector,AU-032|AU-039|AU-017,271051219|538002630|229370000,True,1.6289908214426936,2.294510233841259,2.3923709467293586
AUGUSTA,AU-057,255970000,SIDER UNICORN,2,2026-04-11 05:35:09.500,2026-04-11 03:45:00,2026-04-11 03:44:58,1.835972222222222,<6h,8.1,15.386273,37.064325,20.109956577551447,29.80049658404482,6.1809698286404355,28.521198505627808,4.720437071394279,SSE,sector,AU-032|AU-039|AU-021,271051219|538002630|255801270,True,1.340556527314578,1.9865408490017344,1.9012611328178952
AUGUSTA,AU-057,255970000,SIDER UNICORN,2,2026-04-11 05:35:09.500,2026-04-11 04:00:00,2026-04-11 03:59:10,1.585972222222222,<6h,8.2,15.367165,37.09334,16.620564421336443,23.859910862133706,5.620315067234508,23.535523877059052,4.49753628384008,SSE,sector,AU-032|AU-021|AU-039,271051219|255801270|538002630,True,1.0944374190944823,1.5711367316897822,1.549776370769837
AUGUSTA,AU-057,255970000,SIDER UNICORN,2,2026-04-11 05:35:09.500,2026-04-11 04:15:00,2026-04-11 04:14:24,1.335972222222222,<6h,8.3,15.344478,37.123453,12.892477904246071,18.10292562390342,4.399307024693386,18.416109066706575,3.874378607958551,SSE,sector,AU-021|AU-032|AU-039,255801270|271051219|538002630,True,0.8387206214217173,1.1776864883228433,1.1980606486446808
AUGUSTA,AU-057,255970000,SIDER UNICORN,2,2026-04-11 05:35:09.500,2026-04-11 04:30:00,2026-04-11 04:29:38,1.085972222222222,<6h,8.3,15.313953,37.148377,9.054702182335024,13.546036675461176,3.6610222461747064,12.061272781800882,2.912897729315462,SSE,sector,AU-021|AU-038|AU-032,255801270|309518000|271051219,True,0.5890539815201425,0.8812379111778328,0.7846465417914128
AUGUSTA,AU-057,255970000,SIDER UNICORN,2,2026-04-11 05:35:09.500,2026-04-11 04:45:00,2026-04-11 04:44:52,0.8359722222222222,<6h,8.1,15.283453,37.17224,5.331421770392482,7.6263090006967325,2.3799251534602464,7.060501666356259,1.6644379436286407,SSE,sector,AU-021|AU-038|AU-043,255801270|309518000|247408700,True,0.35539968605128136,0.5083799296520767,0.4706624580937698
AUGUSTA,AU-057,255970000,SIDER UNICORN,2,2026-04-11 05:35:09.500,2026-04-11 05:00:00,2026-04-11 04:59:06,0.5859722222222222,<6h,7.65,15.259412,37.189548,2.581963350208585,3.1587999881531,0.6921008686688238,3.034176351341464,0.4512797955073092,E,sector,AU-043|AU-021|AU-036,247408700|255801270|256891000,True,0.18224165715273963,0.22295628030838238,0.21416002141062576
AUGUSTA,AU-057,255970000,SIDER UNICORN,2,2026-04-11 05:35:09.500,2026-04-11 05:15:00,2026-04-11 05:14:20,0.3359722222222222,<6h,3.15,15.254683,37.192012,2.10338795749728,2.4673280822647246,0.4220302211690625,2.3987023962222125,0.2812180011135455,E,sector,AU-043|AU-036|AU-001,247408700|256891000|256210000,True,0.36055194855793476,0.4229366934527623,0.4111732312081683
AUGUSTA,AU-057,255970000,SIDER UNICORN,2,2026-04-11 05:35:09.500,2026-04-11 05:30:00,2026-04-11 05:29:34,0.0859722222222222,<6h,1.0,15.244295,37.195067,1.1326100851880216,1.2305299570013672,0.10668869871124245,1.1863144413009132,0.05783880645065259,E,sector,AU-043|AU-021|AU-001,247408700|255801270|256210000,True,0.6115605211598388,0.6644330221389672,0.6405585536182037
AUGUSTA,AU-058,311000279,PEAK SPIRIT,3,2026-04-11 06:30:04.500,2026-04-11 00:30:00,2026-04-11 00:29:09,6.00125,6-12h,12.6,15.953613,36.448403,105.12904607027323,126.66256025358796,36.371524216071265,135.54650334774033,33.03059666531481,SSE,sector,AU-021|AU-038|AU-044,255801270|309518000|605076190,True,4.5051701322582725,5.42796120254328,5.808671164067174
AUGUSTA,AU-058,311000279,PEAK SPIRIT,3,2026-04-11 06:30:04.500,2026-04-11 00:45:00,2026-04-11 00:44:22,5.75125,<6h,12.6,15.940972,36.500273,99.89784930254342,124.63900112399212,34.347965086475426,128.81649113594938,30.25542595899405,SSE,sector,AU-021|AU-038|AU-044,255801270|309518000|605076190,True,4.2809939191668995,5.341244177208342,5.5202651417579185
AUGUSTA,AU-058,311000279,PEAK SPIRIT,3,2026-04-11 06:30:04.500,2026-04-11 01:00:00,2026-04-11 00:59:36,5.50125,<6h,12.5,15.922882,36.550183,94.59304551029275,123.04348674374333,32.75245070622664,120.14798489603734,27.633125878103986,SSE,sector,AU-021|AU-038|AU-056,255801270|309518000|256251000,True,4.086092678630356,5.3150534230558675,5.18997774928887
AUGUSTA,AU-058,311000279,PEAK SPIRIT,3,2026-04-11 06:30:04.500,2026-04-11 01:15:00,2026-04-11 01:14:49,5.25125,<6h,12.2,15.888065,36.592692,88.98025526173842,120.78043476847164,30.48939873095495,112.31515499308449,23.978644322019857,SSE,sector,AU-021|AU-038|AU-056,255801270|309518000|256251000,True,3.938155262442836,5.345591596522662,4.970928858172135
AUGUSTA,AU-058,311000279,PEAK SPIRIT,3,2026-04-11 06:30:04.500,2026-04-11 01:30:00,2026-04-11 01:29:01,5.00125,<6h,12.2,15.855695,36.631875,83.79691028104693,117.31982843962842,29.127170099731558,106.38483614627327,21.32289999146245,SSE,sector,AU-021|AU-038|AU-056,255801270|309518000|256251000,True,3.7087468700672264,5.192429471002923,4.708460332926445
AUGUSTA,AU-058,311000279,PEAK SPIRIT,3,2026-04-11 06:30:04.500,2026-04-11 01:45:00,2026-04-11 01:44:15,4.75125,<6h,12.3,15.818343,36.676703,77.85666405372639,110.08906023413675,27.70842068088101,98.15408395652352,18.434845965677706,SSE,sector,AU-021|AU-038|AU-056,255801270|309518000|256251000,True,3.4178240203395314,4.832791630851145,4.30885897717798
AUGUSTA,AU-058,311000279,PEAK SPIRIT,3,2026-04-11 06:30:04.500,2026-04-11 02:00:00,2026-04-11 01:59:28,4.50125,<6h,12.4,15.783902,36.720907,72.15405534155201,103.23007183828429,26.508616805836066,90.25682335946419,15.980448836078123,SSE,sector,AU-021|AU-038|AU-056,255801270|309518000|256251000,True,3.14194137730579,4.495143516960055,3.9302246638100127
AUGUSTA,AU-058,311000279,PEAK SPIRIT,3,2026-04-11 06:30:04.500,2026-04-11 02:15:00,2026-04-11 02:14:40,4.25125,<6h,12.25,15.749873,36.764347,66.55598377278103,96.46885038360121,25.3142824802445,82.47927611278817,13.629110573192124,SSE,sector,AU-021|AU-038|AU-056,255801270|309518000|256251000,True,2.9336617345960696,4.252164251932878,3.635530308669642
AUGUSTA,AU-058,311000279,PEAK SPIRIT,3,2026-04-11 06:30:04.500,2026-04-11 02:30:00,2026-04-11 02:29:53,4.00125,<6h,11.9,15.718073,36.807602,61.13335045030313,89.97274186341573,24.298656634073343,74.92566511376027,11.492555382152219,SSE,sector,AU-021|AU-038|AU-056,255801270|309518000|256251000,True,2.7738965120743018,4.082470091993018,3.3997161875310935
AUGUSTA,AU-058,311000279,PEAK SPIRIT,3,2026-04-11 06:30:04.500,2026-04-11 02:45:00,2026-04-11 02:44:06,3.75125,<6h,11.9,15.690938,36.845002,56.49411483020551,84.3968306404793,23.45054293328501,68.42752258070028,9.674495265203587,SSE,sector,AU-021|AU-038|AU-056,255801270|309518000|256251000,True,2.5633934166200296,3.8294657894476694,3.104866080762123
AUGUSTA,AU-058,311000279,PEAK SPIRIT,3,2026-04-11 06:30:04.500,2026-04-11 03:00:00,2026-04-11 02:59:19,3.50125,<6h,9.0,15.664178,36.862683,53.4159044836535,62.89857148759309,21.52223255871425,64.07993324788123,7.683188585320018,SSE,sector,AU-021|AU-038|AU-056,255801270|309518000|256251000,True,3.2046978931877548,3.773612400263564,3.84448843579801
AUGUSTA,AU-058,311000279,PEAK SPIRIT,3,2026-04-11 06:30:04.500,2026-04-11 03:15:00,2026-04-11 03:14:32,3.25125,<6h,6.199999999999999,15.65569,36.8863,51.062455470632,59.05885445787567,19.814372100335543,60.76824323843831,7.237609722818706,SSE,sector,AU-021|AU-038|AU-056,255801270|309518000|256251000,True,4.447019392342368,5.143424236908283,5.292294575910812
AUGUSTA,AU-058,311000279,PEAK SPIRIT,3,2026-04-11 06:30:04.500,2026-04-11 03:30:00,2026-04-11 03:29:45,3.00125,<6h,8.600000000000001,15.637533,36.926965,46.864957345710735,52.27923797925503,16.584315881383095,54.74171056127394,6.182645924624384,SSE,sector,AU-021|AU-056|AU-038,255801270|256251000|309518000,True,2.9424479723812547,3.282387235625535,3.436995238414406
AUGUSTA,AU-058,311000279,PEAK SPIRIT,3,2026-04-11 06:30:04.500,2026-04-11 03:45:00,2026-04-11 03:44:58,2.75125,<6h,11.3,15.604587,36.967648,41.74757367183163,44.794742998948415,12.145235769279322,49.19535168598112,4.213227829296638,SSE,sector,AU-021|AU-056|AU-038,255801270|256251000|309518000,True,1.9948572063605778,2.1404624992329944,2.3507402514373896
AUGUSTA,AU-058,311000279,PEAK SPIRIT,3,2026-04-11 06:30:04.500,2026-04-11 04:00:00,2026-04-11 03:59:10,2.50125,<6h,11.7,15.572612,37.006157,36.91914571095431,40.45143608705302,8.241108583369643,42.63742020786318,2.770987288211065,SSE,sector,AU-056|AU-021|AU-038,256251000|255801270|309518000,True,1.7038242653335878,1.8668400106631324,1.9677235147894252
AUGUSTA,AU-058,311000279,PEAK SPIRIT,3,2026-04-11 06:30:04.500,2026-04-11 04:15:00,2026-04-11 04:14:24,2.25125,<6h,11.7,15.537422,37.047997,31.75157253963448,36.76501052196508,6.163366605492861,35.40121102747471,3.582312413523453,SSE,sector,AU-038|AU-021|AU-017,309518000|255801270|229370000,True,1.4653399669396208,1.696710902603103,1.6337713457142526
AUGUSTA,AU-058,311000279,PEAK SPIRIT,3,2026-04-11 06:30:04.500,2026-04-11 04:30:00,2026-04-11 04:29:38,2.00125,<6h,11.7,15.503603,37.088402,26.942844320273498,35.69956961385915,11.121983438849094,30.222055248300826,2.717303000389885,E,sector,AU-038|AU-017|AU-021,309518000|229370000|255801270,True,1.2434164183914593,1.647540640465339,1.3947525081824605
AUGUSTA,AU-058,311000279,PEAK SPIRIT,3,2026-04-11 06:30:04.500,2026-04-11 04:45:00,2026-04-11 04:44:52,1.75125,<6h,11.6,15.470342,37.129042,22.446874321971865,28.176757184038713,6.726538311812243,24.175344281617072,1.7116043952249564,E,sector,AU-038|AU-047|AU-032,309518000|314001155|271051219,True,1.0448571126262318,1.3115717017966928,1.1253139328227206
AUGUSTA,AU-058,311000279,PEAK SPIRIT,3,2026-04-11 06:30:04.500,2026-04-11 05:00:00,2026-04-11 04:59:06,1.50125,<6h,11.5,15.42757,37.151677,18.063672441282204,21.44251985330515,4.1885183748493935,19.026295221516932,0.732770393285682,E,sector,AU-047|AU-032|AU-038,314001155|271051219|309518000,True,0.848139376527477,1.0067856067849164,0.8933371782100165
AUGUSTA,AU-058,311000279,PEAK SPIRIT,3,2026-04-11 06:30:04.500,2026-04-11 05:15:00,2026-04-11 05:14:20,1.25125,<6h,8.55,15.40123,37.167632,15.364830254791531,17.319824127680477,2.3419602519117775,16.379829228203885,0.9341434397354286,E,sector,AU-047|AU-036|AU-033,314001155|256891000|215054000,True,0.970332705265149,1.0937961254266273,1.0344327755803042
AUGUSTA,AU-058,311000279,PEAK SPIRIT,3,2026-04-11 06:30:04.500,2026-04-11 05:30:00,2026-04-11 05:29:34,1.00125,<6h,5.199999999999999,15.382398,37.179598,13.486618479615638,14.595811688843886,1.1295490170932418,13.984916602648577,0.3133929391470284,E,sector,AU-036|AU-033|AU-014,256891000|215054000|247408700,True,1.4004214237846444,1.515597658336506,1.452163627954039
AUGUSTA,AU-058,311000279,PEAK SPIRIT,3,2026-04-11 06:30:04.500,2026-04-11 05:45:00,2026-04-11 05:44:49,0.75125,<6h,6.65,15.340552,37.186752,9.707858289269469,10.274557260833362,0.6043265767859255,9.898969174187085,0.16340755502572538,E,sector,AU-033|AU-036|AU-014,215054000|256891000|247408700,True,0.788244230116555,0.834258209846974,0.8037617673384663
AUGUSTA,AU-058,311000279,PEAK SPIRIT,3,2026-04-11 06:30:04.500,2026-04-11 06:00:00,2026-04-11 05:59:03,0.50125,<6h,7.95,15.30458,37.193383,6.468687668088735,6.496544170147785,0.025832345681677058,6.501890234920551,0.006735520229508444,E,sector,AU-017|AU-014|AU-043,229370000|247408700|247408700,True,0.43934741079429573,0.441239399197725,0.4416024990776961
AUGUSTA,AU-058,311000279,PEAK SPIRIT,3,2026-04-11 06:30:04.500,2026-04-11 06:15:00,2026-04-11 06:14:18,0.25125,<6h,7.05,15.271183,37.19498,3.5051846014581107,3.5467893242917294,0.03878611487045131,3.522347469314752,0.01389948276434648,E,sector,AU-002|AU-040|AU-007,229456000|247381300|247355500,True,0.2684607479327015,0.2716472377411983,0.26977524541724124
AUGUSTA,AU-058,311000279,PEAK SPIRIT,3,2026-04-11 06:30:04.500,2026-04-11 06:30:00,2026-04-11 06:29:34,0.00125,<6h,6.55,15.233637,37.196403,0.1769663658466432,0.19394165241617634,0.017883867942027367,0.18531301911123946,0.007920859265996056,E,sector,AU-057|AU-033|AU-003,255970000|215054000|247381300,True,0.014588426446065584,0.01598780377031444,0.015276492433287674
AUGUSTA,AU-059,247355500,DOMENICO IEVOLI,3,2026-04-11 07:19:53.500,2026-04-11 04:30:00,2026-04-11 04:29:38,2.8315277777777776,<6h,10.7,15.45995,37.6287,52.09933105842947,56.331426561836906,0.8540486380280895,58.1012333594554,0.7214276727477814,NNE,sector,AU-007|AU-013|AU-045,247355500|538002883|247243700,False,2.6291017065879507,2.842667011255168,2.931977218841737
AUGUSTA,AU-059,247355500,DOMENICO IEVOLI,3,2026-04-11 07:19:53.500,2026-04-11 04:45:00,2026-04-11 04:44:52,2.5815277777777776,<6h,10.8,15.450317,37.583067,47.108461866054455,51.42930905794873,1.0918355964211095,53.16088381581031,0.8225092095913533,NNE,sector,AU-007|AU-013|AU-045,247355500|538002883|247243700,False,2.3552346745287602,2.5712597521172667,2.657831564265374
AUGUSTA,AU-059,247355500,DOMENICO IEVOLI,3,2026-04-11 07:19:53.500,2026-04-11 05:00:00,2026-04-11 04:59:06,2.3315277777777776,<6h,10.7,15.4409,37.54125,42.54410786437665,46.87505458115184,1.2586974623083194,48.5810982290871,0.8629077779264822,NNE,sector,AU-007|AU-013|AU-045,247355500|538002883|247243700,False,2.1469140643293763,2.36546772275246,2.451560234406204
AUGUSTA,AU-059,247355500,DOMENICO IEVOLI,3,2026-04-11 07:19:53.500,2026-04-11 05:15:00,2026-04-11 05:14:20,2.0815277777777776,<6h,10.7,15.430483,37.496583,37.6967775442965,41.87806372413491,1.342872915026712,41.76823117464314,0.83505767601083,NNE,sector,AU-007|AU-013|AU-022,247355500|538002883|247415600,False,1.9023020096635364,2.1133033105980354,2.107760802902805
AUGUSTA,AU-059,247355500,DOMENICO IEVOLI,3,2026-04-11 07:19:53.500,2026-04-11 05:30:00,2026-04-11 05:29:34,1.8315277777777776,<6h,10.7,15.419933,37.45125,32.84052040619793,36.785045307385516,1.3764337063234564,37.97157565986246,0.5488302796316896,NNE,sector,AU-007|AU-034|AU-013,247355500|247131100|538002883,False,1.6572394787245883,1.856293035434565,1.9161692163996717
AUGUSTA,AU-059,247355500,DOMENICO IEVOLI,3,2026-04-11 07:19:53.500,2026-04-11 05:45:00,2026-04-11 05:44:49,1.581527777777778,<6h,10.8,15.409917,37.406317,28.143070449726302,32.00066273474902,1.5837726739562068,32.91559513493277,0.5696224685307959,NNE,sector,AU-007|AU-034|AU-013,247355500|247131100|538002883,False,1.4070409592095783,1.5999051443259047,1.6456481048982465
AUGUSTA,AU-059,247355500,DOMENICO IEVOLI,3,2026-04-11 07:19:53.500,2026-04-11 06:00:00,2026-04-11 05:59:03,1.331527777777778,<6h,10.85,15.399533,37.3634,23.75532711718941,27.40849866764622,1.8445896763840097,28.187100265490116,0.9248801452710275,NNE,sector,AU-007|AU-013|AU-045,247355500|538002883|247243700,False,1.1821982023265125,1.3640004910693742,1.4027480698654395
AUGUSTA,AU-059,247355500,DOMENICO IEVOLI,3,2026-04-11 07:19:53.500,2026-04-11 06:15:00,2026-04-11 06:14:18,1.081527777777778,<6h,11.0,15.388317,37.3172,19.28328911414532,22.471233881310482,2.12699145358421,21.256322830773854,0.7101572231894494,NNE,sector,AU-007|AU-020|AU-013,247355500|246651000|538002883,False,0.9465584681987689,1.1030450560234872,1.043408738993415
AUGUSTA,AU-059,247355500,DOMENICO IEVOLI,3,2026-04-11 07:19:53.500,2026-04-11 06:30:00,2026-04-11 06:29:34,0.8315277777777778,<6h,11.15,15.379017,37.269633,15.36241499824812,17.99364986816448,2.747923897811489,16.913279744778812,0.6437615697904272,NNE,sector,AU-007|AU-009|AU-013,247355500|563205300|538002883,False,0.7439498202524053,0.8713716291762863,0.8190529566765204
AUGUSTA,AU-059,247355500,DOMENICO IEVOLI,3,2026-04-11 07:19:53.500,2026-04-11 06:45:00,2026-04-11 06:44:49,0.5815277777777778,<6h,11.4,15.346433,37.229017,10.780973956369852,14.087218234518929,4.104532267492838,12.117716870565507,0.07303386434943802,E,sector,AU-034|AU-045|AU-007,247131100|247243700|247355500,False,0.5106368627737605,0.6672359059205282,0.573951198825618
AUGUSTA,AU-059,247355500,DOMENICO IEVOLI,3,2026-04-11 07:19:53.500,2026-04-11 07:00:00,2026-04-11 06:59:03,0.3315277777777777,<6h,11.3,15.3099,37.19535,6.931055289392933,7.203606735315283,0.2795814939760702,6.979399131396678,0.0767740676208608,E,sector,AU-030|AU-005|AU-007,247381300|636021733|247355500,False,0.33119207598544187,0.3442156164737133,0.33350212787881445
AUGUSTA,AU-059,247355500,DOMENICO IEVOLI,3,2026-04-11 07:19:53.500,2026-04-11 07:15:00,2026-04-11 07:14:18,0.0815277777777777,<6h,11.15,15.255433,37.1959,2.106818182550687,2.1183685749562007,0.010896353786695272,2.1200979220047453,0.01085274219741883,E,sector,AU-008|AU-030|AU-033,210627000|247381300|215054000,False,0.10202608173205972,0.10258542818604541,0.1026691746169331
AUGUSTA,AU-060,271051219,MED URLA,3,2026-04-11 12:44:20.500,2026-04-11 10:15:00,2026-04-11 10:14:02,2.489027777777778,<6h,11.2,15.462027,37.593072,48.54922639890195,53.51461189211166,1.8706524969704081,55.47691376285909,1.0554020494568686,NNE,sector,AU-013|AU-007|AU-032,538002883|247355500|271051219,False,2.3405790264820827,2.5799623906641305,2.674565805444842
AUGUSTA,AU-060,271051219,MED URLA,3,2026-04-11 12:44:20.500,2026-04-11 10:30:00,2026-04-11 10:29:14,2.239027777777778,<6h,11.3,15.456905,37.545547,43.601910484059445,48.92623500736641,2.543419538593718,50.60455749271429,1.3490275539389758,NNE,sector,AU-013|AU-032|AU-007,538002883|271051219|247355500,False,2.083464443321711,2.3378808371416886,2.418077442836937
AUGUSTA,AU-060,271051219,MED URLA,3,2026-04-11 12:44:20.500,2026-04-11 10:45:00,2026-04-11 10:44:24,1.9890277777777776,<6h,11.2,15.451695,37.498658,38.80597878621605,44.26073335490839,3.1444113688401667,47.881274038359045,1.0733446774143813,NNE,sector,AU-034|AU-013|AU-032,247131100|538002883|271051219,False,1.8708528803906999,2.1338289375823623,2.3083767567089173
AUGUSTA,AU-060,271051219,MED URLA,3,2026-04-11 12:44:20.500,2026-04-11 11:00:00,2026-04-11 10:59:33,1.7390277777777778,<6h,11.2,15.44456,37.45166,34.03419473057766,39.37496432429777,3.5099552538492933,43.670924637180974,1.4866538790232646,NNE,sector,AU-034|AU-013|AU-032,247131100|538002883|271051219,False,1.6408031245457448,1.8982839172081232,2.105394006343575
AUGUSTA,AU-060,271051219,MED URLA,3,2026-04-11 12:44:20.500,2026-04-11 11:15:00,2026-04-11 11:14:42,1.4890277777777778,<6h,10.9,15.420577,37.410292,29.042068315732543,33.4671414422186,2.3931643113733325,34.21857480378117,0.7566930594975951,NNE,sector,AU-013|AU-007|AU-034,538002883|247355500|247131100,False,1.4386662727986872,1.6578725425633876,1.6950965385192882
AUGUSTA,AU-060,271051219,MED URLA,3,2026-04-11 12:44:20.500,2026-04-11 11:30:00,2026-04-11 11:29:51,1.2390277777777778,<6h,11.05,15.394173,37.36704,23.782674512444515,27.128012597676737,1.2860878142959604,29.039825355619612,0.9131877011457208,NNE,sector,AU-007|AU-045|AU-034,247355500|247243700|247131100,False,1.162137276684837,1.3256067842848984,1.4190272644283108
AUGUSTA,AU-060,271051219,MED URLA,3,2026-04-11 12:44:20.500,2026-04-11 11:45:00,2026-04-11 11:44:01,0.9890277777777776,<6h,11.55,15.367638,37.326152,18.764435342520077,20.970190239373956,0.10778154122194628,23.090600799982766,0.4173597743282465,NNE,sector,AU-034|AU-045|AU-001,247131100|247243700|256210000,False,0.8772280975063849,0.9803460510398938,1.0794741989463954
AUGUSTA,AU-060,271051219,MED URLA,3,2026-04-11 12:44:20.500,2026-04-11 12:00:00,2026-04-11 11:59:14,0.7390277777777777,<6h,11.7,15.339912,37.281,13.407404680590211,16.246977320994354,0.9386485844337427,15.007936189779503,0.3588942206628016,NNE,sector,AU-004|AU-022|AU-052,247219700|247415600|215909000,False,0.6187537926469057,0.7498005076975851,0.6926185685043428
AUGUSTA,AU-060,271051219,MED URLA,3,2026-04-11 12:44:20.500,2026-04-11 12:15:00,2026-04-11 12:14:26,0.4890277777777778,<6h,12.1,15.310047,37.23555,8.177216133766839,10.294184881976378,1.282672981300521,8.875482821625557,0.12581039879154804,NNE,sector,AU-022|AU-020|AU-008,247415600|246651000|210627000,False,0.3649044202277118,0.4593731539714215,0.3960642424372827
AUGUSTA,AU-060,271051219,MED URLA,3,2026-04-11 12:44:20.500,2026-04-11 12:30:00,2026-04-11 12:29:38,0.2390277777777777,<6h,11.9,15.272632,37.199415,3.641249078882514,4.056363550944597,0.4637114735019476,3.894145680720088,0.10729353914339967,E,sector,AU-054|AU-009|AU-001,311000232|563205300|256210000,False,0.1652199338839916,0.1840555543380128,0.17669499613046477
AUGUSTA,AU-061,247408700,MERSEY SPIRIT,3,2026-04-11 13:55:26.500,2026-04-11 13:00:00,2026-04-11 12:59:03,0.9240277777777778,<6h,11.7,15.23864,37.33139,14.993276885403022,29.752540529720143,11.114598524333866,26.174220539950817,8.179832873811689,NNE,sector,AU-046|AU-008|AU-022,219031822|210627000|247415600,False,0.6919420393477609,1.373084331548252,1.2079443124527338
AUGUSTA,AU-061,247408700,MERSEY SPIRIT,3,2026-04-11 13:55:26.500,2026-04-11 13:15:00,2026-04-11 13:14:17,0.6740277777777778,<6h,11.75,15.269617,37.28807,10.704401967004582,21.096530558744654,7.080008275003793,18.42323816411913,4.234514055928049,NNE,sector,AU-046|AU-008|AU-022,219031822|210627000|247415600,False,0.49190763140501725,0.9694651237877235,0.8466172585873412
AUGUSTA,AU-061,247408700,MERSEY SPIRIT,3,2026-04-11 13:55:26.500,2026-04-11 13:30:00,2026-04-11 13:29:32,0.4240277777777778,<6h,11.8,15.297808,37.242793,7.785040318045341,11.48075021606462,2.6242407051754517,10.31983875706008,1.176828032877745,NNE,sector,AU-008|AU-046|AU-022,210627000|219031822|247415600,False,0.35623605804285513,0.5253482362660898,0.4722260294441226
AUGUSTA,AU-061,247408700,MERSEY SPIRIT,3,2026-04-11 13:55:26.500,2026-04-11 13:45:00,2026-04-11 13:44:46,0.1740277777777777,<6h,11.6,15.268692,37.20223,3.337202786555743,3.9625408747616793,0.7449502292884537,3.5869538909744954,0.15811064512363626,E,sector,AU-010|AU-022|AU-020,215909000|247415600|246651000,False,0.15534011630277347,0.18444835381887612,0.1669655307856602
AUGUSTA,AU-062,248507000,YM MERCURY,3,2026-04-11 18:20:08.500,2026-04-11 12:45:00,2026-04-11 12:44:51,5.585694444444444,<6h,12.1,16.467263,37.067937,110.46559568372646,111.75711540961653,12.434386250042435,116.60551434469343,15.899529350541073,E,sector,AU-033|AU-044|AU-051,215054000|605076190|249689000,True,4.929475201422918,4.987108661157762,5.203466181063734
AUGUSTA,AU-062,248507000,YM MERCURY,3,2026-04-11 18:20:08.500,2026-04-11 13:15:00,2026-04-11 13:14:17,5.085694444444444,<6h,12.3,16.340857,37.083577,99.11940706404876,103.98769717460908,4.664968015034984,106.64674920139466,10.717735738772655,E,sector,AU-044|AU-033|AU-051,605076190|215054000|249689000,True,4.351235625913042,4.564948338627942,4.681677869734089
AUGUSTA,AU-062,248507000,YM MERCURY,3,2026-04-11 18:20:08.500,2026-04-11 13:30:00,2026-04-11 13:29:32,4.835694444444444,<6h,12.4,16.274208,37.09253,93.1280290882782,98.17664317551494,4.616392771175905,97.43990158110896,9.804124956629826,E,sector,AU-033|AU-044|AU-051,215054000|605076190|249689000,True,4.055251040212768,4.27509245347292,4.243011111836766
AUGUSTA,AU-062,248507000,YM MERCURY,3,2026-04-11 18:20:08.500,2026-04-11 13:45:00,2026-04-11 13:44:46,4.585694444444444,<6h,12.4,16.210723,37.101752,87.41260204668951,92.34465656225758,4.499065518629084,91.39736802871236,8.18148444674545,E,sector,AU-033|AU-044|AU-051,215054000|605076190|249689000,True,3.8063733211998145,4.021139159159129,3.9798895713749896
AUGUSTA,AU-062,248507000,YM MERCURY,3,2026-04-11 18:20:08.500,2026-04-11 14:00:00,2026-04-11 13:59:00,4.335694444444444,<6h,12.4,16.149752,37.111008,81.91998180420771,86.69272867599865,4.342562316890665,85.51874639559828,6.645199107360056,E,sector,AU-033|AU-044|AU-051,215054000|605076190|249689000,True,3.567197702754115,3.7750265047376264,3.7239055596216066
AUGUSTA,AU-062,248507000,YM MERCURY,3,2026-04-11 18:20:08.500,2026-04-11 14:15:00,2026-04-11 14:14:16,4.085694444444444,<6h,12.4,16.084022,37.120427,76.0086967579959,80.6709664509276,4.235259937627271,79.04336439242381,4.960414888100655,E,sector,AU-033|AU-044|AU-051,215054000|605076190|249689000,True,3.3097913658292644,3.5128094497199016,3.4419356751386387
AUGUSTA,AU-062,248507000,YM MERCURY,3,2026-04-11 18:20:08.500,2026-04-11 14:30:00,2026-04-11 14:29:31,3.835694444444445,<6h,12.45,16.018552,37.128093,70.14477659895006,74.89174062799053,4.316731834245172,73.21827296558274,3.897514759417375,E,sector,AU-033|AU-044|AU-051,215054000|605076190|249689000,True,3.042180670802001,3.2480566164437676,3.1754782831361186
AUGUSTA,AU-062,248507000,YM MERCURY,3,2026-04-11 18:20:08.500,2026-04-11 14:45:00,2026-04-11 14:44:48,3.5856944444444445,<6h,12.3,15.954833,37.135,64.44564221098035,69.33769908093248,4.456838422624092,67.41591757689461,3.5721402163638962,E,sector,AU-033|AU-044|AU-051,215054000|605076190|249689000,True,2.829094549991235,3.0438505979443216,2.9594864517767916
AUGUSTA,AU-062,248507000,YM MERCURY,3,2026-04-11 18:20:08.500,2026-04-11 15:00:00,2026-04-11 14:59:03,3.3356944444444445,<6h,12.1,15.895167,37.141167,59.11344262408768,63.45630636368171,4.59628345775196,62.019723081453805,3.3005141355015226,E,sector,AU-033|AU-044|AU-051,215054000|605076190|249689000,True,2.6379095471541905,2.8317077969620383,2.7676009443199137
AUGUSTA,AU-062,248507000,YM MERCURY,3,2026-04-11 18:20:08.500,2026-04-11 15:15:00,2026-04-11 15:14:20,3.0856944444444445,<6h,12.1,15.831213,37.147705,53.39966936280507,57.111866115501336,3.9231667477020755,56.24462819704005,3.1224339737072246,E,sector,AU-033|AU-044|AU-051,215054000|605076190|249689000,True,2.382935105349815,2.5485901377782936,2.509890053952843
AUGUSTA,AU-062,248507000,YM MERCURY,3,2026-04-11 18:20:08.500,2026-04-11 15:30:00,2026-04-11 15:29:36,2.8356944444444445,<6h,12.0,15.76836,37.154247,47.78380141971907,50.863565629737906,3.2486783281441975,50.53037350169229,2.8761051350305618,E,sector,AU-044|AU-033|AU-051,605076190|215054000|249689000,True,2.150099055962881,2.2886773591494736,2.2736849127831302
AUGUSTA,AU-062,248507000,YM MERCURY,3,2026-04-11 18:20:08.500,2026-04-11 15:45:00,2026-04-11 15:44:53,2.5856944444444445,<6h,12.0,15.705593,37.161107,42.17321706387508,44.58711522660219,2.538759065722653,44.77968391639745,2.5233993076185572,E,sector,AU-044|AU-051|AU-033,605076190|249689000|215054000,True,1.8976429564378634,2.0062596844223446,2.0149245822713033
AUGUSTA,AU-062,248507000,YM MERCURY,3,2026-04-11 18:20:08.500,2026-04-11 16:00:00,2026-04-11 15:59:09,2.3356944444444445,<6h,11.9,15.646448,37.16848,36.87914238086905,38.643027593412725,1.8103536064112515,39.06141699206852,2.1285648746599324,E,sector,AU-051|AU-044|AU-033,249689000|605076190|215054000,True,1.673373431442231,1.753408878587433,1.772393097267933
AUGUSTA,AU-062,248507000,YM MERCURY,3,2026-04-11 18:20:08.500,2026-04-11 16:15:00,2026-04-11 16:14:25,2.0856944444444445,<6h,11.8,15.585512,37.176378,31.426810075790137,32.489865156373995,1.0759912552515873,32.48854725884627,1.4407964825909392,E,sector,AU-051|AU-040|AU-044,249689000|247381300|605076190,True,1.438061009435065,1.4867054012324739,1.4866450954921049
AUGUSTA,AU-062,248507000,YM MERCURY,3,2026-04-11 18:20:08.500,2026-04-11 16:30:00,2026-04-11 16:29:42,1.8356944444444443,<6h,11.7,15.523818,37.184058,25.91714729647474,26.35565611290007,0.4215004463137093,26.41537243338472,0.637601606164031,E,sector,AU-051|AU-043|AU-040,249689000|247408700|247381300,True,1.1960803426406539,1.2163175921110958,1.2190735095062266
AUGUSTA,AU-062,248507000,YM MERCURY,3,2026-04-11 18:20:08.500,2026-04-11 16:45:00,2026-04-11 16:44:59,1.5856944444444443,<6h,11.8,15.460847,37.187723,20.324988100951952,20.585688060184395,0.24109090853738194,20.730690095935596,0.4131682165206858,E,sector,AU-051|AU-043|AU-044,249689000|247408700|605076190,True,0.9300521699377653,0.941981552704561,0.94861670827395
AUGUSTA,AU-062,248507000,YM MERCURY,3,2026-04-11 18:20:08.500,2026-04-11 17:00:00,2026-04-11 16:59:14,1.3356944444444443,<6h,11.8,15.403332,37.189733,15.225335259822195,15.349680986698067,0.10849756971283829,15.775169212757316,0.3941432530470985,E,sector,AU-051|AU-043|AU-044,249689000|247408700|605076190,True,0.6966968947826534,0.7023868372578461,0.7218567747536935
AUGUSTA,AU-062,248507000,YM MERCURY,3,2026-04-11 18:20:08.500,2026-04-11 17:15:00,2026-04-11 17:14:31,1.0856944444444443,<6h,11.6,15.342,37.193667,9.778561754081348,9.954265635572778,0.1662626999208599,9.976831570971825,0.09807244357794709,E,sector,AU-044|AU-034|AU-043,605076190|247131100|247408700,True,0.45517249544208255,0.4633511597700891,0.46440155893776647
AUGUSTA,AU-062,248507000,YM MERCURY,3,2026-04-11 18:20:08.500,2026-04-11 17:30:00,2026-04-11 17:29:47,0.8356944444444444,<6h,9.65,15.3045,37.196,6.451602567531839,6.757086685541802,0.31545944540023424,6.569217084334652,0.10182018842286021,E,sector,AU-007|AU-030|AU-005,247355500|247381300|636021733,True,0.36099344036593056,0.3780865209739255,0.3675744516128567
AUGUSTA,AU-062,248507000,YM MERCURY,3,2026-04-11 18:20:08.500,2026-04-11 17:45:00,2026-04-11 17:44:02,0.5856944444444444,<6h,6.0,15.2815,37.197,4.414089427539647,4.6636502382198834,0.26501801986168394,4.473451705328926,0.04227551577870878,E,sector,AU-039|AU-002|AU-014,538002630|229456000|247408700,True,0.39723626957700203,0.4196949458441219,0.40257844720382696
AUGUSTA,AU-062,248507000,YM MERCURY,3,2026-04-11 18:20:08.500,2026-04-11 18:00:00,2026-04-11 17:59:18,0.3356944444444444,<6h,2.35,15.272667,37.1975,3.6327303328336953,3.866257513713209,0.2518631292853688,3.672359027373703,0.03266164271033047,E,sector,AU-039|AU-014|AU-001,538002630|247408700|256210000,True,0.8346882801419271,0.8883455525281946,0.8437937198138189
AUGUSTA,AU-062,248507000,YM MERCURY,3,2026-04-11 18:20:08.500,2026-04-11 18:15:00,2026-04-11 18:14:33,0.0856944444444444,<6h,2.1500000000000004,15.248183,37.19727,1.4644513046272725,1.6050399565912705,0.14465385281158052,1.4794883993865247,0.015234991952079046,E,sector,AU-014|AU-010|AU-047,247408700|215909000|314001155,True,0.36778625361074696,0.4030940671533654,0.3715627101779407
AUGUSTA,AU-063,247190400,DANTE A,3,2026-04-11 21:34:46.000,2026-04-11 18:45:00,2026-04-11 18:44:02,2.8294444444444444,<6h,12.5,15.427333,37.598333,47.891248453458935,52.82324746980987,1.2565699015608334,51.478421625054516,0.25711581135932204,NNE,sector,AU-052|AU-010|AU-004,215909000|215909000|247219700,True,2.0687364342746837,2.281781748155934,2.223689919008834
AUGUSTA,AU-063,247190400,DANTE A,3,2026-04-11 21:34:46.000,2026-04-11 19:00:00,2026-04-11 18:59:18,2.5794444444444444,<6h,12.3,15.413,37.548,42.22511589253327,47.14331749589995,1.3153011611955272,45.79945311050511,0.24009617245711964,NNE,sector,AU-010|AU-052|AU-004,215909000|215909000|247219700,True,1.85363728478697,2.069541058486538,2.010546853786068
AUGUSTA,AU-063,247190400,DANTE A,3,2026-04-11 21:34:46.000,2026-04-11 19:15:00,2026-04-11 19:14:33,2.3294444444444444,<6h,11.3,15.400667,37.507333,37.63609239605952,42.68687826149879,1.4761741371228403,40.94899075424439,0.2091194894321875,NNE,sector,AU-010|AU-004|AU-052,215909000|247219700|215909000,True,1.7983950570566865,2.039740737662168,1.9566978895929008
AUGUSTA,AU-063,247190400,DANTE A,3,2026-04-11 21:34:46.000,2026-04-11 19:30:00,2026-04-11 19:29:49,2.0794444444444444,<6h,9.25,15.3895,37.469,33.34275974840544,38.48135704656931,1.6431637421847942,36.90074141097889,0.31441218832911716,NNE,sector,AU-004|AU-010|AU-052,247219700|215909000|215909000,True,1.9463405375287746,2.2462995182166425,2.154033121883071
AUGUSTA,AU-063,247190400,DANTE A,3,2026-04-11 21:34:46.000,2026-04-11 19:45:00,2026-04-11 19:44:04,1.8294444444444444,<6h,9.2,15.379167,37.4335,29.388207359342918,34.48130486805101,1.7896332573080815,33.12817129620884,0.4696879489098988,NNE,sector,AU-004|AU-010|AU-052,247219700|215909000|215909000,True,1.72482201141791,2.0237407777755547,1.9443240736341936
AUGUSTA,AU-063,247190400,DANTE A,3,2026-04-11 21:34:46.000,2026-04-11 20:00:00,2026-04-11 19:59:22,1.5794444444444444,<6h,9.2,15.368,37.3955,25.184443630948127,30.080717204007005,1.7282483258116474,29.01334989226586,0.6081806547021225,NNE,sector,AU-004|AU-052|AU-010,247219700|215909000|215909000,True,1.4780990956280007,1.7654660768620882,1.7028212679750365
AUGUSTA,AU-063,247190400,DANTE A,3,2026-04-11 21:34:46.000,2026-04-11 20:15:00,2026-04-11 20:14:39,1.3294444444444444,<6h,9.3,15.367167,37.356,21.392390271634437,24.810989452383446,0.7383615276172297,23.92385851238899,0.1300785570752702,NNE,sector,AU-010|AU-001|AU-052,215909000|256210000|215909000,True,1.2420394268117254,1.440522855406735,1.3890161471695224
AUGUSTA,AU-063,247190400,DANTE A,3,2026-04-11 21:34:46.000,2026-04-11 20:30:00,2026-04-11 20:29:57,1.0794444444444444,<6h,9.2,15.3615,37.318,17.721723062902907,20.048803582982856,0.19815235342722826,20.91441171235872,0.27116148538615886,NNE,sector,AU-034|AU-001|AU-010,247131100|256210000|215909000,True,1.0401048844318073,1.1766834669325088,1.227486836343713
AUGUSTA,AU-063,247190400,DANTE A,3,2026-04-11 21:34:46.000,2026-04-11 20:45:00,2026-04-11 20:44:15,0.8294444444444444,<6h,9.25,15.342333,37.282333,13.66425862235427,16.30291745854302,0.7844250037100965,16.889062544651427,0.31676336676366806,NNE,sector,AU-004|AU-052|AU-001,247219700|215909000|256210000,True,0.7976334494398616,0.9516617511262051,0.985877213510678
AUGUSTA,AU-063,247190400,DANTE A,3,2026-04-11 21:34:46.000,2026-04-11 21:00:00,2026-04-11 20:59:33,0.5794444444444444,<6h,10.5,15.322167,37.241,9.4084927360194,11.103123183136848,0.9149689040063826,9.855379137670774,0.22081815464975527,NNE,sector,AU-052|AU-013|AU-020,215909000|538002883|246651000,True,0.4838266345788028,0.5709720859373058,0.5068075253353272
AUGUSTA,AU-063,247190400,DANTE A,3,2026-04-11 21:34:46.000,2026-04-11 21:15:00,2026-04-11 21:14:51,0.3294444444444444,<6h,10.4,15.299167,37.201833,6.006114375914189,6.847996152404841,0.9264582944673685,6.245302445237221,0.1900310441447183,E,sector,AU-002|AU-003|AU-045,229456000|247381300|247243700,True,0.311830992270009,0.35554058774323183,0.3242493793215869
AUGUSTA,AU-063,247190400,DANTE A,3,2026-04-11 21:34:46.000,2026-04-11 21:30:00,2026-04-11 21:29:09,0.0794444444444444,<6h,10.0,15.254833,37.195167,2.058722616246395,2.1261905549175686,0.07110119394698723,2.0704037844986414,0.011390913958527886,E,sector,AU-045|AU-001|AU-002,247243700|256210000|229456000,True,0.11116212830704078,0.11480510555710413,0.1117928609340519
AUGUSTA,AU-064,255916020,JAGUAR,3,2026-04-12 08:42:09.000,2026-04-04 12:30:00,2026-04-04 12:29:02,188.2025,>72h,5.9,15.23184,37.349573,17.00243892266138,32.64385258936984,12.1922560154403,29.15929927061605,9.208815053953865,NNE,sector,AU-046|AU-008|AU-004,219031822|210627000|247219700,True,1.5560309443443072,2.9875034401077936,2.6686037330797716
AUGUSTA,AU-064,255916020,JAGUAR,3,2026-04-12 08:42:09.000,2026-04-04 12:45:00,2026-04-04 12:44:13,187.9525,>72h,5.9,15.248033,37.327447,14.614079801171489,28.616627628261654,10.200760782313212,25.153325667886794,7.263130799485019,NNE,sector,AU-046|AU-008|AU-022,219031822|210627000|247415600,True,1.3374528499809173,2.618939454209984,2.3019846311716874
AUGUSTA,AU-064,255916020,JAGUAR,3,2026-04-12 08:42:09.000,2026-04-04 13:00:00,2026-04-04 12:59:25,187.7025,>72h,6.0,15.262315,37.304197,12.260706915351207,23.777238795641125,8.27730389050207,21.095457569579878,5.339304585534063,NNE,sector,AU-046|AU-008|AU-022,219031822|210627000|247415600,True,1.1033753523534202,2.139780309182967,1.8984393061176996
AUGUSTA,AU-064,255916020,JAGUAR,3,2026-04-12 08:42:09.000,2026-04-04 13:15:00,2026-04-04 13:14:37,187.4525,>72h,6.0,15.274165,37.280198,10.021273824411438,19.7341364956629,6.413230916929586,17.061688420154802,3.6063988819485004,NNE,sector,AU-046|AU-008|AU-022,219031822|210627000|247415600,True,0.9018424967972855,1.7759302101928454,1.5354291234840536
AUGUSTA,AU-064,255916020,JAGUAR,3,2026-04-12 08:42:09.000,2026-04-04 13:30:00,2026-04-04 13:29:49,187.2025,>72h,6.0,15.285378,37.256297,8.159665734024001,13.65214603990045,4.454722641195296,12.892799277806681,1.8727097346037578,NNE,sector,AU-046|AU-008|AU-022,219031822|210627000|247415600,True,0.7343111711684666,1.2285948560025601,1.1602591142734593
AUGUSTA,AU-064,255916020,JAGUAR,3,2026-04-12 08:42:09.000,2026-04-04 13:45:00,2026-04-04 13:44:00,186.9525,>72h,6.0,15.293755,37.23382,6.877215936254871,9.622117614573625,2.1756437359065046,8.38252026579861,0.9946587046091238,NNE,sector,AU-008|AU-020|AU-052,210627000|246651000|215909000,True,0.6188999222691568,0.8659213116066976,0.7543664746039065
AUGUSTA,AU-064,255916020,JAGUAR,3,2026-04-12 08:42:09.000,2026-04-04 14:00:00,2026-04-04 13:59:13,186.7025,>72h,5.9,15.292305,37.208903,5.540226597237064,6.920362538968486,1.6643635278047464,5.942147196992709,0.22389776825989935,E,sector,AU-009|AU-054|AU-010,563205300|311000232|215909000,True,0.5070310243838144,0.6333384466603658,0.5438140349409442
AUGUSTA,AU-064,255916020,JAGUAR,3,2026-04-12 08:42:09.000,2026-04-04 14:15:00,2026-04-04 14:14:25,186.4525,>72h,5.8,15.288158,37.184457,5.184977259672906,6.1693317520550774,1.0739122971028143,5.675663414659287,0.38326896302756835,E,sector,AU-021|AU-038|AU-048,255801270|309518000|210515000,True,0.482700646055793,0.5743401124650962,0.528381564632763
AUGUSTA,AU-064,255916020,JAGUAR,3,2026-04-12 08:42:09.000,2026-04-07 13:00:00,2026-04-07 12:59:27,115.7025,>72h,0.0,15.235227,37.130812,7.329508072517194,7.64062945874853,7.322602914660323,10.654026306628186,5.736768596900224,SSE,sector,AU-055|AU-057|AU-021,247100900|255970000|255801270,True,3.9576177497393052,4.1256098589354915,5.752713988460143
AUGUSTA,AU-064,255916020,JAGUAR,3,2026-04-12 08:42:09.000,2026-04-07 13:30:00,2026-04-07 13:30:00,115.2025,>72h,2.2,15.252372,37.145408,5.987686662087254,7.9827023578074545,5.589050185360004,8.122988166459933,3.582918800099538,SSE,sector,AU-055|AU-057|AU-021,247100900|255970000|255801270,True,1.469587340979593,1.9592338400273543,1.993664874941079
AUGUSTA,AU-064,255916020,JAGUAR,3,2026-04-12 08:42:09.000,2026-04-07 13:45:00,2026-04-07 13:44:16,114.9525,>72h,2.2,15.25865,37.152625,5.4496129805173625,8.400942848123428,4.682787678140737,7.36094307786664,2.6359901324736,SSE,sector,AU-055|AU-057|AU-021,247100900|255970000|255801270,True,1.3375252750140787,2.0618846574031577,1.8066324067020025
AUGUSTA,AU-064,255916020,JAGUAR,3,2026-04-12 08:42:09.000,2026-04-07 14:00:00,2026-04-07 13:59:33,114.7025,>72h,2.2,15.265178,37.160423,5.005647294391335,7.7245182106282675,3.689817815482546,6.435497192143554,1.6286837320163867,SSE,sector,AU-055|AU-057|AU-021,247100900|255970000|255801270,True,1.22856059650288,1.8958664369301654,1.5794956784173262
AUGUSTA,AU-064,255916020,JAGUAR,3,2026-04-12 08:42:09.000,2026-04-07 14:15:00,2026-04-07 14:14:50,114.4525,>72h,2.2,15.272057,37.167718,4.813036539525725,7.13859042637851,2.742030980445175,5.542366323301659,0.9844952850727138,SSE,sector,AU-055|AU-057|AU-021,247100900|255970000|255801270,True,1.1812871930899578,1.7520593035486227,1.3602901834139156
AUGUSTA,AU-064,255916020,JAGUAR,3,2026-04-12 08:42:09.000,2026-04-08 02:00:00,2026-04-08 01:59:33,102.7025,>72h,3.8,15.265952,37.510143,34.988512278952086,52.51888290917049,13.253020426892592,47.00170629883924,9.878550591405881,NNE,sector,AU-046|AU-008|AU-004,219031822|210627000|247219700,True,4.971654012582711,7.462612667552929,6.678655550022627
AUGUSTA,AU-064,255916020,JAGUAR,3,2026-04-12 08:42:09.000,2026-04-08 02:15:00,2026-04-08 02:14:49,102.4525,>72h,3.8,15.257868,37.496873,33.46172172525082,51.35943733960627,13.677742767495895,45.80659645291115,10.25104918658109,NNE,sector,AU-046|AU-008|AU-004,219031822|210627000|247219700,True,4.754706394971413,7.297862529783771,6.508837736289523
AUGUSTA,AU-064,255916020,JAGUAR,3,2026-04-12 08:42:09.000,2026-04-08 02:30:00,2026-04-08 02:29:02,102.2025,>72h,3.3,15.2449,37.490158,32.65575308981991,51.396515196817724,14.66483347691687,45.82782259259269,11.207979361623671,NNE,sector,AU-046|AU-008|AU-004,219031822|210627000|247219700,True,5.343241228126826,8.409666077102187,7.498498362555254
AUGUSTA,AU-064,255916020,JAGUAR,3,2026-04-12 08:42:09.000,2026-04-11 20:15:00,2026-04-11 20:14:39,12.4525,12-24h,3.05,15.236915,37.459012,29.175201230899148,47.10090607433277,14.701570878961707,42.62242278090722,11.164860458771836,NNE,sector,AU-046|AU-008|AU-004,219031822|210627000|247219700,True,5.165032261250424,8.338509732381967,7.545661364038384
AUGUSTA,AU-064,255916020,JAGUAR,3,2026-04-12 08:42:09.000,2026-04-11 20:30:00,2026-04-11 20:29:57,12.2025,12-24h,3.3,15.250037,37.449443,28.154384811640945,44.964346713196996,13.316606505011174,40.4446318742625,9.816857770306884,NNE,sector,AU-046|AU-008|AU-004,219031822|210627000|247219700,True,4.606712613986672,7.357213612343248,6.617683073869772
AUGUSTA,AU-064,255916020,JAGUAR,3,2026-04-12 08:42:09.000,2026-04-11 20:45:00,2026-04-11 20:44:15,11.9525,6-12h,3.4,15.26229,37.439255,27.110223839632237,42.800450951809154,11.989697067553868,38.250262060615704,8.53078945073705,NNE,sector,AU-046|AU-008|AU-004,219031822|210627000|247219700,True,4.305397001593228,6.797174906588927,6.074555656939351
AUGUSTA,AU-064,255916020,JAGUAR,3,2026-04-12 08:42:09.000,2026-04-11 21:00:00,2026-04-11 20:59:33,11.7025,6-12h,3.5,15.274575,37.42746,25.942126351602266,40.417911321976376,10.616852428248148,35.84729547395787,7.20687490362696,NNE,sector,AU-046|AU-008|AU-004,219031822|210627000|247219700,True,4.0021793199016145,6.235407485648932,5.530283164757463
AUGUSTA,AU-064,255916020,JAGUAR,3,2026-04-12 08:42:09.000,2026-04-11 21:15:00,2026-04-11 21:14:51,11.4525,6-12h,3.5,15.286525,37.415858,24.85124782320426,38.08300441358122,9.277987038177441,33.49334290663186,5.916255060697551,NNE,sector,AU-046|AU-008|AU-004,219031822|210627000|247219700,True,3.833885810429537,5.875193522613579,5.167130963688963
AUGUSTA,AU-064,255916020,JAGUAR,3,2026-04-12 08:42:09.000,2026-04-11 21:30:00,2026-04-11 21:29:09,11.2025,6-12h,3.45,15.298302,37.405765,23.986126163305027,35.962634215706046,7.994542046851999,31.385851279485294,4.676611238931109,NNE,sector,AU-046|AU-008|AU-004,219031822|210627000|247219700,True,3.754049858093878,5.628483772452193,4.912175052350032
AUGUSTA,AU-064,255916020,JAGUAR,3,2026-04-12 08:42:09.000,2026-04-11 21:45:00,2026-04-11 21:44:29,10.9525,6-12h,3.4,15.310455,37.39503,23.131909276881533,33.731472452647026,6.661527955933527,29.1261618716657,3.3887035331975084,NNE,sector,AU-046|AU-008|AU-004,219031822|210627000|247219700,True,3.6735975855802208,5.356922953348849,4.625549782693701
AUGUSTA,AU-064,255916020,JAGUAR,3,2026-04-12 08:42:09.000,2026-04-11 22:00:00,2026-04-11 21:59:47,10.7025,6-12h,3.3,15.322597,37.38411,22.34117599637154,31.476087848063095,5.3244878014453025,26.843685056890187,2.0964640324451023,NNE,sector,AU-046|AU-008|AU-004,219031822|210627000|247219700,True,3.6555363564977323,5.150220539312634,4.392251629178969
AUGUSTA,AU-064,255916020,JAGUAR,3,2026-04-12 08:42:09.000,2026-04-11 22:15:00,2026-04-11 22:14:05,10.4525,6-12h,3.25,15.334122,37.374912,21.794299549915355,29.492603246555337,4.08675314726121,24.82603597232386,1.2464353770216505,NNE,sector,AU-008|AU-046|AU-004,210627000|219031822|247219700,True,3.6209170210857873,4.89991746910705,4.124611392643938
AUGUSTA,AU-064,255916020,JAGUAR,3,2026-04-12 08:42:09.000,2026-04-11 22:30:00,2026-04-11 22:29:23,10.2025,6-12h,3.2,15.346683,37.364795,21.285153530441058,27.318397203492786,2.7352795333411195,25.57908867506415,1.3979556650208025,NNE,sector,AU-008|AU-004|AU-052,210627000|247219700|215909000,True,3.591582331675394,4.609610759228668,4.316125923843168
AUGUSTA,AU-064,255916020,JAGUAR,3,2026-04-12 08:42:09.000,2026-04-11 22:45:00,2026-04-11 22:44:40,9.9525,6-12h,3.4,15.358445,37.353688,20.752968367433425,25.06233639534902,1.4258745882355026,24.235117192413497,0.5165692172743329,NNE,sector,AU-004|AU-052|AU-010,247219700|215909000|215909000,True,3.2957960182050288,3.980170307989617,3.8487989442913064
AUGUSTA,AU-064,255916020,JAGUAR,3,2026-04-12 08:42:09.000,2026-04-11 23:00:00,2026-04-11 22:59:57,9.7025,6-12h,3.4,15.370165,37.342405,20.31777483332905,22.785266510590475,0.11534984158638421,23.888744706734183,0.2508463115495362,NNE,sector,AU-034|AU-022|AU-001,247131100|247415600|256210000,True,3.2266825742169116,3.6185469620427,3.7937912442405954
AUGUSTA,AU-064,255916020,JAGUAR,3,2026-04-12 08:42:09.000,2026-04-11 23:15:00,2026-04-11 23:14:13,9.4525,6-12h,3.4,15.381722,37.332345,20.09835217814925,22.98414800624492,1.149408574704229,25.440377241388546,0.9617545289263182,NNE,sector,AU-045|AU-007|AU-034,247243700|247355500|247131100,True,3.191835881423778,3.6501314963544846,4.040207286461146
AUGUSTA,AU-064,255916020,JAGUAR,3,2026-04-12 08:42:09.000,2026-04-12 00:00:00,2026-04-11 23:59:03,8.7025,6-12h,3.2,15.40894,37.298667,19.36113359763148,23.193204406778488,4.40146679594432,21.8394418347942,1.7113354217962244,NNE,sector,AU-013|AU-009|AU-007,538002883|563205300|247355500,True,3.2669299402050953,3.913540160431035,3.6851110007414616
AUGUSTA,AU-064,255916020,JAGUAR,3,2026-04-12 08:42:09.000,2026-04-12 00:15:00,2026-04-12 00:14:20,8.4525,6-12h,3.2,15.4112,37.284708,18.665961145300077,22.309897571194778,4.974503936374071,21.42409099531862,1.5660516679716168,NNE,sector,AU-009|AU-002|AU-054,563205300|229456000|311000232,True,3.1496289729515516,3.7644940556146693,3.6150261533677472
AUGUSTA,AU-064,255916020,JAGUAR,3,2026-04-12 08:42:09.000,2026-04-12 00:30:00,2026-04-12 00:29:36,8.2025,6-12h,3.25,15.41334,37.27081,18.0735532669063,25.502058381920904,9.091551329764124,19.472578851936856,0.8377253591555555,E,sector,AU-002|AU-054|AU-009,229456000|311000232|563205300,True,3.0027501689493765,4.2369261309056165,3.235185055978876
AUGUSTA,AU-064,255916020,JAGUAR,3,2026-04-12 08:42:09.000,2026-04-12 00:45:00,2026-04-12 00:44:52,7.9525,6-12h,3.3,15.41542,37.256668,17.5842040420727,24.059250621107907,7.5140175365346575,18.76009082933737,1.2043541715663737,E,sector,AU-054|AU-002|AU-009,311000232|229456000|563205300,True,2.877185032082057,3.9366533511859263,3.069587477802436
AUGUSTA,AU-064,255916020,JAGUAR,3,2026-04-12 08:42:09.000,2026-04-12 01:00:00,2026-04-12 00:59:07,7.7025,6-12h,3.3,15.417018,37.243122,17.205993988264215,22.643435028423916,6.004064916425192,19.361993074343093,2.182972403845483,E,sector,AU-054|AU-002|AU-032,311000232|229456000|271051219,True,2.8153010649034975,3.704992968850042,3.168072693622471
AUGUSTA,AU-064,255916020,JAGUAR,3,2026-04-12 08:42:09.000,2026-04-12 01:15:00,2026-04-12 01:14:21,7.4525,6-12h,3.3,15.418738,37.229288,16.95856798102347,21.20506581659563,4.461764345450919,18.98343114638202,1.7369515781000482,E,sector,AU-003|AU-030|AU-032,247381300|247381300|271051219,True,2.7748164115818232,3.4696422895143058,3.1061311516431083
AUGUSTA,AU-064,255916020,JAGUAR,3,2026-04-12 08:42:09.000,2026-04-12 03:15:00,2026-04-12 03:14:23,5.4525,<6h,2.6500000000000004,15.410975,37.131115,17.48110644851245,22.140579577941285,6.427590517274299,18.626297259603398,0.3880579441920933,E,sector,AU-039|AU-017|AU-021,538002630|229370000|255801270,True,3.5619027769086853,4.511304368136697,3.795243746608133
AUGUSTA,AU-064,255916020,JAGUAR,3,2026-04-12 08:42:09.000,2026-04-12 03:30:00,2026-04-12 03:29:40,5.2025,<6h,1.9,15.401007,37.134412,16.52514138444993,21.003911793634327,6.034754655448219,17.593749631560406,0.4784603028766345,E,sector,AU-039|AU-017|AU-021,538002630|229370000|255801270,True,4.696243430842882,5.969055301135138,4.999928848346142
AUGUSTA,AU-064,255916020,JAGUAR,3,2026-04-12 08:42:09.000,2026-04-12 03:45:00,2026-04-12 03:44:57,4.9525,<6h,1.9,15.39155,37.13799,15.597256133293303,20.31180819671591,5.67962977375722,16.598814399813097,0.4323721887593193,E,sector,AU-032|AU-021|AU-039,271051219|255801270|538002630,True,4.4325497707438055,5.772367908581309,4.717180402356798
AUGUSTA,AU-064,255916020,JAGUAR,3,2026-04-12 08:42:09.000,2026-04-12 04:00:00,2026-04-12 03:59:14,4.7025,<6h,1.9,15.383003,37.141712,14.736056687376683,19.170935110980174,5.325532309911074,15.742702763513348,0.4429484198002431,E,sector,AU-032|AU-021|AU-039,271051219|255801270|538002630,True,4.187807402346449,5.448145706201027,4.473883927336975
AUGUSTA,AU-064,255916020,JAGUAR,3,2026-04-12 08:42:09.000,2026-04-12 04:15:00,2026-04-12 04:14:32,4.4525,<6h,1.9,15.373627,37.145507,13.804860780612774,17.953810517271055,4.969019079746604,15.098828661093325,0.567896571573124,E,sector,AU-021|AU-032|AU-039,255801270|271051219|538002630,True,3.92317289434261,5.102253756187069,4.290902768299797
AUGUSTA,AU-064,255916020,JAGUAR,3,2026-04-12 08:42:09.000,2026-04-12 04:30:00,2026-04-12 04:29:51,4.2025,<6h,2.0,15.36347,37.148943,12.82720848578435,16.715951002384934,4.657653852188808,14.143883431386298,0.6812057900751157,E,sector,AU-021|AU-032|AU-048,255801270|271051219|210515000,True,3.463069245622125,4.512945734985133,3.818543043030858
AUGUSTA,AU-064,255916020,JAGUAR,3,2026-04-12 08:42:09.000,2026-04-12 04:45:00,2026-04-12 04:44:09,3.9525,<6h,2.1,15.353148,37.151948,11.856392948975008,15.516137472960573,4.395200202733295,12.841574617652071,0.5814921163207042,E,sector,AU-021|AU-048|AU-032,255801270|210515000|271051219,True,3.0485428748778687,3.98954475803779,3.301855038993127
AUGUSTA,AU-064,255916020,JAGUAR,3,2026-04-12 08:42:09.000,2026-04-12 05:00:00,2026-04-12 04:59:29,3.7025,<6h,2.2,15.342493,37.155482,10.83444892102653,14.226003476161909,4.0763808914213655,11.457025097406307,0.5196999107536534,E,sector,AU-048|AU-021|AU-038,210515000|255801270|309518000,True,2.6591520030008167,3.4915578922447246,2.811953931230686
AUGUSTA,AU-064,255916020,JAGUAR,3,2026-04-12 08:42:09.000,2026-04-12 05:15:00,2026-04-12 05:14:48,3.4525,<6h,1.85,15.346328,37.159792,10.954795249190884,14.023535382483608,3.5723017440793474,11.865507237466241,0.6588590623512847,E,sector,AU-021|AU-048|AU-038,255801270|210515000|309518000,True,3.197360121764895,4.093028831499506,3.4631683023367694
AUGUSTA,AU-064,255916020,JAGUAR,3,2026-04-12 08:42:09.000,2026-04-12 06:30:00,2026-04-12 06:29:29,2.2025,<6h,1.8,15.35202,37.141233,12.31735955237985,16.704257442338736,5.590813798383081,13.868114353322422,1.0346032740560858,E,sector,AU-048|AU-021|AU-057,210515000|255801270|255970000,True,3.6949122727321364,5.010876362592613,4.160101497876896
AUGUSTA,AU-064,255916020,JAGUAR,3,2026-04-12 08:42:09.000,2026-04-12 06:45:00,2026-04-12 06:44:49,1.9525,<6h,2.3,15.351988,37.155822,11.587403946238917,14.95885719032015,3.9736638596809786,12.63467424767568,0.6720529987377066,E,sector,AU-021|AU-048|AU-032,255801270|210515000|271051219,True,2.720303302244088,3.5117985703634496,2.966164486730134
AUGUSTA,AU-064,255916020,JAGUAR,3,2026-04-12 08:42:09.000,2026-04-12 07:00:00,2026-04-12 06:59:09,1.7025,<6h,3.6,15.34855,37.169698,10.780177529843485,13.021176157117523,2.458883737466681,11.263480048855376,0.16246995838739495,E,sector,AU-032|AU-039|AU-038,271051219|538002630|309518000,True,1.6168972776943071,1.9530201819530721,1.6893868563797958
AUGUSTA,AU-064,255916020,JAGUAR,3,2026-04-12 08:42:09.000,2026-04-12 07:15:00,2026-04-12 07:14:31,1.4525,<6h,4.05,15.335005,37.183928,9.262818569647344,10.108235143976712,0.9250032385444095,9.53052463045974,0.15665491591978875,E,sector,AU-017|AU-034|AU-036,229370000|247131100|256891000,True,1.2349436804585425,1.3476568733136967,1.270634966597304
AUGUSTA,AU-064,255916020,JAGUAR,3,2026-04-12 08:42:09.000,2026-04-12 07:30:00,2026-04-12 07:29:52,1.2025,<6h,4.05,15.326995,37.191482,8.463570476582225,8.557155478616762,0.09477527516378857,8.486549357546037,0.04164566408592361,E,sector,AU-040|AU-051|AU-056,247381300|249689000|256251000,True,1.1283857926808822,1.140862794791985,1.1314493983876006
AUGUSTA,AU-064,255916020,JAGUAR,3,2026-04-12 08:42:09.000,2026-04-12 07:45:00,2026-04-12 07:44:13,0.9525,<6h,2.5,15.311787,37.191938,7.116261817319884,7.205474860667267,0.08608146687486344,7.184673573673654,0.03784797440245078,E,sector,AU-014|AU-033|AU-051,247408700|215054000|249689000,True,1.536989593373625,1.556258069258589,1.5517653506854543
AUGUSTA,AU-064,255916020,JAGUAR,3,2026-04-12 08:42:09.000,2026-04-12 08:00:00,2026-04-12 07:59:36,0.7025,<6h,3.7,15.29186,37.19432,5.338035741149434,5.38386729003389,0.044472012804792224,5.375012482530273,0.0253439086577682,E,sector,AU-017|AU-034|AU-051,229370000|247131100|249689000,True,0.7790023555468789,0.785690749231494,0.7843985293517998
AUGUSTA,AU-064,255916020,JAGUAR,3,2026-04-12 08:42:09.000,2026-04-12 08:15:00,2026-04-12 08:14:59,0.4525,<6h,3.9,15.270147,37.19565,3.4102588165541303,3.4374561384110724,0.027389439289988146,3.4201647600157616,0.0030404200866058196,E,sector,AU-047|AU-030|AU-032,314001155|247381300|271051219,True,0.4721519101392992,0.47591739192710203,0.47352339259231346
AUGUSTA,AU-064,255916020,JAGUAR,3,2026-04-12 08:42:09.000,2026-04-12 08:30:00,2026-04-12 08:29:20,0.2025,<6h,4.1,15.249195,37.196383,1.5528799769109145,1.6022101028306792,0.04900869377395948,1.557631949884419,0.004520872399294666,E,sector,AU-039|AU-056|AU-034,538002630|256251000|247131100,True,0.2045092947520037,0.2110059135582731,0.20513511429758455
AUGUSTA,AU-065,248333000,SILENDI,3,2026-04-12 18:51:12.500,2026-04-06 21:00:00,2026-04-06 20:59:54,141.85347222222222,>72h,10.55,16.272708,36.829113,101.06494383307826,131.64610455697405,33.55478765015133,125.28875204843254,27.523073771849635,E,sector,AU-044|AU-033|AU-021,605076190|215054000|255801270,True,5.172578579482575,6.737745005116745,6.412371001424488
AUGUSTA,AU-065,248333000,SILENDI,3,2026-04-12 18:51:12.500,2026-04-06 21:15:00,2026-04-06 21:14:05,141.60347222222222,>72h,10.4,16.239607,36.797665,99.90402305424524,133.22714576083052,37.473741933470976,125.31637985913734,28.427364322708556,E,sector,AU-044|AU-033|AU-021,605076190|215054000|255801270,True,5.186909321224728,6.917009976783442,6.506291527825289
AUGUSTA,AU-065,248333000,SILENDI,3,2026-04-12 18:51:12.500,2026-04-06 21:30:00,2026-04-06 21:29:17,141.35347222222222,>72h,10.5,16.19885,36.769342,98.17359892483196,133.8482825781192,41.15757944912196,125.85671187644846,29.322017447713204,E,sector,AU-044|AU-033|AU-021,605076190|215054000|255801270,True,5.048524062780621,6.883075315135206,6.472113127452867
AUGUSTA,AU-065,248333000,SILENDI,3,2026-04-12 18:51:12.500,2026-04-06 21:45:00,2026-04-06 21:44:29,141.10347222222222,>72h,10.5,16.15529,36.738982,96.55639387152875,144.1348818103426,58.13113365070401,126.08205077129915,30.274959243364936,SSE,sector,AU-044|AU-021|AU-033,605076190|255801270|215054000,True,4.965360170293569,7.412058099883914,6.483701057867897
AUGUSTA,AU-065,248333000,SILENDI,3,2026-04-12 18:51:12.500,2026-04-06 22:15:00,2026-04-06 22:14:54,140.60347222222222,>72h,10.6,16.072992,36.680145,94.28534962195964,138.73431651877087,49.05291393823054,127.25446467939126,32.09780352417955,SSE,sector,AU-021|AU-044|AU-033,255801270|605076190|215054000,True,4.802831697601758,7.067031894065104,6.482256035259753
AUGUSTA,AU-065,248333000,SILENDI,3,2026-04-12 18:51:12.500,2026-04-12 16:30:00,2026-04-12 16:29:43,2.3534722222222224,<6h,10.2,15.541597,37.153808,27.870061423929368,31.36271851329903,3.718340867670535,28.886905012421195,1.0825815982993992,E,sector,AU-033|AU-036|AU-056,215054000|256891000|256251000,True,1.4753558116254484,1.6602463956982927,1.5291844011996143
AUGUSTA,AU-065,248333000,SILENDI,3,2026-04-12 18:51:12.500,2026-04-12 16:45:00,2026-04-12 16:44:57,2.1034722222222224,<6h,10.3,15.508458,37.1823,24.570858988766037,25.254867615064253,0.6721371677281015,25.192925772359843,0.4845144424051096,E,sector,AU-043|AU-051|AU-040,247408700|249689000|247381300,True,1.2880779104597513,1.3239356882648121,1.320688511625314
AUGUSTA,AU-065,248333000,SILENDI,3,2026-04-12 18:51:12.500,2026-04-12 17:00:00,2026-04-12 16:59:10,1.8534722222222224,<6h,10.8,15.454775,37.1854,19.80276208081068,20.29657362283328,0.5162632946786505,20.389889626299865,0.5451104878334637,E,sector,AU-051|AU-040|AU-043,249689000|247381300|247408700,True,0.9900588993285877,1.0147475013415566,1.0194129282807307
AUGUSTA,AU-065,248333000,SILENDI,3,2026-04-12 18:51:12.500,2026-04-12 17:15:00,2026-04-12 17:14:23,1.6034722222222222,<6h,10.9,15.397353,37.186693,14.71833024197675,14.966492757758356,0.240566322577654,14.944607779150967,0.22765498604031997,E,sector,AU-040|AU-051|AU-056,247381300|249689000|256251000,True,0.7291066559324285,0.7413999622405907,0.7403158390210912
AUGUSTA,AU-065,248333000,SILENDI,3,2026-04-12 18:51:12.500,2026-04-12 17:30:00,2026-04-12 17:29:36,1.3534722222222222,<6h,10.9,15.33959,37.186487,9.626637501477806,10.220382483863485,0.6349509193179689,9.831994840375792,0.15838559408412914,E,sector,AU-036|AU-033|AU-047,256891000|215054000|314001155,True,0.4768778360848577,0.5062903721175959,0.4870506885873834
AUGUSTA,AU-065,248333000,SILENDI,3,2026-04-12 18:51:12.500,2026-04-12 17:45:00,2026-04-12 17:44:48,1.1034722222222222,<6h,10.4,15.2951,37.191722,5.645572923788759,5.869281418769145,0.2218696243135607,5.767073641897798,0.0989080077981332,E,sector,AU-036|AU-043|AU-032,256891000|247408700|271051219,True,0.2931120682312655,0.3047267724481405,0.299420254708932
AUGUSTA,AU-065,248333000,SILENDI,3,2026-04-12 18:51:12.500,2026-04-12 18:00:00,2026-04-12 17:59:00,0.8534722222222222,<6h,5.55,15.278213,37.193638,4.136614707048414,4.274245561130487,0.13288770803375669,4.160282975328468,0.030758779755280755,E,sector,AU-034|AU-044|AU-004,247131100|605076190|247219700,True,0.40244923501726054,0.41583927394105097,0.4047519093386714
AUGUSTA,AU-065,248333000,SILENDI,3,2026-04-12 18:51:12.500,2026-04-12 18:15:00,2026-04-12 18:14:13,0.6034722222222222,<6h,1.55,15.27239,37.19639,3.607171147612621,3.7275280179450627,0.12676176061941988,3.6767499470396787,0.0614666108612509,E,sector,AU-033|AU-056|AU-005,215054000|256251000|636021733,True,1.2565913563758868,1.2985187828137195,1.280829773231965
AUGUSTA,AU-065,248333000,SILENDI,3,2026-04-12 18:51:12.500,2026-04-12 18:30:00,2026-04-12 18:29:25,0.3534722222222222,<6h,1.2,15.266892,37.19915,3.132197281203801,3.4785918212776954,0.38981917134542926,3.251890139712771,0.1091555919874911,E,sector,AU-022|AU-008|AU-010,247415600|210627000|215909000,True,1.4093760264595936,1.56524110028694,1.4632335041904119
AUGUSTA,AU-065,248333000,SILENDI,3,2026-04-12 18:51:12.500,2026-04-12 18:45:00,2026-04-12 18:44:37,0.1034722222222222,<6h,1.3,15.247305,37.201517,1.4864057241211608,1.9813149132462415,0.6141027865933265,1.7238025529894254,0.30885059877635923,E,sector,AU-013|AU-020|AU-046,538002883|246651000|219031822,True,0.6173806795651938,0.8229418978427652,0.7159837817699889
AUGUSTA,AU-066,210515000,SOLVIK,3,2026-04-13 05:25:39.500,2026-04-12 23:45:00,2026-04-12 23:44:27,5.677638888888889,<6h,5.6,15.381998,36.815547,44.43132336074875,58.13211979662258,3.399290214958988,53.9467687412754,3.250963231360721,SSE,sector,AU-057|AU-048|AU-032,255970000|210515000|271051219,False,4.284106309853127,5.605148854194557,5.201593715411466
AUGUSTA,AU-066,210515000,SOLVIK,3,2026-04-13 05:25:39.500,2026-04-13 00:00:00,2026-04-12 23:59:39,5.427638888888889,<6h,5.4,15.400812,36.832538,43.18473776239467,54.71204348273248,1.190226504309517,51.66652718403458,2.881341894444964,SSE,sector,AU-048|AU-057|AU-032,210515000|255970000|271051219,False,4.3181283259733885,5.470766686938292,5.1662394192499175
AUGUSTA,AU-066,210515000,SOLVIK,3,2026-04-13 05:25:39.500,2026-04-13 00:15:00,2026-04-13 00:14:51,5.177638888888889,<6h,5.4,15.420872,36.850192,42.02872183345844,53.42662779998332,1.1476792092427586,50.04308158809496,2.784815623240089,SSE,sector,AU-032|AU-048|AU-057,271051219|210515000|255970000,False,4.202535980467406,5.3422354011662385,5.003907846181801
AUGUSTA,AU-066,210515000,SOLVIK,3,2026-04-13 05:25:39.500,2026-04-13 03:15:00,2026-04-13 03:14:09,2.1776388888888887,<6h,6.2,15.420245,37.070332,21.83580515300534,26.83071670489506,2.4835784418458586,27.708326881149773,1.1269454894154687,SSE,sector,AU-048|AU-032|AU-039,210515000|271051219|538002630,False,1.9016760566610933,2.336681939742132,2.4131128406212787
AUGUSTA,AU-066,210515000,SOLVIK,3,2026-04-13 05:25:39.500,2026-04-13 03:30:00,2026-04-13 03:29:20,1.927638888888889,<6h,6.2,15.400217,37.091168,18.99491693913053,24.76853305132349,3.2397310803998978,21.147675369240467,0.9364263852996078,SSE,sector,AU-048|AU-032|AU-057,210515000|271051219|255970000,False,1.6542636503806285,2.157086763335495,1.8417469665958741
AUGUSTA,AU-066,210515000,SOLVIK,3,2026-04-13 05:25:39.500,2026-04-13 03:45:00,2026-04-13 03:44:31,1.677638888888889,<6h,6.2,15.379685,37.111565,16.174903037069583,20.073274721205618,2.8963654680083217,17.75650958034251,1.2028381834847264,SSE,sector,AU-048|AU-032|AU-057,210515000|271051219|255970000,False,1.4086691838874783,1.748177621508188,1.5464109925052696
AUGUSTA,AU-066,210515000,SOLVIK,3,2026-04-13 05:25:39.500,2026-04-13 04:00:00,2026-04-13 03:59:41,1.427638888888889,<6h,6.2,15.35931,37.133192,13.332180739269988,16.225333942263422,2.214666655991285,14.768298972104288,1.1893986822219749,SSE,sector,AU-048|AU-021|AU-057,210515000|255801270|255970000,False,1.1610970475919657,1.4130612016880986,1.2861683073315933
AUGUSTA,AU-066,210515000,SOLVIK,3,2026-04-13 05:25:39.500,2026-04-13 04:15:00,2026-04-13 04:14:53,1.177638888888889,<6h,6.4,15.339308,37.155645,10.571540516541257,13.6716108229544,4.064451716838754,11.321507847949546,0.6052900789656589,E,sector,AU-048|AU-021|AU-038,210515000|255801270|309518000,False,0.8919023788928571,1.1534498871958017,0.9551758106058944
AUGUSTA,AU-066,210515000,SOLVIK,3,2026-04-13 05:25:39.500,2026-04-13 04:30:00,2026-04-13 04:29:03,0.9276388888888888,<6h,6.25,15.321355,37.17496,8.303742122870446,9.926460351644703,1.9385730804127714,8.54597713470587,0.3563439014587379,E,sector,AU-048|AU-038|AU-021,210515000|309518000|255801270,False,0.7173859285417231,0.8575775681766481,0.7383133593698377
AUGUSTA,AU-066,210515000,SOLVIK,3,2026-04-13 05:25:39.500,2026-04-13 04:45:00,2026-04-13 04:44:15,0.6776388888888889,<6h,6.1,15.294403,37.18859,5.629214687383481,6.186010302883265,0.573805592773409,5.909526441308763,0.2052185564343513,E,sector,AU-048|AU-036|AU-038,210515000|256891000|309518000,False,0.49828406042058926,0.5475702211949213,0.5230965585551078
AUGUSTA,AU-066,210515000,SOLVIK,3,2026-04-13 05:25:39.500,2026-04-13 05:00:00,2026-04-13 04:59:49,0.4276388888888889,<6h,6.5,15.261888,37.19625,2.6772362795266664,2.7339700844113812,0.0551392951083017,2.7002775473218046,0.016977820387144408,E,sector,AU-017|AU-054|AU-005,229370000|311000232|636021733,False,0.22239876055214042,0.227111653464976,0.2243128050607912
AUGUSTA,AU-066,210515000,SOLVIK,3,2026-04-13 05:25:39.500,2026-04-13 05:15:00,2026-04-13 05:14:00,0.1776388888888889,<6h,3.2,15.25683,37.198013,2.2338223116290945,2.4760101660588907,0.2469940990559935,2.2993317891653287,0.08375951923997056,E,sector,AU-014|AU-010|AU-032,247408700|215909000|271051219,False,0.3769273608985378,0.41779329205907306,0.38798120092557514
AUGUSTA,AU-067,636021231,MSC LILA F,3,2026-04-13 06:55:50.000,2026-04-13 03:15:00,2026-04-13 03:14:09,3.6805555555555554,<6h,5.5,15.499118,36.997722,32.43494670851355,35.41026016328132,2.2367558106043752,36.753189178261145,1.9605783196659923,SSE,sector,AU-039|AU-038|AU-021,538002630|309518000|255801270,True,3.184267299088312,3.476365615872896,3.6082062809995232
AUGUSTA,AU-067,636021231,MSC LILA F,3,2026-04-13 06:55:50.000,2026-04-13 03:45:00,2026-04-13 03:44:31,3.180555555555556,<6h,5.5,15.466723,37.035643,27.4769394005071,29.63228562433774,0.14928814209994837,30.30851171587083,1.3130379277082052,SSE,sector,AU-039|AU-017|AU-048,538002630|229370000|210515000,True,2.6975200668080794,2.9091189499644354,2.975506746109447
AUGUSTA,AU-067,636021231,MSC LILA F,3,2026-04-13 06:55:50.000,2026-04-13 04:00:00,2026-04-13 03:59:41,2.930555555555556,<6h,5.7,15.447968,37.05456,24.84824298088897,27.78751920809154,0.88259905274087,28.52838052277367,1.2619062215169439,SSE,sector,AU-048|AU-039|AU-032,210515000|538002630|271051219,True,2.3538557634126187,2.6322912364150217,2.702472483306209
AUGUSTA,AU-067,636021231,MSC LILA F,3,2026-04-13 06:55:50.000,2026-04-13 04:15:00,2026-04-13 04:14:53,2.680555555555556,<6h,5.7,15.428522,37.073418,22.188672762433143,25.984552576078656,1.6749899982959422,26.838557760391552,0.8794909976531723,SSE,sector,AU-032|AU-048|AU-039,271051219|210515000|538002630,True,2.1019166346892066,2.4614975347730907,2.5423968171338287
AUGUSTA,AU-067,636021231,MSC LILA F,3,2026-04-13 06:55:50.000,2026-04-13 04:30:00,2026-04-13 04:29:03,2.430555555555556,<6h,5.7,15.409542,37.090088,19.72363080246701,24.476874087357245,2.5220236623242793,22.35144084203371,1.2763966045628903,SSE,sector,AU-048|AU-032|AU-039,210515000|271051219|538002630,True,1.868405024673848,2.318676261543447,2.117335535034075
AUGUSTA,AU-067,636021231,MSC LILA F,3,2026-04-13 06:55:50.000,2026-04-13 04:45:00,2026-04-13 04:44:15,2.180555555555556,<6h,5.8,15.388365,37.107433,17.06805895482141,20.77431848071181,2.71941228054495,18.985449484986155,1.1196177525402142,SSE,sector,AU-048|AU-032|AU-057,210515000|271051219|255970000,True,1.5889680266274493,1.9340059656579849,1.7674694165660751
AUGUSTA,AU-067,636021231,MSC LILA F,3,2026-04-13 06:55:50.000,2026-04-13 05:00:00,2026-04-13 04:59:49,1.930555555555556,<6h,5.7,15.367587,37.123628,14.527134413928774,18.105997997473715,2.6241983016501464,16.06579473823353,1.392540813954006,SSE,sector,AU-048|AU-057|AU-021,210515000|255970000|255801270,True,1.376144747634494,1.715167860016077,1.5219009073390104
AUGUSTA,AU-067,636021231,MSC LILA F,3,2026-04-13 06:55:50.000,2026-04-13 05:15:00,2026-04-13 05:14:00,1.6805555555555556,<6h,5.5,15.347107,37.13912,12.06552123322046,15.086617024274855,2.3361191510347457,13.824362246888334,1.1802585282966593,SSE,sector,AU-048|AU-057|AU-021,210515000|255970000|255801270,True,1.184520050384887,1.4811130006160271,1.3571924452079651
AUGUSTA,AU-067,636021231,MSC LILA F,3,2026-04-13 06:55:50.000,2026-04-13 05:30:00,2026-04-13 05:29:12,1.4305555555555556,<6h,5.6,15.330438,37.157597,9.769888870047074,12.67674184211889,3.8581181741199986,11.129893434840781,0.850992742411191,E,sector,AU-021|AU-048|AU-038,255801270|210515000|309518000,True,0.9420210650693338,1.22230232201856,1.0731538717641913
AUGUSTA,AU-067,636021231,MSC LILA F,3,2026-04-13 06:55:50.000,2026-04-13 05:45:00,2026-04-13 05:44:23,1.1805555555555556,<6h,5.3,15.324822,37.178317,8.50066145051499,9.85100572398444,1.5611438638186703,8.934382469942799,0.4681861914282175,E,sector,AU-038|AU-048|AU-039,309518000|210515000|538002630,True,0.866035846052711,1.0036070870842781,0.9102227545888991
AUGUSTA,AU-067,636021231,MSC LILA F,3,2026-04-13 06:55:50.000,2026-04-13 06:00:00,2026-04-13 05:59:35,0.9305555555555556,<6h,4.699999999999999,15.313453,37.189135,7.29276054155434,7.675820706322335,0.3857019386411757,7.34019796979995,0.04525612886968119,E,sector,AU-032|AU-036|AU-034,271051219|256891000|247131100,True,0.8378246107203646,0.8818322579755452,0.8432744324479517
AUGUSTA,AU-067,636021231,MSC LILA F,3,2026-04-13 06:55:50.000,2026-04-13 06:15:00,2026-04-13 06:14:47,0.6805555555555556,<6h,1.9,15.305323,37.192472,6.540877414487577,6.614194975316331,0.07019626000902683,6.585394757493568,0.03134395183303138,E,sector,AU-033|AU-047|AU-051,215054000|314001155|249689000,True,1.8588375055381314,1.8796734612130077,1.8714887909212141
AUGUSTA,AU-067,636021231,MSC LILA F,3,2026-04-13 06:55:50.000,2026-04-13 06:30:00,2026-04-13 06:29:59,0.4305555555555556,<6h,2.05,15.29219,37.194053,5.368765651256678,5.387867182275082,0.017079752682285752,5.389342158083822,0.011115877341082091,E,sector,AU-034|AU-051|AU-056,247131100|249689000|256251000,True,1.4140983119782642,1.4191295322854875,1.419518031418591
AUGUSTA,AU-067,636021231,MSC LILA F,3,2026-04-13 06:55:50.000,2026-04-13 06:45:00,2026-04-13 06:44:11,0.1805555555555555,<6h,4.0,15.26572,37.195478,3.019162295158308,3.0471454570032823,0.026013399912540654,3.052717197076954,0.03060092994637531,E,sector,AU-030|AU-009|AU-007,247381300|563205300|247355500,True,0.40755430550193145,0.4113317301570305,0.41208385489699706
