port,session_id,mmsi,name,m2_temporal_fold,ground_truth_time,decision_time,source_observation_time,true_tta_h,horizon_band,sog_median_30m_kn,lon_clean,lat_clean,geodesic_distance_km,prototype_route_km,prototype_cross_track_km,route_knn_distance_km,knn_mean_cross_track_km,route_family,prototype_kind,knn_neighbor_sessions,knn_neighbor_mmsi,cold_vessel_in_fold,pred_m2_geodesic_h,pred_m2_sector_prototype_h,pred_m2_route_knn_h,provider_observation_age_s,progress_to_gate_30m_kn,inbound_entrance,sog_current_kn,cog_clean,heading_clean,draught_clean,nav_status_name,motion_state,dynamic_state_age_s,stop_duration_s,stale_risk_level,turn_candidate,destination_clean,bearing_to_gate_deg,cog_to_gate_error_deg,destination_support_port,port_reference_distance_km,port_traffic_5km,port_traffic_15km,port_traffic_30km,port_stopped_5km,port_stopped_15km,port_slow_15km,port_moving_15km,port_stop_pressure_15km,route_match_confidence,pred_route_physics_h,broad_horizon_band,route_to_geodesic_ratio,log_dynamic_state_age_min,log_stop_duration_min,decision_hour_sin,decision_hour_cos,pred_m3_route_physics_h,pred_m3_geodesic_h,pred_m3_direct_ridge_h,pred_m3_residual_ridge_h,pred_m3_residual_huber_h,pred_m3_residual_lightgbm_h,pred_m3_residual_lightgbm_portstate_h,m3_temporal_fold
CATANIA,CT-029,253000169,BRITOIL CONFIDENCE,2,2026-04-09 06:15:00.500,2026-04-09 01:45:00,2026-04-09 01:44:55,4.5001388888888885,<6h,9.5,15.462802,37.07462,55.9943271309241,62.45616022814621,6.250242787729982,62.52150332956902,5.718426503735572,SSE,sector,CT-010|CT-023|CT-017,247453600|249281000|247383400,True,3.1825808304492496,3.549855645569296,3.5535695879032065,5.0,9.360902273101004,,9.4,336.4,337.0,4.5,UNDERWAY_ENGINE,MOVING,0.0,0.0,LOW,0,CATANIA,324.8560646234855,11.543935376514469,1,55.9943271309241,7.0,7.0,14.0,7.0,7.0,7.0,0.0,1.0,0.14884437590319416,3.5535695879032065,<6h,1.1165685263684533,0.0,0.0,0.44228869021900125,0.8968727415326884,3.5535695879032065,3.1825808304492496,7.509866209396004,7.338746896498777,3.6632639821794912,4.098111296205544,4.114825477802406,1
CATANIA,CT-029,253000169,BRITOIL CONFIDENCE,2,2026-04-09 06:15:00.500,2026-04-09 02:00:00,2026-04-09 01:59:08,4.2501388888888885,<6h,9.5,15.444362,37.108503,51.97875327703364,57.95118916047301,5.827350966068157,57.86437223554201,5.093333651406609,SSE,sector,CT-017|CT-010|CT-023,247383400|247453600|249281000,True,2.9543454175874526,3.293804090057577,3.288869628028987,52.0,10.101788275426667,,9.3,336.7,337.0,4.5,UNDERWAY_ENGINE,MOVING,0.0,0.0,LOW,0,CATANIA,323.92811742314905,12.771882576850942,1,51.97875327703364,7.0,7.0,14.0,7.0,7.0,7.0,0.0,1.0,0.16411377699121335,3.288869628028987,<6h,1.1132312452193591,0.0,0.0,0.49999999999999994,0.8660254037844387,3.288869628028987,2.9543454175874526,10.409634052960957,10.349483931378604,3.3718401111098095,3.8334113363313245,3.8698029684874924,1
CATANIA,CT-029,253000169,BRITOIL CONFIDENCE,2,2026-04-09 06:15:00.500,2026-04-09 02:15:00,2026-04-09 02:14:20,4.0001388888888885,<6h,9.3,15.424947,37.14468,47.72392427336891,53.17146611107776,5.398846291700574,52.52303711970158,4.458972847936307,SSE,sector,CT-017|CT-010|CT-012,247383400|247453600|247319800,True,2.7708449031194933,3.0871284813324595,3.04948077752047,40.0,9.108428920636657,,9.5,334.9,335.0,4.5,UNDERWAY_ENGINE,MOVING,0.0,0.0,LOW,0,CATANIA,322.74249421575587,12.157505784244108,1,47.72392427336891,7.0,7.0,15.0,7.0,7.0,7.0,0.0,1.0,0.18318464441127177,3.04948077752047,<6h,1.1005598956792135,0.0,0.0,0.5555702330196022,0.8314696123025452,3.04948077752047,2.7708449031194933,9.610507886294501,9.510822303421218,3.199256079180551,3.300048346640027,3.3665749402502008,1
CATANIA,CT-029,253000169,BRITOIL CONFIDENCE,2,2026-04-09 06:15:00.500,2026-04-09 06:15:00,2026-04-09 06:14:30,0.0001388888888888,<6h,1.85,15.097815,37.484238,0.1795573847879562,0.1977238618107906,0.0191996390600443,0.1827491781781073,0.0034984757814235,SSE,sector,CT-011|CT-017|CT-014,247296500|247383400|205481000,True,0.0524071521767427,0.0577093753460949,0.0533387362611953,30.0,2.442576657925448,,6.2,345.3,346.0,4.5,UNDERWAY_ENGINE,MOVING,0.0,0.0,LOW,0,CATANIA,351.09540383155075,5.795403831550743,1,0.1795573847879562,9.0,11.0,18.0,8.0,9.0,9.0,2.0,0.8181818181818182,0.9965137208816393,0.05333873626119528,<6h,1.0177758959561611,0.0,0.0,0.9978589232386035,-0.06540312923014314,0.05333873626119528,0.05240715217674279,0.0,0.0,0.0,0.0,0.0,1
CATANIA,CT-031,247415100,URBANO MONTI,2,2026-04-09 06:51:32.500,2026-04-09 06:45:00,2026-04-09 06:44:57,0.1090277777777777,<6h,4.199999999999999,15.099613,37.479823,0.6938391858615238,0.7709237355322577,0.1140781579109623,0.7411464364831575,0.0349976280779643,SSE,sector,CT-011|CT-009|CT-018,247296500|249281000|246518000,True,0.0892007592643119,0.0991108371300341,0.0952826335085824,3.0,4.007402326020758,,3.6,326.2,327.0,5.8,UNDERWAY_ENGINE,MOVING,0.0,0.0,LOW,0,ITCTA,344.4127959979412,18.212795997941214,1,0.6938391858615238,10.0,11.0,21.0,9.0,10.0,10.0,1.0,0.9090909090909091,0.9661857890989022,0.09528263350858243,<6h,1.0681818663252542,0.0,0.0,0.9807852804032304,-0.1950903220161282,0.09528263350858243,0.08920075926431194,0.0,0.0,0.0,0.0,0.0,1
AUGUSTA,AU-039,538002630,STAR HELENA,1,2026-04-08 22:49:57.500,2026-04-08 19:45:00,2026-04-08 19:44:58,3.082638888888889,<6h,9.9,15.456278,36.895918,38.93232846823179,44.63529981645925,37.06504590184432,53.4169158071477,18.956649476889027,SSE,port_fallback,AU-021|AU-017|AU-014,255801270|229370000|247408700,True,2.1234116798782523,2.4344579606245635,2.913416879766766,2.0,9.638498576404396,LEVANTE,9.9,30.4,28.0,,UNDERWAY_ENGINE,MOVING,0.0,0.0,LOW,0,,329.26884605547883,61.131153944521145,0,37.673279589290345,15.0,24.0,28.0,15.0,22.0,22.0,2.0,0.9166666666666666,0.050108611726535496,2.913416879766766,<6h,1.3720452361521385,0.0,0.0,-0.8968727415326885,0.442288690219001,2.913416879766766,2.1234116798782523,5.36302530110259,4.983250592636984,3.8106894372290268,5.413183370846518,4.357869609586823,1
AUGUSTA,AU-039,538002630,STAR HELENA,1,2026-04-08 22:49:57.500,2026-04-08 20:00:00,2026-04-08 19:59:09,2.832638888888889,<6h,9.9,15.480832,36.928837,37.09069530703549,42.08676250759472,34.51650859297978,47.812983474328135,15.027718296072017,SSE,port_fallback,AU-021|AU-017|AU-014,255801270|229370000|247408700,True,2.022966997569403,2.2954579546869733,2.6077722949979343,51.0,8.146883922957242,LEVANTE,9.9,32.4,31.0,,UNDERWAY_ENGINE,MOVING,0.0,0.0,LOW,0,,323.4860391689495,68.91396083105047,0,36.12369686493625,13.0,23.0,27.0,13.0,21.0,22.0,1.0,0.9565217391304348,0.06239191265578173,2.6077722949979343,<6h,1.289082964838861,0.0,0.0,-0.8660254037844386,0.5000000000000001,2.6077722949979343,2.022966997569403,11.013494947815138,10.703589109888197,3.936936017238474,5.000757662260442,4.060036559155573,1
AUGUSTA,AU-039,538002630,STAR HELENA,1,2026-04-08 22:49:57.500,2026-04-08 20:15:00,2026-04-08 20:14:21,2.582638888888889,<6h,9.85,15.493252,36.970637,34.207102592174834,38.49863289917735,30.92837898456241,41.07513367515276,10.682714529870497,SSE,port_fallback,AU-021|AU-017|AU-014,255801270|229370000|247408700,True,1.8751632254977375,2.1104161175284424,2.251654607182947,39.0,5.209928698077787,LEVANTE,9.7,358.2,359.0,,UNDERWAY_ENGINE,MOVING,0.0,0.0,LOW,0,,317.36413830959225,40.83586169040774,0,33.563325811643004,14.0,24.0,29.0,14.0,23.0,23.0,1.0,0.9583333333333334,0.08559654500186482,2.2516546071829477,<6h,1.2007779251245048,0.0,0.0,-0.8314696123025455,0.5555702330196018,2.2516546071829477,1.8751632254977377,8.707706358824293,8.20994398988241,3.441646914557419,3.295440127003072,2.4870799896871354,1
AUGUSTA,AU-039,538002630,STAR HELENA,1,2026-04-08 22:49:57.500,2026-04-08 20:30:00,2026-04-08 20:29:32,2.332638888888889,<6h,9.7,15.481507,37.0102,30.34507205576642,34.222667058653734,26.6524131440388,35.17134242797364,7.314780035255459,SSE,port_fallback,AU-017|AU-021|AU-014,229370000|255801270|247408700,True,1.6891781554500245,1.905027001105171,1.957835632026321,28.0,7.192782559000914,LEVANTE,9.9,340.5,340.0,,UNDERWAY_ENGINE,MOVING,0.0,0.0,LOW,0,,313.1757345452662,27.32426545473379,0,29.935726971358225,15.0,25.0,30.0,15.0,24.0,24.0,1.0,0.96,0.12026776364015701,1.957835632026321,<6h,1.1590462650191695,0.0,0.0,-0.7933533402912357,0.6087614290087199,1.957835632026321,1.6891781554500243,6.347491185847506,5.863653797497257,2.84691326814578,2.286363846265706,2.3191451602483477,1
AUGUSTA,AU-039,538002630,STAR HELENA,1,2026-04-08 22:49:57.500,2026-04-08 20:45:00,2026-04-08 20:44:44,2.082638888888889,<6h,9.9,15.462352,37.049837,26.170030403456657,29.639966742395192,22.06971282778025,30.247771813376787,5.385831937769495,SSE,port_fallback,AU-017|AU-021|AU-014,229370000|255801270|247408700,True,1.4273420164635913,1.6165961309856225,1.6497464828291983,16.0,8.569840103887758,LEVANTE,10.3,337.4,339.0,,UNDERWAY_ENGINE,MOVING,0.0,0.0,LOW,0,,308.66894766637273,28.731052333627247,0,26.020473657938847,13.0,23.0,25.0,13.0,22.0,22.0,1.0,0.9565217391304348,0.15659666739511618,1.6497464828291983,<6h,1.1558172209605657,0.0,0.0,-0.7518398074789772,0.6593458151000691,1.6497464828291983,1.4273420164635913,5.48787191640458,5.033013305729817,2.515075259484592,1.9694139558698978,1.984942035340649,1
AUGUSTA,AU-039,538002630,STAR HELENA,1,2026-04-08 22:49:57.500,2026-04-08 21:00:00,2026-04-08 20:59:56,1.832638888888889,<6h,10.3,15.44103,37.09183,21.91475571915836,24.807793106466008,17.23753919185107,24.56775401285984,3.4329967859280672,SSE,port_fallback,AU-021|AU-017|AU-014,255801270|229370000|247408700,True,1.1488370336533769,1.3004987054910988,1.2879151383369245,4.0,8.98422367349103,LEVANTE,10.3,337.3,339.0,13.3,UNDERWAY_ENGINE,MOVING,0.0,0.0,LOW,0,IT AUG,302.19974677663015,35.10025322336986,1,21.914755719158354,15.0,24.0,26.0,13.0,22.0,22.0,2.0,0.9166666666666666,0.22558103429588788,1.2879151383369245,<6h,1.121059907201346,0.0,0.0,-0.7071067811865477,0.7071067811865474,1.2879151383369245,1.148837033653377,8.572141787311056,8.421258969067614,2.7468711356196684,1.6395136615592445,1.660507965267744,1
AUGUSTA,AU-039,538002630,STAR HELENA,1,2026-04-08 22:49:57.500,2026-04-08 21:15:00,2026-04-08 21:14:08,1.582638888888889,<6h,10.3,15.426032,37.12233,19.10491677572784,21.42095785933762,13.85070394472268,20.30127354802804,2.29374502106927,E,port_fallback,AU-017|AU-021|AU-014,229370000|255801270|247408700,True,1.0015368730591876,1.1229506730764756,1.0642534729197526,52.0,7.785420756081474,LEVANTE,5.2,300.8,302.0,13.3,UNDERWAY_ENGINE,MOVING,0.0,0.0,LOW,0,IT AUG,295.6949547638822,5.105045236117803,1,19.10491677572784,16.0,26.0,28.0,14.0,23.0,25.0,1.0,0.9615384615384616,0.30360577203251865,1.0642534729197528,<6h,1.0626203603158393,0.0,0.0,-0.6593458151000687,0.7518398074789775,1.0642534729197528,1.0015368730591876,7.1828341067904695,6.980357259394933,1.6982809617239274,1.0199314251076834,1.0235345368391535,1
AUGUSTA,AU-039,538002630,STAR HELENA,1,2026-04-08 22:49:57.500,2026-04-08 21:45:00,2026-04-08 21:44:32,1.082638888888889,<6h,5.9,15.37148,37.157548,13.128585883250432,15.25091021615928,7.680656301544342,14.739788155015669,1.6287184525203078,E,port_fallback,AU-017|AU-021|AU-014,229370000|255801270|247408700,True,1.2015032656633626,1.3957343610351869,1.3489574399655584,28.0,6.369001036373275,LEVANTE,9.5,306.7,310.0,13.3,UNDERWAY_ENGINE,MOVING,0.0,0.0,LOW,0,IT AUG,289.39133112639166,17.308668873608326,1,13.128585883250432,16.0,28.0,29.0,16.0,27.0,27.0,1.0,0.9642857142857143,0.38041350493098297,1.3489574399655588,<6h,1.1227247386804107,0.0,0.0,-0.555570233019603,0.8314696123025448,1.3489574399655588,1.2015032656633626,4.292808987005604,4.434401386615576,1.2611508306868402,1.3483575138392767,1.4371907639539174,1
AUGUSTA,AU-039,538002630,STAR HELENA,1,2026-04-08 22:49:57.500,2026-04-08 22:00:00,2026-04-08 21:59:45,0.8326388888888889,<6h,9.2,15.330988,37.18132,8.962156949160974,11.032743693784738,3.462489779169801,9.922863268959496,0.9831655071116424,E,port_fallback,AU-017|AU-014|AU-005,229370000|247408700|636021733,True,0.5259975672105934,0.6475222845915544,0.582382340416911,15.0,9.04818962389911,LEVANTE,8.9,305.4,310.0,13.3,UNDERWAY_ENGINE,MOVING,0.0,0.0,LOW,0,IT AUG,281.00665798300986,24.39334201699012,1,8.962156949160974,17.0,28.0,29.0,15.0,25.0,26.0,1.0,0.9285714285714286,0.5042443489532238,0.582382340416911,<6h,1.1071958821127834,0.0,0.0,-0.5000000000000004,0.8660254037844384,0.582382340416911,0.5259975672105934,5.015659598896037,5.138543157183556,1.0112768708015005,0.5518000681087417,0.6005824518354189,1
AUGUSTA,AU-039,538002630,STAR HELENA,1,2026-04-08 22:49:57.500,2026-04-08 22:15:00,2026-04-08 22:14:58,0.5826388888888889,<6h,8.9,15.29534,37.193327,5.652146515761869,6.515199168942582,1.1296323756112447,5.666942590299752,0.0403707298032823,E,port_fallback,AU-007|AU-004|AU-017,247355500|247219700|229370000,True,0.3429117938555262,0.3952725974314182,0.3438094613961069,2.0,7.958946050141709,LEVANTE,5.1,295.0,301.0,13.3,UNDERWAY_ENGINE,MOVING,0.0,0.0,LOW,0,IT AUG,273.78637795057654,21.213622049423464,1,5.652146515761869,17.0,28.0,29.0,16.0,26.0,26.0,2.0,0.9285714285714286,0.9611958231361278,0.34380946139610696,<6h,1.002617779722557,0.0,0.0,-0.4422886902190014,0.8968727415326883,0.34380946139610696,0.3429117938555262,1.8066824280836133,2.0036083517030305,0.8691375992684875,0.3365613393243853,0.08391211216417088,1
AUGUSTA,AU-039,538002630,STAR HELENA,1,2026-04-08 22:49:57.500,2026-04-08 22:30:00,2026-04-08 22:29:10,0.3326388888888889,<6h,5.65,15.273018,37.197125,3.6630013353899264,3.770296761254507,0.1039582906195551,3.7730064296890906,0.0694614238170249,E,port_fallback,AU-014|AU-003|AU-001,247408700|247381300|256210000,True,0.350064157895786,0.3603181216436196,0.3605770780872236,50.0,5.83611017247284,LEVANTE,5.9,258.0,267.0,13.3,UNDERWAY_ENGINE,MOVING,0.0,0.0,LOW,0,IT AUG,269.2153009054706,11.215300905470599,1,3.6630013353899264,16.0,26.0,28.0,15.0,25.0,25.0,1.0,0.9615384615384616,0.9350500894467896,0.3605770780872236,<6h,1.0300314098267873,0.0,0.0,-0.38268343236508956,0.9238795325112868,0.3605770780872236,0.35006415789578604,2.0930772593106264,2.320794313872329,0.13770812786457648,0.4478121434886503,0.19687427532448673,1
AUGUSTA,AU-039,538002630,STAR HELENA,1,2026-04-08 22:49:57.500,2026-04-08 22:45:00,2026-04-08 22:44:23,0.0826388888888888,<6h,5.4,15.240473,37.196673,0.7800135002155882,0.8072643544156413,0.0284936098297019,0.8028438566332167,0.017262674916271,E,port_fallback,AU-010|AU-022|AU-009,215909000|247415600|563205300,True,0.0779951104127257,0.0807199778433366,0.0802779634262475,37.0,5.365818089919362,LEVANTE,5.1,274.5,272.0,13.3,UNDERWAY_ENGINE,MOVING,0.0,0.0,LOW,0,IT AUG,269.9509322858564,4.549067714143575,1,0.7800135002155882,16.0,28.0,30.0,16.0,27.0,27.0,1.0,0.9642857142857143,0.9830302680498015,0.08027796342624756,<6h,1.0292691811248373,0.0,0.0,-0.32143946530316186,0.9469301294951056,0.08027796342624756,0.07799511041272579,0.0,0.04587999493713886,0.0,0.06527212281995125,0.0,1
AUGUSTA,AU-040,247381300,MACISTONE,1,2026-04-09 04:22:24.000,2026-04-09 02:00:00,2026-04-09 01:59:08,2.373333333333333,<6h,5.5,15.56919,37.171122,30.03548388017568,35.753096278345296,19.831978580420262,33.614513247859385,7.055370765818064,E,port_fallback,AU-014|AU-005|AU-003,247408700|636021733|247381300,False,2.948702521124649,3.510023196381828,3.3000700223698587,52.0,2.499633325648812,LEVANTE,7.0,281.8,,,UNDERWAY_ENGINE,MOVING,0.0,0.0,LOW,0,,275.5285204477727,6.271479552227333,0,30.03548388017568,15.0,27.0,28.0,15.0,27.0,27.0,0.0,1.0,0.12414077875141043,3.3000700223698587,<6h,1.1191600369070789,0.0,0.0,0.49999999999999994,0.8660254037844387,3.3000700223698587,2.948702521124649,7.718493357999098,7.691552480311197,3.14983174755485,3.3867645906505217,3.3388310166573802,1
AUGUSTA,AU-040,247381300,MACISTONE,1,2026-04-09 04:22:24.000,2026-04-09 03:15:00,2026-04-09 03:14:04,1.1233333333333333,<6h,6.7,15.389957,37.185652,14.07483851687722,16.3887020660979,6.9623883346652224,15.128275949690297,1.436868547736266,E,port_fallback,AU-014|AU-005|AU-017,247408700|636021733|229370000,False,1.1342992260788836,1.3207748030445423,1.219196346804608,56.0,8.726180651495099,LEVANTE,6.5,282.1,,4.3,UNDERWAY_ENGINE,MOVING,0.0,0.0,LOW,0,AUGUSTA,275.03996629714874,7.060033702851285,1,14.07483851687722,16.0,29.0,30.0,16.0,28.0,28.0,1.0,0.9655172413793104,0.41036271773007704,1.2191963468046079,<6h,1.0748454365248947,0.0,0.0,0.7518398074789774,0.6593458151000688,1.2191963468046079,1.1342992260788836,4.2340822389870825,4.067597758161438,0.9739775311425072,1.2794782990678701,1.3269362515828784,1
AUGUSTA,AU-040,247381300,MACISTONE,1,2026-04-09 04:22:24.000,2026-04-09 03:30:00,2026-04-09 03:29:16,0.8733333333333333,<6h,6.6,15.355147,37.190075,10.962169778204784,12.178941913425003,4.191412864037479,11.514968945449835,0.7995749614850652,E,port_fallback,AU-014|AU-005|AU-017,247408700|636021733|229370000,False,0.8968330533906655,0.9963791734918028,0.9420584581328814,44.0,8.199395607465272,LEVANTE,6.8,265.0,,4.3,UNDERWAY_ENGINE,MOVING,0.0,0.0,LOW,0,AUGUSTA,273.8711346554698,8.871134655469803,1,10.962169778204785,17.0,31.0,32.0,17.0,30.0,30.0,1.0,0.967741935483871,0.5556867712666823,0.9420584581328814,<6h,1.0504278968880905,0.0,0.0,0.7933533402912352,0.6087614290087207,0.9420584581328814,0.8968330533906655,3.0176939805822425,2.907100762177656,0.7238328864395323,1.0187407557436348,1.003938959948003,1
AUGUSTA,AU-040,247381300,MACISTONE,1,2026-04-09 04:22:24.000,2026-04-09 04:15:00,2026-04-09 04:14:48,0.1233333333333333,<6h,7.0,15.24985,37.19579,1.6135294185317997,1.640089184180755,0.026391002156069,1.6203435005167075,0.0063405285141567,E,port_fallback,AU-003|AU-008|AU-009,247381300|210627000|563205300,False,0.1244623124446003,0.1265110447532208,0.1249879281484655,12.0,8.555698246213883,LEVANTE,7.0,272.9,,4.3,UNDERWAY_ENGINE,MOVING,0.0,0.0,LOW,0,AUGUSTA,273.4691171783249,0.569117178324916,1,1.6135294185317997,20.0,34.0,38.0,19.0,33.0,33.0,1.0,0.9705882352941176,0.9936994204898829,0.12498792814846556,<6h,1.004223091259847,0.0,0.0,0.8968727415326884,0.44228869021900125,0.12498792814846556,0.12446231244460039,0.0,0.0,0.0,0.1389267128347603,0.0,1
AUGUSTA,AU-043,247408700,MERSEY SPIRIT,1,2026-04-09 09:19:45.500,2026-04-08 16:30:00,2026-04-08 16:29:16,16.829305555555557,12-24h,3.4000000000000004,15.584005,37.230693,31.429571691346432,37.10594582466855,18.391263662691937,33.71251549673477,6.42874796686453,E,port_fallback,AU-005|AU-003|AU-014,636021733|247381300|247408700,True,4.9913561954240935,5.892825851967436,5.353912383549544,44.0,3.1087374130538112,LEVANTE,9.1,231.7,230.0,3.8,UNDERWAY_ENGINE,MOVING,0.0,0.0,LOW,0,OPL AUGUSTA,263.192410624736,31.49241062473601,1,31.429571691346432,22.0,34.0,35.0,21.0,32.0,32.0,2.0,0.9411764705882353,0.13461218558772461,5.3539123835495435,12-24h,1.0726368093020149,0.0,0.0,-0.9238795325112868,-0.3826834323650895,5.3539123835495435,4.9913561954240935,3.5455703213566796,4.1666856793372276,5.688441786355301,4.994182293438994,5.10094114086722,1
AUGUSTA,AU-043,247408700,MERSEY SPIRIT,1,2026-04-09 09:19:45.500,2026-04-08 16:45:00,2026-04-08 16:44:31,16.579305555555557,12-24h,9.1,15.54719,37.206673,27.96747771541349,32.197435277357194,16.276317579432163,29.994354040638143,4.410517765710923,E,port_fallback,AU-005|AU-003|AU-014,636021733|247381300|247408700,True,1.6594758096630606,1.9104642013004765,1.7797423658793667,29.0,7.11941891942104,LEVANTE,6.5,229.3,230.0,3.8,UNDERWAY_ENGINE,MOVING,0.0,0.0,LOW,0,OPL AUGUSTA,267.8153425130545,38.51534251305446,1,27.967477715413498,20.0,32.0,34.0,17.0,29.0,30.0,2.0,0.9375,0.18482519479697218,1.7797423658793667,12-24h,1.0724726178688468,0.0,0.0,-0.9469301294951056,-0.3214394653031618,1.7797423658793667,1.6594758096630604,3.3722864776138843,2.8482671463501825,2.7260499614850993,2.38729926857596,1.6801545160367106,1
AUGUSTA,AU-043,247408700,MERSEY SPIRIT,1,2026-04-09 09:19:45.500,2026-04-08 17:00:00,2026-04-08 16:59:46,16.329305555555557,12-24h,6.0,15.539223,37.206493,27.261651442234136,31.559414559337498,15.638296861412464,29.013971760016908,3.9911460698862538,E,port_fallback,AU-005|AU-003|AU-014,636021733|247381300|247408700,True,2.453352361612143,2.840120100732316,2.6110485745155603,14.0,4.427207006103065,LEVANTE,0.6,350.2,7.0,3.8,UNDERWAY_ENGINE,SLOW_MOTION,0.0,0.0,LOW,0,OPL AUGUSTA,267.79596893246753,82.40403106753246,1,27.261651442234136,17.0,29.0,30.0,15.0,26.0,28.0,1.0,0.9655172413793104,0.20035478545367227,2.6110485745155603,12-24h,1.0642778491059441,0.0,0.0,-0.9659258262890683,-0.25881904510252063,2.6110485745155603,2.453352361612143,5.53713417310807,4.786144169060762,3.867630897617114,4.580140941194902,3.7394109960953927,1
AUGUSTA,AU-043,247408700,MERSEY SPIRIT,1,2026-04-09 09:19:45.500,2026-04-08 19:15:00,2026-04-08 19:14:35,14.079305555555557,12-24h,6.3,15.542645,37.199867,27.54633446064131,32.147749363746755,16.226631665821724,29.664553738009367,4.342159326452146,E,port_fallback,AU-005|AU-003|AU-014,636021733|247381300|247408700,True,2.36092550830002,2.755300949959439,2.542472636875567,25.0,2.152459261915245,LEVANTE,0.9,95.5,53.0,,UNDERWAY_ENGINE,SLOW_MOTION,0.0,0.0,LOW,0,,269.35380272040123,173.85380272040123,0,27.54633446064131,11.0,19.0,20.0,11.0,17.0,17.0,2.0,0.8947368421052632,0.18719022381987316,2.542472636875567,12-24h,1.0768965932797558,0.0,0.0,-0.9469301294951057,0.3214394653031615,2.542472636875567,2.36092550830002,19.868282280105998,19.35168544319805,5.617433281782317,4.503782833835967,3.7116784340343973,1
AUGUSTA,AU-043,247408700,MERSEY SPIRIT,1,2026-04-09 09:19:45.500,2026-04-08 19:30:00,2026-04-08 19:29:47,13.829305555555557,12-24h,0.9,15.547428,37.20039,27.970643573581874,32.50393373693082,16.582816039005785,30.182898524260523,4.584585347259268,E,port_fallback,AU-005|AU-003|AU-014,636021733|247381300|247408700,True,15.102939294590644,17.550720160329814,16.297461406188187,13.0,0.9630447712022931,LEVANTE,0.8,84.7,28.0,3.8,UNDERWAY_ENGINE,UNKNOWN,0.0,0.0,LOW,0,OPL AUGUSTA,269.24734135281244,175.45265864718755,1,27.970643573581874,11.0,22.0,23.0,11.0,20.0,20.0,2.0,0.9090909090909091,0.17906432399511404,16.297461406188187,12-24h,1.0790920289287913,0.0,0.0,-0.923879532511287,0.38268343236508917,16.297461406188187,15.102939294590644,23.87252562216382,27.87572394288206,16.817502784451786,17.11369228385591,17.386941212406164,1
AUGUSTA,AU-043,247408700,MERSEY SPIRIT,1,2026-04-09 09:19:45.500,2026-04-08 20:30:00,2026-04-08 20:29:32,12.829305555555557,12-24h,0.5,15.54626,37.20027,27.867030171900605,32.41627063024001,16.49515293231498,30.04154059446373,4.5237802889772185,E,port_fallback,AU-005|AU-003|AU-014,636021733|247381300|247408700,True,15.046992533423651,17.503385869460047,16.221134230271993,28.0,0.5556128374374235,LEVANTE,0.3,269.0,326.0,3.8,UNDERWAY_ENGINE,UNKNOWN,0.0,0.0,LOW,0,OPL AUGUSTA,269.27127196551254,0.27127196551253974,1,27.867030171900605,15.0,25.0,30.0,15.0,24.0,24.0,1.0,0.96,0.18103544089099888,16.221134230271993,12-24h,1.0780316527864446,0.0,0.0,-0.7933533402912357,0.6087614290087199,16.221134230271993,15.046992533423653,4.84681220720509,8.447436437582397,13.17485255859022,15.696448957891032,16.011712536235486,1
AUGUSTA,AU-043,247408700,MERSEY SPIRIT,1,2026-04-09 09:19:45.500,2026-04-08 20:45:00,2026-04-08 20:44:44,12.579305555555557,12-24h,0.5,15.543605,37.198803,27.63028087476676,32.27642024857545,16.35530255065042,29.81008024181491,4.423013736715151,E,port_fallback,AU-005|AU-003|AU-014,636021733|247381300|247408700,True,14.919158139722873,17.427872704414387,16.096155638128998,16.0,0.5259322071234793,LEVANTE,1.3,225.8,289.0,3.8,UNDERWAY_ENGINE,SLOW_MOTION,0.0,0.0,LOW,0,OPL AUGUSTA,269.6016922420368,43.80169224203678,1,27.630280874766758,13.0,23.0,25.0,13.0,22.0,22.0,1.0,0.9565217391304348,0.18439931162809922,16.096155638128998,12-24h,1.0788916832560627,0.0,0.0,-0.7518398074789772,0.6593458151000691,16.096155638128998,14.919158139722873,9.978578502747919,13.795065687450581,17.28655183168658,15.546357208041698,15.875726644342988,1
AUGUSTA,AU-043,247408700,MERSEY SPIRIT,1,2026-04-09 09:19:45.500,2026-04-08 21:00:00,2026-04-08 20:59:56,12.329305555555557,12-24h,0.75,15.540052,37.196757,27.31493272117011,32.099573180588706,16.17845548266368,29.766150795845675,4.300655885015561,E,port_fallback,AU-005|AU-014|AU-003,636021733|247408700|247381300,True,14.74888375873116,17.33238292688375,16.072435634905872,4.0,0.5883725816299196,LEVANTE,0.5,238.5,299.0,3.8,UNDERWAY_ENGINE,UNKNOWN,0.0,0.0,LOW,0,OPL AUGUSTA,270.07214830867287,31.572148308672865,1,27.31493272117011,15.0,24.0,26.0,13.0,22.0,22.0,2.0,0.9166666666666666,0.18865589875903901,16.072435634905872,12-24h,1.0897391218092138,0.0,0.0,-0.7071067811865477,0.7071067811865474,16.072435634905872,14.748883758731159,7.242953320220949,10.836829383144071,13.654317832452843,15.549314887527613,15.855425095226911,1
AUGUSTA,AU-043,247408700,MERSEY SPIRIT,1,2026-04-09 09:19:45.500,2026-04-08 21:15:00,2026-04-08 21:14:08,12.079305555555557,12-24h,0.8,15.536512,37.195077,27.00225809694765,31.911574728086947,15.990457030161918,29.43858072408456,4.17943261326893,E,port_fallback,AU-005|AU-014|AU-003,636021733|247408700|247381300,True,14.58005296811428,17.230871883416278,15.895561946049977,52.0,0.6920513706297791,LEVANTE,0.7,253.2,301.0,3.8,UNDERWAY_ENGINE,SLOW_MOTION,0.0,0.0,LOW,0,OPL AUGUSTA,270.4672192343987,17.267219234398738,1,27.002258096947646,16.0,26.0,28.0,14.0,23.0,25.0,1.0,0.9615384615384616,0.19307134094922865,15.895561946049977,12-24h,1.0902266254322008,0.0,0.0,-0.6593458151000687,0.7518398074789775,15.895561946049977,14.58005296811428,9.415689429125685,13.182731410881996,16.53847793564682,15.434598558842143,15.647492766634091,1
AUGUSTA,AU-043,247408700,MERSEY SPIRIT,1,2026-04-09 09:19:45.500,2026-04-08 21:30:00,2026-04-08 21:29:20,11.829305555555557,6-12h,0.8,15.532883,37.194143,26.681881815275634,31.681718444404275,15.760600746479245,29.185920133663625,4.044272996527646,E,port_fallback,AU-005|AU-014|AU-003,636021733|247408700|247381300,True,14.407063615159627,17.10675941922477,15.759136141287051,40.0,0.6975921297378177,LEVANTE,0.5,249.8,312.0,3.8,UNDERWAY_ENGINE,STOPPED,121.0,121.0,LOW,0,OPL AUGUSTA,270.69365006507445,20.89365006507444,1,26.681881815275634,14.0,25.0,26.0,12.0,23.0,24.0,0.0,0.96,0.19824462329623627,15.759136141287055,6-12h,1.0938478903296245,1.104152469043725,1.104152469043725,-0.6087614290087209,0.7933533402912349,15.759136141287055,14.407063615159629,7.688042517711712,10.198377834139565,10.34093231889687,15.298172754079221,15.596788455021697,1
AUGUSTA,AU-043,247408700,MERSEY SPIRIT,1,2026-04-09 09:19:45.500,2026-04-08 21:45:00,2026-04-08 21:44:32,11.579305555555557,6-12h,0.7,15.528685,37.194303,26.30985114774446,31.350729396308296,15.429611698383264,29.035538866956,3.8733450421506954,E,port_fallback,AU-005|AU-014|AU-003,636021733|247408700|247381300,True,14.206183125131997,16.92803963083601,15.67793675321598,28.0,0.737901005886082,LEVANTE,0.6,332.5,353.0,3.8,UNDERWAY_ENGINE,SLOW_MOTION,0.0,0.0,LOW,0,OPL AUGUSTA,270.6621562380468,61.837843761953195,1,26.30985114774446,16.0,29.0,29.0,16.0,27.0,27.0,2.0,0.9310344827586207,0.20519786539856447,15.677936753215981,6-12h,1.103599511221302,0.0,0.0,-0.555570233019603,0.8314696123025448,15.677936753215981,14.206183125131997,12.974851921656587,16.72270103163196,17.15266463255007,16.56886626876706,16.914850200070838,1
AUGUSTA,AU-043,247408700,MERSEY SPIRIT,1,2026-04-09 09:19:45.500,2026-04-08 23:15:00,2026-04-08 23:14:49,10.079305555555557,6-12h,0.6,15.521338,37.204903,25.67231461110365,30.21097726089343,14.289859562968395,28.25820993279173,3.290966313904338,E,port_fallback,AU-005|AU-003|AU-014,636021733|247381300|247408700,True,13.861940934721192,16.312622711065565,15.258212706690998,11.0,0.5599617910733111,LEVANTE,0.3,273.8,329.0,3.8,UNDERWAY_ENGINE,STOPPED,0.0,244.0,LOW,0,OPL AUGUSTA,268.0431584452829,5.756841554717084,1,25.672314611103655,16.0,27.0,29.0,16.0,26.0,27.0,0.0,1.0,0.23304773956384264,15.258212706690998,6-12h,1.100727003422186,0.0,1.622683139184121,-0.19509032201612872,0.9807852804032303,15.258212706690998,13.861940934721193,4.109177058705136,5.884498740272187,7.28439928323868,14.884746223527252,15.937285541979682,1
AUGUSTA,AU-043,247408700,MERSEY SPIRIT,1,2026-04-09 09:19:45.500,2026-04-09 08:15:00,2026-04-09 08:14:18,1.0793055555555555,<6h,11.1,15.468385,37.189973,20.98124798202468,27.410451263061777,11.489333565136748,22.889695737418894,2.450724654856009,E,port_fallback,AU-005|AU-014|AU-003,636021733|247408700|247381300,True,1.0206277110708015,1.3333747428181744,1.1134636885090816,42.0,12.62752294253062,LEVANTE,11.2,276.6,277.0,,UNDERWAY_ENGINE,MOVING,0.0,0.0,LOW,0,,272.1045207897937,4.495479210206327,0,20.981247982024676,20.0,32.0,36.0,15.0,27.0,31.0,1.0,0.96875,0.2897942026735621,1.1134636885090816,<6h,1.0909596872897762,0.0,0.0,0.8314696123025451,-0.5555702330196023,1.1134636885090816,1.0206277110708015,5.677076642188264,5.8145960493272195,1.1218264400653752,1.121504071967988,0.9777292061852596,1
AUGUSTA,AU-043,247408700,MERSEY SPIRIT,1,2026-04-09 09:19:45.500,2026-04-09 08:30:00,2026-04-09 08:29:32,0.8293055555555555,<6h,11.2,15.40835,37.19414,15.652351927724537,19.998172134999432,7.499027877722497,16.91207887850561,1.3434335574546754,E,port_fallback,AU-005|AU-014|AU-003,636021733|247408700|247381300,True,0.7546065994159082,0.9641204554438944,0.8153385759847275,28.0,12.27449079584808,LEVANTE,11.2,273.7,277.0,3.4,UNDERWAY_ENGINE,MOVING,0.0,0.0,LOW,0,AUGUSTA,271.0818942347706,2.6181057652294157,1,15.652351927724537,22.0,32.0,36.0,18.0,28.0,29.0,2.0,0.90625,0.4267242810528632,0.8153385759847275,<6h,1.0804816398582093,0.0,0.0,0.7933533402912352,-0.6087614290087207,0.8153385759847275,0.7546065994159082,2.1845774508523332,2.242012595357361,0.890035832663753,0.8223636432684737,0.7383791238754538,1
AUGUSTA,AU-043,247408700,MERSEY SPIRIT,1,2026-04-09 09:19:45.500,2026-04-09 08:45:00,2026-04-09 08:44:45,0.5793055555555555,<6h,11.3,15.348288,37.19537,10.3307261413984,11.452229587094124,3.352821690268797,11.15571268342665,0.7734386451429781,E,port_fallback,AU-005|AU-014|AU-003,636021733|247408700|247381300,True,0.4936412269633594,0.5472309097600356,0.5330622089215509,15.0,11.331668429950607,LEVANTE,11.3,266.5,271.0,3.4,UNDERWAY_ENGINE,MOVING,0.0,0.0,LOW,0,AUGUSTA,270.8349375914619,4.33493759146188,1,10.3307261413984,19.0,31.0,35.0,17.0,27.0,28.0,3.0,0.9032258064516129,0.563876287876527,0.5330622089215509,<6h,1.0798575560649386,0.0,0.0,0.7518398074789774,-0.6593458151000688,0.5330622089215509,0.4936412269633594,0.5718400127484244,0.6735641569133519,0.6597460416477863,0.5935492348497667,0.6141556062276944,1
AUGUSTA,AU-043,247408700,MERSEY SPIRIT,1,2026-04-09 09:19:45.500,2026-04-09 09:00:00,2026-04-09 08:59:58,0.3293055555555556,<6h,11.2,15.293667,37.192493,5.511351101333567,6.382238984141871,1.1673624938876714,5.619731409700882,0.1332466328920734,E,port_fallback,AU-004|AU-007|AU-017,247219700|247355500|229370000,True,0.2657046003034155,0.3076904786399775,0.2709296614519478,2.0,10.79547021041386,LEVANTE,8.1,262.5,266.0,3.4,UNDERWAY_ENGINE,MOVING,0.0,0.0,LOW,0,AUGUSTA,274.8491328053244,12.349132805324416,1,5.511351101333567,18.0,29.0,32.0,14.0,24.0,25.0,4.0,0.8620689655172413,0.8824204466842097,0.2709296614519478,<6h,1.0196649254193024,0.0,0.0,0.7071067811865476,-0.7071067811865475,0.2709296614519478,0.26570460030341553,0.0,0.0,0.6835104199796201,0.363296790848821,0.07908756850674617,1
AUGUSTA,AU-043,247408700,MERSEY SPIRIT,1,2026-04-09 09:19:45.500,2026-04-09 09:15:00,2026-04-09 09:14:11,0.0793055555555555,<6h,10.1,15.25043,37.19439,1.68114064720392,1.8516744080987877,0.1795605516535631,1.813327736860254,0.1274503721580873,E,port_fallback,AU-001|AU-002|AU-009,256210000|229456000|563205300,True,0.0898755772300707,0.098992494498791,0.0969424404368974,49.0,9.52063936850741,LEVANTE,10.1,281.0,279.0,3.4,UNDERWAY_ENGINE,MOVING,0.0,0.0,LOW,0,AUGUSTA,278.66648620177386,2.333513798226136,1,1.6811406472039199,11.0,17.0,18.0,8.0,14.0,15.0,1.0,0.8823529411764706,0.886957000232187,0.09694244043689744,<6h,1.0786294055028578,0.0,0.0,0.659345815100069,-0.7518398074789773,0.09694244043689744,0.08987557723007078,0.0,0.0,0.0,0.012171376668703299,0.08771965404560701,1
AUGUSTA,AU-044,605076190,RAS TOMB,1,2026-04-09 09:27:52.500,2026-04-09 02:15:00,2026-04-09 02:14:20,7.214583333333334,6-12h,11.5,16.417285,36.710857,118.39279251484834,126.6307324079572,110.70961471003216,121.48729621277998,77.89246586739814,E,port_fallback,AU-021|AU-017|AU-014,255801270|229370000|247408700,True,5.558869025957758,5.945663086109362,5.704164532480983,40.0,5.67426505844183,LEVANTE,11.5,358.2,359.0,5.1,UNDERWAY_ENGINE,MOVING,0.0,0.0,LOW,0,ITAUG,297.5021384078743,60.69786159212566,1,118.39279251484834,18.0,31.0,33.0,17.0,29.0,30.0,1.0,0.967741935483871,0.012675481606580689,5.704164532480983,6-12h,1.0261376020634325,0.0,0.0,0.5555702330196022,0.8314696123025452,5.704164532480983,5.558869025957758,17.127761934888532,16.93348565664807,6.751802079003903,7.914611549984562,6.1351789429205095,1
AUGUSTA,AU-044,605076190,RAS TOMB,1,2026-04-09 09:27:52.500,2026-04-09 03:15:00,2026-04-09 03:14:04,6.214583333333334,6-12h,11.5,16.416368,36.90131,110.14793684758986,116.3386656448272,100.41754794690218,136.5901319023963,73.92705922834668,E,port_fallback,AU-021|AU-005|AU-017,255801270|636021733|229370000,True,5.171750251084132,5.462422088685661,6.413284435270744,56.0,5.581236200707248,LEVANTE,11.6,0.2,0.0,5.1,UNDERWAY_ENGINE,MOVING,0.0,0.0,LOW,0,ITAUG,287.70353984644686,72.49646015355313,1,110.14793684758986,16.0,30.0,31.0,16.0,28.0,28.0,2.0,0.9333333333333333,0.013346313205118776,6.413284435270744,6-12h,1.2400607384175897,0.0,0.0,0.7518398074789774,0.6593458151000688,6.413284435270744,5.171750251084132,17.914228416862315,18.009389029682662,7.354711028349848,8.067715262871191,7.468681769127262,1
AUGUSTA,AU-044,605076190,RAS TOMB,1,2026-04-09 09:27:52.500,2026-04-09 03:30:00,2026-04-09 03:29:16,5.964583333333334,<6h,11.5,16.416613,36.949123,108.67034001975848,114.34251342128393,98.4213957233589,142.9047437912552,72.36364084936797,E,port_fallback,AU-021|AU-005|AU-002,255801270|636021733|229456000,True,5.1023729936969895,5.36869722139562,6.70977292662481,44.0,4.769721762647515,LEVANTE,11.4,0.3,0.0,5.1,UNDERWAY_ENGINE,MOVING,0.0,0.0,LOW,0,ITAUG,285.0291087106482,75.27089128935182,1,108.67034001975847,17.0,32.0,33.0,17.0,30.0,30.0,2.0,0.9375,0.013630730269415399,6.70977292662481,<6h,1.315029876277853,0.0,0.0,0.7933533402912352,0.6087614290087207,6.70977292662481,5.1023729936969895,17.015027924609072,17.13249998054529,7.640990400730212,8.380142626207453,7.737928839508622,1
AUGUSTA,AU-044,605076190,RAS TOMB,1,2026-04-09 09:27:52.500,2026-04-09 04:30:00,2026-04-09 04:29:00,4.964583333333334,<6h,11.2,16.404197,37.122903,104.22910645153692,113.26613031486852,91.32580211977812,134.64154375326186,65.71934586031017,E,port_fallback,AU-005|AU-002|AU-021,636021733|229456000|255801270,True,5.024929923805197,5.460608720054985,6.491126569406716,60.0,2.868567452559008,LEVANTE,10.9,271.8,274.0,,UNDERWAY_ENGINE,MOVING,0.0,0.0,LOW,0,,274.8674228670634,3.067422867063385,0,104.22910645153692,23.0,37.0,40.0,19.0,33.0,34.0,3.0,0.918918918918919,0.014988156539989061,6.491126569406716,<6h,1.291784496069394,0.0,0.0,0.9238795325112867,0.38268343236508984,6.491126569406716,5.024929923805197,10.90040908112625,10.924925204070036,6.049349354073432,13.75313894797739,6.815773539765534,1
AUGUSTA,AU-044,605076190,RAS TOMB,1,2026-04-09 09:27:52.500,2026-04-09 04:45:00,2026-04-09 04:44:13,4.714583333333334,<6h,11.3,16.343027,37.126112,98.79515445371248,107.91990444597236,85.97957625088196,130.70942476681287,61.60692485373789,E,port_fallback,AU-005|AU-002|AU-021,636021733|229456000|255801270,True,4.720806707587706,5.15682182600835,6.245791431736696,47.0,7.598897245881299,LEVANTE,11.3,274.6,276.0,,UNDERWAY_ENGINE,MOVING,0.0,0.0,LOW,0,,274.8901612607449,0.2901612607448669,0,98.79515445371247,21.0,35.0,38.0,20.0,32.0,32.0,2.0,0.9142857142857143,0.01597267398672267,6.245791431736696,<6h,1.3230347732089722,0.0,0.0,0.9469301294951056,0.3214394653031617,6.245791431736696,4.720806707587706,8.355703147246425,8.479568780286165,5.448419331433209,5.874968788123739,6.0011552617974075,1
AUGUSTA,AU-044,605076190,RAS TOMB,1,2026-04-09 09:27:52.500,2026-04-09 05:00:00,2026-04-09 04:59:26,4.464583333333334,<6h,11.3,16.283293,37.130478,93.47738827390413,102.67499823732904,80.73467004223865,125.38620745019534,57.63070191852731,E,port_fallback,AU-005|AU-002|AU-021,636021733|229456000|255801270,True,4.466703696262549,4.906200340092941,5.991427944446345,34.0,11.44560140408821,LEVANTE,11.2,275.0,276.0,5.1,UNDERWAY_ENGINE,MOVING,0.0,0.0,LOW,0,ITAUG,274.83329838452033,0.166701615479667,1,93.47738827390411,22.0,37.0,40.0,20.0,34.0,34.0,1.0,0.918918918918919,0.017055910423681965,5.991427944446345,<6h,1.341353345076278,0.0,0.0,0.9659258262890683,0.25881904510252074,5.991427944446345,4.466703696262549,5.63409873643631,5.764119826091138,5.1096374099486415,5.620605300833388,5.7416140606744595,1
AUGUSTA,AU-044,605076190,RAS TOMB,1,2026-04-09 09:27:52.500,2026-04-09 05:15:00,2026-04-09 05:14:39,4.214583333333334,<6h,11.2,16.22504,37.134978,88.2895599665909,97.56216337275345,75.62183517766306,118.07046421677715,53.83567853391747,E,port_fallback,AU-005|AU-002|AU-021,636021733|229456000|255801270,True,4.256477551613647,4.703513738658662,5.692227717948606,21.0,11.183593638338248,LEVANTE,11.3,274.5,276.0,5.1,UNDERWAY_ENGINE,MOVING,0.0,0.0,LOW,0,ITAUG,274.7559014186567,0.25590141865671967,1,88.2895599665909,22.0,38.0,41.0,20.0,35.0,35.0,2.0,0.9210526315789473,0.018236302107239737,5.692227717948605,<6h,1.3373094651446384,0.0,0.0,0.9807852804032304,0.19509032201612833,5.692227717948605,4.256477551613647,4.722268558767407,4.81572610358717,4.871006555146238,5.321405074335648,5.436539389428614,1
AUGUSTA,AU-044,605076190,RAS TOMB,1,2026-04-09 09:27:52.500,2026-04-09 07:00:00,2026-04-09 06:59:10,2.464583333333333,<6h,11.4,15.81357,37.17254,51.61948954483731,59.38200805616383,39.7065698946897,52.7396832842937,25.293648327728203,E,port_fallback,AU-005|AU-014|AU-003,636021733|247408700|247381300,True,2.4449381202321483,2.8126069519989687,2.4979956843381124,50.0,11.568648933332328,LEVANTE,11.2,281.8,282.0,,UNDERWAY_ENGINE,MOVING,0.0,0.0,LOW,0,,273.15493427189335,8.645065728106658,0,51.61948954483731,26.0,41.0,41.0,21.0,33.0,35.0,6.0,0.8536585365853658,0.038031998737331596,2.497995684338112,<6h,1.0217009844408356,0.0,0.0,0.9659258262890683,-0.25881904510252063,2.497995684338112,2.4449381202321483,10.316887081124825,10.273286303722742,2.7624743139909462,2.755186617015161,2.343816388055751,1
AUGUSTA,AU-044,605076190,RAS TOMB,1,2026-04-09 09:27:52.500,2026-04-09 07:15:00,2026-04-09 07:14:24,2.214583333333333,<6h,11.2,15.753587,37.181173,46.26540647662367,53.12904354431602,34.38930443461197,47.354000529282494,20.29635735603026,E,port_fallback,AU-005|AU-014|AU-003,636021733|247408700|247381300,True,2.2304750885444147,2.561373975254359,2.282956674699287,36.0,14.441608708930946,LEVANTE,11.0,278.9,282.0,,UNDERWAY_ENGINE,MOVING,0.0,0.0,LOW,0,,272.2917784590339,6.608221540966099,0,46.26540647662367,24.0,40.0,41.0,21.0,34.0,36.0,4.0,0.9,0.04695638710799717,2.282956674699287,<6h,1.0235293307799826,0.0,0.0,0.9469301294951057,-0.3214394653031616,2.282956674699287,2.2304750885444147,8.183136476981993,8.179861931004659,2.369177124654187,2.460148207728539,2.0276701059872764,1
AUGUSTA,AU-044,605076190,RAS TOMB,1,2026-04-09 09:27:52.500,2026-04-09 07:30:00,2026-04-09 07:29:38,1.964583333333333,<6h,11.1,15.695832,37.184708,41.1377474194032,46.79348685414638,29.45316331147427,42.33101909024781,15.684333140582284,E,port_fallback,AU-005|AU-014|AU-003,636021733|247408700|247381300,True,2.001135729545035,2.276257800388496,2.0591821400894967,22.0,11.145993819314974,LEVANTE,10.9,273.4,276.0,,UNDERWAY_ENGINE,MOVING,0.0,0.0,LOW,0,,271.9926385053143,1.4073614946856878,0,41.1377474194032,23.0,38.0,39.0,18.0,31.0,33.0,5.0,0.868421052631579,0.05993646803704976,2.0591821400894967,<6h,1.0290067333701842,0.0,0.0,0.9238795325112868,-0.3826834323650895,2.0591821400894967,2.001135729545035,7.085155957808126,6.962392297464843,2.2697197650316605,2.259035888132236,1.8658381366167314,1
AUGUSTA,AU-044,605076190,RAS TOMB,1,2026-04-09 09:27:52.500,2026-04-09 07:45:00,2026-04-09 07:44:52,1.7145833333333331,<6h,11.1,15.637363,37.188157,35.94864845308301,40.38210419105431,24.460986493129283,37.34295623782101,11.08952732819188,E,port_fallback,AU-005|AU-014|AU-003,636021733|247408700|247381300,True,1.748713270926148,1.9643776482718616,1.8165390343928651,8.0,10.970554301915714,LEVANTE,11.2,273.8,276.0,,UNDERWAY_ENGINE,MOVING,0.0,0.0,LOW,0,,271.6309154342265,2.1690845657735167,0,35.94864845308301,24.0,39.0,41.0,21.0,34.0,36.0,3.0,0.9230769230769231,0.08271621982011441,1.816539034392865,<6h,1.038786097523464,0.0,0.0,0.8968727415326884,-0.44228869021900113,1.816539034392865,1.748713270926148,5.967387743168412,5.841613131717183,2.063730318447785,2.066976607874626,1.8032390713006403,1
AUGUSTA,AU-044,605076190,RAS TOMB,1,2026-04-09 09:27:52.500,2026-04-09 08:00:00,2026-04-09 07:59:05,1.4645833333333331,<6h,11.2,15.58163,37.191573,31.003896006959096,35.66555280504865,19.744435107123618,32.834679389089466,6.993840473184819,E,port_fallback,AU-005|AU-014|AU-003,636021733|247408700|247381300,True,1.4947111234456525,1.719451596972802,1.5829739754844891,55.0,11.148065226537016,LEVANTE,11.2,274.5,277.0,5.1,UNDERWAY_ENGINE,MOVING,0.0,0.0,LOW,0,ITAUG,271.15253459558346,3.347465404416539,1,31.003896006959096,18.0,33.0,36.0,14.0,27.0,28.0,5.0,0.8484848484848485,0.12509631676469907,1.5829739754844891,<6h,1.0590501071774798,0.0,0.0,0.8660254037844387,-0.4999999999999998,1.5829739754844891,1.4947111234456523,7.917004342546207,7.88216773465135,1.9219393501656086,1.79857987667934,1.7629452140559116,1
AUGUSTA,AU-044,605076190,RAS TOMB,1,2026-04-09 09:27:52.500,2026-04-09 08:15:00,2026-04-09 08:14:18,1.2145833333333331,<6h,11.2,15.523052,37.193837,25.81159059722208,30.94895887882208,15.027841180897047,28.809735619366823,3.709591794783904,E,port_fallback,AU-005|AU-014|AU-003,636021733|247408700|247381300,True,1.2443878527664147,1.4920625809367325,1.388929710128376,42.0,11.15790718157816,LEVANTE,11.3,271.8,274.0,5.1,UNDERWAY_ENGINE,MOVING,0.0,0.0,LOW,0,ITAUG,270.78653105079815,1.0134689492018651,1,25.811590597222082,20.0,32.0,36.0,15.0,27.0,31.0,1.0,0.96875,0.21233262744927223,1.388929710128376,<6h,1.1161549890097595,0.0,0.0,0.8314696123025451,-0.5555702330196023,1.388929710128376,1.2443878527664147,5.373359125116067,5.375921625171035,1.515389789529643,1.4134275374427303,1.4171827181048728,1
AUGUSTA,AU-044,605076190,RAS TOMB,1,2026-04-09 09:27:52.500,2026-04-09 08:30:00,2026-04-09 08:29:32,0.9645833333333332,<6h,11.3,15.462282,37.194872,20.427762529683854,26.64308828378289,10.721970585857866,22.63869136049105,2.129622998419564,E,port_fallback,AU-005|AU-014|AU-003,636021733|247408700|247381300,True,0.9761158723257256,1.2731076799911547,1.0817624266753496,28.0,11.25252261144947,LEVANTE,11.5,270.5,274.0,5.1,UNDERWAY_ENGINE,MOVING,0.0,0.0,LOW,0,ITAUG,270.6294366787362,0.12943667873622644,1,20.427762529683854,22.0,32.0,36.0,18.0,28.0,29.0,2.0,0.90625,0.3195273042487841,1.0817624266753496,<6h,1.1082315710100146,0.0,0.0,0.7933533402912352,-0.6087614290087207,1.0817624266753496,0.9761158723257255,3.494787668071149,3.5401721233417893,1.1868294203246488,1.099436406510958,1.063386160143841,1
AUGUSTA,AU-044,605076190,RAS TOMB,1,2026-04-09 09:27:52.500,2026-04-09 08:45:00,2026-04-09 08:44:45,0.7145833333333333,<6h,11.4,15.401397,37.194698,15.035502418537028,19.12509849327605,7.030872638529944,16.360514615070926,1.2281780929748811,E,port_fallback,AU-005|AU-014|AU-003,636021733|247408700|247381300,True,0.712151037216145,0.9058532498425624,0.7749097521442406,15.0,11.465265274324713,LEVANTE,11.4,269.5,274.0,5.1,UNDERWAY_ENGINE,MOVING,0.0,0.0,LOW,0,ITAUG,270.88551821705624,1.3855182170562443,1,15.035502418537028,19.0,32.0,35.0,17.0,27.0,28.0,4.0,0.875,0.4487971599545178,0.7749097521442406,<6h,1.088125568381427,0.0,0.0,0.7518398074789774,-0.6593458151000688,0.7749097521442406,0.712151037216145,1.8238612690598126,1.9225764578554236,0.9219130112859688,0.7775351852405049,0.7680915610764443,1
AUGUSTA,AU-044,605076190,RAS TOMB,1,2026-04-09 09:27:52.500,2026-04-09 09:00:00,2026-04-09 08:59:58,0.4645833333333333,<6h,11.45,15.340495,37.1937,9.645205422223084,10.478853087088885,2.908599172473947,10.206037122490107,0.6087976926267314,E,port_fallback,AU-005|AU-014|AU-017,636021733|247408700|229370000,True,0.4548466627473702,0.4941596521211052,0.4812942515816776,2.0,11.478430584755705,LEVANTE,11.5,267.8,274.0,5.1,UNDERWAY_ENGINE,MOVING,0.0,0.0,LOW,0,ITAUG,271.9928678210688,4.1928678210687735,1,9.645205422223084,18.0,29.0,32.0,14.0,24.0,25.0,4.0,0.8620689655172413,0.6215821943200767,0.48129425158167766,<6h,1.0581461644118886,0.0,0.0,0.7071067811865476,-0.7071067811865475,0.48129425158167766,0.45484666274737023,0.23043768261076902,0.4310164258507119,0.6941637048160947,0.5377023000734014,0.5429592085459588,1
AUGUSTA,AU-044,605076190,RAS TOMB,1,2026-04-09 09:27:52.500,2026-04-09 09:15:00,2026-04-09 09:14:11,0.2145833333333333,<6h,11.4,15.284775,37.193438,4.717804105258505,5.346091373335936,0.8178313386210889,4.7752176549108505,0.0829282376022863,E,port_fallback,AU-004|AU-007|AU-017,247219700|247355500|229370000,True,0.2234570547373396,0.2532156499060255,0.2261764263816665,49.0,11.356738981274164,LEVANTE,11.4,273.8,277.0,5.1,UNDERWAY_ENGINE,MOVING,0.0,0.0,LOW,0,ITAUG,274.3803218473011,0.5803218473010929,1,4.717804105258505,11.0,17.0,18.0,8.0,14.0,15.0,1.0,0.8823529411764706,0.923422222523352,0.22617642638166657,<6h,1.0121695493011997,0.0,0.0,0.659345815100069,-0.7518398074789773,0.22617642638166657,0.22345705473733965,1.2222259492726009,1.7454000715844122,0.2812860657037985,0.2584158488894156,0.0,1
AUGUSTA,AU-045,247243700,IEVOLI FAST,2,2026-04-09 11:11:24.500,2026-04-09 08:30:00,2026-04-09 08:29:32,2.690138888888889,<6h,12.3,15.439582,37.591547,47.59563965357769,51.76220797603165,0.4666754511578245,52.33641677730791,0.382748182126188,NNE,sector,AU-022|AU-001|AU-007,247415600|256210000|247355500,True,2.0893975159167715,2.272305395003935,2.2975125453172094,28.0,12.303286618799802,LEVANTE,12.9,192.0,191.0,5.5,UNDERWAY_ENGINE,MOVING,0.0,0.0,LOW,0,ITAUG,202.76343647885173,10.76343647885173,1,47.59563965357769,22.0,32.0,37.0,18.0,28.0,29.0,2.0,0.90625,0.7231974794299467,2.2975125453172094,<6h,1.0996052822955151,0.0,0.0,0.7933533402912352,-0.6087614290087207,2.2975125453172094,2.0893975159167715,8.284352398979438,8.715328581914552,4.170422103071412,3.9356406462267994,3.920057725158375,1
AUGUSTA,AU-045,247243700,IEVOLI FAST,2,2026-04-09 11:11:24.500,2026-04-09 08:45:00,2026-04-09 08:44:45,2.440138888888889,<6h,12.4,15.426282,37.541347,42.00862450374558,46.043537995816514,0.4529354164292739,46.672354617808594,0.4628310372833644,NNE,sector,AU-022|AU-001|AU-007,247415600|256210000|247355500,True,1.8292615003721164,2.0049614190333256,2.032343178159992,15.0,12.167477266383305,LEVANTE,11.6,191.0,192.0,5.5,UNDERWAY_ENGINE,MOVING,0.0,0.0,LOW,0,ITAUG,204.22642594711067,13.22642594711067,1,42.00862450374558,19.0,32.0,36.0,17.0,27.0,28.0,4.0,0.875,0.6836059493631665,2.032343178159992,<6h,1.1110183960830993,0.0,0.0,0.7518398074789774,-0.6593458151000688,2.032343178159992,1.8292615003721164,7.203995836913212,7.478857116107834,4.076420731027075,3.9140256128706983,3.7996596451898794,1
AUGUSTA,AU-045,247243700,IEVOLI FAST,2,2026-04-09 11:11:24.500,2026-04-09 09:00:00,2026-04-09 08:59:58,2.190138888888889,<6h,11.9,15.412832,37.491995,36.53609358074416,40.80634923546435,0.7758287684780535,41.003591055963696,0.6116305270175829,NNE,sector,AU-022|AU-001|AU-007,247415600|256210000|247355500,True,1.6578077563544364,1.85156856251086,1.860518315696122,2.0,11.77329557643515,LEVANTE,11.8,191.6,191.0,5.5,UNDERWAY_ENGINE,MOVING,0.0,0.0,LOW,0,ITAUG,206.05279456204283,14.45279456204284,1,36.53609358074416,18.0,30.0,33.0,14.0,24.0,25.0,5.0,0.8333333333333334,0.6204896117539787,1.860518315696122,<6h,1.1222762763442797,0.0,0.0,0.7071067811865476,-0.7071067811865475,1.860518315696122,1.6578077563544364,6.0695269655375945,6.266911383588697,3.9272388659133495,3.7940381647552703,3.6576121888845092,1
AUGUSTA,AU-045,247243700,IEVOLI FAST,2,2026-04-09 11:11:24.500,2026-04-09 09:15:00,2026-04-09 09:14:11,1.9401388888888889,<6h,11.7,15.401332,37.446995,31.62106752896727,36.11985987112666,1.179742608356374,35.41385412981714,0.5889273319806411,NNE,sector,AU-022|AU-001|AU-010,247415600|256210000|215909000,True,1.4593171405810892,1.6669371006224112,1.6343548268361827,49.0,11.433632738015746,LEVANTE,11.5,190.9,191.0,5.5,UNDERWAY_ENGINE,MOVING,0.0,0.0,LOW,0,ITAUG,208.37580348306676,17.475803483066755,1,31.62106752896727,12.0,18.0,19.0,8.0,14.0,15.0,2.0,0.8333333333333334,0.6293554021463479,1.6343548268361827,<6h,1.1199449258749847,0.0,0.0,0.659345815100069,-0.7518398074789773,1.6343548268361827,1.4593171405810892,8.931532737709823,9.209112932250967,3.7574702086709193,3.5484826564117133,3.5332857285225945,1
AUGUSTA,AU-045,247243700,IEVOLI FAST,2,2026-04-09 11:11:24.500,2026-04-09 09:30:00,2026-04-09 09:29:24,1.6901388888888889,<6h,11.65,15.390132,37.398645,26.47424896262596,29.929513279299865,0.713772981806102,30.661247495456266,0.4508152299510093,NNE,sector,AU-022|AU-034|AU-001,247415600|247131100|256210000,True,1.2270344071888857,1.3871797698949684,1.421094350867929,36.0,11.075119617622995,LEVANTE,11.9,190.5,191.0,5.5,UNDERWAY_ENGINE,MOVING,0.0,0.0,LOW,0,ITAUG,212.01718997887508,21.51718997887508,1,26.474248962625953,21.0,33.0,33.0,17.0,28.0,29.0,4.0,0.8787878787878788,0.6892676471515726,1.421094350867929,<6h,1.1581536284085394,0.0,0.0,0.6087614290087209,-0.793353340291235,1.421094350867929,1.2270344071888857,7.386238953349037,7.687427777696351,3.517115506492329,3.335222180443459,3.315656644183271,1
AUGUSTA,AU-045,247243700,IEVOLI FAST,2,2026-04-09 11:11:24.500,2026-04-09 09:45:00,2026-04-09 09:44:37,1.4401388888888889,<6h,11.8,15.379182,37.351645,21.61806810167267,24.207433147611525,0.223762050032422,25.613025559865036,0.6258897729291438,NNE,sector,AU-034|AU-022|AU-001,247131100|247415600|256210000,True,0.989222283819264,1.1077091713773255,1.1720277464520734,23.0,10.648562620281014,LEVANTE,11.8,190.2,191.0,5.5,UNDERWAY_ENGINE,MOVING,0.0,0.0,LOW,0,ITAUG,217.185981385966,26.985981385966,1,21.61806810167267,18.0,30.0,31.0,15.0,26.0,27.0,3.0,0.9,0.6150478443556703,1.1720277464520734,<6h,1.1847971539086448,0.0,0.0,0.5555702330196025,-0.831469612302545,1.1720277464520734,0.9892222838192639,6.985968923383613,7.164610681252704,3.4494528459997724,2.9249950863404077,3.0017098853401034,1
AUGUSTA,AU-045,247243700,IEVOLI FAST,2,2026-04-09 11:11:24.500,2026-04-09 10:00:00,2026-04-09 09:59:50,1.1901388888888889,<6h,11.9,15.367732,37.299112,16.577532995346075,18.88519337877496,0.8498543373148466,19.98436863928041,1.002922926334037,NNE,sector,AU-034|AU-020|AU-001,247131100|246651000|256210000,True,0.7521976239788951,0.8569066091971865,0.906781160466106,10.0,10.535419948656068,LEVANTE,12.4,190.9,194.0,5.5,UNDERWAY_ENGINE,MOVING,0.0,0.0,LOW,0,ITAUG,226.63549378797208,35.735493787972075,1,16.577532995346075,20.0,31.0,33.0,18.0,29.0,30.0,1.0,0.967741935483871,0.4992703347953117,0.9067811604661057,<6h,1.2055092060375183,0.0,0.0,0.49999999999999994,-0.8660254037844387,0.9067811604661057,0.7521976239788951,7.276003079812383,7.3517283776745845,3.42182380891146,2.6555265563959867,2.6687085434945357,1
AUGUSTA,AU-045,247243700,IEVOLI FAST,2,2026-04-09 11:11:24.500,2026-04-09 10:15:00,2026-04-09 10:14:03,0.9401388888888887,<6h,12.4,15.354432,37.250277,12.397264135397329,17.1004134790783,6.202555351997995,15.27226149143084,0.6584991246996633,E,sector,AU-009|AU-034|AU-007,563205300|247131100|247355500,True,0.5398376704955988,0.7446358548334101,0.6650291529397528,57.0,10.149382222943832,LEVANTE,12.9,193.4,194.0,5.5,UNDERWAY_ENGINE,MOVING,0.0,0.0,LOW,0,ITAUG,241.2963154826203,47.89631548262028,1,12.397264135397327,18.0,31.0,33.0,17.0,29.0,29.0,1.0,0.9354838709677419,0.6029547951561864,0.6650291529397528,<6h,1.2319057918452077,0.0,0.0,0.4422886902190017,-0.8968727415326881,0.6650291529397528,0.5398376704955988,7.373287975150635,7.825682773520611,1.4138085899157873,1.2079124996603285,2.0066162629872943,1
AUGUSTA,AU-045,247243700,IEVOLI FAST,2,2026-04-09 11:11:24.500,2026-04-09 10:30:00,2026-04-09 10:29:17,0.6901388888888889,<6h,12.7,15.320958,37.208313,8.013621328094793,9.656542109248536,1.6462773407938076,8.564487081058076,0.314757415157936,E,sector,AU-004|AU-003|AU-002,247219700|247381300|229456000,True,0.3407093981435176,0.4105602842319237,0.3641301627973196,43.0,9.4210031285423,LEVANTE,12.1,236.7,240.0,5.5,UNDERWAY_ENGINE,MOVING,0.0,0.0,LOW,0,ITAUG,260.7271186492708,24.02711864927079,1,8.013621328094793,18.0,30.0,32.0,18.0,29.0,29.0,0.0,0.9666666666666667,0.7605965849448162,0.3641301627973196,<6h,1.0687411758566647,0.0,0.0,0.3826834323650899,-0.9238795325112867,0.3641301627973196,0.34070939814351764,4.562641867614154,4.989632949745575,1.1490592092114431,0.43018913888818744,0.4925674670299318,1
AUGUSTA,AU-045,247243700,IEVOLI FAST,2,2026-04-09 11:11:24.500,2026-04-09 10:45:00,2026-04-09 10:44:30,0.4401388888888889,<6h,12.0,15.282248,37.196367,4.480329795192343,4.670225569538855,0.1989662264909943,4.586605115150825,0.0637098266733434,E,sector,AU-014|AU-039|AU-005,247408700|538002630|636021733,True,0.2015987128866244,0.2101433391621154,0.2063807197242092,30.0,8.423256274888534,LEVANTE,2.9,254.7,262.0,5.5,UNDERWAY_ENGINE,UNKNOWN,0.0,0.0,LOW,0,ITAUG,270.44141801369256,15.741418013692567,1,4.480329795192343,19.0,32.0,32.0,19.0,30.0,30.0,2.0,0.9375,0.9401060091053308,0.2063807197242092,<6h,1.0237204234546577,0.0,0.0,0.32143946530316175,-0.9469301294951056,0.2063807197242092,0.20159871288662448,0.0,0.0,0.0,0.2587283194077835,0.025492165963148128,1
AUGUSTA,AU-045,247243700,IEVOLI FAST,2,2026-04-09 11:11:24.500,2026-04-09 11:00:00,2026-04-09 10:59:44,0.1901388888888888,<6h,5.2,15.263327,37.194283,2.816828272623769,2.9709313672296096,0.162384543654987,2.8560601419728457,0.0338521932232149,E,sector,AU-002|AU-036|AU-044,229456000|256891000|605076190,True,0.2924933826864688,0.3084951162183927,0.296567135526338,16.0,5.529150278725197,LEVANTE,8.4,273.7,275.0,5.5,UNDERWAY_ENGINE,MOVING,0.0,0.0,LOW,0,ITAUG,275.4088556095296,1.7088556095296212,1,2.8168282726237686,16.0,30.0,30.0,16.0,26.0,27.0,2.0,0.9,0.9672562543803531,0.296567135526338,<6h,1.0139276752261983,0.0,0.0,0.258819045102521,-0.9659258262890682,0.296567135526338,0.2924933826864688,0.0,0.0,0.0,0.3125033544961839,0.04297809482255349,1
AUGUSTA,AU-046,219031822,C-INSTALLER,2,2026-04-09 11:44:53.500,2026-04-09 08:00:00,2026-04-09 07:59:05,3.7481944444444446,<6h,7.9,15.415562,37.65168,53.13741518758499,61.33401650279924,3.9437806430534224,59.69712942291196,3.1827693926774945,NNE,sector,AU-001|AU-008|AU-022,256210000|210627000|247415600,True,3.631887196023798,4.192116391639503,4.080236858060526,55.0,7.979627911360072,LEVANTE,8.1,189.0,189.0,6.4,UNDERWAY_ENGINE,MOVING,0.0,0.0,LOW,0,AUGUSTA,197.85059423220014,8.850594232200137,1,53.13741518758499,18.0,33.0,36.0,14.0,27.0,28.0,5.0,0.8484848484848485,0.2390760537147077,4.080236858060526,<6h,1.1234481243050674,0.0,0.0,0.8660254037844387,-0.4999999999999998,4.080236858060526,3.631887196023798,11.402315334362749,11.601292607399195,6.001855929415521,6.031568395356124,6.0527495876869395,1
AUGUSTA,AU-046,219031822,C-INSTALLER,2,2026-04-09 11:44:53.500,2026-04-09 08:15:00,2026-04-09 08:14:18,3.4981944444444446,<6h,7.9,15.407488,37.618767,49.43788050769677,57.54063686029168,3.878816983666335,55.24113806469328,1.517962457191259,NNE,sector,AU-008|AU-004|AU-010,210627000|247219700|215909000,True,3.3790278390584767,3.932842828846794,3.775674471983301,42.0,7.980908363978624,LEVANTE,8.0,192.0,193.0,6.4,UNDERWAY_ENGINE,MOVING,0.0,0.0,LOW,0,AUGUSTA,198.3613257087649,6.361325708764895,1,49.43788050769677,20.0,32.0,37.0,15.0,27.0,31.0,1.0,0.96875,0.3971465091324204,3.7756744719833004,<6h,1.1173848372422241,0.0,0.0,0.8314696123025451,-0.5555702330196023,3.7756744719833004,3.3790278390584767,9.008547628087783,9.24696508728444,5.580343819803978,5.727006009278899,5.745180400695206,1
AUGUSTA,AU-046,219031822,C-INSTALLER,2,2026-04-09 11:44:53.500,2026-04-09 08:30:00,2026-04-09 08:29:32,3.2481944444444446,<6h,7.9,15.3987,37.588427,45.99326007069272,54.13544506882803,3.9354535457679822,51.75572533430396,1.5383635242437494,NNE,sector,AU-008|AU-004|AU-010,210627000|247219700|215909000,True,3.1435916061112663,3.700101502913581,3.5374501281067308,28.0,7.601054503071925,LEVANTE,6.9,193.0,193.0,6.4,UNDERWAY_ENGINE,MOVING,0.0,0.0,LOW,0,AUGUSTA,198.76432573477422,5.764325734774218,1,45.99326007069272,22.0,32.0,37.0,18.0,28.0,29.0,2.0,0.90625,0.39395460518127656,3.5374501281067308,<6h,1.1252893414112024,0.0,0.0,0.7933533402912352,-0.6087614290087207,3.5374501281067308,3.1435916061112663,7.410017853776447,7.497609481453345,5.402798006139028,5.48103760716315,5.495088642066184,1
AUGUSTA,AU-046,219031822,C-INSTALLER,2,2026-04-09 11:44:53.500,2026-04-09 08:45:00,2026-04-09 08:44:45,2.9981944444444446,<6h,7.0,15.389667,37.559667,42.71005552831982,50.95544954996068,4.050004649559711,48.497970716793766,1.577984569407646,NNE,sector,AU-008|AU-004|AU-010,210627000|247219700|215909000,True,3.294512151212575,3.930534522520879,3.740972748904178,15.0,7.158098266155559,LEVANTE,7.1,194.0,194.0,6.4,UNDERWAY_ENGINE,MOVING,0.0,0.0,LOW,0,AUGUSTA,199.12744827540533,5.127448275405328,1,42.71005552831982,19.0,32.0,36.0,17.0,27.0,28.0,4.0,0.875,0.3878999168058535,3.740972748904178,<6h,1.1355164519661218,0.0,0.0,0.7518398074789774,-0.6593458151000688,3.740972748904178,3.294512151212575,5.765424062591437,5.912855352262616,5.503261636298284,5.675237814054501,5.673425072620287,1
AUGUSTA,AU-046,219031822,C-INSTALLER,2,2026-04-09 11:44:53.500,2026-04-09 09:00:00,2026-04-09 08:59:58,2.7481944444444446,<6h,7.1,15.379122,37.530307,39.32142759664087,47.79927515146355,4.281592660505989,45.45811723679756,1.658295528151464,NNE,sector,AU-008|AU-010|AU-004,210627000|215909000|247219700,True,2.9904045566757578,3.6351470166598383,3.457101362577005,2.0,7.102412272273853,LEVANTE,8.0,196.0,193.0,6.4,UNDERWAY_ENGINE,MOVING,0.0,0.0,LOW,0,AUGUSTA,199.39960587099685,3.399605870996851,1,39.32142759664087,18.0,30.0,33.0,14.0,24.0,25.0,5.0,0.8333333333333334,0.37618089840273855,3.4571013625770055,<6h,1.1560647721925774,0.0,0.0,0.7071067811865476,-0.7071067811865475,3.4571013625770055,2.9904045566757578,4.292606700671877,4.385534129791325,5.139149454246836,5.391366427727329,5.388562763710974,1
AUGUSTA,AU-046,219031822,C-INSTALLER,2,2026-04-09 11:44:53.500,2026-04-09 09:15:00,2026-04-09 09:14:11,2.4981944444444446,<6h,7.3,15.368325,37.500947,35.92625949458849,45.3498909822322,4.809652844181663,42.52109169753115,1.787840776947317,NNE,sector,AU-008|AU-004|AU-010,210627000|247219700|215909000,True,2.6573463338108003,3.354381119428992,3.145144212663921,49.0,7.466956148363001,LEVANTE,7.3,196.0,195.0,6.4,UNDERWAY_ENGINE,MOVING,0.0,0.0,LOW,0,AUGUSTA,199.68962048875824,3.689620488758237,1,35.92625949458849,12.0,18.0,19.0,8.0,14.0,15.0,2.0,0.8333333333333334,0.3587005428247588,3.145144212663921,<6h,1.1835657899185419,0.0,0.0,0.659345815100069,-0.7518398074789773,3.145144212663921,2.6573463338108003,6.626956815533959,6.710952759867834,4.778574378720901,4.918248788127048,5.027264452571424,1
AUGUSTA,AU-046,219031822,C-INSTALLER,2,2026-04-09 11:44:53.500,2026-04-09 09:30:00,2026-04-09 09:29:24,2.2481944444444446,<6h,7.6,15.35728,37.470133,32.37273113902001,42.3854505782945,5.3649676943785405,39.423637247258775,2.062775210228098,NNE,sector,AU-008|AU-004|AU-010,210627000|247219700|215909000,True,2.299983740125896,3.0113568956955854,2.800929098503664,36.0,7.64846281924567,LEVANTE,8.1,196.0,195.0,6.4,UNDERWAY_ENGINE,MOVING,0.0,0.0,LOW,0,AUGUSTA,200.10174600815324,4.101746008153242,1,32.37273113902001,21.0,33.0,34.0,17.0,28.0,29.0,4.0,0.8787878787878788,0.32650127135041224,2.800929098503664,<6h,1.2178038694962023,0.0,0.0,0.6087614290087209,-0.793353340291235,2.800929098503664,2.2999837401258962,5.360611888330226,5.358524454157353,4.390580794920809,4.460352400103039,4.622830355197934,1
AUGUSTA,AU-046,219031822,C-INSTALLER,2,2026-04-09 11:44:53.500,2026-04-09 09:45:00,2026-04-09 09:44:37,1.9981944444444444,<6h,8.1,15.346823,37.438453,28.74945199679587,39.2683651393902,5.856901302328944,36.07603251094202,2.3456229834470776,NNE,sector,AU-008|AU-004|AU-010,210627000|247219700|215909000,True,1.9164768149745264,2.6176815947650987,2.4048764439472854,23.0,7.639976849885338,LEVANTE,8.0,194.0,194.0,6.4,UNDERWAY_ENGINE,MOVING,0.0,0.0,LOW,0,AUGUSTA,200.78031972016205,6.780319720162055,1,28.74945199679587,18.0,30.0,31.0,15.0,26.0,27.0,3.0,0.9,0.29889799446848475,2.4048764439472854,<6h,1.2548424406476582,0.0,0.0,0.5555702330196025,-0.831469612302545,2.4048764439472854,1.9164768149745266,4.285970660100729,4.136202384982138,4.0607472777044045,3.814380587610776,4.084971808071496,1
AUGUSTA,AU-046,219031822,C-INSTALLER,2,2026-04-09 11:44:53.500,2026-04-09 10:00:00,2026-04-09 09:59:50,1.7481944444444444,<6h,8.1,15.336498,37.404,24.8493044928765,33.46446367338241,5.3686929314155485,32.359591850641365,2.565328281651538,NNE,sector,AU-008|AU-004|AU-010,210627000|247219700|215909000,True,1.6564877805026597,2.2307857820295984,2.157133552691876,10.0,8.008965745009286,LEVANTE,8.0,194.0,195.0,6.4,UNDERWAY_ENGINE,MOVING,0.0,0.0,LOW,0,AUGUSTA,201.94194006559746,7.941940065597464,1,24.8493044928765,20.0,31.0,33.0,18.0,29.0,30.0,1.0,0.967741935483871,0.28047908102778635,2.157133552691876,<6h,1.3022333023412316,0.0,0.0,0.49999999999999994,-0.8660254037844387,2.157133552691876,1.6564877805026597,2.5227832134665418,2.2908751622050674,3.716887635052669,3.6152390870903206,3.831939720762125,1
AUGUSTA,AU-046,219031822,C-INSTALLER,2,2026-04-09 11:44:53.500,2026-04-09 10:15:00,2026-04-09 10:14:03,1.4981944444444444,<6h,8.0,15.327637,37.37382,21.45046649861101,29.597206734725543,4.91830525528006,29.01991119207882,2.727713373233282,NNE,sector,AU-008|AU-004|AU-010,210627000|247219700|215909000,True,1.4477906654030108,1.9976516424625768,1.9586873104804816,57.0,8.034027611013862,LEVANTE,8.0,192.0,194.0,6.4,UNDERWAY_ENGINE,MOVING,0.0,0.0,LOW,0,AUGUSTA,203.3461453193073,11.346145319307311,1,21.45046649861101,18.0,32.0,33.0,17.0,29.0,29.0,2.0,0.90625,0.2682609685552719,1.9586873104804818,<6h,1.3528801899929754,0.0,0.0,0.4422886902190017,-0.8968727415326881,1.9586873104804818,1.4477906654030108,4.950481698813842,4.785084850680454,3.4105014463659145,3.335367154719675,3.656215858573458,1
AUGUSTA,AU-046,219031822,C-INSTALLER,2,2026-04-09 11:44:53.500,2026-04-09 10:30:00,2026-04-09 10:29:17,1.2481944444444444,<6h,8.0,15.318528,37.34024,17.718628438958543,25.899190273868985,4.492905992068635,25.145028640976125,2.824290511591579,NNE,sector,AU-008|AU-004|AU-010,210627000|247219700|215909000,True,1.1959117466899665,1.7480554990462327,1.6971536609730105,43.0,7.844326754265151,LEVANTE,8.1,195.0,202.0,6.4,UNDERWAY_ENGINE,MOVING,0.0,0.0,LOW,0,AUGUSTA,205.73527756495835,10.735277564958352,1,17.718628438958543,18.0,31.0,32.0,18.0,29.0,29.0,1.0,0.9354838709677419,0.2614864108699273,1.6971536609730105,<6h,1.4191295182695354,0.0,0.0,0.3826834323650899,-0.9238795325112867,1.6971536609730105,1.1959117466899665,2.75113255680668,2.490657728583056,2.9788637994509983,3.0649727640135174,3.399781807965949,1
AUGUSTA,AU-046,219031822,C-INSTALLER,2,2026-04-09 11:44:53.500,2026-04-09 10:45:00,2026-04-09 10:44:30,0.9981944444444444,<6h,8.1,15.30684,37.307003,13.956878480631888,22.1642061100283,4.5946229346695375,19.401203699293045,2.85934857605848,NNE,sector,AU-008|AU-022|AU-004,210627000|247415600|247219700,True,0.9303841346446876,1.4774955410252713,1.293310115143658,30.0,7.972835138132253,LEVANTE,8.3,197.0,203.0,6.4,UNDERWAY_ENGINE,MOVING,0.0,0.0,LOW,0,AUGUSTA,208.49424684966937,11.494246849669366,1,13.956878480631888,20.0,32.0,32.0,19.0,30.0,31.0,1.0,0.96875,0.2591110857939895,1.2933101151436581,<6h,1.3900818672467705,0.0,0.0,0.32143946530316175,-0.9469301294951056,1.2933101151436581,0.9303841346446875,1.8754940994040954,1.5199190957952613,2.6806551164447,2.6611292181841653,2.9928597205083225,1
AUGUSTA,AU-046,219031822,C-INSTALLER,2,2026-04-09 11:44:53.500,2026-04-09 11:00:00,2026-04-09 10:59:44,0.7481944444444445,<6h,8.3,15.29419,37.27297,10.130426553746828,17.701881072139876,4.474265681926788,15.056307037407002,2.963167173234174,NNE,sector,AU-008|AU-022|AU-004,210627000|247415600|247219700,True,0.6590352698318215,1.1515965203453038,0.9794886047911084,16.0,8.073499968306628,LEVANTE,8.3,195.0,199.0,6.4,UNDERWAY_ENGINE,MOVING,0.0,0.0,LOW,0,AUGUSTA,213.13852275554905,18.138522755549047,1,10.130426553746828,17.0,30.0,30.0,16.0,26.0,27.0,2.0,0.9,0.25232344644799376,0.9794886047911083,<6h,1.4862461079527094,0.0,0.0,0.258819045102521,-0.9659258262890682,0.9794886047911083,0.6590352698318215,0.16461359284530186,0.0,2.269416720713329,2.3959090985665696,2.675122714581483,1
AUGUSTA,AU-046,219031822,C-INSTALLER,2,2026-04-09 11:44:53.500,2026-04-09 11:15:00,2026-04-09 11:14:58,0.4981944444444444,<6h,8.3,15.282,37.239663,6.536227752888469,10.369204544995789,3.3083948324639976,10.112885082519888,2.2181390798854013,NNE,sector,AU-008|AU-020|AU-022,210627000|246651000|247415600,True,0.4252145354347282,0.6745689807824681,0.6578941087798204,2.0,7.890914139742565,LEVANTE,8.2,196.0,196.0,6.4,UNDERWAY_ENGINE,MOVING,0.0,0.0,LOW,0,AUGUSTA,223.00640391643222,27.00640391643222,1,6.536227752888469,19.0,31.0,32.0,17.0,28.0,28.0,2.0,0.9032258064516129,0.31073858996659964,0.6578941087798204,<6h,1.5472051257777597,0.0,0.0,0.19509032201612816,-0.9807852804032304,0.6578941087798204,0.4252145354347282,0.0,0.0,1.9328164350401695,2.152650192329102,2.3231357375064783,1
AUGUSTA,AU-046,219031822,C-INSTALLER,2,2026-04-09 11:44:53.500,2026-04-09 11:30:00,2026-04-09 11:29:10,0.2481944444444444,<6h,8.2,15.270692,37.209167,3.7253691803756745,4.856996027996205,1.5284770680797874,4.240961592610158,0.3835950405376383,E,sector,AU-013|AU-020|AU-010,538002883|246651000|215909000,True,0.2453095651619656,0.3198253719114606,0.2792604957468628,50.0,7.050076726496943,LEVANTE,7.6,203.0,204.0,6.4,UNDERWAY_ENGINE,MOVING,0.0,0.0,LOW,0,AUGUSTA,248.1042008386755,45.104200838675496,1,3.7253691803756745,20.0,31.0,32.0,16.0,26.0,28.0,2.0,0.9032258064516129,0.7227548312195593,0.27926049574686285,<6h,1.1384003537019893,0.0,0.0,0.130526192220052,-0.9914448613738104,0.27926049574686285,0.2453095651619656,2.7919892258400507,2.8697409798812696,0.8850835894939703,1.080605783368609,0.3114457967721409,1
AUGUSTA,AU-047,314001155,TALUREX,2,2026-04-09 13:23:19.500,2026-04-09 10:45:00,2026-04-09 10:44:30,2.63875,<6h,12.2,15.722488,37.038148,46.953672766194046,56.17251252360427,21.395374037581703,56.34578300643621,14.017363468740244,E,sector,AU-033|AU-036|AU-044,215054000|256891000|605076190,True,2.0781110702737866,2.4861254347804884,2.493794170521732,30.0,13.643448936560564,LEVANTE,12.2,300.1,303.0,,UNDERWAY_ENGINE,MOVING,0.0,0.0,LOW,0,,292.1970782036737,7.902921796326325,0,46.953672766194046,20.0,33.0,33.0,19.0,30.0,31.0,2.0,0.9393939393939394,0.06658958492158588,2.4937941705217312,<6h,1.2000292988156689,0.0,0.0,0.32143946530316175,-0.9469301294951056,2.4937941705217312,2.0781110702737866,4.493032629522299,4.520039209881363,2.333965525610465,2.3085337360298674,2.282043771791206,1
AUGUSTA,AU-047,314001155,TALUREX,2,2026-04-09 13:23:19.500,2026-04-09 11:00:00,2026-04-09 10:59:44,2.38875,<6h,12.2,15.66556,37.06447,41.17835665727003,48.06859112323737,16.58344451502163,48.76423938057714,10.84674178432619,E,sector,AU-033|AU-036|AU-044,215054000|256891000|605076190,True,1.8225027731327248,2.127455967993723,2.158244493351323,16.0,13.854444002237216,LEVANTE,12.2,300.2,303.0,14.9,UNDERWAY_ENGINE,MOVING,0.0,0.0,LOW,0,IT AUG,291.04533214594795,9.154667854052036,1,41.17835665727003,17.0,31.0,31.0,16.0,26.0,27.0,3.0,0.8709677419354839,0.08441139498144952,2.158244493351323,<6h,1.1842201423054561,0.0,0.0,0.258819045102521,-0.9659258262890682,2.158244493351323,1.8225027731327246,7.029712811154298,7.381259571603322,2.48039063517658,2.7138014814015445,2.753287915599036,1
AUGUSTA,AU-047,314001155,TALUREX,2,2026-04-09 13:23:19.500,2026-04-09 11:15:00,2026-04-09 11:14:58,2.13875,<6h,12.2,15.608533,37.088568,35.50125026439018,41.83957210571892,12.104775811231509,42.089498803504455,7.931231752878584,E,sector,AU-033|AU-036|AU-038,215054000|256891000|309518000,True,1.5712411156919492,1.8517673452589545,1.862828789589653,2.0,12.178188405489225,LEVANTE,12.2,296.1,298.0,14.9,UNDERWAY_ENGINE,MOVING,0.0,0.0,LOW,0,IT AUG,289.9041177929663,6.195882207033719,1,35.50125026439018,19.0,32.0,33.0,17.0,28.0,28.0,3.0,0.875,0.11196663883206194,1.862828789589653,<6h,1.1855779300742733,0.0,0.0,0.19509032201612816,-0.9807852804032304,1.862828789589653,1.5712411156919492,5.66060020386683,5.936233125746813,2.254359620488865,2.506023566312462,2.4209123306019813,1
AUGUSTA,AU-047,314001155,TALUREX,2,2026-04-09 13:23:19.500,2026-04-09 11:30:00,2026-04-09 11:29:10,1.88875,<6h,12.2,15.554898,37.110045,30.22226937071409,37.85868905571832,9.154635863367744,35.209646744339125,5.562887544525455,E,sector,AU-033|AU-038|AU-036,215054000|309518000|256891000,True,1.337599996933492,1.675578420127037,1.5583351071211948,50.0,12.059416721783853,LEVANTE,12.1,296.6,297.0,14.9,UNDERWAY_ENGINE,MOVING,0.0,0.0,LOW,0,IT AUG,288.6820040983237,7.917995901676306,1,30.222269370714095,21.0,32.0,33.0,16.0,26.0,28.0,3.0,0.875,0.15237195414603244,1.5583351071211948,<6h,1.165023258592814,0.0,0.0,0.130526192220052,-0.9914448613738104,1.5583351071211948,1.337599996933492,8.71275533379564,9.105743747868447,2.021798105167997,2.322503046552085,2.233495321544889,1
AUGUSTA,AU-047,314001155,TALUREX,2,2026-04-09 13:23:19.500,2026-04-09 11:45:00,2026-04-09 11:44:23,1.63875,<6h,12.1,15.49719,37.132493,24.58676063656468,30.266855411394417,6.689010816359193,28.085181325645912,3.221300420499943,E,sector,AU-038|AU-014|AU-036,309518000|247408700|256891000,True,1.0971726182355763,1.350644173437446,1.253287994468607,37.0,12.02043657271882,LEVANTE,11.3,295.1,298.0,14.9,UNDERWAY_ENGINE,MOVING,0.0,0.0,LOW,0,IT AUG,286.9518442602814,8.148155739718618,1,24.586760636564673,17.0,29.0,30.0,15.0,26.0,26.0,3.0,0.896551724137931,0.2368938242688651,1.253287994468607,<6h,1.142288800903625,0.0,0.0,0.06540312923014312,-0.9978589232386035,1.253287994468607,1.0971726182355765,7.1206695381204135,7.486640206117157,1.7876564881879278,2.0150836371692367,1.9660358086514864,1
AUGUSTA,AU-047,314001155,TALUREX,2,2026-04-09 13:23:19.500,2026-04-09 12:00:00,2026-04-09 11:59:36,1.38875,<6h,11.2,15.451228,37.149272,20.15475190481068,24.510419922680327,4.856509281904578,22.488799005607728,1.7095629854921004,E,sector,AU-038|AU-032|AU-036,309518000|271051219|256891000,True,0.9716692333004224,1.18165785650071,1.084194645055911,24.0,10.717244457089786,LEVANTE,7.7,293.8,297.0,14.9,UNDERWAY_ENGINE,MOVING,0.0,0.0,LOW,0,IT AUG,285.22417615790243,8.575823842097577,1,20.154751904810677,21.0,34.0,35.0,19.0,31.0,32.0,2.0,0.9411764705882353,0.36906320515682123,1.084194645055911,<6h,1.1158062928197068,0.0,0.0,1.2246467991473532e-16,-1.0,1.084194645055911,0.9716692333004223,4.610335641043105,4.806350038365434,1.7128726533659657,1.1503316989009265,1.1215397191153602,1
AUGUSTA,AU-047,314001155,TALUREX,2,2026-04-09 13:23:19.500,2026-04-09 12:15:00,2026-04-09 12:14:49,1.13875,<6h,7.5,15.422233,37.15889,17.398166966949226,20.93319725220132,3.8867994314494663,19.0743109944089,1.5246739931884357,E,sector,AU-032|AU-038|AU-036,271051219|309518000|256891000,True,1.2525678161950486,1.5070696365875678,1.3732405323548524,11.0,7.65252366543011,LEVANTE,4.6,291.3,298.0,14.9,UNDERWAY_ENGINE,MOVING,0.0,0.0,LOW,0,IT AUG,284.02899386637716,7.271006133622848,1,17.398166966949226,21.0,34.0,36.0,17.0,28.0,30.0,4.0,0.8823529411764706,0.3960907438734655,1.3732405323548524,<6h,1.096340265652341,0.0,0.0,-0.06540312923014287,-0.9978589232386035,1.3732405323548524,1.2525678161950486,1.1897528458591102,1.1872250051001128,1.7371456609179898,1.3977530701567578,1.3759830460418563,1
AUGUSTA,AU-047,314001155,TALUREX,2,2026-04-09 13:23:19.500,2026-04-09 12:30:00,2026-04-09 12:29:01,0.88875,<6h,6.199999999999999,15.390385,37.169223,14.388220125836106,16.88488196325953,2.814461666712752,15.886336760656764,1.3539387222465546,E,sector,AU-036|AU-033|AU-014,256891000|215054000|247408700,True,1.2530673139618989,1.4705011115498092,1.383538002565384,59.0,6.350844781327729,LEVANTE,9.2,294.0,298.0,14.9,UNDERWAY_ENGINE,MOVING,0.0,0.0,LOW,0,IT AUG,282.2928247142145,11.707175285785524,1,14.388220125836106,24.0,37.0,39.0,21.0,32.0,34.0,2.0,0.918918918918919,0.42481989465113135,1.383538002565384,<6h,1.104121053314341,0.0,0.0,-0.13052619222005177,-0.9914448613738104,1.383538002565384,1.2530673139618989,4.565936100521208,4.953964209720902,1.4578805311751033,2.08980252154379,2.0769082150151768,1
AUGUSTA,AU-047,314001155,TALUREX,2,2026-04-09 13:23:19.500,2026-04-09 12:45:00,2026-04-09 12:44:15,0.63875,<6h,9.35,15.339108,37.184962,9.605837640308764,10.508948893490103,1.0328281213563693,9.915074620496297,0.1902877557593101,E,sector,AU-036|AU-017|AU-033,256891000|229370000|215054000,True,0.5547312713129188,0.6068853959581261,0.5725895185142407,45.0,8.5770534795433,LEVANTE,10.3,289.0,293.0,14.9,UNDERWAY_ENGINE,MOVING,0.0,0.0,LOW,0,IT AUG,277.8194636193322,11.180536380667775,1,9.605837640308764,19.0,31.0,33.0,19.0,28.0,29.0,2.0,0.9354838709677419,0.8401329805850842,0.5725895185142408,<6h,1.0321926095117295,0.0,0.0,-0.19509032201612792,-0.9807852804032305,0.5725895185142408,0.5547312713129188,3.2112015499208946,3.8784735080012065,0.8954995581055045,0.6623910424885506,0.3736449617296199,1
AUGUSTA,AU-047,314001155,TALUREX,2,2026-04-09 13:23:19.500,2026-04-09 13:00:00,2026-04-09 12:59:28,0.38875,<6h,9.7,15.297045,37.193323,5.8028795272365645,5.866924520004712,0.0627315244516039,5.819148913562869,0.0133135303348398,E,sector,AU-007|AU-040|AU-004,247355500|247381300|247219700,True,0.3230210598314758,0.3265861659729638,0.3239267057938406,32.0,9.13440998265706,LEVANTE,7.1,274.7,280.0,14.9,UNDERWAY_ENGINE,MOVING,0.0,0.0,LOW,0,IT AUG,273.69330482314643,1.0066951768535546,1,5.8028795272365645,23.0,36.0,38.0,21.0,31.0,34.0,2.0,0.9444444444444444,0.9868613909354981,0.3239267057938406,<6h,1.002803674667024,0.0,0.0,-0.2588190451025208,-0.9659258262890683,0.3239267057938406,0.32302105983147583,0.0,0.38925729403335046,0.5990474516090077,0.3795397691732917,0.08874097217362584,1
AUGUSTA,AU-047,314001155,TALUREX,2,2026-04-09 13:23:19.500,2026-04-09 13:15:00,2026-04-09 13:14:42,0.13875,<6h,7.3,15.257755,37.196937,2.310942508796165,2.44040065408796,0.1281166496924602,2.341158200102021,0.0213992601452389,E,sector,AU-032|AU-022|AU-017,271051219|247415600|229370000,True,0.1709327575369215,0.1805083474428208,0.1731677120700332,18.0,7.761434988682292,LEVANTE,8.0,276.0,272.0,14.9,UNDERWAY_ENGINE,MOVING,0.0,0.0,LOW,0,IT AUG,269.26258624221424,6.73741375778576,1,2.3109425087961655,22.0,35.0,37.0,16.0,24.0,28.0,6.0,0.8,0.9790490741669463,0.17316771207003318,<6h,1.0130750510628652,0.0,0.0,-0.32143946530316153,-0.9469301294951057,0.17316771207003318,0.17093275753692158,0.0,0.0,0.19185316093445837,0.23281031796267707,0.0,1
AUGUSTA,AU-048,210515000,SOLVIK,2,2026-04-09 17:07:38.500,2026-04-09 14:00:00,2026-04-09 13:59:22,3.127361111111111,<6h,10.0,15.323312,36.783263,46.68351624921097,62.79397244691682,30.814475134719096,63.58840078101136,18.850320225712142,SSE,sector,AU-032|AU-038|AU-039,271051219|309518000|538002630,True,2.520708220799728,3.390603263872398,3.4334989622576324,38.0,7.743031719423283,LEVANTE,10.0,34.2,35.0,,UNDERWAY_ENGINE,MOVING,0.0,0.0,LOW,0,,349.986332846816,44.21366715318396,0,44.508507297680644,28.0,39.0,41.0,21.0,30.0,37.0,1.0,0.9487179487179487,0.050377021057055736,3.4334989622576324,<6h,1.3621167788980786,0.0,0.0,-0.4999999999999997,-0.8660254037844388,3.4334989622576324,2.5207082207997282,5.7333424895114184,5.505202525182462,4.227242756594056,4.430735085656976,3.554707787563926,1
AUGUSTA,AU-048,210515000,SOLVIK,2,2026-04-09 17:07:38.500,2026-04-09 14:15:00,2026-04-09 14:14:36,2.877361111111111,<6h,9.9,15.353833,36.817847,43.49726763275832,58.12295695048324,26.143459638285524,58.89176923834299,14.77988060967084,SSE,sector,AU-032|AU-038|AU-039,271051219|309518000|538002630,True,2.372388443438615,3.1700894992300563,3.2120213603826047,24.0,7.041682285493492,LEVANTE,10.0,36.5,35.0,4.0,UNDERWAY_ENGINE,MOVING,0.0,0.0,LOW,0,AUGUSTA IT,345.5952120279777,50.90478797202229,1,41.4968601077195,27.0,38.0,39.0,26.0,34.0,34.0,4.0,0.8947368421052632,0.06337183561370807,3.2120213603826047,<6h,1.3539188193511005,0.0,0.0,-0.555570233019602,-0.8314696123025455,3.2120213603826047,2.372388443438615,4.539924799280612,4.1694150638176,4.311621573204009,5.5848508709535825,4.674299055675548,1
AUGUSTA,AU-048,210515000,SOLVIK,2,2026-04-09 17:07:38.500,2026-04-09 14:30:00,2026-04-09 14:29:49,2.627361111111111,<6h,9.9,15.385448,36.851323,40.75511025470382,53.532182065854286,21.55268475365656,54.23430432244564,10.715653987569436,SSE,sector,AU-032|AU-038|AU-039,271051219|309518000|538002630,True,2.222828187637925,2.9197036273018675,2.957998141372997,11.0,6.307553005678479,LEVANTE,9.8,37.3,35.0,4.0,UNDERWAY_ENGINE,MOVING,0.0,0.0,LOW,0,AUGUSTA IT,340.47496143497096,56.82503856502905,1,38.97386361565342,25.0,36.0,38.0,23.0,33.0,33.0,2.0,0.9166666666666666,0.08535588376551764,2.957998141372997,<6h,1.330736292541034,0.0,0.0,-0.6087614290087207,-0.7933533402912352,2.957998141372997,2.2228281876379246,4.633765729254673,4.203354697724885,4.297772137710453,5.4122533421032255,4.455100616372384,1
AUGUSTA,AU-048,210515000,SOLVIK,2,2026-04-09 17:07:38.500,2026-04-09 14:45:00,2026-04-09 14:44:02,2.377361111111111,<6h,9.9,15.414503,36.882368,38.53243313853572,49.31627047200912,17.336773159811404,49.93005728121904,7.560562284857682,SSE,sector,AU-032|AU-039|AU-038,271051219|538002630|309518000,True,2.10160095220759,2.6897632083256497,2.7232398106998184,58.0,5.464816640698605,LEVANTE,9.8,37.6,32.0,4.0,UNDERWAY_ENGINE,MOVING,0.0,0.0,LOW,0,AUGUSTA IT,335.1473609996859,62.45263900031415,1,36.994928158979484,26.0,38.0,39.0,23.0,34.0,34.0,3.0,0.8947368421052632,0.11681475663915748,2.723239810699819,<6h,1.2957930038236989,0.0,0.0,-0.6593458151000688,-0.7518398074789775,2.723239810699819,2.10160095220759,8.772435151123688,8.436316129402389,4.270614958564001,5.785677945157271,4.8532866382825235,1
AUGUSTA,AU-048,210515000,SOLVIK,2,2026-04-09 17:07:38.500,2026-04-09 15:00:00,2026-04-09 14:59:16,2.127361111111111,<6h,9.8,15.444805,36.916977,36.399640647898096,44.74811825603093,12.768620943833206,45.25427018898794,5.513200967000619,SSE,sector,AU-032|AU-039|AU-038,271051219|538002630|309518000,True,2.0055340419567425,2.465515397365833,2.493403170813017,44.0,4.79137272619228,LEVANTE,10.3,34.0,21.0,4.0,UNDERWAY_ENGINE,MOVING,0.0,0.0,LOW,0,AUGUSTA IT,328.75839716776403,65.24160283223597,1,35.172030828530275,26.0,36.0,37.0,23.0,32.0,32.0,3.0,0.8888888888888888,0.15353433819508075,2.493403170813017,<6h,1.2432614548792573,0.0,0.0,-0.7071067811865471,-0.7071067811865479,2.493403170813017,2.0055340419567425,8.668129236359743,8.317677028896878,4.230782223506985,4.879183422831922,3.9820171550564893,1
AUGUSTA,AU-048,210515000,SOLVIK,2,2026-04-09 17:07:38.500,2026-04-09 15:45:00,2026-04-09 15:44:56,1.377361111111111,<6h,10.0,15.444263,37.044747,25.31137142778796,30.731120719265046,2.729080108843565,31.817567097183638,2.135305600331109,SSE,sector,AU-032|AU-039|AU-017,271051219|538002630|229370000,True,1.366704720722892,1.659347771018631,1.7180111823533275,4.0,8.088437805508722,LEVANTE,10.2,323.9,322.0,4.0,UNDERWAY_ENGINE,MOVING,0.0,0.0,LOW,0,AUGUSTA IT,311.9305194589501,11.969480541049904,1,24.99579525427509,24.0,32.0,32.0,23.0,31.0,31.0,1.0,0.96875,0.31894817522553254,1.7180111823533282,<6h,1.2570463512005865,0.0,0.0,-0.8314696123025452,-0.5555702330196022,1.7180111823533282,1.366704720722892,0.0,0.0,2.1297901371722365,2.009444843369464,1.9106009878912102,1
AUGUSTA,AU-048,210515000,SOLVIK,2,2026-04-09 17:07:38.500,2026-04-09 16:00:00,2026-04-09 15:59:09,1.127361111111111,<6h,10.2,15.413683,37.077375,20.8872672404202,26.8721776235438,3.3543775029919902,25.964415600689428,2.238493091386109,SSE,sector,AU-032|AU-039|AU-021,271051219|538002630|255801270,True,1.1057080443198766,1.4225308952454052,1.3744767501317827,51.0,9.222065210427886,LEVANTE,10.3,324.0,322.0,4.0,UNDERWAY_ENGINE,MOVING,0.0,0.0,LOW,0,AUGUSTA IT,309.47925535374094,14.520744646259061,1,20.73757211613936,22.0,29.0,29.0,22.0,29.0,29.0,0.0,1.0,0.3087855900201997,1.3744767501317827,<6h,1.2430738450286178,0.0,0.0,-0.8660254037844384,-0.5000000000000004,1.3744767501317827,1.1057080443198768,0.6391902880066604,0.26903185003150276,1.8175433184993934,1.6173090204129643,1.5851145364029962,1
AUGUSTA,AU-048,210515000,SOLVIK,2,2026-04-09 17:07:38.500,2026-04-09 16:15:00,2026-04-09 16:14:22,0.8773611111111111,<6h,10.3,15.381787,37.112603,16.259646212108947,20.85188550894433,3.183240546614823,19.995998609122765,2.2570531178995967,SSE,sector,AU-032|AU-021|AU-039,271051219|255801270|538002630,True,0.8523792809719719,1.093118198585855,1.048250047658934,38.0,9.963276448235211,LEVANTE,10.5,324.3,323.0,4.0,UNDERWAY_ENGINE,MOVING,0.0,0.0,LOW,0,AUGUSTA IT,305.13705570506477,19.162944294935244,1,16.259646212108947,23.0,31.0,31.0,22.0,30.0,30.0,1.0,0.967741935483871,0.30702600289333887,1.048250047658934,<6h,1.2297929701712247,0.0,0.0,-0.8968727415326883,-0.44228869021900136,1.048250047658934,0.8523792809719719,0.14422320022855128,0.0,1.6081599333686234,1.299627015612039,1.2478199458146464,1
AUGUSTA,AU-048,210515000,SOLVIK,2,2026-04-09 17:07:38.500,2026-04-09 16:30:00,2026-04-09 16:29:36,0.6273611111111111,<6h,10.4,15.348368,37.148785,11.630246414886434,15.427928255649944,5.082134248875877,13.626049540211522,1.3759263532869754,E,sector,AU-021|AU-032|AU-038,255801270|271051219|309518000,True,0.6038298728446603,0.8010014254677866,0.7074498224482639,24.0,9.84904704330694,LEVANTE,10.6,322.3,323.0,4.0,UNDERWAY_ENGINE,MOVING,0.0,0.0,LOW,0,AUGUSTA IT,297.279810241105,25.020189758895015,1,11.630246414886434,22.0,30.0,30.0,22.0,30.0,30.0,0.0,1.0,0.420888466772781,0.7074498224482639,<6h,1.171604543371541,0.0,0.0,-0.9238795325112868,-0.3826834323650895,0.7074498224482639,0.6038298728446603,0.0,0.0,0.9290469224326279,0.6215556093879921,0.5893868271410307,1
AUGUSTA,AU-048,210515000,SOLVIK,2,2026-04-09 17:07:38.500,2026-04-09 16:45:00,2026-04-09 16:44:49,0.3773611111111111,<6h,10.4,15.31297,37.182528,7.371642327108307,8.46736404493517,1.2058995043988137,8.053475382228225,0.5568864689783583,E,sector,AU-038|AU-039|AU-036,309518000|538002630|256891000,True,0.3827277333811839,0.4396164253268385,0.4181277715478185,11.0,9.456429885412804,LEVANTE,10.3,319.7,322.0,4.0,UNDERWAY_ENGINE,MOVING,0.0,0.0,LOW,0,AUGUSTA IT,282.33862148264683,37.36137851735316,1,7.371642327108307,22.0,30.0,30.0,22.0,30.0,30.0,0.0,1.0,0.6423075927021243,0.41812777154781855,<6h,1.092494050153866,0.0,0.0,-0.9469301294951056,-0.3214394653031618,0.41812777154781855,0.3827277333811839,0.0,0.0,1.0144864491885657,0.3582996860959358,0.3727567595637693,1
AUGUSTA,AU-048,210515000,SOLVIK,2,2026-04-09 17:07:38.500,2026-04-09 17:00:00,2026-04-09 16:59:01,0.1273611111111111,<6h,10.6,15.262633,37.193543,2.764776970721886,2.9930835960858846,0.2452379874017478,2.858046749015105,0.0828452688685488,E,sector,AU-036|AU-002|AU-043,256891000|229456000|247408700,True,0.1408358618282064,0.1524656463224807,0.145586961011813,59.0,9.76379260733129,LEVANTE,11.0,281.4,281.0,4.0,UNDERWAY_ENGINE,MOVING,0.0,0.0,LOW,0,AUGUSTA IT,277.22644515452936,4.173554845470619,1,2.764776970721886,22.0,30.0,30.0,21.0,29.0,29.0,0.0,0.9666666666666667,0.9234929760970256,0.14558696101181307,<6h,1.033735009832951,0.0,0.0,-0.9659258262890683,-0.25881904510252063,0.14558696101181307,0.14083586182820643,0.0,0.0,0.016331103644060097,0.1312120036750528,0.0,1
CATANIA,CT-037,247241800,EUROCARGO PALERMO,2,2026-04-10 05:32:45.500,2026-04-10 05:30:00,2026-04-10 05:29:12,0.0459722222222222,<6h,12.65,15.100288,37.47997,0.6968417691742673,0.7597413556066296,0.0651753906860548,0.7486828915636736,0.0188924562324396,SSE,sector,CT-018|CT-014|CT-017,246518000|205481000|247383400,False,0.029744225628282,0.032429052476401,0.0319570293225857,48.0,9.806419752398384,,6.4,319.1,324.0,7.2,UNDERWAY_ENGINE,MOVING,0.0,0.0,LOW,0,ITSAL>ITCTA,339.3281608054383,20.22816080543828,1,0.6968417691742673,10.0,10.0,18.0,10.0,10.0,10.0,0.0,1.0,0.9814578505151582,0.03195702932258571,<6h,1.074394395804999,0.0,0.0,0.9914448613738104,0.1305261922200517,0.03195702932258571,0.029744225628282092,4.882633340114211,5.335701386372404,0.667147730660087,0.25059297459271773,0.3080725732858085,2
CATANIA,CT-040,247296500,EUROCARGO ALEXANDRIA,3,2026-04-10 11:53:06.500,2026-04-10 11:45:00,2026-04-10 11:44:29,0.1351388888888889,<6h,17.65,15.104782,37.476353,1.234564120812699,1.380612100491727,0.1679357409883179,1.4157287976899522,0.0433211210346234,SSE,sector,CT-019|CT-011|CT-009,314900000|247296500|249281000,True,0.0377683454014249,0.0422363114217453,0.0433106173462255,31.0,12.266630773410345,,7.1,293.2,296.0,7.6,UNDERWAY_ENGINE,MOVING,0.0,0.0,LOW,0,ITCTA,328.6381523943397,35.43815239433974,1,1.234564120812699,12.0,12.0,19.0,12.0,12.0,12.0,0.0,1.0,0.9584776727306513,0.04331061734622557,<6h,1.1467438376210015,0.0,0.0,0.06540312923014312,-0.9978589232386035,0.04331061734622557,0.037768345401424964,4.2409172868920875,4.917963711729315,0.9215320804221777,0.36570111149949547,0.38408091870358285,2
CATANIA,CT-041,247408700,MERSEY SPIRIT,3,2026-04-10 14:18:26.500,2026-04-04 04:15:00,2026-04-04 04:14:27,154.0573611111111,>72h,8.2,15.32743,37.21153,36.65263724517893,38.762615029771965,0.5384525813323274,39.17690666685909,0.9120377515982592,SSE,sector,CT-012|CT-023|CT-014,247319800|249281000|205481000,False,2.4135171762352456,2.5524558176903,2.5797362552585925,33.0,1.1005700250360475,,8.1,247.3,251.0,3.4,UNDERWAY_ENGINE,MOVING,0.0,0.0,LOW,0,AUGUSTA,326.3917838249949,79.09178382499488,0,36.65263724517893,8.0,8.0,11.0,8.0,8.0,8.0,0.0,1.0,0.5230022258525528,2.5797362552585925,>24h,1.0688700626040815,0.0,0.0,0.8968727415326884,0.44228869021900125,2.5797362552585925,2.4135171762352456,36.76100159047472,36.787660215908765,50.18971768323623,2.5409957207939606,2.5082555803492426,2
CATANIA,CT-041,247408700,MERSEY SPIRIT,3,2026-04-10 14:18:26.500,2026-04-04 04:30:00,2026-04-04 04:29:39,153.8073611111111,>72h,8.1,15.287482,37.199167,36.0297097605375,42.746083481258594,4.316207683283028,41.16808109969765,3.23604379032105,SSE,sector,CT-014|CT-023|CT-012,205481000|249281000|247319800,False,2.40178850762189,2.8495109378755425,2.744319194444288,21.0,1.1183185486751372,,8.1,255.7,257.0,3.4,UNDERWAY_ENGINE,MOVING,0.0,0.0,LOW,0,AUGUSTA,332.273497902214,76.573497902214,0,36.0297097605375,7.0,7.0,11.0,7.0,7.0,7.0,0.0,1.0,0.2360693254127597,2.7443191944442877,>24h,1.1426148412882329,0.0,0.0,0.9238795325112867,0.38268343236508984,2.7443191944442877,2.40178850762189,36.90087888162585,36.82490237839727,50.15040211991209,2.7255132932603705,2.679272073042871,2
CATANIA,CT-041,247408700,MERSEY SPIRIT,3,2026-04-10 14:18:26.500,2026-04-04 04:45:00,2026-04-04 04:44:50,153.5573611111111,>72h,8.0,15.245808,37.196497,34.74171211121743,45.46628678780795,7.902191605336621,44.54881238233124,6.834038723927162,SSE,sector,CT-014|CT-023|CT-012,205481000|249281000|247319800,False,2.344877977268995,3.0687288598682474,3.0068042914640416,10.0,2.037598078506518,,8.0,272.1,272.0,3.4,UNDERWAY_ENGINE,MOVING,0.0,0.0,LOW,0,AUGUSTA,337.87304487925655,65.77304487925653,0,34.74171211121743,7.0,8.0,12.0,7.0,7.0,7.0,1.0,0.875,0.12764807977598372,3.0068042914640416,>24h,1.2822860381698715,0.0,0.0,0.9469301294951056,0.3214394653031617,3.0068042914640416,2.344877977268995,34.897408089589945,34.83176093583262,50.00231657454105,2.935467045267758,2.936335857014743,2
CATANIA,CT-041,247408700,MERSEY SPIRIT,3,2026-04-10 14:18:26.500,2026-04-04 05:00:00,2026-04-04 04:59:02,153.3073611111111,>72h,7.9,15.221867,37.204253,33.18441575038911,45.7251693866773,9.63981861082187,44.13223624172694,8.570429873564484,SSE,sector,CT-023|CT-014|CT-012,249281000|205481000|247319800,False,2.2681203864716286,3.1252678860128835,3.0163925582830013,58.0,3.137157737380145,,2.4,320.9,322.0,3.4,UNDERWAY_ENGINE,SLOW_MOTION,0.0,0.0,LOW,0,AUGUSTA,340.6899794160256,19.78997941602563,0,33.18441575038911,7.0,8.0,12.0,7.0,7.0,7.0,1.0,0.875,0.1044885144357212,3.0163925582830013,>24h,1.329908489987788,0.0,0.0,0.9659258262890683,0.25881904510252074,3.0163925582830013,2.2681203864716286,33.09611451791557,32.459523727530076,48.65503447117819,2.995083174768088,2.9691681661179548,2
CATANIA,CT-041,247408700,MERSEY SPIRIT,3,2026-04-10 14:18:26.500,2026-04-04 05:15:00,2026-04-04 05:14:13,153.0573611111111,>72h,2.6,15.21525,37.213647,32.00550107247915,44.77914096274357,9.868412043237395,43.05739107472782,8.722014453777005,SSE,sector,CT-023|CT-014|CT-012,249281000|205481000|247319800,False,6.64676463542099,9.299539159898565,8.941973557635782,47.0,3.016885285199431,,2.6,331.2,326.0,3.4,UNDERWAY_ENGINE,UNKNOWN,0.0,0.0,LOW,0,AUGUSTA,341.0575753088999,9.857575308899925,0,32.00550107247915,8.0,8.0,12.0,7.0,7.0,7.0,1.0,0.875,0.10285934100946535,8.941973557635782,>24h,1.3453122004626872,0.0,0.0,0.9807852804032304,0.19509032201612833,8.941973557635782,6.64676463542099,32.53352635110345,32.853029390658804,53.48428681295212,8.260235561173813,8.480037166897958,2
CATANIA,CT-041,247408700,MERSEY SPIRIT,3,2026-04-10 14:18:26.500,2026-04-04 05:30:00,2026-04-04 05:29:25,152.8073611111111,>72h,2.5,15.210267,37.223323,30.84468362576219,43.70157022464686,9.950247633566075,41.820129416226926,8.728407899250742,SSE,sector,CT-023|CT-014|CT-012,249281000|205481000|247319800,False,6.661918709667859,9.438784065798457,9.032425359876225,35.0,2.4948301723765147,,2.5,357.2,353.0,3.4,UNDERWAY_ENGINE,SLOW_MOTION,0.0,0.0,LOW,0,AUGUSTA,341.1809627267396,16.01903727326038,0,30.84468362576219,9.0,9.0,13.0,8.0,8.0,8.0,1.0,0.8888888888888888,0.10279174252932152,9.032425359876225,>24h,1.355829416946841,0.0,0.0,0.9914448613738104,0.1305261922200517,9.032425359876225,6.661918709667859,33.070145583464026,33.354458021529396,53.15807394616455,8.346250623391237,8.574911219731263,2
CATANIA,CT-041,247408700,MERSEY SPIRIT,3,2026-04-10 14:18:26.500,2026-04-04 05:45:00,2026-04-04 05:44:37,152.5573611111111,>72h,2.5,15.21276,37.235433,29.64826684734078,41.86162940210627,9.320924351690506,39.50373819228349,8.019622865300027,SSE,sector,CT-023|CT-014|CT-012,249281000|205481000|247319800,False,6.403513357956972,9.041388639763772,8.53212487954287,23.0,2.5121144550042307,,2.8,14.1,12.0,3.4,UNDERWAY_ENGINE,SLOW_MOTION,0.0,0.0,LOW,0,AUGUSTA,339.9392292950486,34.1607707049514,0,29.64826684734078,9.0,9.0,13.0,8.0,8.0,9.0,0.0,1.0,0.11086938056436534,8.53212487954287,>24h,1.3324130680450441,0.0,0.0,0.9978589232386035,0.06540312923014327,8.53212487954287,6.403513357956972,33.87616146385787,34.08254546578951,52.90166946997626,7.845950143057882,8.074910503487066,2
CATANIA,CT-041,247408700,MERSEY SPIRIT,3,2026-04-10 14:18:26.500,2026-04-04 06:00:00,2026-04-04 05:59:50,152.3073611111111,>72h,2.4,15.21512,37.23874,29.376283647723024,41.26466984364721,9.008309489806088,38.910170799124856,7.685667817174234,SSE,sector,CT-023|CT-014|CT-012,249281000|205481000|247319800,False,6.609135089930486,9.283808010179808,8.754088102754872,10.0,1.5640225808281305,,0.0,79.7,41.0,3.4,UNDERWAY_ENGINE,STOPPED,183.0,244.0,MEDIUM,0,AUGUSTA,339.3118785241129,100.38812147588709,0,29.376283647723024,9.0,9.0,13.0,9.0,9.0,9.0,0.0,1.0,0.11513219490419524,8.754088102754872,>24h,1.3245436783539775,1.3987168811184478,1.622683139184121,1.0,6.123233995736766e-17,8.754088102754872,6.609135089930486,40.91663344894885,39.37279249473736,53.0243199831821,8.076601208718138,8.305827720807608,2
CATANIA,CT-041,247408700,MERSEY SPIRIT,3,2026-04-10 14:18:26.500,2026-04-04 18:00:00,2026-04-04 17:59:20,140.3073611111111,>72h,12.25,15.297992,37.194267,36.94948744342104,42.84227823794393,3.60529449700987,41.34182420623805,2.500956159175129,SSE,sector,CT-014|CT-023|CT-012,205481000|249281000|247319800,False,1.6286634391246546,1.8884064987853808,1.8222693263207144,40.0,8.496437225892166,,12.1,272.6,269.0,3.4,UNDERWAY_ENGINE,MOVING,0.0,0.0,LOW,0,AUGUSTA,331.3950550233925,58.79505502339248,0,36.94948744342104,8.0,8.0,12.0,7.0,7.0,7.0,1.0,0.875,0.2856362532216379,1.8222693263207144,>24h,1.1188740918136626,0.0,0.0,-1.0,-1.8369701987210297e-16,1.8222693263207144,1.6286634391246546,34.0631694363405,34.016961352685826,49.34643575026015,2.021151029337571,2.0061145548538897,2
CATANIA,CT-041,247408700,MERSEY SPIRIT,3,2026-04-10 14:18:26.500,2026-04-04 18:15:00,2026-04-04 18:14:32,140.0573611111111,>72h,12.6,15.232533,37.196943,34.26953602122958,46.15082632116504,8.999481974750834,45.46031310255762,7.940096419400703,SSE,sector,CT-014|CT-023|CT-012,205481000|249281000|247319800,False,1.4685769147566583,1.9777343378743288,1.9481432815042348,28.0,7.204294425060369,,12.5,268.2,273.0,3.4,UNDERWAY_ENGINE,MOVING,0.0,0.0,LOW,0,AUGUSTA,339.6550944046224,71.4550944046224,0,34.26953602122958,8.0,8.0,12.0,7.0,7.0,8.0,0.0,1.0,0.11185561688461462,1.9481432815042348,>24h,1.3265517535573137,0.0,0.0,-0.9978589232386036,0.06540312923014237,1.9481432815042348,1.4685769147566585,34.0259925422984,33.97828709045614,49.07114782922825,1.6715851192196338,1.6786311772848745,2
CATANIA,CT-041,247408700,MERSEY SPIRIT,3,2026-04-10 14:18:26.500,2026-04-04 18:30:00,2026-04-04 18:29:43,139.8073611111111,>72h,12.3,15.212857,37.229127,30.31075816368928,42.741213475745525,9.531680084922645,40.85194472802654,8.27639444508788,SSE,sector,CT-023|CT-014|CT-012,249281000|205481000|247319800,False,1.3306097632833445,1.8762934149741664,1.7933565439264312,17.0,7.078802713774421,,4.0,11.5,4.0,3.4,UNDERWAY_ENGINE,MOVING,0.0,0.0,LOW,0,AUGUSTA,340.3786938051253,31.121306194874705,0,30.31075816368928,8.0,8.0,12.0,8.0,8.0,8.0,0.0,1.0,0.10780050437910486,1.7933565439264312,>24h,1.3477704684063316,0.0,0.0,-0.9914448613738105,0.13052619222005127,1.7933565439264312,1.3306097632833445,29.596940387693042,29.3154396081411,49.054467131814,1.525875341719274,1.5523426532840188,2
CATANIA,CT-041,247408700,MERSEY SPIRIT,3,2026-04-10 14:18:26.500,2026-04-04 18:45:00,2026-04-04 18:44:55,139.5573611111111,>72h,3.85,15.210692,37.238023,29.315037547776868,41.61451433658238,9.404372459346424,39.10764188901389,8.074744054588287,SSE,sector,CT-023|CT-014|CT-012,249281000|205481000|247319800,False,4.111390640904444,5.836374061959324,5.484788910411193,5.0,5.282926259147796,,0.6,338.7,343.0,3.4,AT_ANCHOR,SLOW_MOTION,121.0,0.0,MEDIUM,0,AUGUSTA,340.0809983979811,1.3809983979811022,0,29.315037547776868,8.0,8.0,12.0,8.0,8.0,8.0,0.0,1.0,0.11019594536050738,5.484788910411193,>24h,1.334047136227518,1.104152469043725,0.0,-0.9807852804032304,0.1950903220161283,5.484788910411193,4.111390640904444,29.578273923453093,28.22088546917158,51.62745878153377,5.220433592608219,5.358960881198648,2
CATANIA,CT-041,247408700,MERSEY SPIRIT,3,2026-04-10 14:18:26.500,2026-04-04 19:00:00,2026-04-04 18:59:06,139.3073611111111,>72h,0.5,15.210288,37.238017,29.30349968614272,41.63809411206969,9.438445858388922,39.12230306920982,8.107637988515672,SSE,sector,CT-023|CT-014|CT-012,249281000|205481000|247319800,False,15.822624020595422,22.48277219874173,21.124353709076576,54.0,1.1105807396727077,,0.2,193.1,60.0,3.4,AT_ANCHOR,STOPPED,426.0,547.0,LOW,0,AUGUSTA,340.1469427526868,147.04694275268682,0,29.30349968614272,8.0,8.0,11.0,8.0,8.0,8.0,0.0,1.0,0.10979795214313039,21.124353709076576,>24h,1.335072721286949,2.0918640616783932,2.3141842288373975,-0.9659258262890684,0.2588190451025203,21.124353709076576,15.822624020595422,52.58240160981455,52.452589114928884,64.59667813670274,19.92414265415346,20.182119512451877,2
CATANIA,CT-041,247408700,MERSEY SPIRIT,3,2026-04-10 14:18:26.500,2026-04-07 18:00:00,2026-04-07 17:59:37,68.3073611111111,48-72h,0.1,15.259397,37.132943,41.77041610482907,53.63479371327077,8.961883377920854,51.89933371388904,7.537905234338069,SSE,sector,CT-014|CT-023|CT-012,205481000|249281000|247319800,False,22.554220358978977,28.960471767424817,28.023398333633388,23.0,0.8589816598260254,,9.8,354.9,355.0,,UNDERWAY_ENGINE,MOVING,0.0,0.0,LOW,0,,340.00213901992254,14.89786098007744,0,41.77041610482907,7.0,8.0,13.0,7.0,7.0,7.0,1.0,0.875,0.11712474811481419,28.02339833363339,>24h,1.2424902252263887,0.0,0.0,-1.0,-1.8369701987210297e-16,28.02339833363339,22.554220358978977,15.305762352144358,19.704941815277415,22.472181933277678,27.97147588381929,27.971350689507688,2
CATANIA,CT-041,247408700,MERSEY SPIRIT,3,2026-04-10 14:18:26.500,2026-04-07 18:15:00,2026-04-07 18:14:50,68.0573611111111,48-72h,10.0,15.2552,37.177963,36.96419926889292,47.53892796240366,7.758242250570018,46.22826441192227,6.614781549954198,SSE,sector,CT-014|CT-023|CT-012,205481000|249281000|247319800,False,1.995907087953181,2.5668967582291398,2.496126588116753,10.0,6.226131212598179,,10.8,357.0,355.0,3.4,UNDERWAY_ENGINE,MOVING,0.0,0.0,LOW,0,AUGUSTA,337.8871345677975,19.11286543220251,0,36.96419926889292,7.0,8.0,13.0,7.0,7.0,7.0,1.0,0.875,0.13132353087739132,2.496126588116753,>24h,1.2506226382895163,0.0,0.0,-0.9978589232386036,0.06540312923014237,2.496126588116753,1.995907087953181,29.1303669494251,28.932721420601656,49.157547299315404,2.2667638841729545,2.3054234893727585,2
CATANIA,CT-041,247408700,MERSEY SPIRIT,3,2026-04-10 14:18:26.500,2026-04-07 18:45:00,2026-04-07 18:44:13,67.5573611111111,48-72h,9.2,15.212263,37.23014,30.18700069052237,42.63247066723096,9.54630978380017,40.72534333568552,8.28297290167552,SSE,sector,CT-023|CT-014|CT-012,249281000|205481000|247319800,False,1.771703956388063,2.5021404983584703,2.3902093703449574,47.0,7.472388049201297,,3.6,10.4,8.0,3.4,UNDERWAY_ENGINE,MOVING,0.0,0.0,LOW,0,AUGUSTA,340.4005619967815,29.999438003218472,0,30.18700069052237,7.0,7.0,13.0,7.0,7.0,7.0,0.0,1.0,0.10772411064773292,2.3902093703449574,>24h,1.3491020109351841,0.0,0.0,-0.9807852804032304,0.1950903220161283,2.3902093703449574,1.771703956388063,29.58712548283045,29.314705128413415,49.41422986426878,2.1795967941039067,2.2416108785720024,2
CATANIA,CT-041,247408700,MERSEY SPIRIT,3,2026-04-10 14:18:26.500,2026-04-07 19:00:00,2026-04-07 18:59:25,67.3073611111111,48-72h,3.35,15.212142,37.23719,29.44598804590608,41.64981738713044,9.31174095670718,39.279035103687775,7.993753298191894,SSE,sector,CT-023|CT-014|CT-012,249281000|205481000|247319800,False,4.746137785033699,6.713164853990916,6.331039473854449,35.0,5.946145201575923,,0.6,3.0,6.0,3.4,AT_ANCHOR,SLOW_MOTION,122.0,0.0,MEDIUM,0,AUGUSTA,339.908452581861,23.091547418138987,0,29.44598804590608,7.0,7.0,14.0,7.0,7.0,7.0,0.0,1.0,0.11118828445083546,6.331039473854449,>24h,1.3339350353077657,1.1096621248546947,0.0,-0.9659258262890684,0.2588190451025203,6.331039473854449,4.746137785033699,32.63667678190623,31.477949536576517,52.527836241536164,5.88382940485571,6.135735694356438,2
CATANIA,CT-041,247408700,MERSEY SPIRIT,3,2026-04-10 14:18:26.500,2026-04-07 19:15:00,2026-04-07 19:14:37,67.0573611111111,48-72h,0.4,15.212703,37.236907,29.49262337279612,41.65796241335089,9.274538537385329,39.292878751262926,7.96055697773425,SSE,sector,CT-023|CT-014|CT-012,249281000|205481000|247319800,False,15.92474264189855,22.493500223191624,21.21645720910525,23.0,0.7400008359308468,,0.1,147.5,331.0,3.4,AT_ANCHOR,STOPPED,122.0,61.0,LOW,0,AUGUSTA,339.8391823922843,167.66081760771573,0,29.49262337279612,7.0,7.0,12.0,7.0,7.0,7.0,0.0,1.0,0.11160020548776849,21.21645720910525,>24h,1.3322951388416169,1.1096621248546947,0.7014459833746404,-0.9469301294951057,0.3214394653031615,21.21645720910525,15.924742641898552,51.27284586617185,52.68712429747872,65.51926744061751,20.016246154182134,20.265926031941373,2
CATANIA,CT-041,247408700,MERSEY SPIRIT,3,2026-04-10 14:18:26.500,2026-04-09 08:45:00,2026-04-09 08:44:45,29.55736111111111,24-48h,11.3,15.348288,37.19537,39.17540912872752,41.15481056873276,0.6490331027579479,41.76935461209687,1.1178595468212211,SSE,sector,CT-012|CT-010|CT-023,247319800|247453600|249281000,False,1.8719494413467157,1.966532739957413,1.9958979821908325,15.0,7.737738270352788,,11.3,266.5,271.0,3.4,UNDERWAY_ENGINE,MOVING,0.0,0.0,LOW,0,AUGUSTA,325.6084827284502,59.10848272845021,0,39.17540912872752,12.0,15.0,25.0,10.0,12.0,13.0,2.0,0.8666666666666667,0.47217484346444943,1.9958979821908325,>24h,1.0662136156599114,0.0,0.0,0.7518398074789774,-0.6593458151000688,1.9958979821908325,1.8719494413467153,33.69869474376069,33.82168862981558,49.64174591546997,2.0342409879228516,2.0294832602163084,2
CATANIA,CT-041,247408700,MERSEY SPIRIT,3,2026-04-10 14:18:26.500,2026-04-09 09:00:00,2026-04-09 08:59:58,29.30736111111111,24-48h,11.2,15.293667,37.192493,36.94175643452138,43.33467507277863,4.029412918827332,41.80821385309142,2.920641859815523,SSE,sector,CT-014|CT-023|CT-012,205481000|249281000|247319800,False,1.7809779212878636,2.0891832706330336,2.015591920563262,2.0,5.929046650999817,,8.1,262.5,266.0,3.4,UNDERWAY_ENGINE,MOVING,0.0,0.0,LOW,0,AUGUSTA,332.06057877406755,69.56057877406755,0,36.94175643452138,11.0,15.0,23.0,11.0,13.0,13.0,2.0,0.8666666666666667,0.25506027731057607,2.0155919205632626,>24h,1.1317332441189079,0.0,0.0,0.7071067811865476,-0.7071067811865475,2.0155919205632626,1.7809779212878636,34.288768529258505,34.24203942541424,49.688647139216584,2.0737189870136943,2.109618438691579,2
CATANIA,CT-041,247408700,MERSEY SPIRIT,3,2026-04-10 14:18:26.500,2026-04-09 09:15:00,2026-04-09 09:14:11,29.05736111111111,24-48h,10.1,15.25043,37.19439,35.11414717956451,45.50187043507103,7.587890149976173,44.48045451508722,6.509287693777599,SSE,sector,CT-014|CT-023|CT-012,205481000|249281000|247319800,False,1.8772398680347984,2.432578664492816,2.377972676853881,49.0,4.470250097530634,,10.1,281.0,279.0,3.4,UNDERWAY_ENGINE,MOVING,0.0,0.0,LOW,0,AUGUSTA,337.40100216489554,56.401002164895544,0,35.11414717956451,11.0,15.0,20.0,11.0,13.0,13.0,2.0,0.8666666666666667,0.13316842299551623,2.377972676853881,>24h,1.2667388527941708,0.0,0.0,0.659345815100069,-0.7518398074789773,2.377972676853881,1.8772398680347984,34.111021125510845,34.15419706008106,49.392404303953676,2.0837340950331806,2.180434254596291,2
CATANIA,CT-041,247408700,MERSEY SPIRIT,3,2026-04-10 14:18:26.500,2026-04-09 09:30:00,2026-04-09 09:29:24,28.80736111111111,24-48h,9.65,15.21163,37.218587,31.38213272291305,44.2895534956347,10.000385378500653,42.46931059254168,8.813194338283244,SSE,sector,CT-023|CT-014|CT-012,249281000|205481000|247319800,False,1.7559581420401442,2.4781809048688266,2.3763309007789744,36.0,6.119503925171031,,9.5,327.8,330.0,3.4,UNDERWAY_ENGINE,MOVING,0.0,0.0,LOW,0,AUGUSTA,341.28336602961963,13.483366029619617,0,31.38213272291305,12.0,15.0,22.0,10.0,12.0,12.0,3.0,0.8,0.10190361726546053,2.376330900778975,>24h,1.3532958695803854,0.0,0.0,0.6087614290087209,-0.793353340291235,2.376330900778975,1.7559581420401442,29.196728702270285,29.2070798839238,48.919509904860114,2.082210972433199,2.1524903220780347,2
CATANIA,CT-041,247408700,MERSEY SPIRIT,3,2026-04-10 14:18:26.500,2026-04-09 09:45:00,2026-04-09 09:44:37,28.55736111111111,24-48h,8.95,15.210857,37.23664,29.46462214162872,41.799331139748446,9.438546529300275,39.42097895026882,8.121558035356687,SSE,sector,CT-023|CT-014|CT-012,249281000|205481000|247319800,False,1.7776115292317969,2.52176907584423,2.378282210400281,23.0,6.01412822009682,,0.3,359.4,23.0,3.4,UNDERWAY_ENGINE,STOPPED,0.0,61.0,LOW,0,AUGUSTA,340.1562732080399,19.243726791960057,0,29.46462214162872,12.0,14.0,22.0,10.0,12.0,12.0,2.0,0.8571428571428571,0.10963039385638204,2.378282210400281,>24h,1.3379088576389169,0.0,0.7014459833746404,0.5555702330196025,-0.831469612302545,2.378282210400281,1.7776115292317967,28.82643185565702,27.87187633725238,47.630811548372435,2.18667180549158,2.270730939516174,2
CATANIA,CT-041,247408700,MERSEY SPIRIT,3,2026-04-10 14:18:26.500,2026-04-09 10:00:00,2026-04-09 09:59:50,28.30736111111111,24-48h,0.3,15.210823,37.237377,29.38652633860246,41.6978071929815,9.415814657385834,39.2009143190822,8.092456912122406,SSE,sector,CT-023|CT-014|CT-012,249281000|205481000|247319800,False,15.867454826459213,22.515014683035368,21.166800388273327,10.0,2.1243967575144853,,0.2,358.9,91.0,3.4,AT_ANCHOR,STOPPED,122.0,609.0,LOW,0,AUGUSTA,340.1075341101305,18.792465889869504,0,29.38652633860246,12.0,14.0,22.0,11.0,13.0,13.0,1.0,0.9285714285714286,0.10998127455151999,21.166800388273327,>24h,1.3339757774496626,1.1096621248546947,2.411439497906128,0.49999999999999994,-0.8660254037844387,21.166800388273327,15.867454826459213,39.14273965088208,39.73833115634461,62.716077506255786,19.999716394720824,20.266712022135295,2
CATANIA,CT-041,247408700,MERSEY SPIRIT,3,2026-04-10 14:18:26.500,2026-04-10 12:30:00,2026-04-10 12:29:09,1.8073611111111112,<6h,10.25,15.278868,37.263513,29.461394059169464,34.199968303425145,2.804767334121309,32.34358280005199,1.4372714304084908,SSE,sector,CT-023|CT-014|CT-012,249281000|205481000|247319800,False,1.551988308442789,1.801610298868732,1.7038183005874723,51.0,5.579044374412152,,10.1,338.6,335.0,4.0,UNDERWAY_ENGINE,MOVING,0.0,0.0,LOW,0,CATANIA,327.09970443816167,11.500295561838357,1,29.461394059169464,13.0,13.0,19.0,13.0,13.0,13.0,0.0,1.0,0.41029488448580315,1.7038183005874725,<6h,1.0978293401559347,0.0,0.0,-0.13052619222005177,-0.9914448613738104,1.7038183005874725,1.551988308442789,3.425716512277066,3.4761674329336123,1.603532810041105,1.6975109544521636,1.7128284583173394,2
CATANIA,CT-041,247408700,MERSEY SPIRIT,3,2026-04-10 14:18:26.500,2026-04-10 12:45:00,2026-04-10 12:44:23,1.5573611111111112,<6h,10.1,15.253155,37.30225,24.612998775745783,28.47450638075703,2.5578955997808035,27.762363627844625,1.5625490773968134,SSE,sector,CT-023|CT-014|CT-012,249281000|205481000|247319800,False,1.3158372418229038,1.5222775688448682,1.4842056555313297,37.0,9.261198334227744,,10.3,331.0,331.0,4.0,UNDERWAY_ENGINE,MOVING,0.0,0.0,LOW,0,CATANIA,326.0824477916044,4.917552208395591,1,24.612998775745783,13.0,13.0,18.0,13.0,13.0,13.0,0.0,1.0,0.39023642857051477,1.4842056555313297,<6h,1.127955349154866,0.0,0.0,-0.19509032201612792,-0.9807852804032305,1.4842056555313297,1.3158372418229038,1.7414209611306966,1.7906356402736214,1.3468416920111237,1.4648780238957588,1.4376301280618458,2
CATANIA,CT-041,247408700,MERSEY SPIRIT,3,2026-04-10 14:18:26.500,2026-04-10 13:00:00,2026-04-10 12:59:38,1.3073611111111112,<6h,10.4,15.226843,37.341557,19.69432552908417,23.293436575382376,2.320180593747849,22.70494588847358,1.6199673301387636,SSE,sector,CT-014|CT-023|CT-012,205481000|249281000|247319800,False,1.0225081787404555,1.2093701494944329,1.178816346593785,22.0,10.380351213502596,,10.4,332.0,331.0,4.0,UNDERWAY_ENGINE,MOVING,0.0,0.0,LOW,0,CATANIA,324.58618332038003,7.41381667961997,1,19.69432552908417,13.0,13.0,18.0,13.0,13.0,13.0,0.0,1.0,0.3816841486901427,1.1788163465937853,<6h,1.152867401066535,0.0,0.0,-0.2588190451025208,-0.9659258262890683,1.1788163465937853,1.0225081787404557,1.0701339610550757,1.1119668176374466,1.0676698506896747,1.1743217429230117,1.1285697477091552,2
CATANIA,CT-041,247408700,MERSEY SPIRIT,3,2026-04-10 14:18:26.500,2026-04-10 13:15:00,2026-04-10 13:14:53,1.0573611111111112,<6h,10.4,15.200895,37.38077,14.826534547859223,18.3735177416987,2.239023732167512,17.620827390240212,1.6271754251918835,SSE,sector,CT-014|CT-012|CT-023,205481000|247319800|249281000,False,0.7697777116142228,0.953933260388909,0.9148543876806888,7.0,10.39528119663622,,10.6,335.0,334.0,4.0,UNDERWAY_ENGINE,MOVING,0.0,0.0,LOW,0,CATANIA,322.0254821672828,12.974517832717197,1,14.826534547859223,13.0,13.0,18.0,13.0,13.0,13.0,0.0,1.0,0.3806369344091143,0.9148543876806887,<6h,1.1884656750612335,0.0,0.0,-0.32143946530316153,-0.9469301294951057,0.9148543876806887,0.7697777116142228,0.5135531130551065,0.5434971391567507,0.7959116652991214,0.8871958787797581,0.9064430911988529,2
CATANIA,CT-041,247408700,MERSEY SPIRIT,3,2026-04-10 14:18:26.500,2026-04-10 14:15:00,2026-04-10 14:14:53,0.0573611111111111,<6h,6.4,15.09721,37.484767,0.1213005764414071,0.1636116369454455,0.0560322025689718,0.1458733747582212,0.0278308223207242,OTHER,port_fallback,CT-009|CT-019|CT-038,249281000|314900000|247383400,False,0.0102339174238498,0.0138036275770657,0.0123070814287106,7.0,6.060524921549773,,2.2,344.1,344.0,4.0,UNDERWAY_ENGINE,SLOW_MOTION,0.0,0.0,LOW,0,CATANIA,12.177751638179075,28.077751638179052,1,0.1213005764414071,13.0,13.0,20.0,13.0,13.0,13.0,0.0,1.0,0.9729227595472517,0.012307081428710615,<6h,1.2025777538549765,0.0,0.0,-0.555570233019602,-0.8314696123025455,0.012307081428710615,0.010233917423849815,0.0,0.0,0.0,0.0,0.0,2
AUGUSTA,AU-051,249689000,BC MIKLAGARD,2,2026-04-10 07:47:02.500,2026-04-10 02:30:00,2026-04-10 02:29:06,5.284027777777778,<6h,11.2,16.25445,37.415267,93.6690701014314,95.48714573988576,55.239518495895,107.35416971075485,32.74004028765563,E,sector,AU-044|AU-005|AU-002,605076190|636021733|229456000,True,4.515826042378481,4.603476248644601,5.175590563809147,54.0,8.92978468452182,LEVANTE,11.1,211.0,210.0,6.2,UNDERWAY_ENGINE,MOVING,0.0,0.0,LOW,0,ITAUG,255.26993345814168,44.26993345814168,1,93.6690701014314,20.0,29.0,30.0,19.0,28.0,28.0,0.0,0.9655172413793104,0.02963837599108816,5.1755905638091475,<6h,1.1461005174333883,0.0,0.0,0.6087614290087207,0.7933533402912352,5.1755905638091475,4.515826042378481,10.372565387795486,10.283111169962654,5.617337258650314,5.452495460613726,5.524896007694078,2
AUGUSTA,AU-051,249689000,BC MIKLAGARD,2,2026-04-10 07:47:02.500,2026-04-10 02:45:00,2026-04-10 02:44:23,5.034027777777778,<6h,11.2,16.222733,37.375167,89.89697926290751,91.33301951342278,51.08539226943203,111.52292831389651,30.68286510436333,E,sector,AU-044|AU-005|AU-033,605076190|636021733|215054000,True,4.333971925279019,4.403204041645267,5.376568203963694,37.0,8.109644642062518,LEVANTE,11.3,212.0,213.0,6.2,UNDERWAY_ENGINE,MOVING,0.0,0.0,LOW,0,ITAUG,257.5451374093153,45.545137409315316,1,89.89697926290751,19.0,28.0,28.0,18.0,27.0,27.0,1.0,0.9642857142857143,0.03156280206054601,5.376568203963694,<6h,1.240563689996112,0.0,0.0,0.6593458151000688,0.7518398074789774,5.376568203963694,4.333971925279019,9.457856626932912,9.405557692991934,5.178883876882336,5.336175387193098,5.386888107677639,2
AUGUSTA,AU-051,249689000,BC MIKLAGARD,2,2026-04-10 07:47:02.500,2026-04-10 03:00:00,2026-04-10 02:59:39,4.784027777777778,<6h,11.2,16.191417,37.334667,86.30596121749667,87.42626138259584,47.17863413860507,107.16909592421617,27.58948119163985,E,sector,AU-044|AU-033|AU-005,605076190|215054000|636021733,True,4.160847405194032,4.214857556627769,5.166668077185676,21.0,7.808368058525374,LEVANTE,11.1,212.0,212.0,6.2,UNDERWAY_ENGINE,MOVING,0.0,0.0,LOW,0,ITAUG,260.04938185916114,48.049381859161144,1,86.30596121749667,18.0,27.0,27.0,17.0,26.0,27.0,0.0,1.0,0.034977899504256144,5.166668077185676,<6h,1.2417345732833336,0.0,0.0,0.7071067811865475,0.7071067811865476,5.166668077185676,4.160847405194032,9.106706521261756,9.029359002057264,4.997935740693487,5.125629837351764,5.1811744377623175,2
AUGUSTA,AU-051,249689000,BC MIKLAGARD,2,2026-04-10 07:47:02.500,2026-04-10 03:15:00,2026-04-10 03:14:55,4.534027777777778,<6h,11.1,16.15965,37.295317,82.87042715048555,83.79298500810518,43.54535776411441,102.52989763890368,24.74276374921368,E,sector,AU-044|AU-033|AU-005,605076190|215054000|636021733,True,4.031211796863656,4.076089399728814,4.987541962859908,5.0,7.455526541800388,LEVANTE,10.7,211.0,214.0,6.2,UNDERWAY_ENGINE,MOVING,0.0,0.0,LOW,0,ITAUG,262.67454870802374,51.674548708023735,1,82.87042715048555,16.0,26.0,26.0,16.0,24.0,26.0,0.0,1.0,0.03884586790066569,4.987541962859907,<6h,1.2372314366464918,0.0,0.0,0.7518398074789774,0.6593458151000688,4.987541962859907,4.031211796863656,8.828696289730956,8.723247921755519,4.884321859643898,4.824848673874433,4.874420304815258,2
AUGUSTA,AU-051,249689000,BC MIKLAGARD,2,2026-04-10 07:47:02.500,2026-04-10 03:30:00,2026-04-10 03:29:11,4.284027777777778,<6h,10.8,16.127483,37.26115,79.63539020798332,80.51085021897202,40.26322297498125,96.15340762066349,22.12497919138242,E,sector,AU-044|AU-033|AU-005,605076190|215054000|636021733,True,3.98145099431962,4.025220493309136,4.80728579816932,49.0,7.317467673970934,LEVANTE,10.8,219.0,222.0,6.2,UNDERWAY_ENGINE,MOVING,0.0,0.0,LOW,0,ITAUG,265.1053069007407,46.105306900740686,1,79.63539020798332,19.0,29.0,29.0,19.0,29.0,29.0,0.0,1.0,0.04324328215493714,4.80728579816932,<6h,1.207420562259319,0.0,0.0,0.7933533402912352,0.6087614290087207,4.80728579816932,3.98145099431962,9.985504535082823,9.941148195417883,4.83362769384893,4.910795786253209,4.956215744527747,2
AUGUSTA,AU-051,249689000,BC MIKLAGARD,2,2026-04-10 07:47:02.500,2026-04-10 03:45:00,2026-04-10 03:44:26,4.034027777777778,<6h,10.8,16.088867,37.227217,75.98611020333763,76.9742905175961,36.72666327360533,89.13491233358754,19.34434267603795,E,sector,AU-044|AU-033|AU-005,605076190|215054000|636021733,True,3.799001590039678,3.848406653347537,4.456389105550932,34.0,7.556206426837384,LEVANTE,10.9,222.0,223.0,6.2,UNDERWAY_ENGINE,MOVING,0.0,0.0,LOW,0,ITAUG,267.69693410539696,45.69693410539696,1,75.98611020333763,20.0,30.0,30.0,19.0,28.0,29.0,1.0,0.9666666666666667,0.049153713930400106,4.456389105550932,<6h,1.1730421796176158,0.0,0.0,0.8314696123025451,0.5555702330196024,4.456389105550932,3.799001590039678,9.567654634765578,9.4883884921881,4.671288879399297,4.569561919780713,4.616511272612358,2
AUGUSTA,AU-051,249689000,BC MIKLAGARD,2,2026-04-10 07:47:02.500,2026-04-10 04:00:00,2026-04-10 03:59:41,3.7840277777777778,<6h,10.95,16.048867,37.192967,72.3855180441993,73.72304309231308,33.47541584832231,81.94564941644585,16.53055053801476,E,sector,AU-044|AU-033|AU-005,605076190|215054000|636021733,True,3.569411227363694,3.635366090333692,4.0408320471239705,19.0,7.700887473480883,LEVANTE,11.1,224.0,224.0,6.2,UNDERWAY_ENGINE,MOVING,0.0,0.0,LOW,0,ITAUG,270.5726337657621,46.57263376576208,1,72.3855180441993,19.0,29.0,29.0,19.0,29.0,29.0,0.0,1.0,0.057043274130582126,4.0408320471239705,<6h,1.1320724314828974,0.0,0.0,0.8660254037844386,0.5000000000000001,4.0408320471239705,3.569411227363694,9.327744672963835,9.21011076203482,4.479533593492295,4.174428592326985,4.24628886684947,2
AUGUSTA,AU-051,249689000,BC MIKLAGARD,2,2026-04-10 07:47:02.500,2026-04-10 04:15:00,2026-04-10 04:14:56,3.5340277777777778,<6h,11.1,15.995417,37.1811,67.67744244616443,69.2710382965042,29.02341105251344,71.17266473515495,13.946592258339637,E,sector,AU-044|AU-033|AU-030,605076190|215054000|247381300,True,3.2921527467828517,3.369672829787335,3.462176985929745,4.0,8.825550852076475,LEVANTE,11.1,270.0,271.0,6.2,UNDERWAY_ENGINE,MOVING,0.0,0.0,LOW,0,ITAUG,271.6963711806346,1.6963711806346282,1,67.67744244616443,20.0,30.0,30.0,20.0,30.0,30.0,0.0,1.0,0.06690488257897298,3.462176985929745,<6h,1.051645306953951,0.0,0.0,0.8968727415326884,0.44228869021900125,3.462176985929745,3.2921527467828513,5.657286806667248,5.459414234455898,3.959477441517122,3.4979424438760285,3.495373078253444,2
AUGUSTA,AU-051,249689000,BC MIKLAGARD,2,2026-04-10 07:47:02.500,2026-04-10 04:30:00,2026-04-10 04:29:11,3.2840277777777778,<6h,11.0,15.94055,37.182417,62.81448295086744,64.49314573809013,24.245518494099368,66.6344307630564,12.06558699948206,E,sector,AU-044|AU-033|AU-030,605076190|215054000|247381300,True,3.083373402261312,3.1657738925039336,3.2708831122646966,49.0,10.511075623236664,LEVANTE,10.9,269.0,267.0,6.2,UNDERWAY_ENGINE,MOVING,0.0,0.0,LOW,0,ITAUG,271.65966057505324,2.6596605750532376,1,62.814482950867436,20.0,29.0,29.0,19.0,28.0,28.0,1.0,0.9655172413793104,0.07653693630754145,3.2708831122646966,<6h,1.060813169714011,0.0,0.0,0.9238795325112867,0.38268343236508984,3.2708831122646966,3.0833734022613117,6.857991673724829,6.751663014697517,3.7886156136075204,3.2985679762722584,3.3144611450417862,2
AUGUSTA,AU-051,249689000,BC MIKLAGARD,2,2026-04-10 07:47:02.500,2026-04-10 04:45:00,2026-04-10 04:44:26,3.0340277777777778,<6h,10.9,15.88295,37.182217,57.71462337946639,59.57326260639026,19.32563536239949,62.11010552319669,10.11060601589693,E,sector,AU-044|AU-033|AU-030,605076190|215054000|247381300,True,2.859027848864921,2.95109985764907,3.0767682606057765,34.0,10.941339532193922,LEVANTE,11.0,268.0,269.0,6.2,UNDERWAY_ENGINE,MOVING,0.0,0.0,LOW,0,ITAUG,271.7920935401928,3.792093540192809,1,57.71462337946639,23.0,32.0,32.0,23.0,32.0,32.0,0.0,1.0,0.09000409145722665,3.0767682606057765,<6h,1.0761588984966697,0.0,0.0,0.9469301294951056,0.3214394653031617,3.0767682606057765,2.859027848864921,6.0987015609763615,5.99568971821299,3.4912697568060036,3.1121745428566587,3.1176809360558773,2
AUGUSTA,AU-051,249689000,BC MIKLAGARD,2,2026-04-10 07:47:02.500,2026-04-10 05:00:00,2026-04-10 04:59:41,2.7840277777777778,<6h,10.9,15.82455,37.184317,52.53627819821738,54.615945807696114,14.36831856370535,57.69140574813628,8.406721138369678,E,sector,AU-044|AU-033|AU-030,605076190|215054000|247381300,True,2.602506499208264,2.7055276620215247,2.857877709599157,19.0,10.917612951156096,LEVANTE,11.0,272.0,272.0,6.2,UNDERWAY_ENGINE,MOVING,0.0,0.0,LOW,0,ITAUG,271.6769736168472,0.32302638315280774,1,52.53627819821738,25.0,34.0,34.0,24.0,33.0,33.0,1.0,0.9705882352941176,0.10630696767665791,2.857877709599158,<6h,1.0981250999636631,0.0,0.0,0.9659258262890683,0.25881904510252074,2.857877709599158,2.6025064992082636,4.955997671657977,4.850241404223638,3.1208899092983486,2.8549316456763743,2.84764410884466,2
AUGUSTA,AU-051,249689000,BC MIKLAGARD,2,2026-04-10 07:47:02.500,2026-04-10 05:15:00,2026-04-10 05:14:57,2.5340277777777778,<6h,11.0,15.76615,37.184567,47.36423387432064,50.005386294983815,9.75775905099305,48.18194478043209,6.633993147270256,E,sector,AU-044|AU-033|AU-036,605076190|215054000|256891000,True,2.324967301900679,2.454613503582556,2.3651062625383905,3.0,10.98828379802982,LEVANTE,11.0,270.0,272.0,6.2,UNDERWAY_ENGINE,MOVING,0.0,0.0,LOW,0,ITAUG,271.78928278331426,1.7892827833142633,1,47.36423387432064,24.0,33.0,33.0,23.0,32.0,33.0,0.0,1.0,0.13099304396907632,2.3651062625383905,<6h,1.0172643118915683,0.0,0.0,0.9807852804032304,0.19509032201612833,2.3651062625383905,2.324967301900679,4.820410404012691,4.67208539663763,2.8814566980384906,2.394461771295938,2.3894627309106653,2
AUGUSTA,AU-051,249689000,BC MIKLAGARD,2,2026-04-10 07:47:02.500,2026-04-10 05:30:00,2026-04-10 05:29:12,2.2840277777777778,<6h,11.0,15.7117,37.18355,42.54718344925693,46.66797889870664,6.42035165471587,43.5892356844211,4.618345916223208,E,sector,AU-044|AU-033|AU-036,605076190|215054000|256891000,True,2.0885128337550034,2.290790246353163,2.1396640332034704,48.0,10.964001587935703,LEVANTE,10.7,269.0,272.0,6.2,UNDERWAY_ENGINE,MOVING,0.0,0.0,LOW,0,ITAUG,272.1095403474483,3.1095403474482737,1,42.547183449256934,26.0,35.0,35.0,23.0,31.0,32.0,3.0,0.9142857142857143,0.1779883287557034,2.1396640332034704,<6h,1.0244916854815302,0.0,0.0,0.9914448613738104,0.1305261922200517,2.1396640332034704,2.0885128337550034,6.013952164001405,5.955261618158375,2.6440159901403186,2.1833075047934654,2.173554832440971,2
AUGUSTA,AU-051,249689000,BC MIKLAGARD,2,2026-04-10 07:47:02.500,2026-04-10 05:45:00,2026-04-10 05:44:27,2.0340277777777778,<6h,10.7,15.6555,37.183833,37.57093446689142,40.61186956310952,4.219287063206783,39.51576694565665,3.074555759655896,E,sector,AU-044|AU-033|AU-036,605076190|215054000|256891000,True,1.8959515586530056,2.0494070347343376,1.9940941314091687,33.0,10.755170122007412,LEVANTE,10.6,271.0,271.0,6.2,UNDERWAY_ENGINE,MOVING,0.0,0.0,LOW,0,ITAUG,272.30484900853963,1.3048490085396338,1,37.57093446689142,24.0,34.0,34.0,20.0,29.0,29.0,4.0,0.8529411764705882,0.24542552832420975,1.9940941314091687,<6h,1.0517642828521891,0.0,0.0,0.9978589232386035,0.06540312923014327,1.9940941314091687,1.8959515586530058,4.592003793886911,4.548805625096369,2.3163840880861577,1.9828054515354991,1.9790976104369775,2
AUGUSTA,AU-051,249689000,BC MIKLAGARD,2,2026-04-10 07:47:02.500,2026-04-10 06:00:00,2026-04-10 05:59:42,1.7840277777777778,<6h,10.6,15.598633,37.18575,32.52870641785923,33.79689942373686,1.859260304057881,33.112289042693604,2.3028747541262597,E,sector,AU-044|AU-040|AU-036,605076190|247381300|256891000,True,1.6569902205600897,1.7215911112788247,1.686717523263662,18.0,10.64172754105198,LEVANTE,10.7,271.0,275.0,6.2,UNDERWAY_ENGINE,MOVING,0.0,0.0,LOW,0,ITAUG,272.2495164548261,1.2495164548261073,1,32.52870641785923,26.0,35.0,35.0,24.0,32.0,32.0,3.0,0.9142857142857143,0.3027665516988516,1.686717523263662,<6h,1.0179405420350183,0.0,0.0,1.0,6.123233995736766e-17,1.686717523263662,1.6569902205600895,3.8144571405197265,3.7659604195023157,2.007343915434879,1.6865705463533034,1.6784912859757883,2
AUGUSTA,AU-051,249689000,BC MIKLAGARD,2,2026-04-10 07:47:02.500,2026-04-10 06:15:00,2026-04-10 06:14:57,1.5340277777777778,<6h,10.7,15.541317,37.187133,27.449203227413413,28.040250286179237,0.5901447440538184,28.565115597110044,1.149808575419513,E,sector,AU-044|AU-043|AU-040,605076190|247408700|247381300,True,1.3851760777645492,1.415002234824652,1.441488645622315,3.0,10.75140520427505,LEVANTE,10.9,271.0,273.0,6.2,UNDERWAY_ENGINE,MOVING,0.0,0.0,LOW,0,ITAUG,272.30691488856473,1.3069148885647337,1,27.449203227413413,22.0,33.0,34.0,19.0,27.0,28.0,5.0,0.8484848484848485,0.46515769424022335,1.441488645622315,<6h,1.0406537253723334,0.0,0.0,0.9978589232386035,-0.06540312923014314,1.441488645622315,1.3851760777645492,2.171009215893246,2.1922116122752318,1.6378299500600197,1.4244709381719294,1.4143054137781639,2
AUGUSTA,AU-051,249689000,BC MIKLAGARD,2,2026-04-10 07:47:02.500,2026-04-10 06:30:00,2026-04-10 06:29:12,1.2840277777777778,<6h,10.8,15.487533,37.1885,22.68253892368149,23.15192634637379,0.4665119234261567,23.355491631946386,0.6982270465044768,E,sector,AU-043|AU-044|AU-040,247408700|605076190|247381300,True,1.1340362232862116,1.1575037170213278,1.1676811671039509,48.0,10.813230765652603,LEVANTE,10.6,270.0,273.0,6.2,UNDERWAY_ENGINE,MOVING,0.0,0.0,LOW,0,ITAUG,272.371774598016,2.371774598015975,1,22.682538923681495,22.0,32.0,34.0,20.0,28.0,29.0,3.0,0.90625,0.5888494133092137,1.1676811671039509,<6h,1.0296683149328714,0.0,0.0,0.9914448613738104,-0.1305261922200516,1.1676811671039509,1.1340362232862116,3.019116775645877,3.1600251173974208,1.39525452918499,1.1751965672612203,1.166334192156625,2
AUGUSTA,AU-051,249689000,BC MIKLAGARD,2,2026-04-10 07:47:02.500,2026-04-10 06:45:00,2026-04-10 06:44:27,1.0340277777777778,<6h,10.6,15.432083,37.189017,17.772962634706428,18.294800301969204,0.5056921752132587,18.41183949044267,0.5870921657871939,E,sector,AU-043|AU-044|AU-032,247408700|605076190|271051219,True,0.9053426502051036,0.9319247066898204,0.9378866034904982,33.0,10.62661411506423,LEVANTE,10.2,265.0,272.0,6.2,UNDERWAY_ENGINE,MOVING,0.0,0.0,LOW,0,ITAUG,272.8037684130895,7.803768413089472,1,17.772962634706428,23.0,32.0,35.0,21.0,29.0,31.0,1.0,0.96875,0.6300831303669138,0.9378866034904982,<6h,1.0359465593253803,0.0,0.0,0.9807852804032304,-0.1950903220161282,0.9378866034904982,0.9053426502051035,2.3389751561818093,2.4700501704510196,1.1382380431741035,0.9856935829067811,0.9827073227234224,2
AUGUSTA,AU-051,249689000,BC MIKLAGARD,2,2026-04-10 07:47:02.500,2026-04-10 07:00:00,2026-04-10 06:59:43,0.7840277777777778,<6h,10.2,15.377367,37.189,12.934057615408491,13.534107743999536,0.61383090119332,13.429402299814225,0.392190046526878,E,sector,AU-040|AU-014|AU-033,247381300|247408700|215054000,True,0.6846894515419732,0.7164542701054258,0.7109114841302578,17.0,10.349280011330777,LEVANTE,10.2,270.0,277.0,6.2,UNDERWAY_ENGINE,MOVING,0.0,0.0,LOW,0,ITAUG,273.82319256873245,3.823192568732452,1,12.934057615408493,21.0,30.0,33.0,20.0,29.0,29.0,1.0,0.9666666666666667,0.7182927377585541,0.710911484130258,<6h,1.0382977020154622,0.0,0.0,0.9659258262890683,-0.25881904510252063,0.710911484130258,0.6846894515419732,0.6492099938200973,0.7819987973261506,0.7710727851522841,0.7345555414871698,0.7396385804828779,2
AUGUSTA,AU-051,249689000,BC MIKLAGARD,2,2026-04-10 07:47:02.500,2026-04-10 07:15:00,2026-04-10 07:14:59,0.5340277777777778,<6h,10.2,15.323233,37.191433,8.131539636107133,8.349487118748605,0.2388086736062971,8.18994724411495,0.0697862308406122,E,sector,AU-040|AU-017|AU-014,247381300|229370000|247408700,True,0.4304588381456789,0.4419963112876702,0.4335507582748354,1.0,10.230036569387238,LEVANTE,10.3,277.0,278.0,6.2,UNDERWAY_ENGINE,MOVING,0.0,0.0,LOW,0,ITAUG,274.13172824590794,2.8682717540920635,1,8.131539636107133,19.0,29.0,32.0,19.0,28.0,28.0,1.0,0.9655172413793104,0.9347661908250813,0.4335507582748354,<6h,1.007182847359984,0.0,0.0,0.9469301294951057,-0.3214394653031616,0.4335507582748354,0.4304588381456789,0.0,0.0,0.40857443177198005,0.46831723647018225,0.47235991971587565,2
AUGUSTA,AU-051,249689000,BC MIKLAGARD,2,2026-04-10 07:47:02.500,2026-04-10 07:30:00,2026-04-10 07:29:14,0.2840277777777777,<6h,10.2,15.273233,37.194683,3.6883510850423655,3.7485296801393,0.0565951890306657,3.698981842377133,0.0120766633340608,E,sector,AU-007|AU-040|AU-004,247355500|247381300|247219700,True,0.1952500256766593,0.1984356964457767,0.1958127854559529,46.0,10.148060823136268,LEVANTE,8.6,275.0,275.0,6.2,UNDERWAY_ENGINE,MOVING,0.0,0.0,LOW,0,ITAUG,273.44106166197207,1.5589383380279287,1,3.6883510850423655,20.0,30.0,33.0,18.0,27.0,27.0,3.0,0.9,0.9880674421498101,0.1958127854559529,<6h,1.002882252011713,0.0,0.0,0.9238795325112868,-0.3826834323650895,0.1958127854559529,0.19525002567665933,0.0,0.02784820392435003,0.23515727019718793,0.19160962637025264,0.19044058810413872,2
AUGUSTA,AU-051,249689000,BC MIKLAGARD,2,2026-04-10 07:47:02.500,2026-04-10 07:45:00,2026-04-10 07:44:30,0.0340277777777777,<6h,8.2,15.237717,37.196467,0.5363633564570524,0.5546369200580018,0.0182837699299764,0.5403935124455427,0.0036176039093831,E,sector,AU-044|AU-002|AU-004,605076190|229456000|247219700,True,0.0353186638345527,0.0365219485893958,0.0355840431205251,30.0,8.336443580075287,LEVANTE,6.5,274.0,275.0,6.2,UNDERWAY_ENGINE,MOVING,0.0,0.0,LOW,0,ITAUG,272.37417872330445,1.6258212766955467,1,0.5363633564570524,22.0,30.0,33.0,19.0,27.0,28.0,2.0,0.9333333333333333,0.9963954359755234,0.03558404312052512,<6h,1.0075138540692108,0.0,0.0,0.8968727415326884,-0.44228869021900113,0.03558404312052512,0.03531866383455278,0.0,0.0,0.0,0.0,0.0,2
AUGUSTA,AU-052,215909000,SB AVANTEA,2,2026-04-10 07:59:15.500,2026-04-10 04:30:00,2026-04-10 04:29:11,3.4876388888888887,<6h,8.3,15.4365,37.655733,54.15572838687653,60.44253255970542,2.224236110133242,59.94935109479596,1.659931618770587,NNE,sector,AU-001|AU-022|AU-007,256210000|247415600|247355500,True,3.523102890192076,3.93209116550687,3.9000072272760127,49.0,8.669516691329891,LEVANTE,8.3,187.0,187.0,4.2,UNDERWAY_ENGINE,MOVING,0.0,0.0,LOW,0,IT AUG,199.57359670729684,12.573596707296844,1,54.15572838687653,20.0,29.0,29.0,19.0,28.0,28.0,1.0,0.9655172413793104,0.37594951424435386,3.9000072272760127,<6h,1.106980791884675,0.0,0.0,0.9238795325112867,0.38268343236508984,3.9000072272760127,3.5231028901920762,7.213798258046771,7.17630210650046,4.088444990819967,3.8589672180911383,3.830996315410573,2
AUGUSTA,AU-052,215909000,SB AVANTEA,2,2026-04-10 07:59:15.500,2026-04-10 04:45:00,2026-04-10 04:44:26,3.2376388888888887,<6h,8.3,15.430067,37.6206,50.2910416308702,56.244399812436114,1.965572430518052,55.42438820983266,0.5742290329215015,NNE,sector,AU-004|AU-010|AU-001,247219700|215909000|256210000,True,3.2716855519835404,3.658981486145626,3.605635601357872,34.0,8.1959829068675,LEVANTE,8.2,187.0,186.0,4.2,UNDERWAY_ENGINE,MOVING,0.0,0.0,LOW,0,IT AUG,200.45255683694134,13.45255683694134,1,50.2910416308702,23.0,32.0,32.0,23.0,32.0,32.0,0.0,1.0,0.6352315826269384,3.605635601357871,<6h,1.1020727829946448,0.0,0.0,0.9469301294951056,0.3214394653031617,3.605635601357871,3.2716855519835404,5.352797004088835,5.392972804218065,3.7634256567050492,3.5643657081756412,3.5435714462028076,2
AUGUSTA,AU-052,215909000,SB AVANTEA,2,2026-04-10 07:59:15.500,2026-04-10 05:00:00,2026-04-10 04:59:41,2.9876388888888887,<6h,8.2,15.424733,37.586533,46.58590540611884,52.1120765797535,1.636468204059079,51.6119100691532,0.454236787194282,NNE,sector,AU-010|AU-004|AU-001,215909000|247219700|256210000,True,3.0676068986803218,3.4314963770053137,3.3985612172175896,19.0,8.040742464424133,LEVANTE,8.0,186.0,187.0,4.2,UNDERWAY_ENGINE,MOVING,0.0,0.0,LOW,0,IT AUG,201.5357068450509,15.535706845050896,1,46.58590540611884,25.0,34.0,34.0,24.0,33.0,33.0,1.0,0.9705882352941176,0.6876459245191703,3.3985612172175896,<6h,1.1078868086649705,0.0,0.0,0.9659258262890683,0.25881904510252074,3.3985612172175896,3.0676068986803218,4.467640895463221,4.504830565006771,3.5229583391365473,3.3521258847962763,3.3363233751115096,2
AUGUSTA,AU-052,215909000,SB AVANTEA,2,2026-04-10 07:59:15.500,2026-04-10 05:15:00,2026-04-10 05:14:57,2.7376388888888887,<6h,8.1,15.41715,37.5525,42.82730282174404,48.13744698412934,1.5029638776382483,47.619778401073695,0.4911451153568358,NNE,sector,AU-010|AU-001|AU-004,215909000|256210000|247219700,True,2.854925127439408,3.2089064197617083,3.1743979415695875,3.0,7.92372887882855,LEVANTE,8.2,191.0,191.0,4.2,UNDERWAY_ENGINE,MOVING,0.0,0.0,LOW,0,IT AUG,202.55767184926634,11.557671849266342,1,42.82730282174404,24.0,33.0,33.0,23.0,32.0,33.0,0.0,1.0,0.6706255412040811,3.1743979415695875,<6h,1.1119023441489395,0.0,0.0,0.9807852804032304,0.19509032201612833,3.1743979415695875,2.8549251274394076,3.4519094731382634,3.4562570630056015,3.212114277738206,3.1312232660446733,3.1106478923295935,2
AUGUSTA,AU-052,215909000,SB AVANTEA,2,2026-04-10 07:59:15.500,2026-04-10 05:30:00,2026-04-10 05:29:12,2.4876388888888887,<6h,8.1,15.40985,37.520717,39.32398915885516,44.59415362871556,1.4255363902169784,43.92038898025096,0.5076816152165057,NNE,sector,AU-001|AU-010|AU-004,256210000|215909000|247219700,True,2.6213895660917235,2.972705758787001,2.9277917086800365,48.0,7.970658329649036,LEVANTE,8.2,192.0,193.0,4.2,UNDERWAY_ENGINE,MOVING,0.0,0.0,LOW,0,IT AUG,203.66231993113388,11.66231993113388,1,39.32398915885516,26.0,35.0,35.0,23.0,31.0,32.0,3.0,0.9142857142857143,0.6632700099990264,2.9277917086800365,<6h,1.1168853903104274,0.0,0.0,0.9914448613738104,0.1305261922200517,2.9277917086800365,2.6213895660917235,4.749847957660291,4.812852426171016,2.988416935895606,2.8983061436291226,2.858965500525539,2
AUGUSTA,AU-052,215909000,SB AVANTEA,2,2026-04-10 07:59:15.500,2026-04-10 05:45:00,2026-04-10 05:44:27,2.2376388888888887,<6h,8.2,15.4013,37.48625,35.5210073143579,40.98468682747115,1.7122036828584637,39.99156646986402,0.4691524792526325,NNE,sector,AU-001|AU-010|AU-004,256210000|215909000|247219700,True,2.3390011664619594,2.6987756695116123,2.6333802922262035,33.0,8.023899594449762,LEVANTE,8.3,191.0,191.0,4.2,UNDERWAY_ENGINE,MOVING,0.0,0.0,LOW,0,IT AUG,205.02376674826164,14.023766748261636,1,35.5210073143579,24.0,34.0,34.0,20.0,29.0,29.0,4.0,0.8529411764705882,0.6806645423956992,2.6333802922262035,<6h,1.1258567674036395,0.0,0.0,0.9978589232386035,0.06540312923014327,2.6333802922262035,2.3390011664619594,4.052353403723643,4.09840734860437,2.6823790333702475,2.605724091523776,2.567326636087908,2
AUGUSTA,AU-052,215909000,SB AVANTEA,2,2026-04-10 07:59:15.500,2026-04-10 06:00:00,2026-04-10 05:59:42,1.987638888888889,<6h,8.3,15.392,37.451683,31.70317395731966,37.42071242643505,2.0634614549206898,36.11515889482444,0.3917354105188979,NNE,sector,AU-010|AU-001|AU-004,215909000|256210000|247219700,True,2.062451140890972,2.4344058150378,2.34947298230662,18.0,8.094906916618813,LEVANTE,8.4,193.0,193.0,4.2,UNDERWAY_ENGINE,MOVING,0.0,0.0,LOW,0,IT AUG,206.61220783020124,13.612207830201243,1,31.70317395731966,26.0,35.0,35.0,24.0,32.0,32.0,3.0,0.9142857142857143,0.718527381312485,2.3494729823066196,<6h,1.1391654016548756,0.0,0.0,1.0,6.123233995736766e-17,2.3494729823066196,2.0624511408909716,3.00203290416373,3.0410799646183504,2.356516304741282,2.322462204667508,2.285920044070666,2
AUGUSTA,AU-052,215909000,SB AVANTEA,2,2026-04-10 07:59:15.500,2026-04-10 06:15:00,2026-04-10 06:14:57,1.737638888888889,<6h,8.4,15.381583,37.416283,27.78775121463785,32.8980159127133,2.114613914456905,32.1120557497328,0.3081077544862038,NNE,sector,AU-010|AU-004|AU-001,215909000|247219700|256210000,True,1.7862125382236609,2.114703275269547,2.064181306549727,3.0,8.214342774903567,LEVANTE,8.7,193.0,191.0,4.2,UNDERWAY_ENGINE,MOVING,0.0,0.0,LOW,0,IT AUG,208.54591447574302,15.545914475743018,1,27.787751214637854,22.0,33.0,34.0,19.0,27.0,28.0,5.0,0.8484848484848485,0.7644630165752501,2.064181306549727,<6h,1.155619089205643,0.0,0.0,0.9978589232386035,-0.06540312923014314,2.064181306549727,1.7862125382236609,2.070756050532018,2.1140574112095787,2.037507001079662,2.036428046820969,1.9894027480867083,2
AUGUSTA,AU-052,215909000,SB AVANTEA,2,2026-04-10 07:59:15.500,2026-04-10 06:30:00,2026-04-10 06:29:12,1.487638888888889,<6h,8.6,15.372117,37.383233,24.181457692876844,28.65073488862359,1.601702098871251,28.309589891893253,0.3083482835563019,NNE,sector,AU-010|AU-004|AU-001,215909000|247219700|256210000,True,1.5182491393890227,1.7988557240835543,1.777436705252226,48.0,8.26047838098197,LEVANTE,8.5,193.0,192.0,4.2,UNDERWAY_ENGINE,MOVING,0.0,0.0,LOW,0,IT AUG,210.96106144161226,17.96106144161226,1,24.181457692876844,22.0,32.0,34.0,20.0,28.0,29.0,3.0,0.90625,0.7643224763377521,1.777436705252226,<6h,1.1707147787137926,0.0,0.0,0.9914448613738104,-0.1305261922200516,1.777436705252226,1.5182491393890227,3.4486880760429717,3.55416472894918,1.8199989421042624,1.7547083566247337,1.7051563862091748,2
AUGUSTA,AU-052,215909000,SB AVANTEA,2,2026-04-10 07:59:15.500,2026-04-10 06:45:00,2026-04-10 06:44:27,1.237638888888889,<6h,8.5,15.362917,37.3478,20.42782825200928,24.048266710880625,0.9732024527133084,24.17307807072776,0.2870551152385868,NNE,sector,AU-010|AU-004|AU-001,215909000|247219700|256210000,True,1.2976640993526412,1.5276500261009165,1.535578584088919,33.0,8.082794189656894,LEVANTE,8.4,190.0,192.0,4.2,UNDERWAY_ENGINE,MOVING,0.0,0.0,LOW,0,IT AUG,214.68720112172608,24.687201121726076,1,20.427828252009274,23.0,32.0,35.0,21.0,29.0,31.0,1.0,0.96875,0.7769675036912664,1.5355785840889187,<6h,1.183340577006765,0.0,0.0,0.9807852804032304,-0.1950903220161282,1.5355785840889187,1.2976640993526414,3.0066066039011456,3.090537349994153,1.6012152973452425,1.494219780508655,1.4661306186108747,2
AUGUSTA,AU-052,215909000,SB AVANTEA,2,2026-04-10 07:59:15.500,2026-04-10 07:00:00,2026-04-10 06:59:43,0.9876388888888888,<6h,8.5,15.355617,37.3129,16.952661657377426,19.825181747819187,0.5650295039387006,19.023710431630118,0.1527209138298944,NNE,sector,AU-010|AU-001|AU-022,215909000|256210000|247415600,True,1.076906470421638,1.259381384056612,1.208468455827094,17.0,7.674306586882589,LEVANTE,8.3,188.0,192.0,4.2,UNDERWAY_ENGINE,MOVING,0.0,0.0,LOW,0,IT AUG,220.3620146824693,32.362014682469294,1,16.952661657377426,21.0,31.0,33.0,20.0,29.0,29.0,2.0,0.9354838709677419,0.8675126719767043,1.2084684558270942,<6h,1.1221665845818032,0.0,0.0,0.9659258262890683,-0.25881904510252063,1.2084684558270942,1.076906470421638,2.8397142005889076,2.9092166673789484,1.3843556896418763,1.1850946841362862,1.143893317381729,2
AUGUSTA,AU-052,215909000,SB AVANTEA,2,2026-04-10 07:59:15.500,2026-04-10 07:15:00,2026-04-10 07:14:59,0.7376388888888888,<6h,8.3,15.346317,37.2782,13.609110879325224,15.58685696684416,0.3007322598088721,16.0716257213987,0.232811889247855,NNE,sector,AU-001|AU-010|AU-004,256210000|215909000|247219700,True,0.88534120581626,1.0140035498480418,1.045540198899184,1.0,7.235003389956855,LEVANTE,9.2,193.0,195.0,4.2,UNDERWAY_ENGINE,MOVING,0.0,0.0,LOW,0,IT AUG,228.2618606330293,35.2618606330293,1,13.609110879325225,19.0,29.0,32.0,19.0,28.0,28.0,1.0,0.9655172413793104,0.8111537605385241,1.0455401988991841,<6h,1.1809460488572032,0.0,0.0,0.9469301294951057,-0.3214394653031616,1.0455401988991841,0.88534120581626,2.1240853044954413,2.169808952557835,1.1010691147455165,0.992070303076384,0.9812624351415694,2
AUGUSTA,AU-052,215909000,SB AVANTEA,2,2026-04-10 07:59:15.500,2026-04-10 07:30:00,2026-04-10 07:29:14,0.4876388888888889,<6h,8.8,15.3213,37.241,9.343189882009288,11.193178167647506,0.9709485870392204,9.92701343045324,0.3993749091360586,NNE,sector,AU-020|AU-013|AU-004,246651000|538002883|247219700,True,0.5732862434965447,0.6867991708992431,0.609108913610178,46.0,8.352134274947254,LEVANTE,10.6,219.0,228.0,4.2,UNDERWAY_ENGINE,MOVING,0.0,0.0,LOW,0,IT AUG,238.1823661935402,19.18236619354019,1,9.343189882009288,21.0,30.0,33.0,18.0,27.0,27.0,3.0,0.9,0.7146047806569411,0.609108913610178,<6h,1.0624865335947127,0.0,0.0,0.9238795325112868,-0.3826834323650895,0.609108913610178,0.5732862434965447,3.7444890114347036,3.810713338514063,0.6576462146680842,0.5667060406937214,0.5442480669294139,2
AUGUSTA,AU-052,215909000,SB AVANTEA,2,2026-04-10 07:59:15.500,2026-04-10 07:45:00,2026-04-10 07:44:30,0.2376388888888889,<6h,10.6,15.2796,37.2124,4.591563211527349,6.038332124272515,1.9548161256845509,4.90237869379771,0.2592209515191197,E,sector,AU-020|AU-013|AU-010,246651000|538002883|215909000,True,0.2338911126944531,0.3075885388703959,0.2497238423426845,30.0,9.89763431359092,LEVANTE,10.3,233.0,234.0,4.2,UNDERWAY_ENGINE,MOVING,0.0,0.0,LOW,0,IT AUG,247.6177252493578,14.61772524935779,1,4.591563211527349,22.0,30.0,33.0,19.0,27.0,28.0,2.0,0.9333333333333333,0.7941418055295248,0.24972384234268455,<6h,1.0676927372991496,0.0,0.0,0.8968727415326884,-0.44228869021900113,0.24972384234268455,0.23389111269445317,0.2971323932095089,0.48653440228411304,0.2702100490912671,0.29940718661703875,0.305322574670608,2
AUGUSTA,AU-054,311000232,ALDEBARAN,2,2026-04-10 19:31:55.500,2026-04-10 15:30:00,2026-04-10 15:29:12,4.0320833333333335,<6h,11.5,15.935783,37.649962,80.04192028058499,105.07607728674915,41.26871588535302,84.34342698922374,13.549851682191532,NNE,sector,AU-020|AU-002|AU-005,246651000|229456000|636021733,True,3.758189514535872,4.933612418384315,3.960157150400213,48.0,11.98741482524102,LEVANTE,11.5,229.9,226.0,7.5,UNDERWAY_ENGINE,MOVING,0.0,0.0,LOW,0,ITAUG,231.1849773916466,1.2849773916466063,1,80.04192028058499,24.0,35.0,36.0,20.0,28.0,31.0,3.0,0.8857142857142857,0.06872922293936248,3.9601571504002133,<6h,1.0537406735565555,0.0,0.0,-0.7933533402912349,-0.6087614290087209,3.9601571504002133,3.7581895145358715,6.38608184348897,6.135274758395918,4.545084177378935,4.065188815328124,4.042843304363397,2
AUGUSTA,AU-054,311000232,ALDEBARAN,2,2026-04-10 19:31:55.500,2026-04-10 15:45:00,2026-04-10 15:44:29,3.7820833333333335,<6h,11.5,15.890418,37.617785,74.68708904849315,100.46440068465375,37.975800396122814,80.46899907299257,9.853636124400367,NNE,sector,AU-002|AU-020|AU-005,229456000|246651000|636021733,True,3.5067653793075944,4.717081448241795,3.778242044933448,31.0,11.422462884448755,LEVANTE,11.6,226.5,222.0,7.5,UNDERWAY_ENGINE,MOVING,0.0,0.0,LOW,0,ITAUG,231.37403861587683,4.874038615876827,1,74.68708904849315,25.0,35.0,36.0,23.0,30.0,32.0,3.0,0.9142857142857143,0.09213502171423193,3.7782420449334477,<6h,1.0774151208483347,0.0,0.0,-0.8314696123025452,-0.5555702330196022,3.7782420449334477,3.5067653793075944,5.945387128040538,5.6874067463616935,4.199060894202065,3.9289969490243264,3.920255682170038,2
AUGUSTA,AU-054,311000232,ALDEBARAN,2,2026-04-10 19:31:55.500,2026-04-10 16:15:00,2026-04-10 16:14:01,3.282083333333333,<6h,11.5,15.803948,37.551527,64.14264735992616,85.70833529904885,32.02440789799278,72.51754243332012,7.886235849791949,NNE,sector,AU-002|AU-020|AU-005,229456000|246651000|636021733,True,3.0116746811872552,4.02424337022485,3.404899165805245,59.0,11.567017439154656,LEVANTE,11.7,225.9,222.0,,UNDERWAY_ENGINE,MOVING,0.0,0.0,LOW,0,,232.20975726532106,6.309757265321053,0,64.14264735992616,24.0,34.0,34.0,24.0,32.0,34.0,0.0,1.0,0.11253358755084278,3.4048991658052454,<6h,1.1305667199297151,0.0,0.0,-0.8968727415326883,-0.44228869021900136,3.4048991658052454,3.0116746811872552,5.490170429690258,5.401686462288133,3.5310144392970675,3.423230442169592,3.4282674250883938,2
AUGUSTA,AU-054,311000232,ALDEBARAN,2,2026-04-10 19:31:55.500,2026-04-10 16:30:00,2026-04-10 16:29:18,3.032083333333333,<6h,11.8,15.760273,37.516652,58.72702770325275,78.13473222671823,29.051145928463285,66.91428857470979,7.610906680250832,NNE,sector,AU-002|AU-020|AU-005,229456000|246651000|636021733,True,2.687293063991871,3.575371207797261,3.061934352907978,42.0,14.589446135629863,LEVANTE,11.8,224.3,222.0,7.5,UNDERWAY_ENGINE,MOVING,0.0,0.0,LOW,0,ITAUG,232.86945115726073,8.569451157260715,1,58.72702770325275,24.0,35.0,35.0,24.0,32.0,34.0,1.0,0.9714285714285714,0.1161317892683132,3.061934352907978,<6h,1.139412144486985,0.0,0.0,-0.9238795325112868,-0.3826834323650895,3.061934352907978,2.687293063991871,5.7153620975436015,5.540558408585467,3.3210240222978,3.3625041300336376,3.372745844323258,2
AUGUSTA,AU-054,311000232,ALDEBARAN,2,2026-04-10 19:31:55.500,2026-04-10 16:45:00,2026-04-10 16:44:36,2.782083333333333,<6h,11.8,15.715755,37.479537,53.11242916936729,67.93633812008396,26.025141075949737,61.196860556298056,7.327566727516923,NNE,sector,AU-002|AU-020|AU-005,229456000|246651000|636021733,True,2.430374362547465,3.108702370322691,2.8003102718224024,24.0,11.684484403343887,LEVANTE,11.9,222.6,223.0,7.5,UNDERWAY_ENGINE,MOVING,0.0,0.0,LOW,0,ITAUG,233.833003621884,11.233003621883995,1,53.11242916936729,23.0,35.0,35.0,21.0,28.0,30.0,3.0,0.8571428571428571,0.12008309662601473,2.8003102718224024,<6h,1.1522135498858614,0.0,0.0,-0.9469301294951056,-0.3214394653031618,2.8003102718224024,2.430374362547465,5.377174776516783,5.166304528052905,2.92395584351119,3.1147866805391997,3.108352500152055,2
AUGUSTA,AU-054,311000232,ALDEBARAN,2,2026-04-10 19:31:55.500,2026-04-10 17:00:00,2026-04-10 16:59:53,2.532083333333333,<6h,11.9,15.671523,37.44333,47.5939357383464,60.06431785872477,22.624802200328297,55.64726165971253,7.032713141865685,NNE,sector,AU-002|AU-020|AU-005,229456000|246651000|636021733,True,2.1595520508533315,2.7253896699786178,2.524967859398539,7.0,11.793460217884444,LEVANTE,11.8,225.0,224.0,7.5,UNDERWAY_ENGINE,MOVING,0.0,0.0,LOW,0,ITAUG,234.94378457815253,9.943784578152531,1,47.5939357383464,18.0,29.0,31.0,16.0,24.0,27.0,2.0,0.9310344827586207,0.12449093878232768,2.524967859398539,<6h,1.1692090766697734,0.0,0.0,-0.9659258262890683,-0.25881904510252063,2.524967859398539,2.1595520508533315,4.498626800409145,4.270695636382877,2.5948893979008782,2.866159259551168,2.7968025063985733,2
AUGUSTA,AU-054,311000232,ALDEBARAN,2,2026-04-10 19:31:55.500,2026-04-10 17:15:00,2026-04-10 17:14:09,2.282083333333333,<6h,11.8,15.63002,37.410495,42.505786917047566,52.788243216980106,19.418899343983508,50.38087485001701,6.731321435093047,NNE,sector,AU-002|AU-020|AU-005,229456000|246651000|636021733,True,1.9450244772965355,2.415539920973208,2.305381028755766,51.0,11.628687606012129,LEVANTE,11.8,225.4,224.0,7.5,UNDERWAY_ENGINE,MOVING,0.0,0.0,LOW,0,ITAUG,236.10833349190227,10.708333491902266,1,42.505786917047566,19.0,31.0,33.0,19.0,27.0,29.0,2.0,0.9354838709677419,0.1293439948649561,2.305381028755766,<6h,1.1852709596539905,0.0,0.0,-0.9807852804032303,-0.19509032201612866,2.305381028755766,1.9450244772965353,5.830879346397908,5.676058465271204,2.368975195824831,2.621430861672956,2.5731909100996035,2
AUGUSTA,AU-054,311000232,ALDEBARAN,2,2026-04-10 19:31:55.500,2026-04-10 17:30:00,2026-04-10 17:29:25,2.032083333333333,<6h,11.8,15.585813,37.37545,37.10575304615759,49.08641211198601,16.414951310828062,40.198430211476754,5.657274186599106,NNE,sector,AU-002|AU-009|AU-020,229456000|563205300|246651000,True,1.6979240512390446,2.2461476421269726,1.8394420238073703,35.0,11.505302574448136,LEVANTE,11.8,224.8,224.0,7.5,UNDERWAY_ENGINE,MOVING,0.0,0.0,LOW,0,ITAUG,237.71185058296942,12.911850582969407,1,37.10575304615759,18.0,30.0,31.0,18.0,28.0,29.0,1.0,0.9666666666666667,0.15021162895963788,1.8394420238073703,<6h,1.083347645888551,0.0,0.0,-0.9914448613738104,-0.13052619222005163,1.8394420238073703,1.6979240512390446,6.067609488635892,5.861595711226037,2.1801664103963314,2.1188317435313557,2.134778009922298,2
AUGUSTA,AU-054,311000232,ALDEBARAN,2,2026-04-10 19:31:55.500,2026-04-10 17:45:00,2026-04-10 17:44:42,1.7820833333333332,<6h,11.8,15.542838,37.34145,31.89629552232833,42.22670712470258,14.18632353922147,33.807688717286325,3.799617455101542,NNE,sector,AU-002|AU-009|AU-032,229456000|563205300|271051219,True,1.45954421799284,1.932254050806392,1.547007756950174,18.0,11.251064601866323,LEVANTE,11.9,225.8,224.0,7.5,UNDERWAY_ENGINE,MOVING,0.0,0.0,LOW,0,ITAUG,239.7805145415115,13.980514541511496,1,31.89629552232833,18.0,29.0,29.0,18.0,26.0,27.0,2.0,0.9310344827586207,0.2083499381679042,1.547007756950174,<6h,1.059925240961602,0.0,0.0,-0.9978589232386035,-0.06540312923014273,1.547007756950174,1.45954421799284,5.518045372944411,5.306589696244941,1.8966236655574549,1.8263974766741595,1.843864248332559,2
AUGUSTA,AU-054,311000232,ALDEBARAN,2,2026-04-10 19:31:55.500,2026-04-10 18:00:00,2026-04-10 17:59:58,1.5320833333333332,<6h,11.9,15.495867,37.304965,26.30304911373936,35.83444989088749,12.487989218022904,29.204537150952085,2.187536629708973,E,sector,AU-002|AU-009|AU-032,229456000|563205300|271051219,True,1.193488262234757,1.6259710098048663,1.32514189297748,2.0,11.455961016092544,LEVANTE,12.0,225.3,225.0,7.5,UNDERWAY_ENGINE,MOVING,0.0,0.0,LOW,0,ITAUG,242.83305677565141,17.533056775651403,1,26.303049113739362,19.0,29.0,30.0,18.0,26.0,27.0,1.0,0.9310344827586207,0.31372188500663645,1.3251418929774799,<6h,1.1103099501759717,0.0,0.0,-1.0,-1.8369701987210297e-16,1.3251418929774799,1.1934882622347567,1.9770483017497984,1.8590843116926958,1.4454544109936014,1.6063197442241233,1.614004650451021,2
AUGUSTA,AU-054,311000232,ALDEBARAN,2,2026-04-10 19:31:55.500,2026-04-10 18:15:00,2026-04-10 18:14:12,1.2820833333333332,<6h,11.9,15.446162,37.27778,21.02173552335513,28.05990170412257,9.4050416950794,23.47032116407584,0.9240103018817468,E,sector,AU-002|AU-032|AU-009,229456000|271051219|563205300,True,0.953851186242224,1.2732046075159522,1.0649545875490425,48.0,11.942629130914671,LEVANTE,12.0,237.7,237.0,7.5,UNDERWAY_ENGINE,MOVING,0.0,0.0,LOW,0,ITAUG,244.6575647052949,6.957564705294914,1,21.021735523355126,18.0,27.0,29.0,18.0,27.0,27.0,0.0,1.0,0.5197477368088759,1.0649545875490425,<6h,1.1164787578076194,0.0,0.0,-0.9978589232386036,0.06540312923014237,1.0649545875490425,0.9538511862422241,1.5981460508326677,1.6422011289514282,1.1136301299096083,1.3180326135329592,1.2683194834195708,2
AUGUSTA,AU-054,311000232,ALDEBARAN,2,2026-04-10 19:31:55.500,2026-04-10 18:30:00,2026-04-10 18:29:27,1.0320833333333332,<6h,12.0,15.392202,37.251693,15.47508611056874,20.59908360437468,6.3555753372047645,17.15486527984521,1.0848660209748808,E,sector,AU-002|AU-009|AU-007,229456000|563205300|247355500,True,0.6963231691220635,0.9268846114279464,0.771907185018233,33.0,11.898177641641515,LEVANTE,11.9,239.8,243.0,7.5,UNDERWAY_ENGINE,MOVING,0.0,0.0,LOW,0,ITAUG,246.7584243891144,6.958424389114384,1,15.475086110568741,20.0,31.0,34.0,16.0,27.0,28.0,3.0,0.9032258064516129,0.4796471283715398,0.771907185018233,<6h,1.1085473229211475,0.0,0.0,-0.9914448613738105,0.13052619222005127,0.771907185018233,0.6963231691220635,1.3364379834299651,1.3440697874418581,0.8276872703848437,1.0083677131816084,0.9713072084238438,2
AUGUSTA,AU-054,311000232,ALDEBARAN,2,2026-04-10 19:31:55.500,2026-04-10 18:45:00,2026-04-10 18:44:41,0.7820833333333334,<6h,11.9,15.337313,37.226977,9.944221310900666,13.20908863092894,3.640829600773186,10.93715681006691,0.5138196363544555,E,sector,AU-001|AU-002|AU-007,256210000|229456000|247355500,True,0.451214281671446,0.599356073421826,0.4962682546266996,19.0,11.773080914058022,LEVANTE,12.0,241.7,245.0,7.5,UNDERWAY_ENGINE,MOVING,0.0,0.0,LOW,0,ITAUG,250.220469370809,8.520469370809025,1,9.944221310900666,21.0,30.0,33.0,17.0,26.0,28.0,0.0,0.9333333333333333,0.660580676842174,0.49626825462669966,<6h,1.0998505029325731,0.0,0.0,-0.9807852804032304,0.1950903220161283,0.49626825462669966,0.451214281671446,0.10198580590963324,0.17152355412929743,0.5117454833207786,0.7559084044422968,0.7808288758071884,2
AUGUSTA,AU-054,311000232,ALDEBARAN,2,2026-04-10 19:31:55.500,2026-04-10 19:00:00,2026-04-10 18:59:55,0.5320833333333334,<6h,11.9,15.296715,37.208255,5.903501089194015,7.303947728856722,1.5951484836274,6.40761947160134,0.3612542102488104,E,sector,AU-001|AU-009|AU-003,256210000|563205300|247381300,True,0.2678685359091245,0.3314131317883333,0.2907426661887825,5.0,10.17815800203843,LEVANTE,4.9,230.7,240.0,7.5,UNDERWAY_ENGINE,MOVING,0.0,0.0,LOW,0,ITAUG,257.4121404826186,26.712140482618622,1,5.903501089194015,19.0,26.0,28.0,18.0,25.0,25.0,0.0,0.9615384615384616,0.734616644320402,0.2907426661887825,<6h,1.0853931209278644,0.0,0.0,-0.9659258262890684,0.2588190451025203,0.2907426661887825,0.26786853590912457,0.357737197573341,0.27889067617674385,0.7859034924944354,0.5459524878233107,0.5906570701203766,2
AUGUSTA,AU-054,311000232,ALDEBARAN,2,2026-04-10 19:31:55.500,2026-04-10 19:15:00,2026-04-10 19:14:09,0.2820833333333333,<6h,6.0,15.272608,37.198532,3.63222471779061,3.964802981371825,0.3650089583795992,3.759072690004631,0.040952606098611,E,sector,AU-009|AU-001|AU-003,563205300|256210000|247381300,True,0.3268740746751808,0.3568037240255422,0.3382894789421014,51.0,6.93978496256835,LEVANTE,5.5,252.9,250.0,7.5,UNDERWAY_ENGINE,MOVING,0.0,0.0,LOW,0,ITAUG,266.7387560272525,13.838756027252515,1,3.63222471779061,18.0,27.0,28.0,15.0,23.0,23.0,3.0,0.8518518518518519,0.9606585296403672,0.3382894789421014,<6h,1.0349229417422112,0.0,0.0,-0.9469301294951057,0.3214394653031615,0.3382894789421014,0.32687407467518087,0.0,0.0,0.2164911745979941,0.34132245353752083,0.30599057277511166,2
AUGUSTA,AU-054,311000232,ALDEBARAN,2,2026-04-10 19:31:55.500,2026-04-10 19:30:00,2026-04-10 19:29:23,0.0320833333333333,<6h,5.85,15.237745,37.196448,0.538932571103716,0.5552749885250003,0.0163212765121139,0.5411203739374338,0.0036305031054561,E,sector,AU-044|AU-002|AU-004,605076190|229456000|247219700,True,0.0497436424566387,0.0512520526227132,0.0499455773326534,37.0,5.898126113240997,LEVANTE,7.7,274.1,273.0,7.5,UNDERWAY_ENGINE,MOVING,0.0,0.0,LOW,0,ITAUG,272.5876899458978,1.5123100541022154,1,0.538932571103716,18.0,26.0,27.0,17.0,24.0,24.0,2.0,0.9230769230769231,0.9963826297684032,0.04994557733265344,<6h,1.004059511246903,0.0,0.0,-0.923879532511287,0.38268343236508917,0.04994557733265344,0.04974364245663879,0.0,0.0,0.0,0.029691019471013956,0.029490769403735444,2
AUGUSTA,AU-055,247100900,SEBASTIANO,2,2026-04-10 21:23:43.500,2026-04-10 19:30:00,2026-04-10 19:29:23,1.8954166666666667,<6h,11.8,15.33015,36.882557,36.00464683972004,53.415012705123615,21.435515392925893,56.28275698617723,14.262064887433064,SSE,sector,AU-032|AU-039|AU-038,271051219|538002630|309518000,True,1.6475384760277498,2.4442202980343564,2.5754455552484363,37.0,0.5125162303435036,LEVANTE,11.5,20.9,,,,MOVING,0.0,0.0,LOW,0,,345.9789993325509,34.92100066744905,0,34.00095689682753,19.0,27.0,28.0,17.0,24.0,24.0,3.0,0.8888888888888888,0.06552193345891288,2.5754455552484363,<6h,1.563208139125157,0.0,0.0,-0.923879532511287,0.38268343236508917,2.5754455552484363,1.6475384760277498,3.9520930526563465,4.039273768616601,2.737790924008795,2.3669076845830457,2.269035437396275,2
AUGUSTA,AU-055,247100900,SEBASTIANO,2,2026-04-10 21:23:43.500,2026-04-10 19:45:00,2026-04-10 19:44:37,1.6454166666666667,<6h,11.55,15.352843,36.928127,31.73712306205852,48.42554754154938,16.446050229351656,51.711934336777325,11.571485842288212,SSE,sector,AU-032|AU-039|AU-017,271051219|538002630|229370000,True,1.4836948501705665,2.2638704637340408,2.4175074255410003,23.0,9.649868660253912,LEVANTE,11.3,20.5,,5.5,,MOVING,0.0,0.0,LOW,0,AUGUSTA,340.23346671092156,40.26653328907844,1,29.987371109852628,19.0,28.0,28.0,19.0,27.0,27.0,1.0,0.9642857142857143,0.07954509216692432,2.4175074255410003,<6h,1.6293831748914425,0.0,0.0,-0.8968727415326885,0.442288690219001,2.4175074255410003,1.4836948501705665,2.875553510316567,2.9107366097033847,2.8841942587230855,2.300481572575715,2.3377056710422517,2
AUGUSTA,AU-055,247100900,SEBASTIANO,2,2026-04-10 21:23:43.500,2026-04-10 20:00:00,2026-04-10 19:59:52,1.3954166666666667,<6h,11.25,15.369603,36.972523,27.765110520404107,44.246244422593136,12.393354382193454,45.94172547010238,9.048765497466151,SSE,sector,AU-032|AU-039|AU-017,271051219|538002630|229370000,True,1.3326186954837584,2.123649840297247,2.205026420451278,8.0,8.75690393360667,LEVANTE,11.0,4.6,,5.5,,MOVING,0.0,0.0,LOW,0,AUGUSTA,333.8938956085999,30.706104391400117,1,26.32096937454037,20.0,28.0,28.0,19.0,27.0,28.0,0.0,1.0,0.0995147115585646,2.205026420451278,<6h,1.654656675554761,0.0,0.0,-0.8660254037844386,0.5000000000000001,2.205026420451278,1.3326186954837584,1.3520724980669314,1.35198746790106,2.6460290951086494,2.0938787235501986,2.140110399987554,2
AUGUSTA,AU-055,247100900,SEBASTIANO,2,2026-04-10 21:23:43.500,2026-04-10 20:15:00,2026-04-10 20:14:06,1.1454166666666667,<6h,11.0,15.369502,37.01629,23.4880766383479,37.64035192721245,10.05624934852661,39.39238926474565,8.038365225138252,SSE,sector,AU-032|AU-039|AU-017,271051219|538002630|229370000,True,1.1529587982695806,1.8476512825060103,1.933653507988693,54.0,9.064366002609813,LEVANTE,11.0,346.2,,5.5,,MOVING,0.0,0.0,LOW,0,AUGUSTA,328.6824284274854,17.517571572514612,1,22.322122454431895,19.0,28.0,28.0,18.0,27.0,27.0,1.0,0.9642857142857143,0.11063947684020524,1.933653507988693,<6h,1.6771228173034618,0.0,0.0,-0.8314696123025455,0.5555702330196018,1.933653507988693,1.1529587982695806,1.5176947689107276,1.58115952660987,2.42683956760047,1.8105887500047069,1.8539388733229627,2
AUGUSTA,AU-055,247100900,SEBASTIANO,2,2026-04-10 21:23:43.500,2026-04-10 20:30:00,2026-04-10 20:29:22,0.8954166666666666,<6h,11.0,15.353282,37.061127,18.53075466344256,31.436003994052463,8.912876590070054,28.41959407747979,7.405406366560889,SSE,sector,AU-032|AU-021|AU-039,271051219|255801270|538002630,True,0.9096188230631532,1.543098566368175,1.3950321066895637,38.0,10.141328685757822,LEVANTE,11.1,341.6,,5.5,,MOVING,0.0,0.0,LOW,0,AUGUSTA,324.457778580003,17.142221419997043,1,17.625361527952546,19.0,28.0,30.0,18.0,27.0,27.0,1.0,0.9642857142857143,0.11897104748894545,1.3950321066895635,<6h,1.5336447216338098,0.0,0.0,-0.7933533402912357,0.6087614290087199,1.3950321066895635,0.9096188230631533,1.8474354187590674,1.8474350469538612,2.274210763079481,1.277607386403374,1.3155689926441583,2
AUGUSTA,AU-055,247100900,SEBASTIANO,2,2026-04-10 21:23:43.500,2026-04-10 20:45:00,2026-04-10 20:44:36,0.6454166666666666,<6h,11.1,15.327928,37.104147,13.365014230387835,20.721150452842625,6.998724888313981,21.22291729366474,6.2851446815784335,SSE,sector,AU-021|AU-032|AU-039,255801270|271051219|538002630,True,0.6501378704486912,1.0079753299497318,1.032383656026343,24.0,10.752819184888358,LEVANTE,11.2,332.9,,5.5,,MOVING,0.0,0.0,LOW,0,AUGUSTA,320.3605726824964,12.539427317503566,1,12.764344795647169,19.0,29.0,31.0,19.0,28.0,28.0,1.0,0.9655172413793104,0.1372656335197636,1.032383656026343,<6h,1.5879457311321454,0.0,0.0,-0.7518398074789772,0.6593458151000691,1.032383656026343,0.6501378704486912,0.42627839292623904,0.4284976051825151,1.997225283556785,0.9239151973243049,0.9546314782577319,2
AUGUSTA,AU-055,247100900,SEBASTIANO,2,2026-04-10 21:23:43.500,2026-04-10 21:00:00,2026-04-10 20:59:51,0.3954166666666667,<6h,11.2,15.291693,37.14076,8.181351786181482,14.213994366509027,5.4751568486415225,11.85903003288101,4.626561224277759,SSE,sector,AU-021|AU-038|AU-036,255801270|309518000|256891000,True,0.3944264784297613,0.6852627645069532,0.5717289239857013,9.0,10.99925083816998,LEVANTE,11.2,320.6,,5.5,,MOVING,0.0,0.0,LOW,0,AUGUSTA,319.46852131731305,1.131478682686975,1,7.84577453940372,19.0,29.0,30.0,18.0,27.0,29.0,0.0,1.0,0.17772844907208182,0.5717289239857013,<6h,1.4495196323071236,0.0,0.0,-0.7071067811865477,0.7071067811865474,0.5717289239857013,0.3944264784297613,0.0,0.0,1.6832466213312078,0.5294989150827264,0.536089901024034,2
AUGUSTA,AU-055,247100900,SEBASTIANO,2,2026-04-10 21:23:43.500,2026-04-10 21:15:00,2026-04-10 21:14:05,0.1454166666666666,<6h,11.3,15.257023,37.17757,3.0910309236868807,4.359465537829118,2.0772007122314435,4.329441358846175,1.4619229518287054,SSE,sector,AU-021|AU-043|AU-036,255801270|247408700|256891000,True,0.1477011661005982,0.2083117766886369,0.2068771076877508,55.0,11.289443677873017,LEVANTE,11.5,323.5,,5.5,,MOVING,0.0,0.0,LOW,0,AUGUSTA,313.39864768395466,10.101352316045336,1,3.0910309236868807,19.0,30.0,31.0,19.0,29.0,29.0,1.0,0.9666666666666667,0.4061865539931721,0.20687710768775083,<6h,1.4006464075364728,0.0,0.0,-0.6593458151000687,0.7518398074789775,0.20687710768775083,0.14770116610059827,1.5497094716503756,1.6740404141747376,1.5275350965867083,0.17088327666540537,0.17120991532640925,2
AUGUSTA,AU-056,256251000,CHEMICAL MARINER,2,2026-04-11 01:22:25.500,2026-04-10 19:45:00,2026-04-10 19:44:37,5.62375,<6h,10.7,15.372233,36.548717,73.12572416612467,86.03246310398552,54.05296579178779,104.5733482231104,30.76316503285815,SSE,sector,AU-038|AU-032|AU-021,309518000|271051219|255801270,True,3.690161894497723,4.341477922528084,5.2771112928236406,23.0,9.190833969365135,LEVANTE,10.5,22.0,19.0,7.1,UNDERWAY_ENGINE,MOVING,0.0,0.0,LOW,0,ITAUG,350.1967342682171,31.803265731782915,1,70.9267989792586,19.0,28.0,29.0,19.0,27.0,27.0,1.0,0.9642857142857143,0.03148300866634438,5.2771112928236406,<6h,1.430048719730201,0.0,0.0,-0.8968727415326885,0.442288690219001,5.2771112928236406,3.690161894497723,4.544305922385478,4.505689898229999,4.2508854526474025,5.194262871992967,5.197979290173191,2
AUGUSTA,AU-056,256251000,CHEMICAL MARINER,2,2026-04-11 01:22:25.500,2026-04-10 20:00:00,2026-04-10 19:59:52,5.37375,<6h,10.6,15.392933,36.590233,68.94054420439201,81.15265251077807,49.173155198580346,98.16292784619829,27.203032706808784,SSE,sector,AU-038|AU-032|AU-021,309518000|271051219|255801270,True,3.5117845167076904,4.133861022799323,5.000352899781891,8.0,9.116964501204492,LEVANTE,10.5,20.0,18.0,7.1,UNDERWAY_ENGINE,MOVING,0.0,0.0,LOW,0,ITAUG,348.04185236072755,31.958147639272454,1,66.82413974578073,20.0,28.0,29.0,19.0,27.0,28.0,0.0,1.0,0.03545717974360182,5.000352899781892,<6h,1.4238780528794346,0.0,0.0,-0.8660254037844386,0.5000000000000001,5.000352899781892,3.5117845167076904,4.164166013671849,4.094863541619108,4.079750624409643,4.918204054454018,4.939389371929491,2
AUGUSTA,AU-056,256251000,CHEMICAL MARINER,2,2026-04-11 01:22:25.500,2026-04-10 20:15:00,2026-04-10 20:14:06,5.12375,<6h,10.45,15.410917,36.6286,65.14550543349716,76.67647091648448,44.69697360428675,91.68579424992176,23.988089936504355,SSE,sector,AU-038|AU-032|AU-021,309518000|271051219|255801270,True,3.3661013275960383,3.961912166156049,4.737451520142288,54.0,8.768967909490854,LEVANTE,10.3,20.0,19.0,7.1,UNDERWAY_ENGINE,MOVING,0.0,0.0,LOW,0,ITAUG,345.89386244128866,34.10613755871134,1,63.114695825215534,19.0,28.0,29.0,18.0,27.0,27.0,1.0,0.9642857142857143,0.04001906518429525,4.737451520142288,<6h,1.4074001520107609,0.0,0.0,-0.8314696123025455,0.5555702330196018,4.737451520142288,3.3661013275960383,6.060932751981887,6.043765870943246,4.019827824553717,4.655302674814415,4.676236471669562,2
AUGUSTA,AU-056,256251000,CHEMICAL MARINER,2,2026-04-11 01:22:25.500,2026-04-10 20:30:00,2026-04-10 20:29:22,4.87375,<6h,10.3,15.4296,36.669783,61.17124221653098,71.89901396663399,39.91951665443626,85.35504792731959,20.547833046231705,SSE,sector,AU-038|AU-032|AU-021,309518000|271051219|255801270,True,3.206779457345037,3.7691613352468063,4.474566877441316,38.0,8.532381287690121,LEVANTE,10.4,20.0,18.0,7.1,UNDERWAY_ENGINE,MOVING,0.0,0.0,LOW,0,ITAUG,343.34516813216453,36.65483186783547,1,59.24607989005079,19.0,28.0,31.0,18.0,27.0,27.0,1.0,0.9642857142857143,0.0464083788775633,4.474566877441316,<6h,1.3953459964926649,0.0,0.0,-0.7933533402912357,0.6087614290087199,4.474566877441316,3.2067794573450366,5.873233702471128,5.826112500200736,3.875748039205933,4.392418032113443,4.414118282319229,2
AUGUSTA,AU-056,256251000,CHEMICAL MARINER,2,2026-04-11 01:22:25.500,2026-04-10 20:45:00,2026-04-10 20:44:36,4.62375,<6h,10.4,15.448583,36.711417,57.29666813663379,67.09391426894541,35.11441695674769,78.9468174179251,17.134181539032742,SSE,sector,AU-038|AU-032|AU-021,309518000|271051219|255801270,True,2.97478132458848,3.4834437961530886,4.09883376692168,24.0,8.337114290475558,LEVANTE,10.5,19.0,17.0,7.1,UNDERWAY_ENGINE,MOVING,0.0,0.0,LOW,0,ITAUG,340.4072933425882,38.59270665741178,1,55.49839186663677,19.0,30.0,32.0,19.0,28.0,28.0,2.0,0.9333333333333333,0.055144479382626656,4.09883376692168,<6h,1.3778605281141794,0.0,0.0,-0.7518398074789772,0.6593458151000691,4.09883376692168,2.9747813245884798,5.773261399680547,5.6888854799981665,3.6639641499309152,4.034998402525734,4.037070075669718,2
AUGUSTA,AU-056,256251000,CHEMICAL MARINER,2,2026-04-11 01:22:25.500,2026-04-10 21:00:00,2026-04-10 20:59:51,4.37375,<6h,10.5,15.468717,36.753633,53.57510162899078,62.255482851236735,30.275985539039016,72.37329656482412,13.776027588237833,SSE,sector,AU-038|AU-032|AU-021,309518000|271051219|255801270,True,2.7550705352767038,3.2014544302806094,3.721757511304336,9.0,8.073108827170339,LEVANTE,10.6,20.0,18.0,7.1,UNDERWAY_ENGINE,MOVING,0.0,0.0,LOW,0,ITAUG,336.9264932870777,43.073506712922324,1,51.933586125347865,19.0,30.0,31.0,18.0,27.0,29.0,1.0,0.9666666666666667,0.0676771882042255,3.721757511304336,<6h,1.3508755814596753,0.0,0.0,-0.7071067811865477,0.7071067811865474,3.721757511304336,2.7550705352767033,5.8965522185660415,5.774405422452929,3.4896673319137657,3.766624580723695,3.7822748853743895,2
AUGUSTA,AU-056,256251000,CHEMICAL MARINER,2,2026-04-11 01:22:25.500,2026-04-10 21:15:00,2026-04-10 21:14:05,4.12375,<6h,10.6,15.488333,36.792,50.44126092338136,57.91655527983155,25.937057967633827,66.28646452769152,10.94860465211427,SSE,sector,AU-038|AU-032|AU-021,309518000|271051219|255801270,True,2.569443585892933,2.9502300052891086,3.376587499882408,55.0,7.532982224374413,LEVANTE,10.4,21.0,18.0,7.1,UNDERWAY_ENGINE,MOVING,0.0,0.0,LOW,0,ITAUG,333.21104015788177,47.78895984211823,1,48.97389805011527,20.0,31.0,32.0,19.0,29.0,29.0,2.0,0.9354838709677419,0.08369178068194373,3.3765874998824077,<6h,1.314131790408224,0.0,0.0,-0.6593458151000687,0.7518398074789775,3.3765874998824077,2.5694435858929334,8.157866562990076,8.080995613621504,3.4163806483669226,3.3939362346036788,3.4080199225041743,2
AUGUSTA,AU-056,256251000,CHEMICAL MARINER,2,2026-04-11 01:22:25.500,2026-04-10 21:30:00,2026-04-10 21:29:19,3.87375,<6h,10.5,15.508,36.833183,47.281409024986345,53.37590493477208,21.39640762257436,59.871599593171865,8.534316197850575,SSE,sector,AU-038|AU-032|AU-021,309518000|271051219|255801270,True,2.4314208076204022,2.7448269533462963,3.0788645270581028,41.0,6.919660466859834,LEVANTE,10.8,20.0,19.0,7.1,UNDERWAY_ENGINE,MOVING,0.0,0.0,LOW,0,ITAUG,328.8239897032097,51.17601029679031,1,46.02792325693629,19.0,30.0,31.0,18.0,28.0,28.0,2.0,0.9333333333333333,0.10488429156832882,3.0788645270581028,<6h,1.2662820509755135,0.0,0.0,-0.6087614290087209,0.7933533402912349,3.0788645270581028,2.4314208076204022,8.330447276924964,8.224603645832632,3.290039812646823,3.096213261779374,3.1105484703001944,2
AUGUSTA,AU-056,256251000,CHEMICAL MARINER,2,2026-04-11 01:22:25.500,2026-04-10 21:45:00,2026-04-10 21:44:34,3.62375,<6h,10.8,15.528167,36.87735,44.19641497382881,48.71700040472516,16.737503092527437,53.11746305178128,6.491398755660529,SSE,sector,AU-038|AU-021|AU-032,309518000|255801270|271051219,True,2.2096439771732665,2.435655167822832,2.655660699733085,26.0,6.6369652297308575,LEVANTE,10.9,20.0,20.0,7.1,UNDERWAY_ENGINE,MOVING,0.0,0.0,LOW,0,ITAUG,323.54302397769993,56.45697602230007,1,43.20996551691062,19.0,30.0,31.0,19.0,29.0,29.0,1.0,0.9666666666666667,0.13348641990848453,2.655660699733085,<6h,1.2018500388150288,0.0,0.0,-0.555570233019603,0.8314696123025448,2.655660699733085,2.2096439771732665,8.740403810647408,8.597156423722126,3.150401311612859,3.029957955329816,3.084224914576147,2
AUGUSTA,AU-056,256251000,CHEMICAL MARINER,2,2026-04-11 01:22:25.500,2026-04-10 22:00:00,2026-04-10 21:59:49,3.37375,<6h,10.9,15.547883,36.920967,41.55907317587907,44.55430432215961,12.574807009961884,47.17725437048865,3.649198913476205,SSE,sector,AU-038|AU-021|AU-039,309518000|255801270|538002630,True,2.0587251657458867,2.207100893760259,2.337034813367579,11.0,6.078322964034212,LEVANTE,10.9,20.0,19.0,7.1,UNDERWAY_ENGINE,MOVING,0.0,0.0,LOW,0,ITAUG,317.6275177058907,62.37248229410932,1,40.88067267998513,20.0,30.0,32.0,17.0,27.0,27.0,3.0,0.9,0.21509081857121493,2.337034813367579,<6h,1.1351854304072972,0.0,0.0,-0.5000000000000004,0.8660254037844384,2.337034813367579,2.0587251657458867,8.978315634412299,8.820587903787011,3.0655622174575234,2.75074939483925,2.81474968407499,2
AUGUSTA,AU-056,256251000,CHEMICAL MARINER,2,2026-04-11 01:22:25.500,2026-04-10 22:15:00,2026-04-10 22:14:03,3.12375,<6h,10.9,15.565317,36.961917,39.46446591882604,41.50343821289541,9.523940900697683,45.25882519051292,3.044056802243156,SSE,sector,AU-021|AU-038|AU-039,255801270|309518000|538002630,True,1.954963932808867,2.055969158702489,2.242000970461535,57.0,5.199645624124731,LEVANTE,10.9,19.0,17.0,7.1,UNDERWAY_ENGINE,MOVING,0.0,0.0,LOW,0,ITAUG,311.509488899036,67.490511100964,1,39.11067491494939,20.0,30.0,31.0,19.0,29.0,30.0,0.0,1.0,0.24727644761204157,2.242000970461535,<6h,1.1468247228685478,0.0,0.0,-0.4422886902190014,0.8968727415326883,2.242000970461535,1.954963932808867,10.839909272066697,10.769916360443919,2.995097072797808,2.656914284369966,2.7249239118273794,2
AUGUSTA,AU-056,256251000,CHEMICAL MARINER,2,2026-04-11 01:22:25.500,2026-04-10 22:30:00,2026-04-10 22:29:17,2.87375,<6h,10.9,15.584167,37.00535,37.81355562574635,40.3602553112108,8.380757999013078,42.116822610850335,5.985992370499964,SSE,sector,AU-021|AU-038|AU-017,255801270|309518000|229370000,True,1.8731822589883664,1.9993389398622263,2.0863545787767417,43.0,4.118045057220085,LEVANTE,11.0,19.0,19.0,7.1,UNDERWAY_ENGINE,MOVING,0.0,0.0,LOW,0,ITAUG,304.3411734770674,74.6588265229326,1,37.81355562574635,18.0,29.0,30.0,14.0,25.0,28.0,1.0,0.9655172413793104,0.14314358604551888,2.0863545787767417,<6h,1.1138022308109525,0.0,0.0,-0.38268343236508956,0.9238795325112868,2.0863545787767417,1.8731822589883662,11.709842556000092,11.567417003513736,2.951376850193052,2.5012678926851724,2.569669317197243,2
AUGUSTA,AU-056,256251000,CHEMICAL MARINER,2,2026-04-11 01:22:25.500,2026-04-10 22:45:00,2026-04-10 22:44:32,2.62375,<6h,10.9,15.603117,37.049533,36.77283633536251,45.92822202863316,16.19342573414575,42.59020890429769,8.919559167365767,E,sector,AU-038|AU-021|AU-017,309518000|255801270|229370000,True,1.8216278129947543,2.2751610967876608,2.1098048677500985,28.0,2.860639333792117,LEVANTE,10.9,18.0,18.0,7.1,UNDERWAY_ENGINE,MOVING,0.0,0.0,LOW,0,ITAUG,296.52944468190526,81.47055531809474,1,36.77283633536251,19.0,30.0,30.0,17.0,28.0,30.0,0.0,1.0,0.100810931527067,2.1098048677500985,<6h,1.1581975487526077,0.0,0.0,-0.32143946530316186,0.9469301294951056,2.1098048677500985,1.8216278129947545,10.982420493452537,10.777315858890619,2.57240988386482,2.2903060084522617,2.3655525873835384,2
AUGUSTA,AU-056,256251000,CHEMICAL MARINER,2,2026-04-11 01:22:25.500,2026-04-10 23:00:00,2026-04-10 22:59:46,2.37375,<6h,10.9,15.621917,37.093217,36.45228810717345,41.77478325881337,12.03998696432596,41.61177853200311,7.528222152198041,E,sector,AU-033|AU-036|AU-040,215054000|256891000|247381300,True,1.8057487123849965,2.0694108654572974,2.061336047912651,14.0,1.4467426838251631,LEVANTE,11.0,19.0,19.0,7.1,UNDERWAY_ENGINE,MOVING,0.0,0.0,LOW,0,ITAUG,288.51270789124754,90.48729210875246,1,36.45228810717345,19.0,30.0,30.0,19.0,30.0,30.0,0.0,1.0,0.11725773345881507,2.061336047912651,<6h,1.141540920823961,0.0,0.0,-0.25881904510252157,0.9659258262890681,2.061336047912651,1.8057487123849965,11.529322625810767,11.304505155957202,2.5846418808649085,1.8440188243698414,1.6584444047561382,2
AUGUSTA,AU-056,256251000,CHEMICAL MARINER,2,2026-04-11 01:22:25.500,2026-04-10 23:15:00,2026-04-10 23:14:00,2.12375,<6h,10.9,15.609517,37.122533,34.48392054026596,38.40212649193074,8.619342471873638,37.72029951556949,4.377455740679498,E,sector,AU-033|AU-036|AU-040,215054000|256891000|247381300,True,1.7082410555544196,1.9023384831637868,1.8685626010843464,60.0,2.5165703404744058,LEVANTE,10.6,287.0,288.0,7.1,UNDERWAY_ENGINE,MOVING,0.0,0.0,LOW,0,ITAUG,283.9443944334832,3.0556055665168174,1,34.483920540265956,18.0,29.0,29.0,15.0,26.0,26.0,3.0,0.896551724137931,0.18596154914584934,1.8685626010843464,<6h,1.0938518278837956,0.0,0.0,-0.19509032201612872,0.9807852804032303,1.8685626010843464,1.7082410555544196,6.406084394718102,6.205485262315119,1.900506111051232,1.5797937507217354,1.396320135251347,2
AUGUSTA,AU-056,256251000,CHEMICAL MARINER,2,2026-04-11 01:22:25.500,2026-04-10 23:30:00,2026-04-10 23:29:15,1.87375,<6h,10.8,15.555367,37.135933,29.467276499393822,35.00427325553114,6.27582129286666,32.18126401702352,3.1411021349527557,E,sector,AU-033|AU-036|AU-040,215054000|256891000|247381300,True,1.4732459652924674,1.750073656884006,1.6089344860922885,45.0,7.675396463208659,LEVANTE,10.9,290.0,293.0,7.1,UNDERWAY_ENGINE,MOVING,0.0,0.0,LOW,0,ITAUG,283.34648518802015,6.653514811979846,1,29.467276499393826,20.0,30.0,30.0,19.0,29.0,30.0,0.0,1.0,0.2414816074106341,1.6089344860922885,<6h,1.0921017426800719,0.0,0.0,-0.13052619222005168,0.9914448613738104,1.6089344860922885,1.4732459652924674,5.459721452735922,5.312945748766934,1.781612454893784,1.6027367712552736,1.5798028753858568,2
AUGUSTA,AU-056,256251000,CHEMICAL MARINER,2,2026-04-11 01:22:25.500,2026-04-10 23:45:00,2026-04-10 23:44:28,1.62375,<6h,10.9,15.501883,37.1527,24.43519814661038,28.41979185295952,4.439656364277739,25.889842704192976,1.4455959549039588,E,sector,AU-014|AU-036|AU-033,247408700|256891000|215054000,True,1.210454264500088,1.4078403636514711,1.282513459497938,32.0,10.685532648234116,LEVANTE,11.0,290.0,292.0,7.1,UNDERWAY_ENGINE,MOVING,0.0,0.0,LOW,0,ITAUG,281.62296941998335,8.377030580016651,1,24.43519814661038,20.0,30.0,30.0,19.0,29.0,30.0,0.0,1.0,0.40889828836802733,1.282513459497938,<6h,1.0595307043902316,0.0,0.0,-0.0654031292301428,0.9978589232386035,1.282513459497938,1.210454264500088,4.356297250312373,4.287689948983425,1.5789718601162346,1.309271171713727,1.3349947595927327,2
AUGUSTA,AU-056,256251000,CHEMICAL MARINER,2,2026-04-11 01:22:25.500,2026-04-11 00:00:00,2026-04-10 23:59:42,1.37375,<6h,10.9,15.447817,37.1689,19.39615610027319,21.9551375222308,2.6872363895455336,20.031481092317915,0.5533728473750706,E,sector,AU-036|AU-014|AU-033,256891000|247408700|215054000,True,0.9608336190120864,1.0875987042141797,0.9923059173478666,18.0,10.715211779166326,LEVANTE,10.7,289.0,292.0,7.1,UNDERWAY_ENGINE,MOVING,0.0,0.0,LOW,0,ITAUG,279.22471658450803,9.77528341549197,1,19.39615610027319,19.0,30.0,30.0,17.0,28.0,29.0,1.0,0.9666666666666667,0.643760447911669,0.9923059173478666,<6h,1.0327552010181944,0.0,0.0,0.0,1.0,0.9923059173478666,0.9608336190120865,2.9660545709139012,2.9758641037760265,1.2891570128503944,1.0204496545363666,1.0480668918694314,2
AUGUSTA,AU-056,256251000,CHEMICAL MARINER,2,2026-04-11 01:22:25.500,2026-04-11 00:15:00,2026-04-11 00:14:56,1.12375,<6h,10.7,15.39595,37.185183,14.608272224673907,15.60612872612054,1.0404427669820626,14.906690858013745,0.2073891679431927,E,sector,AU-040|AU-014|AU-033,247381300|247408700|215054000,True,0.7371809321912107,0.7875360169415505,0.7522401070837157,4.0,10.449680432701324,LEVANTE,10.4,292.0,295.0,7.1,UNDERWAY_ENGINE,MOVING,0.0,0.0,LOW,0,ITAUG,275.0643435383179,16.935656461682072,1,14.608272224673907,18.0,28.0,28.0,18.0,28.0,28.0,0.0,1.0,0.8282333704413768,0.7522401070837157,<6h,1.020428058072179,0.0,0.0,0.06540312923014306,0.9978589232386035,0.7522401070837157,0.7371809321912107,2.092550392545906,2.1591964535682804,1.0465243338282544,0.8360311327064017,0.8720577825663688,2
AUGUSTA,AU-056,256251000,CHEMICAL MARINER,2,2026-04-11 01:22:25.500,2026-04-11 00:30:00,2026-04-11 00:29:09,0.87375,<6h,10.4,15.3491,37.19165,10.416845736843516,10.732792008493274,0.3158472138504937,10.666746246647357,0.2671739302844422,E,sector,AU-040|AU-044|AU-005,247381300|605076190|636021733,True,0.5408314159766736,0.5572350062558811,0.5538059814051002,51.0,9.877975662630227,LEVANTE,8.8,272.0,280.0,7.1,UNDERWAY_ENGINE,MOVING,0.0,0.0,LOW,0,ITAUG,273.10518743304794,1.105187433047945,1,10.416845736843515,18.0,29.0,29.0,18.0,29.0,29.0,0.0,1.0,0.7891576492388304,0.5538059814051003,<6h,1.0239900365347605,0.0,0.0,0.13052619222005157,0.9914448613738104,0.5538059814051003,0.5408314159766736,2.3865396010822097,2.4534686668253483,0.784096103860396,0.5224554575554509,0.4907812926555984,2
AUGUSTA,AU-056,256251000,CHEMICAL MARINER,2,2026-04-11 01:22:25.500,2026-04-11 00:45:00,2026-04-11 00:44:22,0.62375,<6h,9.1,15.302283,37.193217,6.266673031949407,6.324259548252604,0.0560142352977714,6.318476321588957,0.0162956773128126,E,sector,AU-043|AU-040|AU-034,247408700|247381300|247131100,True,0.3718387624872075,0.3752557109778916,0.3749125579467968,38.0,9.181637400297006,LEVANTE,8.3,276.0,280.0,7.1,UNDERWAY_ENGINE,MOVING,0.0,0.0,LOW,0,ITAUG,273.53063921306085,2.4693607869391485,1,6.266673031949407,19.0,30.0,30.0,15.0,26.0,26.0,4.0,0.8666666666666667,0.9839656138694793,0.37491255794679684,<6h,1.0082664739927296,0.0,0.0,0.19509032201612825,0.9807852804032304,0.37491255794679684,0.37183876248720754,0.6409336163986925,0.7120093733582791,0.47662380171711094,0.3747721724338832,0.33678389863110564,2
AUGUSTA,AU-056,256251000,CHEMICAL MARINER,2,2026-04-11 01:22:25.500,2026-04-11 01:00:00,2026-04-11 00:59:36,0.37375,<6h,8.0,15.27435,37.195583,3.782585544496959,3.8335091656535294,0.0516565389818105,3.822343556003632,0.0058889243754999,E,sector,AU-030|AU-002|AU-033,247381300|229456000|215054000,True,0.2553040999255507,0.2587411693880622,0.257987551026163,24.0,7.058549609365517,LEVANTE,3.0,280.0,281.0,7.1,UNDERWAY_ENGINE,MOVING,0.0,0.0,LOW,0,ITAUG,271.83843048258393,8.16156951741607,1,3.782585544496959,18.0,29.0,29.0,17.0,28.0,28.0,1.0,0.9655172413793104,0.9941455520258801,0.25798755102616305,<6h,1.0105108030047105,0.0,0.0,0.25881904510252074,0.9659258262890683,0.25798755102616305,0.2553040999255507,0.0,0.0,0.5403487647988368,0.2191300802409062,0.09373753167644613,2
AUGUSTA,AU-056,256251000,CHEMICAL MARINER,2,2026-04-11 01:22:25.500,2026-04-11 01:15:00,2026-04-11 01:14:49,0.12375,<6h,3.9,15.255533,37.19655,2.1139808830805094,2.1991342750773555,0.0832525346717779,2.135081746711388,0.0162409728878176,E,sector,AU-022|AU-017|AU-039,247415600|229370000|538002630,True,0.2926816308191434,0.3044711573181253,0.2956030551463958,11.0,4.418274637318088,LEVANTE,7.5,267.0,267.0,7.1,UNDERWAY_ENGINE,MOVING,0.0,0.0,LOW,0,ITAUG,270.35882047672425,3.3588204767242473,1,2.1139808830805094,18.0,28.0,28.0,17.0,27.0,27.0,1.0,0.9642857142857143,0.9840185809063905,0.29560305514639584,<6h,1.0099815773168819,0.0,0.0,0.3214394653031616,0.9469301294951057,0.29560305514639584,0.29268163081914345,0.0,0.0,0.0,0.21428604191114553,0.17942722188183421,2
AUGUSTA,AU-057,255970000,SIDER UNICORN,2,2026-04-11 05:35:09.500,2026-04-11 00:45:00,2026-04-11 00:44:22,4.835972222222222,<6h,7.9,15.307705,36.695632,56.12088004914758,72.13246053751928,40.15296322532157,72.5244412065544,25.419927946875934,SSE,sector,AU-032|AU-038|AU-039,271051219|309518000|538002630,True,3.835803923855672,4.930178837624688,4.956970309658692,38.0,7.390565791939495,LEVANTE,7.8,19.2,20.0,6.5,UNDERWAY_ENGINE,MOVING,0.0,0.0,LOW,0,ITAUG,353.1072722612107,26.09272773878928,1,53.8256151834804,19.0,31.0,31.0,15.0,26.0,26.0,5.0,0.8387096774193549,0.037850216776168254,4.956970309658692,<6h,1.2922898062724868,0.0,0.0,0.19509032201612825,0.9807852804032304,4.956970309658692,3.8358039238556723,6.49736363226525,6.497275846117588,4.665788817565379,5.540703969217118,5.471380246236432,2
AUGUSTA,AU-057,255970000,SIDER UNICORN,2,2026-04-11 05:35:09.500,2026-04-11 01:00:00,2026-04-11 00:59:36,4.585972222222222,<6h,7.9,15.321537,36.726503,52.88614469545369,68.49986706582222,36.52036975362449,68.93480801583453,22.567637603980696,SSE,sector,AU-032|AU-038|AU-039,271051219|309518000|538002630,True,3.614713118589119,4.681894842785234,4.711622605451139,24.0,8.019738862727634,LEVANTE,8.0,20.0,20.0,6.5,UNDERWAY_ENGINE,MOVING,0.0,0.0,LOW,0,ITAUG,351.34310047586666,28.656899524133337,1,50.65585557836355,19.0,30.0,30.0,17.0,28.0,29.0,1.0,0.9666666666666667,0.04243106656693901,4.711622605451139,<6h,1.3034568583661659,0.0,0.0,0.25881904510252074,0.9659258262890683,4.711622605451139,3.614713118589119,6.113485198301886,6.097933294330847,4.450969404028422,5.295356265009565,5.22819203083567,2
AUGUSTA,AU-057,255970000,SIDER UNICORN,2,2026-04-11 05:35:09.500,2026-04-11 01:15:00,2026-04-11 01:14:49,4.335972222222222,<6h,7.9,15.33552,36.758408,49.59772194678577,64.76020106282901,32.78070375063129,65.25536157747013,19.6472169987206,SSE,sector,AU-032|AU-038|AU-039,271051219|309518000|538002630,True,3.3899528355787627,4.426292551523431,4.460136258951671,11.0,6.940342063817907,LEVANTE,7.9,19.3,19.0,6.5,UNDERWAY_ENGINE,MOVING,0.0,0.0,LOW,0,ITAUG,349.3115632085599,29.988436791440108,1,47.44532180886728,19.0,29.0,29.0,17.0,27.0,27.0,2.0,0.9310344827586207,0.04843267739482588,4.460136258951671,<6h,1.315692717651099,0.0,0.0,0.3214394653031616,0.9469301294951057,4.460136258951671,3.3899528355787627,5.766316160707891,5.716787893939441,4.186492676231722,5.043869918510097,4.975905520936641,2
AUGUSTA,AU-057,255970000,SIDER UNICORN,2,2026-04-11 05:35:09.500,2026-04-11 01:45:00,2026-04-11 01:44:15,3.8359722222222223,<6h,7.8,15.362402,36.81847,43.6264459815201,57.71213172205297,25.732634409855248,58.38021296008687,14.176573259562687,SSE,sector,AU-032|AU-038|AU-039,271051219|309518000|538002630,True,3.020050810040434,3.995135662212229,4.041383740383706,45.0,6.5726114937285525,LEVANTE,7.8,20.2,19.0,6.5,UNDERWAY_ENGINE,MOVING,0.0,0.0,LOW,0,ITAUG,344.60738615465954,35.59261384534045,1,41.66606602872341,17.0,29.0,29.0,16.0,27.0,27.0,2.0,0.9310344827586207,0.06589102710454778,4.041383740383706,<6h,1.338184022251466,0.0,0.0,0.44228869021900125,0.8968727415326884,4.041383740383706,3.020050810040434,7.136227165131359,7.1341309728039874,3.859158657497599,4.620669409486358,4.552236302880236,2
AUGUSTA,AU-057,255970000,SIDER UNICORN,2,2026-04-11 05:35:09.500,2026-04-11 02:00:00,2026-04-11 01:59:28,3.5859722222222223,<6h,7.8,15.37674,36.849452,40.700053576141954,54.067596488578005,22.088099176380283,54.88026630536563,11.439244821882738,SSE,sector,AU-032|AU-038|AU-039,271051219|309518000|538002630,True,2.8174706191602943,3.742841868013652,3.79909912398001,32.0,6.870260389940614,LEVANTE,7.9,19.9,17.0,6.5,UNDERWAY_ENGINE,MOVING,0.0,0.0,LOW,0,ITAUG,341.5957217196252,38.304278280374774,1,38.87049588425632,18.0,29.0,30.0,18.0,29.0,29.0,0.0,1.0,0.08039073226059758,3.79909912398001,<6h,1.348407716532737,0.0,0.0,0.49999999999999994,0.8660254037844387,3.79909912398001,2.8174706191602943,6.737955939912883,6.720245886453965,3.6598939874342333,4.259407319797729,4.125984639489999,2
AUGUSTA,AU-057,255970000,SIDER UNICORN,2,2026-04-11 05:35:09.500,2026-04-11 02:15:00,2026-04-11 02:14:40,3.3359722222222223,<6h,7.8,15.390675,36.880777,37.854718978009934,50.41805947842418,18.438562166226458,51.47658295011883,9.310865559576335,SSE,sector,AU-032|AU-039|AU-038,271051219|538002630|309518000,True,2.620501673728328,3.4902018246680084,3.5634783567396875,20.0,6.147583423366547,LEVANTE,7.7,19.2,17.0,6.5,UNDERWAY_ENGINE,MOVING,0.0,0.0,LOW,0,ITAUG,338.15750743613063,41.04249256386936,1,36.18152996467632,18.0,29.0,30.0,18.0,29.0,29.0,0.0,1.0,0.09698506824882791,3.5634783567396875,<6h,1.3598458617543014,0.0,0.0,0.5555702330196022,0.8314696123025452,3.5634783567396875,2.6205016737283278,6.3858740028127094,6.3421348204567645,3.451547999227858,4.023786552557406,3.8903638722496767,2
AUGUSTA,AU-057,255970000,SIDER UNICORN,2,2026-04-11 05:35:09.500,2026-04-11 02:30:00,2026-04-11 02:29:53,3.0859722222222223,<6h,7.8,15.402377,36.911978,35.09403496264007,46.9082848831623,14.928787570964582,53.9523686071116,7.671655562671283,SSE,sector,AU-032|AU-039|AU-038,271051219|538002630|309518000,True,2.4293926844603253,3.2472368668080454,3.734865191277039,7.0,5.971084058287751,LEVANTE,7.7,14.3,17.0,6.5,UNDERWAY_ENGINE,MOVING,0.0,0.0,LOW,0,ITAUG,334.47793004220705,39.82206995779296,1,33.59616668317573,17.0,28.0,28.0,17.0,28.0,28.0,0.0,1.0,0.11531823338379371,3.734865191277039,<6h,1.537365784941728,0.0,0.0,0.6087614290087207,0.7933533402912352,3.734865191277039,2.4293926844603253,4.499921429627639,4.522037837365238,3.2070950520026753,3.9096994883140286,3.87907282923426,2
AUGUSTA,AU-057,255970000,SIDER UNICORN,2,2026-04-11 05:35:09.500,2026-04-11 02:45:00,2026-04-11 02:44:06,2.8359722222222223,<6h,7.7,15.411242,36.940943,32.59461220322789,43.817964905051895,11.838467592854174,52.853481953016846,6.340548786028758,SSE,sector,AU-032|AU-039|AU-038,271051219|538002630|309518000,True,2.2856730669004994,3.07270237195674,3.706311320370877,54.0,5.789824226392747,LEVANTE,7.6,14.1,17.0,6.5,UNDERWAY_ENGINE,MOVING,0.0,0.0,LOW,0,ITAUG,330.79159450205736,43.30840549794266,1,31.27982046753026,18.0,29.0,29.0,18.0,29.0,29.0,0.0,1.0,0.13622959660772185,3.7063113203708764,<6h,1.6215404442757166,0.0,0.0,0.6593458151000688,0.7518398074789774,3.7063113203708764,2.2856730669004994,5.564105955492864,5.695921948049382,3.1181090053007976,3.881145617407866,3.850267437707772,2
AUGUSTA,AU-057,255970000,SIDER UNICORN,2,2026-04-11 05:35:09.500,2026-04-11 03:00:00,2026-04-11 02:59:19,2.5859722222222223,<6h,7.7,15.422818,36.973298,30.07338841073497,40.45743918367101,8.47794187147329,42.08741015108468,4.894791896105232,SSE,sector,AU-032|AU-039|AU-017,271051219|538002630|229370000,True,2.10887411368089,2.837047991898616,2.9513485001181365,41.0,5.52624923466118,LEVANTE,8.0,17.7,17.0,6.5,UNDERWAY_ENGINE,MOVING,0.0,0.0,LOW,0,ITAUG,325.73699652015114,51.96300347984885,1,29.017690876531457,17.0,27.0,27.0,17.0,27.0,27.0,0.0,1.0,0.16964127277516164,2.9513485001181365,<6h,1.3994901264953967,0.0,0.0,0.7071067811865475,0.7071067811865476,2.9513485001181365,2.10887411368089,7.1160849885562545,7.132298828767334,2.9649863321273684,3.103966141452391,3.141572428925877,2
AUGUSTA,AU-057,255970000,SIDER UNICORN,2,2026-04-11 05:35:09.500,2026-04-11 03:15:00,2026-04-11 03:14:32,2.3359722222222223,<6h,7.9,15.428725,37.006175,27.46060667502359,37.09885669061345,6.001653833800641,38.17561923245422,3.7352349091700288,SSE,sector,AU-032|AU-039|AU-017,271051219|538002630|229370000,True,1.8769039748355243,2.535668363357673,2.609263965911243,28.0,5.465338647403912,LEVANTE,7.9,0.5,347.0,6.5,UNDERWAY_ENGINE,MOVING,0.0,0.0,LOW,0,ITAUG,320.53461848108634,39.96538151891366,1,26.682682972103546,17.0,27.0,27.0,17.0,27.0,27.0,0.0,1.0,0.21118276477972572,2.609263965911243,<6h,1.3901957696796376,0.0,0.0,0.7518398074789774,0.6593458151000688,2.609263965911243,1.8769039748355243,5.533493676441491,5.517570616180344,2.6189766974376205,2.63734207228483,2.66268482438148,2
AUGUSTA,AU-057,255970000,SIDER UNICORN,2,2026-04-11 05:35:09.500,2026-04-11 03:30:00,2026-04-11 03:29:45,2.0859722222222223,<6h,7.9,15.40739,37.034475,23.83343891036376,33.5705203292847,6.141294635343513,35.0023008474079,4.395948040847237,SSE,sector,AU-032|AU-039|AU-017,271051219|538002630|229370000,True,1.6289908214426936,2.294510233841259,2.3923709467293586,15.0,6.64265688357288,LEVANTE,8.1,329.1,330.0,6.5,UNDERWAY_ENGINE,MOVING,0.0,0.0,LOW,0,ITAUG,319.2276506079905,9.87234939200954,1,23.14665287686896,18.0,29.0,29.0,18.0,29.0,29.0,0.0,1.0,0.1853242456061505,2.3923709467293586,<6h,1.4686215018759823,0.0,0.0,0.7933533402912352,0.6087614290087207,2.3923709467293586,1.6289908214426936,1.9837559074586322,1.948927785008916,2.1287881791210514,2.39002695104886,2.378949466348016,2
AUGUSTA,AU-057,255970000,SIDER UNICORN,2,2026-04-11 05:35:09.500,2026-04-11 03:45:00,2026-04-11 03:44:58,1.835972222222222,<6h,8.1,15.386273,37.064325,20.109956577551447,29.80049658404482,6.180969828640436,28.521198505627808,4.720437071394279,SSE,sector,AU-032|AU-039|AU-021,271051219|538002630|255801270,True,1.340556527314578,1.9865408490017344,1.9012611328178952,2.0,7.825038722798039,LEVANTE,8.2,332.2,332.0,6.5,UNDERWAY_ENGINE,MOVING,0.0,0.0,LOW,0,ITAUG,317.0810994762345,15.11890052376549,1,19.568953191899617,19.0,29.0,29.0,19.0,29.0,29.0,0.0,1.0,0.1748118172649111,1.9012611328178952,<6h,1.4182625604207295,0.0,0.0,0.8314696123025451,0.5555702330196024,1.9012611328178952,1.340556527314578,2.071102550440176,1.9887401626542536,1.8950186817946921,1.9074852741054833,1.9082969532529717,2
AUGUSTA,AU-057,255970000,SIDER UNICORN,2,2026-04-11 05:35:09.500,2026-04-11 04:00:00,2026-04-11 03:59:10,1.585972222222222,<6h,8.2,15.367165,37.09334,16.620564421336443,23.859910862133702,5.620315067234508,23.53552387705905,4.49753628384008,SSE,sector,AU-032|AU-021|AU-039,271051219|255801270|538002630,True,1.0944374190944823,1.5711367316897822,1.549776370769837,50.0,7.943742974595519,LEVANTE,8.3,331.8,332.0,6.5,UNDERWAY_ENGINE,MOVING,0.0,0.0,LOW,0,ITAUG,313.7721734517847,18.02782654821533,1,16.29989885068776,20.0,32.0,32.0,20.0,32.0,32.0,0.0,1.0,0.18189966348007272,1.5497763707698369,<6h,1.4160484133045212,0.0,0.0,0.8660254037844386,0.5000000000000001,1.5497763707698369,1.0944374190944823,3.7007171374363823,3.6830962708028983,1.6966582171478277,1.5671764954054224,1.5359330949062806,2
AUGUSTA,AU-057,255970000,SIDER UNICORN,2,2026-04-11 05:35:09.500,2026-04-11 04:15:00,2026-04-11 04:14:24,1.335972222222222,<6h,8.3,15.344478,37.123453,12.892477904246071,18.10292562390342,4.399307024693386,18.41610906670657,3.874378607958551,SSE,sector,AU-021|AU-032|AU-039,255801270|271051219|538002630,True,0.8387206214217173,1.1776864883228433,1.1980606486446808,36.0,7.944312666145058,LEVANTE,8.3,326.3,330.0,6.5,UNDERWAY_ENGINE,MOVING,0.0,0.0,LOW,0,ITAUG,309.19149005465783,17.108509945342178,1,12.890712135423252,20.0,32.0,33.0,20.0,32.0,32.0,0.0,1.0,0.2051543551350871,1.1980606486446805,<6h,1.4284382880843505,0.0,0.0,0.8968727415326884,0.44228869021900125,1.1980606486446805,0.8387206214217173,2.746151996537173,2.707151041289793,1.4081364249239232,1.215460773280266,1.1741579951239036,2
AUGUSTA,AU-057,255970000,SIDER UNICORN,2,2026-04-11 05:35:09.500,2026-04-11 04:30:00,2026-04-11 04:29:38,1.085972222222222,<6h,8.3,15.313953,37.148377,9.054702182335024,13.546036675461176,3.6610222461747055,12.061272781800882,2.912897729315462,SSE,sector,AU-021|AU-038|AU-032,255801270|309518000|271051219,True,0.5890539815201425,0.8812379111778328,0.7846465417914128,22.0,8.045328032739196,LEVANTE,8.4,313.3,317.0,6.5,UNDERWAY_ENGINE,MOVING,0.0,0.0,LOW,0,ITAUG,306.3960990358748,6.903900964125228,1,9.054702182335024,20.0,32.0,34.0,20.0,31.0,31.0,1.0,0.96875,0.25556507457580396,0.7846465417914128,<6h,1.332045222352142,0.0,0.0,0.9238795325112867,0.38268343236508984,0.7846465417914128,0.5890539815201425,1.7841532153849986,1.698186308494776,1.0349974483828797,0.7278135947079599,0.6663863930285788,2
AUGUSTA,AU-057,255970000,SIDER UNICORN,2,2026-04-11 05:35:09.500,2026-04-11 04:45:00,2026-04-11 04:44:52,0.8359722222222222,<6h,8.1,15.283453,37.17224,5.331421770392482,7.6263090006967325,2.3799251534602464,7.060501666356259,1.6644379436286407,SSE,sector,AU-021|AU-038|AU-043,255801270|309518000|247408700,True,0.3553996860512813,0.5083799296520767,0.4706624580937698,8.0,8.040217353843301,LEVANTE,7.6,311.8,313.0,6.5,UNDERWAY_ENGINE,MOVING,0.0,0.0,LOW,0,ITAUG,300.6432519790967,11.156748020903308,1,5.331421770392482,19.0,32.0,34.0,19.0,31.0,31.0,0.0,0.96875,0.3753136763388535,0.4706624580937698,<6h,1.324318722177647,0.0,0.0,0.9469301294951056,0.3214394653031617,0.4706624580937698,0.35539968605128136,0.7555983084867517,0.6634379041574492,0.8232310020010063,0.420635628189986,0.3779696280638245,2
AUGUSTA,AU-057,255970000,SIDER UNICORN,2,2026-04-11 05:35:09.500,2026-04-11 05:00:00,2026-04-11 04:59:06,0.5859722222222222,<6h,7.65,15.259412,37.189548,2.581963350208585,3.1587999881531,0.6921008686688238,3.034176351341464,0.4512797955073092,E,sector,AU-043|AU-021|AU-036,247408700|255801270|256891000,True,0.1822416571527396,0.2229562803083823,0.2141600214106257,54.0,7.116514553074327,LEVANTE,3.4,287.5,288.0,6.5,UNDERWAY_ENGINE,MOVING,0.0,0.0,LOW,0,ITAUG,287.8612207592717,0.3612207592717027,1,2.581963350208585,22.0,34.0,37.0,22.0,34.0,34.0,0.0,1.0,0.6890470074038619,0.21416002141062576,<6h,1.1751430751704306,0.0,0.0,0.9659258262890683,0.25881904510252074,0.21416002141062576,0.18224165715273963,0.0,0.0,0.4001823795663835,0.1737932980596381,0.16225367350836964,2
AUGUSTA,AU-057,255970000,SIDER UNICORN,2,2026-04-11 05:35:09.500,2026-04-11 05:15:00,2026-04-11 05:14:20,0.3359722222222222,<6h,3.15,15.254683,37.192012,2.10338795749728,2.467328082264725,0.4220302211690625,2.3987023962222125,0.2812180011135455,E,sector,AU-043|AU-036|AU-001,247408700|256891000|256210000,True,0.3605519485579347,0.4229366934527623,0.4111732312081683,40.0,3.5490926179911675,LEVANTE,0.3,215.1,358.0,6.5,UNDERWAY_ENGINE,STOPPED,0.0,183.0,LOW,0,ITAUG,284.25190241403294,69.15190241403295,1,2.10338795749728,23.0,35.0,38.0,23.0,34.0,34.0,1.0,0.9714285714285714,0.7805072978453859,0.4111732312081683,<6h,1.1403994149877672,0.0,1.3987168811184478,0.9807852804032304,0.19509032201612833,0.4111732312081683,0.36055194855793476,3.311328138563649,1.9204216736843622,0.0,0.07821808233970268,0.1362241823875983,2
AUGUSTA,AU-057,255970000,SIDER UNICORN,2,2026-04-11 05:35:09.500,2026-04-11 05:30:00,2026-04-11 05:29:34,0.0859722222222222,<6h,1.0,15.244295,37.195067,1.1326100851880216,1.2305299570013672,0.1066886987112424,1.1863144413009132,0.0578388064506525,E,sector,AU-043|AU-021|AU-001,247408700|255801270|256210000,True,0.6115605211598388,0.6644330221389672,0.6405585536182037,26.0,1.5412020578834955,LEVANTE,6.3,284.3,282.0,6.5,UNDERWAY_ENGINE,MOVING,0.0,0.0,LOW,0,ITAUG,279.0394567945178,5.260543205482236,1,1.1326100851880216,21.0,35.0,35.0,21.0,32.0,34.0,1.0,0.9714285714285714,0.9453236106503617,0.6405585536182037,<6h,1.0474164558617507,0.0,0.0,0.9914448613738104,0.1305261922200517,0.6405585536182037,0.6115605211598388,0.0,0.0,0.0,0.5800927484918085,0.2666364862559371,2
AUGUSTA,AU-058,311000279,PEAK SPIRIT,3,2026-04-11 06:30:04.500,2026-04-11 00:30:00,2026-04-11 00:29:09,6.00125,6-12h,12.6,15.953613,36.448403,105.12904607027323,126.66256025358796,36.37152421607127,135.54650334774033,33.03059666531481,SSE,sector,AU-021|AU-038|AU-044,255801270|309518000|605076190,True,4.5051701322582725,5.42796120254328,5.808671164067174,51.0,15.14329517399547,LEVANTE,12.6,343.3,343.0,,UNDERWAY_ENGINE,MOVING,0.0,0.0,LOW,0,,322.535396211224,20.764603788776014,0,104.15178567716826,18.0,30.0,30.0,18.0,29.0,29.0,1.0,0.9666666666666667,0.02938532079924521,5.808671164067174,6-12h,1.2893344742910977,0.0,0.0,0.13052619222005157,0.9914448613738104,5.808671164067174,4.5051701322582725,7.693197573702595,7.777935707655154,5.580487588667497,5.8080535253427374,5.6300600421622535,2
AUGUSTA,AU-058,311000279,PEAK SPIRIT,3,2026-04-11 06:30:04.500,2026-04-11 00:45:00,2026-04-11 00:44:22,5.75125,<6h,12.6,15.940972,36.500273,99.89784930254342,124.63900112399212,34.347965086475426,128.81649113594938,30.25542595899405,SSE,sector,AU-021|AU-038|AU-044,255801270|309518000|605076190,True,4.2809939191669,5.341244177208342,5.520265141757919,38.0,14.108142196912771,LEVANTE,12.5,354.9,355.0,12.4,UNDERWAY_ENGINE,MOVING,0.0,0.0,LOW,0,FOR ORDERS,321.0300224470262,33.86997755297375,0,98.9977757189101,19.0,31.0,31.0,15.0,26.0,26.0,5.0,0.8387096774193549,0.03199444478254632,5.5202651417579185,<6h,1.2894821263451333,0.0,0.0,0.19509032201612825,0.9807852804032304,5.5202651417579185,4.2809939191668995,36.708197229334054,36.73008374080271,52.643907287581044,6.132618563448581,6.0684099225230925,2
AUGUSTA,AU-058,311000279,PEAK SPIRIT,3,2026-04-11 06:30:04.500,2026-04-11 01:00:00,2026-04-11 00:59:36,5.50125,<6h,12.5,15.922882,36.550183,94.59304551029275,123.04348674374332,32.75245070622664,120.14798489603734,27.633125878103986,SSE,sector,AU-021|AU-038|AU-056,255801270|309518000|256251000,True,4.086092678630356,5.315053423055868,5.18997774928887,24.0,11.209823021822212,LEVANTE,12.1,327.0,327.0,12.4,UNDERWAY_ENGINE,MOVING,0.0,0.0,LOW,0,FOR ORDERS,319.6660486247428,7.333951375257186,0,93.76374242389494,19.0,30.0,30.0,17.0,28.0,29.0,1.0,0.9666666666666667,0.034924583653812985,5.18997774928887,<6h,1.270156640457928,0.0,0.0,0.25881904510252074,0.9659258262890683,5.18997774928887,4.086092678630356,34.48558981845949,34.44219666333769,52.192976937731935,5.049059910114173,4.94892727619705,2
AUGUSTA,AU-058,311000279,PEAK SPIRIT,3,2026-04-11 06:30:04.500,2026-04-11 01:15:00,2026-04-11 01:14:49,5.25125,<6h,12.2,15.888065,36.592692,88.98025526173842,120.78043476847164,30.48939873095495,112.31515499308448,23.978644322019857,SSE,sector,AU-021|AU-038|AU-056,255801270|309518000|256251000,True,3.938155262442836,5.345591596522662,4.970928858172135,11.0,11.61582104374448,LEVANTE,12.2,326.5,327.0,12.4,UNDERWAY_ENGINE,MOVING,0.0,0.0,LOW,0,FOR ORDERS,319.20085874839896,7.299141251601043,0,88.17635669177375,19.0,29.0,29.0,17.0,27.0,27.0,2.0,0.9310344827586207,0.04003419829788171,4.970928858172135,<6h,1.2622480646150729,0.0,0.0,0.3214394653031616,0.9469301294951057,4.970928858172135,3.938155262442836,34.01794495663812,33.975598639871095,52.03217828897601,4.830011018997438,4.795525438387188,2
AUGUSTA,AU-058,311000279,PEAK SPIRIT,3,2026-04-11 06:30:04.500,2026-04-11 01:30:00,2026-04-11 01:29:01,5.00125,<6h,12.2,15.855695,36.631875,83.79691028104693,117.31982843962842,29.12717009973156,106.38483614627329,21.32289999146245,SSE,sector,AU-021|AU-038|AU-056,255801270|309518000|256251000,True,3.7087468700672255,5.192429471002923,4.708460332926445,59.0,11.890089521254092,LEVANTE,12.3,326.4,327.0,12.4,UNDERWAY_ENGINE,MOVING,0.0,0.0,LOW,0,FOR ORDERS,318.7298814165422,7.670118583457793,0,83.01897726705893,18.0,29.0,29.0,17.0,27.0,27.0,2.0,0.9310344827586207,0.04479704699579611,4.708460332926446,<6h,1.2695555932726945,0.0,0.0,0.3826834323650898,0.9238795325112867,4.708460332926446,3.7087468700672264,35.586495783512035,35.63338656650177,51.81689327841967,4.5479379886603715,4.445409630540817,2
AUGUSTA,AU-058,311000279,PEAK SPIRIT,3,2026-04-11 06:30:04.500,2026-04-11 01:45:00,2026-04-11 01:44:15,4.75125,<6h,12.3,15.818343,36.676703,77.85666405372639,110.08906023413677,27.70842068088101,98.15408395652352,18.434845965677702,SSE,sector,AU-021|AU-038|AU-056,255801270|309518000|256251000,True,3.417824020339532,4.832791630851145,4.30885897717798,45.0,12.243789074663033,LEVANTE,12.5,325.8,327.0,12.4,UNDERWAY_ENGINE,MOVING,0.0,0.0,LOW,0,FOR ORDERS,318.13013896931244,7.669861030687571,0,77.11212484841899,17.0,29.0,29.0,16.0,27.0,27.0,2.0,0.9310344827586207,0.051453970963599015,4.30885897717798,<6h,1.2607024093504768,0.0,0.0,0.44228869021900125,0.8968727415326884,4.30885897717798,3.4178240203395314,35.11239201940383,35.149814088858136,51.519683853970164,4.1344300013207675,4.121621868952098,2
AUGUSTA,AU-058,311000279,PEAK SPIRIT,3,2026-04-11 06:30:04.500,2026-04-11 02:00:00,2026-04-11 01:59:28,4.50125,<6h,12.4,15.783902,36.720907,72.15405534155201,103.23007183828427,26.508616805836063,90.2568233594642,15.980448836078123,SSE,sector,AU-021|AU-038|AU-056,255801270|309518000|256251000,True,3.14194137730579,4.495143516960055,3.9302246638100127,32.0,12.387465490105145,LEVANTE,12.3,327.8,330.0,12.4,UNDERWAY_ENGINE,MOVING,0.0,0.0,LOW,0,FOR ORDERS,317.3193636538835,10.480636346116512,0,71.45439551869782,18.0,29.0,30.0,18.0,29.0,29.0,0.0,1.0,0.05889125839096278,3.9302246638100136,<6h,1.2508905138071593,0.0,0.0,0.49999999999999994,0.8660254037844387,3.9302246638100136,3.14194137730579,34.86363297455509,34.88615441163528,51.276323534135734,3.7621142032013153,3.767985718142151,2
AUGUSTA,AU-058,311000279,PEAK SPIRIT,3,2026-04-11 06:30:04.500,2026-04-11 02:15:00,2026-04-11 02:14:40,4.25125,<6h,12.25,15.749873,36.764347,66.55598377278103,96.4688503836012,25.3142824802445,82.47927611278817,13.629110573192124,SSE,sector,AU-021|AU-038|AU-056,255801270|309518000|256251000,True,2.9336617345960696,4.252164251932878,3.635530308669642,20.0,12.036583630108373,LEVANTE,11.9,328.0,330.0,12.4,UNDERWAY_ENGINE,MOVING,0.0,0.0,LOW,0,FOR ORDERS,316.39813188659673,11.60186811340327,0,65.90774698169025,18.0,29.0,30.0,18.0,29.0,29.0,0.0,1.0,0.06835685566780131,3.635530308669642,<6h,1.239246592678556,0.0,0.0,0.5555702330196022,0.8314696123025452,3.635530308669642,2.9336617345960696,34.480489084164844,34.48441091836711,51.06977798326491,3.5542876649557313,3.550318011685911,2
AUGUSTA,AU-058,311000279,PEAK SPIRIT,3,2026-04-11 06:30:04.500,2026-04-11 02:30:00,2026-04-11 02:29:53,4.00125,<6h,11.9,15.718073,36.807602,61.13335045030313,89.97274186341573,24.298656634073343,74.92566511376027,11.49255538215222,SSE,sector,AU-021|AU-038|AU-056,255801270|309518000|256251000,True,2.7738965120743018,4.082470091993018,3.399716187531093,7.0,11.738376167488964,LEVANTE,11.9,331.0,333.0,12.4,UNDERWAY_ENGINE,MOVING,0.0,0.0,LOW,0,FOR ORDERS,315.19140588866435,15.808594111335651,0,60.55233554477373,17.0,28.0,28.0,17.0,28.0,28.0,0.0,1.0,0.08004767394737135,3.3997161875310935,<6h,1.2256103184573413,0.0,0.0,0.6087614290087207,0.7933533402912352,3.3997161875310935,2.7738965120743018,34.265554291509325,34.26172302078468,50.90090392938437,3.439113355194304,3.4404590944149134,2
AUGUSTA,AU-058,311000279,PEAK SPIRIT,3,2026-04-11 06:30:04.500,2026-04-11 02:45:00,2026-04-11 02:44:06,3.75125,<6h,11.9,15.690938,36.845002,56.49411483020551,84.3968306404793,23.45054293328501,68.42752258070028,9.674495265203587,SSE,sector,AU-021|AU-038|AU-056,255801270|309518000|256251000,True,2.5633934166200296,3.829465789447669,3.104866080762123,54.0,11.075146391667383,LEVANTE,9.2,316.4,311.0,12.4,UNDERWAY_ENGINE,MOVING,0.0,0.0,LOW,0,FOR ORDERS,313.9398363563234,2.4601636436765943,0,55.98315791684208,18.0,29.0,29.0,18.0,29.0,29.0,0.0,1.0,0.09368124442003091,3.104866080762123,<6h,1.2112327591353707,0.0,0.0,0.6593458151000688,0.7518398074789774,3.104866080762123,2.5633934166200296,34.630737185302024,34.62923899625044,50.75160973103851,4.10786628893198,4.0729572022726686,2
AUGUSTA,AU-058,311000279,PEAK SPIRIT,3,2026-04-11 06:30:04.500,2026-04-11 03:00:00,2026-04-11 02:59:19,3.50125,<6h,9.0,15.664178,36.862683,53.4159044836535,62.89857148759309,21.52223255871425,64.07993324788123,7.683188585320018,SSE,sector,AU-021|AU-038|AU-056,255801270|309518000|256251000,True,3.2046978931877548,3.773612400263564,3.84448843579801,41.0,8.494629013578624,LEVANTE,4.9,310.6,315.0,12.4,UNDERWAY_ENGINE,MOVING,0.0,0.0,LOW,0,FOR ORDERS,314.17696775932865,3.5769677593286247,0,52.89631265722586,17.0,27.0,28.0,17.0,27.0,27.0,0.0,1.0,0.11516506755256026,3.84448843579801,<6h,1.1996414526218717,0.0,0.0,0.7071067811865475,0.7071067811865476,3.84448843579801,3.2046978931877548,33.43361590021346,33.35457287893412,51.366964247672406,4.098928784031334,4.129155160479299,2
AUGUSTA,AU-058,311000279,PEAK SPIRIT,3,2026-04-11 06:30:04.500,2026-04-11 03:15:00,2026-04-11 03:14:32,3.25125,<6h,6.199999999999999,15.65569,36.8863,51.062455470632,59.05885445787567,19.814372100335543,60.76824323843831,7.237609722818706,SSE,sector,AU-021|AU-038|AU-056,255801270|309518000|256251000,True,4.447019392342368,5.143424236908283,5.292294575910812,28.0,5.782202152749419,LEVANTE,8.4,352.8,355.0,12.4,UNDERWAY_ENGINE,MOVING,0.0,0.0,LOW,0,FOR ORDERS,312.6486684913967,40.151331508603334,0,50.626067669690855,17.0,27.0,28.0,17.0,27.0,27.0,0.0,1.0,0.12139443766435498,5.292294575910812,<6h,1.1900767927893416,0.0,0.0,0.7518398074789774,0.6593458151000688,5.292294575910812,4.447019392342368,36.05816042553254,36.23008075499883,52.4007392493547,5.398436778012008,5.389596982468633,2
AUGUSTA,AU-058,311000279,PEAK SPIRIT,3,2026-04-11 06:30:04.500,2026-04-11 03:30:00,2026-04-11 03:29:45,3.00125,<6h,8.600000000000001,15.637533,36.926965,46.864957345710735,52.27923797925503,16.584315881383095,54.74171056127394,6.182645924624384,SSE,sector,AU-021|AU-056|AU-038,255801270|256251000|309518000,True,2.9424479723812547,3.282387235625535,3.436995238414406,15.0,6.973725363833287,LEVANTE,11.3,329.2,330.0,12.4,UNDERWAY_ENGINE,MOVING,0.0,0.0,LOW,0,FOR ORDERS,309.90740515892156,19.292594841078426,0,46.5793486594905,18.0,29.0,30.0,18.0,29.0,29.0,0.0,1.0,0.13922445996839178,3.436995238414406,<6h,1.168073410532702,0.0,0.0,0.7933533402912352,0.6087614290087207,3.436995238414406,2.9424479723812547,34.165760424555266,34.190627189248694,50.74224648276655,3.6054318387031,3.546809024653198,2
AUGUSTA,AU-058,311000279,PEAK SPIRIT,3,2026-04-11 06:30:04.500,2026-04-11 03:45:00,2026-04-11 03:44:58,2.75125,<6h,11.3,15.604587,36.967648,41.74757367183163,44.794742998948415,12.145235769279322,49.19535168598112,4.213227829296638,SSE,sector,AU-021|AU-056|AU-038,255801270|256251000|309518000,True,1.9948572063605776,2.1404624992329944,2.3507402514373896,2.0,9.916035970609704,LEVANTE,11.8,326.9,327.0,12.4,UNDERWAY_ENGINE,MOVING,0.0,0.0,LOW,0,FOR ORDERS,307.70127813380407,19.19872186619591,0,41.58860022560006,19.0,29.0,30.0,19.0,29.0,29.0,0.0,1.0,0.191819738700144,2.3507402514373896,<6h,1.1784002604006358,0.0,0.0,0.8314696123025451,0.5555702330196024,2.3507402514373896,1.9948572063605778,33.72776854864695,33.76560781988346,49.989146096345245,2.6788699697353238,2.6894889173109773,2
AUGUSTA,AU-058,311000279,PEAK SPIRIT,3,2026-04-11 06:30:04.500,2026-04-11 04:00:00,2026-04-11 03:59:10,2.50125,<6h,11.7,15.572612,37.006157,36.91914571095431,40.45143608705302,8.241108583369643,42.63742020786318,2.770987288211065,SSE,sector,AU-056|AU-021|AU-038,256251000|255801270|309518000,True,1.7038242653335878,1.8668400106631324,1.9677235147894248,50.0,10.953604061797712,LEVANTE,11.7,326.0,327.0,12.4,UNDERWAY_ENGINE,MOVING,0.0,0.0,LOW,0,LYESI>ITAUG,305.1174457847975,20.882554215202504,1,36.90912878758331,20.0,32.0,33.0,20.0,32.0,32.0,0.0,1.0,0.2651825433424875,1.9677235147894252,<6h,1.1548864250998148,0.0,0.0,0.8660254037844386,0.5000000000000001,1.9677235147894252,1.7038242653335878,9.265026528794635,9.445635237221962,2.7129022663705653,3.1128311230162415,3.1207700156648355,2
AUGUSTA,AU-058,311000279,PEAK SPIRIT,3,2026-04-11 06:30:04.500,2026-04-11 04:15:00,2026-04-11 04:14:24,2.25125,<6h,11.7,15.537422,37.047997,31.75157253963448,36.76501052196508,6.163366605492861,35.40121102747471,3.582312413523453,SSE,sector,AU-038|AU-021|AU-017,309518000|255801270|229370000,True,1.4653399669396208,1.696710902603103,1.6337713457142526,36.0,11.002645383494611,LEVANTE,11.7,326.4,327.0,12.4,UNDERWAY_ENGINE,MOVING,0.0,0.0,LOW,0,LYESI>ITAUG,301.46777389039494,24.93222610960504,1,31.751572539634477,20.0,33.0,34.0,20.0,32.0,32.0,1.0,0.9696969696969697,0.21823042816739666,1.6337713457142526,<6h,1.1149435506945207,0.0,0.0,0.8968727415326884,0.44228869021900125,1.6337713457142526,1.4653399669396208,9.393557155630456,9.532964056523,2.489517559640471,2.0586680322209725,2.0628074237153724,2
AUGUSTA,AU-058,311000279,PEAK SPIRIT,3,2026-04-11 06:30:04.500,2026-04-11 04:30:00,2026-04-11 04:29:38,2.00125,<6h,11.7,15.503603,37.088402,26.942844320273498,35.69956961385915,11.121983438849094,30.222055248300823,2.717303000389885,E,sector,AU-038|AU-017|AU-021,309518000|229370000|255801270,True,1.243416418391459,1.647540640465339,1.3947525081824603,22.0,10.608522162583393,LEVANTE,11.6,322.8,320.0,12.4,UNDERWAY_ENGINE,MOVING,0.0,0.0,LOW,0,LYESI>ITAUG,296.62162915630915,26.178370843690857,1,26.942844320273498,20.0,33.0,34.0,20.0,31.0,31.0,2.0,0.9393939393939394,0.2690122381455362,1.3947525081824603,<6h,1.1217099014880119,0.0,0.0,0.9238795325112867,0.38268343236508984,1.3947525081824603,1.2434164183914593,7.893108100592715,8.000225089931712,1.89987221727564,1.7525136417802152,1.769495991875677,2
AUGUSTA,AU-058,311000279,PEAK SPIRIT,3,2026-04-11 06:30:04.500,2026-04-11 04:45:00,2026-04-11 04:44:52,1.75125,<6h,11.6,15.470342,37.129042,22.446874321971865,28.176757184038717,6.726538311812243,24.175344281617072,1.7116043952249564,E,sector,AU-038|AU-047|AU-032,309518000|314001155|271051219,True,1.0448571126262318,1.3115717017966928,1.1253139328227206,8.0,9.894357978241452,LEVANTE,11.5,336.8,337.0,12.4,UNDERWAY_ENGINE,MOVING,0.0,0.0,LOW,0,LYESI>ITAUG,289.6441252447011,47.155874755298896,1,22.446874321971865,19.0,33.0,34.0,19.0,31.0,31.0,1.0,0.9393939393939394,0.3687853588676011,1.1253139328227206,<6h,1.077002701349529,0.0,0.0,0.9469301294951056,0.3214394653031617,1.1253139328227206,1.0448571126262318,8.746377262883161,8.874798460178507,1.802193338385132,1.4417042885606248,1.4876002274919868,2
AUGUSTA,AU-058,311000279,PEAK SPIRIT,3,2026-04-11 06:30:04.500,2026-04-11 05:00:00,2026-04-11 04:59:06,1.50125,<6h,11.5,15.42757,37.151677,18.063672441282204,21.44251985330515,4.1885183748493935,19.02629522151693,0.732770393285682,E,sector,AU-047|AU-032|AU-038,314001155|271051219|309518000,True,0.848139376527477,1.0067856067849164,0.8933371782100165,54.0,9.762290358829592,LEVANTE,8.8,297.7,300.0,12.4,UNDERWAY_ENGINE,MOVING,0.0,0.0,LOW,0,LYESI>ITAUG,286.1370776088997,11.562922391100301,1,18.063672441282204,23.0,35.0,37.0,22.0,34.0,34.0,1.0,0.9714285714285714,0.5771105068939909,0.8933371782100162,<6h,1.0532905356518076,0.0,0.0,0.9659258262890683,0.25881904510252074,0.8933371782100162,0.848139376527477,6.304414353112864,6.507454983354934,1.438831915214235,1.1304585733536643,1.1654585777073758,2
AUGUSTA,AU-058,311000279,PEAK SPIRIT,3,2026-04-11 06:30:04.500,2026-04-11 05:15:00,2026-04-11 05:14:20,1.25125,<6h,8.55,15.40123,37.167632,15.364830254791531,17.319824127680477,2.341960251911777,16.379829228203885,0.9341434397354286,E,sector,AU-047|AU-036|AU-033,314001155|256891000|215054000,True,0.970332705265149,1.0937961254266273,1.0344327755803042,40.0,7.7864210153903555,LEVANTE,4.7,311.9,315.0,12.4,UNDERWAY_ENGINE,MOVING,0.0,0.0,LOW,0,LYESI>ITAUG,282.1808177088203,29.719182291179663,1,15.364830254791533,24.0,36.0,38.0,24.0,35.0,35.0,1.0,0.9722222222222222,0.5170247353199356,1.0344327755803042,<6h,1.0660598884973576,0.0,0.0,0.9807852804032304,0.19509032201612833,1.0344327755803042,0.970332705265149,6.006008106594257,5.99012188841755,1.6286717596992188,1.1152184155655516,1.0919455891081256,2
AUGUSTA,AU-058,311000279,PEAK SPIRIT,3,2026-04-11 06:30:04.500,2026-04-11 05:30:00,2026-04-11 05:29:34,1.00125,<6h,5.199999999999999,15.382398,37.179598,13.486618479615638,14.595811688843886,1.1295490170932418,13.984916602648577,0.3133929391470284,E,sector,AU-036|AU-033|AU-014,256891000|215054000|247408700,True,1.4004214237846444,1.515597658336506,1.452163627954039,26.0,4.86711221826532,LEVANTE,6.4,282.4,285.0,12.4,UNDERWAY_ENGINE,MOVING,0.0,0.0,LOW,0,LYESI>ITAUG,278.13555235120805,4.264447648791929,1,13.486618479615638,22.0,35.0,35.0,21.0,32.0,34.0,1.0,0.9714285714285714,0.7613867641541009,1.452163627954039,<6h,1.0369475954099312,0.0,0.0,0.9914448613738104,0.1305261922200517,1.452163627954039,1.4004214237846444,1.7262156892635971,1.743244670289084,1.3200617348500845,1.4094165727666972,1.4135553815183044,2
AUGUSTA,AU-058,311000279,PEAK SPIRIT,3,2026-04-11 06:30:04.500,2026-04-11 05:45:00,2026-04-11 05:44:49,0.75125,<6h,6.65,15.340552,37.186752,9.707858289269469,10.274557260833362,0.6043265767859255,9.898969174187084,0.1634075550257253,E,sector,AU-033|AU-036|AU-014,215054000|256891000|247408700,True,0.788244230116555,0.834258209846974,0.8037617673384663,11.0,6.012178129617806,LEVANTE,8.3,285.4,290.0,12.4,UNDERWAY_ENGINE,MOVING,0.0,0.0,LOW,0,LYESI>ITAUG,276.5537067592853,8.846293240714658,1,9.707858289269469,23.0,34.0,36.0,22.0,33.0,34.0,0.0,1.0,0.8595440142022183,0.8037617673384662,<6h,1.0196862046419506,0.0,0.0,0.9978589232386035,0.06540312923014327,0.8037617673384662,0.788244230116555,1.4339200128630543,1.5094373773304577,0.7520137236588642,0.7846243747156332,0.7787213920384223,2
AUGUSTA,AU-058,311000279,PEAK SPIRIT,3,2026-04-11 06:30:04.500,2026-04-11 06:00:00,2026-04-11 05:59:03,0.50125,<6h,7.95,15.30458,37.193383,6.468687668088735,6.496544170147785,0.025832345681677,6.501890234920551,0.0067355202295084,E,sector,AU-017|AU-014|AU-043,229370000|247408700|247408700,True,0.4393474107942957,0.441239399197725,0.4416024990776961,57.0,7.711569336526735,LEVANTE,7.1,274.3,277.0,12.4,UNDERWAY_ENGINE,MOVING,0.0,0.0,LOW,0,LYESI>ITAUG,273.25784086894,1.042159131060032,1,6.468687668088735,23.0,33.0,35.0,20.0,30.0,31.0,1.0,0.9393939393939394,0.9933095434757554,0.4416024990776961,<6h,1.0051328134137023,0.0,0.0,1.0,6.123233995736766e-17,0.4416024990776961,0.43934741079429573,1.8564113232954726,2.0654972134911063,0.551809454268674,0.42390155228704035,0.4156765331204554,2
AUGUSTA,AU-058,311000279,PEAK SPIRIT,3,2026-04-11 06:30:04.500,2026-04-11 06:15:00,2026-04-11 06:14:18,0.25125,<6h,7.05,15.271183,37.19498,3.5051846014581107,3.546789324291729,0.0387861148704513,3.522347469314752,0.0138994827643464,E,sector,AU-002|AU-040|AU-007,229456000|247381300|247355500,True,0.2684607479327015,0.2716472377411983,0.2697752454172412,42.0,6.815733796754303,LEVANTE,6.0,274.6,273.0,12.4,UNDERWAY_ENGINE,MOVING,0.0,0.0,LOW,0,LYESI>ITAUG,273.0790873752918,1.5209126247082168,1,3.5051846014581107,23.0,33.0,35.0,20.0,30.0,32.0,1.0,0.9696969696969697,0.9862910643504323,0.26977524541724124,<6h,1.0048964233865176,0.0,0.0,0.9978589232386035,-0.06540312923014314,0.26977524541724124,0.2684607479327015,0.8293267263997279,0.9398984592096733,0.31867747420327275,0.24690059031974992,0.24505587842705337,2
AUGUSTA,AU-058,311000279,PEAK SPIRIT,3,2026-04-11 06:30:04.500,2026-04-11 06:30:00,2026-04-11 06:29:34,0.00125,<6h,6.55,15.233637,37.196403,0.1769663658466432,0.1939416524161763,0.0178838679420273,0.1853130191112394,0.007920859265996,E,sector,AU-057|AU-033|AU-003,255970000|215054000|247381300,True,0.0145884264460655,0.0159878037703144,0.0152764924332876,26.0,6.679479957036875,LEVANTE,6.0,271.5,273.0,12.4,UNDERWAY_ENGINE,MOVING,0.0,0.0,LOW,0,LYESI>ITAUG,279.53689064441556,8.036890644415564,1,0.17696636584664321,24.0,35.0,37.0,17.0,27.0,30.0,4.0,0.8571428571428571,0.9921413876960893,0.015276492433287669,<6h,1.0471651956272263,0.0,0.0,0.9914448613738104,-0.1305261922200516,0.015276492433287669,0.014588426446065584,0.0,0.014316588332591206,0.047766999549746905,0.006307359960140027,0.0022933733072800343,2
CATANIA,CT-046,247296500,EUROCARGO ALEXANDRIA,3,2026-04-11 19:00:49.500,2026-04-11 16:45:00,2026-04-11 16:44:59,2.26375,<6h,21.7,15.386037,36.908412,69.10568341787626,73.59236265720625,11.601797482801222,74.64676564060235,0.8016757060395209,SSE,sector,CT-012|CT-010|CT-017,247319800|247453600|247383400,False,1.7195430377391552,1.8311841889004357,1.8574206895671967,1.0,15.099414922024035,,21.4,30.2,30.0,7.0,UNDERWAY_ENGINE,MOVING,0.0,0.0,LOW,0,ITCTA,338.3825332405907,51.817466759409285,1,69.10568341787626,9.0,10.0,21.0,7.0,8.0,8.0,2.0,0.8,0.5550388433655575,1.8574206895671972,<6h,1.0801827280864822,0.0,0.0,-0.9469301294951056,-0.3214394653031618,1.8574206895671972,1.7195430377391552,4.051519790936455,4.268353648487087,2.707729242561822,1.9775628232417288,1.9959917999837007,3
CATANIA,CT-046,247296500,EUROCARGO ALEXANDRIA,3,2026-04-11 19:00:49.500,2026-04-11 17:00:00,2026-04-11 16:59:14,2.01375,<6h,21.4,15.418047,36.9848,62.52320385766464,64.77856987505606,2.7880047006510327,65.97700005488711,0.8537631299666026,SSE,sector,CT-023|CT-010|CT-017,249281000|247453600|247383400,False,1.5775621166726712,1.6344686692602104,1.6647070117399507,46.0,14.687427977996814,,20.8,356.8,356.0,7.0,UNDERWAY_ENGINE,MOVING,0.0,0.0,LOW,0,ITCTA,333.10442469504136,23.695575304958652,1,62.52320385766464,9.0,10.0,21.0,7.0,8.0,10.0,0.0,1.0,0.5394432459221562,1.6647070117399507,<6h,1.0552402305723985,0.0,0.0,-0.9659258262890683,-0.25881904510252063,1.6647070117399507,1.5775621166726712,4.499158539073427,4.714100381591022,2.312540031629757,1.7771266643591486,1.801073003217108,3
CATANIA,CT-046,247296500,EUROCARGO ALEXANDRIA,3,2026-04-11 19:00:49.500,2026-04-11 17:15:00,2026-04-11 17:14:31,1.76375,<6h,20.8,15.411128,37.073272,53.61419803974704,56.84086029233326,1.7099395424293262,56.71161619450204,1.2855147486620202,SSE,sector,CT-010|CT-017|CT-023,247453600|247383400|249281000,False,1.3917957208357656,1.4755581360154628,1.4722030288072676,29.0,16.993814069977795,,20.6,356.1,357.0,7.0,UNDERWAY_ENGINE,MOVING,0.0,0.0,LOW,0,ITCTA,328.92591331332363,27.17408668667639,1,53.61419803974704,8.0,9.0,18.0,7.0,8.0,8.0,1.0,0.8888888888888888,0.4375381959733216,1.4722030288072676,<6h,1.057772348892708,0.0,0.0,-0.9807852804032303,-0.19509032201612866,1.4722030288072676,1.3917957208357656,4.87397056776649,5.095323152118901,2.211179726298917,1.5868070474986458,1.6094624320831792,3
CATANIA,CT-046,247296500,EUROCARGO ALEXANDRIA,3,2026-04-11 19:00:49.500,2026-04-11 17:30:00,2026-04-11 17:29:47,1.51375,<6h,20.6,15.402998,37.160807,45.12130935652672,49.69939246475918,4.044904798274842,48.78135504429415,1.9490786166964824,SSE,sector,CT-029|CT-017|CT-010,253000169|247383400|247453600,False,1.1826969887323784,1.3026953926680989,1.2786322591240675,13.0,18.454215375924385,,20.4,355.8,357.0,7.0,UNDERWAY_ENGINE,MOVING,0.0,0.0,LOW,0,ITCTA,323.31632000454994,32.483679995450075,1,45.12130935652672,8.0,8.0,17.0,6.0,6.0,8.0,0.0,1.0,0.3390889596290879,1.278632259124068,<6h,1.0811156799295765,0.0,0.0,-0.9914448613738104,-0.13052619222005163,1.278632259124068,1.1826969887323784,5.553117053150736,5.777929068733938,2.0466642533627173,1.4009370621408077,2.1471274782802174,3
CATANIA,CT-046,247296500,EUROCARGO ALEXANDRIA,3,2026-04-11 19:00:49.500,2026-04-11 19:00:00,2026-04-11 18:59:18,0.01375,<6h,10.05,15.096737,37.485417,0.0817035846134762,0.104006181287499,0.077167199904092,0.1132031960071521,0.0681387355594813,OTHER,port_fallback,CT-009|CT-019|CT-038,249281000|314900000|247383400,False,0.0043896921769917,0.0055879447947894,0.0060820732196013,42.0,10.789387626408448,,3.9,348.9,352.0,7.0,UNDERWAY_ENGINE,MOVING,0.0,0.0,LOW,0,ITCTA,55.485475613682354,66.58547561368238,1,0.0817035846134762,7.0,8.0,15.0,7.0,7.0,8.0,0.0,1.0,0.9362079725310299,0.0060820732196013505,<6h,1.3855352435599302,0.0,0.0,-0.9659258262890684,0.2588190451025203,0.0060820732196013505,0.004389692176991725,5.533925970624187,5.5294475296814785,0.2798222982119864,0.0,0.0,3
AUGUSTA,AU-059,247355500,DOMENICO IEVOLI,3,2026-04-11 07:19:53.500,2026-04-11 04:30:00,2026-04-11 04:29:38,2.8315277777777776,<6h,10.7,15.45995,37.6287,52.09933105842947,56.331426561836906,0.8540486380280895,58.1012333594554,0.7214276727477814,NNE,sector,AU-007|AU-013|AU-045,247355500|538002883|247243700,True,2.6291017065879507,2.842667011255168,2.931977218841737,22.0,10.53718324752058,LEVANTE,10.7,189.0,190.0,5.6,UNDERWAY_ENGINE,MOVING,0.0,0.0,LOW,0,ITAUG,202.8368245845256,13.836824584525601,1,52.09933105842947,20.0,33.0,35.0,20.0,31.0,31.0,2.0,0.9393939393939394,0.5809131663392966,2.931977218841737,<6h,1.1152011394214407,0.0,0.0,0.9238795325112867,0.38268343236508984,2.931977218841737,2.6291017065879507,0.0,0.0,2.990018493798236,2.9453334978274577,2.9100618051298346,3
AUGUSTA,AU-059,247355500,DOMENICO IEVOLI,3,2026-04-11 07:19:53.500,2026-04-11 04:45:00,2026-04-11 04:44:52,2.5815277777777776,<6h,10.8,15.450317,37.583067,47.108461866054455,51.42930905794873,1.0918355964211095,53.16088381581031,0.8225092095913533,NNE,sector,AU-007|AU-013|AU-045,247355500|538002883|247243700,True,2.35523467452876,2.5712597521172667,2.657831564265374,8.0,10.582320837662204,LEVANTE,10.7,189.0,191.0,5.6,UNDERWAY_ENGINE,MOVING,0.0,0.0,LOW,0,ITAUG,204.27475633261625,15.27475633261625,1,47.108461866054455,19.0,33.0,35.0,19.0,31.0,31.0,1.0,0.9393939393939394,0.5486940722918059,2.657831564265374,<6h,1.128478445485335,0.0,0.0,0.9469301294951056,0.3214394653031617,2.657831564265374,2.3552346745287602,0.0,0.0,2.7157923222359655,2.669475120087128,2.63310497843895,3
AUGUSTA,AU-059,247355500,DOMENICO IEVOLI,3,2026-04-11 07:19:53.500,2026-04-11 05:00:00,2026-04-11 04:59:06,2.3315277777777776,<6h,10.7,15.4409,37.54125,42.54410786437665,46.87505458115184,1.2586974623083194,48.5810982290871,0.8629077779264822,NNE,sector,AU-007|AU-013|AU-045,247355500|538002883|247243700,True,2.1469140643293763,2.36546772275246,2.451560234406204,54.0,10.50558143653863,LEVANTE,10.6,190.0,191.0,5.6,UNDERWAY_ENGINE,MOVING,0.0,0.0,LOW,0,ITAUG,205.82428891108475,15.82428891108475,1,42.54410786437665,23.0,35.0,38.0,22.0,34.0,34.0,1.0,0.9714285714285714,0.5367952251039794,2.451560234406204,<6h,1.1418995641877212,0.0,0.0,0.9659258262890683,0.25881904510252074,2.451560234406204,2.1469140643293763,1.261166360500134,1.307960750107235,2.46519456879535,2.463855003816664,2.439822599064412,3
AUGUSTA,AU-059,247355500,DOMENICO IEVOLI,3,2026-04-11 07:19:53.500,2026-04-11 05:15:00,2026-04-11 05:14:20,2.0815277777777776,<6h,10.7,15.430483,37.496583,37.6967775442965,41.87806372413491,1.342872915026712,41.76823117464314,0.83505767601083,NNE,sector,AU-007|AU-013|AU-022,247355500|538002883|247415600,True,1.9023020096635364,2.1133033105980354,2.107760802902805,40.0,10.347766251945014,LEVANTE,10.7,190.0,192.0,5.6,UNDERWAY_ENGINE,MOVING,0.0,0.0,LOW,0,ITAUG,207.84945427829442,17.849454278294417,1,37.6967775442965,24.0,36.0,39.0,24.0,35.0,35.0,1.0,0.9722222222222222,0.5449419999560267,2.107760802902805,<6h,1.1080053494111632,0.0,0.0,0.9807852804032304,0.19509032201612833,2.107760802902805,1.9023020096635364,0.8239300309922548,0.8657643687350363,2.2143727169541827,2.1492608644732014,2.125190512697342,3
AUGUSTA,AU-059,247355500,DOMENICO IEVOLI,3,2026-04-11 07:19:53.500,2026-04-11 05:30:00,2026-04-11 05:29:34,1.8315277777777776,<6h,10.7,15.419933,37.45125,32.84052040619793,36.78504530738552,1.3764337063234564,37.97157565986246,0.5488302796316896,NNE,sector,AU-007|AU-034|AU-013,247355500|247131100|538002883,True,1.6572394787245883,1.856293035434565,1.916169216399672,26.0,10.318525731672006,LEVANTE,10.8,190.0,192.0,5.6,UNDERWAY_ENGINE,MOVING,0.0,0.0,LOW,0,ITAUG,210.51568272890634,20.51568272890634,1,32.84052040619793,22.0,36.0,36.0,21.0,32.0,34.0,2.0,0.9444444444444444,0.6456485343492891,1.9161692163996717,<6h,1.1562415939272435,0.0,0.0,0.9914448613738104,0.1305261922200517,1.9161692163996717,1.6572394787245883,0.0,0.0,1.9092954215525937,1.9652251229711613,1.9530994519345817,3
AUGUSTA,AU-059,247355500,DOMENICO IEVOLI,3,2026-04-11 07:19:53.500,2026-04-11 05:45:00,2026-04-11 05:44:49,1.581527777777778,<6h,10.8,15.409917,37.406317,28.143070449726302,32.00066273474902,1.5837726739562068,32.91559513493277,0.5696224685307959,NNE,sector,AU-007|AU-034|AU-013,247355500|247131100|538002883,True,1.4070409592095785,1.5999051443259047,1.6456481048982463,11.0,10.15359262885238,LEVANTE,10.9,190.0,192.0,5.6,UNDERWAY_ENGINE,MOVING,0.0,0.0,LOW,0,ITAUG,214.12530143673914,24.125301436739136,1,28.143070449726306,23.0,35.0,36.0,22.0,33.0,34.0,1.0,0.9714285714285714,0.6370958749947202,1.6456481048982465,<6h,1.1695808100872265,0.0,0.0,0.9978589232386035,0.06540312923014327,1.6456481048982465,1.4070409592095783,0.0,0.0,1.6523765980016543,1.6940527978810302,1.6825783404331565,3
AUGUSTA,AU-059,247355500,DOMENICO IEVOLI,3,2026-04-11 07:19:53.500,2026-04-11 06:00:00,2026-04-11 05:59:03,1.331527777777778,<6h,10.85,15.399533,37.3634,23.75532711718941,27.40849866764622,1.8445896763840095,28.18710026549012,0.9248801452710276,NNE,sector,AU-007|AU-013|AU-045,247355500|538002883|247243700,True,1.1821982023265123,1.3640004910693742,1.4027480698654395,57.0,9.983155985074935,LEVANTE,11.0,190.0,192.0,5.6,UNDERWAY_ENGINE,MOVING,0.0,0.0,LOW,0,ITAUG,218.7487906653718,28.748790665371814,1,23.755327117189406,23.0,34.0,35.0,20.0,30.0,31.0,2.0,0.9117647058823529,0.5195128654928267,1.4027480698654398,<6h,1.1865591295138962,0.0,0.0,1.0,6.123233995736766e-17,1.4027480698654398,1.1821982023265125,2.812875613622978,2.867039968291958,1.4432688286713031,1.4518039764369293,1.4371013092120013,3
AUGUSTA,AU-059,247355500,DOMENICO IEVOLI,3,2026-04-11 07:19:53.500,2026-04-11 06:15:00,2026-04-11 06:14:18,1.081527777777778,<6h,11.0,15.388317,37.3172,19.28328911414532,22.47123388131048,2.12699145358421,21.25632283077385,0.7101572231894494,NNE,sector,AU-007|AU-020|AU-013,247355500|246651000|538002883,True,0.9465584681987688,1.1030450560234872,1.043408738993415,42.0,9.735464756018745,LEVANTE,11.2,190.0,192.0,5.6,UNDERWAY_ENGINE,MOVING,0.0,0.0,LOW,0,ITAUG,226.01682027869836,36.01682027869836,1,19.283289114145322,24.0,34.0,35.0,20.0,30.0,32.0,2.0,0.9411764705882353,0.5847415585188106,1.043408738993415,<6h,1.1023183184647274,0.0,0.0,0.9978589232386035,-0.06540312923014314,1.043408738993415,0.9465584681987689,1.987557259215345,2.0469216665513503,1.2483404450702278,1.093138184793429,1.0800056713012356,3
AUGUSTA,AU-059,247355500,DOMENICO IEVOLI,3,2026-04-11 07:19:53.500,2026-04-11 06:30:00,2026-04-11 06:29:34,0.8315277777777778,<6h,11.15,15.379017,37.269633,15.36241499824812,17.99364986816448,2.747923897811489,16.913279744778812,0.6437615697904272,NNE,sector,AU-007|AU-009|AU-013,247355500|563205300|538002883,True,0.7439498202524053,0.8713716291762863,0.8190529566765204,26.0,8.910167120667408,LEVANTE,11.4,196.0,203.0,5.6,UNDERWAY_ENGINE,MOVING,0.0,0.0,LOW,0,ITAUG,238.16477071541664,42.16477071541664,1,15.36241499824812,25.0,36.0,37.0,17.0,27.0,30.0,5.0,0.8333333333333334,0.6083607369695934,0.8190529566765204,<6h,1.1009518846293078,0.0,0.0,0.9914448613738104,-0.1305261922200516,0.8190529566765204,0.7439498202524053,1.786188692273269,1.8505217617767666,1.0286002064044761,0.8687824024765345,0.8609855959440132,3
AUGUSTA,AU-059,247355500,DOMENICO IEVOLI,3,2026-04-11 07:19:53.500,2026-04-11 06:45:00,2026-04-11 06:44:49,0.5815277777777778,<6h,11.4,15.346433,37.229017,10.780973956369852,14.087218234518929,4.104532267492838,12.117716870565507,0.073033864349438,E,sector,AU-034|AU-045|AU-007,247131100|247243700|247355500,True,0.5106368627737605,0.6672359059205282,0.573951198825618,11.0,9.026312666540752,LEVANTE,11.4,216.0,222.0,5.6,UNDERWAY_ENGINE,MOVING,0.0,0.0,LOW,0,ITAUG,250.54353598070168,34.54353598070168,1,10.780973956369852,24.0,36.0,37.0,18.0,28.0,30.0,5.0,0.8333333333333334,0.9319370368672222,0.573951198825618,<6h,1.1239909232324832,0.0,0.0,0.9807852804032304,-0.1950903220161282,0.573951198825618,0.5106368627737605,0.0,0.0,0.5575804155191554,0.6191183584840008,0.6158838380931108,3
AUGUSTA,AU-059,247355500,DOMENICO IEVOLI,3,2026-04-11 07:19:53.500,2026-04-11 07:00:00,2026-04-11 06:59:03,0.3315277777777777,<6h,11.3,15.3099,37.19535,6.931055289392933,7.203606735315283,0.2795814939760702,6.979399131396678,0.0767740676208608,E,sector,AU-030|AU-005|AU-007,247381300|636021733|247355500,True,0.3311920759854418,0.3442156164737133,0.3335021278788144,57.0,9.26469877549111,LEVANTE,10.9,240.0,250.0,5.6,UNDERWAY_ENGINE,MOVING,0.0,0.0,LOW,0,ITAUG,271.23401424545233,31.23401424545233,1,6.931055289392933,24.0,35.0,36.0,17.0,27.0,32.0,2.0,0.9142857142857143,0.9286999288620559,0.33350212787881445,<6h,1.0069749612411445,0.0,0.0,0.9659258262890683,-0.25881904510252063,0.33350212787881445,0.33119207598544187,0.0,0.0,0.4050020761785043,0.4016497441136531,0.3875072468338383,3
AUGUSTA,AU-059,247355500,DOMENICO IEVOLI,3,2026-04-11 07:19:53.500,2026-04-11 07:15:00,2026-04-11 07:14:18,0.0815277777777777,<6h,11.15,15.255433,37.1959,2.106818182550687,2.1183685749562007,0.0108963537866952,2.1200979220047453,0.0108527421974188,E,sector,AU-008|AU-030|AU-033,210627000|247381300|215054000,True,0.1020260817320597,0.1025854281860454,0.1026691746169331,42.0,9.531492327592003,LEVANTE,11.2,273.0,273.0,5.6,UNDERWAY_ENGINE,MOVING,0.0,0.0,LOW,0,ITAUG,272.3262135546678,0.6737864453322118,1,2.106818182550687,23.0,34.0,35.0,22.0,32.0,33.0,0.0,0.9705882352941176,0.9892637752816233,0.1026691746169331,<6h,1.0063032204506517,0.0,0.0,0.9469301294951057,-0.3214394653031616,0.1026691746169331,0.10202608173205972,0.0,0.0,0.0,0.14977248425070427,0.13029228315968283,3
AUGUSTA,AU-060,271051219,MED URLA,3,2026-04-11 12:44:20.500,2026-04-11 10:15:00,2026-04-11 10:14:02,2.489027777777778,<6h,11.2,15.462027,37.593072,48.54922639890195,53.51461189211166,1.870652496970408,55.47691376285909,1.0554020494568686,NNE,sector,AU-013|AU-007|AU-032,538002883|247355500|271051219,False,2.3405790264820827,2.5799623906641305,2.674565805444842,58.0,10.816087569285736,LEVANTE,11.3,185.2,185.0,8.6,UNDERWAY_ENGINE,MOVING,0.0,0.0,LOW,0,ITAUG,204.8520546480304,19.6520546480304,1,48.54922639890195,15.0,21.0,23.0,15.0,20.0,20.0,0.0,0.9523809523809523,0.4865228193502316,2.674565805444842,<6h,1.1426940834656394,0.0,0.0,0.4422886902190017,-0.8968727415326881,2.674565805444842,2.3405790264820827,1.0582228968776555,1.1215920865570181,2.682722611767555,2.75404507627875,2.7470844854817305,3
AUGUSTA,AU-060,271051219,MED URLA,3,2026-04-11 12:44:20.500,2026-04-11 10:30:00,2026-04-11 10:29:14,2.239027777777778,<6h,11.3,15.456905,37.545547,43.601910484059445,48.92623500736641,2.543419538593718,50.60455749271429,1.3490275539389758,NNE,sector,AU-013|AU-032|AU-007,538002883|271051219|247355500,False,2.083464443321711,2.3378808371416886,2.418077442836937,46.0,10.590085377322657,LEVANTE,11.2,184.4,185.0,8.6,UNDERWAY_ENGINE,MOVING,0.0,0.0,LOW,0,ITAUG,207.22962444085937,22.829624440859362,1,43.601910484059445,7.0,12.0,13.0,6.0,9.0,10.0,1.0,0.8333333333333334,0.4257080758048777,2.418077442836937,<6h,1.1606041325004546,0.0,0.0,0.3826834323650899,-0.9238795325112867,2.418077442836937,2.083464443321711,1.5901754504120778,1.6329281542705463,2.432580976469382,2.490540617161959,2.4547261911140503,3
AUGUSTA,AU-060,271051219,MED URLA,3,2026-04-11 12:44:20.500,2026-04-11 10:45:00,2026-04-11 10:44:24,1.9890277777777776,<6h,11.2,15.451695,37.498658,38.80597878621605,44.26073335490839,3.1444113688401667,47.881274038359045,1.073344677414381,NNE,sector,AU-034|AU-013|AU-032,247131100|538002883|271051219,False,1.8708528803907,2.1338289375823623,2.3083767567089173,36.0,10.39481789813642,LEVANTE,11.2,186.7,187.0,8.6,UNDERWAY_ENGINE,MOVING,0.0,0.0,LOW,0,ITAUG,210.14655576300336,23.446555763003374,1,38.80597878621605,7.0,8.0,8.0,6.0,7.0,7.0,0.0,0.875,0.48231247360524554,2.3083767567089173,<6h,1.2338633256009137,0.0,0.0,0.32143946530316175,-0.9469301294951056,2.3083767567089173,1.8708528803906999,1.1533288301016178,1.2184191163666331,2.139139707936117,2.3051517920547773,2.2379387880289663,3
AUGUSTA,AU-060,271051219,MED URLA,3,2026-04-11 12:44:20.500,2026-04-11 11:00:00,2026-04-11 10:59:33,1.7390277777777778,<6h,11.2,15.44456,37.45166,34.03419473057766,39.37496432429777,3.5099552538492933,43.670924637180974,1.4866538790232646,NNE,sector,AU-034|AU-013|AU-032,247131100|538002883|271051219,False,1.6408031245457448,1.8982839172081232,2.105394006343575,27.0,10.224382392876732,LEVANTE,10.7,192.6,196.0,8.6,UNDERWAY_ENGINE,MOVING,0.0,0.0,LOW,0,ITAUG,213.64579175353384,21.045791753533848,1,34.03419473057766,5.0,7.0,7.0,4.0,5.0,6.0,0.0,0.8571428571428571,0.40214684015163027,2.105394006343575,<6h,1.2831484623887779,0.0,0.0,0.258819045102521,-0.9659258262890682,2.105394006343575,1.6408031245457448,1.7405377228240475,1.775005877734909,1.8696861638676245,2.0957163774849183,2.034956037663624,3
AUGUSTA,AU-060,271051219,MED URLA,3,2026-04-11 12:44:20.500,2026-04-11 11:15:00,2026-04-11 11:14:42,1.4890277777777778,<6h,10.9,15.420577,37.410292,29.042068315732543,33.4671414422186,2.3931643113733325,34.21857480378117,0.7566930594975951,NNE,sector,AU-013|AU-007|AU-034,538002883|247355500|247131100,False,1.4386662727986872,1.6578725425633876,1.6950965385192882,18.0,10.439781954198306,LEVANTE,11.0,206.1,206.0,8.6,UNDERWAY_ENGINE,MOVING,0.0,0.0,LOW,0,ITAUG,215.1802225655397,9.080222565539714,1,29.042068315732543,1.0,1.0,1.0,0.0,0.0,0.0,0.0,0.0,0.5692514093987453,1.6950965385192882,<6h,1.1782416607444048,0.0,0.0,0.19509032201612816,-0.9807852804032304,1.6950965385192882,1.4386662727986872,0.0,0.0,1.5455327390058242,1.801038494813258,1.7511992855217042,3
AUGUSTA,AU-060,271051219,MED URLA,3,2026-04-11 12:44:20.500,2026-04-11 11:30:00,2026-04-11 11:29:51,1.2390277777777778,<6h,11.05,15.394173,37.36704,23.782674512444515,27.128012597676737,1.2860878142959604,29.03982535561961,0.9131877011457208,NNE,sector,AU-007|AU-045|AU-034,247355500|247243700|247131100,False,1.162137276684837,1.3256067842848984,1.4190272644283108,9.0,10.961144727811671,LEVANTE,11.6,206.0,206.0,8.6,UNDERWAY_ENGINE,MOVING,0.0,0.0,LOW,0,ITAUG,217.24503530096032,11.245035300960325,1,23.782674512444515,0.0,0.0,0.0,0.0,0.0,0.0,0.0,0.0,0.5226878676886464,1.4190272644283106,<6h,1.2210496065286618,0.0,0.0,0.130526192220052,-0.9914448613738104,1.4190272644283106,1.162137276684837,0.0,0.0,1.267300539430532,1.4351440159029392,2.1364689201014,3
AUGUSTA,AU-060,271051219,MED URLA,3,2026-04-11 12:44:20.500,2026-04-11 11:45:00,2026-04-11 11:44:01,0.9890277777777776,<6h,11.55,15.367638,37.326152,18.76443534252008,20.97019023937396,0.1077815412219462,23.090600799982766,0.4173597743282465,NNE,sector,AU-034|AU-045|AU-001,247131100|247243700|256210000,False,0.8772280975063849,0.9803460510398938,1.0794741989463954,59.0,11.35765790239057,LEVANTE,11.7,208.0,208.0,8.6,UNDERWAY_ENGINE,MOVING,0.0,0.0,LOW,0,ITAUG,219.9282928998376,11.9282928998376,1,18.764435342520073,17.0,30.0,31.0,17.0,28.0,28.0,1.0,0.9333333333333333,0.705537167141594,1.0794741989463954,<6h,1.2305513264052037,0.0,0.0,0.06540312923014312,-0.9978589232386035,1.0794741989463954,0.8772280975063851,0.0,0.0,0.8859999115746249,1.0785688135818299,1.086746771783637,3
AUGUSTA,AU-060,271051219,MED URLA,3,2026-04-11 12:44:20.500,2026-04-11 12:00:00,2026-04-11 11:59:14,0.7390277777777777,<6h,11.7,15.339912,37.281,13.407404680590211,16.246977320994354,0.9386485844337428,15.007936189779503,0.3588942206628016,NNE,sector,AU-004|AU-022|AU-052,247219700|247415600|215909000,False,0.6187537926469057,0.7498005076975851,0.6926185685043428,46.0,11.439541191284826,LEVANTE,12.2,204.6,208.0,8.6,UNDERWAY_ENGINE,MOVING,0.0,0.0,LOW,0,ITAUG,225.65201466021114,21.052014660211142,1,13.407404680590211,18.0,28.0,30.0,18.0,27.0,27.0,1.0,0.9642857142857143,0.7358924519616025,0.6926185685043428,<6h,1.1193766838041643,0.0,0.0,1.2246467991473532e-16,-1.0,0.6926185685043428,0.6187537926469057,0.0,0.0,0.7215040246767798,0.9503693540814008,0.9568176305221574,3
AUGUSTA,AU-060,271051219,MED URLA,3,2026-04-11 12:44:20.500,2026-04-11 12:15:00,2026-04-11 12:14:26,0.4890277777777778,<6h,12.1,15.310047,37.23555,8.177216133766839,10.294184881976378,1.282672981300521,8.875482821625557,0.125810398791548,NNE,sector,AU-022|AU-020|AU-008,247415600|246651000|210627000,False,0.3649044202277118,0.4593731539714215,0.3960642424372827,34.0,11.276661780381565,LEVANTE,11.9,210.6,212.0,8.6,UNDERWAY_ENGINE,MOVING,0.0,0.0,LOW,0,ITAUG,238.10323202634677,27.50323202634678,1,8.177216133766839,14.0,22.0,25.0,13.0,20.0,20.0,1.0,0.9090909090909091,0.8882490347161532,0.3960642424372827,<6h,1.0853917368009032,0.0,0.0,-0.06540312923014287,-0.9978589232386035,0.3960642424372827,0.3649044202277118,0.0,0.0,0.4562812581381169,0.6521969030966307,0.6577105450433527,3
AUGUSTA,AU-060,271051219,MED URLA,3,2026-04-11 12:44:20.500,2026-04-11 12:30:00,2026-04-11 12:29:38,0.2390277777777777,<6h,11.9,15.272632,37.199415,3.641249078882514,4.056363550944597,0.4637114735019476,3.894145680720088,0.1072935391433996,E,sector,AU-054|AU-009|AU-001,311000232|563205300|256210000,False,0.1652199338839916,0.1840555543380128,0.1766949961304647,22.0,10.40783321200519,LEVANTE,9.7,230.5,230.0,8.6,UNDERWAY_ENGINE,MOVING,0.0,0.0,LOW,0,ITAUG,265.19802531986085,34.69802531986085,1,3.641249078882514,13.0,22.0,24.0,12.0,19.0,19.0,3.0,0.8636363636363636,0.9031028942637905,0.17669499613046477,<6h,1.0694532552865585,0.0,0.0,-0.13052619222005177,-0.9914448613738104,0.17669499613046477,0.1652199338839916,0.0,0.0,0.25823754860697246,0.44727817334913644,0.43933012389874126,3
AUGUSTA,AU-061,247408700,MERSEY SPIRIT,3,2026-04-11 13:55:26.500,2026-04-11 13:00:00,2026-04-11 12:59:03,0.9240277777777778,<6h,11.7,15.23864,37.33139,14.993276885403022,29.752540529720143,11.114598524333866,26.174220539950817,8.179832873811689,NNE,sector,AU-046|AU-008|AU-022,219031822|210627000|247415600,False,0.6919420393477609,1.373084331548252,1.2079443124527338,57.0,10.866458455204077,LEVANTE,11.7,148.9,146.0,3.4,UNDERWAY_ENGINE,MOVING,0.0,0.0,LOW,0,AUGUSTA,182.36100361349176,33.461003613491755,1,14.993276885403022,22.0,35.0,36.0,17.0,28.0,28.0,6.0,0.8,0.10893444507609819,1.2079443124527338,<6h,1.7457304857374578,0.0,0.0,-0.2588190451025208,-0.9659258262890683,1.2079443124527338,0.6919420393477609,10.127077819942867,10.111290084332117,0.6258439002149947,0.7673173029091989,0.5774119536789769,3
AUGUSTA,AU-061,247408700,MERSEY SPIRIT,3,2026-04-11 13:55:26.500,2026-04-11 13:15:00,2026-04-11 13:14:17,0.6740277777777778,<6h,11.75,15.269617,37.28807,10.704401967004582,21.096530558744654,7.080008275003793,18.42323816411913,4.234514055928049,NNE,sector,AU-046|AU-008|AU-022,219031822|210627000|247415600,False,0.4919076314050172,0.9694651237877236,0.8466172585873412,43.0,9.774176019647037,LEVANTE,11.8,151.7,148.0,3.4,UNDERWAY_ENGINE,MOVING,0.0,0.0,LOW,0,AUGUSTA,198.3017883745436,46.60178837454362,1,10.704401967004582,21.0,35.0,37.0,17.0,26.0,28.0,6.0,0.8,0.19103970097615983,0.8466172585873412,<6h,1.7210899049668735,0.0,0.0,-0.32143946530316153,-0.9469301294951057,0.8466172585873412,0.49190763140501725,9.63990135763455,9.625721566188032,0.4380627819775379,0.45882929894744473,0.240366270165829,3
AUGUSTA,AU-061,247408700,MERSEY SPIRIT,3,2026-04-11 13:55:26.500,2026-04-11 13:30:00,2026-04-11 13:29:32,0.4240277777777778,<6h,11.8,15.297808,37.242793,7.785040318045341,11.48075021606462,2.624240705175452,10.31983875706008,1.176828032877745,NNE,sector,AU-008|AU-046|AU-022,210627000|219031822|247415600,False,0.3562360580428551,0.5253482362660898,0.4722260294441226,28.0,7.660847977948166,LEVANTE,11.8,161.3,158.0,3.4,UNDERWAY_ENGINE,MOVING,0.0,0.0,LOW,0,AUGUSTA,228.8092757375381,67.50927573753808,1,7.785040318045341,19.0,35.0,37.0,19.0,30.0,33.0,2.0,0.9428571428571428,0.45938401421540404,0.4722260294441226,<6h,1.3255986270410445,0.0,0.0,-0.38268343236508967,-0.9238795325112868,0.4722260294441226,0.35623605804285513,7.148619488415848,7.139583258073784,0.5142643164359825,0.09552503880074703,0.0,3
AUGUSTA,AU-061,247408700,MERSEY SPIRIT,3,2026-04-11 13:55:26.500,2026-04-11 13:45:00,2026-04-11 13:44:46,0.1740277777777777,<6h,11.6,15.268692,37.20223,3.337202786555743,3.9625408747616793,0.7449502292884537,3.586953890974496,0.1581106451236362,E,sector,AU-010|AU-022|AU-020,215909000|247415600|246651000,False,0.1553401163027734,0.1844483538188761,0.1669655307856602,14.0,7.829791991048885,LEVANTE,11.0,243.2,245.0,3.4,UNDERWAY_ENGINE,MOVING,0.0,0.0,LOW,0,AUGUSTA,259.3285227170902,16.12852271709022,1,3.337202786555743,17.0,34.0,37.0,17.0,29.0,32.0,2.0,0.9411764705882353,0.8634753546309413,0.16696553078566023,<6h,1.074838456154028,0.0,0.0,-0.44228869021900147,-0.8968727415326883,0.16696553078566023,0.15534011630277347,0.0,0.0,0.0,0.0941881183161248,0.12489540634605578,3
AUGUSTA,AU-062,248507000,YM MERCURY,3,2026-04-11 18:20:08.500,2026-04-11 12:45:00,2026-04-11 12:44:51,5.585694444444444,<6h,12.1,16.467263,37.067937,110.46559568372646,111.75711540961652,12.434386250042436,116.60551434469345,15.899529350541073,E,sector,AU-033|AU-044|AU-051,215054000|605076190|249689000,True,4.929475201422918,4.987108661157762,5.203466181063734,9.0,12.900280705187534,LEVANTE,12.1,277.1,277.0,,UNDERWAY_ENGINE,MOVING,0.0,0.0,LOW,0,,277.81791395905714,0.717913959057114,0,110.46559568372646,19.0,29.0,31.0,15.0,22.0,23.0,6.0,0.7931034482758621,0.05917324555360963,5.203466181063734,<6h,1.0555821803427934,0.0,0.0,-0.19509032201612792,-0.9807852804032305,5.203466181063734,4.929475201422918,1.5469328863785634,1.4818983208866667,5.663503770757245,5.132963882960383,5.112392488657117,3
AUGUSTA,AU-062,248507000,YM MERCURY,3,2026-04-11 18:20:08.500,2026-04-11 13:15:00,2026-04-11 13:14:17,5.085694444444444,<6h,12.3,16.340857,37.083577,99.11940706404876,103.98769717460908,4.664968015034984,106.64674920139466,10.717735738772657,E,sector,AU-044|AU-033|AU-051,605076190|215054000|249689000,True,4.351235625913042,4.564948338627942,4.681677869734089,43.0,12.488803090913237,LEVANTE,12.5,278.5,277.0,,UNDERWAY_ENGINE,MOVING,0.0,0.0,LOW,0,,277.62318669306904,0.8768133069309556,0,99.11940706404876,21.0,36.0,38.0,17.0,26.0,28.0,7.0,0.7777777777777778,0.08534071959748278,4.681677869734089,<6h,1.075942162693547,0.0,0.0,-0.32143946530316153,-0.9469301294951057,4.681677869734089,4.351235625913042,2.6897471810517644,2.639603007021276,4.994182524010402,4.599490185879552,4.58715338193034,3
AUGUSTA,AU-062,248507000,YM MERCURY,3,2026-04-11 18:20:08.500,2026-04-11 13:30:00,2026-04-11 13:29:32,4.835694444444444,<6h,12.4,16.274208,37.09253,93.1280290882782,98.17664317551494,4.616392771175905,97.43990158110896,9.804124956629826,E,sector,AU-033|AU-044|AU-051,215054000|605076190|249689000,True,4.055251040212768,4.27509245347292,4.243011111836766,28.0,13.95203864739914,LEVANTE,12.2,280.2,277.0,,UNDERWAY_ENGINE,MOVING,0.0,0.0,LOW,0,,277.45713924941015,2.7428607505898412,0,93.1280290882782,19.0,36.0,38.0,19.0,30.0,33.0,3.0,0.9166666666666666,0.09255724124019517,4.243011111836766,<6h,1.046300480478798,0.0,0.0,-0.38268343236508967,-0.9238795325112868,4.243011111836766,4.055251040212768,1.9043239646113683,1.842525260899138,4.768553037146276,4.372011188015843,4.357963735066023,3
AUGUSTA,AU-062,248507000,YM MERCURY,3,2026-04-11 18:20:08.500,2026-04-11 13:45:00,2026-04-11 13:44:46,4.585694444444444,<6h,12.4,16.210723,37.101752,87.41260204668951,92.34465656225758,4.499065518629084,91.39736802871236,8.18148444674545,E,sector,AU-033|AU-044|AU-051,215054000|605076190|249689000,True,3.8063733211998154,4.021139159159129,3.9798895713749896,14.0,12.441885433061676,LEVANTE,12.4,280.5,277.0,5.5,UNDERWAY_ENGINE,MOVING,0.0,0.0,LOW,0,TRDRC>ITAUG,277.230137282668,3.269862717331989,1,87.41260204668951,18.0,35.0,38.0,17.0,29.0,32.0,3.0,0.9142857142857143,0.10891484985899734,3.9798895713749896,<6h,1.0455857152026486,0.0,0.0,-0.44228869021900147,-0.8968727415326883,3.9798895713749896,3.8063733211998145,1.364644760138102,1.2774501160580125,4.403823669521812,4.108889647554067,4.094842194604246,3
AUGUSTA,AU-062,248507000,YM MERCURY,3,2026-04-11 18:20:08.500,2026-04-11 14:00:00,2026-04-11 13:59:00,4.335694444444444,<6h,12.4,16.149752,37.111008,81.91998180420771,86.69272867599865,4.342562316890665,85.51874639559828,6.645199107360056,E,sector,AU-033|AU-044|AU-051,215054000|605076190|249689000,True,3.567197702754115,3.7750265047376255,3.723905559621607,60.0,12.322794674295416,LEVANTE,12.4,280.7,277.0,5.5,UNDERWAY_ENGINE,MOVING,0.0,0.0,LOW,0,TRDRC>ITAUG,276.95394854571504,3.7460514542849523,1,81.91998180420771,23.0,37.0,40.0,19.0,32.0,33.0,3.0,0.8918918918918919,0.13080104075213647,3.7239055596216066,<6h,1.0439302415861345,0.0,0.0,-0.4999999999999997,-0.8660254037844388,3.7239055596216066,3.567197702754115,2.9188786280326795,2.8412282093790524,4.11403079177624,3.857477237641415,3.831291168753267,3
AUGUSTA,AU-062,248507000,YM MERCURY,3,2026-04-11 18:20:08.500,2026-04-11 14:15:00,2026-04-11 14:14:16,4.085694444444444,<6h,12.4,16.084022,37.120427,76.0086967579959,80.6709664509276,4.235259937627271,79.04336439242381,4.960414888100655,E,sector,AU-033|AU-044|AU-051,215054000|605076190|249689000,True,3.3097913658292644,3.5128094497199016,3.4419356751386387,44.0,12.5239652473115,LEVANTE,12.5,278.2,274.0,5.5,UNDERWAY_ENGINE,MOVING,0.0,0.0,LOW,0,TRDRC>ITAUG,276.66097605368265,1.539023946317343,1,76.0086967579959,19.0,33.0,37.0,18.0,28.0,29.0,4.0,0.8787878787878788,0.167773555830215,3.4419356751386387,<6h,1.0399252686056437,0.0,0.0,-0.555570233019602,-0.8314696123025455,3.4419356751386387,3.3097913658292644,1.9296304729756066,1.8617632869007905,3.8128979243918435,3.5975392505047554,3.513348411377054,3
AUGUSTA,AU-062,248507000,YM MERCURY,3,2026-04-11 18:20:08.500,2026-04-11 14:30:00,2026-04-11 14:29:31,3.835694444444445,<6h,12.45,16.018552,37.128093,70.14477659895006,74.89174062799053,4.316731834245172,73.21827296558274,3.897514759417375,E,sector,AU-033|AU-044|AU-051,215054000|605076190|249689000,True,3.042180670802001,3.248056616443768,3.1754782831361186,29.0,12.5009108605123,LEVANTE,12.3,278.6,274.0,5.5,UNDERWAY_ENGINE,MOVING,0.0,0.0,LOW,0,TRDRC>ITAUG,276.4781975271645,2.1218024728354976,1,70.14477659895006,22.0,35.0,39.0,20.0,31.0,32.0,1.0,0.9142857142857143,0.20418519374078692,3.1754782831361186,<6h,1.0438164681057476,0.0,0.0,-0.6087614290087207,-0.7933533402912352,3.1754782831361186,3.042180670802001,1.223891758455613,1.1578288547567719,3.5158869139643256,3.3321396355148223,3.2980768276390906,3
AUGUSTA,AU-062,248507000,YM MERCURY,3,2026-04-11 18:20:08.500,2026-04-11 14:45:00,2026-04-11 14:44:48,3.5856944444444445,<6h,12.3,15.954833,37.135,64.44564221098035,69.33769908093248,4.456838422624092,67.41591757689461,3.572140216363896,E,sector,AU-033|AU-044|AU-051,215054000|605076190|249689000,True,2.829094549991235,3.0438505979443216,2.959486451776792,12.0,12.268984659938036,LEVANTE,11.9,277.6,274.0,5.5,UNDERWAY_ENGINE,MOVING,0.0,0.0,LOW,0,TRDRC>ITAUG,276.32619142057325,1.2738085794267704,1,64.44564221098035,22.0,34.0,39.0,22.0,33.0,33.0,0.0,0.9705882352941176,0.21871595197823437,2.9594864517767916,<6h,1.0460896231926786,0.0,0.0,-0.6593458151000688,-0.7518398074789775,2.9594864517767916,2.829094549991235,0.6577771316832166,0.5852394817529833,3.257945347506509,2.9166454298730664,2.8869730444810067,3
AUGUSTA,AU-062,248507000,YM MERCURY,3,2026-04-11 18:20:08.500,2026-04-11 15:00:00,2026-04-11 14:59:03,3.3356944444444445,<6h,12.1,15.895167,37.141167,59.11344262408768,63.45630636368171,4.59628345775196,62.019723081453805,3.3005141355015226,E,sector,AU-033|AU-044|AU-051,215054000|605076190|249689000,True,2.6379095471541905,2.8317077969620383,2.7676009443199137,57.0,12.101127421732029,LEVANTE,12.1,277.0,274.0,5.5,UNDERWAY_ENGINE,MOVING,0.0,0.0,LOW,0,TRDRC>ITAUG,276.1928039215345,0.8071960784654948,1,59.11344262408768,22.0,35.0,38.0,22.0,34.0,34.0,0.0,0.9714285714285714,0.23253033672063045,2.7676009443199137,<6h,1.0491644595265353,0.0,0.0,-0.7071067811865471,-0.7071067811865479,2.7676009443199137,2.6379095471541905,2.3139064129819857,2.258862575954999,2.9989975450674655,2.724675893060151,2.684875338455055,3
AUGUSTA,AU-062,248507000,YM MERCURY,3,2026-04-11 18:20:08.500,2026-04-11 15:15:00,2026-04-11 15:14:20,3.0856944444444445,<6h,12.1,15.831213,37.147705,53.39966936280507,57.111866115501336,3.923166747702076,56.24462819704005,3.1224339737072246,E,sector,AU-033|AU-044|AU-051,215054000|605076190|249689000,True,2.382935105349815,2.5485901377782936,2.509890053952843,40.0,12.117185939375837,LEVANTE,11.9,277.3,274.0,5.5,UNDERWAY_ENGINE,MOVING,0.0,0.0,LOW,0,TRDRC>ITAUG,276.0327514870524,1.2672485129476172,1,53.39966936280507,24.0,36.0,38.0,24.0,35.0,35.0,0.0,0.9722222222222222,0.2425751404092761,2.509890053952843,<6h,1.0532767125374114,0.0,0.0,-0.7518398074789773,-0.6593458151000691,2.509890053952843,2.382935105349815,1.8050249046045153,1.7461570915877105,2.725082541608564,2.467049032049118,2.458816865489351,3
AUGUSTA,AU-062,248507000,YM MERCURY,3,2026-04-11 18:20:08.500,2026-04-11 15:30:00,2026-04-11 15:29:36,2.8356944444444445,<6h,12.0,15.76836,37.154247,47.78380141971907,50.86356562973791,3.248678328144197,50.53037350169229,2.8761051350305618,E,sector,AU-044|AU-033|AU-051,605076190|215054000|249689000,True,2.150099055962881,2.2886773591494736,2.2736849127831302,24.0,12.01476304224772,LEVANTE,12.1,277.9,275.0,5.5,UNDERWAY_ENGINE,MOVING,0.0,0.0,LOW,0,TRDRC>ITAUG,275.8271372169614,2.0728627830386017,1,47.78380141971907,23.0,35.0,37.0,22.0,34.0,34.0,0.0,0.9714285714285714,0.2579909381101231,2.2736849127831302,<6h,1.0574791456595956,0.0,0.0,-0.7933533402912349,-0.6087614290087209,2.2736849127831302,2.150099055962881,1.337098816624117,1.2870980097631506,2.460754581967301,2.455044170802305,2.4391947866968655,3
AUGUSTA,AU-062,248507000,YM MERCURY,3,2026-04-11 18:20:08.500,2026-04-11 15:45:00,2026-04-11 15:44:53,2.5856944444444445,<6h,12.0,15.705593,37.161107,42.17321706387508,44.58711522660219,2.538759065722653,44.77968391639745,2.523399307618557,E,sector,AU-044|AU-051|AU-033,605076190|249689000|215054000,True,1.8976429564378636,2.0062596844223446,2.0149245822713038,7.0,11.905334135800452,LEVANTE,11.9,278.0,276.0,5.5,UNDERWAY_ENGINE,MOVING,0.0,0.0,LOW,0,TRDRC>ITAUG,275.52297917286734,2.4770208271326624,1,42.17321706387508,23.0,36.0,39.0,23.0,36.0,36.0,0.0,1.0,0.2838168236673389,2.0149245822713033,<6h,1.0618038422009555,0.0,0.0,-0.8314696123025452,-0.5555702330196022,2.0149245822713033,1.8976429564378634,0.6925311019947298,0.6413615470814977,2.179481967869962,2.195167150035872,2.183381346247081,3
AUGUSTA,AU-062,248507000,YM MERCURY,3,2026-04-11 18:20:08.500,2026-04-11 16:00:00,2026-04-11 15:59:09,2.3356944444444445,<6h,11.9,15.646448,37.16848,36.87914238086905,38.643027593412725,1.8103536064112515,39.06141699206852,2.1285648746599324,E,sector,AU-051|AU-044|AU-033,249689000|605076190|215054000,True,1.673373431442231,1.753408878587433,1.772393097267933,51.0,11.955420989628466,LEVANTE,11.8,279.6,276.0,5.5,UNDERWAY_ENGINE,MOVING,0.0,0.0,LOW,0,TRDRC>ITAUG,275.00054515383044,4.599454846169579,1,36.87914238086905,21.0,33.0,36.0,21.0,33.0,33.0,0.0,1.0,0.31963537278692283,1.772393097267933,<6h,1.0591736811193182,0.0,0.0,-0.8660254037844384,-0.5000000000000004,1.772393097267933,1.673373431442231,2.1576025829764838,2.1179712445804024,1.9240771372579069,1.952551635676464,1.9440066374626146,3
AUGUSTA,AU-062,248507000,YM MERCURY,3,2026-04-11 18:20:08.500,2026-04-11 16:15:00,2026-04-11 16:14:25,2.0856944444444445,<6h,11.8,15.585512,37.176378,31.426810075790137,32.489865156373995,1.0759912552515871,32.48854725884627,1.4407964825909392,E,sector,AU-051|AU-040|AU-044,249689000|247381300|605076190,True,1.438061009435065,1.486705401232474,1.4866450954921049,35.0,11.788568869816109,LEVANTE,11.6,279.1,276.0,5.5,UNDERWAY_ENGINE,MOVING,0.0,0.0,LOW,0,TRDRC>ITAUG,274.22348519513037,4.876514804869657,1,31.426810075790137,23.0,36.0,39.0,23.0,36.0,36.0,0.0,1.0,0.40970232755272007,1.4866450954921049,<6h,1.0337844401164358,0.0,0.0,-0.8968727415326883,-0.44228869021900136,1.4866450954921049,1.438061009435065,0.8760095254299749,0.8456473624312835,1.6501695330948867,1.6743924445005147,1.644189247367864,3
AUGUSTA,AU-062,248507000,YM MERCURY,3,2026-04-11 18:20:08.500,2026-04-11 16:30:00,2026-04-11 16:29:42,1.8356944444444443,<6h,11.7,15.523818,37.184058,25.91714729647474,26.35565611290007,0.4215004463137093,26.41537243338472,0.637601606164031,E,sector,AU-051|AU-043|AU-040,249689000|247408700|247381300,True,1.196080342640654,1.2163175921110958,1.2190735095062266,18.0,11.624884763208325,LEVANTE,11.8,277.4,273.0,5.5,UNDERWAY_ENGINE,MOVING,0.0,0.0,LOW,0,TRDRC>ITAUG,273.1892930474833,4.210706952516659,1,25.91714729647474,25.0,39.0,42.0,24.0,37.0,37.0,2.0,0.9487179487179487,0.6106491323872301,1.2190735095062266,<6h,1.0192237645297386,0.0,0.0,-0.9238795325112868,-0.3826834323650895,1.2190735095062266,1.1960803426406539,0.0,0.0,1.3137839394563995,1.4169561907479744,1.412466077261152,3
AUGUSTA,AU-062,248507000,YM MERCURY,3,2026-04-11 18:20:08.500,2026-04-11 16:45:00,2026-04-11 16:44:59,1.5856944444444443,<6h,11.8,15.460847,37.187723,20.324988100951952,20.585688060184395,0.2410909085373819,20.7306900959356,0.4131682165206858,E,sector,AU-051|AU-043|AU-044,249689000|247408700|605076190,True,0.9300521699377652,0.941981552704561,0.94861670827395,1.0,11.766747819981068,LEVANTE,11.8,272.5,271.0,5.5,UNDERWAY_ENGINE,MOVING,0.0,0.0,LOW,0,TRDRC>ITAUG,272.8738386212418,0.3738386212418163,1,20.324988100951952,23.0,38.0,41.0,22.0,35.0,36.0,1.0,0.9473684210526315,0.7076298407432815,0.9486167082739501,<6h,1.0199607494463747,0.0,0.0,-0.9469301294951056,-0.3214394653031618,0.9486167082739501,0.9300521699377653,0.0,0.0,0.9754222524736593,0.9469970152332691,0.9429321411042105,3
AUGUSTA,AU-062,248507000,YM MERCURY,3,2026-04-11 18:20:08.500,2026-04-11 17:00:00,2026-04-11 16:59:14,1.3356944444444443,<6h,11.8,15.403332,37.189733,15.225335259822195,15.349680986698068,0.1084975697128382,15.775169212757316,0.3941432530470985,E,sector,AU-051|AU-043|AU-044,249689000|247408700|605076190,True,0.6966968947826534,0.7023868372578461,0.7218567747536935,46.0,11.728679425314455,LEVANTE,11.5,271.8,273.0,5.5,UNDERWAY_ENGINE,MOVING,0.0,0.0,LOW,0,TRDRC>ITAUG,272.9545030119778,1.1545030119777948,1,15.225335259822195,19.0,33.0,36.0,19.0,33.0,33.0,0.0,1.0,0.717286403541643,0.7218567747536935,<6h,1.0361130933113878,0.0,0.0,-0.9659258262890683,-0.25881904510252063,0.7218567747536935,0.6966968947826534,0.0,0.0,0.7027568721669661,0.7177073558610484,0.758198454416957,3
AUGUSTA,AU-062,248507000,YM MERCURY,3,2026-04-11 18:20:08.500,2026-04-11 17:15:00,2026-04-11 17:14:31,1.0856944444444443,<6h,11.6,15.342,37.193667,9.778561754081348,9.954265635572778,0.1662626999208599,9.976831570971823,0.098072443577947,E,sector,AU-044|AU-034|AU-043,605076190|247131100|247408700,True,0.4551724954420825,0.4633511597700891,0.4644015589377664,29.0,11.56919456506485,LEVANTE,10.2,275.3,277.0,5.5,UNDERWAY_ENGINE,MOVING,0.0,0.0,LOW,0,TRDRC>ITAUG,271.988095918538,3.3119040814619893,1,9.778561754081347,20.0,33.0,36.0,20.0,33.0,33.0,0.0,1.0,0.9106867273179274,0.4644015589377664,<6h,1.0202759691943166,0.0,0.0,-0.9807852804032303,-0.19509032201612866,0.4644015589377664,0.45517249544208255,0.0,0.0,0.416968676658974,0.5158766843499103,0.5085982511779991,3
AUGUSTA,AU-062,248507000,YM MERCURY,3,2026-04-11 18:20:08.500,2026-04-11 17:30:00,2026-04-11 17:29:47,0.8356944444444444,<6h,9.65,15.3045,37.196,6.451602567531839,6.757086685541802,0.3154594454002342,6.569217084334652,0.1018201884228602,E,sector,AU-007|AU-030|AU-005,247355500|247381300|636021733,True,0.3609934403659305,0.3780865209739255,0.3675744516128567,13.0,9.304294583772332,LEVANTE,5.9,273.9,273.0,5.5,UNDERWAY_ENGINE,MOVING,0.0,0.0,LOW,0,TRDRC>ITAUG,270.68036862627594,3.2196313737240416,1,6.451602567531839,18.0,33.0,35.0,18.0,32.0,32.0,1.0,0.9696969696969697,0.9075891061965337,0.3675744516128567,<6h,1.0182302793099371,0.0,0.0,-0.9914448613738104,-0.13052619222005163,0.3675744516128567,0.36099344036593056,0.0,0.0,0.2939342506606141,0.3112753252175059,0.35156735598618405,3
AUGUSTA,AU-062,248507000,YM MERCURY,3,2026-04-11 18:20:08.500,2026-04-11 17:45:00,2026-04-11 17:44:02,0.5856944444444444,<6h,6.0,15.2815,37.197,4.414089427539647,4.6636502382198834,0.2650180198616839,4.473451705328926,0.0422755157787087,E,sector,AU-039|AU-002|AU-014,538002630|229456000|247408700,True,0.397236269577002,0.4196949458441219,0.4025784472038269,58.0,5.888029354487927,LEVANTE,2.4,273.8,268.0,5.5,UNDERWAY_ENGINE,SLOW_MOTION,0.0,0.0,LOW,0,TRDRC>ITAUG,269.53394626222615,4.266053737773859,1,4.414089427539647,18.0,33.0,34.0,18.0,31.0,31.0,2.0,0.9393939393939394,0.9594392124359521,0.40257844720382696,<6h,1.0134483631933044,0.0,0.0,-0.9978589232386035,-0.06540312923014273,0.40257844720382696,0.39723626957700203,5.387636520146879,4.893369861186973,0.42946760653595484,0.3518810856969673,0.341813343967102,3
AUGUSTA,AU-062,248507000,YM MERCURY,3,2026-04-11 18:20:08.500,2026-04-11 18:00:00,2026-04-11 17:59:18,0.3356944444444444,<6h,2.35,15.272667,37.1975,3.6327303328336953,3.866257513713209,0.2518631292853688,3.672359027373703,0.0326616427103304,E,sector,AU-039|AU-014|AU-001,538002630|247408700|256210000,True,0.8346882801419271,0.8883455525281946,0.8437937198138189,42.0,3.093986035184486,LEVANTE,1.1,275.0,264.0,5.5,UNDERWAY_ENGINE,SLOW_MOTION,0.0,0.0,LOW,0,TRDRC>ITAUG,268.5507519628076,6.449248037192376,1,3.6327303328336953,19.0,33.0,35.0,19.0,33.0,33.0,0.0,1.0,0.9683713993437324,0.8437937198138189,<6h,1.0109087906090446,0.0,0.0,-1.0,-1.8369701987210297e-16,0.8437937198138189,0.8346882801419271,5.670460885496851,5.14325078327966,0.7125014648909681,0.7349356129762076,0.7482816483125267,3
AUGUSTA,AU-062,248507000,YM MERCURY,3,2026-04-11 18:20:08.500,2026-04-11 18:15:00,2026-04-11 18:14:33,0.0856944444444444,<6h,2.1500000000000004,15.248183,37.19727,1.4644513046272725,1.6050399565912703,0.1446538528115805,1.4794883993865249,0.015234991952079,E,sector,AU-014|AU-010|AU-047,247408700|215909000|314001155,True,0.3677862536107469,0.4030940671533654,0.3715627101779407,27.0,3.131424259921389,LEVANTE,8.3,266.6,264.0,5.5,UNDERWAY_ENGINE,MOVING,0.0,0.0,LOW,0,TRDRC>ITAUG,267.3793075558598,0.7793075558597593,1,1.4644513046272725,19.0,31.0,33.0,18.0,30.0,31.0,0.0,1.0,0.9849936299744897,0.3715627101779408,<6h,1.0102680742690038,0.0,0.0,-0.9978589232386036,0.06540312923014237,0.3715627101779408,0.36778625361074696,0.0,0.0,0.0,0.25869669112080107,0.28019734620652303,3
AUGUSTA,AU-063,247190400,DANTE A,3,2026-04-11 21:34:46.000,2026-04-11 18:45:00,2026-04-11 18:44:02,2.8294444444444444,<6h,12.5,15.427333,37.598333,47.891248453458935,52.82324746980987,1.2565699015608334,51.47842162505452,0.257115811359322,NNE,sector,AU-052|AU-010|AU-004,215909000|215909000|247219700,True,2.068736434274684,2.281781748155934,2.223689919008834,58.0,12.41687119023667,LEVANTE,12.3,192.0,193.0,5.5,UNDERWAY_ENGINE,MOVING,0.0,0.0,LOW,0,ITAUG,201.21597757558044,9.215977575580439,1,47.891248453458935,19.0,30.0,32.0,18.0,29.0,29.0,1.0,0.9666666666666667,0.7954716589863728,2.2236899190088346,<6h,1.074902477747717,0.0,0.0,-0.9807852804032304,0.1950903220161283,2.2236899190088346,2.0687364342746837,0.0,0.0,2.3566384942282332,2.4479127515765846,2.428026496627238,3
AUGUSTA,AU-063,247190400,DANTE A,3,2026-04-11 21:34:46.000,2026-04-11 19:00:00,2026-04-11 18:59:18,2.5794444444444444,<6h,12.3,15.413,37.548,42.22511589253327,47.14331749589995,1.3153011611955272,45.79945311050511,0.2400961724571196,NNE,sector,AU-010|AU-052|AU-004,215909000|215909000|247219700,True,1.85363728478697,2.069541058486538,2.010546853786068,42.0,12.147394566944651,LEVANTE,11.3,194.0,193.0,5.5,UNDERWAY_ENGINE,MOVING,0.0,0.0,LOW,0,ITAUG,202.35713683520217,8.35713683520217,1,42.22511589253327,17.0,29.0,31.0,17.0,28.0,28.0,1.0,0.9655172413793104,0.8063890706303896,2.010546853786068,<6h,1.084649553764846,0.0,0.0,-0.9659258262890684,0.2588190451025203,2.010546853786068,1.85363728478697,0.0,0.0,2.105071368954401,2.224420853608459,2.203411776791396,3
AUGUSTA,AU-063,247190400,DANTE A,3,2026-04-11 21:34:46.000,2026-04-11 19:15:00,2026-04-11 19:14:33,2.3294444444444444,<6h,11.3,15.400667,37.507333,37.63609239605952,42.68687826149879,1.4761741371228403,40.94899075424439,0.2091194894321875,NNE,sector,AU-010|AU-004|AU-052,215909000|247219700|215909000,True,1.7983950570566865,2.039740737662168,1.9566978895929008,27.0,10.887181114852403,LEVANTE,9.2,193.0,194.0,5.5,UNDERWAY_ENGINE,MOVING,0.0,0.0,LOW,0,ITAUG,203.43654208646933,10.43654208646933,1,37.636092396059524,18.0,30.0,31.0,17.0,28.0,28.0,2.0,0.9333333333333333,0.8270481195118344,1.9566978895929008,<6h,1.0880245038013492,0.0,0.0,-0.9469301294951057,0.3214394653031615,1.9566978895929008,1.7983950570566865,0.0,0.0,2.003119603940848,1.9890640543452933,1.9805858526533309,3
AUGUSTA,AU-063,247190400,DANTE A,3,2026-04-11 21:34:46.000,2026-04-11 19:30:00,2026-04-11 19:29:49,2.0794444444444444,<6h,9.25,15.3895,37.469,33.34275974840544,38.48135704656931,1.6431637421847942,36.90074141097889,0.3144121883291171,NNE,sector,AU-004|AU-010|AU-052,247219700|215909000|215909000,True,1.9463405375287743,2.2462995182166425,2.154033121883071,11.0,9.429775571086203,LEVANTE,9.1,193.0,194.0,5.5,UNDERWAY_ENGINE,MOVING,0.0,0.0,LOW,0,ITAUG,204.78921930001465,11.78921930001465,1,33.34275974840544,20.0,31.0,32.0,20.0,31.0,31.0,0.0,1.0,0.7607963535937701,2.154033121883071,<6h,1.1067092733001382,0.0,0.0,-0.923879532511287,0.38268343236508917,2.154033121883071,1.9463405375287746,0.0,0.0,2.0662609655428295,2.1494594301532484,2.141800530043587,3
AUGUSTA,AU-063,247190400,DANTE A,3,2026-04-11 21:34:46.000,2026-04-11 19:45:00,2026-04-11 19:44:04,1.8294444444444444,<6h,9.2,15.379167,37.4335,29.38820735934292,34.48130486805101,1.7896332573080815,33.12817129620884,0.4696879489098988,NNE,sector,AU-004|AU-010|AU-052,247219700|215909000|215909000,True,1.72482201141791,2.0237407777755547,1.9443240736341936,56.0,9.052854829421149,LEVANTE,9.2,193.0,193.0,5.5,UNDERWAY_ENGINE,MOVING,0.0,0.0,LOW,0,ITAUG,206.3950225357797,13.395022535779702,1,29.388207359342914,20.0,32.0,34.0,20.0,32.0,32.0,0.0,1.0,0.6804165474322103,1.9443240736341936,<6h,1.1272607032860387,0.0,0.0,-0.8968727415326885,0.442288690219001,1.9443240736341936,1.7248220114179103,1.6647482882259315,1.6149117490222566,1.839469728051233,1.9498175063865997,1.950262153883986,3
AUGUSTA,AU-063,247190400,DANTE A,3,2026-04-11 21:34:46.000,2026-04-11 20:00:00,2026-04-11 19:59:22,1.5794444444444444,<6h,9.2,15.368,37.3955,25.184443630948127,30.080717204007005,1.7282483258116474,29.01334989226586,0.6081806547021225,NNE,sector,AU-004|AU-052|AU-010,247219700|215909000|215909000,True,1.478099095628001,1.7654660768620882,1.7028212679750363,38.0,8.944443233225504,LEVANTE,9.3,193.0,193.0,5.5,UNDERWAY_ENGINE,MOVING,0.0,0.0,LOW,0,ITAUG,208.65193272214916,15.651932722149155,1,25.184443630948127,21.0,36.0,38.0,19.0,33.0,33.0,3.0,0.9166666666666666,0.6218206872941314,1.7028212679750365,<6h,1.1520345780683654,0.0,0.0,-0.8660254037844386,0.5000000000000001,1.7028212679750365,1.4780990956280007,1.8304506234740963,1.7653457203686949,1.6142102664632647,1.7158304726277362,1.7207805337001782,3
AUGUSTA,AU-063,247190400,DANTE A,3,2026-04-11 21:34:46.000,2026-04-11 20:15:00,2026-04-11 20:14:39,1.3294444444444444,<6h,9.3,15.367167,37.356,21.39239027163444,24.81098945238345,0.7383615276172297,23.92385851238899,0.1300785570752702,NNE,sector,AU-010|AU-001|AU-052,215909000|256210000|215909000,True,1.2420394268117254,1.440522855406735,1.3890161471695224,21.0,8.470095372482076,LEVANTE,9.2,174.0,175.0,5.5,UNDERWAY_ENGINE,MOVING,0.0,0.0,LOW,0,ITAUG,214.12725748106672,40.12725748106672,1,21.392390271634433,21.0,35.0,37.0,21.0,35.0,35.0,0.0,1.0,0.8848942347760995,1.3890161471695224,<6h,1.1183349877508166,0.0,0.0,-0.8314696123025455,0.5555702330196018,1.3890161471695224,1.2420394268117256,0.22375536154774167,0.20257161463466367,1.464188779373844,1.4020654249230218,1.4214523612081917,3
AUGUSTA,AU-063,247190400,DANTE A,3,2026-04-11 21:34:46.000,2026-04-11 20:30:00,2026-04-11 20:29:57,1.0794444444444444,<6h,9.2,15.3615,37.318,17.721723062902907,20.048803582982856,0.1981523534272282,20.91441171235872,0.2711614853861588,NNE,sector,AU-034|AU-001|AU-010,247131100|256210000|215909000,True,1.0401048844318073,1.1766834669325088,1.227486836343713,3.0,7.905377806440286,LEVANTE,9.2,204.0,206.0,5.5,UNDERWAY_ENGINE,MOVING,0.0,0.0,LOW,0,ITAUG,220.45978877025098,16.45978877025098,1,17.721723062902907,21.0,35.0,37.0,19.0,30.0,35.0,0.0,1.0,0.786682110413545,1.227486836343713,<6h,1.1801567848748922,0.0,0.0,-0.7933533402912357,0.6087614290087199,1.227486836343713,1.0401048844318073,0.0,0.0,1.066238140396391,1.2269831003099514,1.2186349336921645,3
AUGUSTA,AU-063,247190400,DANTE A,3,2026-04-11 21:34:46.000,2026-04-11 20:45:00,2026-04-11 20:44:15,0.8294444444444444,<6h,9.25,15.342333,37.282333,13.66425862235427,16.30291745854302,0.7844250037100965,16.889062544651427,0.316763366763668,NNE,sector,AU-004|AU-052|AU-001,247219700|215909000|256210000,True,0.7976334494398616,0.9516617511262052,0.985877213510678,45.0,8.45849445006147,LEVANTE,10.5,202.0,207.0,5.5,UNDERWAY_ENGINE,MOVING,0.0,0.0,LOW,0,ITAUG,225.83683585479687,23.836835854796874,1,13.66425862235427,21.0,34.0,37.0,21.0,31.0,32.0,2.0,0.9411764705882353,0.7594378954039351,0.985877213510678,<6h,1.2360028459225358,0.0,0.0,-0.7518398074789772,0.6593458151000691,0.985877213510678,0.7976334494398616,1.7669699478267837,1.7595629517015166,0.8408074580891244,0.8969255035284691,0.8857241223194523,3
AUGUSTA,AU-063,247190400,DANTE A,3,2026-04-11 21:34:46.000,2026-04-11 21:00:00,2026-04-11 20:59:33,0.5794444444444444,<6h,10.5,15.322167,37.241,9.4084927360194,11.103123183136848,0.9149689040063826,9.855379137670774,0.2208181546497552,NNE,sector,AU-052|AU-013|AU-020,215909000|538002883|246651000,True,0.4838266345788028,0.5709720859373058,0.5068075253353272,27.0,9.098889068301077,LEVANTE,10.5,201.0,206.0,5.5,UNDERWAY_ENGINE,MOVING,0.0,0.0,LOW,0,ITAUG,238.42930226719093,37.429302267190934,1,9.4084927360194,16.0,28.0,30.0,16.0,27.0,27.0,1.0,0.9642857142857143,0.8191228121823708,0.5068075253353272,<6h,1.0474981927700828,0.0,0.0,-0.7071067811865477,0.7071067811865474,0.5068075253353272,0.4838266345788028,0.6834251634322221,0.6694341141472788,0.729783679200048,0.5707984869210351,0.5654735555254116,3
AUGUSTA,AU-063,247190400,DANTE A,3,2026-04-11 21:34:46.000,2026-04-11 21:15:00,2026-04-11 21:14:51,0.3294444444444444,<6h,10.4,15.299167,37.201833,6.006114375914189,6.847996152404841,0.9264582944673684,6.245302445237221,0.1900310441447183,E,sector,AU-002|AU-003|AU-045,229456000|247381300|247243700,True,0.311830992270009,0.3555405877432318,0.3242493793215869,9.0,8.107974681785542,LEVANTE,9.8,216.0,220.0,5.5,UNDERWAY_ENGINE,MOVING,0.0,0.0,LOW,0,ITAUG,264.5318073451137,48.53180734511369,1,6.006114375914189,18.0,30.0,32.0,17.0,28.0,29.0,1.0,0.9666666666666667,0.8403142127428325,0.3242493793215869,<6h,1.0398240949726545,0.0,0.0,-0.6593458151000687,0.7518398074789775,0.3242493793215869,0.311830992270009,0.0,0.0,0.5713466896540658,0.38365918646585656,0.41274770671604205,3
AUGUSTA,AU-063,247190400,DANTE A,3,2026-04-11 21:34:46.000,2026-04-11 21:30:00,2026-04-11 21:29:09,0.0794444444444444,<6h,10.0,15.254833,37.195167,2.058722616246395,2.1261905549175686,0.0711011939469872,2.0704037844986414,0.0113909139585278,E,sector,AU-045|AU-001|AU-002,247243700|256210000|229456000,True,0.1111621283070407,0.1148051055571041,0.1117928609340519,51.0,8.044375094608828,LEVANTE,11.7,275.0,275.0,5.5,UNDERWAY_ENGINE,MOVING,0.0,0.0,LOW,0,ITAUG,274.6530231896121,0.3469768103879005,1,2.058722616246395,18.0,31.0,32.0,18.0,30.0,30.0,1.0,0.967741935483871,0.9887373776041309,0.1117928609340519,<6h,1.0056739884042971,0.0,0.0,-0.6087614290087209,0.7933533402912349,0.1117928609340519,0.11116212830704078,0.0,0.0,0.0,0.1296739609743199,0.13289024837643948,3
AUGUSTA,AU-064,255916020,JAGUAR,3,2026-04-12 08:42:09.000,2026-04-04 12:30:00,2026-04-04 12:29:02,188.2025,>72h,5.9,15.23184,37.349573,17.00243892266138,32.64385258936984,12.1922560154403,29.15929927061605,9.208815053953863,NNE,sector,AU-046|AU-008|AU-004,219031822|210627000|247219700,True,1.5560309443443072,2.9875034401077936,2.668603733079772,58.0,5.542433855119772,LEVANTE,5.9,150.4,,3.8,RESTRICTED_MANOEUVRABILITY,MOVING,0.0,0.0,LOW,0,ITSPA,180.05173695102178,29.651736951021775,0,17.00243892266138,15.0,21.0,24.0,11.0,16.0,16.0,3.0,0.7619047619047619,0.09795456129971726,2.6686037330797716,>24h,1.7150068530316334,0.0,0.0,-0.13052619222005177,-0.9914448613738104,2.6686037330797716,1.5560309443443072,56.637649463649055,56.59642811889547,51.26772556275201,2.8991040430669957,2.905206823944847,3
AUGUSTA,AU-064,255916020,JAGUAR,3,2026-04-12 08:42:09.000,2026-04-04 12:45:00,2026-04-04 12:44:13,187.9525,>72h,5.9,15.248033,37.327447,14.614079801171489,28.616627628261654,10.200760782313212,25.153325667886797,7.263130799485019,NNE,sector,AU-046|AU-008|AU-022,219031822|210627000|247415600,True,1.3374528499809173,2.618939454209984,2.3019846311716874,47.0,5.210192355697689,LEVANTE,5.9,149.8,,3.8,RESTRICTED_MANOEUVRABILITY,MOVING,0.0,0.0,LOW,0,ITSPA,185.69278207270085,35.89278207270084,0,14.614079801171487,18.0,23.0,26.0,15.0,19.0,21.0,1.0,0.9130434782608695,0.1210195051084418,2.3019846311716874,>24h,1.7211706799267967,0.0,0.0,-0.19509032201612792,-0.9807852804032305,2.3019846311716874,1.3374528499809173,56.35998377833393,56.29214299173395,51.03000998849419,2.5005282940238076,2.4962178215446738,3
AUGUSTA,AU-064,255916020,JAGUAR,3,2026-04-12 08:42:09.000,2026-04-04 13:00:00,2026-04-04 12:59:25,187.7025,>72h,6.0,15.262315,37.304197,12.260706915351207,23.777238795641125,8.27730389050207,21.09545756957988,5.339304585534063,NNE,sector,AU-046|AU-008|AU-022,219031822|210627000|247415600,True,1.1033753523534202,2.139780309182967,1.8984393061177,35.0,5.056055758112567,LEVANTE,6.1,156.0,,3.8,RESTRICTED_MANOEUVRABILITY,MOVING,0.0,0.0,LOW,0,ITSPA,192.79189878082656,36.79189878082656,0,12.260706915351209,17.0,22.0,26.0,14.0,19.0,20.0,1.0,0.9090909090909091,0.15774600928340685,1.8984393061176998,>24h,1.7205743286438884,0.0,0.0,-0.2588190451025208,-0.9659258262890683,1.8984393061176998,1.1033753523534202,55.57211507450526,55.48285435332277,50.73143909258029,2.046724397968323,2.0446599568377275,3
AUGUSTA,AU-064,255916020,JAGUAR,3,2026-04-12 08:42:09.000,2026-04-04 13:15:00,2026-04-04 13:14:37,187.4525,>72h,6.0,15.274165,37.280198,10.021273824411438,19.7341364956629,6.413230916929586,17.061688420154802,3.606398881948501,NNE,sector,AU-046|AU-008|AU-022,219031822|210627000|247415600,True,0.9018424967972856,1.7759302101928454,1.5354291234840536,23.0,4.894572698888878,LEVANTE,6.0,158.8,,3.8,RESTRICTED_MANOEUVRABILITY,MOVING,0.0,0.0,LOW,0,ITSPA,202.0630250524528,43.263025052452775,0,10.021273824411438,17.0,22.0,26.0,17.0,22.0,22.0,0.0,1.0,0.21708931979789847,1.5354291234840536,>24h,1.7025468736911653,0.0,0.0,-0.32143946530316153,-0.9469301294951057,1.5354291234840536,0.9018424967972855,54.85944674612868,54.74856070858691,50.51892640886786,1.683714215334677,1.6842544765342011,3
AUGUSTA,AU-064,255916020,JAGUAR,3,2026-04-12 08:42:09.000,2026-04-04 13:30:00,2026-04-04 13:29:49,187.2025,>72h,6.0,15.285378,37.256297,8.159665734024001,13.65214603990045,4.454722641195296,12.89279927780668,1.8727097346037576,NNE,sector,AU-046|AU-008|AU-022,219031822|210627000|247415600,True,0.7343111711684666,1.22859485600256,1.1602591142734593,11.0,4.370496882453401,LEVANTE,6.0,159.1,,3.8,RESTRICTED_MANOEUVRABILITY,MOVING,0.0,0.0,LOW,0,ITSPA,215.66484526937785,56.564845269377855,0,8.159665734024001,19.0,25.0,27.0,18.0,23.0,23.0,1.0,0.92,0.3481033910089539,1.1602591142734593,>24h,1.5800646372125955,0.0,0.0,-0.38268343236508967,-0.9238795325112868,1.1602591142734593,0.7343111711684666,53.673265812357755,53.54860894297717,50.39889361621105,1.3240543913473135,1.3350190745855655,3
AUGUSTA,AU-064,255916020,JAGUAR,3,2026-04-12 08:42:09.000,2026-04-04 13:45:00,2026-04-04 13:44:00,186.9525,>72h,6.0,15.293755,37.23382,6.877215936254871,9.622117614573623,2.1756437359065046,8.38252026579861,0.9946587046091238,NNE,sector,AU-008|AU-020|AU-052,210627000|246651000|215909000,True,0.6188999222691568,0.8659213116066976,0.7543664746039065,60.0,3.466568128081441,LEVANTE,5.9,169.9,,3.8,RESTRICTED_MANOEUVRABILITY,MOVING,0.0,0.0,LOW,0,ITSPA,233.097437903686,63.197437903685994,0,6.877215936254871,16.0,21.0,23.0,15.0,19.0,19.0,1.0,0.9047619047619048,0.5013388995767882,0.7543664746039065,>24h,1.2188828071557518,0.0,0.0,-0.44228869021900147,-0.8968727415326883,0.7543664746039065,0.6188999222691568,53.57719612616212,53.4238995123147,50.35870567151366,0.9871659299974761,0.9068251628826703,3
AUGUSTA,AU-064,255916020,JAGUAR,3,2026-04-12 08:42:09.000,2026-04-04 14:00:00,2026-04-04 13:59:13,186.7025,>72h,5.9,15.292305,37.208903,5.540226597237064,6.920362538968486,1.6643635278047464,5.942147196992709,0.2238977682598993,E,sector,AU-009|AU-054|AU-010,563205300|311000232|215909000,True,0.5070310243838144,0.6333384466603658,0.5438140349409442,47.0,2.886497924788356,LEVANTE,5.8,187.3,,3.8,RESTRICTED_MANOEUVRABILITY,MOVING,0.0,0.0,LOW,0,ITSPA,255.80167476268068,68.50167476268066,0,5.540226597237064,15.0,21.0,22.0,13.0,18.0,18.0,3.0,0.8571428571428571,0.8170617072223031,0.5438140349409442,>24h,1.0725458774476995,0.0,0.0,-0.4999999999999997,-0.8660254037844388,0.5438140349409442,0.5070310243838144,49.319122460985824,49.233868149626865,50.19015910643073,0.8119453963946266,0.7154744995416373,3
AUGUSTA,AU-064,255916020,JAGUAR,3,2026-04-12 08:42:09.000,2026-04-04 14:15:00,2026-04-04 14:14:25,186.4525,>72h,5.8,15.288158,37.184457,5.184977259672906,6.169331752055077,1.0739122971028143,5.675663414659287,0.3832689630275683,E,sector,AU-021|AU-038|AU-048,255801270|309518000|210515000,True,0.482700646055793,0.5743401124650962,0.528381564632763,35.0,1.8024377158185363,LEVANTE,5.4,188.3,,3.8,RESTRICTED_MANOEUVRABILITY,MOVING,0.0,0.0,LOW,0,ITSPA,285.19657516987536,96.89657516987535,0,5.184977259672906,18.0,25.0,26.0,16.0,22.0,22.0,3.0,0.88,0.7229252059637733,0.528381564632763,>24h,1.094636124791285,0.0,0.0,-0.555570233019602,-0.8314696123025455,0.528381564632763,0.482700646055793,51.587149176157766,51.46079981724079,50.37045998596818,0.7515819793249392,0.5925677103503861,3
AUGUSTA,AU-064,255916020,JAGUAR,3,2026-04-12 08:42:09.000,2026-04-07 13:00:00,2026-04-07 12:59:27,115.7025,>72h,0.0,15.235227,37.130812,7.329508072517194,7.64062945874853,7.322602914660323,10.654026306628186,5.736768596900224,SSE,sector,AU-055|AU-057|AU-021,247100900|255970000|255801270,True,3.957617749739305,4.125609858935492,5.752713988460143,33.0,0.864929741655816,LEVANTE,1.8,34.7,,3.8,MOORED,UNKNOWN,0.0,0.0,LOW,0,ITSPA,357.5340771671835,37.16592283281648,0,5.154431248705052,21.0,32.0,37.0,17.0,26.0,29.0,3.0,0.90625,0.14843911967825762,5.752713988460143,>24h,1.4535799948944246,0.0,0.0,-0.2588190451025208,-0.9659258262890683,5.752713988460143,3.9576177497393052,55.191551186165356,55.130472124993574,52.01940709648443,5.221114849356722,5.212070376817617,3
AUGUSTA,AU-064,255916020,JAGUAR,3,2026-04-12 08:42:09.000,2026-04-07 13:30:00,2026-04-07 13:30:00,115.2025,>72h,2.2,15.252372,37.145408,5.987686662087254,7.9827023578074545,5.589050185360004,8.122988166459933,3.582918800099538,SSE,sector,AU-055|AU-057|AU-021,247100900|255970000|255801270,True,1.469587340979593,1.9592338400273543,1.993664874941079,0.0,1.4229635343715883,LEVANTE,1.7,29.6,,3.8,RESTRICTED_MANOEUVRABILITY,SLOW_MOTION,0.0,0.0,LOW,0,ITCTA,342.1643269531014,47.435673046898614,0,4.674781370530849,23.0,36.0,41.0,22.0,35.0,35.0,1.0,0.9722222222222222,0.2182015531190037,1.993664874941079,>24h,1.3566154384618936,0.0,0.0,-0.38268343236508967,-0.9238795325112868,1.993664874941079,1.469587340979593,56.5574056990054,56.10337892378612,51.684994250233174,2.164645962683663,1.9943172181444473,3
AUGUSTA,AU-064,255916020,JAGUAR,3,2026-04-12 08:42:09.000,2026-04-07 13:45:00,2026-04-07 13:44:16,114.9525,>72h,2.2,15.25865,37.152625,5.4496129805173625,8.400942848123428,4.682787678140737,7.36094307786664,2.6359901324736,SSE,sector,AU-055|AU-057|AU-021,247100900|255970000|255801270,True,1.3375252750140787,2.0618846574031577,1.8066324067020023,44.0,1.2198427984917264,LEVANTE,2.2,37.1,,3.8,RESTRICTED_MANOEUVRABILITY,SLOW_MOTION,0.0,0.0,LOW,0,ITCTA,333.9874584379872,63.11254156201284,0,4.644859643999452,22.0,34.0,37.0,22.0,32.0,32.0,2.0,0.9411764705882353,0.2750282491332533,1.8066324067020025,>24h,1.3507276762923124,0.0,0.0,-0.44228869021900147,-0.8968727415326883,1.8066324067020025,1.3375252750140787,58.43185794599728,57.986384608441476,51.617320293796325,1.5605865575314262,1.3248104767098643,3
AUGUSTA,AU-064,255916020,JAGUAR,3,2026-04-12 08:42:09.000,2026-04-07 14:00:00,2026-04-07 13:59:33,114.7025,>72h,2.2,15.265178,37.160423,5.005647294391335,7.7245182106282675,3.689817815482546,6.435497192143554,1.6286837320163867,SSE,sector,AU-055|AU-057|AU-021,247100900|255970000|255801270,True,1.22856059650288,1.8958664369301652,1.5794956784173262,27.0,1.0766676910634894,LEVANTE,2.1,37.4,,3.8,RESTRICTED_MANOEUVRABILITY,SLOW_MOTION,0.0,0.0,LOW,0,ITCTA,323.63140281219063,73.76859718780935,0,4.817464920494038,21.0,35.0,39.0,19.0,31.0,33.0,2.0,0.9428571428571428,0.3804185295554476,1.5794956784173262,>24h,1.2856473526119827,0.0,0.0,-0.4999999999999997,-0.8660254037844388,1.5794956784173262,1.22856059650288,57.244974111947855,56.78679919266616,51.546126839250654,1.3334498292467498,1.097802647318403,3
AUGUSTA,AU-064,255916020,JAGUAR,3,2026-04-12 08:42:09.000,2026-04-07 14:15:00,2026-04-07 14:14:50,114.4525,>72h,2.2,15.272057,37.167718,4.813036539525725,7.13859042637851,2.742030980445175,5.542366323301659,0.9844952850727138,SSE,sector,AU-055|AU-057|AU-021,247100900|255970000|255801270,True,1.1812871930899578,1.7520593035486227,1.3602901834139156,10.0,0.6747031673059086,LEVANTE,2.2,36.1,,3.8,RESTRICTED_MANOEUVRABILITY,SLOW_MOTION,0.0,0.0,LOW,0,ITCTA,311.9865655662974,84.11343443370265,0,4.813036539525725,22.0,37.0,39.0,19.0,30.0,31.0,6.0,0.8378378378378378,0.5039064630296459,1.3602901834139156,>24h,1.151532151851854,0.0,0.0,-0.555570233019602,-0.8314696123025455,1.3602901834139156,1.1812871930899578,55.77675556169335,55.309200886381255,51.51511576040708,1.1210908545108662,0.913003134571633,3
AUGUSTA,AU-064,255916020,JAGUAR,3,2026-04-12 08:42:09.000,2026-04-08 02:00:00,2026-04-08 01:59:33,102.7025,>72h,3.8,15.265952,37.510143,34.988512278952086,52.51888290917049,13.253020426892592,47.00170629883924,9.87855059140588,NNE,sector,AU-046|AU-008|AU-004,219031822|210627000|247219700,True,4.971654012582711,7.462612667552929,6.678655550022627,27.0,0.903977664903164,LEVANTE,3.9,180.8,,3.8,RESTRICTED_MANOEUVRABILITY,MOVING,0.0,0.0,LOW,0,ITCTA,184.97922005320822,4.179220053208212,0,34.988512278952086,13.0,27.0,30.0,13.0,25.0,25.0,2.0,0.9259259259259259,0.09192401061130387,6.678655550022627,>24h,1.3433468083498332,0.0,0.0,0.49999999999999994,0.8660254037844387,6.678655550022627,4.971654012582711,54.65907489049404,54.87065274409224,54.65912688696529,6.73863888790549,6.513767481148083,3
AUGUSTA,AU-064,255916020,JAGUAR,3,2026-04-12 08:42:09.000,2026-04-08 02:15:00,2026-04-08 02:14:49,102.4525,>72h,3.8,15.257868,37.496873,33.46172172525082,51.35943733960627,13.677742767495896,45.80659645291115,10.25104918658109,NNE,sector,AU-046|AU-008|AU-004,219031822|210627000|247219700,True,4.754706394971413,7.297862529783771,6.508837736289523,11.0,3.16276003981725,LEVANTE,3.0,232.9,,3.8,RESTRICTED_MANOEUVRABILITY,MOVING,0.0,0.0,LOW,0,ITCTA,183.9769978676404,48.92300213235961,0,33.46172172525082,16.0,25.0,28.0,16.0,23.0,23.0,2.0,0.92,0.08888059979265585,6.508837736289523,>24h,1.3689252701645853,0.0,0.0,0.5555702330196022,0.8314696123025452,6.508837736289523,4.754706394971413,56.11945105865334,56.31208758953862,54.931364191693085,6.983521480728347,6.885678019148298,3
AUGUSTA,AU-064,255916020,JAGUAR,3,2026-04-12 08:42:09.000,2026-04-08 02:30:00,2026-04-08 02:29:02,102.2025,>72h,3.3,15.2449,37.490158,32.65575308981991,51.39651519681773,14.66483347691687,45.82782259259269,11.207979361623671,NNE,sector,AU-046|AU-008|AU-004,219031822|210627000|247219700,True,5.343241228126826,8.409666077102187,7.498498362555254,58.0,2.563324534756807,LEVANTE,2.9,246.5,,3.8,RESTRICTED_MANOEUVRABILITY,SLOW_MOTION,0.0,0.0,LOW,0,ITCTA,182.05699965227154,64.44300034772846,0,32.65575308981991,15.0,26.0,29.0,15.0,24.0,24.0,1.0,0.9230769230769231,0.08191363782474474,7.498498362555254,>24h,1.4033613760657393,0.0,0.0,0.6087614290087207,0.7933533402912352,7.498498362555254,5.343241228126826,66.1856554621548,66.23078824336444,55.90248288484788,7.7338226181099685,7.69919522781992,3
AUGUSTA,AU-064,255916020,JAGUAR,3,2026-04-12 08:42:09.000,2026-04-11 20:15:00,2026-04-11 20:14:39,12.4525,12-24h,3.05,15.236915,37.459012,29.175201230899148,47.10090607433277,14.701570878961707,42.62242278090722,11.164860458771836,NNE,sector,AU-046|AU-008|AU-004,219031822|210627000|247219700,True,5.165032261250424,8.338509732381967,7.545661364038384,21.0,1.5214939904893476,LEVANTE,3.2,128.0,,3.8,RESTRICTED_MANOEUVRABILITY,MOVING,0.0,0.0,LOW,0,ITSPA,180.91297086315316,52.91297086315316,0,29.175201230899148,21.0,35.0,37.0,21.0,35.0,35.0,0.0,1.0,0.08220398445087959,7.545661364038384,12-24h,1.4609127266538358,0.0,0.0,-0.8314696123025455,0.5555702330196018,7.545661364038384,5.165032261250424,58.749835807366026,59.02793238949397,55.45674050897364,7.760603306848678,7.691952089354918,3
AUGUSTA,AU-064,255916020,JAGUAR,3,2026-04-12 08:42:09.000,2026-04-11 20:30:00,2026-04-11 20:29:57,12.2025,12-24h,3.3,15.250037,37.449443,28.154384811640945,44.964346713197,13.316606505011174,40.4446318742625,9.816857770306884,NNE,sector,AU-046|AU-008|AU-004,219031822|210627000|247219700,True,4.606712613986672,7.357213612343248,6.617683073869772,3.0,2.0250699623162887,LEVANTE,3.4,134.0,,3.8,RESTRICTED_MANOEUVRABILITY,MOVING,0.0,0.0,LOW,0,ITSPA,183.31317163871213,49.313171638712134,0,28.154384811640945,21.0,35.0,37.0,19.0,30.0,35.0,0.0,1.0,0.09244828962668603,6.617683073869772,12-24h,1.436530478106555,0.0,0.0,-0.7933533402912357,0.6087614290087199,6.617683073869772,4.606712613986672,57.26957189698682,57.45157825661765,54.796065516424335,6.850491300934375,6.754813663901037,3
AUGUSTA,AU-064,255916020,JAGUAR,3,2026-04-12 08:42:09.000,2026-04-11 20:45:00,2026-04-11 20:44:15,11.9525,6-12h,3.4,15.26229,37.439255,27.11022383963224,42.800450951809154,11.989697067553868,38.2502620606157,8.53078945073705,NNE,sector,AU-046|AU-008|AU-004,219031822|210627000|247219700,True,4.305397001593228,6.797174906588927,6.074555656939351,45.0,2.260132279858423,LEVANTE,3.5,136.8,,3.8,RESTRICTED_MANOEUVRABILITY,MOVING,0.0,0.0,LOW,0,ITSPA,185.74218763405585,48.94218763405584,0,27.110223839632233,21.0,35.0,37.0,21.0,31.0,32.0,3.0,0.9142857142857143,0.10492310266309224,6.074555656939349,6-12h,1.410916497291989,0.0,0.0,-0.7518398074789772,0.6593458151000691,6.074555656939349,4.305397001593228,58.26431313203423,58.400496151955025,54.41763546213923,6.289497599749643,6.260680792095522,3
AUGUSTA,AU-064,255916020,JAGUAR,3,2026-04-12 08:42:09.000,2026-04-11 21:00:00,2026-04-11 20:59:33,11.7025,6-12h,3.5,15.274575,37.42746,25.942126351602266,40.417911321976376,10.616852428248148,35.84729547395787,7.20687490362696,NNE,sector,AU-046|AU-008|AU-004,219031822|210627000|247219700,True,4.002179319901615,6.235407485648932,5.530283164757463,27.0,2.421332445608852,LEVANTE,3.6,142.9,,3.8,RESTRICTED_MANOEUVRABILITY,MOVING,0.0,0.0,LOW,0,ITSPA,188.42427659433764,45.524276594337636,0,25.942126351602266,16.0,29.0,30.0,16.0,27.0,27.0,2.0,0.9310344827586207,0.12184906090844132,5.530283164757463,6-12h,1.3818179353576323,0.0,0.0,-0.7071067811865477,0.7071067811865474,5.530283164757463,4.0021793199016145,56.9372956628938,57.0217927390009,54.033670957622356,5.79523653233811,5.74482731378431,3
AUGUSTA,AU-064,255916020,JAGUAR,3,2026-04-12 08:42:09.000,2026-04-11 21:15:00,2026-04-11 21:14:51,11.4525,6-12h,3.5,15.286525,37.415858,24.85124782320426,38.08300441358122,9.27798703817744,33.49334290663186,5.916255060697551,NNE,sector,AU-046|AU-008|AU-004,219031822|210627000|247219700,True,3.833885810429537,5.875193522613579,5.167130963688963,9.0,2.3916656253207687,LEVANTE,3.5,139.6,,3.8,RESTRICTED_MANOEUVRABILITY,MOVING,0.0,0.0,LOW,0,ITSPA,191.275394023263,51.67539402326301,0,24.85124782320426,18.0,31.0,32.0,17.0,28.0,29.0,2.0,0.9354838709677419,0.14458691751879135,5.167130963688963,6-12h,1.3477529637509087,0.0,0.0,-0.6593458151000687,0.7518398074789775,5.167130963688963,3.833885810429537,56.16413773955561,56.2133837728511,53.85636991584704,5.445368797617238,5.398958088495514,3
AUGUSTA,AU-064,255916020,JAGUAR,3,2026-04-12 08:42:09.000,2026-04-11 21:30:00,2026-04-11 21:29:09,11.2025,6-12h,3.45,15.298302,37.405765,23.986126163305027,35.962634215706046,7.994542046851999,31.38585127948529,4.676611238931109,NNE,sector,AU-046|AU-008|AU-004,219031822|210627000|247219700,True,3.754049858093878,5.628483772452193,4.912175052350032,51.0,2.1408559646589937,LEVANTE,3.4,136.7,,3.8,RESTRICTED_MANOEUVRABILITY,MOVING,0.0,0.0,LOW,0,ITSPA,194.2448605739796,57.544860573979605,0,23.986126163305027,19.0,32.0,32.0,18.0,30.0,30.0,2.0,0.9375,0.1761614382083874,4.9121750523500305,6-12h,1.3085002165752246,0.0,0.0,-0.6087614290087209,0.7933533402912349,4.9121750523500305,3.754049858093878,57.48547673228943,57.51870096876227,53.73167699119753,5.151410687046109,5.107243093015591,3
AUGUSTA,AU-064,255916020,JAGUAR,3,2026-04-12 08:42:09.000,2026-04-11 21:45:00,2026-04-11 21:44:29,10.9525,6-12h,3.4,15.310455,37.39503,23.131909276881533,33.731472452647026,6.661527955933527,29.1261618716657,3.3887035331975084,NNE,sector,AU-046|AU-008|AU-004,219031822|210627000|247219700,True,3.6735975855802208,5.356922953348849,4.625549782693701,31.0,1.8797113407819293,LEVANTE,3.4,138.0,,3.8,RESTRICTED_MANOEUVRABILITY,MOVING,0.0,0.0,LOW,0,ITSPA,197.55901892790226,59.55901892790226,0,23.131909276881533,20.0,33.0,35.0,19.0,31.0,32.0,1.0,0.9696969696969697,0.22785772436795768,4.625549782693701,6-12h,1.259133499229782,0.0,0.0,-0.555570233019603,0.8314696123025448,4.625549782693701,3.6735975855802208,56.187716604001125,56.200574606545025,53.57787606311854,4.86478541738978,4.820617823359262,3
AUGUSTA,AU-064,255916020,JAGUAR,3,2026-04-12 08:42:09.000,2026-04-11 22:00:00,2026-04-11 21:59:47,10.7025,6-12h,3.3,15.322597,37.38411,22.34117599637154,31.47608784806309,5.324487801445303,26.843685056890187,2.0964640324451023,NNE,sector,AU-046|AU-008|AU-004,219031822|210627000|247219700,True,3.655536356497732,5.150220539312634,4.392251629178969,13.0,1.73967754207449,LEVANTE,3.2,136.8,,3.8,RESTRICTED_MANOEUVRABILITY,MOVING,0.0,0.0,LOW,0,ITSPA,201.13116259001137,64.33116259001136,0,22.34117599637154,20.0,31.0,34.0,18.0,29.0,29.0,2.0,0.9354838709677419,0.3229490120091454,4.392251629178969,6-12h,1.2015341117786238,0.0,0.0,-0.5000000000000004,0.8660254037844384,4.392251629178969,3.6555363564977323,54.69175195499162,54.69563808715766,53.48629272500659,4.820835327988804,4.726704003297648,3
AUGUSTA,AU-064,255916020,JAGUAR,3,2026-04-12 08:42:09.000,2026-04-11 22:15:00,2026-04-11 22:14:05,10.4525,6-12h,3.25,15.334122,37.374912,21.794299549915355,29.492603246555337,4.08675314726121,24.82603597232386,1.2464353770216503,NNE,sector,AU-008|AU-046|AU-004,210627000|219031822|247219700,True,3.6209170210857873,4.89991746910705,4.124611392643938,55.0,1.464023254953934,LEVANTE,3.3,134.2,,3.8,RESTRICTED_MANOEUVRABILITY,MOVING,0.0,0.0,LOW,0,ITSPA,204.60681074744193,70.40681074744194,0,21.794299549915355,20.0,30.0,34.0,18.0,28.0,30.0,0.0,1.0,0.4451496847978825,4.124611392643938,6-12h,1.139106852939455,0.0,0.0,-0.4422886902190014,0.8968727415326883,4.124611392643938,3.6209170210857873,55.17331613800407,55.183837009536795,53.344195991062385,4.56420431699193,4.470837778761771,3
AUGUSTA,AU-064,255916020,JAGUAR,3,2026-04-12 08:42:09.000,2026-04-11 22:30:00,2026-04-11 22:29:23,10.2025,6-12h,3.2,15.346683,37.364795,21.285153530441058,27.318397203492783,2.7352795333411195,25.57908867506415,1.3979556650208025,NNE,sector,AU-008|AU-004|AU-052,210627000|247219700|215909000,True,3.591582331675394,4.609610759228668,4.316125923843168,37.0,1.1558240170565957,LEVANTE,3.4,136.6,,3.8,RESTRICTED_MANOEUVRABILITY,MOVING,0.0,0.0,LOW,0,ITSPA,208.59525663086723,71.99525663086723,0,21.285153530441058,19.0,27.0,29.0,17.0,25.0,27.0,0.0,1.0,0.4170218885140751,4.316125923843168,6-12h,1.2017338112446359,0.0,0.0,-0.38268343236508956,0.9238795325112868,4.316125923843168,3.591582331675394,55.15307154661815,55.18562920715237,53.41631123649138,4.356558195532309,4.1506038192107555,3
AUGUSTA,AU-064,255916020,JAGUAR,3,2026-04-12 08:42:09.000,2026-04-11 22:45:00,2026-04-11 22:44:40,9.9525,6-12h,3.4,15.358445,37.353688,20.752968367433425,25.06233639534902,1.4258745882355026,24.235117192413497,0.5165692172743329,NNE,sector,AU-004|AU-052|AU-010,247219700|215909000|215909000,True,3.2957960182050288,3.980170307989617,3.8487989442913055,20.0,1.103098574318344,LEVANTE,3.4,138.5,,3.8,RESTRICTED_MANOEUVRABILITY,MOVING,0.0,0.0,LOW,0,ITSPA,212.7580882155492,74.25808821554921,0,20.752968367433425,16.0,24.0,26.0,15.0,23.0,24.0,0.0,1.0,0.6593830262473999,3.8487989442913064,6-12h,1.1677903981410405,0.0,0.0,-0.32143946530316186,0.9469301294951056,3.8487989442913064,3.2957960182050288,52.20833496340525,52.2451449691024,53.04327565071373,3.889231215980448,3.6950508516580487,3
AUGUSTA,AU-064,255916020,JAGUAR,3,2026-04-12 08:42:09.000,2026-04-11 23:00:00,2026-04-11 22:59:57,9.7025,6-12h,3.4,15.370165,37.342405,20.31777483332905,22.785266510590475,0.1153498415863842,23.888744706734183,0.2508463115495362,NNE,sector,AU-034|AU-022|AU-001,247131100|247415600|256210000,True,3.226682574216912,3.6185469620427,3.793791244240595,3.0,1.0253182947031314,LEVANTE,3.4,140.3,,3.8,RESTRICTED_MANOEUVRABILITY,MOVING,0.0,0.0,LOW,0,ITSPA,217.1407864934108,76.84078649341077,0,20.31777483332905,16.0,25.0,26.0,16.0,25.0,25.0,0.0,1.0,0.7994587270767181,3.7937912442405954,6-12h,1.1757559527408166,0.0,0.0,-0.25881904510252157,0.9659258262890681,3.7937912442405954,3.2266825742169116,50.482656240983275,50.548837824034706,52.962936883696386,3.73847890954097,3.558923044524785,3
AUGUSTA,AU-064,255916020,JAGUAR,3,2026-04-12 08:42:09.000,2026-04-11 23:15:00,2026-04-11 23:14:13,9.4525,6-12h,3.4,15.381722,37.332345,20.09835217814925,22.98414800624492,1.149408574704229,25.440377241388543,0.9617545289263182,NNE,sector,AU-045|AU-007|AU-034,247243700|247355500|247131100,True,3.191835881423778,3.6501314963544846,4.040207286461146,47.0,0.7176943452918799,LEVANTE,3.4,135.6,,3.8,RESTRICTED_MANOEUVRABILITY,MOVING,0.0,0.0,LOW,0,ITSPA,221.39903871264133,85.79903871264133,0,20.09835217814925,18.0,27.0,29.0,18.0,27.0,27.0,0.0,1.0,0.5097477718312223,4.040207286461146,6-12h,1.265794181328313,0.0,0.0,-0.19509032201612872,0.9807852804032303,4.040207286461146,3.191835881423778,55.481272367126024,55.51986340925381,53.173101042561,4.0806395581502874,3.8864591938278883,3
AUGUSTA,AU-064,255916020,JAGUAR,3,2026-04-12 08:42:09.000,2026-04-12 00:00:00,2026-04-11 23:59:03,8.7025,6-12h,3.2,15.40894,37.298667,19.36113359763148,23.193204406778488,4.40146679594432,21.8394418347942,1.7113354217962244,NNE,sector,AU-013|AU-009|AU-007,538002883|563205300|247355500,True,3.2669299402050958,3.913540160431035,3.6851110007414616,57.0,0.7438121819052248,LEVANTE,3.2,171.6,,3.8,RESTRICTED_MANOEUVRABILITY,MOVING,0.0,0.0,LOW,0,ITSPA,234.19349213286222,62.593492132862224,0,19.36113359763148,17.0,26.0,26.0,17.0,26.0,26.0,0.0,1.0,0.3688219435932102,3.6851110007414616,6-12h,1.1280042939978423,0.0,0.0,0.0,1.0,3.6851110007414616,3.2669299402050953,55.32476663030765,55.29095240842957,52.95487374038401,3.725543272430603,3.5195888961090493,3
AUGUSTA,AU-064,255916020,JAGUAR,3,2026-04-12 08:42:09.000,2026-04-12 00:15:00,2026-04-12 00:14:20,8.4525,6-12h,3.2,15.4112,37.284708,18.66596114530008,22.309897571194774,4.974503936374071,21.42409099531862,1.5660516679716168,NNE,sector,AU-009|AU-002|AU-054,563205300|229456000|311000232,True,3.149628972951552,3.764494055614669,3.6150261533677472,40.0,1.398916556994526,LEVANTE,3.3,168.8,,3.8,RESTRICTED_MANOEUVRABILITY,MOVING,0.0,0.0,LOW,0,ITSPA,238.4216915758547,69.6216915758547,0,18.665961145300074,17.0,27.0,27.0,17.0,27.0,27.0,0.0,1.0,0.3897037664835754,3.6150261533677472,6-12h,1.1477625410525945,0.0,0.0,0.06540312923014306,0.9978589232386035,3.6150261533677472,3.1496289729515525,54.792440096908734,54.767582097798936,52.948368162589205,4.054619077715739,3.941138457216111,3
AUGUSTA,AU-064,255916020,JAGUAR,3,2026-04-12 08:42:09.000,2026-04-12 00:30:00,2026-04-12 00:29:36,8.2025,6-12h,3.25,15.41334,37.27081,18.0735532669063,25.502058381920904,9.091551329764124,19.472578851936856,0.8377253591555555,E,sector,AU-002|AU-054|AU-009,229456000|311000232|563205300,True,3.0027501689493765,4.2369261309056165,3.235185055978876,24.0,1.3654424083224197,LEVANTE,3.3,171.6,,3.8,RESTRICTED_MANOEUVRABILITY,MOVING,0.0,0.0,LOW,0,ITSPA,242.91560315635616,71.31560315635616,0,18.0735532669063,16.0,25.0,25.0,16.0,25.0,25.0,0.0,1.0,0.5441509499871653,3.235185055978876,6-12h,1.077407334593815,0.0,0.0,0.13052619222005157,0.9914448613738104,3.235185055978876,3.0027501689493765,51.585551717327604,51.58493994114674,52.671528555917284,3.6849080232600024,3.5918588304727233,3
AUGUSTA,AU-064,255916020,JAGUAR,3,2026-04-12 08:42:09.000,2026-04-12 00:45:00,2026-04-12 00:44:52,7.9525,6-12h,3.3,15.41542,37.256668,17.5842040420727,24.059250621107907,7.5140175365346575,18.76009082933737,1.2043541715663737,E,sector,AU-054|AU-002|AU-009,311000232|229456000|563205300,True,2.877185032082057,3.9366533511859263,3.069587477802436,8.0,1.147798901346635,LEVANTE,3.3,173.6,,3.8,RESTRICTED_MANOEUVRABILITY,MOVING,0.0,0.0,LOW,0,ITSPA,247.75765421046208,74.15765421046208,0,17.5842040420727,15.0,24.0,24.0,15.0,24.0,24.0,0.0,1.0,0.45364760930836184,3.069587477802436,6-12h,1.066871766527003,0.0,0.0,0.19509032201612825,0.9807852804032304,3.069587477802436,2.877185032082057,51.937000761863914,51.898505000472916,52.60236415778236,3.112631116724327,2.936210221537061,3
AUGUSTA,AU-064,255916020,JAGUAR,3,2026-04-12 08:42:09.000,2026-04-12 01:00:00,2026-04-12 00:59:07,7.7025,6-12h,3.3,15.417018,37.243122,17.205993988264215,22.64343502842392,6.004064916425192,19.361993074343093,2.182972403845483,E,sector,AU-054|AU-002|AU-032,311000232|229456000|271051219,True,2.815301064903497,3.704992968850042,3.168072693622471,53.0,0.9522305621988468,LEVANTE,3.3,175.3,,3.8,RESTRICTED_MANOEUVRABILITY,MOVING,0.0,0.0,LOW,0,ITSPA,252.58518525969743,77.28518525969741,0,17.205993988264215,17.0,26.0,26.0,17.0,26.0,26.0,0.0,1.0,0.3141717467584255,3.168072693622471,6-12h,1.1253051167836878,0.0,0.0,0.25881904510252074,0.9659258262890683,3.168072693622471,2.8153010649034975,55.191187286567555,55.14401693542255,52.64899598219918,3.204593586170248,3.0025505889900588,3
AUGUSTA,AU-064,255916020,JAGUAR,3,2026-04-12 08:42:09.000,2026-04-12 01:15:00,2026-04-12 01:14:21,7.4525,6-12h,3.3,15.418738,37.229288,16.95856798102347,21.20506581659563,4.461764345450919,18.98343114638202,1.7369515781000482,E,sector,AU-003|AU-030|AU-032,247381300|247381300|271051219,True,2.7748164115818232,3.4696422895143058,3.1061311516431083,39.0,0.6874727029636947,LEVANTE,3.2,174.2,,3.8,RESTRICTED_MANOEUVRABILITY,MOVING,0.0,0.0,LOW,0,ITSPA,257.7059472504148,83.5059472504148,0,16.95856798102347,18.0,27.0,27.0,18.0,27.0,27.0,0.0,1.0,0.3653700006977052,3.1061311516431083,6-12h,1.1194005984246052,0.0,0.0,0.3214394653031616,0.9469301294951057,3.1061311516431083,2.7748164115818232,54.53774654874857,54.494037429356325,52.63054175055561,3.142652044190885,2.940609047010696,3
AUGUSTA,AU-064,255916020,JAGUAR,3,2026-04-12 08:42:09.000,2026-04-12 03:15:00,2026-04-12 03:14:23,5.4525,<6h,2.6500000000000004,15.410975,37.131115,17.48110644851245,22.140579577941285,6.427590517274299,18.6262972596034,0.3880579441920933,E,sector,AU-039|AU-017|AU-021,538002630|229370000|255801270,True,3.5619027769086853,4.511304368136697,3.795243746608133,37.0,0.9613268600915084,LEVANTE,1.8,308.8,,3.8,RESTRICTED_MANOEUVRABILITY,SLOW_MOTION,0.0,0.0,LOW,0,ITSPA,294.69730536467176,14.102694635328248,0,17.48110644851245,17.0,25.0,25.0,16.0,24.0,24.0,1.0,0.96,0.7204310196013042,3.7952437466081337,<6h,1.0655102017978044,0.0,0.0,0.7518398074789774,0.6593458151000688,3.7952437466081337,3.5619027769086853,54.10499684944571,53.92934134440924,52.80084813165014,3.6235727789571017,3.5158009124041345,3
AUGUSTA,AU-064,255916020,JAGUAR,3,2026-04-12 08:42:09.000,2026-04-12 03:30:00,2026-04-12 03:29:40,5.2025,<6h,1.9,15.401007,37.134412,16.52514138444993,21.003911793634327,6.034754655448219,17.593749631560406,0.4784603028766345,E,sector,AU-039|AU-017|AU-021,538002630|229370000|255801270,True,4.696243430842882,5.969055301135138,4.999928848346142,20.0,1.9297506883894888,LEVANTE,2.0,286.3,,3.8,RESTRICTED_MANOEUVRABILITY,SLOW_MOTION,0.0,0.0,LOW,0,ITSPA,294.8164056600659,8.516405660065914,0,16.52514138444993,16.0,25.0,25.0,15.0,23.0,23.0,1.0,0.92,0.6763793373784226,4.999928848346142,<6h,1.0646656038971036,0.0,0.0,0.7933533402912352,0.6087614290087207,4.999928848346142,4.696243430842882,53.879217057344974,53.85244822592574,53.70808110682948,5.227418533353961,5.2121204226229185,3
AUGUSTA,AU-064,255916020,JAGUAR,3,2026-04-12 08:42:09.000,2026-04-12 03:45:00,2026-04-12 03:44:57,4.9525,<6h,1.9,15.39155,37.13799,15.597256133293303,20.31180819671591,5.67962977375722,16.598814399813097,0.4323721887593193,E,sector,AU-032|AU-021|AU-039,271051219|255801270|538002630,True,4.4325497707438055,5.772367908581309,4.717180402356798,3.0,1.9966805124434204,LEVANTE,2.0,294.4,,3.8,RESTRICTED_MANOEUVRABILITY,SLOW_MOTION,0.0,0.0,LOW,0,ITSPA,294.7764895466307,0.37648954663075074,0,15.597256133293303,16.0,25.0,25.0,15.0,23.0,23.0,1.0,0.92,0.6981425692620938,4.717180402356798,<6h,1.0642137474668962,0.0,0.0,0.8314696123025451,0.5555702330196024,4.717180402356798,4.4325497707438055,52.53630882800147,52.48576954224465,53.41948408314889,4.962536371618926,4.952854710389274,3
AUGUSTA,AU-064,255916020,JAGUAR,3,2026-04-12 08:42:09.000,2026-04-12 04:00:00,2026-04-12 03:59:14,4.7025,<6h,1.9,15.383003,37.141712,14.736056687376683,19.17093511098017,5.325532309911074,15.742702763513348,0.4429484198002431,E,sector,AU-032|AU-021|AU-039,271051219|255801270|538002630,True,4.187807402346449,5.448145706201027,4.473883927336975,46.0,1.9603734131429544,LEVANTE,2.0,296.9,,3.8,RESTRICTED_MANOEUVRABILITY,SLOW_MOTION,0.0,0.0,LOW,0,ITSPA,294.54461084842274,2.355389151577242,0,14.736056687376683,16.0,26.0,26.0,16.0,24.0,24.0,2.0,0.9230769230769231,0.6930254652750766,4.473883927336975,<6h,1.0683117673535407,0.0,0.0,0.8660254037844386,0.5000000000000001,4.473883927336975,4.187807402346449,54.15352853773862,54.08461623293318,53.21713686699992,4.701373612344794,4.693467092241033,3
AUGUSTA,AU-064,255916020,JAGUAR,3,2026-04-12 08:42:09.000,2026-04-12 04:15:00,2026-04-12 04:14:32,4.4525,<6h,1.9,15.373627,37.145507,13.804860780612774,17.953810517271055,4.969019079746604,15.098828661093323,0.567896571573124,E,sector,AU-021|AU-032|AU-039,255801270|271051219|538002630,True,3.92317289434261,5.102253756187069,4.290902768299797,28.0,1.9628945546953136,LEVANTE,1.9,296.3,,3.8,RESTRICTED_MANOEUVRABILITY,SLOW_MOTION,0.0,0.0,LOW,0,ITSPA,294.3784173644639,1.9215826355360832,0,13.804860780612774,20.0,29.0,30.0,19.0,27.0,28.0,1.0,0.9655172413793104,0.6377971724223275,4.290902768299796,<6h,1.093732772901105,0.0,0.0,0.8968727415326884,0.44228869021900125,4.290902768299796,3.92317289434261,54.00145778975377,53.901093418581674,53.058735687489666,4.478391356272223,4.4575885274272125,3
AUGUSTA,AU-064,255916020,JAGUAR,3,2026-04-12 08:42:09.000,2026-04-12 04:30:00,2026-04-12 04:29:51,4.2025,<6h,2.0,15.36347,37.148943,12.82720848578435,16.715951002384934,4.657653852188808,14.143883431386298,0.6812057900751157,E,sector,AU-021|AU-032|AU-048,255801270|271051219|210515000,True,3.463069245622125,4.512945734985133,3.818543043030858,9.0,2.0198715642734943,LEVANTE,2.1,289.2,,3.8,RESTRICTED_MANOEUVRABILITY,SLOW_MOTION,0.0,0.0,LOW,0,ITSPA,294.4773835525457,5.2773835525457,0,12.82720848578435,19.0,30.0,32.0,18.0,28.0,29.0,1.0,0.9666666666666667,0.5948111801086055,3.818543043030858,<6h,1.1026470371212211,0.0,0.0,0.9238795325112867,0.38268343236508984,3.818543043030858,3.463069245622125,53.76175486572262,53.60608989194732,52.72384098312578,3.9941471972719698,3.9763612152653054,3
AUGUSTA,AU-064,255916020,JAGUAR,3,2026-04-12 08:42:09.000,2026-04-12 04:45:00,2026-04-12 04:44:09,3.9525,<6h,2.1,15.353148,37.151948,11.856392948975008,15.516137472960573,4.395200202733295,12.841574617652071,0.5814921163207042,E,sector,AU-021|AU-048|AU-032,255801270|210515000|271051219,True,3.0485428748778687,3.98954475803779,3.301855038993127,51.0,2.13141162815237,LEVANTE,2.2,290.6,,3.8,RESTRICTED_MANOEUVRABILITY,SLOW_MOTION,0.0,0.0,LOW,0,ITSPA,294.83300133582253,4.233001335822507,0,11.856392948975007,19.0,27.0,30.0,19.0,27.0,27.0,0.0,1.0,0.6323142491070213,3.301855038993127,<6h,1.0830928658418184,0.0,0.0,0.9469301294951056,0.3214394653031617,3.301855038993127,3.0485428748778687,54.61802335213358,54.42367982893131,52.30719172679585,3.508422546372546,3.486643835922142,3
AUGUSTA,AU-064,255916020,JAGUAR,3,2026-04-12 08:42:09.000,2026-04-12 05:00:00,2026-04-12 04:59:29,3.7025,<6h,2.2,15.342493,37.155482,10.83444892102653,14.226003476161909,4.0763808914213655,11.457025097406309,0.5196999107536534,E,sector,AU-048|AU-021|AU-038,210515000|255801270|309518000,True,2.6591520030008167,3.491557892244725,2.811953931230686,31.0,2.178635941908226,LEVANTE,1.7,315.8,,3.8,RESTRICTED_MANOEUVRABILITY,SLOW_MOTION,0.0,0.0,LOW,0,ITSPA,295.037537692401,20.762462307599037,0,10.83444892102653,21.0,30.0,34.0,21.0,30.0,30.0,0.0,1.0,0.6580246487637664,2.811953931230686,<6h,1.0574626527770636,0.0,0.0,0.9659258262890683,0.25881904510252074,2.811953931230686,2.6591520030008167,54.33603992350777,54.08060739741469,52.07875706023172,3.0115442054746553,3.0012272184697846,3
AUGUSTA,AU-064,255916020,JAGUAR,3,2026-04-12 08:42:09.000,2026-04-12 05:15:00,2026-04-12 05:14:48,3.4525,<6h,1.85,15.346328,37.159792,10.954795249190884,14.023535382483608,3.5723017440793474,11.86550723746624,0.6588590623512847,E,sector,AU-021|AU-048|AU-038,255801270|210515000|309518000,True,3.197360121764895,4.093028831499506,3.4631683023367694,12.0,0.9529993056674742,LEVANTE,2.0,80.3,,3.8,RESTRICTED_MANOEUVRABILITY,SLOW_MOTION,0.0,0.0,LOW,0,ITSPA,292.01513608844755,148.28486391155246,0,10.954795249190884,21.0,31.0,34.0,21.0,30.0,30.0,1.0,0.967741935483871,0.6028239666018337,3.463168302336769,<6h,1.0831336385171253,0.0,0.0,0.9807852804032304,0.19509032201612833,3.463168302336769,3.197360121764895,61.62118015654106,61.439334392326344,53.47326147325256,3.2665617484370912,3.1538642773100483,3
AUGUSTA,AU-064,255916020,JAGUAR,3,2026-04-12 08:42:09.000,2026-04-12 06:30:00,2026-04-12 06:29:29,2.2025,<6h,1.8,15.35202,37.141233,12.31735955237985,16.704257442338736,5.590813798383081,13.868114353322422,1.0346032740560858,E,sector,AU-048|AU-021|AU-057,210515000|255801270|255970000,True,3.694912272732136,5.010876362592613,4.160101497876896,31.0,0.6975984603522937,LEVANTE,2.4,357.8,,3.8,RESTRICTED_MANOEUVRABILITY,SLOW_MOTION,0.0,0.0,LOW,0,ITSPA,300.06465948698593,57.73534051301408,0,12.31735955237985,21.0,31.0,32.0,20.0,26.0,31.0,0.0,1.0,0.4914963092566192,4.160101497876896,<6h,1.1258999377543502,0.0,0.0,0.9914448613738104,-0.1305261922200516,4.160101497876896,3.6949122727321364,58.75059950108968,58.63307921214698,53.27046683030203,3.941937637974483,3.8294053118737263,3
AUGUSTA,AU-064,255916020,JAGUAR,3,2026-04-12 08:42:09.000,2026-04-12 06:45:00,2026-04-12 06:44:49,1.9525,<6h,2.3,15.351988,37.155822,11.587403946238917,14.95885719032015,3.9736638596809786,12.63467424767568,0.6720529987377066,E,sector,AU-021|AU-048|AU-032,255801270|210515000|271051219,True,2.720303302244088,3.5117985703634496,2.966164486730134,11.0,1.0756924130396086,LEVANTE,3.7,359.6,,3.8,RESTRICTED_MANOEUVRABILITY,MOVING,0.0,0.0,LOW,0,ITAUG,293.1124624036692,66.48753759633081,1,11.587403946238915,22.0,33.0,34.0,20.0,28.0,32.0,1.0,0.9696969696969697,0.598067166982707,2.966164486730134,<6h,1.090380063238987,0.0,0.0,0.9807852804032304,-0.1950903220161282,2.966164486730134,2.720303302244088,5.4926556648207985,5.549652965544819,5.128262647343172,2.7248802881158936,2.604443749288977,3
AUGUSTA,AU-064,255916020,JAGUAR,3,2026-04-12 08:42:09.000,2026-04-12 07:00:00,2026-04-12 06:59:09,1.7025,<6h,3.6,15.34855,37.169698,10.780177529843485,13.021176157117525,2.458883737466681,11.263480048855376,0.1624699583873949,E,sector,AU-032|AU-039|AU-038,271051219|538002630|309518000,True,1.6168972776943071,1.953020181953072,1.6893868563797958,51.0,1.6786757350483277,LEVANTE,4.0,312.9,,3.8,RESTRICTED_MANOEUVRABILITY,MOVING,0.0,0.0,LOW,0,ITAUG,286.18666613728243,26.713333862717548,1,10.780177529843485,24.0,35.0,36.0,21.0,27.0,32.0,2.0,0.9142857142857143,0.8602372842281645,1.6893868563797958,<6h,1.0448325194714032,0.0,0.0,0.9659258262890683,-0.25881904510252063,1.6893868563797958,1.6168972776943071,1.7082993426596147,1.6993127642313808,3.8049667430885137,1.920832040246261,1.8773594975822896,3
AUGUSTA,AU-064,255916020,JAGUAR,3,2026-04-12 08:42:09.000,2026-04-12 07:15:00,2026-04-12 07:14:31,1.4525,<6h,4.05,15.335005,37.183928,9.262818569647344,10.108235143976712,0.9250032385444096,9.53052463045974,0.1566549159197887,E,sector,AU-017|AU-034|AU-036,229370000|247131100|256891000,True,1.2349436804585423,1.3476568733136969,1.270634966597304,29.0,2.5357084632410185,LEVANTE,4.2,322.0,,3.8,RESTRICTED_MANOEUVRABILITY,MOVING,0.0,0.0,LOW,0,ITAUG,278.82745511216785,43.172544887832146,1,9.262818569647344,20.0,32.0,32.0,18.0,30.0,31.0,1.0,0.96875,0.8645620973346104,1.270634966597304,<6h,1.028901144808085,0.0,0.0,0.9469301294951057,-0.3214394653031616,1.270634966597304,1.2349436804585425,1.4828417936475446,1.445316444815924,3.6377134258214125,1.5265372318182062,1.5362780646189114,3
AUGUSTA,AU-064,255916020,JAGUAR,3,2026-04-12 08:42:09.000,2026-04-12 07:30:00,2026-04-12 07:29:52,1.2025,<6h,4.05,15.326995,37.191482,8.463570476582225,8.557155478616762,0.0947752751637885,8.486549357546037,0.0416456640859236,E,sector,AU-040|AU-051|AU-056,247381300|249689000|256251000,True,1.1283857926808822,1.140862794791985,1.1314493983876006,8.0,2.443366175600086,LEVANTE,2.0,302.5,,3.8,RESTRICTED_MANOEUVRABILITY,SLOW_MOTION,0.0,0.0,LOW,0,ITAUG,273.9346293168926,28.565370683107403,1,8.463570476582225,23.0,33.0,33.0,20.0,29.0,31.0,2.0,0.9393939393939394,0.9600193563686852,1.1314493983876006,<6h,1.002715033924204,0.0,0.0,0.9238795325112868,-0.3826834323650895,1.1314493983876006,1.1283857926808822,5.853676697308632,5.488602773188406,3.6434390037967384,1.3868189146243002,1.3488644360629873,3
AUGUSTA,AU-064,255916020,JAGUAR,3,2026-04-12 08:42:09.000,2026-04-12 07:45:00,2026-04-12 07:44:13,0.9525,<6h,2.5,15.311787,37.191938,7.116261817319884,7.205474860667267,0.0860814668748634,7.184673573673654,0.0378479744024507,E,sector,AU-014|AU-033|AU-051,247408700|215054000|249689000,True,1.536989593373625,1.556258069258589,1.5517653506854543,47.0,2.341510954389969,LEVANTE,3.6,282.4,,3.8,RESTRICTED_MANOEUVRABILITY,MOVING,0.0,0.0,LOW,0,ITAUG,274.26153324072726,8.138466759272717,1,7.1162618173198835,21.0,32.0,32.0,19.0,30.0,30.0,2.0,0.9375,0.9635322558448486,1.5517653506854543,<6h,1.0096134400489967,0.0,0.0,0.8968727415326884,-0.44228869021900113,1.5517653506854543,1.536989593373625,0.0,0.0,3.5309397325547156,1.7268345799583564,1.7042773552075894,3
AUGUSTA,AU-064,255916020,JAGUAR,3,2026-04-12 08:42:09.000,2026-04-12 08:00:00,2026-04-12 07:59:36,0.7025,<6h,3.7,15.29186,37.19432,5.338035741149434,5.38386729003389,0.0444720128047922,5.375012482530273,0.0253439086577682,E,sector,AU-017|AU-034|AU-051,229370000|247131100|249689000,True,0.7790023555468789,0.785690749231494,0.7843985293517998,24.0,3.405579305719077,LEVANTE,3.9,274.9,,3.8,RESTRICTED_MANOEUVRABILITY,MOVING,0.0,0.0,LOW,0,ITAUG,272.8200852532512,2.079914746748784,1,5.338035741149434,22.0,34.0,35.0,20.0,29.0,30.0,4.0,0.8823529411764706,0.9752825286776757,0.7843985293517998,<6h,1.0069270314351393,0.0,0.0,0.8660254037844387,-0.4999999999999998,0.7843985293517998,0.7790023555468789,0.0,0.0,2.9118710117377535,1.0411138879931932,0.9564973321039016,3
AUGUSTA,AU-064,255916020,JAGUAR,3,2026-04-12 08:42:09.000,2026-04-12 08:15:00,2026-04-12 08:14:59,0.4525,<6h,3.9,15.270147,37.19565,3.4102588165541303,3.4374561384110724,0.0273894392899881,3.4201647600157616,0.0030404200866058,E,sector,AU-047|AU-030|AU-032,314001155|247381300|271051219,True,0.4721519101392992,0.475917391927102,0.4735233925923134,1.0,3.9024341939365454,LEVANTE,4.0,278.9,,3.8,RESTRICTED_MANOEUVRABILITY,MOVING,0.0,0.0,LOW,0,ITAUG,271.91130519416515,6.988694805834825,1,3.4102588165541303,21.0,34.0,35.0,18.0,27.0,28.0,4.0,0.8235294117647058,0.9969687960467801,0.47352339259231346,<6h,1.002904748288765,0.0,0.0,0.8314696123025451,-0.5555702330196023,0.47352339259231346,0.4721519101392992,0.0,0.0,2.7009590638315535,0.7587944762163423,0.6467615639541013,3
AUGUSTA,AU-064,255916020,JAGUAR,3,2026-04-12 08:42:09.000,2026-04-12 08:30:00,2026-04-12 08:29:20,0.2025,<6h,4.1,15.249195,37.196383,1.5528799769109145,1.6022101028306792,0.0490086937739594,1.557631949884419,0.0045208723992946,E,sector,AU-039|AU-056|AU-034,538002630|256251000|247131100,True,0.2045092947520037,0.2110059135582731,0.2051351142975845,40.0,4.124301673399581,LEVANTE,4.2,264.8,,3.8,RESTRICTED_MANOEUVRABILITY,MOVING,0.0,0.0,LOW,0,ITAUG,271.1691790636914,6.3691790636913765,1,1.5528799769109143,21.0,33.0,36.0,20.0,30.0,31.0,1.0,0.9393939393939394,0.9954994739049109,0.20513511429758455,<6h,1.0030601031915922,0.0,0.0,0.7933533402912352,-0.6087614290087207,0.20513511429758455,0.2045092947520037,0.0,0.0,2.4517671321592474,0.480835596209804,0.3875334209446414,3
AUGUSTA,AU-065,248333000,SILENDI,3,2026-04-12 18:51:12.500,2026-04-06 21:00:00,2026-04-06 20:59:54,141.85347222222222,>72h,10.55,16.272708,36.829113,101.06494383307826,131.64610455697405,33.55478765015133,125.28875204843254,27.523073771849635,E,sector,AU-044|AU-033|AU-021,605076190|215054000|255801270,True,5.172578579482575,6.737745005116745,6.412371001424488,6.0,3.4269387071148096,LEVANTE,10.5,215.8,218.0,,UNDERWAY_ENGINE,MOVING,0.0,0.0,LOW,0,,294.1657557268273,78.36575572682727,0,101.06494383307826,16.0,25.0,25.0,15.0,24.0,24.0,0.0,0.96,0.0350593350491886,6.412371001424488,>24h,1.2396855655049195,0.0,0.0,-0.7071067811865477,0.7071067811865474,6.412371001424488,5.172578579482575,9.969099981108267,9.910240473438389,6.112405758321618,6.2606512869537845,6.221716504086059,3
AUGUSTA,AU-065,248333000,SILENDI,3,2026-04-12 18:51:12.500,2026-04-06 21:15:00,2026-04-06 21:14:05,141.60347222222222,>72h,10.4,16.239607,36.797665,99.90402305424524,133.22714576083052,37.473741933470976,125.31637985913734,28.42736432270856,E,sector,AU-044|AU-033|AU-021,605076190|215054000|255801270,True,5.186909321224728,6.917009976783442,6.506291527825289,55.0,3.305024942993522,LEVANTE,10.5,227.8,230.0,6.5,UNDERWAY_ENGINE,MOVING,0.0,0.0,LOW,0,MTMLA,296.66796333501844,68.86796333501843,0,99.90402305424524,15.0,24.0,24.0,13.0,22.0,22.0,2.0,0.9166666666666666,0.033981976402430246,6.506291527825289,>24h,1.2543677024006716,0.0,0.0,-0.6593458151000687,0.7518398074789775,6.506291527825289,5.186909321224728,55.34085182283911,55.30464458093842,53.10978014436812,6.365424315149638,6.33299741342021,3
AUGUSTA,AU-065,248333000,SILENDI,3,2026-04-12 18:51:12.500,2026-04-06 21:30:00,2026-04-06 21:29:17,141.35347222222222,>72h,10.5,16.19885,36.769342,98.17359892483196,133.8482825781192,41.15757944912196,125.85671187644846,29.322017447713204,E,sector,AU-044|AU-033|AU-021,605076190|215054000|255801270,True,5.048524062780621,6.883075315135206,6.472113127452867,43.0,3.187932430879623,LEVANTE,10.5,228.9,230.0,6.5,UNDERWAY_ENGINE,MOVING,0.0,0.0,LOW,0,MTMLA,299.23726435525356,70.33726435525355,0,98.17359892483195,17.0,26.0,27.0,17.0,25.0,25.0,1.0,0.9615384615384616,0.03297933594703531,6.472113127452867,>24h,1.2819812378765136,0.0,0.0,-0.6087614290087209,0.7933533402912349,6.472113127452867,5.048524062780621,55.16182719376141,55.12804322473385,52.98248173101534,6.331245914777216,6.298391954067548,3
AUGUSTA,AU-065,248333000,SILENDI,3,2026-04-12 18:51:12.500,2026-04-06 21:45:00,2026-04-06 21:44:29,141.10347222222222,>72h,10.5,16.15529,36.738982,96.55639387152875,144.1348818103426,58.13113365070401,126.08205077129917,30.274959243364936,SSE,sector,AU-044|AU-021|AU-033,605076190|255801270|215054000,True,4.965360170293569,7.412058099883914,6.483701057867897,31.0,3.567582538134244,LEVANTE,10.5,227.8,230.0,6.5,UNDERWAY_ENGINE,MOVING,0.0,0.0,LOW,0,MTMLA,302.084727623187,74.284727623187,0,96.55639387152877,15.0,26.0,26.0,15.0,25.0,25.0,1.0,0.9615384615384616,0.03197446213178208,6.483701057867899,>24h,1.3057866570602792,0.0,0.0,-0.555570233019603,0.8314696123025448,6.483701057867899,4.965360170293569,51.245058077515836,51.23215875924203,53.28467524067832,6.329024462849127,6.299831449642994,3
AUGUSTA,AU-065,248333000,SILENDI,3,2026-04-12 18:51:12.500,2026-04-06 22:15:00,2026-04-06 22:14:54,140.60347222222222,>72h,10.6,16.072992,36.680145,94.28534962195964,138.73431651877087,49.05291393823054,127.25446467939126,32.09780352417955,SSE,sector,AU-021|AU-044|AU-033,255801270|605076190|215054000,True,4.802831697601758,7.067031894065104,6.482256035259753,6.0,2.41893526389802,LEVANTE,10.6,228.8,231.0,6.5,UNDERWAY_ENGINE,MOVING,0.0,0.0,LOW,0,MTMLA,307.78051221786717,78.98051221786716,0,94.07650034913945,16.0,25.0,26.0,16.0,25.0,25.0,0.0,1.0,0.030213485292746138,6.482256035259753,>24h,1.3496737848416793,0.0,0.0,-0.4422886902190014,0.8968727415326883,6.482256035259753,4.802831697601758,51.08314618816344,51.07609956173624,53.11314350112477,6.377190933698598,6.3028473486963525,3
AUGUSTA,AU-065,248333000,SILENDI,3,2026-04-12 18:51:12.500,2026-04-12 16:30:00,2026-04-12 16:29:43,2.3534722222222224,<6h,10.2,15.541597,37.153808,27.870061423929368,31.36271851329903,3.718340867670535,28.886905012421195,1.0825815982993992,E,sector,AU-033|AU-036|AU-056,215054000|256891000|256251000,True,1.4753558116254484,1.660246395698293,1.5291844011996143,17.0,8.023840370623878,LEVANTE,10.3,342.0,347.0,,UNDERWAY_ENGINE,MOVING,0.0,0.0,LOW,0,,279.9393516054017,62.060648394598275,0,27.870061423929368,25.0,40.0,40.0,23.0,32.0,33.0,7.0,0.825,0.4801732622705315,1.5291844011996143,<6h,1.036485157783641,0.0,0.0,-0.9238795325112868,-0.3826834323650895,1.5291844011996143,1.4753558116254484,3.949736825899297,3.9133499579990434,1.9436745177956651,1.5528236660598662,1.542265478911077,3
AUGUSTA,AU-065,248333000,SILENDI,3,2026-04-12 18:51:12.500,2026-04-12 16:45:00,2026-04-12 16:44:57,2.1034722222222224,<6h,10.3,15.508458,37.1823,24.57085898876604,25.254867615064253,0.6721371677281015,25.192925772359843,0.4845144424051096,E,sector,AU-043|AU-051|AU-040,247408700|249689000|247381300,True,1.2880779104597513,1.323935688264812,1.320688511625314,3.0,7.715103410291433,LEVANTE,10.8,278.8,281.0,6.5,UNDERWAY_ENGINE,MOVING,0.0,0.0,LOW,0,ITAUG,273.8114256039721,4.9885743960279,1,24.570858988766034,24.0,37.0,37.0,24.0,31.0,32.0,5.0,0.8648648648648649,0.6736209304773538,1.320688511625314,<6h,1.025317258296839,0.0,0.0,-0.9469301294951056,-0.3214394653031618,1.320688511625314,1.2880779104597517,0.0,0.0,1.2344935747241197,1.346909461414382,1.3162105319523745,3
AUGUSTA,AU-065,248333000,SILENDI,3,2026-04-12 18:51:12.500,2026-04-12 17:00:00,2026-04-12 16:59:10,1.8534722222222224,<6h,10.8,15.454775,37.1854,19.80276208081068,20.29657362283328,0.5162632946786505,20.389889626299865,0.5451104878334637,E,sector,AU-051|AU-040|AU-043,249689000|247381300|247408700,True,0.9900588993285876,1.0147475013415566,1.0194129282807307,50.0,8.874688962643445,LEVANTE,10.8,273.2,277.0,6.5,UNDERWAY_ENGINE,MOVING,0.0,0.0,LOW,0,ITAUG,273.69459704012326,0.4945970401232671,1,19.80276208081068,20.0,32.0,34.0,19.0,26.0,27.0,4.0,0.84375,0.6472029074129118,1.0194129282807307,<6h,1.0296487703631063,0.0,0.0,-0.9659258262890683,-0.25881904510252063,1.0194129282807307,0.9900588993285877,0.0,0.0,0.9377884970615165,1.060689144527376,1.046915960733505,3
AUGUSTA,AU-065,248333000,SILENDI,3,2026-04-12 18:51:12.500,2026-04-12 17:15:00,2026-04-12 17:14:23,1.6034722222222222,<6h,10.9,15.397353,37.186693,14.71833024197675,14.966492757758356,0.240566322577654,14.944607779150967,0.2276549860403199,E,sector,AU-040|AU-051|AU-056,247381300|249689000|256251000,True,0.7291066559324285,0.7413999622405907,0.7403158390210912,37.0,10.844724655186344,LEVANTE,10.8,269.8,273.0,6.5,UNDERWAY_ENGINE,MOVING,0.0,0.0,LOW,0,ITAUG,274.37139276621497,4.571392766214956,1,14.71833024197675,20.0,28.0,33.0,20.0,25.0,27.0,1.0,0.9642857142857143,0.814561103380846,0.7403158390210912,<6h,1.015373859225476,0.0,0.0,-0.9807852804032303,-0.19509032201612866,0.7403158390210912,0.7291066559324285,0.0,0.0,0.7308071829663639,0.7917909644332352,0.7845125312613238,3
AUGUSTA,AU-065,248333000,SILENDI,3,2026-04-12 18:51:12.500,2026-04-12 17:30:00,2026-04-12 17:29:36,1.3534722222222222,<6h,10.9,15.33959,37.186487,9.626637501477806,10.220382483863483,0.6349509193179689,9.831994840375792,0.1583855940841291,E,sector,AU-036|AU-033|AU-047,256891000|215054000|314001155,True,0.4768778360848577,0.5062903721175959,0.4870506885873834,24.0,10.832860743661376,LEVANTE,10.6,268.6,274.0,6.5,UNDERWAY_ENGINE,MOVING,0.0,0.0,LOW,0,ITAUG,276.7852471641631,8.185247164163059,1,9.626637501477806,19.0,26.0,32.0,19.0,24.0,24.0,2.0,0.9230769230769231,0.8632704041788817,0.4870506885873834,<6h,1.021332198170593,0.0,0.0,-0.9914448613738104,-0.13052619222005163,0.4870506885873834,0.4768778360848577,0.0,0.0,0.47765003511216203,0.5470429085614503,0.5322685795523124,3
AUGUSTA,AU-065,248333000,SILENDI,3,2026-04-12 18:51:12.500,2026-04-12 17:45:00,2026-04-12 17:44:48,1.1034722222222222,<6h,10.4,15.2951,37.191722,5.645572923788759,5.869281418769145,0.2218696243135607,5.767073641897798,0.0989080077981332,E,sector,AU-036|AU-043|AU-032,256891000|247408700|271051219,True,0.2931120682312655,0.3047267724481405,0.299420254708932,12.0,9.66357772285475,LEVANTE,5.3,281.1,291.0,6.5,UNDERWAY_ENGINE,MOVING,0.0,0.0,LOW,0,ITAUG,275.6080700237118,5.491929976288247,1,5.645572923788759,20.0,28.0,34.0,20.0,25.0,25.0,3.0,0.8928571428571429,0.9099942787783357,0.299420254708932,<6h,1.0215214150537444,0.0,0.0,-0.9978589232386035,-0.06540312923014273,0.299420254708932,0.2931120682312655,0.0,0.0,0.2822420528854129,0.28722613689762394,0.3105497126114905,3
AUGUSTA,AU-065,248333000,SILENDI,3,2026-04-12 18:51:12.500,2026-04-12 18:00:00,2026-04-12 17:59:00,0.8534722222222222,<6h,5.55,15.278213,37.193638,4.136614707048414,4.274245561130487,0.1328877080337566,4.160282975328468,0.0307587797552807,E,sector,AU-034|AU-044|AU-004,247131100|605076190|247219700,True,0.4024492350172605,0.4158392739410509,0.4047519093386714,60.0,6.049745222406434,LEVANTE,1.6,288.7,349.0,6.5,UNDERWAY_ENGINE,SLOW_MOTION,0.0,0.0,LOW,0,MTMLA,274.6838394967483,14.016160503251683,0,4.136614707048414,18.0,26.0,31.0,18.0,21.0,21.0,3.0,0.8076923076923077,0.9701590902164489,0.4047519093386714,<6h,1.0057216516297072,0.0,0.0,-1.0,-1.8369701987210297e-16,0.4047519093386714,0.40244923501726054,50.13252004224623,49.64257836445668,47.63517176208161,0.3615497299194089,0.34547861051994855,3
AUGUSTA,AU-065,248333000,SILENDI,3,2026-04-12 18:51:12.500,2026-04-12 18:15:00,2026-04-12 18:14:13,0.6034722222222222,<6h,1.55,15.27239,37.19639,3.607171147612621,3.727528017945063,0.1267617606194198,3.676749947039679,0.0614666108612509,E,sector,AU-033|AU-056|AU-005,215054000|256251000|636021733,True,1.2565913563758868,1.2985187828137197,1.280829773231965,47.0,2.244949612465231,LEVANTE,1.4,299.6,356.0,6.5,UNDERWAY_ENGINE,SLOW_MOTION,0.0,0.0,LOW,0,ITAUG,270.50096597330054,29.099034026699485,1,3.6071711476126205,18.0,25.0,30.0,18.0,21.0,21.0,3.0,0.84,0.9420927514513355,1.2808297732319651,<6h,1.0192890208364824,0.0,0.0,-0.9978589232386036,0.06540312923014237,1.2808297732319651,1.2565913563758868,7.335088937941084,6.8596143284697595,1.2006993935876424,1.1859498429096633,1.1369608949458307,3
AUGUSTA,AU-065,248333000,SILENDI,3,2026-04-12 18:51:12.500,2026-04-12 18:30:00,2026-04-12 18:29:25,0.3534722222222222,<6h,1.2,15.266892,37.19915,3.132197281203801,3.4785918212776954,0.3898191713454292,3.251890139712771,0.1091555919874911,E,sector,AU-022|AU-008|AU-010,247415600|210627000|215909000,True,1.4093760264595936,1.56524110028694,1.463233504190412,35.0,1.0698253596380392,LEVANTE,1.3,295.5,359.0,6.5,UNDERWAY_ENGINE,SLOW_MOTION,0.0,0.0,LOW,0,ITAUG,264.9528873522031,30.547112647796894,1,3.132197281203801,17.0,22.0,28.0,16.0,18.0,19.0,3.0,0.8636363636363636,0.9015867631412328,1.4632335041904119,<6h,1.0382137035962717,0.0,0.0,-0.9914448613738105,0.13052619222005127,1.4632335041904119,1.4093760264595936,7.7255166849966415,7.25235683047483,1.3055228437763309,0.9711388915741019,0.8230527952784519,3
AUGUSTA,AU-065,248333000,SILENDI,3,2026-04-12 18:51:12.500,2026-04-12 18:45:00,2026-04-12 18:44:37,0.1034722222222222,<6h,1.3,15.247305,37.201517,1.4864057241211608,1.981314913246241,0.6141027865933265,1.7238025529894254,0.3088505987763592,E,sector,AU-013|AU-020|AU-046,538002883|246651000|219031822,True,0.6173806795651938,0.8229418978427652,0.7159837817699889,23.0,2.260108655818169,LEVANTE,6.0,250.0,252.0,6.5,UNDERWAY_ENGINE,MOVING,0.0,0.0,LOW,0,ITAUG,248.72977662050116,1.2702233794988445,1,1.4864057241211608,19.0,24.0,28.0,17.0,19.0,19.0,4.0,0.7916666666666666,0.7640291420081843,0.7159837817699889,<6h,1.1597119985585536,0.0,0.0,-0.9807852804032304,0.1950903220161283,0.7159837817699889,0.6173806795651938,0.050207270353372024,0.0,0.24038509616722925,0.6152831010498907,0.5730390263783223,3
AUGUSTA,AU-066,210515000,SOLVIK,3,2026-04-13 05:25:39.500,2026-04-12 23:45:00,2026-04-12 23:44:27,5.677638888888889,<6h,5.6,15.381998,36.815547,44.43132336074875,58.13211979662258,3.399290214958988,53.9467687412754,3.250963231360721,SSE,sector,AU-057|AU-048|AU-032,255970000|210515000|271051219,False,4.284106309853127,5.605148854194557,5.201593715411466,33.0,4.1373233708856505,LEVANTE,5.7,32.4,43.0,,UNDERWAY_ENGINE,MOVING,0.0,0.0,LOW,0,,342.56110337371933,49.83889662628064,0,42.554958469131165,17.0,19.0,23.0,17.0,19.0,19.0,0.0,1.0,0.23524080204285908,5.201593715411466,<6h,1.2141607465361415,0.0,0.0,-0.0654031292301428,0.9978589232386035,5.201593715411466,4.284106309853127,3.7517829231853135,3.8335641102129063,4.995332659100291,5.321088039042489,5.3185320463907075,3
AUGUSTA,AU-066,210515000,SOLVIK,3,2026-04-13 05:25:39.500,2026-04-13 00:00:00,2026-04-12 23:59:39,5.427638888888889,<6h,5.4,15.400812,36.832538,43.18473776239467,54.71204348273248,1.190226504309517,51.66652718403458,2.881341894444964,SSE,sector,AU-048|AU-057|AU-032,210515000|255970000|271051219,False,4.3181283259733885,5.470766686938292,5.1662394192499175,21.0,2.9736413642347728,LEVANTE,5.4,48.2,45.0,,UNDERWAY_ENGINE,MOVING,0.0,0.0,LOW,0,,339.70047143375166,68.49952856624833,0,41.43326768749622,16.0,21.0,26.0,16.0,21.0,21.0,0.0,1.0,0.25764285321816544,5.1662394192499175,<6h,1.1964071072587563,0.0,0.0,0.0,1.0,5.1662394192499175,4.3181283259733885,4.309955197724621,4.388247941175754,5.0877982524589145,5.290153029561871,5.276287431659893,3
AUGUSTA,AU-066,210515000,SOLVIK,3,2026-04-13 05:25:39.500,2026-04-13 00:15:00,2026-04-13 00:14:51,5.177638888888889,<6h,5.4,15.420872,36.850192,42.02872183345844,53.42662779998332,1.1476792092427586,50.04308158809496,2.784815623240089,SSE,sector,AU-032|AU-048|AU-057,271051219|210515000|255970000,False,4.202535980467406,5.342235401166239,5.003907846181801,9.0,2.5604625802371985,LEVANTE,5.3,36.6,43.0,,UNDERWAY_ENGINE,MOVING,0.0,0.0,LOW,0,,336.50018858672314,60.09981141327688,0,40.422172313771306,17.0,20.0,24.0,17.0,20.0,20.0,0.0,1.0,0.2642136631067709,5.003907846181801,<6h,1.1906876870154164,0.0,0.0,0.06540312923014306,0.9978589232386035,5.003907846181801,4.202535980467406,3.383996810870487,3.448031351324482,4.888785038177989,5.116812230955597,5.113955858591776,3
AUGUSTA,AU-066,210515000,SOLVIK,3,2026-04-13 05:25:39.500,2026-04-13 03:15:00,2026-04-13 03:14:09,2.1776388888888887,<6h,6.2,15.420245,37.070332,21.83580515300534,26.83071670489506,2.483578441845858,27.708326881149773,1.126945489415469,SSE,sector,AU-048|AU-032|AU-039,210515000|271051219|538002630,False,1.9016760566610933,2.336681939742132,2.4131128406212787,51.0,3.958944833540632,LEVANTE,6.1,327.2,326.0,,UNDERWAY_ENGINE,MOVING,0.0,0.0,LOW,0,,310.09801345556843,17.101986544431554,0,21.644336040716418,15.0,17.0,20.0,15.0,17.0,17.0,0.0,1.0,0.4701577943470576,2.4131128406212787,<6h,1.2689400132944573,0.0,0.0,0.7518398074789774,0.6593458151000688,2.4131128406212787,1.9016760566610933,0.0014018179042878387,0.0072894291140470635,2.2457922156017864,2.3590614964987386,2.351189332168157,3
AUGUSTA,AU-066,210515000,SOLVIK,3,2026-04-13 05:25:39.500,2026-04-13 03:30:00,2026-04-13 03:29:20,1.927638888888889,<6h,6.2,15.400217,37.091168,18.99491693913053,24.76853305132349,3.2397310803998978,21.147675369240467,0.9364263852996078,SSE,sector,AU-048|AU-032|AU-057,210515000|271051219|255970000,False,1.6542636503806285,2.157086763335495,1.841746966595874,40.0,4.140076278777438,LEVANTE,6.2,318.5,325.0,4.0,UNDERWAY_ENGINE,MOVING,0.0,0.0,LOW,0,AUGUSTA IT,308.1906755037194,10.309324496280624,1,18.93415016006857,16.0,20.0,23.0,16.0,20.0,20.0,0.0,1.0,0.5164151901624073,1.8417469665958741,<6h,1.1133333952977251,0.0,0.0,0.7933533402912352,0.6087614290087207,1.8417469665958741,1.6542636503806285,0.0,0.0,1.8784958837779269,1.6184406931363733,1.632876724915634,3
AUGUSTA,AU-066,210515000,SOLVIK,3,2026-04-13 05:25:39.500,2026-04-13 03:45:00,2026-04-13 03:44:31,1.677638888888889,<6h,6.2,15.379685,37.111565,16.174903037069583,20.073274721205618,2.8963654680083217,17.75650958034251,1.2028381834847264,SSE,sector,AU-048|AU-032|AU-057,210515000|271051219|255970000,False,1.4086691838874783,1.748177621508188,1.5464109925052696,29.0,6.039469484251968,LEVANTE,6.1,317.0,324.0,4.0,UNDERWAY_ENGINE,MOVING,0.0,0.0,LOW,0,AUGUSTA IT,305.8501439808695,11.149856019130482,1,16.174903037069583,17.0,21.0,26.0,17.0,21.0,21.0,0.0,1.0,0.453959808531226,1.5464109925052696,<6h,1.0977815161950712,0.0,0.0,0.8314696123025451,0.5555702330196024,1.5464109925052696,1.4086691838874783,0.0,0.0,1.7486491804578501,1.3418346351461476,1.3381994456616255,3
AUGUSTA,AU-066,210515000,SOLVIK,3,2026-04-13 05:25:39.500,2026-04-13 04:00:00,2026-04-13 03:59:41,1.427638888888889,<6h,6.2,15.35931,37.133192,13.332180739269988,16.225333942263422,2.214666655991285,14.768298972104288,1.1893986822219749,SSE,sector,AU-048|AU-021|AU-057,210515000|255801270|255970000,False,1.1610970475919655,1.4130612016880986,1.2861683073315933,19.0,6.04474386284621,LEVANTE,6.7,328.5,329.0,4.0,UNDERWAY_ENGINE,MOVING,0.0,0.0,LOW,0,AUGUSTA IT,302.00353390240633,26.496466097593668,1,13.332180739269987,17.0,21.0,26.0,17.0,21.0,21.0,0.0,1.0,0.4567464154062252,1.2861683073315933,<6h,1.1077181791126045,0.0,0.0,0.8660254037844386,0.5000000000000001,1.2861683073315933,1.1610970475919657,0.0,0.0,1.6109697930727218,1.047104898767141,1.0839781357671732,3
AUGUSTA,AU-066,210515000,SOLVIK,3,2026-04-13 05:25:39.500,2026-04-13 04:15:00,2026-04-13 04:14:53,1.177638888888889,<6h,6.4,15.339308,37.155645,10.571540516541257,13.6716108229544,4.064451716838754,11.321507847949546,0.6052900789656589,E,sector,AU-048|AU-021|AU-038,210515000|255801270|309518000,False,0.8919023788928571,1.1534498871958017,0.9551758106058944,7.0,5.978081983906199,LEVANTE,6.1,322.7,329.0,4.0,UNDERWAY_ENGINE,MOVING,0.0,0.0,LOW,0,AUGUSTA IT,295.5940292101028,27.105970789897185,1,10.571540516541257,19.0,22.0,27.0,19.0,22.0,22.0,0.0,1.0,0.6229403726486199,0.9551758106058944,<6h,1.0709421044392553,0.0,0.0,0.8968727415326884,0.44228869021900125,0.9551758106058944,0.8919023788928571,0.5575342393948421,0.4625723004662955,0.9765005624631419,0.8393953463624502,0.8170313698089957,3
AUGUSTA,AU-066,210515000,SOLVIK,3,2026-04-13 05:25:39.500,2026-04-13 04:30:00,2026-04-13 04:29:03,0.9276388888888888,<6h,6.25,15.321355,37.17496,8.303742122870446,9.926460351644703,1.9385730804127717,8.54597713470587,0.3563439014587379,E,sector,AU-048|AU-038|AU-021,210515000|309518000|255801270,False,0.7173859285417231,0.8575775681766481,0.7383133593698377,57.0,5.5473908683677084,LEVANTE,6.2,323.1,329.0,4.0,UNDERWAY_ENGINE,MOVING,0.0,0.0,LOW,0,AUGUSTA IT,286.9253580710843,36.17464192891572,1,8.303742122870446,19.0,22.0,27.0,19.0,22.0,22.0,0.0,1.0,0.7372761428163663,0.7383133593698377,<6h,1.0291717888454475,0.0,0.0,0.9238795325112867,0.38268343236508984,0.7383133593698377,0.7173859285417231,1.7739499786197896,1.6986336364343613,0.8094231686694844,0.6199386522745977,0.5982889520780623,3
AUGUSTA,AU-066,210515000,SOLVIK,3,2026-04-13 05:25:39.500,2026-04-13 04:45:00,2026-04-13 04:44:15,0.6776388888888889,<6h,6.1,15.294403,37.18859,5.629214687383481,6.186010302883265,0.573805592773409,5.909526441308763,0.2052185564343513,E,sector,AU-048|AU-036|AU-038,210515000|256891000|309518000,False,0.4982840604205892,0.5475702211949213,0.5230965585551078,45.0,5.452390943731718,LEVANTE,6.6,280.1,290.0,4.0,UNDERWAY_ENGINE,MOVING,0.0,0.0,LOW,0,AUGUSTA IT,279.199165113996,0.9008348860040201,1,5.629214687383481,19.0,21.0,26.0,19.0,21.0,21.0,0.0,1.0,0.8297250275987352,0.5230965585551078,<6h,1.0497958897452486,0.0,0.0,0.9469301294951056,0.3214394653031617,0.5230965585551078,0.49828406042058926,0.0,0.0,0.2815502813887437,0.3810795884672612,0.37978367303679017,3
AUGUSTA,AU-066,210515000,SOLVIK,3,2026-04-13 05:25:39.500,2026-04-13 05:00:00,2026-04-13 04:59:49,0.4276388888888889,<6h,6.5,15.261888,37.19625,2.6772362795266664,2.733970084411381,0.0551392951083017,2.7002775473218046,0.0169778203871444,E,sector,AU-017|AU-054|AU-005,229370000|311000232|636021733,False,0.2223987605521404,0.227111653464976,0.2243128050607912,11.0,5.9247304416406745,LEVANTE,3.2,289.4,285.0,4.0,UNDERWAY_ENGINE,MOVING,0.0,0.0,LOW,0,AUGUSTA IT,271.0007246356057,18.39927536439427,1,2.6772362795266664,19.0,24.0,28.0,19.0,22.0,22.0,2.0,0.9166666666666666,0.9833056139015094,0.2243128050607912,<6h,1.0086063632004911,0.0,0.0,0.9659258262890683,0.25881904510252074,0.2243128050607912,0.22239876055214042,0.0,0.0,0.1965045547826798,0.11879918525660303,0.12395021363241232,3
AUGUSTA,AU-066,210515000,SOLVIK,3,2026-04-13 05:25:39.500,2026-04-13 05:15:00,2026-04-13 05:14:00,0.1776388888888889,<6h,3.2,15.25683,37.198013,2.2338223116290945,2.4760101660588907,0.2469940990559935,2.2993317891653287,0.0837595192399705,E,sector,AU-014|AU-010|AU-032,247408700|215909000|271051219,False,0.3769273608985378,0.417793292059073,0.3879812009255751,60.0,3.697543288114837,LEVANTE,5.1,284.6,285.0,4.0,UNDERWAY_ENGINE,MOVING,0.0,0.0,LOW,0,AUGUSTA IT,266.1648946413778,18.435105358622195,1,2.2338223116290945,20.0,25.0,30.0,18.0,21.0,21.0,4.0,0.84,0.9227139252269635,0.38798120092557514,<6h,1.0293261810463603,0.0,0.0,0.9807852804032304,0.19509032201612833,0.38798120092557514,0.3769273608985378,0.0,0.0,0.20812981280098558,0.22201758122092993,0.23658717089067086,3
AUGUSTA,AU-067,636021231,MSC LILA F,3,2026-04-13 06:55:50.000,2026-04-13 03:15:00,2026-04-13 03:14:09,3.6805555555555554,<6h,5.5,15.499118,36.997722,32.43494670851355,35.41026016328132,2.2367558106043752,36.753189178261145,1.9605783196659925,SSE,sector,AU-039|AU-038|AU-021,538002630|309518000|255801270,True,3.184267299088312,3.476365615872896,3.6082062809995232,51.0,3.2172461585350964,LEVANTE,5.5,332.8,333.0,,UNDERWAY_ENGINE,MOVING,0.0,0.0,LOW,0,,313.0831719672593,19.716828032740693,0,32.02143159094585,15.0,17.0,21.0,15.0,17.0,17.0,0.0,1.0,0.33777184456070003,3.6082062809995232,<6h,1.1331354883531886,0.0,0.0,0.7518398074789774,0.6593458151000688,3.6082062809995232,3.184267299088312,1.1946233435460325,1.2194067033340943,3.499387108196934,3.5963736043799184,3.576817373016259,3
AUGUSTA,AU-067,636021231,MSC LILA F,3,2026-04-13 06:55:50.000,2026-04-13 03:45:00,2026-04-13 03:44:31,3.180555555555556,<6h,5.5,15.466723,37.035643,27.4769394005071,29.63228562433774,0.1492881420999483,30.30851171587083,1.3130379277082052,SSE,sector,AU-039|AU-017|AU-048,538002630|229370000|210515000,True,2.6975200668080794,2.9091189499644354,2.975506746109447,29.0,5.289569264077173,LEVANTE,5.6,321.1,324.0,,UNDERWAY_ENGINE,MOVING,0.0,0.0,LOW,0,,310.7361127231803,10.363887276819696,0,27.210651268754695,17.0,21.0,26.0,17.0,21.0,21.0,0.0,1.0,0.43233186452364664,2.975506746109447,<6h,1.1030526826183367,0.0,0.0,0.8314696123025451,0.5555702330196024,2.975506746109447,2.6975200668080794,0.0,0.0,2.9928418805755825,2.938035905838031,2.9232898556653018,3
AUGUSTA,AU-067,636021231,MSC LILA F,3,2026-04-13 06:55:50.000,2026-04-13 04:00:00,2026-04-13 03:59:41,2.930555555555556,<6h,5.7,15.447968,37.05456,24.84824298088897,27.78751920809154,0.88259905274087,28.52838052277367,1.261906221516944,SSE,sector,AU-048|AU-039|AU-032,210515000|538002630|271051219,True,2.3538557634126187,2.6322912364150217,2.702472483306209,19.0,6.963513397691993,LEVANTE,5.7,320.3,324.0,,UNDERWAY_ENGINE,MOVING,0.0,0.0,LOW,0,,309.55366405342886,10.74633594657115,0,24.660986049811864,17.0,22.0,26.0,17.0,21.0,21.0,1.0,0.9545454545454546,0.44210497786656755,2.702472483306209,<6h,1.148104537802336,0.0,0.0,0.8660254037844386,0.5000000000000001,2.702472483306209,2.3538557634126187,0.0,0.0,2.7559957684022014,2.694284701619592,2.681280144300051,3
AUGUSTA,AU-067,636021231,MSC LILA F,3,2026-04-13 06:55:50.000,2026-04-13 04:15:00,2026-04-13 04:14:53,2.680555555555556,<6h,5.7,15.428522,37.073418,22.188672762433143,25.984552576078656,1.6749899982959422,26.838557760391552,0.8794909976531723,SSE,sector,AU-032|AU-048|AU-039,271051219|210515000|538002630,True,2.101916634689206,2.4614975347730907,2.5423968171338287,7.0,5.641914368264241,LEVANTE,5.5,315.4,318.0,8.4,UNDERWAY_ENGINE,MOVING,0.0,0.0,LOW,0,ITAUG,308.20347704011016,7.196522959889819,1,22.09367863393071,19.0,23.0,27.0,19.0,22.0,22.0,1.0,0.9565217391304348,0.5320589464108372,2.5423968171338287,<6h,1.2095612048428135,0.0,0.0,0.8968727415326884,0.44228869021900125,2.5423968171338287,2.1019166346892066,0.0,0.0,2.433926013108117,2.618280505877321,2.574694258787957,3
AUGUSTA,AU-067,636021231,MSC LILA F,3,2026-04-13 06:55:50.000,2026-04-13 04:30:00,2026-04-13 04:29:03,2.430555555555556,<6h,5.7,15.409542,37.090088,19.72363080246701,24.476874087357245,2.5220236623242798,22.35144084203371,1.2763966045628905,SSE,sector,AU-048|AU-032|AU-039,210515000|271051219|538002630,True,1.868405024673848,2.318676261543447,2.117335535034075,57.0,5.653489874528699,LEVANTE,5.8,316.4,318.0,8.4,UNDERWAY_ENGINE,MOVING,0.0,0.0,LOW,0,ITAUG,306.9847495291565,9.415250470843489,1,19.71755572424986,19.0,23.0,27.0,19.0,22.0,22.0,1.0,0.9565217391304348,0.4392907624249502,2.117335535034075,<6h,1.1332315569016844,0.0,0.0,0.9238795325112867,0.38268343236508984,2.117335535034075,1.868405024673848,0.0,0.0,2.2110745816751756,2.1758903489575587,2.163605433036077,3
AUGUSTA,AU-067,636021231,MSC LILA F,3,2026-04-13 06:55:50.000,2026-04-13 04:45:00,2026-04-13 04:44:15,2.180555555555556,<6h,5.8,15.388365,37.107433,17.06805895482141,20.77431848071181,2.71941228054495,18.985449484986155,1.1196177525402142,SSE,sector,AU-048|AU-032|AU-057,210515000|271051219|255970000,True,1.5889680266274493,1.9340059656579849,1.7674694165660751,45.0,5.649078858025759,LEVANTE,5.7,315.7,319.0,8.4,UNDERWAY_ENGINE,MOVING,0.0,0.0,LOW,0,ITAUG,305.59213108470675,10.107868915293238,1,17.06805895482141,19.0,22.0,26.0,19.0,21.0,21.0,1.0,0.9545454545454546,0.47178317826484034,1.7674694165660751,<6h,1.1123379369171396,0.0,0.0,0.9469301294951056,0.3214394653031617,1.7674694165660751,1.5889680266274493,0.0,0.0,1.934926356977349,1.7737392564251446,1.7671858777452332,3
AUGUSTA,AU-067,636021231,MSC LILA F,3,2026-04-13 06:55:50.000,2026-04-13 05:00:00,2026-04-13 04:59:49,1.930555555555556,<6h,5.7,15.367587,37.123628,14.527134413928774,18.105997997473715,2.6241983016501464,16.06579473823353,1.392540813954006,SSE,sector,AU-048|AU-057|AU-021,210515000|255970000|255801270,True,1.376144747634494,1.715167860016077,1.5219009073390104,11.0,5.471928973373534,LEVANTE,5.5,311.4,320.0,8.4,UNDERWAY_ENGINE,MOVING,0.0,0.0,LOW,0,ITAUG,304.03184798083123,7.368152019168747,1,14.527134413928774,20.0,24.0,28.0,19.0,22.0,22.0,2.0,0.9166666666666666,0.4179657016372319,1.5219009073390104,<6h,1.1059162998333294,0.0,0.0,0.9659258262890683,0.25881904510252074,1.5219009073390104,1.376144747634494,0.0,0.0,1.7263390256617206,1.5160683914955666,1.514834976856009,3
AUGUSTA,AU-067,636021231,MSC LILA F,3,2026-04-13 06:55:50.000,2026-04-13 05:15:00,2026-04-13 05:14:00,1.6805555555555556,<6h,5.5,15.347107,37.13912,12.06552123322046,15.086617024274856,2.3361191510347457,13.824362246888334,1.1802585282966591,SSE,sector,AU-048|AU-057|AU-021,210515000|255970000|255801270,True,1.184520050384887,1.4811130006160271,1.3571924452079651,60.0,5.447706105524021,LEVANTE,5.7,312.0,319.0,8.4,UNDERWAY_ENGINE,MOVING,0.0,0.0,LOW,0,ITAUG,302.06372273964973,9.936277260350266,1,12.06552123322046,21.0,25.0,30.0,18.0,21.0,21.0,4.0,0.84,0.4586612032570543,1.3571924452079651,<6h,1.1457741426723604,0.0,0.0,0.9807852804032304,0.19509032201612833,1.3571924452079651,1.184520050384887,0.0,0.0,1.5111962724379002,1.392729584727844,1.38257393176162,3
AUGUSTA,AU-067,636021231,MSC LILA F,3,2026-04-13 06:55:50.000,2026-04-13 05:30:00,2026-04-13 05:29:12,1.4305555555555556,<6h,5.6,15.330438,37.157597,9.769888870047074,12.67674184211889,3.858118174119999,11.12989343484078,0.850992742411191,E,sector,AU-021|AU-048|AU-038,255801270|210515000|309518000,True,0.9420210650693338,1.22230232201856,1.0731538717641913,48.0,5.245232869916081,LEVANTE,5.3,348.6,351.0,8.4,UNDERWAY_ENGINE,MOVING,0.0,0.0,LOW,0,ITAUG,296.43191938782735,52.16808061217267,1,9.769888870047074,21.0,25.0,30.0,14.0,16.0,16.0,8.0,0.64,0.54025063258614,1.0731538717641913,<6h,1.139203688279737,0.0,0.0,0.9914448613738104,0.1305261922200517,1.0731538717641913,0.9420210650693338,2.88130493430692,2.8024044303755904,1.2262295533838634,1.1127275910153813,1.1055630210249674,3
AUGUSTA,AU-067,636021231,MSC LILA F,3,2026-04-13 06:55:50.000,2026-04-13 05:45:00,2026-04-13 05:44:23,1.1805555555555556,<6h,5.3,15.324822,37.178317,8.50066145051499,9.85100572398444,1.5611438638186703,8.934382469942799,0.4681861914282175,E,sector,AU-038|AU-048|AU-039,309518000|210515000|538002630,True,0.866035846052711,1.003607087084278,0.9102227545888992,37.0,3.801170079503587,LEVANTE,5.9,349.1,352.0,8.4,UNDERWAY_ENGINE,MOVING,0.0,0.0,LOW,0,ITAUG,283.9163134351845,65.1836865648155,1,8.50066145051499,21.0,26.0,32.0,14.0,18.0,23.0,3.0,0.8846153846153846,0.681112522266146,0.9102227545888991,<6h,1.0510220318680652,0.0,0.0,0.9978589232386035,0.06540312923014327,0.9102227545888991,0.866035846052711,2.0043398374946264,1.9478732233544704,1.1513178062229978,0.9285246497139517,0.9186348227047484,3
AUGUSTA,AU-067,636021231,MSC LILA F,3,2026-04-13 06:55:50.000,2026-04-13 06:00:00,2026-04-13 05:59:35,0.9305555555555556,<6h,4.699999999999999,15.313453,37.189135,7.29276054155434,7.675820706322335,0.3857019386411757,7.34019796979995,0.0452561288696811,E,sector,AU-032|AU-036|AU-034,271051219|256891000|247131100,True,0.8378246107203646,0.8818322579755452,0.8432744324479517,25.0,2.6413342064778944,LEVANTE,1.8,297.3,319.0,8.4,UNDERWAY_ENGINE,SLOW_MOTION,0.0,0.0,LOW,0,ITAUG,276.6189859363907,20.681014063609325,1,7.29276054155434,22.0,24.0,29.0,19.0,20.0,22.0,2.0,0.9166666666666666,0.95670331163844,0.8432744324479517,<6h,1.006504728624409,0.0,0.0,1.0,6.123233995736766e-17,0.8432744324479517,0.8378246107203646,3.621167386813802,3.2263356335118742,0.9181504359127834,0.8616947921775074,0.8594998254963082,3
AUGUSTA,AU-067,636021231,MSC LILA F,3,2026-04-13 06:55:50.000,2026-04-13 06:15:00,2026-04-13 06:14:47,0.6805555555555556,<6h,1.9,15.305323,37.192472,6.540877414487577,6.614194975316331,0.0701962600090268,6.585394757493568,0.0313439518330313,E,sector,AU-033|AU-047|AU-051,215054000|314001155|249689000,True,1.8588375055381317,1.879673461213008,1.871488790921214,13.0,2.088550112283392,LEVANTE,2.2,267.6,289.0,8.4,UNDERWAY_ENGINE,SLOW_MOTION,0.0,0.0,LOW,0,ITAUG,274.11146331587736,6.511463315877336,1,6.540877414487577,24.0,29.0,33.0,17.0,19.0,21.0,8.0,0.7241379310344828,0.9696086336887678,1.8714887909212141,<6h,1.0068060200772742,0.0,0.0,0.9978589232386035,-0.06540312923014314,1.8714887909212141,1.8588375055381314,2.911658201043112,2.6274563889321723,1.559835007908681,1.8190994208293116,1.779187742517395,3
AUGUSTA,AU-067,636021231,MSC LILA F,3,2026-04-13 06:55:50.000,2026-04-13 06:30:00,2026-04-13 06:29:59,0.4305555555555556,<6h,2.05,15.29219,37.194053,5.368765651256678,5.387867182275082,0.0170797526822857,5.389342158083822,0.011115877341082,E,sector,AU-034|AU-051|AU-056,247131100|249689000|256251000,True,1.4140983119782642,1.4191295322854875,1.419518031418591,1.0,2.050409468743956,LEVANTE,5.7,271.1,277.0,8.4,UNDERWAY_ENGINE,MOVING,0.0,0.0,LOW,0,ITAUG,273.12139758803414,2.0213975880341195,1,5.368765651256678,23.0,28.0,32.0,20.0,22.0,24.0,4.0,0.8571428571428571,0.9890063269797392,1.419518031418591,<6h,1.00383263270624,0.0,0.0,0.9914448613738104,-0.1305261922200516,1.419518031418591,1.4140983119782642,0.0,0.0,0.8966255221483648,1.3856461591697038,1.3169714511251804,3
AUGUSTA,AU-067,636021231,MSC LILA F,3,2026-04-13 06:55:50.000,2026-04-13 06:45:00,2026-04-13 06:44:11,0.1805555555555555,<6h,4.0,15.26572,37.195478,3.019162295158308,3.0471454570032823,0.0260133999125406,3.052717197076954,0.0306009299463753,E,sector,AU-030|AU-009|AU-007,247381300|563205300|247355500,True,0.4075543055019314,0.4113317301570305,0.412083854896997,49.0,3.8807633439076,LEVANTE,7.3,268.5,263.0,8.4,UNDERWAY_ENGINE,MOVING,0.0,0.0,LOW,0,ITAUG,272.5194087448516,4.019408744851603,1,3.0191622951583077,23.0,29.0,33.0,19.0,22.0,23.0,6.0,0.7931034482758621,0.9703076825789713,0.41208385489699706,<6h,1.0111139775335882,0.0,0.0,0.9807852804032304,-0.1950903220161282,0.41208385489699706,0.40755430550193145,0.0,0.0,0.1334093728861333,0.35869263788585753,0.3804638451221692,3
